01_1f_Hihokensha.csv,,,,,,,,,,,,,,,,,,,,,,,,,,,,,,,,,,,,,,,,,,,,,,,,,,,,
1,1,20,447902.500576136000000,38156.632291985000000,0.000000000000000,0.000000000000000,0.000000000000000,0.000000000000000,0.000000000000000,0.000000000000000,0.000000000000000,0.000000000000000,0.000000000000000,0.000000000000000,0.000000000000000,0.000000000000000,0.000000000000000,0.000000000000000,0.000000000000000,0.000000000000000,0.000000000000000,0.000000000000000,0.000000000000000,0.000000000000000,0.000000000000000,0.000000000000000,0.000000000000000,0.000000000000000,0.000000000000000,0.000000000000000,0.000000000000000,0.000000000000000,0.000000000000000,0.000000000000000,0.000000000000000,0.000000000000000,0.000000000000000,0.000000000000000,0.000000000000000,0.000000000000000,0.000000000000000,0.000000000000000,0.000000000000000,0.000000000000000,0.000000000000000,0.000000000000000,0.000000000000000,0.000000000000000,0.000000000000000,0.000000000000000,0.000000000000000,0.000000000000000
1,1,21,13768.314886349100000,367851.033278309000000,32031.654853865100000,0.000000000000000,0.000000000000000,0.000000000000000,0.000000000000000,0.000000000000000,0.000000000000000,0.000000000000000,0.000000000000000,0.000000000000000,0.000000000000000,0.000000000000000,0.000000000000000,0.000000000000000,0.000000000000000,0.000000000000000,0.000000000000000,0.000000000000000,0.000000000000000,0.000000000000000,0.000000000000000,0.000000000000000,0.000000000000000,0.000000000000000,0.000000000000000,0.000000000000000,0.000000000000000,0.000000000000000,0.000000000000000,0.000000000000000,0.000000000000000,0.000000000000000,0.000000000000000,0.000000000000000,0.000000000000000,0.000000000000000,0.000000000000000,0.000000000000000,0.000000000000000,0.000000000000000,0.000000000000000,0.000000000000000,0.000000000000000,0.000000000000000,0.000000000000000,0.000000000000000,0.000000000000000,0.000000000000000
1,1,22,10546.958958090700000,16130.851967778700000,318293.669089589000000,27653.433344073000000,0.000000000000000,0.000000000000000,0.000000000000000,0.000000000000000,0.000000000000000,0.000000000000000,0.000000000000000,0.000000000000000,0.000000000000000,0.000000000000000,0.000000000000000,0.000000000000000,0.000000000000000,0.000000000000000,0.000000000000000,0.000000000000000,0.000000000000000,0.000000000000000,0.000000000000000,0.000000000000000,0.000000000000000,0.000000000000000,0.000000000000000,0.000000000000000,0.000000000000000,0.000000000000000,0.000000000000000,0.000000000000000,0.000000000000000,0.000000000000000,0.000000000000000,0.000000000000000,0.000000000000000,0.000000000000000,0.000000000000000,0.000000000000000,0.000000000000000,0.000000000000000,0.000000000000000,0.000000000000000,0.000000000000000,0.000000000000000,0.000000000000000,0.000000000000000,0.000000000000000,0.000000000000000
1,1,23,8292.125529752910000,12645.778764016500000,19684.088140900800000,132363.634394697000000,10483.511264219700000,0.000000000000000,0.000000000000000,0.000000000000000,0.000000000000000,0.000000000000000,0.000000000000000,0.000000000000000,0.000000000000000,0.000000000000000,0.000000000000000,0.000000000000000,0.000000000000000,0.000000000000000,0.000000000000000,0.000000000000000,0.000000000000000,0.000000000000000,0.000000000000000,0.000000000000000,0.000000000000000,0.000000000000000,0.000000000000000,0.000000000000000,0.000000000000000,0.000000000000000,0.000000000000000,0.000000000000000,0.000000000000000,0.000000000000000,0.000000000000000,0.000000000000000,0.000000000000000,0.000000000000000,0.000000000000000,0.000000000000000,0.000000000000000,0.000000000000000,0.000000000000000,0.000000000000000,0.000000000000000,0.000000000000000,0.000000000000000,0.000000000000000,0.000000000000000,0.000000000000000
1,1,24,7125.829397241600000,10717.944988706100000,16057.312457540500000,20397.481130727200000,91557.171368334200000,6510.709509529360000,0.000000000000000,0.000000000000000,0.000000000000000,0.000000000000000,0.000000000000000,0.000000000000000,0.000000000000000,0.000000000000000,0.000000000000000,0.000000000000000,0.000000000000000,0.000000000000000,0.000000000000000,0.000000000000000,0.000000000000000,0.000000000000000,0.000000000000000,0.000000000000000,0.000000000000000,0.000000000000000,0.000000000000000,0.000000000000000,0.000000000000000,0.000000000000000,0.000000000000000,0.000000000000000,0.000000000000000,0.000000000000000,0.000000000000000,0.000000000000000,0.000000000000000,0.000000000000000,0.000000000000000,0.000000000000000,0.000000000000000,0.000000000000000,0.000000000000000,0.000000000000000,0.000000000000000,0.000000000000000,0.000000000000000,0.000000000000000,0.000000000000000,0.000000000000000
1,1,25,5749.502499425050000,8502.321611405560000,13851.780896607200000,17337.019416716900000,16600.050049446300000,63000.167269169300000,4748.815856650720000,0.000000000000000,0.000000000000000,0.000000000000000,0.000000000000000,0.000000000000000,0.000000000000000,0.000000000000000,0.000000000000000,0.000000000000000,0.000000000000000,0.000000000000000,0.000000000000000,0.000000000000000,0.000000000000000,0.000000000000000,0.000000000000000,0.000000000000000,0.000000000000000,0.000000000000000,0.000000000000000,0.000000000000000,0.000000000000000,0.000000000000000,0.000000000000000,0.000000000000000,0.000000000000000,0.000000000000000,0.000000000000000,0.000000000000000,0.000000000000000,0.000000000000000,0.000000000000000,0.000000000000000,0.000000000000000,0.000000000000000,0.000000000000000,0.000000000000000,0.000000000000000,0.000000000000000,0.000000000000000,0.000000000000000,0.000000000000000,0.000000000000000
1,1,26,4807.382958685470000,7150.067040075340000,11245.379539713600000,14643.593988508100000,13277.028274364100000,13891.321580339300000,50965.950331808000000,3728.772162878880000,0.000000000000000,0.000000000000000,0.000000000000000,0.000000000000000,0.000000000000000,0.000000000000000,0.000000000000000,0.000000000000000,0.000000000000000,0.000000000000000,0.000000000000000,0.000000000000000,0.000000000000000,0.000000000000000,0.000000000000000,0.000000000000000,0.000000000000000,0.000000000000000,0.000000000000000,0.000000000000000,0.000000000000000,0.000000000000000,0.000000000000000,0.000000000000000,0.000000000000000,0.000000000000000,0.000000000000000,0.000000000000000,0.000000000000000,0.000000000000000,0.000000000000000,0.000000000000000,0.000000000000000,0.000000000000000,0.000000000000000,0.000000000000000,0.000000000000000,0.000000000000000,0.000000000000000,0.000000000000000,0.000000000000000,0.000000000000000
1,1,27,3865.594050640700000,5920.157897345660000,9679.205509326340000,12231.920356021500000,12256.488631550000000,11514.803988790600000,12188.325662190200000,47118.886750427900000,3470.266111906150000,0.000000000000000,0.000000000000000,0.000000000000000,0.000000000000000,0.000000000000000,0.000000000000000,0.000000000000000,0.000000000000000,0.000000000000000,0.000000000000000,0.000000000000000,0.000000000000000,0.000000000000000,0.000000000000000,0.000000000000000,0.000000000000000,0.000000000000000,0.000000000000000,0.000000000000000,0.000000000000000,0.000000000000000,0.000000000000000,0.000000000000000,0.000000000000000,0.000000000000000,0.000000000000000,0.000000000000000,0.000000000000000,0.000000000000000,0.000000000000000,0.000000000000000,0.000000000000000,0.000000000000000,0.000000000000000,0.000000000000000,0.000000000000000,0.000000000000000,0.000000000000000,0.000000000000000,0.000000000000000,0.000000000000000
1,1,28,3104.056407841580000,5061.173734169370000,7453.159682963750000,9528.899060487670000,9921.495519902230000,9908.428009281690000,9942.757468482700000,10851.043499063500000,41359.788383677800000,3016.536387484270000,0.000000000000000,0.000000000000000,0.000000000000000,0.000000000000000,0.000000000000000,0.000000000000000,0.000000000000000,0.000000000000000,0.000000000000000,0.000000000000000,0.000000000000000,0.000000000000000,0.000000000000000,0.000000000000000,0.000000000000000,0.000000000000000,0.000000000000000,0.000000000000000,0.000000000000000,0.000000000000000,0.000000000000000,0.000000000000000,0.000000000000000,0.000000000000000,0.000000000000000,0.000000000000000,0.000000000000000,0.000000000000000,0.000000000000000,0.000000000000000,0.000000000000000,0.000000000000000,0.000000000000000,0.000000000000000,0.000000000000000,0.000000000000000,0.000000000000000,0.000000000000000,0.000000000000000,0.000000000000000
1,1,29,2786.817938486700000,4046.010632233760000,6271.725825901540000,8484.287091187270000,8566.926519708360000,8454.342274780290000,8630.704846274140000,8582.229560606660000,9688.801376651390000,39003.785057558400000,3011.325162953230000,0.000000000000000,0.000000000000000,0.000000000000000,0.000000000000000,0.000000000000000,0.000000000000000,0.000000000000000,0.000000000000000,0.000000000000000,0.000000000000000,0.000000000000000,0.000000000000000,0.000000000000000,0.000000000000000,0.000000000000000,0.000000000000000,0.000000000000000,0.000000000000000,0.000000000000000,0.000000000000000,0.000000000000000,0.000000000000000,0.000000000000000,0.000000000000000,0.000000000000000,0.000000000000000,0.000000000000000,0.000000000000000,0.000000000000000,0.000000000000000,0.000000000000000,0.000000000000000,0.000000000000000,0.000000000000000,0.000000000000000,0.000000000000000,0.000000000000000,0.000000000000000,0.000000000000000
1,1,30,2547.668938511490000,3655.893918030260000,5227.775121990770000,7087.445927941390000,7400.465070849650000,7724.071979167390000,7596.184693341020000,7712.822948368300000,8142.149713609040000,9166.743366522300000,38149.020220828800000,2772.341479325420000,0.000000000000000,0.000000000000000,0.000000000000000,0.000000000000000,0.000000000000000,0.000000000000000,0.000000000000000,0.000000000000000,0.000000000000000,0.000000000000000,0.000000000000000,0.000000000000000,0.000000000000000,0.000000000000000,0.000000000000000,0.000000000000000,0.000000000000000,0.000000000000000,0.000000000000000,0.000000000000000,0.000000000000000,0.000000000000000,0.000000000000000,0.000000000000000,0.000000000000000,0.000000000000000,0.000000000000000,0.000000000000000,0.000000000000000,0.000000000000000,0.000000000000000,0.000000000000000,0.000000000000000,0.000000000000000,0.000000000000000,0.000000000000000,0.000000000000000,0.000000000000000
1,1,31,2328.372938575990000,2986.922203772090000,4558.803407732600000,6355.853101549260000,6575.645050526970000,6429.392611787500000,7201.022070953880000,6922.332387246620000,7201.187387301290000,7458.536223842190000,8029.400152333560000,36284.799455736700000,2923.805142595920000,0.000000000000000,0.000000000000000,0.000000000000000,0.000000000000000,0.000000000000000,0.000000000000000,0.000000000000000,0.000000000000000,0.000000000000000,0.000000000000000,0.000000000000000,0.000000000000000,0.000000000000000,0.000000000000000,0.000000000000000,0.000000000000000,0.000000000000000,0.000000000000000,0.000000000000000,0.000000000000000,0.000000000000000,0.000000000000000,0.000000000000000,0.000000000000000,0.000000000000000,0.000000000000000,0.000000000000000,0.000000000000000,0.000000000000000,0.000000000000000,0.000000000000000,0.000000000000000,0.000000000000000,0.000000000000000,0.000000000000000,0.000000000000000,0.000000000000000
1,1,32,2127.938040595800000,2850.430948705080000,4119.384826124600000,5369.312285241410000,5574.627775057830000,6083.201224110060000,5906.673336268800000,6805.528815871940000,6639.588693440150000,6878.241744373160000,7107.960193370720000,8068.114254328590000,36225.571088312400000,2869.953316050000000,0.000000000000000,0.000000000000000,0.000000000000000,0.000000000000000,0.000000000000000,0.000000000000000,0.000000000000000,0.000000000000000,0.000000000000000,0.000000000000000,0.000000000000000,0.000000000000000,0.000000000000000,0.000000000000000,0.000000000000000,0.000000000000000,0.000000000000000,0.000000000000000,0.000000000000000,0.000000000000000,0.000000000000000,0.000000000000000,0.000000000000000,0.000000000000000,0.000000000000000,0.000000000000000,0.000000000000000,0.000000000000000,0.000000000000000,0.000000000000000,0.000000000000000,0.000000000000000,0.000000000000000,0.000000000000000,0.000000000000000,0.000000000000000
1,1,33,1918.072591637960000,2733.131428288190000,3933.757020000500000,5227.940438338170000,5486.446489310900000,5764.805540323350000,6141.107060755190000,6130.849928040520000,6434.603836318540000,6307.543132229190000,6741.089223916540000,7205.406713747900000,8449.131050249250000,36213.078425319900000,2733.627377330400000,0.000000000000000,0.000000000000000,0.000000000000000,0.000000000000000,0.000000000000000,0.000000000000000,0.000000000000000,0.000000000000000,0.000000000000000,0.000000000000000,0.000000000000000,0.000000000000000,0.000000000000000,0.000000000000000,0.000000000000000,0.000000000000000,0.000000000000000,0.000000000000000,0.000000000000000,0.000000000000000,0.000000000000000,0.000000000000000,0.000000000000000,0.000000000000000,0.000000000000000,0.000000000000000,0.000000000000000,0.000000000000000,0.000000000000000,0.000000000000000,0.000000000000000,0.000000000000000,0.000000000000000,0.000000000000000,0.000000000000000
1,1,34,1849.744305930750000,2987.087520119490000,3958.159979181640000,5262.269897539180000,5174.584560834460000,5525.821856695540000,5926.856969003330000,5702.680377231610000,6614.689785216800000,6224.903703708100000,6374.879519851970000,6545.534917772570000,6745.804499405360000,8151.580264586690000,34975.974261890300000,2821.478030382520000,0.000000000000000,0.000000000000000,0.000000000000000,0.000000000000000,0.000000000000000,0.000000000000000,0.000000000000000,0.000000000000000,0.000000000000000,0.000000000000000,0.000000000000000,0.000000000000000,0.000000000000000,0.000000000000000,0.000000000000000,0.000000000000000,0.000000000000000,0.000000000000000,0.000000000000000,0.000000000000000,0.000000000000000,0.000000000000000,0.000000000000000,0.000000000000000,0.000000000000000,0.000000000000000,0.000000000000000,0.000000000000000,0.000000000000000,0.000000000000000,0.000000000000000,0.000000000000000,0.000000000000000,0.000000000000000
1,1,35,1591.238254958030000,2630.638999727380000,3885.281734333010000,4729.458805653210000,4700.671203678050000,5027.670856705390000,5452.943611846910000,5628.644917951160000,6507.482081167170000,5716.330254655870000,6009.661713871820000,6429.888560829710000,6667.880346373100000,6990.495356606420000,8230.000366661160000,35118.007374183200000,2738.012020124410000,0.000000000000000,0.000000000000000,0.000000000000000,0.000000000000000,0.000000000000000,0.000000000000000,0.000000000000000,0.000000000000000,0.000000000000000,0.000000000000000,0.000000000000000,0.000000000000000,0.000000000000000,0.000000000000000,0.000000000000000,0.000000000000000,0.000000000000000,0.000000000000000,0.000000000000000,0.000000000000000,0.000000000000000,0.000000000000000,0.000000000000000,0.000000000000000,0.000000000000000,0.000000000000000,0.000000000000000,0.000000000000000,0.000000000000000,0.000000000000000,0.000000000000000,0.000000000000000,0.000000000000000
1,1,36,1464.342867216070000,2469.579469131820000,3406.818418035180000,4681.479469027940000,4944.535479142090000,5052.404448581340000,4749.973071082550000,5076.807407762480000,6380.090744383000000,5809.557448586430000,5897.408101638550000,5961.186428204340000,6121.750009757680000,6819.839958685820000,7009.521774909130000,8249.026784963870000,33175.201190669300000,2572.071897692630000,0.000000000000000,0.000000000000000,0.000000000000000,0.000000000000000,0.000000000000000,0.000000000000000,0.000000000000000,0.000000000000000,0.000000000000000,0.000000000000000,0.000000000000000,0.000000000000000,0.000000000000000,0.000000000000000,0.000000000000000,0.000000000000000,0.000000000000000,0.000000000000000,0.000000000000000,0.000000000000000,0.000000000000000,0.000000000000000,0.000000000000000,0.000000000000000,0.000000000000000,0.000000000000000,0.000000000000000,0.000000000000000,0.000000000000000,0.000000000000000,0.000000000000000,0.000000000000000
1,1,37,1229.909142729680000,2123.057448759570000,2991.802795608320000,4373.836866998120000,4428.019326238850000,4959.342570998180000,5022.459632174350000,5096.991040497010000,5653.047877132300000,5555.436040407720000,5429.036601707980000,5755.540305693110000,5848.436866928860000,6132.007142472350000,6682.191489186980000,7053.612417782590000,8167.048621832400000,34484.191700863100000,2543.118979370070000,0.000000000000000,0.000000000000000,0.000000000000000,0.000000000000000,0.000000000000000,0.000000000000000,0.000000000000000,0.000000000000000,0.000000000000000,0.000000000000000,0.000000000000000,0.000000000000000,0.000000000000000,0.000000000000000,0.000000000000000,0.000000000000000,0.000000000000000,0.000000000000000,0.000000000000000,0.000000000000000,0.000000000000000,0.000000000000000,0.000000000000000,0.000000000000000,0.000000000000000,0.000000000000000,0.000000000000000,0.000000000000000,0.000000000000000,0.000000000000000,0.000000000000000
1,1,38,1273.834469255740000,1942.475550819100000,2743.223244655450000,3841.852356849170000,4364.075683325660000,4695.955928189220000,4950.077336367930000,5107.082856864280000,5169.373336303430000,5043.139213951090000,5282.288213926310000,5698.956999827210000,5770.347397549200000,6009.661713871820000,6223.250540234060000,6541.811540368170000,6990.164723911620000,7755.921693157340000,33748.048915329500000,2538.073071186430000,0.000000000000000,0.000000000000000,0.000000000000000,0.000000000000000,0.000000000000000,0.000000000000000,0.000000000000000,0.000000000000000,0.000000000000000,0.000000000000000,0.000000000000000,0.000000000000000,0.000000000000000,0.000000000000000,0.000000000000000,0.000000000000000,0.000000000000000,0.000000000000000,0.000000000000000,0.000000000000000,0.000000000000000,0.000000000000000,0.000000000000000,0.000000000000000,0.000000000000000,0.000000000000000,0.000000000000000,0.000000000000000,0.000000000000000,0.000000000000000
1,1,39,1307.998612109350000,1942.475550819100000,2645.446091583470000,3562.832040447100000,3939.298877226340000,4314.773815921160000,4349.929856859180000,4295.912713965860000,4393.855183385240000,5302.306530313430000,5179.630469018100000,5472.961928234040000,5457.658887335740000,5759.924948487120000,5862.582693395340000,6181.143693529450000,6239.876111911600000,6492.509672963670000,8255.229907579330000,33254.778507175600000,2323.161714044960000,0.000000000000000,0.000000000000000,0.000000000000000,0.000000000000000,0.000000000000000,0.000000000000000,0.000000000000000,0.000000000000000,0.000000000000000,0.000000000000000,0.000000000000000,0.000000000000000,0.000000000000000,0.000000000000000,0.000000000000000,0.000000000000000,0.000000000000000,0.000000000000000,0.000000000000000,0.000000000000000,0.000000000000000,0.000000000000000,0.000000000000000,0.000000000000000,0.000000000000000,0.000000000000000,0.000000000000000,0.000000000000000,0.000000000000000
1,1,40,1298.237428436890000,1776.535428387320000,2733.296744635590000,3323.848356819290000,3700.149877251120000,3973.463020079940000,4037.737295687940000,4335.453397697900000,4583.702315955960000,4589.574805876610000,4730.450703737630000,5174.088611792250000,4871.657234293460000,5077.633989499500000,5643.782642502050000,5653.213193479700000,5857.702101559110000,6136.557101613770000,6561.168591365680000,7570.955152422860000,31806.730578942200000,2372.132948754650000,0.000000000000000,0.000000000000000,0.000000000000000,0.000000000000000,0.000000000000000,0.000000000000000,0.000000000000000,0.000000000000000,0.000000000000000,0.000000000000000,0.000000000000000,0.000000000000000,0.000000000000000,0.000000000000000,0.000000000000000,0.000000000000000,0.000000000000000,0.000000000000000,0.000000000000000,0.000000000000000,0.000000000000000,0.000000000000000,0.000000000000000,0.000000000000000,0.000000000000000,0.000000000000000,0.000000000000000,0.000000000000000
1,1,41,1010.282510099380000,1947.356142655330000,2450.222418134310000,3090.075897722510000,3294.895438496720000,3519.402662963250000,3827.210581340480000,4193.585601752450000,4413.708183424970000,4638.215407891500000,4560.125938511830000,4843.034948665710000,5092.110448660780000,5008.148489360470000,5190.383550774980000,5307.021805802260000,5478.173152765080000,5731.963928248980000,6048.375815866840000,6673.587519946350000,7766.013509524610000,30267.690987056100000,2415.892958933310000,0.000000000000000,0.000000000000000,0.000000000000000,0.000000000000000,0.000000000000000,0.000000000000000,0.000000000000000,0.000000000000000,0.000000000000000,0.000000000000000,0.000000000000000,0.000000000000000,0.000000000000000,0.000000000000000,0.000000000000000,0.000000000000000,0.000000000000000,0.000000000000000,0.000000000000000,0.000000000000000,0.000000000000000,0.000000000000000,0.000000000000000,0.000000000000000,0.000000000000000,0.000000000000000,0.000000000000000
1,1,42,1239.670326402140000,1791.342520243410000,2332.922897717420000,3070.222897682790000,3402.103142546350000,3573.254489509170000,3831.925856829300000,3998.527244650700000,4571.209652963520000,4535.392346635880000,4584.363581345570000,4984.406795568940000,4603.720632343090000,4999.048571077630000,4930.554969023020000,5067.707489479640000,5761.412795613760000,5780.439213916460000,5843.886907787440000,5809.061499544220000,6962.038387326070000,7596.184693341020000,30614.543640123200000,2138.195173310470000,0.000000000000000,0.000000000000000,0.000000000000000,0.000000000000000,0.000000000000000,0.000000000000000,0.000000000000000,0.000000000000000,0.000000000000000,0.000000000000000,0.000000000000000,0.000000000000000,0.000000000000000,0.000000000000000,0.000000000000000,0.000000000000000,0.000000000000000,0.000000000000000,0.000000000000000,0.000000000000000,0.000000000000000,0.000000000000000,0.000000000000000,0.000000000000000,0.000000000000000,0.000000000000000
1,1,43,1234.789734565910000,1947.356142655330000,2474.625377315460000,3060.461714010330000,3367.938999692750000,3329.059581350320000,3563.327989489310000,3847.063581380200000,4490.971071067610000,4272.336336521730000,4305.839213985720000,4725.735428248810000,5002.937264829430000,4970.591601797270000,4994.829244631010000,5151.173499737740000,5380.726632387900000,5756.036254735320000,5888.142867008310000,5721.872111881720000,6623.955019847040000,6706.925081062940000,7516.938009529530000,30318.150068892300000,2294.208795722390000,0.000000000000000,0.000000000000000,0.000000000000000,0.000000000000000,0.000000000000000,0.000000000000000,0.000000000000000,0.000000000000000,0.000000000000000,0.000000000000000,0.000000000000000,0.000000000000000,0.000000000000000,0.000000000000000,0.000000000000000,0.000000000000000,0.000000000000000,0.000000000000000,0.000000000000000,0.000000000000000,0.000000000000000,0.000000000000000,0.000000000000000,0.000000000000000,0.000000000000000
1,1,44,1268.953877419510000,1966.878510000250000,2640.400183399840000,2933.235693573570000,3206.714152749790000,3817.118764973210000,3910.015326208970000,3802.476989464530000,5208.914020035470000,4564.014632263640000,4272.171020174330000,4652.361234357970000,4500.732254740070000,4950.242652715340000,4726.396693638420000,5287.664754804750000,5498.026152804800000,5302.306530313430000,5956.471152715510000,5902.454009822190000,6059.128897623720000,6220.353744566680000,6863.930601559280000,7611.157101544510000,29868.804987264600000,2343.014714084680000,0.000000000000000,0.000000000000000,0.000000000000000,0.000000000000000,0.000000000000000,0.000000000000000,0.000000000000000,0.000000000000000,0.000000000000000,0.000000000000000,0.000000000000000,0.000000000000000,0.000000000000000,0.000000000000000,0.000000000000000,0.000000000000000,0.000000000000000,0.000000000000000,0.000000000000000,0.000000000000000,0.000000000000000,0.000000000000000,0.000000000000000,0.000000000000000
1,1,45,1312.879203945570000,2425.819458953170000,2718.489652779500000,3206.879469097200000,3631.986907891320000,3646.793999747410000,3646.132734357800000,3798.092346670510000,4935.104928164440000,4135.514448759920000,4032.360754809500000,4310.058540432330000,4550.034122144570000,4535.722979330690000,4671.883601702890000,4877.364407866710000,5322.820795742770000,5004.590428303470000,5463.696693603800000,5888.638816050520000,6210.427244546820000,6234.830203727960000,6625.442866973680000,6819.344009643600000,7565.578611544410000,28120.891844505000000,2147.791040635520000,0.000000000000000,0.000000000000000,0.000000000000000,0.000000000000000,0.000000000000000,0.000000000000000,0.000000000000000,0.000000000000000,0.000000000000000,0.000000000000000,0.000000000000000,0.000000000000000,0.000000000000000,0.000000000000000,0.000000000000000,0.000000000000000,0.000000000000000,0.000000000000000,0.000000000000000,0.000000000000000,0.000000000000000,0.000000000000000,0.000000000000000
1,1,46,1415.371632506380000,2459.818285459370000,2865.072724213770000,3363.223724203930000,3680.462193558800000,3645.802101662990000,3749.286428308220000,3895.373550700280000,4822.851315931180000,4241.895571072530000,4536.218928372900000,4007.792479280950000,4579.648305856750000,4535.722979330690000,4789.348438467190000,4808.540173117300000,5278.234203827100000,5419.440734382930000,5433.421244502000000,5551.712663003320000,6166.997867062970000,6054.082989440090000,6331.946091410330000,6770.207458586510000,6863.434652517070000,7468.297407514640000,29088.240926162700000,2270.136469236060000,0.000000000000000,0.000000000000000,0.000000000000000,0.000000000000000,0.000000000000000,0.000000000000000,0.000000000000000,0.000000000000000,0.000000000000000,0.000000000000000,0.000000000000000,0.000000000000000,0.000000000000000,0.000000000000000,0.000000000000000,0.000000000000000,0.000000000000000,0.000000000000000,0.000000000000000,0.000000000000000,0.000000000000000,0.000000000000000
1,1,47,1903.596132476680000,2694.086693598350000,3343.370724164200000,3562.832040447100000,3645.802101662990000,3904.969418025330000,4148.833693489380000,3899.923509841700000,4778.925989405110000,4580.144254898960000,4374.828765082540000,4373.671550650710000,4491.962969152030000,4715.312979186740000,4779.752571142130000,4896.556142516820000,5468.907918134830000,5317.444254864330000,5668.185601683200000,6049.037081256460000,5971.443560919010000,6372.313356879390000,6585.406234199420000,6726.612764755250000,6922.828336288830000,7039.135958621310000,7538.278856695890000,29515.914527929400000,2186.835775325360000,0.000000000000000,0.000000000000000,0.000000000000000,0.000000000000000,0.000000000000000,0.000000000000000,0.000000000000000,0.000000000000000,0.000000000000000,0.000000000000000,0.000000000000000,0.000000000000000,0.000000000000000,0.000000000000000,0.000000000000000,0.000000000000000,0.000000000000000,0.000000000000000,0.000000000000000,0.000000000000000,0.000000000000000
1,1,48,2088.893305905970000,3147.981734367640000,3245.758887439620000,3475.477336437190000,3841.191091459550000,3915.061234392600000,4203.016152730100000,4100.193091474490000,4275.729081231330000,4368.625642467080000,4335.784030392710000,4662.618367072640000,4647.480642521740000,4741.369101841920000,5233.316979216610000,5024.608744690600000,5043.965795688110000,5340.689999613650000,5341.185948655860000,5942.325326249040000,6121.419377062870000,6441.137591628810000,6526.839132164680000,6643.312070844560000,6989.999407564210000,7292.430785063000000,7180.507805524540000,7775.774693197070000,29746.459558664000000,2416.719540670330000,0.000000000000000,0.000000000000000,0.000000000000000,0.000000000000000,0.000000000000000,0.000000000000000,0.000000000000000,0.000000000000000,0.000000000000000,0.000000000000000,0.000000000000000,0.000000000000000,0.000000000000000,0.000000000000000,0.000000000000000,0.000000000000000,0.000000000000000,0.000000000000000,0.000000000000000,0.000000000000000
1,1,49,2196.431642650410000,3162.788826223730000,3387.296050690260000,3875.189917965750000,3938.968244531530000,3963.205887365270000,3948.729428203990000,3949.390693593610000,4202.685520035300000,4407.835693504310000,4228.906959037880000,4472.109969112310000,4315.435081310770000,4647.150009826930000,4847.584907807130000,4916.409142556540000,4891.510234333190000,4994.498611936210000,5320.671683226520000,5795.576938467360000,6502.766805678340000,5886.985652576480000,6230.610877281350000,6785.345183137410000,7010.513672993550000,7059.484907703240000,6799.821642298690000,7283.330866780160000,7307.403193266490000,28239.844528395900000,1961.997918164020000,0.000000000000000,0.000000000000000,0.000000000000000,0.000000000000000,0.000000000000000,0.000000000000000,0.000000000000000,0.000000000000000,0.000000000000000,0.000000000000000,0.000000000000000,0.000000000000000,0.000000000000000,0.000000000000000,0.000000000000000,0.000000000000000,0.000000000000000,0.000000000000000,0.000000000000000
1,1,50,2220.669285484150000,3250.639479275850000,3484.742571067440000,3797.596397628300000,3797.431081280890000,3787.504581261030000,3842.017673196570000,3983.885469142020000,4183.493785385190000,4627.131693439810000,4241.730254725130000,4061.478989479470000,4223.199785464640000,4451.926336377780000,4652.691867052780000,4764.780162938640000,4658.399040626030000,4832.777815951040000,4892.502132417610000,5310.910499554070000,5726.587387370540000,5760.420897529340000,5814.107407727850000,6570.764458690740000,6360.899009732890000,6582.013489489830000,6668.541611762720000,6555.957366834650000,6775.418683117540000,7082.895968799960000,27089.929752628900000,2055.059795747180000,0.000000000000000,0.000000000000000,0.000000000000000,0.000000000000000,0.000000000000000,0.000000000000000,0.000000000000000,0.000000000000000,0.000000000000000,0.000000000000000,0.000000000000000,0.000000000000000,0.000000000000000,0.000000000000000,0.000000000000000,0.000000000000000,0.000000000000000,0.000000000000000
1,1,51,2518.550703841520000,3640.921509826760000,3870.639958824330000,4017.223030258600000,3997.370030218880000,4012.507754769770000,3548.520897633220000,3865.759366988100000,4138.741877122110000,4242.060887419940000,4164.467367082480000,4110.450224189160000,4314.939132268560000,4387.982693464590000,4437.945826258710000,4071.074856804520000,4730.120071042830000,4584.032948650770000,5166.807173330850000,4730.946652779850000,5081.853315946110000,5682.662060844480000,5702.019111841990000,6287.194183147250000,6224.573071013290000,6697.659846432690000,6142.098958839610000,6267.506499454930000,6545.204285077770000,6531.058458611290000,6389.025346318440000,24230.068252946100000,1635.328897831490000,0.000000000000000,0.000000000000000,0.000000000000000,0.000000000000000,0.000000000000000,0.000000000000000,0.000000000000000,0.000000000000000,0.000000000000000,0.000000000000000,0.000000000000000,0.000000000000000,0.000000000000000,0.000000000000000,0.000000000000000,0.000000000000000,0.000000000000000
1,1,52,2635.519591563610000,4075.294183251130000,4099.862458779680000,4002.250622055100000,3953.775336387620000,3831.595224134500000,3968.251795548910000,3808.184163037770000,3714.130387370190000,4134.853183370300000,3861.540040541490000,3876.181816050170000,4071.736122194140000,4334.461499613480000,4207.566111871530000,4482.367101826980000,4510.162805717720000,4750.138387429950000,4867.603224194250000,5165.980591593830000,4715.643611881540000,5165.484642551620000,5515.564723980870000,5564.701275037970000,5706.073121941200000,5691.761979127320000,6292.570724025690000,6213.819989256410000,6672.760938209330000,6140.611111712980000,5945.056805569020000,7533.232948512250000,21339.435355119400000,1459.296959032440000,0.000000000000000,0.000000000000000,0.000000000000000,0.000000000000000,0.000000000000000,0.000000000000000,0.000000000000000,0.000000000000000,0.000000000000000,0.000000000000000,0.000000000000000,0.000000000000000,0.000000000000000,0.000000000000000,0.000000000000000,0.000000000000000
1,1,53,3187.026469057470000,4827.235958725190000,4621.920468908770000,4377.890877097330000,4124.265417960830000,4046.175948581160000,3924.326469022850000,4036.910713950920000,4647.315326174340000,4153.714285325600000,3997.700662913680000,3948.894744551390000,4135.349132412520000,4158.594877161830000,4178.613193548960000,4179.439775285980000,4286.482162988210000,4559.795305817030000,4950.573285410150000,4647.315326174340000,4925.674377186790000,4911.032601678100000,5350.285866938700000,5004.094479261260000,5453.274244541720000,5760.090264834530000,5828.087917846920000,5838.675683256400000,5935.460938243960000,6272.387091291160000,6013.219774928820000,7072.804152432700000,5408.191703583840000,20733.911334732200000,1620.356489628000000,0.000000000000000,0.000000000000000,0.000000000000000,0.000000000000000,0.000000000000000,0.000000000000000,0.000000000000000,0.000000000000000,0.000000000000000,0.000000000000000,0.000000000000000,0.000000000000000,0.000000000000000,0.000000000000000,0.000000000000000
1,1,54,3299.280081290740000,5290.726866819530000,5119.906152551520000,4744.596530204110000,4470.622121985680000,4651.204019926140000,4148.668377141970000,4119.550142472000000,5652.055979047880000,4378.882775181750000,4016.892397563790000,3992.985387424860000,4247.272111950970000,4223.199785464640000,4413.046918035350000,4223.199785464640000,4217.988560933600000,4115.330816025390000,4417.927509871580000,4564.510581305850000,4843.200265013110000,4715.147662839330000,4949.416070978320000,5286.507540372920000,5164.658060814600000,5174.749877181870000,5393.384611727750000,5599.361366933780000,5804.015591360590000,5861.921428005720000,5965.571070998350000,6223.911805623680000,5637.910152581400000,5252.012764824510000,20621.327089804100000,1503.222285558500000,0.000000000000000,0.000000000000000,0.000000000000000,0.000000000000000,0.000000000000000,0.000000000000000,0.000000000000000,0.000000000000000,0.000000000000000,0.000000000000000,0.000000000000000,0.000000000000000,0.000000000000000,0.000000000000000
1,1,55,3372.488958834170000,5012.698448501890000,4983.084264789710000,4622.251101603580000,4095.147183290860000,3958.325295529040000,3763.432254774700000,3846.236999643180000,4846.427693375300000,3855.998183315640000,3592.776856854090000,3616.683866993020000,3593.603438591110000,3655.893918030260000,3460.835560928500000,3592.611540506680000,3670.866326233750000,3431.552009911130000,3681.619407990630000,3998.361928303300000,4057.424979380260000,4119.384826124600000,4193.585601752450000,4348.772642427360000,4090.762540496840000,4456.145662824390000,4178.447877201560000,4422.477469013000000,4583.867632303360000,4950.242652715340000,5028.497438442400000,5135.705142492040000,4300.627989454680000,4641.608152601090000,4119.550142472000000,18127.014028796400000,1137.177897841330000,0.000000000000000,0.000000000000000,0.000000000000000,0.000000000000000,0.000000000000000,0.000000000000000,0.000000000000000,0.000000000000000,0.000000000000000,0.000000000000000,0.000000000000000,0.000000000000000,0.000000000000000
1,1,56,4275.563764883920000,6745.308550363150000,6022.815642253870000,5954.487356546670000,5281.130999494480000,4929.563070938600000,4690.579387310780000,4514.878081206540000,5290.892183166940000,4593.463499628420000,4158.594877161830000,3963.371203712680000,4017.057713911190000,4046.671897623380000,3798.257663017910000,3700.480509945930000,3748.459846571200000,3866.420632377710000,4115.000183330580000,3802.807622159330000,3851.117591479410000,4300.297356759880000,4042.452571176760000,4266.794479295890000,4212.281387360350000,4325.196264983230000,4618.197091504370000,4719.862938328160000,4842.704315970900000,5062.330948601200000,4841.712417886480000,5252.674030214130000,4817.309458705330000,5008.644438402680000,5207.922121951050000,4382.771468933550000,18751.895100181100000,1542.267020248330000,0.000000000000000,0.000000000000000,0.000000000000000,0.000000000000000,0.000000000000000,0.000000000000000,0.000000000000000,0.000000000000000,0.000000000000000,0.000000000000000,0.000000000000000,0.000000000000000
1,1,57,5115.025560715290000,8346.638621688440000,8131.231315504750000,7306.245978834670000,6169.564030035550000,5822.546060621080000,5525.160591305930000,5188.234438258730000,5773.905458606200000,4876.372509782290000,4334.957448655690000,4236.353713846690000,4344.057366938530000,4504.951581186680000,4217.161979196580000,4275.894397578730000,3934.583601737510000,3870.639958824330000,4237.180295583710000,4183.328469037780000,4353.983866958390000,4427.688693544040000,4358.699142447220000,4368.625642467080000,4438.111142606110000,4286.482162988210000,4227.419111911250000,4568.399275057660000,4764.945479286040000,4856.850142437370000,5340.028734224040000,5261.939264844370000,5266.489223985790000,5144.805060774880000,5027.340224010580000,5198.326254625990000,4900.114203573820000,19200.744232766700000,1444.655183523760000,0.000000000000000,0.000000000000000,0.000000000000000,0.000000000000000,0.000000000000000,0.000000000000000,0.000000000000000,0.000000000000000,0.000000000000000,0.000000000000000,0.000000000000000
1,1,58,6027.530917742700000,10161.392203028600000,9000.141978700900000,8258.126703246710000,7565.247978849610000,6584.414336115000000,6154.591621832050000,6018.100366765050000,5598.534785196760000,5452.117030109900000,5066.550275047810000,4554.253448591180000,4260.756673027830000,4222.042571032810000,4354.149183305800000,4095.312499638260000,4075.790132293350000,3836.475815970730000,3826.714632298270000,3763.101622079890000,3880.401142496790000,3968.251795548910000,4051.056540417390000,3734.479336452130000,4012.342438422370000,3987.774162893820000,4178.117244506750000,3836.971765012940000,4071.405489499330000,4387.817377117190000,4359.525724184240000,4773.880081221480000,4671.057019965870000,4769.164805732660000,5188.234438258730000,4876.041877087480000,5061.834999558990000,4197.639611851660000,15755.046396389100000,1264.073285583290000,0.000000000000000,0.000000000000000,0.000000000000000,0.000000000000000,0.000000000000000,0.000000000000000,0.000000000000000,0.000000000000000,0.000000000000000,0.000000000000000
1,1,59,7716.215693077900000,12811.553570100900000,11596.616835574700000,10327.828274502600000,9185.439152130200000,8614.409907291420000,7404.023131906650000,6588.798978909020000,6432.785356497100000,5661.982479067740000,5105.760326085050000,4915.251928124720000,5003.433213871640000,4753.696448486950000,4427.192744501830000,4358.533826099810000,4061.148356784660000,4012.177122074970000,4036.580081256110000,4143.953101653150000,4031.534173072480000,3949.060060898800000,3865.759366988100000,3656.389867072470000,3855.998183315640000,3811.907540442180000,3778.404662978190000,4115.000183330580000,3973.628336427350000,4344.718632328150000,4305.343264943510000,4300.793305802090000,4334.296183266070000,4846.758326070110000,4661.130519946010000,4812.594183216510000,4876.372509782290000,4998.056672993200000,4246.445530213950000,14661.628508726400000,1103.013754987730000,0.000000000000000,0.000000000000000,0.000000000000000,0.000000000000000,0.000000000000000,0.000000000000000,0.000000000000000,0.000000000000000,0.000000000000000
1,1,60,2054.456005138090000,1797.649004495830000,1037.298865339330000,986.944551487904000,790.562727467352000,669.712374223935000,594.180903446799000,634.464354527938000,443.117961892528000,453.188824662813000,412.905373581674000,362.551059730250000,312.196745878827000,347.444765574823000,302.125883108542000,287.019588953115000,322.267608649112000,226.594412331407000,251.771569257118000,297.090451723400000,211.488118175979000,297.090451723400000,246.736137871976000,241.700706486834000,171.204667094841000,236.665275101691000,191.346392635410000,181.275529865125000,261.842432027403000,281.984157567973000,261.842432027403000,292.055020338257000,312.196745878827000,327.303040034254000,271.913294797688000,297.090451723400000,347.444765574823000,438.082530507386000,342.409334189681000,377.657353885678000,931.554806251338000,35.248019695996600,0.000000000000000,0.000000000000000,0.000000000000000,0.000000000000000,0.000000000000000,0.000000000000000,0.000000000000000,0.000000000000000
1,1,61,1112.830336116460000,2537.857418111750000,1364.601905373580000,1077.582316420470000,830.846178548491000,654.606080068508000,730.137550845643000,548.862020980518000,473.330550203383000,488.436844358810000,473.330550203383000,382.692785270820000,357.515628345108000,347.444765574823000,302.125883108542000,287.019588953115000,332.338471419396000,347.444765574823000,271.913294797688000,322.267608649112000,246.736137871976000,261.842432027403000,312.196745878827000,256.807000642261000,236.665275101691000,236.665275101691000,246.736137871976000,276.948726182830000,216.523549561122000,211.488118175979000,206.452686790837000,281.984157567973000,251.771569257118000,251.771569257118000,251.771569257118000,362.551059730250000,281.984157567973000,352.480196959966000,468.295118818240000,362.551059730250000,327.303040034254000,755.314707771355000,25.177156925711800,0.000000000000000,0.000000000000000,0.000000000000000,0.000000000000000,0.000000000000000,0.000000000000000,0.000000000000000
1,1,62,553.897452365660000,1530.771141083280000,2084.668593448940000,1490.487690002140000,1007.086277028470000,830.846178548491000,760.350139156498000,614.322628987369000,533.755726825091000,553.897452365660000,448.153393277671000,438.082530507386000,387.728216655962000,357.515628345108000,251.771569257118000,312.196745878827000,226.594412331407000,342.409334189681000,271.913294797688000,201.417255405695000,287.019588953115000,211.488118175979000,251.771569257118000,186.310961250268000,216.523549561122000,287.019588953115000,226.594412331407000,271.913294797688000,287.019588953115000,312.196745878827000,226.594412331407000,307.161314493684000,322.267608649112000,261.842432027403000,276.948726182830000,302.125883108542000,438.082530507386000,382.692785270820000,362.551059730250000,347.444765574823000,448.153393277671000,327.303040034254000,604.251766217084000,30.212588310854200,0.000000000000000,0.000000000000000,0.000000000000000,0.000000000000000,0.000000000000000,0.000000000000000
1,1,63,563.968315135945000,735.172982230786000,1223.609826589600000,2135.022907300360000,1077.582316420470000,800.633590237636000,684.818668379362000,579.074609291372000,659.641511453650000,548.862020980518000,518.649432669664000,422.976236351959000,337.373902804539000,327.303040034254000,292.055020338257000,322.267608649112000,302.125883108542000,251.771569257118000,266.877863412545000,191.346392635410000,256.807000642261000,201.417255405695000,271.913294797688000,201.417255405695000,246.736137871976000,166.169235709698000,256.807000642261000,251.771569257118000,201.417255405695000,211.488118175979000,271.913294797688000,261.842432027403000,201.417255405695000,292.055020338257000,206.452686790837000,231.629843716549000,327.303040034254000,302.125883108542000,317.232177263969000,342.409334189681000,428.011667737101000,412.905373581674000,327.303040034254000,548.862020980518000,20.141725540569500,0.000000000000000,0.000000000000000,0.000000000000000,0.000000000000000,0.000000000000000
1,1,64,281.984157567973000,493.472275743952000,458.224256047955000,659.641511453650000,1631.479768786130000,735.172982230786000,558.932883750803000,604.251766217084000,543.826589595376000,453.188824662813000,428.011667737101000,377.657353885678000,312.196745878827000,307.161314493684000,307.161314493684000,322.267608649112000,221.558980946264000,241.700706486834000,216.523549561122000,266.877863412545000,236.665275101691000,276.948726182830000,196.381824020552000,201.417255405695000,146.027510169129000,171.204667094841000,216.523549561122000,181.275529865125000,211.488118175979000,171.204667094841000,201.417255405695000,201.417255405695000,201.417255405695000,196.381824020552000,231.629843716549000,246.736137871976000,231.629843716549000,292.055020338257000,332.338471419396000,332.338471419396000,317.232177263969000,302.125883108542000,276.948726182830000,292.055020338257000,553.897452365660000,5.035431385142370,0.000000000000000,0.000000000000000,0.000000000000000,0.000000000000000
1,1,65,34.102564102564100,14.615384615384600,14.615384615384600,9.743589743589740,4.871794871794870,4.871794871794870,0.000000000000000,0.000000000000000,0.000000000000000,0.000000000000000,0.000000000000000,0.000000000000000,0.000000000000000,4.871794871794870,4.871794871794870,4.871794871794870,0.000000000000000,0.000000000000000,0.000000000000000,0.000000000000000,0.000000000000000,0.000000000000000,0.000000000000000,0.000000000000000,0.000000000000000,4.871794871794870,0.000000000000000,0.000000000000000,0.000000000000000,0.000000000000000,4.871794871794870,4.871794871794870,0.000000000000000,4.871794871794870,9.743589743589740,14.615384615384600,4.871794871794870,9.743589743589740,14.615384615384600,14.615384615384600,19.487179487179500,9.743589743589740,9.743589743589740,4.871794871794870,9.743589743589740,9.743589743589740,0.000000000000000,0.000000000000000,0.000000000000000,0.000000000000000
1,1,66,14.615384615384600,9.743589743589740,14.615384615384600,4.871794871794870,0.000000000000000,0.000000000000000,0.000000000000000,4.871794871794870,4.871794871794870,0.000000000000000,0.000000000000000,0.000000000000000,0.000000000000000,0.000000000000000,0.000000000000000,0.000000000000000,0.000000000000000,0.000000000000000,0.000000000000000,0.000000000000000,0.000000000000000,0.000000000000000,0.000000000000000,0.000000000000000,0.000000000000000,0.000000000000000,4.871794871794870,0.000000000000000,4.871794871794870,0.000000000000000,0.000000000000000,0.000000000000000,0.000000000000000,9.743589743589740,9.743589743589740,9.743589743589740,4.871794871794870,4.871794871794870,14.615384615384600,9.743589743589740,29.230769230769200,4.871794871794870,0.000000000000000,0.000000000000000,9.743589743589740,0.000000000000000,0.000000000000000,0.000000000000000,0.000000000000000,0.000000000000000
1,1,67,19.487179487179500,4.871794871794870,19.487179487179500,9.743589743589740,0.000000000000000,0.000000000000000,0.000000000000000,0.000000000000000,0.000000000000000,0.000000000000000,0.000000000000000,0.000000000000000,0.000000000000000,4.871794871794870,0.000000000000000,0.000000000000000,0.000000000000000,4.871794871794870,0.000000000000000,0.000000000000000,0.000000000000000,0.000000000000000,0.000000000000000,0.000000000000000,4.871794871794870,0.000000000000000,4.871794871794870,0.000000000000000,0.000000000000000,0.000000000000000,0.000000000000000,0.000000000000000,4.871794871794870,0.000000000000000,0.000000000000000,4.871794871794870,9.743589743589740,9.743589743589740,9.743589743589740,4.871794871794870,9.743589743589740,9.743589743589740,9.743589743589740,9.743589743589740,4.871794871794870,0.000000000000000,0.000000000000000,0.000000000000000,0.000000000000000,0.000000000000000
1,1,68,14.615384615384600,0.000000000000000,4.871794871794870,4.871794871794870,0.000000000000000,0.000000000000000,0.000000000000000,0.000000000000000,0.000000000000000,4.871794871794870,0.000000000000000,0.000000000000000,0.000000000000000,0.000000000000000,0.000000000000000,0.000000000000000,4.871794871794870,0.000000000000000,0.000000000000000,0.000000000000000,0.000000000000000,0.000000000000000,0.000000000000000,0.000000000000000,0.000000000000000,4.871794871794870,0.000000000000000,0.000000000000000,4.871794871794870,0.000000000000000,4.871794871794870,4.871794871794870,0.000000000000000,4.871794871794870,9.743589743589740,4.871794871794870,4.871794871794870,4.871794871794870,9.743589743589740,4.871794871794870,0.000000000000000,9.743589743589740,9.743589743589740,9.743589743589740,0.000000000000000,0.000000000000000,0.000000000000000,0.000000000000000,0.000000000000000,0.000000000000000
1,1,69,0.000000000000000,0.000000000000000,9.743589743589740,4.871794871794870,9.743589743589740,0.000000000000000,0.000000000000000,0.000000000000000,4.871794871794870,0.000000000000000,0.000000000000000,0.000000000000000,4.871794871794870,0.000000000000000,0.000000000000000,0.000000000000000,0.000000000000000,0.000000000000000,0.000000000000000,0.000000000000000,0.000000000000000,0.000000000000000,0.000000000000000,0.000000000000000,0.000000000000000,0.000000000000000,0.000000000000000,0.000000000000000,0.000000000000000,0.000000000000000,0.000000000000000,0.000000000000000,0.000000000000000,0.000000000000000,0.000000000000000,0.000000000000000,0.000000000000000,4.871794871794870,0.000000000000000,0.000000000000000,4.871794871794870,4.871794871794870,0.000000000000000,0.000000000000000,0.000000000000000,4.871794871794870,0.000000000000000,0.000000000000000,0.000000000000000,0.000000000000000
1,2,20,6.020179671773150,12.000000000000000,0.000000000000000,0.000000000000000,0.000000000000000,0.000000000000000,0.000000000000000,0.000000000000000,0.000000000000000,0.000000000000000,0.000000000000000,0.000000000000000,0.000000000000000,0.000000000000000,0.000000000000000,0.000000000000000,0.000000000000000,0.000000000000000,0.000000000000000,0.000000000000000,0.000000000000000,0.000000000000000,0.000000000000000,0.000000000000000,0.000000000000000,0.000000000000000,0.000000000000000,0.000000000000000,0.000000000000000,0.000000000000000,0.000000000000000,0.000000000000000,0.000000000000000,0.000000000000000,0.000000000000000,0.000000000000000,0.000000000000000,0.000000000000000,0.000000000000000,0.000000000000000,0.000000000000000,0.000000000000000,0.000000000000000,0.000000000000000,0.000000000000000,0.000000000000000,0.000000000000000,0.000000000000000,0.000000000000000,0.000000000000000
1,2,21,6.081163905922650,18.014665017461200,24.000000000000000,0.000000000000000,0.000000000000000,0.000000000000000,0.000000000000000,0.000000000000000,0.000000000000000,0.000000000000000,0.000000000000000,0.000000000000000,0.000000000000000,0.000000000000000,0.000000000000000,0.000000000000000,0.000000000000000,0.000000000000000,0.000000000000000,0.000000000000000,0.000000000000000,0.000000000000000,0.000000000000000,0.000000000000000,0.000000000000000,0.000000000000000,0.000000000000000,0.000000000000000,0.000000000000000,0.000000000000000,0.000000000000000,0.000000000000000,0.000000000000000,0.000000000000000,0.000000000000000,0.000000000000000,0.000000000000000,0.000000000000000,0.000000000000000,0.000000000000000,0.000000000000000,0.000000000000000,0.000000000000000,0.000000000000000,0.000000000000000,0.000000000000000,0.000000000000000,0.000000000000000,0.000000000000000,0.000000000000000
1,2,22,5.973623322535860,17.680463193240100,29.954728423426500,36.000000000000000,0.000000000000000,0.000000000000000,0.000000000000000,0.000000000000000,0.000000000000000,0.000000000000000,0.000000000000000,0.000000000000000,0.000000000000000,0.000000000000000,0.000000000000000,0.000000000000000,0.000000000000000,0.000000000000000,0.000000000000000,0.000000000000000,0.000000000000000,0.000000000000000,0.000000000000000,0.000000000000000,0.000000000000000,0.000000000000000,0.000000000000000,0.000000000000000,0.000000000000000,0.000000000000000,0.000000000000000,0.000000000000000,0.000000000000000,0.000000000000000,0.000000000000000,0.000000000000000,0.000000000000000,0.000000000000000,0.000000000000000,0.000000000000000,0.000000000000000,0.000000000000000,0.000000000000000,0.000000000000000,0.000000000000000,0.000000000000000,0.000000000000000,0.000000000000000,0.000000000000000,0.000000000000000
1,2,23,5.882872277810480,17.433751377506300,30.250030396727500,41.776772008203000,48.000000000000000,0.000000000000000,0.000000000000000,0.000000000000000,0.000000000000000,0.000000000000000,0.000000000000000,0.000000000000000,0.000000000000000,0.000000000000000,0.000000000000000,0.000000000000000,0.000000000000000,0.000000000000000,0.000000000000000,0.000000000000000,0.000000000000000,0.000000000000000,0.000000000000000,0.000000000000000,0.000000000000000,0.000000000000000,0.000000000000000,0.000000000000000,0.000000000000000,0.000000000000000,0.000000000000000,0.000000000000000,0.000000000000000,0.000000000000000,0.000000000000000,0.000000000000000,0.000000000000000,0.000000000000000,0.000000000000000,0.000000000000000,0.000000000000000,0.000000000000000,0.000000000000000,0.000000000000000,0.000000000000000,0.000000000000000,0.000000000000000,0.000000000000000,0.000000000000000,0.000000000000000
1,2,24,5.750098598273590,17.497669183185500,30.175084480759100,41.455196865199700,53.681103356592900,60.000000000000000,0.000000000000000,0.000000000000000,0.000000000000000,0.000000000000000,0.000000000000000,0.000000000000000,0.000000000000000,0.000000000000000,0.000000000000000,0.000000000000000,0.000000000000000,0.000000000000000,0.000000000000000,0.000000000000000,0.000000000000000,0.000000000000000,0.000000000000000,0.000000000000000,0.000000000000000,0.000000000000000,0.000000000000000,0.000000000000000,0.000000000000000,0.000000000000000,0.000000000000000,0.000000000000000,0.000000000000000,0.000000000000000,0.000000000000000,0.000000000000000,0.000000000000000,0.000000000000000,0.000000000000000,0.000000000000000,0.000000000000000,0.000000000000000,0.000000000000000,0.000000000000000,0.000000000000000,0.000000000000000,0.000000000000000,0.000000000000000,0.000000000000000,0.000000000000000
1,2,25,5.857418252758210,17.552120112513500,30.049811784771900,41.264774542686800,53.459668141349800,65.679944606033600,72.000000000000000,0.000000000000000,0.000000000000000,0.000000000000000,0.000000000000000,0.000000000000000,0.000000000000000,0.000000000000000,0.000000000000000,0.000000000000000,0.000000000000000,0.000000000000000,0.000000000000000,0.000000000000000,0.000000000000000,0.000000000000000,0.000000000000000,0.000000000000000,0.000000000000000,0.000000000000000,0.000000000000000,0.000000000000000,0.000000000000000,0.000000000000000,0.000000000000000,0.000000000000000,0.000000000000000,0.000000000000000,0.000000000000000,0.000000000000000,0.000000000000000,0.000000000000000,0.000000000000000,0.000000000000000,0.000000000000000,0.000000000000000,0.000000000000000,0.000000000000000,0.000000000000000,0.000000000000000,0.000000000000000,0.000000000000000,0.000000000000000,0.000000000000000
1,2,26,5.664974619289340,17.468259385665500,29.983882877168400,41.236535672821500,53.332911592191300,65.539927925105900,77.676321826329100,84.000000000000000,0.000000000000000,0.000000000000000,0.000000000000000,0.000000000000000,0.000000000000000,0.000000000000000,0.000000000000000,0.000000000000000,0.000000000000000,0.000000000000000,0.000000000000000,0.000000000000000,0.000000000000000,0.000000000000000,0.000000000000000,0.000000000000000,0.000000000000000,0.000000000000000,0.000000000000000,0.000000000000000,0.000000000000000,0.000000000000000,0.000000000000000,0.000000000000000,0.000000000000000,0.000000000000000,0.000000000000000,0.000000000000000,0.000000000000000,0.000000000000000,0.000000000000000,0.000000000000000,0.000000000000000,0.000000000000000,0.000000000000000,0.000000000000000,0.000000000000000,0.000000000000000,0.000000000000000,0.000000000000000,0.000000000000000,0.000000000000000
1,2,27,6.035523087785500,17.568837592745300,30.008759865771600,41.291685838755000,53.433246754225200,65.463738976631700,77.546419403871200,89.638290322624200,96.000000000000000,0.000000000000000,0.000000000000000,0.000000000000000,0.000000000000000,0.000000000000000,0.000000000000000,0.000000000000000,0.000000000000000,0.000000000000000,0.000000000000000,0.000000000000000,0.000000000000000,0.000000000000000,0.000000000000000,0.000000000000000,0.000000000000000,0.000000000000000,0.000000000000000,0.000000000000000,0.000000000000000,0.000000000000000,0.000000000000000,0.000000000000000,0.000000000000000,0.000000000000000,0.000000000000000,0.000000000000000,0.000000000000000,0.000000000000000,0.000000000000000,0.000000000000000,0.000000000000000,0.000000000000000,0.000000000000000,0.000000000000000,0.000000000000000,0.000000000000000,0.000000000000000,0.000000000000000,0.000000000000000,0.000000000000000
1,2,28,5.778301886792450,17.681774349083900,30.014428556655000,41.240441909308100,53.383339745865200,65.461245492281700,77.405882190726700,89.626499053239600,101.676686924947000,108.000000000000000,0.000000000000000,0.000000000000000,0.000000000000000,0.000000000000000,0.000000000000000,0.000000000000000,0.000000000000000,0.000000000000000,0.000000000000000,0.000000000000000,0.000000000000000,0.000000000000000,0.000000000000000,0.000000000000000,0.000000000000000,0.000000000000000,0.000000000000000,0.000000000000000,0.000000000000000,0.000000000000000,0.000000000000000,0.000000000000000,0.000000000000000,0.000000000000000,0.000000000000000,0.000000000000000,0.000000000000000,0.000000000000000,0.000000000000000,0.000000000000000,0.000000000000000,0.000000000000000,0.000000000000000,0.000000000000000,0.000000000000000,0.000000000000000,0.000000000000000,0.000000000000000,0.000000000000000,0.000000000000000
1,2,29,5.677758318739050,17.492159227985500,30.001635456172600,41.276159291747500,53.395179947333600,65.624048518913400,77.536239354022400,89.541504429980100,101.597985058565000,113.648563673565000,120.000000000000000,0.000000000000000,0.000000000000000,0.000000000000000,0.000000000000000,0.000000000000000,0.000000000000000,0.000000000000000,0.000000000000000,0.000000000000000,0.000000000000000,0.000000000000000,0.000000000000000,0.000000000000000,0.000000000000000,0.000000000000000,0.000000000000000,0.000000000000000,0.000000000000000,0.000000000000000,0.000000000000000,0.000000000000000,0.000000000000000,0.000000000000000,0.000000000000000,0.000000000000000,0.000000000000000,0.000000000000000,0.000000000000000,0.000000000000000,0.000000000000000,0.000000000000000,0.000000000000000,0.000000000000000,0.000000000000000,0.000000000000000,0.000000000000000,0.000000000000000,0.000000000000000,0.000000000000000
1,2,30,5.720306513409960,17.607557353776600,29.912147793099200,41.445563644011400,53.376271272352500,65.419152547802700,77.425785400285000,89.477713053744800,101.500497904146000,113.718005185854000,125.702542644969000,132.000000000000000,0.000000000000000,0.000000000000000,0.000000000000000,0.000000000000000,0.000000000000000,0.000000000000000,0.000000000000000,0.000000000000000,0.000000000000000,0.000000000000000,0.000000000000000,0.000000000000000,0.000000000000000,0.000000000000000,0.000000000000000,0.000000000000000,0.000000000000000,0.000000000000000,0.000000000000000,0.000000000000000,0.000000000000000,0.000000000000000,0.000000000000000,0.000000000000000,0.000000000000000,0.000000000000000,0.000000000000000,0.000000000000000,0.000000000000000,0.000000000000000,0.000000000000000,0.000000000000000,0.000000000000000,0.000000000000000,0.000000000000000,0.000000000000000,0.000000000000000,0.000000000000000
1,2,31,5.776352202552080,17.452614379085000,29.852549214673300,41.626897408150400,53.490382819000000,65.688457904196100,77.633732078343300,89.585502127007600,101.462902025022000,113.519886295141000,125.695430904395000,137.699890115649000,144.000000000000000,0.000000000000000,0.000000000000000,0.000000000000000,0.000000000000000,0.000000000000000,0.000000000000000,0.000000000000000,0.000000000000000,0.000000000000000,0.000000000000000,0.000000000000000,0.000000000000000,0.000000000000000,0.000000000000000,0.000000000000000,0.000000000000000,0.000000000000000,0.000000000000000,0.000000000000000,0.000000000000000,0.000000000000000,0.000000000000000,0.000000000000000,0.000000000000000,0.000000000000000,0.000000000000000,0.000000000000000,0.000000000000000,0.000000000000000,0.000000000000000,0.000000000000000,0.000000000000000,0.000000000000000,0.000000000000000,0.000000000000000,0.000000000000000,0.000000000000000
1,2,32,5.903669724770640,17.570230406230300,30.000200656596000,41.656313590064600,53.339783328668900,65.329775144226100,77.381995269928000,89.541643341298500,101.514016211226000,113.505357824668000,125.570595741334000,137.702418622860000,149.701685248877000,156.000000000000000,0.000000000000000,0.000000000000000,0.000000000000000,0.000000000000000,0.000000000000000,0.000000000000000,0.000000000000000,0.000000000000000,0.000000000000000,0.000000000000000,0.000000000000000,0.000000000000000,0.000000000000000,0.000000000000000,0.000000000000000,0.000000000000000,0.000000000000000,0.000000000000000,0.000000000000000,0.000000000000000,0.000000000000000,0.000000000000000,0.000000000000000,0.000000000000000,0.000000000000000,0.000000000000000,0.000000000000000,0.000000000000000,0.000000000000000,0.000000000000000,0.000000000000000,0.000000000000000,0.000000000000000,0.000000000000000,0.000000000000000,0.000000000000000
1,2,33,5.903307888040710,17.732142857142900,29.753101736972700,41.639393179436700,53.507885625280500,65.471079077321500,77.522724464123700,89.543486680429800,101.557657609944000,113.481114396314000,125.564749526694000,137.511514972647000,149.544796777275000,161.744276217025000,168.000000000000000,0.000000000000000,0.000000000000000,0.000000000000000,0.000000000000000,0.000000000000000,0.000000000000000,0.000000000000000,0.000000000000000,0.000000000000000,0.000000000000000,0.000000000000000,0.000000000000000,0.000000000000000,0.000000000000000,0.000000000000000,0.000000000000000,0.000000000000000,0.000000000000000,0.000000000000000,0.000000000000000,0.000000000000000,0.000000000000000,0.000000000000000,0.000000000000000,0.000000000000000,0.000000000000000,0.000000000000000,0.000000000000000,0.000000000000000,0.000000000000000,0.000000000000000,0.000000000000000,0.000000000000000,0.000000000000000,0.000000000000000
1,2,34,6.308707124010550,17.516311293144400,29.892725030826100,41.532147258519200,53.383348532564200,65.506976118059400,77.484284328735500,89.430038397459900,101.900116498405000,113.642782429162000,125.524875140825000,137.489706595754000,149.627005221180000,161.847283408796000,173.718866881899000,180.000000000000000,0.000000000000000,0.000000000000000,0.000000000000000,0.000000000000000,0.000000000000000,0.000000000000000,0.000000000000000,0.000000000000000,0.000000000000000,0.000000000000000,0.000000000000000,0.000000000000000,0.000000000000000,0.000000000000000,0.000000000000000,0.000000000000000,0.000000000000000,0.000000000000000,0.000000000000000,0.000000000000000,0.000000000000000,0.000000000000000,0.000000000000000,0.000000000000000,0.000000000000000,0.000000000000000,0.000000000000000,0.000000000000000,0.000000000000000,0.000000000000000,0.000000000000000,0.000000000000000,0.000000000000000,0.000000000000000
1,2,35,6.175140135576120,17.517625231910900,29.993293633657300,41.566753391100500,53.649098043060900,65.675260397347700,77.482698343173000,89.602324679272500,101.646421175090000,113.431428314068000,125.494101627341000,137.470712388748000,149.364613021461000,161.479812035459000,173.705015279663000,185.671383286659000,192.000000000000000,0.000000000000000,0.000000000000000,0.000000000000000,0.000000000000000,0.000000000000000,0.000000000000000,0.000000000000000,0.000000000000000,0.000000000000000,0.000000000000000,0.000000000000000,0.000000000000000,0.000000000000000,0.000000000000000,0.000000000000000,0.000000000000000,0.000000000000000,0.000000000000000,0.000000000000000,0.000000000000000,0.000000000000000,0.000000000000000,0.000000000000000,0.000000000000000,0.000000000000000,0.000000000000000,0.000000000000000,0.000000000000000,0.000000000000000,0.000000000000000,0.000000000000000,0.000000000000000,0.000000000000000
1,2,36,6.230425612500780,17.608695652173900,29.912708740876600,41.579506502912600,53.367322964134500,65.494817914920300,77.363229146266800,89.406390798435800,101.771610169056000,113.674540986379000,125.575338041015000,137.399178876927000,149.475730693518000,161.553121710072000,173.443789973038000,185.643271100790000,197.677016331221000,204.000000000000000,0.000000000000000,0.000000000000000,0.000000000000000,0.000000000000000,0.000000000000000,0.000000000000000,0.000000000000000,0.000000000000000,0.000000000000000,0.000000000000000,0.000000000000000,0.000000000000000,0.000000000000000,0.000000000000000,0.000000000000000,0.000000000000000,0.000000000000000,0.000000000000000,0.000000000000000,0.000000000000000,0.000000000000000,0.000000000000000,0.000000000000000,0.000000000000000,0.000000000000000,0.000000000000000,0.000000000000000,0.000000000000000,0.000000000000000,0.000000000000000,0.000000000000000,0.000000000000000
1,2,37,5.936507936507940,17.864367816092000,30.150081566068500,41.533494713615400,53.456350839431100,65.414381496403400,77.500387130413800,89.654748355180400,101.765913595326000,113.462580497502000,125.279978435420000,137.671601366508000,149.592588452542000,161.474126141688000,173.562151287718000,185.519544169223000,197.574552458839000,209.690905269577000,216.000000000000000,0.000000000000000,0.000000000000000,0.000000000000000,0.000000000000000,0.000000000000000,0.000000000000000,0.000000000000000,0.000000000000000,0.000000000000000,0.000000000000000,0.000000000000000,0.000000000000000,0.000000000000000,0.000000000000000,0.000000000000000,0.000000000000000,0.000000000000000,0.000000000000000,0.000000000000000,0.000000000000000,0.000000000000000,0.000000000000000,0.000000000000000,0.000000000000000,0.000000000000000,0.000000000000000,0.000000000000000,0.000000000000000,0.000000000000000,0.000000000000000,0.000000000000000
1,2,38,6.540229885057470,17.562814070351800,29.714975223615400,41.471696267852900,53.534650106854700,65.708127643188600,77.534759171459700,89.523826549641200,101.769438918688000,113.683211859490000,125.493328895039000,137.534191096979000,149.517661643975000,161.567467891489000,173.621937782748000,185.536342198114000,197.476829048112000,209.628078363129000,221.598693490494000,228.000000000000000,0.000000000000000,0.000000000000000,0.000000000000000,0.000000000000000,0.000000000000000,0.000000000000000,0.000000000000000,0.000000000000000,0.000000000000000,0.000000000000000,0.000000000000000,0.000000000000000,0.000000000000000,0.000000000000000,0.000000000000000,0.000000000000000,0.000000000000000,0.000000000000000,0.000000000000000,0.000000000000000,0.000000000000000,0.000000000000000,0.000000000000000,0.000000000000000,0.000000000000000,0.000000000000000,0.000000000000000,0.000000000000000,0.000000000000000,0.000000000000000
1,2,39,6.764925373134330,17.829145728643200,29.512758094785000,41.284931506849300,53.653745604565100,65.639167923469800,77.635732245015000,89.551547861233700,101.719161624285000,113.624481130721000,125.497516667442000,137.534499057015000,149.434491494608000,161.535070839479000,173.555389354904000,185.567905054263000,197.604252695327000,209.416227339852000,221.796833761239000,233.662259728305000,240.000000000000000,0.000000000000000,0.000000000000000,0.000000000000000,0.000000000000000,0.000000000000000,0.000000000000000,0.000000000000000,0.000000000000000,0.000000000000000,0.000000000000000,0.000000000000000,0.000000000000000,0.000000000000000,0.000000000000000,0.000000000000000,0.000000000000000,0.000000000000000,0.000000000000000,0.000000000000000,0.000000000000000,0.000000000000000,0.000000000000000,0.000000000000000,0.000000000000000,0.000000000000000,0.000000000000000,0.000000000000000,0.000000000000000,0.000000000000000
1,2,40,6.071428571428570,17.796703296703300,29.666394037373600,41.413976847740000,53.678336504700100,65.403860010254400,77.456351676416500,89.449284518369400,101.622222804969000,113.504559802854000,125.228976227168000,137.474099494634000,149.534316863235000,161.635446973819000,173.445504644077000,185.551185068984000,197.525716070726000,209.377040598621000,221.617315162820000,233.668476871931000,245.648035688159000,252.000000000000000,0.000000000000000,0.000000000000000,0.000000000000000,0.000000000000000,0.000000000000000,0.000000000000000,0.000000000000000,0.000000000000000,0.000000000000000,0.000000000000000,0.000000000000000,0.000000000000000,0.000000000000000,0.000000000000000,0.000000000000000,0.000000000000000,0.000000000000000,0.000000000000000,0.000000000000000,0.000000000000000,0.000000000000000,0.000000000000000,0.000000000000000,0.000000000000000,0.000000000000000,0.000000000000000,0.000000000000000,0.000000000000000
1,2,41,6.280193236714980,17.734335839599000,29.785077483018300,41.551545821312800,53.502246974468900,65.600329237196700,77.574373966561800,89.409310943482000,101.456330613573000,113.518726761767000,125.676359019022000,137.446332982793000,149.531718878051000,161.587806744396000,173.569766760227000,185.636832502900000,197.434690853907000,209.372495899839000,221.464119124378000,233.529804635270000,245.685165214997000,257.619775606493000,264.000000000000000,0.000000000000000,0.000000000000000,0.000000000000000,0.000000000000000,0.000000000000000,0.000000000000000,0.000000000000000,0.000000000000000,0.000000000000000,0.000000000000000,0.000000000000000,0.000000000000000,0.000000000000000,0.000000000000000,0.000000000000000,0.000000000000000,0.000000000000000,0.000000000000000,0.000000000000000,0.000000000000000,0.000000000000000,0.000000000000000,0.000000000000000,0.000000000000000,0.000000000000000,0.000000000000000,0.000000000000000
1,2,42,6.346456692913390,17.389978962747700,29.690376569037700,41.578634023519300,53.477909774845000,65.684299569798200,77.551842304594100,89.539462692958200,101.513373542158000,113.437193227122000,125.566376294289000,137.489718693441000,149.708748568546000,161.639380005663000,173.444818935813000,185.848405474063000,197.421950443359000,209.454578485861000,221.594592213729000,233.501580733214000,245.446068246424000,257.722818893618000,269.729498302258000,276.000000000000000,0.000000000000000,0.000000000000000,0.000000000000000,0.000000000000000,0.000000000000000,0.000000000000000,0.000000000000000,0.000000000000000,0.000000000000000,0.000000000000000,0.000000000000000,0.000000000000000,0.000000000000000,0.000000000000000,0.000000000000000,0.000000000000000,0.000000000000000,0.000000000000000,0.000000000000000,0.000000000000000,0.000000000000000,0.000000000000000,0.000000000000000,0.000000000000000,0.000000000000000,0.000000000000000
1,2,43,6.094861660079050,17.506265664160400,29.735517439893500,41.510689806989000,53.650611670318000,65.725076462591800,77.258543318306100,89.413495195040500,101.725013804059000,113.420392416294000,125.575732138826000,137.369801174145000,149.436068740284000,161.469943777140000,173.466769720526000,185.556230156237000,197.567091027699000,209.364658078821000,221.525892598802000,233.557683569119000,245.404633106927000,257.504316869202000,269.622482855949000,281.663234343770000,288.000000000000000,0.000000000000000,0.000000000000000,0.000000000000000,0.000000000000000,0.000000000000000,0.000000000000000,0.000000000000000,0.000000000000000,0.000000000000000,0.000000000000000,0.000000000000000,0.000000000000000,0.000000000000000,0.000000000000000,0.000000000000000,0.000000000000000,0.000000000000000,0.000000000000000,0.000000000000000,0.000000000000000,0.000000000000000,0.000000000000000,0.000000000000000,0.000000000000000,0.000000000000000
1,2,44,6.450000000000000,17.459057071960300,29.576709796672800,41.530782029950100,53.579878779656300,65.641903637009700,77.555207918108600,89.613657585101700,102.384523058498000,113.683468327794000,125.550275489692000,137.584680053682000,149.430286218172000,161.497543144619000,173.354977900922000,185.625491262184000,197.572355320342000,209.704266171744000,221.490778704136000,233.521814160048000,245.393217480280000,257.344260582213000,269.547676418447000,281.591431746558000,293.615365175986000,300.000000000000000,0.000000000000000,0.000000000000000,0.000000000000000,0.000000000000000,0.000000000000000,0.000000000000000,0.000000000000000,0.000000000000000,0.000000000000000,0.000000000000000,0.000000000000000,0.000000000000000,0.000000000000000,0.000000000000000,0.000000000000000,0.000000000000000,0.000000000000000,0.000000000000000,0.000000000000000,0.000000000000000,0.000000000000000,0.000000000000000,0.000000000000000,0.000000000000000
1,2,45,6.390334572490710,17.446922234476700,29.511669658886900,41.542962118745300,53.282694511700700,65.396642547795500,77.445924069503200,89.565448527382600,102.227593415757000,113.421218268407000,125.608891038181000,137.550256331199000,149.337957259183000,161.411300095789000,173.484551462166000,185.751004705836000,197.590137516458000,209.429824857478000,221.394707182181000,233.338914488204000,245.521351600477000,257.343420878773000,269.667798568943000,281.762885734664000,293.464213314836000,305.720651913549000,312.000000000000000,0.000000000000000,0.000000000000000,0.000000000000000,0.000000000000000,0.000000000000000,0.000000000000000,0.000000000000000,0.000000000000000,0.000000000000000,0.000000000000000,0.000000000000000,0.000000000000000,0.000000000000000,0.000000000000000,0.000000000000000,0.000000000000000,0.000000000000000,0.000000000000000,0.000000000000000,0.000000000000000,0.000000000000000,0.000000000000000,0.000000000000000
1,2,46,6.241379310344830,17.545634920634900,29.455117453386100,41.757360555926800,53.470983423395000,65.356091030789800,77.366361825046400,89.377298708061100,102.149840452694000,113.781996923211000,125.438918351718000,137.288901555059000,149.583233926889000,161.422279120891000,173.585211596271000,185.661700875936000,197.587944491444000,209.650929897089000,221.489304970171000,233.351050302104000,245.417445632713000,257.352963883425000,269.596237317321000,281.350353759012000,293.470953816533000,305.570423909920000,317.664658834972000,324.000000000000000,0.000000000000000,0.000000000000000,0.000000000000000,0.000000000000000,0.000000000000000,0.000000000000000,0.000000000000000,0.000000000000000,0.000000000000000,0.000000000000000,0.000000000000000,0.000000000000000,0.000000000000000,0.000000000000000,0.000000000000000,0.000000000000000,0.000000000000000,0.000000000000000,0.000000000000000,0.000000000000000,0.000000000000000,0.000000000000000
1,2,47,6.599774204992380,17.605072463768100,29.780736049334800,41.617808219178100,53.358768406961200,65.492479785102700,77.371456153625700,89.644501049652600,101.935625158726000,113.718537793045000,125.404436494020000,137.571606762334000,149.547844365193000,161.438037147041000,173.385334088881000,185.527916767771000,197.539810824813000,209.585009514045000,221.569883264139000,233.376629281459000,245.516726785691000,257.439811536481000,269.343089447656000,281.591692034661000,293.349261405548000,305.457940443220000,317.463030064421000,329.693211233177000,336.000000000000000,0.000000000000000,0.000000000000000,0.000000000000000,0.000000000000000,0.000000000000000,0.000000000000000,0.000000000000000,0.000000000000000,0.000000000000000,0.000000000000000,0.000000000000000,0.000000000000000,0.000000000000000,0.000000000000000,0.000000000000000,0.000000000000000,0.000000000000000,0.000000000000000,0.000000000000000,0.000000000000000,0.000000000000000
1,2,48,6.724299065420560,17.282170542635700,29.411907223178400,41.498809755359500,53.160223874770400,65.635860417023000,77.424314290401700,89.578622403511300,101.845593016740000,113.631364616379000,125.451005896315000,137.483917210853000,149.545869052911000,161.506690862123000,173.522508758771000,185.356299225545000,197.678392948097000,209.583284205322000,221.500743533733000,233.325829688572000,245.422837691267000,257.270313687384000,269.505519644475000,281.429117517136000,293.533514796566000,305.347418191097000,317.434098131260000,329.605697992520000,341.626503087081000,348.000000000000000,0.000000000000000,0.000000000000000,0.000000000000000,0.000000000000000,0.000000000000000,0.000000000000000,0.000000000000000,0.000000000000000,0.000000000000000,0.000000000000000,0.000000000000000,0.000000000000000,0.000000000000000,0.000000000000000,0.000000000000000,0.000000000000000,0.000000000000000,0.000000000000000,0.000000000000000,0.000000000000000
1,2,49,5.991337577763290,17.529188782145200,29.446810492978500,41.202770780856400,53.533822150660100,65.586391008145900,77.581250433978400,89.509184658822400,101.610609429504000,113.496199622695000,125.455204121745000,137.234675034466000,149.390603179415000,161.479119841343000,173.695175610113000,185.377366103870000,197.433436822479000,209.722278433263000,221.511660652754000,233.320235146259000,245.595585618157000,257.238962305378000,269.539976096229000,281.485089940887000,293.535293039578000,305.441563425233000,317.250228338408000,329.297844110590000,341.501500068724000,353.586338515513000,360.000000000000000,0.000000000000000,0.000000000000000,0.000000000000000,0.000000000000000,0.000000000000000,0.000000000000000,0.000000000000000,0.000000000000000,0.000000000000000,0.000000000000000,0.000000000000000,0.000000000000000,0.000000000000000,0.000000000000000,0.000000000000000,0.000000000000000,0.000000000000000,0.000000000000000,0.000000000000000
1,2,50,6.569230769230770,17.349628631442400,29.404761904761900,41.441164714515800,53.439855151198400,65.516642726536700,77.388847001238600,89.721657097449900,101.311608917377000,113.606532471543000,125.538837853712000,137.348853086106000,149.362525588943000,161.573469839006000,173.412250079405000,185.574131666090000,197.639076767871000,209.558248086780000,221.635634363733000,233.408553891724000,245.378349616627000,257.541200204703000,269.560688767045000,281.567529519437000,293.562832214760000,305.372360781004000,317.379115362601000,329.390887433112000,341.476265443717000,353.480233211407000,365.607538757161000,372.000000000000000,0.000000000000000,0.000000000000000,0.000000000000000,0.000000000000000,0.000000000000000,0.000000000000000,0.000000000000000,0.000000000000000,0.000000000000000,0.000000000000000,0.000000000000000,0.000000000000000,0.000000000000000,0.000000000000000,0.000000000000000,0.000000000000000,0.000000000000000,0.000000000000000
1,2,51,6.558431096275220,17.221179624664900,29.331751755686500,41.236146534286100,53.560664520414900,65.355378602376700,77.205165697578600,89.314495342531000,101.459905660377000,113.863360468069000,125.553244815317000,137.533125476516000,149.427437724732000,161.212442278341000,173.537698941952000,185.467793587983000,197.385582918030000,209.257944427623000,221.421581787942000,233.607053370710000,245.376410188996000,257.384913215135000,269.307369790222000,281.474619571335000,293.422329449733000,305.121594346374000,317.164780964407000,329.392366090132000,341.324393658720000,353.173497740821000,365.310856529282000,376.731955452363000,384.000000000000000,0.000000000000000,0.000000000000000,0.000000000000000,0.000000000000000,0.000000000000000,0.000000000000000,0.000000000000000,0.000000000000000,0.000000000000000,0.000000000000000,0.000000000000000,0.000000000000000,0.000000000000000,0.000000000000000,0.000000000000000,0.000000000000000,0.000000000000000
1,2,52,6.416666666666670,17.182035928143700,29.226342645296800,41.164833875218200,53.449284534629900,65.290593379237100,77.553667715971200,89.269463837322100,101.340341655716000,113.569951213984000,125.340074121427000,137.140637994914000,149.415769600725000,161.195732825829000,173.512700581347000,185.390451882516000,197.583745692928000,209.543145144649000,221.654486960036000,233.610312460588000,245.498859850039000,257.498030296236000,269.377812155601000,281.485015664280000,293.217196602150000,305.349344312149000,317.289382000428000,329.353156005529000,341.379532735761000,353.233592068397000,365.248636490673000,375.888664784640000,389.317007076642000,396.000000000000000,0.000000000000000,0.000000000000000,0.000000000000000,0.000000000000000,0.000000000000000,0.000000000000000,0.000000000000000,0.000000000000000,0.000000000000000,0.000000000000000,0.000000000000000,0.000000000000000,0.000000000000000,0.000000000000000,0.000000000000000,0.000000000000000
1,2,53,6.649310872894330,17.172084504951900,29.211193241816300,41.385730211817200,53.409571294083400,65.301514975674200,77.256365822669000,89.551668808713200,101.682181917324000,113.518252215873000,125.356777595642000,137.434149395261000,149.385668818650000,161.322982808550000,173.506057559750000,185.461661620343000,197.275849918461000,209.598327480396000,221.505815003701000,233.384549587959000,245.374070461045000,257.363495733467000,269.294736982539000,281.407038669558000,293.387952374863000,305.404425980480000,317.538436495568000,329.354311454411000,341.386135868925000,353.446581028966000,365.280883698127000,375.902492521895000,389.068371793270000,401.417437292256000,408.000000000000000,0.000000000000000,0.000000000000000,0.000000000000000,0.000000000000000,0.000000000000000,0.000000000000000,0.000000000000000,0.000000000000000,0.000000000000000,0.000000000000000,0.000000000000000,0.000000000000000,0.000000000000000,0.000000000000000,0.000000000000000
1,2,54,6.542899408284020,17.069983524662000,29.252581098504900,41.323313831626600,53.343886462882100,65.436516264428100,77.437669467492000,89.389739010873800,102.196967420675000,113.538226307682000,125.397145879741000,137.445556749835000,149.480269594146000,161.322312285095000,173.399059222313000,185.485808665292000,197.479466331121000,209.623268429743000,221.381897829794000,233.452798769720000,245.483774072076000,257.336754142985000,269.434015173209000,281.466161870721000,293.316830422585000,305.336370210273000,317.530974591949000,329.356822932100000,341.337428428005000,353.291322770974000,365.374271779088000,376.783197799422000,388.677514136117000,401.090014279076000,413.339747781561000,420.000000000000000,0.000000000000000,0.000000000000000,0.000000000000000,0.000000000000000,0.000000000000000,0.000000000000000,0.000000000000000,0.000000000000000,0.000000000000000,0.000000000000000,0.000000000000000,0.000000000000000,0.000000000000000,0.000000000000000
1,2,55,6.494934876989870,17.223096762627000,29.188050930460300,41.188789838851000,53.245793151660600,65.242941606939300,77.349928768446400,89.333770635921500,102.251762336354000,113.636911501238000,125.473153183141000,137.576039135655000,149.628009535017000,161.293653183515000,173.507732409256000,185.295256411659000,197.533463865672000,209.529276963666000,221.427896714103000,233.467549467293000,245.263226809078000,257.260813571615000,269.242272313041000,281.390671586616000,293.150489262249000,305.568545847408000,317.568874761741000,329.473738180285000,341.346578963317000,353.262457705141000,365.173537731953000,376.991479259622000,389.018119249845000,400.757284523942000,413.186084286990000,424.986232070619000,432.000000000000000,0.000000000000000,0.000000000000000,0.000000000000000,0.000000000000000,0.000000000000000,0.000000000000000,0.000000000000000,0.000000000000000,0.000000000000000,0.000000000000000,0.000000000000000,0.000000000000000,0.000000000000000
1,2,56,6.389177024355390,17.108557538371200,29.150780094921400,41.348406510732000,53.258121408002400,65.376325613469800,77.394423542565000,89.562047762199200,102.079205853761000,113.837400282521000,125.276854023610000,137.412443737521000,149.392598897205000,161.497556745153000,173.357261135818000,185.416215354243000,197.164055264438000,209.722871674975000,221.441411096936000,233.342542195309000,245.063623476582000,257.485524891561000,269.183637505964000,281.365684719064000,293.544804548907000,305.454710739851000,317.514920734555000,329.417582575141000,341.478921046789000,353.247136089333000,365.265248492160000,376.964897084253000,388.870455802145000,400.978496446610000,412.694235929013000,425.195991091314000,437.492165394306000,444.000000000000000,0.000000000000000,0.000000000000000,0.000000000000000,0.000000000000000,0.000000000000000,0.000000000000000,0.000000000000000,0.000000000000000,0.000000000000000,0.000000000000000,0.000000000000000,0.000000000000000
1,2,57,6.611718412532700,16.952616463584000,28.957424481699700,41.193052772211100,53.323817892928200,65.006705783738500,77.211417314126700,89.188236350517700,101.745540783516000,113.750852353447000,125.364857650015000,137.344470046083000,149.391876651012000,161.273049429480000,173.429403683454000,185.292474183931000,197.363531236210000,209.206364814647000,221.444613709440000,233.565838197524000,245.562830071426000,257.301915131485000,269.310166839796000,281.592300752389000,293.319583552819000,305.508278740534000,317.449182067526000,329.605892057562000,341.283757549978000,353.459864421522000,365.181119580708000,377.042571999438000,389.141082064719000,401.066630054768000,412.976371726947000,424.629955036556000,437.115537848606000,449.242766414665000,456.000000000000000,0.000000000000000,0.000000000000000,0.000000000000000,0.000000000000000,0.000000000000000,0.000000000000000,0.000000000000000,0.000000000000000,0.000000000000000,0.000000000000000,0.000000000000000
1,2,58,6.612145748987850,16.963496637848200,28.860652555422900,41.018321146230900,53.163973066264000,65.455959344509000,77.240252172830600,89.163626771983500,101.197890053261000,113.321458326842000,125.267894406614000,137.399328297299000,149.327605956472000,161.440153845895000,173.116650156501000,185.216029827569000,197.188792926445000,209.604661434246000,221.249762396730000,233.390165270147000,245.311795296907000,257.423505574173000,269.388977512901000,281.559795966462000,293.603331741475000,305.434646320591000,317.351884657873000,329.301117080126000,341.586512924064000,353.450408230590000,365.362877322079000,377.264893380879000,389.236491850504000,401.031585631378000,413.158819623206000,424.861837324878000,436.087038750982000,449.083674952673000,461.240100169216000,468.000000000000000,0.000000000000000,0.000000000000000,0.000000000000000,0.000000000000000,0.000000000000000,0.000000000000000,0.000000000000000,0.000000000000000,0.000000000000000,0.000000000000000
1,2,59,6.529411764705880,16.939809523809500,29.060590077091600,40.998630319357500,53.010644798953300,65.173915148396500,77.141612288937100,89.354074074074100,101.271719487888000,113.237223385627000,125.249522050437000,137.091485791756000,149.230304987223000,161.351129363450000,173.133167844303000,185.326785632800000,197.469181237645000,209.351676146586000,221.609136035426000,233.524463274785000,245.427343250541000,257.393263226706000,269.444320903242000,281.450714211855000,293.273865874993000,305.393025371544000,317.418513075223000,329.508614148909000,341.464526487104000,353.548265526575000,365.249356397750000,377.402051048636000,389.449290048560000,401.181392951074000,413.275311968790000,425.053577088732000,436.706237956524000,448.558457569392000,461.027194753771000,473.110827146371000,480.000000000000000,0.000000000000000,0.000000000000000,0.000000000000000,0.000000000000000,0.000000000000000,0.000000000000000,0.000000000000000,0.000000000000000,0.000000000000000
1,2,60,6.664215686274510,16.946778711484600,28.766990291262100,41.193877551020400,52.917197452229300,65.887218045112800,77.254237288135600,88.968253968254000,101.090909090909000,113.066666666667000,125.841463414634000,137.319444444444000,149.306451612903000,160.913043478261000,173.866666666667000,184.982456140351000,197.890625000000000,209.511111111111000,221.260000000000000,233.644067796610000,244.833333333333000,257.000000000000000,269.163265306122000,281.437500000000000,293.911764705882000,304.680851063830000,318.131578947368000,330.194444444444000,340.673076923077000,353.982142857143000,365.923076923077000,378.034482758621000,389.354838709677000,401.292307692308000,412.870370370370000,425.389830508475000,436.695652173913000,448.701149425287000,460.397058823529000,472.346666666667000,484.994594594595000,492.000000000000000,0.000000000000000,0.000000000000000,0.000000000000000,0.000000000000000,0.000000000000000,0.000000000000000,0.000000000000000,0.000000000000000
1,2,61,6.447963800904980,17.176587301587300,28.922509225092200,41.453271028037400,52.957575757575800,65.084615384615400,77.489655172413800,89.183486238532100,101.085106382979000,113.226804123711000,125.829787234043000,137.539473684211000,150.169014084507000,161.246376811594000,173.766666666667000,185.070175438596000,197.409090909091000,209.144927536232000,221.037037037037000,233.390625000000000,246.020408163265000,257.461538461538000,270.145161290323000,281.431372549020000,293.489361702128000,306.553191489362000,317.795918367347000,329.109090909091000,340.558139534884000,352.285714285714000,366.707317073171000,377.803571428571000,389.400000000000000,401.800000000000000,413.320000000000000,425.597222222222000,437.196428571429000,449.242857142857000,461.311827956989000,473.236111111111000,484.876923076923000,496.313333333333000,504.000000000000000,0.000000000000000,0.000000000000000,0.000000000000000,0.000000000000000,0.000000000000000,0.000000000000000,0.000000000000000
1,2,62,6.509090909090910,17.845394736842100,29.458937198067600,40.807432432432400,53.345000000000000,65.103030303030300,77.741721854304600,89.008196721311500,101.066037735849000,113.254545454545000,124.808988764045000,138.137931034483000,149.779220779221000,161.422535211268000,173.760000000000000,185.338709677419000,197.311111111111000,209.500000000000000,221.277777777778000,234.650000000000000,245.421052631579000,257.452380952381000,269.560000000000000,280.189189189189000,293.325581395349000,304.614035087719000,316.955555555556000,330.370370370370000,341.350877192982000,354.290322580645000,365.555555555556000,377.950819672131000,389.265625000000000,402.442307692308000,413.763636363636000,425.116666666667000,437.540229885057000,449.118421052632000,461.694444444444000,473.260869565217000,484.516853932584000,496.738461538461000,508.191666666667000,516.000000000000000,0.000000000000000,0.000000000000000,0.000000000000000,0.000000000000000,0.000000000000000,0.000000000000000
1,2,63,6.758928571428570,16.760273972602700,29.905349794238700,41.367924528301900,52.995327102803700,64.716981132075500,77.220588235294100,90.008695652173900,101.076335877863000,113.633027522936000,125.029126213592000,137.488095238095000,149.104477611940000,161.738461538462000,172.413793103448000,184.531250000000000,197.483333333333000,209.140000000000000,221.415094339623000,232.210526315789000,244.588235294118000,258.425000000000000,268.870370370370000,281.775000000000000,293.857142857143000,304.909090909091000,317.588235294118000,328.860000000000000,341.300000000000000,353.452380952381000,366.537037037037000,377.000000000000000,388.725000000000000,401.051724137931000,412.975609756098000,426.000000000000000,436.876923076923000,449.716666666667000,462.301587301587000,472.573529411765000,484.905882352941000,496.841463414634000,509.415384615385000,520.834862385321000,528.000000000000000,0.000000000000000,0.000000000000000,0.000000000000000,0.000000000000000,0.000000000000000
1,2,64,6.535714285714290,16.826530612244900,29.494505494505500,41.618320610687000,53.438271604938300,64.856164383561600,77.045045045045000,89.758333333333300,100.916666666667000,113.877777777778000,124.835294117647000,137.133333333333000,149.032258064516000,161.459016393443000,173.409836065574000,185.046875000000000,198.022727272727000,208.416666666667000,221.906976744186000,233.018867924528000,245.234042553191000,257.000000000000000,268.307692307692000,282.000000000000000,292.689655172414000,305.764705882353000,316.604651162791000,330.666666666667000,341.714285714286000,354.088235294118000,365.125000000000000,377.825000000000000,389.700000000000000,400.743589743590000,413.043478260870000,425.244897959184000,437.391304347826000,449.637931034483000,461.227272727273000,473.378787878788000,484.888888888889000,496.833333333333000,508.145454545455000,521.137931034483000,532.636363636364000,540.000000000000000,0.000000000000000,0.000000000000000,0.000000000000000,0.000000000000000
1,2,65,5.000000000000000,19.000000000000000,31.000000000000000,41.500000000000000,53.000000000000000,61.000000000000000,0.000000000000000,0.000000000000000,0.000000000000000,0.000000000000000,0.000000000000000,0.000000000000000,0.000000000000000,161.000000000000000,171.000000000000000,186.000000000000000,0.000000000000000,0.000000000000000,0.000000000000000,0.000000000000000,0.000000000000000,0.000000000000000,0.000000000000000,0.000000000000000,0.000000000000000,306.000000000000000,0.000000000000000,0.000000000000000,0.000000000000000,0.000000000000000,368.000000000000000,373.000000000000000,0.000000000000000,398.000000000000000,412.000000000000000,424.333333333333000,439.000000000000000,449.000000000000000,459.333333333333000,473.666666666667000,488.000000000000000,493.500000000000000,505.500000000000000,523.000000000000000,532.500000000000000,541.000000000000000,0.000000000000000,0.000000000000000,0.000000000000000,0.000000000000000
1,2,66,5.000000000000000,16.000000000000000,30.333333333333300,47.000000000000000,0.000000000000000,0.000000000000000,0.000000000000000,91.000000000000000,106.000000000000000,0.000000000000000,0.000000000000000,0.000000000000000,0.000000000000000,0.000000000000000,0.000000000000000,0.000000000000000,0.000000000000000,0.000000000000000,0.000000000000000,0.000000000000000,0.000000000000000,0.000000000000000,0.000000000000000,0.000000000000000,0.000000000000000,0.000000000000000,323.000000000000000,0.000000000000000,346.000000000000000,0.000000000000000,0.000000000000000,0.000000000000000,0.000000000000000,404.500000000000000,415.000000000000000,424.000000000000000,438.000000000000000,452.000000000000000,460.000000000000000,473.000000000000000,485.833333333333000,492.000000000000000,0.000000000000000,0.000000000000000,529.500000000000000,0.000000000000000,0.000000000000000,0.000000000000000,0.000000000000000,0.000000000000000
1,2,67,7.250000000000000,18.000000000000000,30.250000000000000,37.500000000000000,0.000000000000000,0.000000000000000,0.000000000000000,0.000000000000000,0.000000000000000,0.000000000000000,0.000000000000000,0.000000000000000,0.000000000000000,158.000000000000000,0.000000000000000,0.000000000000000,0.000000000000000,205.000000000000000,0.000000000000000,0.000000000000000,0.000000000000000,0.000000000000000,0.000000000000000,0.000000000000000,292.000000000000000,0.000000000000000,323.000000000000000,0.000000000000000,0.000000000000000,0.000000000000000,0.000000000000000,0.000000000000000,391.000000000000000,0.000000000000000,0.000000000000000,421.000000000000000,437.500000000000000,453.000000000000000,463.500000000000000,474.000000000000000,481.000000000000000,498.500000000000000,513.000000000000000,521.500000000000000,539.000000000000000,0.000000000000000,0.000000000000000,0.000000000000000,0.000000000000000,0.000000000000000
1,2,68,4.666666666666670,0.000000000000000,26.000000000000000,38.000000000000000,0.000000000000000,0.000000000000000,0.000000000000000,0.000000000000000,0.000000000000000,118.000000000000000,0.000000000000000,0.000000000000000,0.000000000000000,0.000000000000000,0.000000000000000,0.000000000000000,196.000000000000000,0.000000000000000,0.000000000000000,0.000000000000000,0.000000000000000,0.000000000000000,0.000000000000000,0.000000000000000,0.000000000000000,306.000000000000000,0.000000000000000,0.000000000000000,339.000000000000000,0.000000000000000,366.000000000000000,372.000000000000000,0.000000000000000,404.000000000000000,411.500000000000000,429.000000000000000,437.000000000000000,452.000000000000000,463.000000000000000,473.000000000000000,0.000000000000000,497.500000000000000,513.500000000000000,522.000000000000000,0.000000000000000,0.000000000000000,0.000000000000000,0.000000000000000,0.000000000000000,0.000000000000000
1,2,69,0.000000000000000,0.000000000000000,32.500000000000000,45.000000000000000,48.000000000000000,0.000000000000000,0.000000000000000,0.000000000000000,98.000000000000000,0.000000000000000,0.000000000000000,0.000000000000000,149.000000000000000,0.000000000000000,0.000000000000000,0.000000000000000,0.000000000000000,0.000000000000000,0.000000000000000,0.000000000000000,0.000000000000000,0.000000000000000,0.000000000000000,0.000000000000000,0.000000000000000,0.000000000000000,0.000000000000000,0.000000000000000,0.000000000000000,0.000000000000000,0.000000000000000,0.000000000000000,0.000000000000000,0.000000000000000,0.000000000000000,0.000000000000000,0.000000000000000,446.000000000000000,0.000000000000000,0.000000000000000,486.000000000000000,493.000000000000000,0.000000000000000,0.000000000000000,0.000000000000000,545.000000000000000,0.000000000000000,0.000000000000000,0.000000000000000,0.000000000000000
1,3,20,2.224682600869630,4.081257127805690,0.000000000000000,0.000000000000000,0.000000000000000,0.000000000000000,0.000000000000000,0.000000000000000,0.000000000000000,0.000000000000000,0.000000000000000,0.000000000000000,0.000000000000000,0.000000000000000,0.000000000000000,0.000000000000000,0.000000000000000,0.000000000000000,0.000000000000000,0.000000000000000,0.000000000000000,0.000000000000000,0.000000000000000,0.000000000000000,0.000000000000000,0.000000000000000,0.000000000000000,0.000000000000000,0.000000000000000,0.000000000000000,0.000000000000000,0.000000000000000,0.000000000000000,0.000000000000000,0.000000000000000,0.000000000000000,0.000000000000000,0.000000000000000,0.000000000000000,0.000000000000000,0.000000000000000,0.000000000000000,0.000000000000000,0.000000000000000,0.000000000000000,0.000000000000000,0.000000000000000,0.000000000000000,0.000000000000000,0.000000000000000
1,3,21,2.416195504829450,6.291154144502500,7.881408727372830,0.000000000000000,0.000000000000000,0.000000000000000,0.000000000000000,0.000000000000000,0.000000000000000,0.000000000000000,0.000000000000000,0.000000000000000,0.000000000000000,0.000000000000000,0.000000000000000,0.000000000000000,0.000000000000000,0.000000000000000,0.000000000000000,0.000000000000000,0.000000000000000,0.000000000000000,0.000000000000000,0.000000000000000,0.000000000000000,0.000000000000000,0.000000000000000,0.000000000000000,0.000000000000000,0.000000000000000,0.000000000000000,0.000000000000000,0.000000000000000,0.000000000000000,0.000000000000000,0.000000000000000,0.000000000000000,0.000000000000000,0.000000000000000,0.000000000000000,0.000000000000000,0.000000000000000,0.000000000000000,0.000000000000000,0.000000000000000,0.000000000000000,0.000000000000000,0.000000000000000,0.000000000000000,0.000000000000000
1,3,22,2.453493752892180,5.971261448137900,9.457612925013590,10.559654076950200,0.000000000000000,0.000000000000000,0.000000000000000,0.000000000000000,0.000000000000000,0.000000000000000,0.000000000000000,0.000000000000000,0.000000000000000,0.000000000000000,0.000000000000000,0.000000000000000,0.000000000000000,0.000000000000000,0.000000000000000,0.000000000000000,0.000000000000000,0.000000000000000,0.000000000000000,0.000000000000000,0.000000000000000,0.000000000000000,0.000000000000000,0.000000000000000,0.000000000000000,0.000000000000000,0.000000000000000,0.000000000000000,0.000000000000000,0.000000000000000,0.000000000000000,0.000000000000000,0.000000000000000,0.000000000000000,0.000000000000000,0.000000000000000,0.000000000000000,0.000000000000000,0.000000000000000,0.000000000000000,0.000000000000000,0.000000000000000,0.000000000000000,0.000000000000000,0.000000000000000,0.000000000000000
1,3,23,2.331371394938200,6.224712270880700,9.063864526090440,13.035085602192400,15.165735567970200,0.000000000000000,0.000000000000000,0.000000000000000,0.000000000000000,0.000000000000000,0.000000000000000,0.000000000000000,0.000000000000000,0.000000000000000,0.000000000000000,0.000000000000000,0.000000000000000,0.000000000000000,0.000000000000000,0.000000000000000,0.000000000000000,0.000000000000000,0.000000000000000,0.000000000000000,0.000000000000000,0.000000000000000,0.000000000000000,0.000000000000000,0.000000000000000,0.000000000000000,0.000000000000000,0.000000000000000,0.000000000000000,0.000000000000000,0.000000000000000,0.000000000000000,0.000000000000000,0.000000000000000,0.000000000000000,0.000000000000000,0.000000000000000,0.000000000000000,0.000000000000000,0.000000000000000,0.000000000000000,0.000000000000000,0.000000000000000,0.000000000000000,0.000000000000000,0.000000000000000
1,3,24,2.388532751428590,6.443194884134540,9.219677126837230,13.041641085585800,17.523821006090100,18.877811094452800,0.000000000000000,0.000000000000000,0.000000000000000,0.000000000000000,0.000000000000000,0.000000000000000,0.000000000000000,0.000000000000000,0.000000000000000,0.000000000000000,0.000000000000000,0.000000000000000,0.000000000000000,0.000000000000000,0.000000000000000,0.000000000000000,0.000000000000000,0.000000000000000,0.000000000000000,0.000000000000000,0.000000000000000,0.000000000000000,0.000000000000000,0.000000000000000,0.000000000000000,0.000000000000000,0.000000000000000,0.000000000000000,0.000000000000000,0.000000000000000,0.000000000000000,0.000000000000000,0.000000000000000,0.000000000000000,0.000000000000000,0.000000000000000,0.000000000000000,0.000000000000000,0.000000000000000,0.000000000000000,0.000000000000000,0.000000000000000,0.000000000000000,0.000000000000000
1,3,25,2.507769237441650,6.333783925781600,9.819892001768760,12.704310416663400,16.395059805415000,20.305876744606600,23.877697841726600,0.000000000000000,0.000000000000000,0.000000000000000,0.000000000000000,0.000000000000000,0.000000000000000,0.000000000000000,0.000000000000000,0.000000000000000,0.000000000000000,0.000000000000000,0.000000000000000,0.000000000000000,0.000000000000000,0.000000000000000,0.000000000000000,0.000000000000000,0.000000000000000,0.000000000000000,0.000000000000000,0.000000000000000,0.000000000000000,0.000000000000000,0.000000000000000,0.000000000000000,0.000000000000000,0.000000000000000,0.000000000000000,0.000000000000000,0.000000000000000,0.000000000000000,0.000000000000000,0.000000000000000,0.000000000000000,0.000000000000000,0.000000000000000,0.000000000000000,0.000000000000000,0.000000000000000,0.000000000000000,0.000000000000000,0.000000000000000,0.000000000000000
1,3,26,2.412182741116750,6.474402730375430,10.028887467903000,13.319890985153300,17.114444822775000,20.482335846284600,22.912676872836500,25.075916230366500,0.000000000000000,0.000000000000000,0.000000000000000,0.000000000000000,0.000000000000000,0.000000000000000,0.000000000000000,0.000000000000000,0.000000000000000,0.000000000000000,0.000000000000000,0.000000000000000,0.000000000000000,0.000000000000000,0.000000000000000,0.000000000000000,0.000000000000000,0.000000000000000,0.000000000000000,0.000000000000000,0.000000000000000,0.000000000000000,0.000000000000000,0.000000000000000,0.000000000000000,0.000000000000000,0.000000000000000,0.000000000000000,0.000000000000000,0.000000000000000,0.000000000000000,0.000000000000000,0.000000000000000,0.000000000000000,0.000000000000000,0.000000000000000,0.000000000000000,0.000000000000000,0.000000000000000,0.000000000000000,0.000000000000000,0.000000000000000
1,3,27,2.476032510009870,6.607584501236600,10.589038968164200,14.452172592962200,17.999080357460900,21.525934197023800,23.479041760762600,26.947248405447000,28.554549262035700,0.000000000000000,0.000000000000000,0.000000000000000,0.000000000000000,0.000000000000000,0.000000000000000,0.000000000000000,0.000000000000000,0.000000000000000,0.000000000000000,0.000000000000000,0.000000000000000,0.000000000000000,0.000000000000000,0.000000000000000,0.000000000000000,0.000000000000000,0.000000000000000,0.000000000000000,0.000000000000000,0.000000000000000,0.000000000000000,0.000000000000000,0.000000000000000,0.000000000000000,0.000000000000000,0.000000000000000,0.000000000000000,0.000000000000000,0.000000000000000,0.000000000000000,0.000000000000000,0.000000000000000,0.000000000000000,0.000000000000000,0.000000000000000,0.000000000000000,0.000000000000000,0.000000000000000,0.000000000000000,0.000000000000000
1,3,28,2.455974842767300,7.092574734811960,10.479871754879000,14.605300261677500,18.671221821905400,22.404147215991800,25.556167470487500,28.229986219938100,29.288290164466500,29.416274114017100,0.000000000000000,0.000000000000000,0.000000000000000,0.000000000000000,0.000000000000000,0.000000000000000,0.000000000000000,0.000000000000000,0.000000000000000,0.000000000000000,0.000000000000000,0.000000000000000,0.000000000000000,0.000000000000000,0.000000000000000,0.000000000000000,0.000000000000000,0.000000000000000,0.000000000000000,0.000000000000000,0.000000000000000,0.000000000000000,0.000000000000000,0.000000000000000,0.000000000000000,0.000000000000000,0.000000000000000,0.000000000000000,0.000000000000000,0.000000000000000,0.000000000000000,0.000000000000000,0.000000000000000,0.000000000000000,0.000000000000000,0.000000000000000,0.000000000000000,0.000000000000000,0.000000000000000,0.000000000000000
1,3,29,2.441330998248690,6.544028950542820,10.244179602750700,14.863244447986700,19.213028052885100,23.139134004105200,25.978516101480500,29.714743885404800,31.086212035812900,33.064385653713100,37.173419773095600,0.000000000000000,0.000000000000000,0.000000000000000,0.000000000000000,0.000000000000000,0.000000000000000,0.000000000000000,0.000000000000000,0.000000000000000,0.000000000000000,0.000000000000000,0.000000000000000,0.000000000000000,0.000000000000000,0.000000000000000,0.000000000000000,0.000000000000000,0.000000000000000,0.000000000000000,0.000000000000000,0.000000000000000,0.000000000000000,0.000000000000000,0.000000000000000,0.000000000000000,0.000000000000000,0.000000000000000,0.000000000000000,0.000000000000000,0.000000000000000,0.000000000000000,0.000000000000000,0.000000000000000,0.000000000000000,0.000000000000000,0.000000000000000,0.000000000000000,0.000000000000000,0.000000000000000
1,3,30,2.480842911877390,7.355876793887870,10.044289764463100,15.708207516902500,20.062335503844600,23.031393947533000,28.087154233394700,29.341185957695100,33.881946887952600,34.578072418327500,37.957752519400400,38.281997243403800,0.000000000000000,0.000000000000000,0.000000000000000,0.000000000000000,0.000000000000000,0.000000000000000,0.000000000000000,0.000000000000000,0.000000000000000,0.000000000000000,0.000000000000000,0.000000000000000,0.000000000000000,0.000000000000000,0.000000000000000,0.000000000000000,0.000000000000000,0.000000000000000,0.000000000000000,0.000000000000000,0.000000000000000,0.000000000000000,0.000000000000000,0.000000000000000,0.000000000000000,0.000000000000000,0.000000000000000,0.000000000000000,0.000000000000000,0.000000000000000,0.000000000000000,0.000000000000000,0.000000000000000,0.000000000000000,0.000000000000000,0.000000000000000,0.000000000000000,0.000000000000000
1,3,31,2.176856631187490,6.589869281045750,10.874014507844700,14.585753552467300,19.040580543156300,25.401999619346600,29.622674976896400,30.466104396092800,35.422034168498300,36.006903805396000,40.769675839257400,40.838974482196500,41.050040537129800,0.000000000000000,0.000000000000000,0.000000000000000,0.000000000000000,0.000000000000000,0.000000000000000,0.000000000000000,0.000000000000000,0.000000000000000,0.000000000000000,0.000000000000000,0.000000000000000,0.000000000000000,0.000000000000000,0.000000000000000,0.000000000000000,0.000000000000000,0.000000000000000,0.000000000000000,0.000000000000000,0.000000000000000,0.000000000000000,0.000000000000000,0.000000000000000,0.000000000000000,0.000000000000000,0.000000000000000,0.000000000000000,0.000000000000000,0.000000000000000,0.000000000000000,0.000000000000000,0.000000000000000,0.000000000000000,0.000000000000000,0.000000000000000,0.000000000000000
1,3,32,2.559633027522940,7.192407665840220,10.711875227540000,15.586660891227100,20.649158668019000,24.665285635219900,30.045284704331500,34.227073521901100,37.798579415464600,41.656223040875600,42.434549011213300,44.850703110516800,44.811400355889100,43.587735120687700,0.000000000000000,0.000000000000000,0.000000000000000,0.000000000000000,0.000000000000000,0.000000000000000,0.000000000000000,0.000000000000000,0.000000000000000,0.000000000000000,0.000000000000000,0.000000000000000,0.000000000000000,0.000000000000000,0.000000000000000,0.000000000000000,0.000000000000000,0.000000000000000,0.000000000000000,0.000000000000000,0.000000000000000,0.000000000000000,0.000000000000000,0.000000000000000,0.000000000000000,0.000000000000000,0.000000000000000,0.000000000000000,0.000000000000000,0.000000000000000,0.000000000000000,0.000000000000000,0.000000000000000,0.000000000000000,0.000000000000000,0.000000000000000
1,3,33,2.335877862595420,7.025000000000000,11.467741935483900,16.224876369498400,20.267609288571900,25.851754402888300,30.972503414456800,34.372597382675100,37.553264893734100,43.658104751991800,45.648603844335700,46.120948139032300,47.961282268685700,50.216821735489900,52.406297924165600,0.000000000000000,0.000000000000000,0.000000000000000,0.000000000000000,0.000000000000000,0.000000000000000,0.000000000000000,0.000000000000000,0.000000000000000,0.000000000000000,0.000000000000000,0.000000000000000,0.000000000000000,0.000000000000000,0.000000000000000,0.000000000000000,0.000000000000000,0.000000000000000,0.000000000000000,0.000000000000000,0.000000000000000,0.000000000000000,0.000000000000000,0.000000000000000,0.000000000000000,0.000000000000000,0.000000000000000,0.000000000000000,0.000000000000000,0.000000000000000,0.000000000000000,0.000000000000000,0.000000000000000,0.000000000000000,0.000000000000000
1,3,34,3.073878627968340,7.121406433713420,11.103575832305800,16.399911179531400,21.072255685502000,26.896405326230100,31.126098750605000,36.653227286613200,36.810019189492300,44.140531391449600,47.577722582928600,53.789197736045000,51.883460744607900,53.150312448882500,54.222520089590300,58.005120147065900,0.000000000000000,0.000000000000000,0.000000000000000,0.000000000000000,0.000000000000000,0.000000000000000,0.000000000000000,0.000000000000000,0.000000000000000,0.000000000000000,0.000000000000000,0.000000000000000,0.000000000000000,0.000000000000000,0.000000000000000,0.000000000000000,0.000000000000000,0.000000000000000,0.000000000000000,0.000000000000000,0.000000000000000,0.000000000000000,0.000000000000000,0.000000000000000,0.000000000000000,0.000000000000000,0.000000000000000,0.000000000000000,0.000000000000000,0.000000000000000,0.000000000000000,0.000000000000000,0.000000000000000,0.000000000000000
1,3,35,2.785402273277030,7.480519480519480,11.395034484083000,17.202279993927300,22.559699242777900,26.121257319362500,32.253229609280300,38.849133464626200,36.552496606239200,47.900764207200100,49.534971662028800,55.260840085024600,56.287377903928600,56.128577667919500,56.584763693172700,58.951663851917800,64.871657754010700,0.000000000000000,0.000000000000000,0.000000000000000,0.000000000000000,0.000000000000000,0.000000000000000,0.000000000000000,0.000000000000000,0.000000000000000,0.000000000000000,0.000000000000000,0.000000000000000,0.000000000000000,0.000000000000000,0.000000000000000,0.000000000000000,0.000000000000000,0.000000000000000,0.000000000000000,0.000000000000000,0.000000000000000,0.000000000000000,0.000000000000000,0.000000000000000,0.000000000000000,0.000000000000000,0.000000000000000,0.000000000000000,0.000000000000000,0.000000000000000,0.000000000000000,0.000000000000000,0.000000000000000
1,3,36,2.820810582959040,8.416996047430830,12.562450785140500,18.094302188038600,22.169774143637300,25.985505626911800,33.782720771469700,37.107246466181300,38.352853566132200,49.267439929031000,52.085779336370500,52.676561988685400,58.504744852771700,58.596177811654100,64.576838461762500,61.620989914768200,64.017490340110800,67.457305502846300,0.000000000000000,0.000000000000000,0.000000000000000,0.000000000000000,0.000000000000000,0.000000000000000,0.000000000000000,0.000000000000000,0.000000000000000,0.000000000000000,0.000000000000000,0.000000000000000,0.000000000000000,0.000000000000000,0.000000000000000,0.000000000000000,0.000000000000000,0.000000000000000,0.000000000000000,0.000000000000000,0.000000000000000,0.000000000000000,0.000000000000000,0.000000000000000,0.000000000000000,0.000000000000000,0.000000000000000,0.000000000000000,0.000000000000000,0.000000000000000,0.000000000000000,0.000000000000000
1,3,37,3.194444444444440,8.639080459770120,13.164763458401300,17.849754836356800,22.631319125138500,28.044499831775200,34.139601827215400,40.967193618745000,39.784580421818000,48.697121757415200,55.183042984587800,61.125560661915100,62.992633929272300,62.033460519514700,68.150885541267800,63.453327344115000,75.291709419720500,69.127126028812600,78.939423839380100,0.000000000000000,0.000000000000000,0.000000000000000,0.000000000000000,0.000000000000000,0.000000000000000,0.000000000000000,0.000000000000000,0.000000000000000,0.000000000000000,0.000000000000000,0.000000000000000,0.000000000000000,0.000000000000000,0.000000000000000,0.000000000000000,0.000000000000000,0.000000000000000,0.000000000000000,0.000000000000000,0.000000000000000,0.000000000000000,0.000000000000000,0.000000000000000,0.000000000000000,0.000000000000000,0.000000000000000,0.000000000000000,0.000000000000000,0.000000000000000,0.000000000000000
1,3,38,3.260536398467430,8.364321608040200,13.334539517826800,19.019656087797600,23.779379022831600,30.655068815216800,36.272706362589900,40.913413839651500,44.102827245540300,48.967611408490300,54.001912626112600,59.199822903375100,63.444577914802600,66.445703640865900,70.892818392819100,73.899750386418200,75.993609692387500,78.754319040307000,75.561244532041800,82.344822682671100,0.000000000000000,0.000000000000000,0.000000000000000,0.000000000000000,0.000000000000000,0.000000000000000,0.000000000000000,0.000000000000000,0.000000000000000,0.000000000000000,0.000000000000000,0.000000000000000,0.000000000000000,0.000000000000000,0.000000000000000,0.000000000000000,0.000000000000000,0.000000000000000,0.000000000000000,0.000000000000000,0.000000000000000,0.000000000000000,0.000000000000000,0.000000000000000,0.000000000000000,0.000000000000000,0.000000000000000,0.000000000000000,0.000000000000000,0.000000000000000
1,3,39,3.283582089552240,8.655778894472360,14.781206415740700,19.416438356164400,24.191993276637300,30.614819349010200,37.896488997496800,41.626737820776600,45.359492306738800,51.095855273446900,56.132291587650100,59.620697433412000,65.865110591077800,64.767603578050700,74.512724276291400,79.342059372696800,77.958779036987400,80.230750523752100,81.599846789076000,80.995567257674800,83.474789915966400,0.000000000000000,0.000000000000000,0.000000000000000,0.000000000000000,0.000000000000000,0.000000000000000,0.000000000000000,0.000000000000000,0.000000000000000,0.000000000000000,0.000000000000000,0.000000000000000,0.000000000000000,0.000000000000000,0.000000000000000,0.000000000000000,0.000000000000000,0.000000000000000,0.000000000000000,0.000000000000000,0.000000000000000,0.000000000000000,0.000000000000000,0.000000000000000,0.000000000000000,0.000000000000000,0.000000000000000,0.000000000000000,0.000000000000000
1,3,40,3.090225563909770,8.434065934065930,14.654681064605400,19.234413555890000,25.155666325518900,32.315462354793200,36.533296295089400,43.612034058053200,48.646996138327200,49.751741228696200,55.121317920969900,62.921046589173600,69.711535047299000,68.133991479681000,75.375556531824800,82.104970751618300,83.658717016710500,87.777555988797600,91.933145914304300,89.693909890373400,88.520885437314500,91.225130588067800,0.000000000000000,0.000000000000000,0.000000000000000,0.000000000000000,0.000000000000000,0.000000000000000,0.000000000000000,0.000000000000000,0.000000000000000,0.000000000000000,0.000000000000000,0.000000000000000,0.000000000000000,0.000000000000000,0.000000000000000,0.000000000000000,0.000000000000000,0.000000000000000,0.000000000000000,0.000000000000000,0.000000000000000,0.000000000000000,0.000000000000000,0.000000000000000,0.000000000000000,0.000000000000000,0.000000000000000,0.000000000000000
1,3,41,3.202898550724640,8.967418546365910,14.180552701088300,20.763002420075500,26.025155166530000,31.868163179502200,37.237858269786000,41.090693981027900,48.702194356796500,53.766250026273000,59.930819317708200,62.316796525335700,69.829106823508200,76.004239465328000,85.569967983660000,86.167071490098600,88.253476887273900,92.962534016582400,95.612738858945000,96.904507148358800,94.847964139859400,94.981623727891800,93.385858585858600,0.000000000000000,0.000000000000000,0.000000000000000,0.000000000000000,0.000000000000000,0.000000000000000,0.000000000000000,0.000000000000000,0.000000000000000,0.000000000000000,0.000000000000000,0.000000000000000,0.000000000000000,0.000000000000000,0.000000000000000,0.000000000000000,0.000000000000000,0.000000000000000,0.000000000000000,0.000000000000000,0.000000000000000,0.000000000000000,0.000000000000000,0.000000000000000,0.000000000000000,0.000000000000000,0.000000000000000
1,3,42,3.602362204724410,9.809189621180330,14.650627615062800,20.297775584885800,27.570500424181200,32.628528226528600,39.015366345430000,45.930959664994300,48.286793464109300,54.677996354198600,59.809406488638900,67.151296774611700,71.028829456261200,73.978957971131300,79.611543256120400,86.905143961067300,89.528098317645200,97.900221632484900,99.991114736172700,102.127034278066000,98.212492225384800,101.736717078628000,99.319989112587200,104.719601664522000,0.000000000000000,0.000000000000000,0.000000000000000,0.000000000000000,0.000000000000000,0.000000000000000,0.000000000000000,0.000000000000000,0.000000000000000,0.000000000000000,0.000000000000000,0.000000000000000,0.000000000000000,0.000000000000000,0.000000000000000,0.000000000000000,0.000000000000000,0.000000000000000,0.000000000000000,0.000000000000000,0.000000000000000,0.000000000000000,0.000000000000000,0.000000000000000,0.000000000000000,0.000000000000000
1,3,43,3.822134387351780,9.666666666666670,16.101319846538200,20.300564352713100,27.294763040249200,34.587040232328300,40.003410999817500,43.644146999565600,45.909387597361200,54.971118856008700,61.523619876379300,65.881763475567600,68.540581254800400,74.838216583926900,81.061951009098300,88.805234349707800,97.010045972774300,104.971440029190000,99.808221320939300,107.518057492784000,106.988185517891000,106.987021933157000,99.247539328901700,102.481341704487000,104.074666972456000,0.000000000000000,0.000000000000000,0.000000000000000,0.000000000000000,0.000000000000000,0.000000000000000,0.000000000000000,0.000000000000000,0.000000000000000,0.000000000000000,0.000000000000000,0.000000000000000,0.000000000000000,0.000000000000000,0.000000000000000,0.000000000000000,0.000000000000000,0.000000000000000,0.000000000000000,0.000000000000000,0.000000000000000,0.000000000000000,0.000000000000000,0.000000000000000,0.000000000000000
1,3,44,3.915384615384620,9.394540942928040,15.129390018484300,21.637271214642300,28.304165147759800,33.338849350950200,41.103792249524500,44.973741493432000,42.838738873876400,55.130241753254300,59.486674895918600,67.180727709782600,68.097515810988600,75.985410656230100,86.458717280170400,84.124676591939400,95.872247192000200,101.576142844679000,106.366791081198000,115.360070639968000,110.465844617182000,111.183821901929000,114.932684593077000,110.809787627238000,109.622424739882000,111.251961157738000,0.000000000000000,0.000000000000000,0.000000000000000,0.000000000000000,0.000000000000000,0.000000000000000,0.000000000000000,0.000000000000000,0.000000000000000,0.000000000000000,0.000000000000000,0.000000000000000,0.000000000000000,0.000000000000000,0.000000000000000,0.000000000000000,0.000000000000000,0.000000000000000,0.000000000000000,0.000000000000000,0.000000000000000,0.000000000000000,0.000000000000000,0.000000000000000
1,3,45,4.126394052044610,10.181823813579400,15.741472172351900,23.335594137401200,27.564862475038900,33.903342923330900,38.302151288857800,45.570058340119000,38.974448591358700,56.922016394305700,61.630094158018400,66.923031791115800,73.033584903828000,77.394887875715000,81.252122510411200,94.040482493349600,94.489474828431100,100.902088792989000,106.900012151426000,113.345592199109000,114.017762226158000,117.917014100360000,116.194632737933000,118.917279830879000,112.909761785890000,110.059275689678000,117.161973789478000,0.000000000000000,0.000000000000000,0.000000000000000,0.000000000000000,0.000000000000000,0.000000000000000,0.000000000000000,0.000000000000000,0.000000000000000,0.000000000000000,0.000000000000000,0.000000000000000,0.000000000000000,0.000000000000000,0.000000000000000,0.000000000000000,0.000000000000000,0.000000000000000,0.000000000000000,0.000000000000000,0.000000000000000,0.000000000000000,0.000000000000000
1,3,46,4.272413793103450,11.142857142857100,16.833866844962100,23.021446852071800,28.993301196427700,35.464524765729600,40.662427746226300,48.046354183299500,42.129269912024400,55.799621257344800,61.037767218215200,66.302287705813500,70.313899712686800,76.514292852411700,84.124379165932000,87.546618549154800,96.191235251119300,103.597984756966000,104.214011228905000,113.380291159955000,116.704177240287000,122.143137458410000,116.163326465741000,120.022090158131000,126.311029543042000,131.653335898340000,113.869307685647000,120.189225261851000,0.000000000000000,0.000000000000000,0.000000000000000,0.000000000000000,0.000000000000000,0.000000000000000,0.000000000000000,0.000000000000000,0.000000000000000,0.000000000000000,0.000000000000000,0.000000000000000,0.000000000000000,0.000000000000000,0.000000000000000,0.000000000000000,0.000000000000000,0.000000000000000,0.000000000000000,0.000000000000000,0.000000000000000,0.000000000000000
1,3,47,4.376803499093590,11.134057971014500,18.013434712545000,24.204109589041100,29.317269076305200,34.788861499446800,42.034152962227600,47.791513203373100,46.161287352348900,54.493106008598200,63.781516118025500,70.263950926546900,73.619537714324800,76.582325237117200,88.740190892147400,89.334196294881200,93.349448034495300,102.185729072267000,108.089450429433000,116.352125992740000,113.558919201988000,126.556326476845000,125.046633072383000,134.244834184243000,131.473858004221000,127.274811967816000,123.078862685778000,112.281445461264000,126.949493157187000,0.000000000000000,0.000000000000000,0.000000000000000,0.000000000000000,0.000000000000000,0.000000000000000,0.000000000000000,0.000000000000000,0.000000000000000,0.000000000000000,0.000000000000000,0.000000000000000,0.000000000000000,0.000000000000000,0.000000000000000,0.000000000000000,0.000000000000000,0.000000000000000,0.000000000000000,0.000000000000000,0.000000000000000
1,3,48,4.764018691588790,11.083720930232600,17.340341644826600,24.779383148527100,30.619897941180300,37.148068456559900,42.712210777398800,47.976352798917600,50.728370175329100,54.527006534048900,59.353179728402500,68.012901032894500,72.474016851837000,75.328588791183700,82.367623909457400,95.638638436911900,97.645839070183800,103.011385483738000,110.491976579167000,115.672868432133000,124.575635220816000,122.981708473644000,131.257198096773000,129.835787952386000,133.582966741925000,142.170821548677000,131.944231613879000,125.507050966561000,120.777280255175000,136.143127176953000,0.000000000000000,0.000000000000000,0.000000000000000,0.000000000000000,0.000000000000000,0.000000000000000,0.000000000000000,0.000000000000000,0.000000000000000,0.000000000000000,0.000000000000000,0.000000000000000,0.000000000000000,0.000000000000000,0.000000000000000,0.000000000000000,0.000000000000000,0.000000000000000,0.000000000000000,0.000000000000000
1,3,49,4.155920176901020,10.855154930541800,18.015091786032600,24.243073047858900,31.069658835122600,37.048172599321600,42.762163657263000,50.014719995497400,55.006906131233100,55.183575651327200,64.299713904851500,68.728943599872700,73.135358435009500,79.206903236012600,83.307983543814700,86.867127528180100,96.314709350357300,100.255127244599000,108.750580801889000,117.736021155674000,125.763087939084000,123.407623399785000,129.204111250884000,129.302468144662000,137.561784912529000,140.132849278213000,134.833306155792000,133.924583064929000,134.928421903117000,122.343206682810000,115.482587064677000,0.000000000000000,0.000000000000000,0.000000000000000,0.000000000000000,0.000000000000000,0.000000000000000,0.000000000000000,0.000000000000000,0.000000000000000,0.000000000000000,0.000000000000000,0.000000000000000,0.000000000000000,0.000000000000000,0.000000000000000,0.000000000000000,0.000000000000000,0.000000000000000,0.000000000000000
1,3,50,4.654945054945050,11.306392441744200,18.418767507002800,24.110023803633700,31.611116936683300,38.936858426215900,45.699426055738600,50.471590134565900,52.949278061099500,56.949457588085200,66.926843480730700,65.200143752937500,66.732494910591000,77.448687993371000,84.946680351467500,88.639534251076200,100.101310448012000,101.989328085105000,106.947350940103000,116.369726322675000,121.836772463519000,122.489508664327000,127.592580348770000,131.146138303882000,138.774706672095000,149.522210280745000,146.737305845016000,155.894250630015000,143.409752553422000,144.730505720858000,122.645128792646000,137.272925039080000,0.000000000000000,0.000000000000000,0.000000000000000,0.000000000000000,0.000000000000000,0.000000000000000,0.000000000000000,0.000000000000000,0.000000000000000,0.000000000000000,0.000000000000000,0.000000000000000,0.000000000000000,0.000000000000000,0.000000000000000,0.000000000000000,0.000000000000000,0.000000000000000
1,3,51,4.753695206017850,11.863270777479900,18.295056761111000,25.022999244085300,32.090246022434100,38.697087139258700,44.810917548759500,50.175166390243900,55.393867924528300,56.769129114568100,62.318424134222200,68.996551252929500,72.831042413479500,78.597978058220400,85.560084885698300,87.436388244974200,94.785090912946800,98.442173341399700,108.011084356001000,117.765947576822000,120.969153458593000,126.657622317480000,130.247007814447000,137.805243401382000,143.024090512135000,149.904503682531000,156.941387629449000,155.598311517372000,152.414892361332000,156.266551677457000,136.286803888877000,124.043532580884000,108.983972512788000,0.000000000000000,0.000000000000000,0.000000000000000,0.000000000000000,0.000000000000000,0.000000000000000,0.000000000000000,0.000000000000000,0.000000000000000,0.000000000000000,0.000000000000000,0.000000000000000,0.000000000000000,0.000000000000000,0.000000000000000,0.000000000000000,0.000000000000000
1,3,52,4.894444444444440,11.961676646706600,19.417920938674900,26.977615036451200,33.282678684606800,38.424078963080100,43.615807985367600,51.765135576883200,55.161629434954000,58.144917339482100,65.230168522561500,71.336009573122600,75.297619853323100,77.734181424186100,84.065461164796800,92.249318094279000,98.819790433405500,105.113440931655000,110.652646018736000,117.767845979057000,130.317393534752000,129.910352271820000,134.304347674995000,131.327900575368000,146.718370951818000,151.007960259997000,157.089755404896000,163.659035559394000,167.346884019252000,164.179475528399000,154.007267198472000,175.654805892813000,110.247204561978000,109.508361204013000,0.000000000000000,0.000000000000000,0.000000000000000,0.000000000000000,0.000000000000000,0.000000000000000,0.000000000000000,0.000000000000000,0.000000000000000,0.000000000000000,0.000000000000000,0.000000000000000,0.000000000000000,0.000000000000000,0.000000000000000,0.000000000000000
1,3,53,4.957120980091880,12.863987284930500,19.616684266103500,27.898550724637700,32.868062191614300,37.452230676911400,44.386001124481900,48.353205221229100,51.151064099085500,59.796324318097200,67.431493785504300,68.391015228507800,76.684567913348000,77.844640033757900,85.535026300471100,94.208766920701000,102.741419283869000,103.362338052941000,110.208479478423000,116.636527891951000,124.123751416174000,125.192391247457000,129.264877671376000,142.679072503117000,135.318523250665000,151.140394776498000,165.747669190313000,163.508272181512000,162.662379086891000,176.091378210292000,174.667176724463000,188.366755708685000,154.086006614543000,116.544076239636000,110.909638554217000,0.000000000000000,0.000000000000000,0.000000000000000,0.000000000000000,0.000000000000000,0.000000000000000,0.000000000000000,0.000000000000000,0.000000000000000,0.000000000000000,0.000000000000000,0.000000000000000,0.000000000000000,0.000000000000000,0.000000000000000
1,3,54,4.958579881656800,12.325666827622900,20.831241033406600,27.328037445888400,35.037117903930100,40.460650577124900,48.751753767334100,52.115158638835800,42.410309571276600,59.995401838349000,64.798181869764900,71.401345366649700,74.859753465931200,79.992956592622100,86.453986164632000,93.841322869884900,92.149558529523600,100.456698072793000,113.940534526466000,114.198841347282000,121.074838936437000,128.591007239844000,130.074565132575000,144.688063630967000,149.131177213557000,154.497071051624000,161.195425507409000,165.841841755829000,177.086393799116000,183.197669890034000,178.330271165559000,193.543421700035000,175.520367315535000,157.666733901819000,117.426908646330000,102.594155844156000,0.000000000000000,0.000000000000000,0.000000000000000,0.000000000000000,0.000000000000000,0.000000000000000,0.000000000000000,0.000000000000000,0.000000000000000,0.000000000000000,0.000000000000000,0.000000000000000,0.000000000000000,0.000000000000000
1,3,55,5.266280752532560,13.157152697273700,20.578844270323200,27.803192219737700,34.485121780331700,40.987481169986400,46.552387482546400,53.188337402657100,45.040281973816700,57.608161564964100,66.076478702741800,71.525969687282400,78.147651747064400,80.875456170810700,87.299534366917100,89.553940818707700,98.882354979369600,106.663200219713000,110.115255223197000,115.225631898858000,120.354348355281000,128.718418457886000,131.833885963117000,135.107792711048000,137.542933284980000,151.664069486059000,166.064998371346000,163.281006217246000,176.116213177639000,176.995073367498000,184.143566837406000,192.422376889154000,184.138621856607000,182.202503167139000,168.017374338647000,117.200855898919000,101.000000000000000,0.000000000000000,0.000000000000000,0.000000000000000,0.000000000000000,0.000000000000000,0.000000000000000,0.000000000000000,0.000000000000000,0.000000000000000,0.000000000000000,0.000000000000000,0.000000000000000,0.000000000000000
1,3,56,5.194017757991270,13.157207183529600,21.583726863710400,28.962684815283300,34.530699925315500,43.045391353776300,48.369785337172000,52.897596080221400,50.487411623499900,63.370666432434900,70.449053877635100,71.045163600550200,78.757147865858400,83.859169558997700,89.575596715255400,94.137103427697100,97.405434226990300,103.069217692507000,112.254932050362000,114.613499491242000,120.097166918670000,132.153649765494000,133.438376669940000,138.028023974822000,145.920914258665000,147.380668307315000,167.966834296781000,168.336795033026000,181.659293528058000,191.016699918400000,195.355727532527000,205.574640622944000,203.422680683667000,201.671474056137000,206.243380623466000,168.139198218263000,129.127869250192000,134.018987341772000,0.000000000000000,0.000000000000000,0.000000000000000,0.000000000000000,0.000000000000000,0.000000000000000,0.000000000000000,0.000000000000000,0.000000000000000,0.000000000000000,0.000000000000000,0.000000000000000
1,3,57,5.241307452108040,13.525470513140200,21.815312788412700,29.840347361389400,36.643827173328200,43.369656328583400,48.724771446364500,55.852515893272900,54.121347430737900,60.384870057687100,72.036516615548800,72.422811059907800,79.638093992678300,84.910738009036800,90.812296421136300,100.654356196351000,105.958177599443000,108.977852732630000,116.862664833966000,124.139019534403000,123.134779607070000,135.379990093438000,137.832077545349000,146.120702266879000,149.501562333223000,158.860913635932000,166.381728175588000,169.300795780981000,177.147841834799000,182.810927820583000,197.151269055884000,199.730922132957000,213.072574972967000,213.419427266921000,212.510160989524000,207.584539806813000,176.981075697211000,135.232681875179000,122.229729729730000,0.000000000000000,0.000000000000000,0.000000000000000,0.000000000000000,0.000000000000000,0.000000000000000,0.000000000000000,0.000000000000000,0.000000000000000,0.000000000000000,0.000000000000000
1,3,58,5.514979757085020,13.743035542747400,22.497003478143200,30.999018176822700,38.776214801646100,44.152127580457500,50.998185073372900,57.617859784322600,62.474206503321100,68.443216422761300,74.492619173052000,78.503984264188700,81.680412371134000,89.834201130593700,91.033029184389800,101.069661912071000,103.380809495325000,114.876184745242000,113.655743124687000,119.268071321461000,126.113681052536000,129.037393421726000,141.120374062495000,146.029597908094000,150.095524895105000,155.438624191335000,170.270622603016000,176.335248325250000,180.766449791657000,195.465259513581000,203.365047402671000,208.840480614545000,220.123071249415000,225.541129531049000,231.951782954685000,225.744278147402000,234.345105798707000,206.418309419111000,161.618991369092000,157.849420849421000,0.000000000000000,0.000000000000000,0.000000000000000,0.000000000000000,0.000000000000000,0.000000000000000,0.000000000000000,0.000000000000000,0.000000000000000,0.000000000000000
1,3,59,5.478810879190390,14.174857142857100,22.763895620684400,31.734376909694600,39.023117587591800,45.902330316009000,52.733344260325000,60.330370370370400,65.350548967343200,70.634745700153800,71.787349603794600,76.953613481338700,84.177741145993800,91.875770020533900,96.035962060669100,100.271781152963000,105.983227860326000,106.204459169494000,121.883861194551000,123.147700825723000,129.980812062788000,136.411897618431000,141.456531072653000,144.078571993427000,151.230350242943000,156.967964529380000,170.778862532669000,176.442020090728000,178.341657464097000,190.664970831518000,196.147333861514000,214.555588735527000,210.820060678387000,227.049556776671000,231.371816126144000,236.704947757354000,243.272342441064000,230.398085636126000,218.330000928779000,171.524464900094000,141.500000000000000,0.000000000000000,0.000000000000000,0.000000000000000,0.000000000000000,0.000000000000000,0.000000000000000,0.000000000000000,0.000000000000000,0.000000000000000
1,3,60,6.397058823529410,15.691876750700300,25.500000000000000,36.433673469387800,44.070063694267500,51.323308270676700,58.618644067796600,68.246031746031700,78.920454545454500,84.233333333333300,93.207317073170700,109.861111111111000,111.322580645161000,131.753623188406000,140.483333333333000,144.333333333333000,154.656250000000000,146.622222222222000,168.680000000000000,173.677966101695000,193.904761904762000,195.762711864407000,206.040816326531000,211.666666666667000,250.000000000000000,214.148936170213000,217.789473684211000,268.250000000000000,263.442307692308000,285.428571428571000,271.519230769231000,289.017241379310000,298.483870967742000,286.923076923077000,273.759259259259000,260.169491525424000,314.942028985507000,305.666666666667000,312.147058823529000,311.933333333333000,291.302702702703000,298.571428571429000,0.000000000000000,0.000000000000000,0.000000000000000,0.000000000000000,0.000000000000000,0.000000000000000,0.000000000000000,0.000000000000000
1,3,61,6.298642533936650,16.412698412698400,26.708487084870800,36.439252336448600,44.296969696969700,51.746153846153800,63.137931034482800,69.596330275229400,74.085106382978700,93.525773195876300,90.542553191489400,95.592105263157900,101.112676056338000,118.579710144928000,131.850000000000000,131.035087719298000,162.469696969697000,144.782608695652000,170.037037037037000,173.281250000000000,178.755102040816000,194.115384615385000,201.758064516129000,210.882352941176000,193.574468085106000,243.638297872340000,239.612244897959000,248.636363636364000,243.348837209302000,258.595238095238000,258.292682926829000,256.214285714286000,272.200000000000000,271.500000000000000,248.980000000000000,302.666666666667000,288.500000000000000,310.385714285714000,264.849462365591000,277.694444444444000,266.046153846154000,297.453333333333000,364.800000000000000,0.000000000000000,0.000000000000000,0.000000000000000,0.000000000000000,0.000000000000000,0.000000000000000,0.000000000000000
1,3,62,6.318181818181820,17.315789473684200,28.770531400966200,38.361486486486500,48.560000000000000,56.812121212121200,67.205298013245000,75.803278688524600,77.377358490566000,87.345454545454500,91.932584269662900,105.609195402299000,119.025974025974000,125.915492957746000,138.500000000000000,136.177419354839000,147.911111111111000,166.735294117647000,163.074074074074000,148.600000000000000,168.526315789474000,182.571428571429000,192.280000000000000,213.783783783784000,207.209302325581000,224.456140350877000,229.377777777778000,234.351851851852000,232.438596491228000,243.161290322581000,248.600000000000000,257.262295081967000,268.531250000000000,266.865384615385000,261.218181818182000,300.483333333333000,282.540229885057000,300.065789473684000,240.666666666667000,287.333333333333000,277.280898876404000,259.184615384615000,323.091666666667000,384.500000000000000,0.000000000000000,0.000000000000000,0.000000000000000,0.000000000000000,0.000000000000000,0.000000000000000
1,3,63,6.616071428571430,16.424657534246600,28.802469135802500,40.382075471698100,50.686915887850500,58.861635220125800,67.330882352941200,76.939130434782600,84.809160305343500,95.247706422018400,98.844660194174800,102.119047619048000,108.223880597015000,121.569230769231000,119.844827586207000,136.500000000000000,146.783333333333000,151.900000000000000,160.811320754717000,164.394736842105000,177.294117647059000,166.775000000000000,169.166666666667000,195.000000000000000,213.163265306122000,220.454545454545000,244.235294117647000,238.440000000000000,261.525000000000000,223.738095238095000,253.000000000000000,255.211538461539000,214.325000000000000,244.896551724138000,269.097560975610000,272.282608695652000,257.015384615385000,283.033333333333000,279.873015873016000,271.823529411765000,260.388235294118000,251.134146341463000,249.476923076923000,330.844036697248000,351.000000000000000,0.000000000000000,0.000000000000000,0.000000000000000,0.000000000000000,0.000000000000000
1,3,64,6.357142857142860,16.428571428571400,27.956043956044000,39.877862595419800,51.941358024691400,60.876712328767100,71.810810810810800,82.358333333333300,87.324074074074100,95.477777777777800,97.376470588235300,101.893333333333000,113.564516129032000,126.606557377049000,123.377049180328000,135.796875000000000,132.795454545455000,148.666666666667000,157.139534883721000,163.150943396226000,171.425531914894000,185.472727272727000,169.564102564103000,216.850000000000000,183.655172413793000,199.029411764706000,215.534883720930000,213.277777777778000,233.166666666667000,251.735294117647000,260.125000000000000,256.750000000000000,246.550000000000000,262.641025641026000,237.565217391304000,273.326530612245000,240.913043478261000,287.793103448276000,278.727272727273000,282.863636363636000,287.349206349206000,237.233333333333000,310.090909090909000,270.844827586207000,330.009090909091000,190.000000000000000,0.000000000000000,0.000000000000000,0.000000000000000,0.000000000000000
1,3,65,3.428571428571430,19.000000000000000,31.000000000000000,41.500000000000000,2.000000000000000,61.000000000000000,0.000000000000000,0.000000000000000,0.000000000000000,0.000000000000000,0.000000000000000,0.000000000000000,0.000000000000000,41.000000000000000,3.000000000000000,3.000000000000000,0.000000000000000,0.000000000000000,0.000000000000000,0.000000000000000,0.000000000000000,0.000000000000000,0.000000000000000,0.000000000000000,0.000000000000000,28.000000000000000,0.000000000000000,0.000000000000000,0.000000000000000,0.000000000000000,4.000000000000000,7.000000000000000,0.000000000000000,4.000000000000000,4.000000000000000,21.333333333333300,3.000000000000000,24.500000000000000,53.333333333333300,27.000000000000000,38.750000000000000,30.000000000000000,56.500000000000000,63.000000000000000,94.000000000000000,103.500000000000000,0.000000000000000,0.000000000000000,0.000000000000000,0.000000000000000
1,3,66,5.000000000000000,16.000000000000000,21.000000000000000,47.000000000000000,0.000000000000000,0.000000000000000,0.000000000000000,24.000000000000000,41.000000000000000,0.000000000000000,0.000000000000000,0.000000000000000,0.000000000000000,0.000000000000000,0.000000000000000,0.000000000000000,0.000000000000000,0.000000000000000,0.000000000000000,0.000000000000000,0.000000000000000,0.000000000000000,0.000000000000000,0.000000000000000,0.000000000000000,0.000000000000000,9.000000000000000,0.000000000000000,20.000000000000000,0.000000000000000,0.000000000000000,0.000000000000000,0.000000000000000,13.000000000000000,24.500000000000000,26.500000000000000,42.000000000000000,1.000000000000000,52.333333333333300,85.500000000000000,30.666666666666700,12.000000000000000,0.000000000000000,0.000000000000000,55.500000000000000,0.000000000000000,0.000000000000000,0.000000000000000,0.000000000000000,0.000000000000000
1,3,67,7.250000000000000,17.000000000000000,30.250000000000000,37.500000000000000,0.000000000000000,0.000000000000000,0.000000000000000,0.000000000000000,0.000000000000000,0.000000000000000,0.000000000000000,0.000000000000000,0.000000000000000,31.000000000000000,0.000000000000000,0.000000000000000,0.000000000000000,21.000000000000000,0.000000000000000,0.000000000000000,0.000000000000000,0.000000000000000,0.000000000000000,0.000000000000000,22.000000000000000,0.000000000000000,33.000000000000000,0.000000000000000,0.000000000000000,0.000000000000000,0.000000000000000,0.000000000000000,4.000000000000000,0.000000000000000,0.000000000000000,13.000000000000000,18.000000000000000,35.000000000000000,38.500000000000000,25.000000000000000,55.000000000000000,38.000000000000000,64.500000000000000,53.000000000000000,90.000000000000000,0.000000000000000,0.000000000000000,0.000000000000000,0.000000000000000,0.000000000000000
1,3,68,4.666666666666670,0.000000000000000,26.000000000000000,38.000000000000000,0.000000000000000,0.000000000000000,0.000000000000000,0.000000000000000,0.000000000000000,57.000000000000000,0.000000000000000,0.000000000000000,0.000000000000000,0.000000000000000,0.000000000000000,0.000000000000000,28.000000000000000,0.000000000000000,0.000000000000000,0.000000000000000,0.000000000000000,0.000000000000000,0.000000000000000,0.000000000000000,0.000000000000000,31.000000000000000,0.000000000000000,0.000000000000000,40.000000000000000,0.000000000000000,1.000000000000000,56.000000000000000,0.000000000000000,13.000000000000000,20.500000000000000,46.000000000000000,64.000000000000000,43.000000000000000,33.500000000000000,18.000000000000000,0.000000000000000,51.000000000000000,97.500000000000000,56.500000000000000,0.000000000000000,0.000000000000000,0.000000000000000,0.000000000000000,0.000000000000000,0.000000000000000
1,3,69,0.000000000000000,0.000000000000000,31.000000000000000,45.000000000000000,48.000000000000000,0.000000000000000,0.000000000000000,0.000000000000000,19.000000000000000,0.000000000000000,0.000000000000000,0.000000000000000,87.000000000000000,0.000000000000000,0.000000000000000,0.000000000000000,0.000000000000000,0.000000000000000,0.000000000000000,0.000000000000000,0.000000000000000,0.000000000000000,0.000000000000000,0.000000000000000,0.000000000000000,0.000000000000000,0.000000000000000,0.000000000000000,0.000000000000000,0.000000000000000,0.000000000000000,0.000000000000000,0.000000000000000,0.000000000000000,0.000000000000000,0.000000000000000,0.000000000000000,49.000000000000000,0.000000000000000,0.000000000000000,49.000000000000000,73.000000000000000,0.000000000000000,0.000000000000000,0.000000000000000,67.000000000000000,0.000000000000000,0.000000000000000,0.000000000000000,0.000000000000000
1,4,20,0.000000000000000,0.000000000000000,0.000000000000000,0.000000000000000,0.000000000000000,0.000000000000000,0.000000000000000,0.000000000000000,0.000000000000000,0.000000000000000,0.000000000000000,0.000000000000000,0.000000000000000,0.000000000000000,0.000000000000000,0.000000000000000,0.000000000000000,0.000000000000000,0.000000000000000,0.000000000000000,0.000000000000000,0.000000000000000,0.000000000000000,0.000000000000000,0.000000000000000,0.000000000000000,0.000000000000000,0.000000000000000,0.000000000000000,0.000000000000000,0.000000000000000,0.000000000000000,0.000000000000000,0.000000000000000,0.000000000000000,0.000000000000000,0.000000000000000,0.000000000000000,0.000000000000000,0.000000000000000,0.000000000000000,0.000000000000000,0.000000000000000,0.000000000000000,0.000000000000000,0.000000000000000,0.000000000000000,0.000000000000000,0.000000000000000,0.000000000000000
1,4,21,0.000000000000000,0.000000000000000,0.000000000000000,0.000000000000000,0.000000000000000,0.000000000000000,0.000000000000000,0.000000000000000,0.000000000000000,0.000000000000000,0.000000000000000,0.000000000000000,0.000000000000000,0.000000000000000,0.000000000000000,0.000000000000000,0.000000000000000,0.000000000000000,0.000000000000000,0.000000000000000,0.000000000000000,0.000000000000000,0.000000000000000,0.000000000000000,0.000000000000000,0.000000000000000,0.000000000000000,0.000000000000000,0.000000000000000,0.000000000000000,0.000000000000000,0.000000000000000,0.000000000000000,0.000000000000000,0.000000000000000,0.000000000000000,0.000000000000000,0.000000000000000,0.000000000000000,0.000000000000000,0.000000000000000,0.000000000000000,0.000000000000000,0.000000000000000,0.000000000000000,0.000000000000000,0.000000000000000,0.000000000000000,0.000000000000000,0.000000000000000
1,4,22,0.000000000000000,0.000000000000000,0.000000000000000,0.000000000000000,0.000000000000000,0.000000000000000,0.000000000000000,0.000000000000000,0.000000000000000,0.000000000000000,0.000000000000000,0.000000000000000,0.000000000000000,0.000000000000000,0.000000000000000,0.000000000000000,0.000000000000000,0.000000000000000,0.000000000000000,0.000000000000000,0.000000000000000,0.000000000000000,0.000000000000000,0.000000000000000,0.000000000000000,0.000000000000000,0.000000000000000,0.000000000000000,0.000000000000000,0.000000000000000,0.000000000000000,0.000000000000000,0.000000000000000,0.000000000000000,0.000000000000000,0.000000000000000,0.000000000000000,0.000000000000000,0.000000000000000,0.000000000000000,0.000000000000000,0.000000000000000,0.000000000000000,0.000000000000000,0.000000000000000,0.000000000000000,0.000000000000000,0.000000000000000,0.000000000000000,0.000000000000000
1,4,23,0.000000000000000,0.000000000000000,0.000000000000000,0.000000000000000,0.000000000000000,0.000000000000000,0.000000000000000,0.000000000000000,0.000000000000000,0.000000000000000,0.000000000000000,0.000000000000000,0.000000000000000,0.000000000000000,0.000000000000000,0.000000000000000,0.000000000000000,0.000000000000000,0.000000000000000,0.000000000000000,0.000000000000000,0.000000000000000,0.000000000000000,0.000000000000000,0.000000000000000,0.000000000000000,0.000000000000000,0.000000000000000,0.000000000000000,0.000000000000000,0.000000000000000,0.000000000000000,0.000000000000000,0.000000000000000,0.000000000000000,0.000000000000000,0.000000000000000,0.000000000000000,0.000000000000000,0.000000000000000,0.000000000000000,0.000000000000000,0.000000000000000,0.000000000000000,0.000000000000000,0.000000000000000,0.000000000000000,0.000000000000000,0.000000000000000,0.000000000000000
1,4,24,0.000000000000000,0.000000000000000,0.000000000000000,0.000000000000000,0.000000000000000,0.000000000000000,0.000000000000000,0.000000000000000,0.000000000000000,0.000000000000000,0.000000000000000,0.000000000000000,0.000000000000000,0.000000000000000,0.000000000000000,0.000000000000000,0.000000000000000,0.000000000000000,0.000000000000000,0.000000000000000,0.000000000000000,0.000000000000000,0.000000000000000,0.000000000000000,0.000000000000000,0.000000000000000,0.000000000000000,0.000000000000000,0.000000000000000,0.000000000000000,0.000000000000000,0.000000000000000,0.000000000000000,0.000000000000000,0.000000000000000,0.000000000000000,0.000000000000000,0.000000000000000,0.000000000000000,0.000000000000000,0.000000000000000,0.000000000000000,0.000000000000000,0.000000000000000,0.000000000000000,0.000000000000000,0.000000000000000,0.000000000000000,0.000000000000000,0.000000000000000
1,4,25,0.000000000000000,0.000000000000000,0.000000000000000,0.000000000000000,0.000000000000000,0.000000000000000,0.000000000000000,0.000000000000000,0.000000000000000,0.000000000000000,0.000000000000000,0.000000000000000,0.000000000000000,0.000000000000000,0.000000000000000,0.000000000000000,0.000000000000000,0.000000000000000,0.000000000000000,0.000000000000000,0.000000000000000,0.000000000000000,0.000000000000000,0.000000000000000,0.000000000000000,0.000000000000000,0.000000000000000,0.000000000000000,0.000000000000000,0.000000000000000,0.000000000000000,0.000000000000000,0.000000000000000,0.000000000000000,0.000000000000000,0.000000000000000,0.000000000000000,0.000000000000000,0.000000000000000,0.000000000000000,0.000000000000000,0.000000000000000,0.000000000000000,0.000000000000000,0.000000000000000,0.000000000000000,0.000000000000000,0.000000000000000,0.000000000000000,0.000000000000000
1,4,26,0.000000000000000,0.000000000000000,0.000000000000000,0.000000000000000,0.000000000000000,0.000000000000000,0.000000000000000,0.000000000000000,0.000000000000000,0.000000000000000,0.000000000000000,0.000000000000000,0.000000000000000,0.000000000000000,0.000000000000000,0.000000000000000,0.000000000000000,0.000000000000000,0.000000000000000,0.000000000000000,0.000000000000000,0.000000000000000,0.000000000000000,0.000000000000000,0.000000000000000,0.000000000000000,0.000000000000000,0.000000000000000,0.000000000000000,0.000000000000000,0.000000000000000,0.000000000000000,0.000000000000000,0.000000000000000,0.000000000000000,0.000000000000000,0.000000000000000,0.000000000000000,0.000000000000000,0.000000000000000,0.000000000000000,0.000000000000000,0.000000000000000,0.000000000000000,0.000000000000000,0.000000000000000,0.000000000000000,0.000000000000000,0.000000000000000,0.000000000000000
1,4,27,0.000000000000000,0.000000000000000,0.000000000000000,0.000000000000000,0.000000000000000,0.000000000000000,0.000000000000000,0.000000000000000,0.000000000000000,0.000000000000000,0.000000000000000,0.000000000000000,0.000000000000000,0.000000000000000,0.000000000000000,0.000000000000000,0.000000000000000,0.000000000000000,0.000000000000000,0.000000000000000,0.000000000000000,0.000000000000000,0.000000000000000,0.000000000000000,0.000000000000000,0.000000000000000,0.000000000000000,0.000000000000000,0.000000000000000,0.000000000000000,0.000000000000000,0.000000000000000,0.000000000000000,0.000000000000000,0.000000000000000,0.000000000000000,0.000000000000000,0.000000000000000,0.000000000000000,0.000000000000000,0.000000000000000,0.000000000000000,0.000000000000000,0.000000000000000,0.000000000000000,0.000000000000000,0.000000000000000,0.000000000000000,0.000000000000000,0.000000000000000
1,4,28,0.000000000000000,0.000000000000000,0.000000000000000,0.000000000000000,0.000000000000000,0.000000000000000,0.000000000000000,0.000000000000000,0.000000000000000,0.000000000000000,0.000000000000000,0.000000000000000,0.000000000000000,0.000000000000000,0.000000000000000,0.000000000000000,0.000000000000000,0.000000000000000,0.000000000000000,0.000000000000000,0.000000000000000,0.000000000000000,0.000000000000000,0.000000000000000,0.000000000000000,0.000000000000000,0.000000000000000,0.000000000000000,0.000000000000000,0.000000000000000,0.000000000000000,0.000000000000000,0.000000000000000,0.000000000000000,0.000000000000000,0.000000000000000,0.000000000000000,0.000000000000000,0.000000000000000,0.000000000000000,0.000000000000000,0.000000000000000,0.000000000000000,0.000000000000000,0.000000000000000,0.000000000000000,0.000000000000000,0.000000000000000,0.000000000000000,0.000000000000000
1,4,29,0.000000000000000,0.000000000000000,0.000000000000000,0.000000000000000,0.000000000000000,0.000000000000000,0.000000000000000,0.000000000000000,0.000000000000000,0.000000000000000,0.000000000000000,0.000000000000000,0.000000000000000,0.000000000000000,0.000000000000000,0.000000000000000,0.000000000000000,0.000000000000000,0.000000000000000,0.000000000000000,0.000000000000000,0.000000000000000,0.000000000000000,0.000000000000000,0.000000000000000,0.000000000000000,0.000000000000000,0.000000000000000,0.000000000000000,0.000000000000000,0.000000000000000,0.000000000000000,0.000000000000000,0.000000000000000,0.000000000000000,0.000000000000000,0.000000000000000,0.000000000000000,0.000000000000000,0.000000000000000,0.000000000000000,0.000000000000000,0.000000000000000,0.000000000000000,0.000000000000000,0.000000000000000,0.000000000000000,0.000000000000000,0.000000000000000,0.000000000000000
1,4,30,0.000000000000000,0.000000000000000,0.000000000000000,0.000000000000000,0.000000000000000,0.000000000000000,0.000000000000000,0.000000000000000,0.000000000000000,0.000000000000000,0.000000000000000,0.000000000000000,0.000000000000000,0.000000000000000,0.000000000000000,0.000000000000000,0.000000000000000,0.000000000000000,0.000000000000000,0.000000000000000,0.000000000000000,0.000000000000000,0.000000000000000,0.000000000000000,0.000000000000000,0.000000000000000,0.000000000000000,0.000000000000000,0.000000000000000,0.000000000000000,0.000000000000000,0.000000000000000,0.000000000000000,0.000000000000000,0.000000000000000,0.000000000000000,0.000000000000000,0.000000000000000,0.000000000000000,0.000000000000000,0.000000000000000,0.000000000000000,0.000000000000000,0.000000000000000,0.000000000000000,0.000000000000000,0.000000000000000,0.000000000000000,0.000000000000000,0.000000000000000
1,4,31,0.000000000000000,0.000000000000000,0.000000000000000,0.000000000000000,0.000000000000000,0.000000000000000,0.000000000000000,0.000000000000000,0.000000000000000,0.000000000000000,0.000000000000000,0.000000000000000,0.000000000000000,0.000000000000000,0.000000000000000,0.000000000000000,0.000000000000000,0.000000000000000,0.000000000000000,0.000000000000000,0.000000000000000,0.000000000000000,0.000000000000000,0.000000000000000,0.000000000000000,0.000000000000000,0.000000000000000,0.000000000000000,0.000000000000000,0.000000000000000,0.000000000000000,0.000000000000000,0.000000000000000,0.000000000000000,0.000000000000000,0.000000000000000,0.000000000000000,0.000000000000000,0.000000000000000,0.000000000000000,0.000000000000000,0.000000000000000,0.000000000000000,0.000000000000000,0.000000000000000,0.000000000000000,0.000000000000000,0.000000000000000,0.000000000000000,0.000000000000000
1,4,32,0.000000000000000,0.000000000000000,0.000000000000000,0.000000000000000,0.000000000000000,0.000000000000000,0.000000000000000,0.000000000000000,0.000000000000000,0.000000000000000,0.000000000000000,0.000000000000000,0.000000000000000,0.000000000000000,0.000000000000000,0.000000000000000,0.000000000000000,0.000000000000000,0.000000000000000,0.000000000000000,0.000000000000000,0.000000000000000,0.000000000000000,0.000000000000000,0.000000000000000,0.000000000000000,0.000000000000000,0.000000000000000,0.000000000000000,0.000000000000000,0.000000000000000,0.000000000000000,0.000000000000000,0.000000000000000,0.000000000000000,0.000000000000000,0.000000000000000,0.000000000000000,0.000000000000000,0.000000000000000,0.000000000000000,0.000000000000000,0.000000000000000,0.000000000000000,0.000000000000000,0.000000000000000,0.000000000000000,0.000000000000000,0.000000000000000,0.000000000000000
1,4,33,0.000000000000000,0.039285714285714,0.078163771712159,0.086821004585425,0.155675184840331,0.179483152040978,0.246369824571159,0.267479856173389,0.314015450150044,0.262308255020503,0.444539938265865,0.426731339253556,0.558004330357503,1.282242569508130,2.735217958054190,0.000000000000000,0.000000000000000,0.000000000000000,0.000000000000000,0.000000000000000,0.000000000000000,0.000000000000000,0.000000000000000,0.000000000000000,0.000000000000000,0.000000000000000,0.000000000000000,0.000000000000000,0.000000000000000,0.000000000000000,0.000000000000000,0.000000000000000,0.000000000000000,0.000000000000000,0.000000000000000,0.000000000000000,0.000000000000000,0.000000000000000,0.000000000000000,0.000000000000000,0.000000000000000,0.000000000000000,0.000000000000000,0.000000000000000,0.000000000000000,0.000000000000000,0.000000000000000,0.000000000000000,0.000000000000000,0.000000000000000
1,4,34,0.042216358839050,0.098033789837540,0.170160295930949,0.250416611355878,0.431978844816166,0.425718621785086,0.698302978925791,0.651295556068537,0.659630193291919,1.063946277244000,0.976318342368956,1.152754522525340,1.409378658662870,1.533346331248570,4.141026701570450,6.189223308486840,0.000000000000000,0.000000000000000,0.000000000000000,0.000000000000000,0.000000000000000,0.000000000000000,0.000000000000000,0.000000000000000,0.000000000000000,0.000000000000000,0.000000000000000,0.000000000000000,0.000000000000000,0.000000000000000,0.000000000000000,0.000000000000000,0.000000000000000,0.000000000000000,0.000000000000000,0.000000000000000,0.000000000000000,0.000000000000000,0.000000000000000,0.000000000000000,0.000000000000000,0.000000000000000,0.000000000000000,0.000000000000000,0.000000000000000,0.000000000000000,0.000000000000000,0.000000000000000,0.000000000000000,0.000000000000000
1,4,35,0.049074655625171,0.176252319109462,0.364290604719649,0.553128239766407,0.589740495103959,0.765918666622503,0.946950221805291,1.152374442676560,1.143745377615260,1.284966120972780,1.588514975747830,1.937089616441020,2.517195038438380,2.457577380019280,3.283244752617390,6.956210828703010,8.110516934046350,0.000000000000000,0.000000000000000,0.000000000000000,0.000000000000000,0.000000000000000,0.000000000000000,0.000000000000000,0.000000000000000,0.000000000000000,0.000000000000000,0.000000000000000,0.000000000000000,0.000000000000000,0.000000000000000,0.000000000000000,0.000000000000000,0.000000000000000,0.000000000000000,0.000000000000000,0.000000000000000,0.000000000000000,0.000000000000000,0.000000000000000,0.000000000000000,0.000000000000000,0.000000000000000,0.000000000000000,0.000000000000000,0.000000000000000,0.000000000000000,0.000000000000000,0.000000000000000,0.000000000000000
1,4,36,0.036662527199374,0.314229249011858,0.484217189830965,0.527521157674671,0.674167318286230,1.062593280979170,1.602898195543220,1.844831797125650,1.580432495027790,2.013712530596840,2.276987854640110,2.436215773813480,3.345279260370700,3.483765191366840,4.074632242080710,6.113588518790850,10.372978533057100,12.888045540797000,0.000000000000000,0.000000000000000,0.000000000000000,0.000000000000000,0.000000000000000,0.000000000000000,0.000000000000000,0.000000000000000,0.000000000000000,0.000000000000000,0.000000000000000,0.000000000000000,0.000000000000000,0.000000000000000,0.000000000000000,0.000000000000000,0.000000000000000,0.000000000000000,0.000000000000000,0.000000000000000,0.000000000000000,0.000000000000000,0.000000000000000,0.000000000000000,0.000000000000000,0.000000000000000,0.000000000000000,0.000000000000000,0.000000000000000,0.000000000000000,0.000000000000000,0.000000000000000
1,4,37,0.075396825396825,0.114942528735632,0.486133768352365,0.810114730121166,1.017336631334360,1.371864299008030,1.925043332480450,2.009981601279740,2.702303744709460,2.475684661736050,3.250709356840870,3.275752624771480,3.505134273527080,4.080685779217260,4.801570081205880,6.132557742390840,7.168756104976620,14.094109586307000,16.076604415188100,0.000000000000000,0.000000000000000,0.000000000000000,0.000000000000000,0.000000000000000,0.000000000000000,0.000000000000000,0.000000000000000,0.000000000000000,0.000000000000000,0.000000000000000,0.000000000000000,0.000000000000000,0.000000000000000,0.000000000000000,0.000000000000000,0.000000000000000,0.000000000000000,0.000000000000000,0.000000000000000,0.000000000000000,0.000000000000000,0.000000000000000,0.000000000000000,0.000000000000000,0.000000000000000,0.000000000000000,0.000000000000000,0.000000000000000,0.000000000000000,0.000000000000000
1,4,38,0.084291187739464,0.123115577889447,0.510614606276285,0.678380062133282,1.108291161902360,1.336563033676210,1.603175422614920,2.275406428239560,2.299099255057050,3.117182698626520,2.772786244777080,3.278577517844630,3.869560376942080,4.007158447222390,5.257699880083910,6.186339556906960,7.350039990363940,8.312695860952890,16.205379185187200,17.227723960025800,0.000000000000000,0.000000000000000,0.000000000000000,0.000000000000000,0.000000000000000,0.000000000000000,0.000000000000000,0.000000000000000,0.000000000000000,0.000000000000000,0.000000000000000,0.000000000000000,0.000000000000000,0.000000000000000,0.000000000000000,0.000000000000000,0.000000000000000,0.000000000000000,0.000000000000000,0.000000000000000,0.000000000000000,0.000000000000000,0.000000000000000,0.000000000000000,0.000000000000000,0.000000000000000,0.000000000000000,0.000000000000000,0.000000000000000,0.000000000000000
1,4,39,0.029850746268657,0.251256281407035,0.357911211738836,0.660273972602740,1.276117844314290,1.337001612723230,1.761529365995800,2.124373788432810,2.927686643019420,2.788839192856120,3.168841955698300,3.813214175746360,3.853582910391010,5.491584694850510,4.989346709623910,6.295241771741900,7.022418957755460,9.272546878224790,10.840094194701700,18.691228202306300,21.132352941176500,0.000000000000000,0.000000000000000,0.000000000000000,0.000000000000000,0.000000000000000,0.000000000000000,0.000000000000000,0.000000000000000,0.000000000000000,0.000000000000000,0.000000000000000,0.000000000000000,0.000000000000000,0.000000000000000,0.000000000000000,0.000000000000000,0.000000000000000,0.000000000000000,0.000000000000000,0.000000000000000,0.000000000000000,0.000000000000000,0.000000000000000,0.000000000000000,0.000000000000000,0.000000000000000,0.000000000000000,0.000000000000000,0.000000000000000
1,4,40,0.041353383458647,0.269230769230769,0.521397034177071,0.725367738919433,1.249117095857330,1.439563827108470,1.876012056124640,2.481397130734410,2.699193676206250,3.423435423218130,3.259264407610290,3.788195039726210,4.338755628047450,5.187026618159910,5.839813252524950,6.261604452817140,7.522059390105690,8.683419837148440,10.318827966296000,12.480361598648900,22.264911241862600,25.568176851410400,0.000000000000000,0.000000000000000,0.000000000000000,0.000000000000000,0.000000000000000,0.000000000000000,0.000000000000000,0.000000000000000,0.000000000000000,0.000000000000000,0.000000000000000,0.000000000000000,0.000000000000000,0.000000000000000,0.000000000000000,0.000000000000000,0.000000000000000,0.000000000000000,0.000000000000000,0.000000000000000,0.000000000000000,0.000000000000000,0.000000000000000,0.000000000000000,0.000000000000000,0.000000000000000,0.000000000000000,0.000000000000000
1,4,41,0.062801932367150,0.300751879699248,0.495982470091978,0.788140941157207,1.189450566079230,1.951181314329130,2.309450088402180,3.160943566206990,3.047530679794320,3.251721764090170,3.508363640583880,5.331023023231340,5.092224066398130,4.869727296913710,5.476070485639470,7.196245373768140,8.466374268632430,9.956260432156200,11.063010425353900,12.131294770225200,16.005497895752000,25.823504287273900,28.559595959596000,0.000000000000000,0.000000000000000,0.000000000000000,0.000000000000000,0.000000000000000,0.000000000000000,0.000000000000000,0.000000000000000,0.000000000000000,0.000000000000000,0.000000000000000,0.000000000000000,0.000000000000000,0.000000000000000,0.000000000000000,0.000000000000000,0.000000000000000,0.000000000000000,0.000000000000000,0.000000000000000,0.000000000000000,0.000000000000000,0.000000000000000,0.000000000000000,0.000000000000000,0.000000000000000,0.000000000000000
1,4,42,0.196850393700787,1.179727629532270,1.579497907949790,2.222336167252750,2.454567742921940,3.017201097174180,3.553526798753300,4.454186254338760,4.538438146271840,4.542122881923810,5.190097668019810,7.124654859642610,6.519451828672140,7.293355721205130,7.268707260383370,9.458458692493820,10.113745863806900,10.639731558187100,13.257784720348500,13.485804448202700,15.550798441539300,18.716647576681100,30.818046866191400,35.353456550294900,0.000000000000000,0.000000000000000,0.000000000000000,0.000000000000000,0.000000000000000,0.000000000000000,0.000000000000000,0.000000000000000,0.000000000000000,0.000000000000000,0.000000000000000,0.000000000000000,0.000000000000000,0.000000000000000,0.000000000000000,0.000000000000000,0.000000000000000,0.000000000000000,0.000000000000000,0.000000000000000,0.000000000000000,0.000000000000000,0.000000000000000,0.000000000000000,0.000000000000000,0.000000000000000
1,4,43,0.142292490118577,1.305764411027570,2.130035209145630,3.254831743897310,4.290883067772950,4.710739800435430,4.867373750670390,5.706940971907620,5.306631808394240,6.292736227810780,6.324157567714560,6.720662689503410,7.780766662799700,7.857877145925900,8.752688609773740,10.193414086946700,10.886836524442600,11.440626500302900,13.474980315670100,15.077738570897800,16.131153195246900,19.461729101060000,23.958106744828700,35.747883262234300,37.565662986294000,0.000000000000000,0.000000000000000,0.000000000000000,0.000000000000000,0.000000000000000,0.000000000000000,0.000000000000000,0.000000000000000,0.000000000000000,0.000000000000000,0.000000000000000,0.000000000000000,0.000000000000000,0.000000000000000,0.000000000000000,0.000000000000000,0.000000000000000,0.000000000000000,0.000000000000000,0.000000000000000,0.000000000000000,0.000000000000000,0.000000000000000,0.000000000000000,0.000000000000000
1,4,44,0.238461538461538,1.240694789081890,2.303142329020330,4.207986688851910,4.801883332849610,5.041544367662770,5.551505513398320,7.037263857431620,5.170496651399940,6.643412052135600,7.181179616203650,7.945289944903740,8.873641162235200,9.284734862641170,8.920802728055640,11.391063315832400,11.785435862855300,13.052794630846100,13.567316282108200,16.172104586327300,18.162794116939600,19.420066976285500,21.469826668632700,24.509465353238700,37.662616362422900,43.281848534805800,0.000000000000000,0.000000000000000,0.000000000000000,0.000000000000000,0.000000000000000,0.000000000000000,0.000000000000000,0.000000000000000,0.000000000000000,0.000000000000000,0.000000000000000,0.000000000000000,0.000000000000000,0.000000000000000,0.000000000000000,0.000000000000000,0.000000000000000,0.000000000000000,0.000000000000000,0.000000000000000,0.000000000000000,0.000000000000000,0.000000000000000,0.000000000000000
1,4,45,0.152416356877323,0.951645403789647,2.150807899461400,3.827662967301580,4.820024496250350,4.924667504830660,6.019534418125660,5.680011396544300,6.141520918357190,7.140801296193780,7.304066759224600,7.679692001555810,9.474893065560510,8.573524428495460,10.126017833861100,10.497992129976200,12.302909857209700,14.378737137273800,15.869539686288600,15.920508419192100,19.411854246232000,19.199125128220500,22.910435678835100,24.821647914339800,27.972644374641900,41.900522558536100,38.478166636923000,0.000000000000000,0.000000000000000,0.000000000000000,0.000000000000000,0.000000000000000,0.000000000000000,0.000000000000000,0.000000000000000,0.000000000000000,0.000000000000000,0.000000000000000,0.000000000000000,0.000000000000000,0.000000000000000,0.000000000000000,0.000000000000000,0.000000000000000,0.000000000000000,0.000000000000000,0.000000000000000,0.000000000000000,0.000000000000000,0.000000000000000
1,4,46,0.082758620689655,0.769841269841270,1.923228034155580,3.262267593211330,4.154678851096350,4.477911646586350,5.316322542670810,5.875663835595070,5.057561668331820,7.064099690747290,7.905518977802300,7.638094720926490,9.531084532327510,8.595029369991850,10.312107413157700,11.218617731063000,11.913257430975000,13.758771730803500,15.105644755382900,15.889682282602900,18.828858557430500,19.967430675585500,22.687860289512000,25.384787893192500,26.923337455963900,31.299874633100800,46.481695535824200,52.369066442144800,0.000000000000000,0.000000000000000,0.000000000000000,0.000000000000000,0.000000000000000,0.000000000000000,0.000000000000000,0.000000000000000,0.000000000000000,0.000000000000000,0.000000000000000,0.000000000000000,0.000000000000000,0.000000000000000,0.000000000000000,0.000000000000000,0.000000000000000,0.000000000000000,0.000000000000000,0.000000000000000,0.000000000000000,0.000000000000000
1,4,47,0.128193994329013,0.512681159420290,1.470000303454570,2.691780821917810,3.555555555555560,4.202748495413250,4.760797038506060,4.893202143964510,5.463467251650220,5.859322216881150,7.335383911198960,7.316009209458280,7.401991862810050,9.335356690408040,8.811617398199230,10.383239888667600,13.145437846680800,13.088706687390000,16.096995739451800,16.062239558007100,19.072798280827700,20.395252803248000,22.236635409632300,23.986229356138800,26.029076491087400,30.237235458795600,35.749636162925600,49.187058810068100,46.854522029458400,0.000000000000000,0.000000000000000,0.000000000000000,0.000000000000000,0.000000000000000,0.000000000000000,0.000000000000000,0.000000000000000,0.000000000000000,0.000000000000000,0.000000000000000,0.000000000000000,0.000000000000000,0.000000000000000,0.000000000000000,0.000000000000000,0.000000000000000,0.000000000000000,0.000000000000000,0.000000000000000,0.000000000000000
1,4,48,0.065420560747664,0.558139534883721,1.702168938053590,2.079759356700280,3.095165387498610,3.908152258811710,4.550788936120780,4.549751120227370,4.878752596191870,5.169510388147920,6.962168847773920,7.555506312800100,7.694974599649040,9.128374850615840,9.422878496203610,10.803347863873200,12.441857366945900,14.607278584160300,15.861467091712300,16.948721129704200,17.867393912857500,20.879427706352700,21.453024738364100,23.962347278763600,25.165588424147200,26.641601483150600,33.779735312074500,36.866491173418700,51.701355379953700,51.535902686573000,0.000000000000000,0.000000000000000,0.000000000000000,0.000000000000000,0.000000000000000,0.000000000000000,0.000000000000000,0.000000000000000,0.000000000000000,0.000000000000000,0.000000000000000,0.000000000000000,0.000000000000000,0.000000000000000,0.000000000000000,0.000000000000000,0.000000000000000,0.000000000000000,0.000000000000000,0.000000000000000
1,4,49,0.093326308518421,0.641941753125316,1.207433863930010,2.141057934508820,2.858622008657870,3.393947093066360,4.030564835428950,4.390465725865610,4.690503329966730,5.971418538030110,7.797624274425030,7.336762779323810,7.317322259615510,7.775304236653430,10.490249300615000,10.030622077904100,12.107672134667900,13.699074788436700,15.227690254794300,17.608401529618700,16.993299446588400,20.877078843589000,23.896024646743100,23.994054140673300,24.589350296605400,27.501738762152500,32.118007644350700,35.884371146409100,39.084657861421400,54.250110998359200,51.674129353233800,0.000000000000000,0.000000000000000,0.000000000000000,0.000000000000000,0.000000000000000,0.000000000000000,0.000000000000000,0.000000000000000,0.000000000000000,0.000000000000000,0.000000000000000,0.000000000000000,0.000000000000000,0.000000000000000,0.000000000000000,0.000000000000000,0.000000000000000,0.000000000000000,0.000000000000000
1,4,50,0.070329670329670,0.516490248262400,1.256302521008400,1.684107111967690,2.902060927590980,2.979251399771060,3.207234271786280,4.349810813213010,4.312973129651250,5.014409601163440,6.568852123963360,6.249094347468180,7.639336460134690,8.267382784227770,9.518393531210450,12.004619233412400,12.349134825089800,15.083309622685900,14.614181713824900,15.841284103729100,18.057914259548900,21.994101773189200,22.129077245064500,25.246931414125700,26.784073534085900,27.585206793699900,30.654482518966400,30.219516894707200,37.940057230328400,41.169702579801300,58.081247642700100,57.660555394554300,0.000000000000000,0.000000000000000,0.000000000000000,0.000000000000000,0.000000000000000,0.000000000000000,0.000000000000000,0.000000000000000,0.000000000000000,0.000000000000000,0.000000000000000,0.000000000000000,0.000000000000000,0.000000000000000,0.000000000000000,0.000000000000000,0.000000000000000,0.000000000000000
1,4,51,0.025192144741895,0.281501340482574,0.853647125094677,1.651071960773890,2.240444580255600,2.924092236419240,3.922348301995240,4.031220842703550,3.945754716981130,4.466333230724570,5.706017418357150,5.804004855494510,6.495859630058400,6.887133965897270,9.713808229663220,11.662373955978200,12.692119074414400,14.964866742184500,16.762751444822700,17.828649169854200,20.557520627304400,20.251838709757000,23.229759205970700,22.668007072493200,24.513792708949800,27.025657123979900,29.730163124198100,31.449122855330500,36.889262460539300,38.164014241384200,44.855585397961100,62.228881328108600,73.322486009678100,0.000000000000000,0.000000000000000,0.000000000000000,0.000000000000000,0.000000000000000,0.000000000000000,0.000000000000000,0.000000000000000,0.000000000000000,0.000000000000000,0.000000000000000,0.000000000000000,0.000000000000000,0.000000000000000,0.000000000000000,0.000000000000000,0.000000000000000
1,4,52,0.024074074074074,0.376047904191617,0.687360933203530,1.217022898494880,2.071345082716450,2.413804430958110,3.041691954521420,3.482925731536240,3.701708278580820,4.438431209854840,4.875881152855370,5.500917929350540,5.920401802171480,8.578973236593280,9.265729058373710,9.822448263257050,12.602510147231100,14.253995362151300,14.556482495290300,17.024744759005700,17.669160497659900,19.668203106324600,22.772288458378800,25.196256787427900,25.751506381564700,28.149930887776000,30.454092922669000,30.580697007066700,33.667269710684900,36.559466020350500,40.643445613257300,42.742167280027500,70.771826447273700,69.685618729097000,0.000000000000000,0.000000000000000,0.000000000000000,0.000000000000000,0.000000000000000,0.000000000000000,0.000000000000000,0.000000000000000,0.000000000000000,0.000000000000000,0.000000000000000,0.000000000000000,0.000000000000000,0.000000000000000,0.000000000000000,0.000000000000000
1,4,53,0.030627871362940,0.198166405802440,0.530095036958817,0.917502787068004,1.475680491675680,2.442602248137330,2.355522918591240,3.357370149993480,3.094927529526330,4.307530186856030,4.865086235145190,6.507384710263790,6.065273307924400,7.030195982218020,8.477294716351530,11.018746226019900,11.563030625377800,13.558454968673900,16.022261251268500,16.824139471670100,18.404369494215800,21.875559828774300,23.679259024233100,23.631995894946500,29.443917455626800,28.301905181758600,26.972651179766500,30.081797301063800,35.426610372505400,33.902146536801200,35.256178240154300,38.943735124826100,47.601230077508300,73.546036215018400,74.515060240963800,0.000000000000000,0.000000000000000,0.000000000000000,0.000000000000000,0.000000000000000,0.000000000000000,0.000000000000000,0.000000000000000,0.000000000000000,0.000000000000000,0.000000000000000,0.000000000000000,0.000000000000000,0.000000000000000,0.000000000000000
1,4,54,0.038461538461539,0.178961197593930,0.406087936044955,0.899051634361111,1.068777292576420,1.792235047219310,1.835220984754200,3.304518060194180,2.870298405352620,3.109663337017160,4.056941169510010,5.419017311106920,6.466520942076600,6.903806033937340,7.330210462599490,10.079684636777200,12.177213793368900,15.009124264868700,14.710508659548600,16.550101945681700,18.831629235844200,21.152019258985400,26.234057381514200,23.931622269056900,25.701286042183500,26.580940718887000,27.239958955402300,29.769213687321700,31.150537134483700,30.322186379780800,39.100720258429800,34.834306352648400,44.618565676810500,49.284379079960000,69.024452059710600,80.993506493506500,0.000000000000000,0.000000000000000,0.000000000000000,0.000000000000000,0.000000000000000,0.000000000000000,0.000000000000000,0.000000000000000,0.000000000000000,0.000000000000000,0.000000000000000,0.000000000000000,0.000000000000000,0.000000000000000
1,4,55,0.021707670043415,0.165519753618309,0.423114593535749,0.770800192834842,1.246621630969800,1.576999486522110,2.220200247532850,2.843664159541820,2.829808660624370,3.790814169143770,4.120165440011200,5.978134288101370,5.475992724280680,6.636655879252920,8.874896186986860,11.219962224722300,11.156234648242800,14.480126001626100,14.459021766946300,18.926268738729100,20.111058435741400,22.042954214225200,24.048076917722800,24.583801675343600,26.466415685274700,28.969352403627100,27.623913787963500,33.583520098317000,30.869980535847800,36.172779082088200,37.678201633416900,37.455181071386400,43.252752181845600,42.594697396634800,50.706830446600600,75.633364134716000,92.849785407725300,0.000000000000000,0.000000000000000,0.000000000000000,0.000000000000000,0.000000000000000,0.000000000000000,0.000000000000000,0.000000000000000,0.000000000000000,0.000000000000000,0.000000000000000,0.000000000000000,0.000000000000000
1,4,56,0.005707541864203,0.128792528964739,0.288484787996480,0.568017016408308,1.157968164656430,1.526681473218690,1.743893715912430,2.207405903398410,2.364243390944940,3.544526775270270,4.256703793682220,5.415804322246570,6.332407065582780,6.212494905549380,7.041555796213040,9.675506090180270,11.996866718513200,14.614936566047700,14.642035074260800,16.062411266335500,20.225132903421900,20.926230461788700,22.892367865451100,24.834223881777400,28.213312521993500,28.735899229473700,29.478869347133500,33.224146070983200,33.140264381088700,32.272567841143600,34.944371328144100,33.669160652328000,34.388890752648500,43.548395375087500,43.551124326002600,55.559020044543400,76.513610880359800,76.613924050632900,0.000000000000000,0.000000000000000,0.000000000000000,0.000000000000000,0.000000000000000,0.000000000000000,0.000000000000000,0.000000000000000,0.000000000000000,0.000000000000000,0.000000000000000,0.000000000000000
1,4,57,0.017175017408874,0.098820622014163,0.351133317133614,0.561122244488978,1.095639766484130,1.398994132439230,1.892112915170730,2.138219730770590,2.530781299144570,3.570798311284340,4.466109539512400,5.039170506912440,5.598450265648330,7.106998126099250,8.128992252795280,8.578913516168290,12.394417952147100,12.807228729079200,15.947349241432400,16.502641863869000,18.579721964382500,18.960002785075700,22.049839022626100,24.482136546431300,26.603947920221900,26.374836313003700,27.462296719354500,33.445370867469500,33.359457354789400,33.854686502646600,32.883496028827300,36.948973867292400,33.765257269133600,39.582198345913500,43.181625909988300,44.793848077400900,58.140438247012000,77.277363329629500,85.905405405405400,0.000000000000000,0.000000000000000,0.000000000000000,0.000000000000000,0.000000000000000,0.000000000000000,0.000000000000000,0.000000000000000,0.000000000000000,0.000000000000000,0.000000000000000
1,4,58,0.021052631578947,0.082132564841499,0.303134199761342,0.466893726528193,0.665132220017084,1.184491946613360,1.781078248195300,2.040439393095840,3.086910478395670,3.426724966816730,3.912470504064420,4.153737636862330,5.048109965635740,4.844707281251230,9.026655817821810,9.538773185349510,11.427351846235900,13.437773112363900,15.411933581671200,17.795586542753000,18.799655885364100,22.259532748491700,23.641917095766700,23.661428336854000,28.056142373252100,30.791816434904900,28.720857854128200,29.680430735161900,29.846443900474900,34.380239672853200,33.094236483203600,35.696486223878000,35.280679134871600,35.594648573197100,39.548128333183700,45.563476807069700,46.478016153050300,58.282618232375200,89.597597742448600,91.185328185328200,0.000000000000000,0.000000000000000,0.000000000000000,0.000000000000000,0.000000000000000,0.000000000000000,0.000000000000000,0.000000000000000,0.000000000000000,0.000000000000000
1,4,59,0.007590132827324,0.076571428571429,0.289554033813094,0.406407704272079,0.738562690362484,1.201110093919200,1.717278307832500,2.282222222222220,2.262807176060220,2.794582779362360,3.324617162243460,4.759201972373770,5.117731913243880,5.859342915811090,7.440180765478590,8.755546954564320,11.067157924616300,14.686137587145800,14.138799714561200,17.716875546447300,19.847854370037700,20.100465528589800,23.582578803902100,27.479767690334500,27.253359161937800,28.994901253669700,28.363521560228900,30.275086673445900,36.482476464165200,33.919220774939500,35.793821246202000,36.704359202295500,39.478970181784900,38.423360556949000,39.733669249734600,44.734248991674800,44.621049609135600,52.342240338957700,59.031035607778700,98.528736761409500,113.252212389381000,0.000000000000000,0.000000000000000,0.000000000000000,0.000000000000000,0.000000000000000,0.000000000000000,0.000000000000000,0.000000000000000,0.000000000000000
1,4,60,0.004901960784314,0.089635854341737,0.174757281553398,0.433673469387755,0.248407643312102,1.390977443609020,1.177966101694920,2.071428571428570,1.806818181818180,2.266666666666670,4.000000000000000,3.722222222222220,4.080645161290320,2.971014492753620,3.683333333333330,5.035087719298240,4.484375000000000,11.111111111111100,10.500000000000000,8.254237288135590,8.095238095238090,7.898305084745760,7.306122448979590,13.583333333333300,2.588235294117650,15.382978723404300,28.657894736842100,7.166666666666670,9.711538461538460,11.535714285714300,13.403846153846200,10.275862068965500,11.725806451612900,24.446153846153800,16.481481481481500,11.322033898305100,20.855072463768100,12.701149425287400,17.088235294117600,10.880000000000000,23.583783783783800,29.714285714285700,0.000000000000000,0.000000000000000,0.000000000000000,0.000000000000000,0.000000000000000,0.000000000000000,0.000000000000000,0.000000000000000
1,4,61,0.000000000000000,0.033730158730159,0.140221402214022,0.219626168224299,0.757575757575758,1.115384615384620,1.772413793103450,1.559633027522940,1.393617021276600,3.030927835051550,3.180851063829790,4.473684210526320,3.802816901408450,6.391304347826090,4.566666666666670,3.421052631578950,4.681818181818180,5.637681159420290,6.166666666666670,5.750000000000000,11.918367346938800,5.307692307692310,10.677419354838700,9.980392156862750,15.297872340425500,9.340425531914890,8.836734693877550,9.145454545454550,9.302325581395350,16.714285714285700,19.634146341463400,9.678571428571430,14.260000000000000,8.560000000000000,20.860000000000000,16.750000000000000,15.035714285714300,8.642857142857140,15.204301075268800,14.402777777777800,11.938461538461500,21.853333333333300,27.400000000000000,0.000000000000000,0.000000000000000,0.000000000000000,0.000000000000000,0.000000000000000,0.000000000000000,0.000000000000000
1,4,62,0.000000000000000,0.023026315789474,0.024154589371981,0.189189189189189,0.620000000000000,0.460606060606061,1.562913907284770,0.549180327868853,3.716981132075470,2.272727272727270,3.292134831460670,0.747126436781609,2.662337662337660,5.211267605633800,4.420000000000000,2.596774193548390,2.333333333333330,4.764705882352940,4.685185185185190,11.650000000000000,10.543859649122800,4.333333333333330,6.160000000000000,13.891891891891900,13.418604651162800,12.000000000000000,16.377777777777800,14.611111111111100,22.596491228070200,18.709677419354800,5.177777777777780,19.475409836065600,8.437500000000000,11.557692307692300,13.000000000000000,12.850000000000000,12.068965517241400,18.657894736842100,19.333333333333300,10.594202898550700,32.674157303370800,38.615384615384600,10.166666666666700,12.000000000000000,0.000000000000000,0.000000000000000,0.000000000000000,0.000000000000000,0.000000000000000,0.000000000000000
1,4,63,0.000000000000000,0.082191780821918,0.263374485596708,0.070754716981132,0.130841121495327,0.547169811320755,0.448529411764706,1.026086956521740,1.458015267175570,1.027522935779820,3.310679611650490,1.750000000000000,3.955223880597020,2.400000000000000,6.827586206896550,3.265625000000000,4.566666666666670,9.560000000000000,6.603773584905660,6.421052631578950,10.843137254902000,13.775000000000000,19.407407407407400,13.700000000000000,8.489795918367350,19.909090909090900,15.411764705882400,13.440000000000000,11.025000000000000,22.619047619047600,16.796296296296300,18.115384615384600,21.725000000000000,13.810344827586200,12.463414634146300,14.000000000000000,16.169230769230800,9.283333333333330,11.619047619047600,19.500000000000000,26.423529411764700,33.560975609756100,33.107692307692300,14.385321100917400,0.000000000000000,0.000000000000000,0.000000000000000,0.000000000000000,0.000000000000000,0.000000000000000
1,4,64,0.000000000000000,0.000000000000000,0.263736263736264,0.358778625954198,0.074074074074074,0.157534246575342,0.324324324324324,1.108333333333330,0.712962962962963,1.088888888888890,2.364705882352940,1.746666666666670,1.161290322580650,4.688524590163930,5.475409836065570,7.937500000000000,6.818181818181820,4.687500000000000,13.511627906976700,11.735849056603800,13.234042553191500,11.181818181818200,17.076923076923100,6.100000000000000,6.758620689655170,18.058823529411800,24.813953488372100,16.500000000000000,13.071428571428600,18.470588235294100,16.375000000000000,10.900000000000000,17.425000000000000,23.025641025641000,26.586956521739100,17.204081632653100,41.130434782608700,14.086206896551700,23.530303030303000,19.969696969697000,29.428571428571400,43.066666666666700,25.163636363636400,46.379310344827600,31.827272727272700,71.000000000000000,0.000000000000000,0.000000000000000,0.000000000000000,0.000000000000000
1,4,65,0.000000000000000,0.000000000000000,0.000000000000000,0.000000000000000,0.000000000000000,0.000000000000000,0.000000000000000,0.000000000000000,0.000000000000000,0.000000000000000,0.000000000000000,0.000000000000000,0.000000000000000,45.000000000000000,11.000000000000000,15.000000000000000,0.000000000000000,0.000000000000000,0.000000000000000,0.000000000000000,0.000000000000000,0.000000000000000,0.000000000000000,0.000000000000000,0.000000000000000,0.000000000000000,0.000000000000000,0.000000000000000,0.000000000000000,0.000000000000000,3.000000000000000,0.000000000000000,0.000000000000000,0.000000000000000,6.000000000000000,0.000000000000000,46.000000000000000,0.000000000000000,0.000000000000000,10.000000000000000,12.000000000000000,27.000000000000000,40.000000000000000,51.000000000000000,0.000000000000000,0.000000000000000,0.000000000000000,0.000000000000000,0.000000000000000,0.000000000000000
1,4,66,0.000000000000000,0.000000000000000,0.000000000000000,0.000000000000000,0.000000000000000,0.000000000000000,0.000000000000000,0.000000000000000,0.000000000000000,0.000000000000000,0.000000000000000,0.000000000000000,0.000000000000000,0.000000000000000,0.000000000000000,0.000000000000000,0.000000000000000,0.000000000000000,0.000000000000000,0.000000000000000,0.000000000000000,0.000000000000000,0.000000000000000,0.000000000000000,0.000000000000000,0.000000000000000,0.000000000000000,0.000000000000000,0.000000000000000,0.000000000000000,0.000000000000000,0.000000000000000,0.000000000000000,0.000000000000000,12.000000000000000,12.000000000000000,0.000000000000000,0.000000000000000,4.000000000000000,0.000000000000000,7.500000000000000,85.000000000000000,0.000000000000000,0.000000000000000,7.500000000000000,0.000000000000000,0.000000000000000,0.000000000000000,0.000000000000000,0.000000000000000
1,4,67,0.000000000000000,0.000000000000000,0.000000000000000,0.000000000000000,0.000000000000000,0.000000000000000,0.000000000000000,0.000000000000000,0.000000000000000,0.000000000000000,0.000000000000000,0.000000000000000,0.000000000000000,12.000000000000000,0.000000000000000,0.000000000000000,0.000000000000000,0.000000000000000,0.000000000000000,0.000000000000000,0.000000000000000,0.000000000000000,0.000000000000000,0.000000000000000,0.000000000000000,0.000000000000000,0.000000000000000,0.000000000000000,0.000000000000000,0.000000000000000,0.000000000000000,0.000000000000000,0.000000000000000,0.000000000000000,0.000000000000000,0.000000000000000,30.000000000000000,6.000000000000000,12.000000000000000,0.000000000000000,0.000000000000000,55.500000000000000,0.000000000000000,0.000000000000000,0.000000000000000,0.000000000000000,0.000000000000000,0.000000000000000,0.000000000000000,0.000000000000000
1,4,68,0.000000000000000,0.000000000000000,0.000000000000000,0.000000000000000,0.000000000000000,0.000000000000000,0.000000000000000,0.000000000000000,0.000000000000000,0.000000000000000,0.000000000000000,0.000000000000000,0.000000000000000,0.000000000000000,0.000000000000000,0.000000000000000,0.000000000000000,0.000000000000000,0.000000000000000,0.000000000000000,0.000000000000000,0.000000000000000,0.000000000000000,0.000000000000000,0.000000000000000,0.000000000000000,0.000000000000000,0.000000000000000,0.000000000000000,0.000000000000000,16.000000000000000,0.000000000000000,0.000000000000000,0.000000000000000,0.000000000000000,0.000000000000000,25.000000000000000,0.000000000000000,0.000000000000000,60.000000000000000,0.000000000000000,36.000000000000000,6.000000000000000,10.500000000000000,0.000000000000000,0.000000000000000,0.000000000000000,0.000000000000000,0.000000000000000,0.000000000000000
1,4,69,0.000000000000000,0.000000000000000,0.000000000000000,0.000000000000000,0.000000000000000,0.000000000000000,0.000000000000000,0.000000000000000,0.000000000000000,0.000000000000000,0.000000000000000,0.000000000000000,0.000000000000000,0.000000000000000,0.000000000000000,0.000000000000000,0.000000000000000,0.000000000000000,0.000000000000000,0.000000000000000,0.000000000000000,0.000000000000000,0.000000000000000,0.000000000000000,0.000000000000000,0.000000000000000,0.000000000000000,0.000000000000000,0.000000000000000,0.000000000000000,0.000000000000000,0.000000000000000,0.000000000000000,0.000000000000000,0.000000000000000,0.000000000000000,0.000000000000000,0.000000000000000,0.000000000000000,0.000000000000000,0.000000000000000,0.000000000000000,0.000000000000000,0.000000000000000,0.000000000000000,9.000000000000000,0.000000000000000,0.000000000000000,0.000000000000000,0.000000000000000
1,5,20,0.000000000000000,0.000000000000000,0.000000000000000,0.000000000000000,0.000000000000000,0.000000000000000,0.000000000000000,0.000000000000000,0.000000000000000,0.000000000000000,0.000000000000000,0.000000000000000,0.000000000000000,0.000000000000000,0.000000000000000,0.000000000000000,0.000000000000000,0.000000000000000,0.000000000000000,0.000000000000000,0.000000000000000,0.000000000000000,0.000000000000000,0.000000000000000,0.000000000000000,0.000000000000000,0.000000000000000,0.000000000000000,0.000000000000000,0.000000000000000,0.000000000000000,0.000000000000000,0.000000000000000,0.000000000000000,0.000000000000000,0.000000000000000,0.000000000000000,0.000000000000000,0.000000000000000,0.000000000000000,0.000000000000000,0.000000000000000,0.000000000000000,0.000000000000000,0.000000000000000,0.000000000000000,0.000000000000000,0.000000000000000,0.000000000000000,0.000000000000000
1,5,21,0.000000000000000,0.000000000000000,0.000000000000000,0.000000000000000,0.000000000000000,0.000000000000000,0.000000000000000,0.000000000000000,0.000000000000000,0.000000000000000,0.000000000000000,0.000000000000000,0.000000000000000,0.000000000000000,0.000000000000000,0.000000000000000,0.000000000000000,0.000000000000000,0.000000000000000,0.000000000000000,0.000000000000000,0.000000000000000,0.000000000000000,0.000000000000000,0.000000000000000,0.000000000000000,0.000000000000000,0.000000000000000,0.000000000000000,0.000000000000000,0.000000000000000,0.000000000000000,0.000000000000000,0.000000000000000,0.000000000000000,0.000000000000000,0.000000000000000,0.000000000000000,0.000000000000000,0.000000000000000,0.000000000000000,0.000000000000000,0.000000000000000,0.000000000000000,0.000000000000000,0.000000000000000,0.000000000000000,0.000000000000000,0.000000000000000,0.000000000000000
1,5,22,0.000000000000000,0.000000000000000,0.000000000000000,0.000000000000000,0.000000000000000,0.000000000000000,0.000000000000000,0.000000000000000,0.000000000000000,0.000000000000000,0.000000000000000,0.000000000000000,0.000000000000000,0.000000000000000,0.000000000000000,0.000000000000000,0.000000000000000,0.000000000000000,0.000000000000000,0.000000000000000,0.000000000000000,0.000000000000000,0.000000000000000,0.000000000000000,0.000000000000000,0.000000000000000,0.000000000000000,0.000000000000000,0.000000000000000,0.000000000000000,0.000000000000000,0.000000000000000,0.000000000000000,0.000000000000000,0.000000000000000,0.000000000000000,0.000000000000000,0.000000000000000,0.000000000000000,0.000000000000000,0.000000000000000,0.000000000000000,0.000000000000000,0.000000000000000,0.000000000000000,0.000000000000000,0.000000000000000,0.000000000000000,0.000000000000000,0.000000000000000
1,5,23,0.000000000000000,0.000000000000000,0.000000000000000,0.000000000000000,0.000000000000000,0.000000000000000,0.000000000000000,0.000000000000000,0.000000000000000,0.000000000000000,0.000000000000000,0.000000000000000,0.000000000000000,0.000000000000000,0.000000000000000,0.000000000000000,0.000000000000000,0.000000000000000,0.000000000000000,0.000000000000000,0.000000000000000,0.000000000000000,0.000000000000000,0.000000000000000,0.000000000000000,0.000000000000000,0.000000000000000,0.000000000000000,0.000000000000000,0.000000000000000,0.000000000000000,0.000000000000000,0.000000000000000,0.000000000000000,0.000000000000000,0.000000000000000,0.000000000000000,0.000000000000000,0.000000000000000,0.000000000000000,0.000000000000000,0.000000000000000,0.000000000000000,0.000000000000000,0.000000000000000,0.000000000000000,0.000000000000000,0.000000000000000,0.000000000000000,0.000000000000000
1,5,24,0.000000000000000,0.000000000000000,0.000000000000000,0.000000000000000,0.000000000000000,0.000000000000000,0.000000000000000,0.000000000000000,0.000000000000000,0.000000000000000,0.000000000000000,0.000000000000000,0.000000000000000,0.000000000000000,0.000000000000000,0.000000000000000,0.000000000000000,0.000000000000000,0.000000000000000,0.000000000000000,0.000000000000000,0.000000000000000,0.000000000000000,0.000000000000000,0.000000000000000,0.000000000000000,0.000000000000000,0.000000000000000,0.000000000000000,0.000000000000000,0.000000000000000,0.000000000000000,0.000000000000000,0.000000000000000,0.000000000000000,0.000000000000000,0.000000000000000,0.000000000000000,0.000000000000000,0.000000000000000,0.000000000000000,0.000000000000000,0.000000000000000,0.000000000000000,0.000000000000000,0.000000000000000,0.000000000000000,0.000000000000000,0.000000000000000,0.000000000000000
1,5,25,0.000000000000000,0.000000000000000,0.000000000000000,0.000000000000000,0.000000000000000,0.000000000000000,0.000000000000000,0.000000000000000,0.000000000000000,0.000000000000000,0.000000000000000,0.000000000000000,0.000000000000000,0.000000000000000,0.000000000000000,0.000000000000000,0.000000000000000,0.000000000000000,0.000000000000000,0.000000000000000,0.000000000000000,0.000000000000000,0.000000000000000,0.000000000000000,0.000000000000000,0.000000000000000,0.000000000000000,0.000000000000000,0.000000000000000,0.000000000000000,0.000000000000000,0.000000000000000,0.000000000000000,0.000000000000000,0.000000000000000,0.000000000000000,0.000000000000000,0.000000000000000,0.000000000000000,0.000000000000000,0.000000000000000,0.000000000000000,0.000000000000000,0.000000000000000,0.000000000000000,0.000000000000000,0.000000000000000,0.000000000000000,0.000000000000000,0.000000000000000
1,5,26,0.000000000000000,0.000000000000000,0.000000000000000,0.000000000000000,0.000000000000000,0.000000000000000,0.000000000000000,0.000000000000000,0.000000000000000,0.000000000000000,0.000000000000000,0.000000000000000,0.000000000000000,0.000000000000000,0.000000000000000,0.000000000000000,0.000000000000000,0.000000000000000,0.000000000000000,0.000000000000000,0.000000000000000,0.000000000000000,0.000000000000000,0.000000000000000,0.000000000000000,0.000000000000000,0.000000000000000,0.000000000000000,0.000000000000000,0.000000000000000,0.000000000000000,0.000000000000000,0.000000000000000,0.000000000000000,0.000000000000000,0.000000000000000,0.000000000000000,0.000000000000000,0.000000000000000,0.000000000000000,0.000000000000000,0.000000000000000,0.000000000000000,0.000000000000000,0.000000000000000,0.000000000000000,0.000000000000000,0.000000000000000,0.000000000000000,0.000000000000000
1,5,27,0.000000000000000,0.000000000000000,0.000000000000000,0.000000000000000,0.000000000000000,0.000000000000000,0.000000000000000,0.000000000000000,0.000000000000000,0.000000000000000,0.000000000000000,0.000000000000000,0.000000000000000,0.000000000000000,0.000000000000000,0.000000000000000,0.000000000000000,0.000000000000000,0.000000000000000,0.000000000000000,0.000000000000000,0.000000000000000,0.000000000000000,0.000000000000000,0.000000000000000,0.000000000000000,0.000000000000000,0.000000000000000,0.000000000000000,0.000000000000000,0.000000000000000,0.000000000000000,0.000000000000000,0.000000000000000,0.000000000000000,0.000000000000000,0.000000000000000,0.000000000000000,0.000000000000000,0.000000000000000,0.000000000000000,0.000000000000000,0.000000000000000,0.000000000000000,0.000000000000000,0.000000000000000,0.000000000000000,0.000000000000000,0.000000000000000,0.000000000000000
1,5,28,0.000000000000000,0.000000000000000,0.000000000000000,0.000000000000000,0.000000000000000,0.000000000000000,0.000000000000000,0.000000000000000,0.000000000000000,0.000000000000000,0.000000000000000,0.000000000000000,0.000000000000000,0.000000000000000,0.000000000000000,0.000000000000000,0.000000000000000,0.000000000000000,0.000000000000000,0.000000000000000,0.000000000000000,0.000000000000000,0.000000000000000,0.000000000000000,0.000000000000000,0.000000000000000,0.000000000000000,0.000000000000000,0.000000000000000,0.000000000000000,0.000000000000000,0.000000000000000,0.000000000000000,0.000000000000000,0.000000000000000,0.000000000000000,0.000000000000000,0.000000000000000,0.000000000000000,0.000000000000000,0.000000000000000,0.000000000000000,0.000000000000000,0.000000000000000,0.000000000000000,0.000000000000000,0.000000000000000,0.000000000000000,0.000000000000000,0.000000000000000
1,5,29,0.000000000000000,0.000000000000000,0.000000000000000,0.000000000000000,0.000000000000000,0.000000000000000,0.000000000000000,0.000000000000000,0.000000000000000,0.000000000000000,0.000000000000000,0.000000000000000,0.000000000000000,0.000000000000000,0.000000000000000,0.000000000000000,0.000000000000000,0.000000000000000,0.000000000000000,0.000000000000000,0.000000000000000,0.000000000000000,0.000000000000000,0.000000000000000,0.000000000000000,0.000000000000000,0.000000000000000,0.000000000000000,0.000000000000000,0.000000000000000,0.000000000000000,0.000000000000000,0.000000000000000,0.000000000000000,0.000000000000000,0.000000000000000,0.000000000000000,0.000000000000000,0.000000000000000,0.000000000000000,0.000000000000000,0.000000000000000,0.000000000000000,0.000000000000000,0.000000000000000,0.000000000000000,0.000000000000000,0.000000000000000,0.000000000000000,0.000000000000000
1,5,30,0.000000000000000,0.000000000000000,0.000000000000000,0.000000000000000,0.000000000000000,0.000000000000000,0.000000000000000,0.000000000000000,0.000000000000000,0.000000000000000,0.000000000000000,0.000000000000000,0.000000000000000,0.000000000000000,0.000000000000000,0.000000000000000,0.000000000000000,0.000000000000000,0.000000000000000,0.000000000000000,0.000000000000000,0.000000000000000,0.000000000000000,0.000000000000000,0.000000000000000,0.000000000000000,0.000000000000000,0.000000000000000,0.000000000000000,0.000000000000000,0.000000000000000,0.000000000000000,0.000000000000000,0.000000000000000,0.000000000000000,0.000000000000000,0.000000000000000,0.000000000000000,0.000000000000000,0.000000000000000,0.000000000000000,0.000000000000000,0.000000000000000,0.000000000000000,0.000000000000000,0.000000000000000,0.000000000000000,0.000000000000000,0.000000000000000,0.000000000000000
1,5,31,0.000000000000000,0.000000000000000,0.000000000000000,0.000000000000000,0.000000000000000,0.000000000000000,0.000000000000000,0.000000000000000,0.000000000000000,0.000000000000000,0.000000000000000,0.000000000000000,0.000000000000000,0.000000000000000,0.000000000000000,0.000000000000000,0.000000000000000,0.000000000000000,0.000000000000000,0.000000000000000,0.000000000000000,0.000000000000000,0.000000000000000,0.000000000000000,0.000000000000000,0.000000000000000,0.000000000000000,0.000000000000000,0.000000000000000,0.000000000000000,0.000000000000000,0.000000000000000,0.000000000000000,0.000000000000000,0.000000000000000,0.000000000000000,0.000000000000000,0.000000000000000,0.000000000000000,0.000000000000000,0.000000000000000,0.000000000000000,0.000000000000000,0.000000000000000,0.000000000000000,0.000000000000000,0.000000000000000,0.000000000000000,0.000000000000000,0.000000000000000
1,5,32,0.000000000000000,0.000000000000000,0.000000000000000,0.000000000000000,0.000000000000000,0.000000000000000,0.000000000000000,0.000000000000000,0.000000000000000,0.000000000000000,0.000000000000000,0.000000000000000,0.000000000000000,0.000000000000000,0.000000000000000,0.000000000000000,0.000000000000000,0.000000000000000,0.000000000000000,0.000000000000000,0.000000000000000,0.000000000000000,0.000000000000000,0.000000000000000,0.000000000000000,0.000000000000000,0.000000000000000,0.000000000000000,0.000000000000000,0.000000000000000,0.000000000000000,0.000000000000000,0.000000000000000,0.000000000000000,0.000000000000000,0.000000000000000,0.000000000000000,0.000000000000000,0.000000000000000,0.000000000000000,0.000000000000000,0.000000000000000,0.000000000000000,0.000000000000000,0.000000000000000,0.000000000000000,0.000000000000000,0.000000000000000,0.000000000000000,0.000000000000000
1,5,33,0.007633587786260,0.000000000000000,0.009925558312655,0.004667795945453,0.000000000000000,0.000846618641703,0.013510603282935,0.011144994007225,0.018203794211597,0.000000000000000,0.010860096211707,0.025739350621643,0.012708173155140,0.012803557294857,0.064274051233649,0.000000000000000,0.000000000000000,0.000000000000000,0.000000000000000,0.000000000000000,0.000000000000000,0.000000000000000,0.000000000000000,0.000000000000000,0.000000000000000,0.000000000000000,0.000000000000000,0.000000000000000,0.000000000000000,0.000000000000000,0.000000000000000,0.000000000000000,0.000000000000000,0.000000000000000,0.000000000000000,0.000000000000000,0.000000000000000,0.000000000000000,0.000000000000000,0.000000000000000,0.000000000000000,0.000000000000000,0.000000000000000,0.000000000000000,0.000000000000000,0.000000000000000,0.000000000000000,0.000000000000000,0.000000000000000,0.000000000000000
1,5,34,0.000000000000000,0.000000000000000,0.009864364981504,0.006492282516634,0.000000000000000,0.022080841378895,0.000000000000000,0.028242777069989,0.030251496560368,0.042338319064979,0.031389497583796,0.058905308718954,0.031834014877396,0.026344099404505,0.050932563218534,0.064002588712692,0.000000000000000,0.000000000000000,0.000000000000000,0.000000000000000,0.000000000000000,0.000000000000000,0.000000000000000,0.000000000000000,0.000000000000000,0.000000000000000,0.000000000000000,0.000000000000000,0.000000000000000,0.000000000000000,0.000000000000000,0.000000000000000,0.000000000000000,0.000000000000000,0.000000000000000,0.000000000000000,0.000000000000000,0.000000000000000,0.000000000000000,0.000000000000000,0.000000000000000,0.000000000000000,0.000000000000000,0.000000000000000,0.000000000000000,0.000000000000000,0.000000000000000,0.000000000000000,0.000000000000000,0.000000000000000
1,5,35,0.000000000000000,0.012987012987013,0.000000000000000,0.012383468054472,0.055028602536109,0.003882984368175,0.010740456201950,0.033816857234301,0.037499848446402,0.037567115829105,0.028424347725549,0.071350479602452,0.030010176381499,0.006283578528458,0.103186262657282,0.064207328289229,0.037433155080214,0.000000000000000,0.000000000000000,0.000000000000000,0.000000000000000,0.000000000000000,0.000000000000000,0.000000000000000,0.000000000000000,0.000000000000000,0.000000000000000,0.000000000000000,0.000000000000000,0.000000000000000,0.000000000000000,0.000000000000000,0.000000000000000,0.000000000000000,0.000000000000000,0.000000000000000,0.000000000000000,0.000000000000000,0.000000000000000,0.000000000000000,0.000000000000000,0.000000000000000,0.000000000000000,0.000000000000000,0.000000000000000,0.000000000000000,0.000000000000000,0.000000000000000,0.000000000000000,0.000000000000000
1,5,36,0.000000000000000,0.000000000000000,0.002865190472373,0.020850638643268,0.023689627582532,0.064721590750549,0.064732427127707,0.064410490050765,0.052783079456398,0.063847372684756,0.075310008980628,0.063042076592600,0.051024278518524,0.075858486089746,0.067539187881379,0.175722035234770,0.067378975281739,0.117647058823529,0.000000000000000,0.000000000000000,0.000000000000000,0.000000000000000,0.000000000000000,0.000000000000000,0.000000000000000,0.000000000000000,0.000000000000000,0.000000000000000,0.000000000000000,0.000000000000000,0.000000000000000,0.000000000000000,0.000000000000000,0.000000000000000,0.000000000000000,0.000000000000000,0.000000000000000,0.000000000000000,0.000000000000000,0.000000000000000,0.000000000000000,0.000000000000000,0.000000000000000,0.000000000000000,0.000000000000000,0.000000000000000,0.000000000000000,0.000000000000000,0.000000000000000,0.000000000000000
1,5,37,0.000000000000000,0.000000000000000,0.000000000000000,0.012274465607897,0.026452956827762,0.043301312163812,0.017491559810524,0.029683855773139,0.081155447924182,0.057982678379908,0.067423451815007,0.059358706635776,0.104314023286871,0.117796273712533,0.119783616263731,0.145304877118591,0.214536799073575,0.133322466990362,0.026867907581788,0.000000000000000,0.000000000000000,0.000000000000000,0.000000000000000,0.000000000000000,0.000000000000000,0.000000000000000,0.000000000000000,0.000000000000000,0.000000000000000,0.000000000000000,0.000000000000000,0.000000000000000,0.000000000000000,0.000000000000000,0.000000000000000,0.000000000000000,0.000000000000000,0.000000000000000,0.000000000000000,0.000000000000000,0.000000000000000,0.000000000000000,0.000000000000000,0.000000000000000,0.000000000000000,0.000000000000000,0.000000000000000,0.000000000000000,0.000000000000000,0.000000000000000
1,5,38,0.000000000000000,0.005025125628141,0.008895724848019,0.010162997185517,0.060391243938171,0.057162493664224,0.037466584292354,0.021979986497064,0.015106177151350,0.028065289742369,0.031414439294375,0.032543233750022,0.054977360546718,0.043854707919419,0.081562127008423,0.099972202197966,0.126375723212299,0.110122768786280,0.123070334022901,0.157682036468592,0.000000000000000,0.000000000000000,0.000000000000000,0.000000000000000,0.000000000000000,0.000000000000000,0.000000000000000,0.000000000000000,0.000000000000000,0.000000000000000,0.000000000000000,0.000000000000000,0.000000000000000,0.000000000000000,0.000000000000000,0.000000000000000,0.000000000000000,0.000000000000000,0.000000000000000,0.000000000000000,0.000000000000000,0.000000000000000,0.000000000000000,0.000000000000000,0.000000000000000,0.000000000000000,0.000000000000000,0.000000000000000,0.000000000000000,0.000000000000000
1,5,39,0.000000000000000,0.000000000000000,0.000000000000000,0.008219178082192,0.009911594907295,0.014704755469883,0.021317871308230,0.045444050297971,0.047763396880129,0.032216303092140,0.037690656624422,0.024969399240551,0.033087794907722,0.061855528888148,0.094072340866967,0.141337264105267,0.159560977931929,0.174400557417767,0.202785751404638,0.119025299727303,0.073529411764706,0.000000000000000,0.000000000000000,0.000000000000000,0.000000000000000,0.000000000000000,0.000000000000000,0.000000000000000,0.000000000000000,0.000000000000000,0.000000000000000,0.000000000000000,0.000000000000000,0.000000000000000,0.000000000000000,0.000000000000000,0.000000000000000,0.000000000000000,0.000000000000000,0.000000000000000,0.000000000000000,0.000000000000000,0.000000000000000,0.000000000000000,0.000000000000000,0.000000000000000,0.000000000000000,0.000000000000000,0.000000000000000,0.000000000000000
1,5,40,0.000000000000000,0.000000000000000,0.005356818844285,0.011746845974404,0.000000000000000,0.019652748492948,0.016922419836520,0.042778107100673,0.038331744514172,0.052107005570321,0.043333050053698,0.065086020353862,0.082150387706579,0.065361198847710,0.122797790886797,0.152809513005609,0.108314989002408,0.337220187850425,0.092982518439086,0.162450987751009,0.131871843070422,0.162540111954729,0.000000000000000,0.000000000000000,0.000000000000000,0.000000000000000,0.000000000000000,0.000000000000000,0.000000000000000,0.000000000000000,0.000000000000000,0.000000000000000,0.000000000000000,0.000000000000000,0.000000000000000,0.000000000000000,0.000000000000000,0.000000000000000,0.000000000000000,0.000000000000000,0.000000000000000,0.000000000000000,0.000000000000000,0.000000000000000,0.000000000000000,0.000000000000000,0.000000000000000,0.000000000000000,0.000000000000000,0.000000000000000
1,5,41,0.000000000000000,0.000000000000000,0.013943282291742,0.009476644583053,0.013331326394412,0.024961807859221,0.008926643080516,0.022112639086131,0.033173410883102,0.034724461119578,0.019264962028832,0.030232644744223,0.072843074260290,0.040930267454548,0.154211543966154,0.164616986824856,0.140764720029877,0.142195388326391,0.150088240078791,0.085565558724159,0.177224375946367,0.126256852873299,0.030303030303030,0.000000000000000,0.000000000000000,0.000000000000000,0.000000000000000,0.000000000000000,0.000000000000000,0.000000000000000,0.000000000000000,0.000000000000000,0.000000000000000,0.000000000000000,0.000000000000000,0.000000000000000,0.000000000000000,0.000000000000000,0.000000000000000,0.000000000000000,0.000000000000000,0.000000000000000,0.000000000000000,0.000000000000000,0.000000000000000,0.000000000000000,0.000000000000000,0.000000000000000,0.000000000000000,0.000000000000000
1,5,42,0.000000000000000,0.019071809253409,0.000000000000000,0.011127577375371,0.000000000000000,0.000000000000000,0.000000000000000,0.028073739495821,0.017082889499290,0.033359483669659,0.047907769253729,0.063646183460969,0.080570696872328,0.045886294770149,0.154419194438587,0.109790762486812,0.171964790217557,0.093720507001812,0.138636879460205,0.197439652102802,0.129690392306086,0.177974074250792,0.178232337448685,0.109563622190897,0.000000000000000,0.000000000000000,0.000000000000000,0.000000000000000,0.000000000000000,0.000000000000000,0.000000000000000,0.000000000000000,0.000000000000000,0.000000000000000,0.000000000000000,0.000000000000000,0.000000000000000,0.000000000000000,0.000000000000000,0.000000000000000,0.000000000000000,0.000000000000000,0.000000000000000,0.000000000000000,0.000000000000000,0.000000000000000,0.000000000000000,0.000000000000000,0.000000000000000,0.000000000000000
1,5,43,0.000000000000000,0.000000000000000,0.000000000000000,0.014352516264123,0.000000000000000,0.045447773830989,0.005478689416888,0.015223845615189,0.021735129258219,0.021705043232585,0.099746428104681,0.053703974616698,0.046826173453321,0.105062609908983,0.065467634029498,0.117486508214720,0.202272305180469,0.133969536673745,0.165776950269845,0.141593210923332,0.148835483931321,0.220491403810789,0.179201071645326,0.197038552615173,0.223372059142800,0.000000000000000,0.000000000000000,0.000000000000000,0.000000000000000,0.000000000000000,0.000000000000000,0.000000000000000,0.000000000000000,0.000000000000000,0.000000000000000,0.000000000000000,0.000000000000000,0.000000000000000,0.000000000000000,0.000000000000000,0.000000000000000,0.000000000000000,0.000000000000000,0.000000000000000,0.000000000000000,0.000000000000000,0.000000000000000,0.000000000000000,0.000000000000000,0.000000000000000
1,5,44,0.000000000000000,0.000000000000000,0.001848428835490,0.000000000000000,0.012175932381235,0.030686549536877,0.022468109642245,0.019252944264034,0.038415735893453,0.065231189204646,0.027417957641760,0.053501903895479,0.076992364966235,0.080846245052502,0.103262424899671,0.117222855824557,0.157122707496002,0.332288154750360,0.213857238051931,0.232351883419696,0.202984482342343,0.233815700347687,0.287263845789547,0.225075860563792,0.191082155953475,0.352033649368228,0.000000000000000,0.000000000000000,0.000000000000000,0.000000000000000,0.000000000000000,0.000000000000000,0.000000000000000,0.000000000000000,0.000000000000000,0.000000000000000,0.000000000000000,0.000000000000000,0.000000000000000,0.000000000000000,0.000000000000000,0.000000000000000,0.000000000000000,0.000000000000000,0.000000000000000,0.000000000000000,0.000000000000000,0.000000000000000,0.000000000000000,0.000000000000000
1,5,45,0.000000000000000,0.026155159089356,0.001795332136445,0.000000000000000,0.008062680775018,0.001338323973487,0.036141300709227,0.043690386458678,0.018790126296836,0.060188444927889,0.009682847608132,0.075868958613851,0.165188023342778,0.092538918233852,0.128494810024236,0.181119770532752,0.220060393848274,0.236003973009992,0.259140955464477,0.375453168529453,0.293129712857013,0.264584597614063,0.316020217784865,0.319917069399808,0.177403847594013,0.263286735587869,0.343128988494382,0.000000000000000,0.000000000000000,0.000000000000000,0.000000000000000,0.000000000000000,0.000000000000000,0.000000000000000,0.000000000000000,0.000000000000000,0.000000000000000,0.000000000000000,0.000000000000000,0.000000000000000,0.000000000000000,0.000000000000000,0.000000000000000,0.000000000000000,0.000000000000000,0.000000000000000,0.000000000000000,0.000000000000000,0.000000000000000,0.000000000000000
1,5,46,0.000000000000000,0.000000000000000,0.017034792153725,0.002902329572133,0.042434599391526,0.009370816599732,0.022129560598370,0.046358043866680,0.010119722787445,0.051775586869238,0.034429321253096,0.051146574624640,0.118294169691718,0.194762141864270,0.170181570023977,0.167472377059441,0.293118408986621,0.335012458307449,0.200310620234047,0.346371165116086,0.229507397767344,0.266840725607756,0.252047870813660,0.345307511454270,0.278040296816355,0.250947058324983,0.291779390329799,0.238640143957388,0.000000000000000,0.000000000000000,0.000000000000000,0.000000000000000,0.000000000000000,0.000000000000000,0.000000000000000,0.000000000000000,0.000000000000000,0.000000000000000,0.000000000000000,0.000000000000000,0.000000000000000,0.000000000000000,0.000000000000000,0.000000000000000,0.000000000000000,0.000000000000000,0.000000000000000,0.000000000000000,0.000000000000000,0.000000000000000
1,5,47,0.000000000000000,0.000000000000000,0.011678254645121,0.000000000000000,0.000000000000000,0.014998094931141,0.067053479415578,0.055064167348961,0.042893498994558,0.029836739589204,0.011156075125004,0.069185966605373,0.159717923957215,0.081769069574801,0.135805923958808,0.199347937373809,0.160636555537548,0.192747537441597,0.280702335882958,0.229948776084592,0.280341425444014,0.190710547200103,0.381678017463026,0.272086710294290,0.301034867952097,0.331421769863690,0.311419187039078,0.242079114352970,0.258889423426559,0.000000000000000,0.000000000000000,0.000000000000000,0.000000000000000,0.000000000000000,0.000000000000000,0.000000000000000,0.000000000000000,0.000000000000000,0.000000000000000,0.000000000000000,0.000000000000000,0.000000000000000,0.000000000000000,0.000000000000000,0.000000000000000,0.000000000000000,0.000000000000000,0.000000000000000,0.000000000000000,0.000000000000000
1,5,48,0.000000000000000,0.020155038759690,0.000000000000000,0.004212881883930,0.029223646926301,0.014959434483490,0.077801188752256,0.038090630191068,0.030819534417328,0.062562729150322,0.024764383937110,0.012560989861050,0.093464116762556,0.138964059481246,0.112844609743494,0.276831240799604,0.179975463417022,0.149871470015942,0.272302140606474,0.232435522092937,0.165837862006230,0.338701746354504,0.286396927429053,0.314435523068904,0.271609497167987,0.297824337472008,0.212746129676834,0.339567475599556,0.304519548962676,0.175697462037378,0.000000000000000,0.000000000000000,0.000000000000000,0.000000000000000,0.000000000000000,0.000000000000000,0.000000000000000,0.000000000000000,0.000000000000000,0.000000000000000,0.000000000000000,0.000000000000000,0.000000000000000,0.000000000000000,0.000000000000000,0.000000000000000,0.000000000000000,0.000000000000000,0.000000000000000,0.000000000000000
1,5,49,0.000000000000000,0.000000000000000,0.000000000000000,0.001259445843829,0.001239053359469,0.028323941632992,0.016067875762213,0.007414700972703,0.032516487556095,0.068649721742605,0.121180756107395,0.026192156471668,0.009047693674950,0.112374966457332,0.189280081248974,0.151885355610319,0.096783485147658,0.258956291129945,0.346735116152812,0.276216524994735,0.310723893471679,0.334106217693843,0.275730319255981,0.271170157537590,0.324290473170613,0.427947135821356,0.219632393384539,0.348726646841285,0.301889392391573,0.189244953360025,0.370646766169154,0.000000000000000,0.000000000000000,0.000000000000000,0.000000000000000,0.000000000000000,0.000000000000000,0.000000000000000,0.000000000000000,0.000000000000000,0.000000000000000,0.000000000000000,0.000000000000000,0.000000000000000,0.000000000000000,0.000000000000000,0.000000000000000,0.000000000000000,0.000000000000000,0.000000000000000
1,5,50,0.000000000000000,0.000000000000000,0.004201680672269,0.003855537549443,0.008996645922558,0.024483467385662,0.012703199858444,0.019642830180035,0.031499026014699,0.033752862271189,0.070187419786612,0.075705743272066,0.042759496854019,0.066873546306742,0.112241115766665,0.193593791424442,0.188585503916629,0.233285443093976,0.212481473279003,0.318884185171946,0.266760138526600,0.216899343346679,0.411325390475845,0.384756840252088,0.257806145713634,0.281030160282173,0.312514015117447,0.278424834789754,0.413046491916617,0.174334021000046,0.260695263941683,0.213742328164664,0.000000000000000,0.000000000000000,0.000000000000000,0.000000000000000,0.000000000000000,0.000000000000000,0.000000000000000,0.000000000000000,0.000000000000000,0.000000000000000,0.000000000000000,0.000000000000000,0.000000000000000,0.000000000000000,0.000000000000000,0.000000000000000,0.000000000000000,0.000000000000000
1,5,51,0.000000000000000,0.000000000000000,0.000000000000000,0.002429833643523,0.017093310149089,0.004865378097203,0.024756977790582,0.030300438529560,0.003537735849057,0.023010475171172,0.070317638334356,0.045119750796467,0.078045327263456,0.111226323738651,0.157262990560004,0.169037286985293,0.143421785292282,0.283208572665038,0.326833326401567,0.498277835264413,0.212247526393976,0.275692969712976,0.394588792561008,0.311286285951501,0.211702839816978,0.217881617235264,0.258249233267655,0.362880484588323,0.258749046386916,0.253331162623432,0.367437057450217,0.249568149043590,0.259648985788098,0.000000000000000,0.000000000000000,0.000000000000000,0.000000000000000,0.000000000000000,0.000000000000000,0.000000000000000,0.000000000000000,0.000000000000000,0.000000000000000,0.000000000000000,0.000000000000000,0.000000000000000,0.000000000000000,0.000000000000000,0.000000000000000,0.000000000000000
1,5,52,0.000000000000000,0.000000000000000,0.010713853688432,0.000000000000000,0.000000000000000,0.026749283931462,0.030747745403299,0.028195332946132,0.006570302233903,0.024787440814831,0.092264537025168,0.037773706713290,0.105481315266743,0.030401926419218,0.242430817876828,0.135016470972605,0.121198792417129,0.209602469103934,0.206549686150637,0.319327572257954,0.197680977920165,0.260777727553899,0.229182930278613,0.331529694571419,0.160802577464847,0.374720278229034,0.244317703501083,0.269406420321301,0.280133919165594,0.225724778246435,0.206879291982134,0.315515030596907,0.173592653322434,0.197324414715719,0.000000000000000,0.000000000000000,0.000000000000000,0.000000000000000,0.000000000000000,0.000000000000000,0.000000000000000,0.000000000000000,0.000000000000000,0.000000000000000,0.000000000000000,0.000000000000000,0.000000000000000,0.000000000000000,0.000000000000000,0.000000000000000
1,5,53,0.000000000000000,0.000000000000000,0.000000000000000,0.000000000000000,0.024851074839767,0.010856009991721,0.011193086730370,0.025388827205568,0.040957642908560,0.039949816244710,0.032962943123945,0.105054789483022,0.054289787216963,0.021125080861947,0.089935477150602,0.198519576012347,0.155988303727650,0.189452529570892,0.273084319874562,0.162780375662226,0.309144400603498,0.232549563871215,0.254506984518752,0.416461504215524,0.561154811603040,0.337230053959042,0.312359864946223,0.285880308916104,0.226948397237318,0.324470853932663,0.127428058006912,0.175272819617910,0.260806405907443,0.233037840273422,0.099397590361446,0.000000000000000,0.000000000000000,0.000000000000000,0.000000000000000,0.000000000000000,0.000000000000000,0.000000000000000,0.000000000000000,0.000000000000000,0.000000000000000,0.000000000000000,0.000000000000000,0.000000000000000,0.000000000000000,0.000000000000000
1,5,54,0.000000000000000,0.000922480399969,0.006672806460833,0.016458611155352,0.004366812227074,0.026232948583421,0.019999203038988,0.050943778252426,0.053537455214158,0.030093516164682,0.057105790645993,0.008556040039915,0.027578690741265,0.061250090088190,0.035390273808567,0.160637028721856,0.085624650390470,0.275141259991994,0.140299984962652,0.240580702704241,0.247899224895888,0.329157921426834,0.295828342146078,0.380365264055684,0.326969327969188,0.245220330941015,0.307673445114504,0.227496384994580,0.355700344740264,0.371336256497494,0.237256687693692,0.283868778975704,0.270090266019264,0.385651311740990,0.209932413170221,0.126623376623377,0.000000000000000,0.000000000000000,0.000000000000000,0.000000000000000,0.000000000000000,0.000000000000000,0.000000000000000,0.000000000000000,0.000000000000000,0.000000000000000,0.000000000000000,0.000000000000000,0.000000000000000,0.000000000000000
1,5,55,0.000000000000000,0.002920936828558,0.007835455435847,0.000000000000000,0.005958994411902,0.001232994125506,0.033717994413466,0.040605646187121,0.025176233635448,0.062019998092836,0.040753367359161,0.070172230921280,0.092353051897591,0.058739680529290,0.090255047377879,0.144001857369556,0.126307030340015,0.294409791016266,0.292971835563871,0.211172075666971,0.288690991613565,0.329370667646042,0.153624650493123,0.332198370048012,0.212367581410196,0.313241390829390,0.335227313625319,0.360873185138698,0.247017889003949,0.351976944923696,0.309617100300100,0.245183993007833,0.283713904585349,0.259717353105947,0.219176720388344,0.179047335978022,0.103004291845494,0.000000000000000,0.000000000000000,0.000000000000000,0.000000000000000,0.000000000000000,0.000000000000000,0.000000000000000,0.000000000000000,0.000000000000000,0.000000000000000,0.000000000000000,0.000000000000000,0.000000000000000
1,5,56,0.000000000000000,0.000000000000000,0.000000000000000,0.023769831855470,0.007393252447926,0.005940394837427,0.040579865704406,0.055131097489383,0.022138837839516,0.034000256837125,0.023472312068830,0.062802642208862,0.015794568659358,0.082013134066659,0.077097326235909,0.079134455481300,0.156243108988668,0.251198166923777,0.297698298011240,0.207913719553378,0.385264766128219,0.436953006050705,0.307870258543585,0.290539029338651,0.294299030003546,0.296771654807941,0.457602008579221,0.343305835529612,0.303354912225396,0.279588918005740,0.223782681441412,0.380956945232765,0.320151120344015,0.289406803215255,0.462950925655132,0.246102449888641,0.140546839531870,0.262658227848101,0.000000000000000,0.000000000000000,0.000000000000000,0.000000000000000,0.000000000000000,0.000000000000000,0.000000000000000,0.000000000000000,0.000000000000000,0.000000000000000,0.000000000000000,0.000000000000000
1,5,57,0.000000000000000,0.000000000000000,0.001200455785072,0.007348029392118,0.000000000000000,0.035205364626991,0.022083484070620,0.019754779738752,0.038037795077323,0.020017305185107,0.050664080381783,0.111751152073733,0.004494039948343,0.044418738288120,0.076382899869660,0.117566270910768,0.147611662960920,0.195443581077806,0.283354851093707,0.273002346846613,0.455105105130577,0.188491391730416,0.293370801540120,0.179867846307175,0.322212166857847,0.231135953698635,0.304790277626838,0.258537652524360,0.233533614077558,0.345681571888110,0.204727844310773,0.345040121463821,0.263190148605295,0.174550617031710,0.257264632782080,0.217819592411591,0.176294820717131,0.208942238943728,0.155405405405405,0.000000000000000,0.000000000000000,0.000000000000000,0.000000000000000,0.000000000000000,0.000000000000000,0.000000000000000,0.000000000000000,0.000000000000000,0.000000000000000,0.000000000000000
1,5,58,0.000000000000000,0.000000000000000,0.013014706250934,0.004728037736994,0.002580532376400,0.001482468018290,0.018239002541626,0.017030694457477,0.013948197586651,0.032226253606427,0.014449452501040,0.036436295060196,0.040091638029782,0.136405502072929,0.123299657265665,0.212131637555249,0.190395991150740,0.092867313945145,0.246152199707260,0.274955495012290,0.280479244158440,0.316086822745916,0.298782987427783,0.318883651709052,0.310180633218266,0.452838828288676,0.307218677172315,0.244222186126196,0.430350765534199,0.328130017260077,0.253012328581713,0.427343660258363,0.246586515306216,0.330546589878174,0.332068440370444,0.167155831962844,0.246833709550678,0.172079468118809,0.226758660954395,0.293436293436293,0.000000000000000,0.000000000000000,0.000000000000000,0.000000000000000,0.000000000000000,0.000000000000000,0.000000000000000,0.000000000000000,0.000000000000000,0.000000000000000
1,5,59,0.001897533206831,0.000000000000000,0.000420863421240,0.000000000000000,0.002656700325045,0.001699684095169,0.022412156131264,0.027407407407407,0.031106939559748,0.030169770906133,0.039191864189759,0.036739093047742,0.026337111728171,0.062628336755647,0.059530265422410,0.210518330663524,0.158634471283457,0.237206728194602,0.290181791793026,0.409861288809011,0.274807132784297,0.253356826940537,0.366130298898850,0.348385843842100,0.365791417323055,0.329051029859273,0.330676997706694,0.226535358247597,0.331626333469977,0.388675290217886,0.260730922775185,0.080571651724059,0.404248439682281,0.319212865176844,0.303654151380163,0.309309377308626,0.293253520961817,0.325173800098372,0.108037564438605,0.221033630563423,0.199115044247788,0.000000000000000,0.000000000000000,0.000000000000000,0.000000000000000,0.000000000000000,0.000000000000000,0.000000000000000,0.000000000000000,0.000000000000000
1,5,60,0.000000000000000,0.000000000000000,0.000000000000000,0.000000000000000,0.000000000000000,0.172932330827068,0.000000000000000,0.000000000000000,0.000000000000000,0.000000000000000,0.000000000000000,0.000000000000000,0.000000000000000,0.000000000000000,0.000000000000000,0.000000000000000,0.000000000000000,0.466666666666667,0.080000000000000,0.000000000000000,0.642857142857143,0.000000000000000,0.183673469387755,0.000000000000000,0.176470588235294,0.000000000000000,0.078947368421053,0.000000000000000,0.403846153846154,0.214285714285714,0.230769230769231,0.000000000000000,0.000000000000000,0.292307692307692,0.388888888888889,0.000000000000000,0.000000000000000,0.264367816091954,0.147058823529412,0.000000000000000,0.227027027027027,0.000000000000000,0.000000000000000,0.000000000000000,0.000000000000000,0.000000000000000,0.000000000000000,0.000000000000000,0.000000000000000,0.000000000000000
1,5,61,0.000000000000000,0.000000000000000,0.000000000000000,0.000000000000000,0.000000000000000,0.000000000000000,0.000000000000000,0.000000000000000,0.000000000000000,0.000000000000000,0.000000000000000,0.000000000000000,0.000000000000000,0.202898550724638,0.000000000000000,0.000000000000000,0.000000000000000,0.173913043478261,0.000000000000000,0.187500000000000,0.306122448979592,0.403846153846154,0.048387096774194,0.352941176470588,0.255319148936170,0.000000000000000,0.367346938775510,0.000000000000000,0.279069767441860,0.285714285714286,1.097560975609760,0.071428571428571,0.260000000000000,0.000000000000000,0.900000000000000,0.444444444444444,0.410714285714286,0.571428571428571,0.032258064516129,0.291666666666667,0.000000000000000,0.380000000000000,0.000000000000000,0.000000000000000,0.000000000000000,0.000000000000000,0.000000000000000,0.000000000000000,0.000000000000000,0.000000000000000
1,5,62,0.000000000000000,0.029605263157895,0.000000000000000,0.000000000000000,0.020000000000000,0.000000000000000,0.000000000000000,0.000000000000000,0.000000000000000,0.081818181818182,0.000000000000000,0.000000000000000,0.181818181818182,0.000000000000000,0.000000000000000,0.000000000000000,0.000000000000000,0.132352941176471,0.000000000000000,0.000000000000000,0.649122807017544,0.047619047619048,0.240000000000000,0.000000000000000,0.837209302325581,0.438596491228070,0.022222222222222,0.592592592592593,0.000000000000000,0.209677419354839,0.711111111111111,0.737704918032787,0.000000000000000,0.000000000000000,0.254545454545455,0.066666666666667,0.172413793103448,0.276315789473684,0.458333333333333,0.101449275362319,0.337078651685393,0.215384615384615,0.100000000000000,0.000000000000000,0.000000000000000,0.000000000000000,0.000000000000000,0.000000000000000,0.000000000000000,0.000000000000000
1,5,63,0.000000000000000,0.000000000000000,0.000000000000000,0.000000000000000,0.000000000000000,0.100628930817610,0.000000000000000,0.000000000000000,0.000000000000000,0.000000000000000,0.000000000000000,0.000000000000000,0.000000000000000,0.000000000000000,0.000000000000000,0.000000000000000,0.166666666666667,0.460000000000000,0.207547169811321,0.000000000000000,0.000000000000000,0.000000000000000,0.000000000000000,0.200000000000000,0.346938775510204,0.000000000000000,0.000000000000000,0.420000000000000,0.450000000000000,0.285714285714286,0.000000000000000,0.173076923076923,0.325000000000000,0.879310344827586,0.000000000000000,0.586956521739130,0.000000000000000,0.566666666666667,0.190476190476190,0.882352941176470,0.000000000000000,0.512195121951220,0.523076923076923,0.247706422018349,0.000000000000000,0.000000000000000,0.000000000000000,0.000000000000000,0.000000000000000,0.000000000000000
1,5,64,0.000000000000000,0.000000000000000,0.000000000000000,0.000000000000000,0.018518518518519,0.000000000000000,0.000000000000000,0.000000000000000,0.000000000000000,0.000000000000000,0.105882352941176,0.440000000000000,0.000000000000000,0.344262295081967,0.131147540983607,0.031250000000000,0.000000000000000,0.000000000000000,0.000000000000000,0.415094339622642,0.702127659574468,0.690909090909091,0.282051282051282,0.225000000000000,0.000000000000000,0.000000000000000,0.279069767441860,0.000000000000000,0.000000000000000,0.970588235294118,0.000000000000000,0.300000000000000,0.625000000000000,0.538461538461539,0.130434782608696,0.000000000000000,1.217391304347830,0.172413793103448,0.121212121212121,0.015151515151515,0.444444444444444,0.000000000000000,0.000000000000000,0.000000000000000,0.245454545454545,0.000000000000000,0.000000000000000,0.000000000000000,0.000000000000000,0.000000000000000
1,5,65,0.000000000000000,0.000000000000000,0.000000000000000,0.000000000000000,0.000000000000000,0.000000000000000,0.000000000000000,0.000000000000000,0.000000000000000,0.000000000000000,0.000000000000000,0.000000000000000,0.000000000000000,0.000000000000000,0.000000000000000,0.000000000000000,0.000000000000000,0.000000000000000,0.000000000000000,0.000000000000000,0.000000000000000,0.000000000000000,0.000000000000000,0.000000000000000,0.000000000000000,0.000000000000000,0.000000000000000,0.000000000000000,0.000000000000000,0.000000000000000,0.000000000000000,0.000000000000000,0.000000000000000,0.000000000000000,0.000000000000000,0.000000000000000,0.000000000000000,0.000000000000000,0.000000000000000,0.000000000000000,0.000000000000000,0.000000000000000,0.000000000000000,0.000000000000000,0.000000000000000,0.000000000000000,0.000000000000000,0.000000000000000,0.000000000000000,0.000000000000000
1,5,66,0.000000000000000,0.000000000000000,0.000000000000000,0.000000000000000,0.000000000000000,0.000000000000000,0.000000000000000,0.000000000000000,0.000000000000000,0.000000000000000,0.000000000000000,0.000000000000000,0.000000000000000,0.000000000000000,0.000000000000000,0.000000000000000,0.000000000000000,0.000000000000000,0.000000000000000,0.000000000000000,0.000000000000000,0.000000000000000,0.000000000000000,0.000000000000000,0.000000000000000,0.000000000000000,0.000000000000000,0.000000000000000,0.000000000000000,0.000000000000000,0.000000000000000,0.000000000000000,0.000000000000000,0.000000000000000,0.000000000000000,0.000000000000000,0.000000000000000,0.000000000000000,0.000000000000000,0.000000000000000,0.000000000000000,0.000000000000000,0.000000000000000,0.000000000000000,0.000000000000000,0.000000000000000,0.000000000000000,0.000000000000000,0.000000000000000,0.000000000000000
1,5,67,0.000000000000000,0.000000000000000,0.000000000000000,0.000000000000000,0.000000000000000,0.000000000000000,0.000000000000000,0.000000000000000,0.000000000000000,0.000000000000000,0.000000000000000,0.000000000000000,0.000000000000000,0.000000000000000,0.000000000000000,0.000000000000000,0.000000000000000,0.000000000000000,0.000000000000000,0.000000000000000,0.000000000000000,0.000000000000000,0.000000000000000,0.000000000000000,0.000000000000000,0.000000000000000,0.000000000000000,0.000000000000000,0.000000000000000,0.000000000000000,0.000000000000000,0.000000000000000,0.000000000000000,0.000000000000000,0.000000000000000,0.000000000000000,0.000000000000000,0.000000000000000,0.000000000000000,0.000000000000000,0.000000000000000,0.000000000000000,0.000000000000000,0.000000000000000,0.000000000000000,0.000000000000000,0.000000000000000,0.000000000000000,0.000000000000000,0.000000000000000
1,5,68,0.000000000000000,0.000000000000000,0.000000000000000,0.000000000000000,0.000000000000000,0.000000000000000,0.000000000000000,0.000000000000000,0.000000000000000,0.000000000000000,0.000000000000000,0.000000000000000,0.000000000000000,0.000000000000000,0.000000000000000,0.000000000000000,0.000000000000000,0.000000000000000,0.000000000000000,0.000000000000000,0.000000000000000,0.000000000000000,0.000000000000000,0.000000000000000,0.000000000000000,0.000000000000000,0.000000000000000,0.000000000000000,0.000000000000000,0.000000000000000,0.000000000000000,0.000000000000000,0.000000000000000,0.000000000000000,0.000000000000000,0.000000000000000,0.000000000000000,0.000000000000000,0.000000000000000,0.000000000000000,0.000000000000000,0.000000000000000,0.000000000000000,0.000000000000000,0.000000000000000,0.000000000000000,0.000000000000000,0.000000000000000,0.000000000000000,0.000000000000000
1,5,69,0.000000000000000,0.000000000000000,0.000000000000000,0.000000000000000,0.000000000000000,0.000000000000000,0.000000000000000,0.000000000000000,0.000000000000000,0.000000000000000,0.000000000000000,0.000000000000000,0.000000000000000,0.000000000000000,0.000000000000000,0.000000000000000,0.000000000000000,0.000000000000000,0.000000000000000,0.000000000000000,0.000000000000000,0.000000000000000,0.000000000000000,0.000000000000000,0.000000000000000,0.000000000000000,0.000000000000000,0.000000000000000,0.000000000000000,0.000000000000000,0.000000000000000,0.000000000000000,0.000000000000000,0.000000000000000,0.000000000000000,0.000000000000000,0.000000000000000,0.000000000000000,0.000000000000000,0.000000000000000,0.000000000000000,0.000000000000000,0.000000000000000,0.000000000000000,0.000000000000000,0.000000000000000,0.000000000000000,0.000000000000000,0.000000000000000,0.000000000000000
1,6,20,0.000000000000000,0.000000000000000,0.000000000000000,0.000000000000000,0.000000000000000,0.000000000000000,0.000000000000000,0.000000000000000,0.000000000000000,0.000000000000000,0.000000000000000,0.000000000000000,0.000000000000000,0.000000000000000,0.000000000000000,0.000000000000000,0.000000000000000,0.000000000000000,0.000000000000000,0.000000000000000,0.000000000000000,0.000000000000000,0.000000000000000,0.000000000000000,0.000000000000000,0.000000000000000,0.000000000000000,0.000000000000000,0.000000000000000,0.000000000000000,0.000000000000000,0.000000000000000,0.000000000000000,0.000000000000000,0.000000000000000,0.000000000000000,0.000000000000000,0.000000000000000,0.000000000000000,0.000000000000000,0.000000000000000,0.000000000000000,0.000000000000000,0.000000000000000,0.000000000000000,0.000000000000000,0.000000000000000,0.000000000000000,0.000000000000000,0.000000000000000
1,6,21,0.000000000000000,0.000000000000000,0.000000000000000,0.000000000000000,0.000000000000000,0.000000000000000,0.000000000000000,0.000000000000000,0.000000000000000,0.000000000000000,0.000000000000000,0.000000000000000,0.000000000000000,0.000000000000000,0.000000000000000,0.000000000000000,0.000000000000000,0.000000000000000,0.000000000000000,0.000000000000000,0.000000000000000,0.000000000000000,0.000000000000000,0.000000000000000,0.000000000000000,0.000000000000000,0.000000000000000,0.000000000000000,0.000000000000000,0.000000000000000,0.000000000000000,0.000000000000000,0.000000000000000,0.000000000000000,0.000000000000000,0.000000000000000,0.000000000000000,0.000000000000000,0.000000000000000,0.000000000000000,0.000000000000000,0.000000000000000,0.000000000000000,0.000000000000000,0.000000000000000,0.000000000000000,0.000000000000000,0.000000000000000,0.000000000000000,0.000000000000000
1,6,22,0.000000000000000,0.000000000000000,0.000000000000000,0.000000000000000,0.000000000000000,0.000000000000000,0.000000000000000,0.000000000000000,0.000000000000000,0.000000000000000,0.000000000000000,0.000000000000000,0.000000000000000,0.000000000000000,0.000000000000000,0.000000000000000,0.000000000000000,0.000000000000000,0.000000000000000,0.000000000000000,0.000000000000000,0.000000000000000,0.000000000000000,0.000000000000000,0.000000000000000,0.000000000000000,0.000000000000000,0.000000000000000,0.000000000000000,0.000000000000000,0.000000000000000,0.000000000000000,0.000000000000000,0.000000000000000,0.000000000000000,0.000000000000000,0.000000000000000,0.000000000000000,0.000000000000000,0.000000000000000,0.000000000000000,0.000000000000000,0.000000000000000,0.000000000000000,0.000000000000000,0.000000000000000,0.000000000000000,0.000000000000000,0.000000000000000,0.000000000000000
1,6,23,0.000000000000000,0.000000000000000,0.000000000000000,0.000000000000000,0.000000000000000,0.000000000000000,0.000000000000000,0.000000000000000,0.000000000000000,0.000000000000000,0.000000000000000,0.000000000000000,0.000000000000000,0.000000000000000,0.000000000000000,0.000000000000000,0.000000000000000,0.000000000000000,0.000000000000000,0.000000000000000,0.000000000000000,0.000000000000000,0.000000000000000,0.000000000000000,0.000000000000000,0.000000000000000,0.000000000000000,0.000000000000000,0.000000000000000,0.000000000000000,0.000000000000000,0.000000000000000,0.000000000000000,0.000000000000000,0.000000000000000,0.000000000000000,0.000000000000000,0.000000000000000,0.000000000000000,0.000000000000000,0.000000000000000,0.000000000000000,0.000000000000000,0.000000000000000,0.000000000000000,0.000000000000000,0.000000000000000,0.000000000000000,0.000000000000000,0.000000000000000
1,6,24,0.000000000000000,0.000000000000000,0.000000000000000,0.000000000000000,0.000000000000000,0.000000000000000,0.000000000000000,0.000000000000000,0.000000000000000,0.000000000000000,0.000000000000000,0.000000000000000,0.000000000000000,0.000000000000000,0.000000000000000,0.000000000000000,0.000000000000000,0.000000000000000,0.000000000000000,0.000000000000000,0.000000000000000,0.000000000000000,0.000000000000000,0.000000000000000,0.000000000000000,0.000000000000000,0.000000000000000,0.000000000000000,0.000000000000000,0.000000000000000,0.000000000000000,0.000000000000000,0.000000000000000,0.000000000000000,0.000000000000000,0.000000000000000,0.000000000000000,0.000000000000000,0.000000000000000,0.000000000000000,0.000000000000000,0.000000000000000,0.000000000000000,0.000000000000000,0.000000000000000,0.000000000000000,0.000000000000000,0.000000000000000,0.000000000000000,0.000000000000000
1,6,25,0.000000000000000,0.000000000000000,0.000000000000000,0.000000000000000,0.000000000000000,0.000000000000000,0.000000000000000,0.000000000000000,0.000000000000000,0.000000000000000,0.000000000000000,0.000000000000000,0.000000000000000,0.000000000000000,0.000000000000000,0.000000000000000,0.000000000000000,0.000000000000000,0.000000000000000,0.000000000000000,0.000000000000000,0.000000000000000,0.000000000000000,0.000000000000000,0.000000000000000,0.000000000000000,0.000000000000000,0.000000000000000,0.000000000000000,0.000000000000000,0.000000000000000,0.000000000000000,0.000000000000000,0.000000000000000,0.000000000000000,0.000000000000000,0.000000000000000,0.000000000000000,0.000000000000000,0.000000000000000,0.000000000000000,0.000000000000000,0.000000000000000,0.000000000000000,0.000000000000000,0.000000000000000,0.000000000000000,0.000000000000000,0.000000000000000,0.000000000000000
1,6,26,0.000000000000000,0.000000000000000,0.000000000000000,0.000000000000000,0.000000000000000,0.000000000000000,0.000000000000000,0.000000000000000,0.000000000000000,0.000000000000000,0.000000000000000,0.000000000000000,0.000000000000000,0.000000000000000,0.000000000000000,0.000000000000000,0.000000000000000,0.000000000000000,0.000000000000000,0.000000000000000,0.000000000000000,0.000000000000000,0.000000000000000,0.000000000000000,0.000000000000000,0.000000000000000,0.000000000000000,0.000000000000000,0.000000000000000,0.000000000000000,0.000000000000000,0.000000000000000,0.000000000000000,0.000000000000000,0.000000000000000,0.000000000000000,0.000000000000000,0.000000000000000,0.000000000000000,0.000000000000000,0.000000000000000,0.000000000000000,0.000000000000000,0.000000000000000,0.000000000000000,0.000000000000000,0.000000000000000,0.000000000000000,0.000000000000000,0.000000000000000
1,6,27,0.000000000000000,0.000000000000000,0.000000000000000,0.000000000000000,0.000000000000000,0.000000000000000,0.000000000000000,0.000000000000000,0.000000000000000,0.000000000000000,0.000000000000000,0.000000000000000,0.000000000000000,0.000000000000000,0.000000000000000,0.000000000000000,0.000000000000000,0.000000000000000,0.000000000000000,0.000000000000000,0.000000000000000,0.000000000000000,0.000000000000000,0.000000000000000,0.000000000000000,0.000000000000000,0.000000000000000,0.000000000000000,0.000000000000000,0.000000000000000,0.000000000000000,0.000000000000000,0.000000000000000,0.000000000000000,0.000000000000000,0.000000000000000,0.000000000000000,0.000000000000000,0.000000000000000,0.000000000000000,0.000000000000000,0.000000000000000,0.000000000000000,0.000000000000000,0.000000000000000,0.000000000000000,0.000000000000000,0.000000000000000,0.000000000000000,0.000000000000000
1,6,28,0.000000000000000,0.000000000000000,0.000000000000000,0.000000000000000,0.000000000000000,0.000000000000000,0.000000000000000,0.000000000000000,0.000000000000000,0.000000000000000,0.000000000000000,0.000000000000000,0.000000000000000,0.000000000000000,0.000000000000000,0.000000000000000,0.000000000000000,0.000000000000000,0.000000000000000,0.000000000000000,0.000000000000000,0.000000000000000,0.000000000000000,0.000000000000000,0.000000000000000,0.000000000000000,0.000000000000000,0.000000000000000,0.000000000000000,0.000000000000000,0.000000000000000,0.000000000000000,0.000000000000000,0.000000000000000,0.000000000000000,0.000000000000000,0.000000000000000,0.000000000000000,0.000000000000000,0.000000000000000,0.000000000000000,0.000000000000000,0.000000000000000,0.000000000000000,0.000000000000000,0.000000000000000,0.000000000000000,0.000000000000000,0.000000000000000,0.000000000000000
1,6,29,0.000000000000000,0.000000000000000,0.000000000000000,0.000000000000000,0.000000000000000,0.000000000000000,0.000000000000000,0.000000000000000,0.000000000000000,0.000000000000000,0.000000000000000,0.000000000000000,0.000000000000000,0.000000000000000,0.000000000000000,0.000000000000000,0.000000000000000,0.000000000000000,0.000000000000000,0.000000000000000,0.000000000000000,0.000000000000000,0.000000000000000,0.000000000000000,0.000000000000000,0.000000000000000,0.000000000000000,0.000000000000000,0.000000000000000,0.000000000000000,0.000000000000000,0.000000000000000,0.000000000000000,0.000000000000000,0.000000000000000,0.000000000000000,0.000000000000000,0.000000000000000,0.000000000000000,0.000000000000000,0.000000000000000,0.000000000000000,0.000000000000000,0.000000000000000,0.000000000000000,0.000000000000000,0.000000000000000,0.000000000000000,0.000000000000000,0.000000000000000
1,6,30,0.000000000000000,0.000000000000000,0.000000000000000,0.000000000000000,0.000000000000000,0.000000000000000,0.000000000000000,0.000000000000000,0.000000000000000,0.000000000000000,0.000000000000000,0.000000000000000,0.000000000000000,0.000000000000000,0.000000000000000,0.000000000000000,0.000000000000000,0.000000000000000,0.000000000000000,0.000000000000000,0.000000000000000,0.000000000000000,0.000000000000000,0.000000000000000,0.000000000000000,0.000000000000000,0.000000000000000,0.000000000000000,0.000000000000000,0.000000000000000,0.000000000000000,0.000000000000000,0.000000000000000,0.000000000000000,0.000000000000000,0.000000000000000,0.000000000000000,0.000000000000000,0.000000000000000,0.000000000000000,0.000000000000000,0.000000000000000,0.000000000000000,0.000000000000000,0.000000000000000,0.000000000000000,0.000000000000000,0.000000000000000,0.000000000000000,0.000000000000000
1,6,31,0.000000000000000,0.000000000000000,0.000000000000000,0.000000000000000,0.000000000000000,0.000000000000000,0.000000000000000,0.000000000000000,0.000000000000000,0.000000000000000,0.000000000000000,0.000000000000000,0.000000000000000,0.000000000000000,0.000000000000000,0.000000000000000,0.000000000000000,0.000000000000000,0.000000000000000,0.000000000000000,0.000000000000000,0.000000000000000,0.000000000000000,0.000000000000000,0.000000000000000,0.000000000000000,0.000000000000000,0.000000000000000,0.000000000000000,0.000000000000000,0.000000000000000,0.000000000000000,0.000000000000000,0.000000000000000,0.000000000000000,0.000000000000000,0.000000000000000,0.000000000000000,0.000000000000000,0.000000000000000,0.000000000000000,0.000000000000000,0.000000000000000,0.000000000000000,0.000000000000000,0.000000000000000,0.000000000000000,0.000000000000000,0.000000000000000,0.000000000000000
1,6,32,0.000000000000000,0.000000000000000,0.000000000000000,0.000000000000000,0.000000000000000,0.000000000000000,0.000000000000000,0.000000000000000,0.000000000000000,0.000000000000000,0.000000000000000,0.000000000000000,0.000000000000000,0.000000000000000,0.000000000000000,0.000000000000000,0.000000000000000,0.000000000000000,0.000000000000000,0.000000000000000,0.000000000000000,0.000000000000000,0.000000000000000,0.000000000000000,0.000000000000000,0.000000000000000,0.000000000000000,0.000000000000000,0.000000000000000,0.000000000000000,0.000000000000000,0.000000000000000,0.000000000000000,0.000000000000000,0.000000000000000,0.000000000000000,0.000000000000000,0.000000000000000,0.000000000000000,0.000000000000000,0.000000000000000,0.000000000000000,0.000000000000000,0.000000000000000,0.000000000000000,0.000000000000000,0.000000000000000,0.000000000000000,0.000000000000000,0.000000000000000
1,6,33,0.000000000000000,0.000000000000000,0.000000000000000,0.001867118378181,0.000000000000000,0.000000000000000,0.000000000000000,0.000000000000000,0.009860388531282,0.000000000000000,0.000000000000000,0.000000000000000,0.001155288468649,0.005121422917943,0.000000000000000,0.000000000000000,0.000000000000000,0.000000000000000,0.000000000000000,0.000000000000000,0.000000000000000,0.000000000000000,0.000000000000000,0.000000000000000,0.000000000000000,0.000000000000000,0.000000000000000,0.000000000000000,0.000000000000000,0.000000000000000,0.000000000000000,0.000000000000000,0.000000000000000,0.000000000000000,0.000000000000000,0.000000000000000,0.000000000000000,0.000000000000000,0.000000000000000,0.000000000000000,0.000000000000000,0.000000000000000,0.000000000000000,0.000000000000000,0.000000000000000,0.000000000000000,0.000000000000000,0.000000000000000,0.000000000000000,0.000000000000000
1,6,34,0.010554089709763,0.000000000000000,0.000000000000000,0.008347220378529,0.002829555752071,0.000000000000000,0.017292880374342,0.011981784211511,0.001475682759042,0.007056386510830,0.011483962530657,0.020132194119136,0.024599011496169,0.013770779234173,0.015070457061922,0.058813189627879,0.000000000000000,0.000000000000000,0.000000000000000,0.000000000000000,0.000000000000000,0.000000000000000,0.000000000000000,0.000000000000000,0.000000000000000,0.000000000000000,0.000000000000000,0.000000000000000,0.000000000000000,0.000000000000000,0.000000000000000,0.000000000000000,0.000000000000000,0.000000000000000,0.000000000000000,0.000000000000000,0.000000000000000,0.000000000000000,0.000000000000000,0.000000000000000,0.000000000000000,0.000000000000000,0.000000000000000,0.000000000000000,0.000000000000000,0.000000000000000,0.000000000000000,0.000000000000000,0.000000000000000,0.000000000000000
1,6,35,0.000000000000000,0.000000000000000,0.000000000000000,0.012383468054472,0.034263092145124,0.020385667932918,0.034906482656339,0.054627230916948,0.048749802980323,0.059765866091757,0.029236471946279,0.056928574150892,0.018298888037499,0.078195643909704,0.051020193870713,0.048224984667451,0.090909090909091,0.000000000000000,0.000000000000000,0.000000000000000,0.000000000000000,0.000000000000000,0.000000000000000,0.000000000000000,0.000000000000000,0.000000000000000,0.000000000000000,0.000000000000000,0.000000000000000,0.000000000000000,0.000000000000000,0.000000000000000,0.000000000000000,0.000000000000000,0.000000000000000,0.000000000000000,0.000000000000000,0.000000000000000,0.000000000000000,0.000000000000000,0.000000000000000,0.000000000000000,0.000000000000000,0.000000000000000,0.000000000000000,0.000000000000000,0.000000000000000,0.000000000000000,0.000000000000000,0.000000000000000
1,6,36,0.000000000000000,0.025691699604743,0.020056333306608,0.034403553761392,0.039482712637554,0.101429358638921,0.073979916717379,0.056719685268584,0.132340184724011,0.120973969297432,0.110068474663995,0.060585891790291,0.069361128611118,0.091602700183845,0.058487544144699,0.152647424547376,0.116074260911119,0.273244781783681,0.000000000000000,0.000000000000000,0.000000000000000,0.000000000000000,0.000000000000000,0.000000000000000,0.000000000000000,0.000000000000000,0.000000000000000,0.000000000000000,0.000000000000000,0.000000000000000,0.000000000000000,0.000000000000000,0.000000000000000,0.000000000000000,0.000000000000000,0.000000000000000,0.000000000000000,0.000000000000000,0.000000000000000,0.000000000000000,0.000000000000000,0.000000000000000,0.000000000000000,0.000000000000000,0.000000000000000,0.000000000000000,0.000000000000000,0.000000000000000,0.000000000000000,0.000000000000000
1,6,37,0.011904761904762,0.043678160919540,0.000000000000000,0.033475815294263,0.082665490086757,0.079713779210653,0.055389939399993,0.135971210315670,0.083233084642741,0.114208305899818,0.072070600613051,0.185909014572890,0.198613900338203,0.187041380557062,0.237376068815320,0.215881531719050,0.284536444808527,0.281222655955254,0.410695158750180,0.000000000000000,0.000000000000000,0.000000000000000,0.000000000000000,0.000000000000000,0.000000000000000,0.000000000000000,0.000000000000000,0.000000000000000,0.000000000000000,0.000000000000000,0.000000000000000,0.000000000000000,0.000000000000000,0.000000000000000,0.000000000000000,0.000000000000000,0.000000000000000,0.000000000000000,0.000000000000000,0.000000000000000,0.000000000000000,0.000000000000000,0.000000000000000,0.000000000000000,0.000000000000000,0.000000000000000,0.000000000000000,0.000000000000000,0.000000000000000,0.000000000000000
1,6,38,0.000000000000000,0.027638190954774,0.039141189331283,0.069870605650432,0.161043317168456,0.077948854996669,0.249448574367512,0.163416421347738,0.135011458290187,0.231296698221589,0.109026583433421,0.245219416377812,0.278270024921081,0.107200397136356,0.308994981166524,0.137275262719595,0.327530696437207,0.445525258861064,0.431830807746629,0.369206719536215,0.000000000000000,0.000000000000000,0.000000000000000,0.000000000000000,0.000000000000000,0.000000000000000,0.000000000000000,0.000000000000000,0.000000000000000,0.000000000000000,0.000000000000000,0.000000000000000,0.000000000000000,0.000000000000000,0.000000000000000,0.000000000000000,0.000000000000000,0.000000000000000,0.000000000000000,0.000000000000000,0.000000000000000,0.000000000000000,0.000000000000000,0.000000000000000,0.000000000000000,0.000000000000000,0.000000000000000,0.000000000000000,0.000000000000000,0.000000000000000
1,6,39,0.000000000000000,0.035175879396985,0.108849286044285,0.061643835616438,0.122655986977781,0.153834364915702,0.084149492006169,0.149965365983303,0.112188443834722,0.195138750158106,0.375022033413001,0.172110501908081,0.251288388353238,0.210139331017270,0.269729543724754,0.400323982689219,0.344151128872788,0.446525565112730,0.436314532176743,0.588962426394163,0.838235294117647,0.000000000000000,0.000000000000000,0.000000000000000,0.000000000000000,0.000000000000000,0.000000000000000,0.000000000000000,0.000000000000000,0.000000000000000,0.000000000000000,0.000000000000000,0.000000000000000,0.000000000000000,0.000000000000000,0.000000000000000,0.000000000000000,0.000000000000000,0.000000000000000,0.000000000000000,0.000000000000000,0.000000000000000,0.000000000000000,0.000000000000000,0.000000000000000,0.000000000000000,0.000000000000000,0.000000000000000,0.000000000000000,0.000000000000000
1,6,40,0.000000000000000,0.000000000000000,0.001785606281428,0.052860806884817,0.175430384106679,0.146167316916304,0.039888561043225,0.054035503706114,0.143744041928144,0.169081916034306,0.134126107309065,0.202804266320004,0.261478673066063,0.310465694526620,0.193709191258047,0.244410283392216,0.350773925923183,0.527304208832150,0.483509095883248,0.446740216315275,0.534124617836595,0.464988168376821,0.000000000000000,0.000000000000000,0.000000000000000,0.000000000000000,0.000000000000000,0.000000000000000,0.000000000000000,0.000000000000000,0.000000000000000,0.000000000000000,0.000000000000000,0.000000000000000,0.000000000000000,0.000000000000000,0.000000000000000,0.000000000000000,0.000000000000000,0.000000000000000,0.000000000000000,0.000000000000000,0.000000000000000,0.000000000000000,0.000000000000000,0.000000000000000,0.000000000000000,0.000000000000000,0.000000000000000,0.000000000000000
1,6,41,0.000000000000000,0.027568922305764,0.001991897470249,0.067915952845210,0.109613128131835,0.049923615718443,0.187459504690845,0.123365249638417,0.112789597002548,0.141002357273436,0.236530922687321,0.254961970676282,0.207027684739772,0.345958213008678,0.337572830999082,0.217036921176905,0.359930043620699,0.607097675908482,0.326805038881239,0.438797737046967,0.509677194654267,0.511436226798559,0.272727272727273,0.000000000000000,0.000000000000000,0.000000000000000,0.000000000000000,0.000000000000000,0.000000000000000,0.000000000000000,0.000000000000000,0.000000000000000,0.000000000000000,0.000000000000000,0.000000000000000,0.000000000000000,0.000000000000000,0.000000000000000,0.000000000000000,0.000000000000000,0.000000000000000,0.000000000000000,0.000000000000000,0.000000000000000,0.000000000000000,0.000000000000000,0.000000000000000,0.000000000000000,0.000000000000000,0.000000000000000
1,6,42,0.000000000000000,0.027245441790584,0.029288702928870,0.022255154750743,0.020084131151904,0.061464033215409,0.058588613886255,0.147091848966482,0.127053990650967,0.114067911902705,0.083256498865705,0.308439196772386,0.150539986261455,0.228455169706698,0.333585054652589,0.194541526511719,0.231262993740852,0.411188170359303,0.421756771851829,0.499060227017295,0.494225549058327,0.559644213157355,0.591769621296527,0.885639279376415,0.000000000000000,0.000000000000000,0.000000000000000,0.000000000000000,0.000000000000000,0.000000000000000,0.000000000000000,0.000000000000000,0.000000000000000,0.000000000000000,0.000000000000000,0.000000000000000,0.000000000000000,0.000000000000000,0.000000000000000,0.000000000000000,0.000000000000000,0.000000000000000,0.000000000000000,0.000000000000000,0.000000000000000,0.000000000000000,0.000000000000000,0.000000000000000,0.000000000000000,0.000000000000000
1,6,43,0.000000000000000,0.017543859649123,0.025639312702679,0.043057548792370,0.026084395548772,0.120216692069067,0.132858218359532,0.090074419889866,0.133671044938049,0.176389422458632,0.174556249183192,0.316027235244413,0.302419036886033,0.232708771480644,0.153409231979570,0.250934889596581,0.390938849922791,0.410387694620838,0.346473826063977,0.386395931013671,0.379456803092230,0.582883216014660,0.522020513053777,0.611399038261787,0.682880295093704,0.000000000000000,0.000000000000000,0.000000000000000,0.000000000000000,0.000000000000000,0.000000000000000,0.000000000000000,0.000000000000000,0.000000000000000,0.000000000000000,0.000000000000000,0.000000000000000,0.000000000000000,0.000000000000000,0.000000000000000,0.000000000000000,0.000000000000000,0.000000000000000,0.000000000000000,0.000000000000000,0.000000000000000,0.000000000000000,0.000000000000000,0.000000000000000,0.000000000000000
1,6,44,0.007692307692308,0.019851116625310,0.012939001848429,0.006655574043261,0.050225721072595,0.046029824305316,0.098610036763185,0.065460010497717,0.040289674229719,0.113352558290041,0.149656352127939,0.201418932312393,0.113861948189502,0.175495507552991,0.198263855807368,0.246444901615408,0.420769284480818,0.347998429785284,0.412965701065799,0.351421887734416,0.458735330934350,0.503723757124882,0.610791196864408,0.639959284452034,0.481595125523516,0.422856987110948,0.000000000000000,0.000000000000000,0.000000000000000,0.000000000000000,0.000000000000000,0.000000000000000,0.000000000000000,0.000000000000000,0.000000000000000,0.000000000000000,0.000000000000000,0.000000000000000,0.000000000000000,0.000000000000000,0.000000000000000,0.000000000000000,0.000000000000000,0.000000000000000,0.000000000000000,0.000000000000000,0.000000000000000,0.000000000000000,0.000000000000000,0.000000000000000
1,6,45,0.000000000000000,0.000000000000000,0.000000000000000,0.044135479557167,0.045688524391770,0.050856310992489,0.128502402521695,0.047545420557973,0.044502930703033,0.121557055442599,0.096828476081317,0.124560976828711,0.100829053209228,0.106636702248568,0.249676907282865,0.206136313424016,0.276830977526678,0.316947484414245,0.384108893166648,0.587629793570380,0.594171369469626,0.662244288702655,0.716017836099973,0.509577076985824,0.611559445524088,0.504231583174164,0.613541899956842,0.000000000000000,0.000000000000000,0.000000000000000,0.000000000000000,0.000000000000000,0.000000000000000,0.000000000000000,0.000000000000000,0.000000000000000,0.000000000000000,0.000000000000000,0.000000000000000,0.000000000000000,0.000000000000000,0.000000000000000,0.000000000000000,0.000000000000000,0.000000000000000,0.000000000000000,0.000000000000000,0.000000000000000,0.000000000000000,0.000000000000000
1,6,46,0.000000000000000,0.013888888888889,0.000000000000000,0.031925625293468,0.068169150128919,0.022757697456493,0.096328675545844,0.087704407315341,0.064766225839650,0.146122211830960,0.283002427692809,0.136390865665707,0.296809751513965,0.157100954210958,0.251705675424684,0.168487361162831,0.335652941520957,0.493512976216350,0.395231717053726,0.561754250023297,0.454266366615363,0.608682133880202,0.555738577543269,0.825421921952274,0.618307635425312,0.664617599782573,0.648995216673756,0.595525404290058,0.000000000000000,0.000000000000000,0.000000000000000,0.000000000000000,0.000000000000000,0.000000000000000,0.000000000000000,0.000000000000000,0.000000000000000,0.000000000000000,0.000000000000000,0.000000000000000,0.000000000000000,0.000000000000000,0.000000000000000,0.000000000000000,0.000000000000000,0.000000000000000,0.000000000000000,0.000000000000000,0.000000000000000,0.000000000000000
1,6,47,0.000000000000000,0.003623188405797,0.002919563661280,0.020547945205480,0.060240963855422,0.064991744701612,0.068229856247431,0.051309792302441,0.128680496983673,0.101231795034799,0.146144584137552,0.103816747978969,0.219476330879982,0.251517517806034,0.330835483929727,0.273106674202118,0.354292847491148,0.342356340312932,0.460661808887676,0.534126630764913,0.466773881238852,0.673231208790727,1.027195596512140,0.513699709035620,0.478694790022186,0.717618267382676,0.655857872080220,0.611315905575771,0.515547041478750,0.000000000000000,0.000000000000000,0.000000000000000,0.000000000000000,0.000000000000000,0.000000000000000,0.000000000000000,0.000000000000000,0.000000000000000,0.000000000000000,0.000000000000000,0.000000000000000,0.000000000000000,0.000000000000000,0.000000000000000,0.000000000000000,0.000000000000000,0.000000000000000,0.000000000000000,0.000000000000000,0.000000000000000
1,6,48,0.000000000000000,0.007751937984496,0.007518414037339,0.050554582607164,0.082588567400415,0.143361247133444,0.083607247614365,0.138078534442620,0.101590317153416,0.196625720186726,0.148586303622661,0.143440089936133,0.235235529829355,0.156463237341847,0.245273821178007,0.237977733318958,0.328183671593037,0.452355961328606,0.424900991214800,0.442695216989729,0.755040650576439,0.819855233905085,0.726087249435014,0.859555051379947,0.740118424159553,0.609034038425904,0.476469766464732,0.540420695917222,0.618719406863281,0.466507054375107,0.000000000000000,0.000000000000000,0.000000000000000,0.000000000000000,0.000000000000000,0.000000000000000,0.000000000000000,0.000000000000000,0.000000000000000,0.000000000000000,0.000000000000000,0.000000000000000,0.000000000000000,0.000000000000000,0.000000000000000,0.000000000000000,0.000000000000000,0.000000000000000,0.000000000000000,0.000000000000000
1,6,49,0.000000000000000,0.013888162928192,0.030257889191564,0.027707808564232,0.037171600784073,0.108369863639274,0.061799522162357,0.055610257295274,0.065032975112190,0.055362678824681,0.225049975628019,0.101494606327712,0.109703285808764,0.223877568112444,0.170150711335514,0.170746935718790,0.310305813205378,0.492505549922613,0.452223312865969,0.512011119502436,0.486350441955671,0.767698157777912,0.743375207312289,0.720722805975239,0.602409464192842,0.782610917204806,0.600759193669473,0.627887793949444,0.655206844991445,0.500332547924450,0.420398009950249,0.000000000000000,0.000000000000000,0.000000000000000,0.000000000000000,0.000000000000000,0.000000000000000,0.000000000000000,0.000000000000000,0.000000000000000,0.000000000000000,0.000000000000000,0.000000000000000,0.000000000000000,0.000000000000000,0.000000000000000,0.000000000000000,0.000000000000000,0.000000000000000,0.000000000000000
1,6,50,0.000000000000000,0.000000000000000,0.023809523809524,0.010281433465182,0.059120816062527,0.023194863839048,0.121950718641060,0.101681919709966,0.124829473465660,0.044300631730935,0.214014099677209,0.120167846463596,0.212954980661992,0.167732009589041,0.236305288496824,0.332899376788062,0.367741732637427,0.285799915132447,0.387055453672550,0.806859696198756,0.526702126547728,0.660865186759412,0.826847978813688,0.684094690872922,0.683646654258477,0.668836951383959,0.805071233323635,0.874730430154977,0.951786149961995,0.429288913371654,0.597238977171166,0.432234485844099,0.000000000000000,0.000000000000000,0.000000000000000,0.000000000000000,0.000000000000000,0.000000000000000,0.000000000000000,0.000000000000000,0.000000000000000,0.000000000000000,0.000000000000000,0.000000000000000,0.000000000000000,0.000000000000000,0.000000000000000,0.000000000000000,0.000000000000000,0.000000000000000
1,6,51,0.005813571863514,0.000000000000000,0.016392042283945,0.029158003722276,0.035407571023113,0.094874872895466,0.046763180271099,0.075751096323900,0.015330188679245,0.140363898544152,0.244939773531340,0.271905866641869,0.226218339894076,0.117899903162970,0.130869201934549,0.378835338208174,0.278589079344720,0.495082655222716,0.638552972969536,0.680876545081806,0.622336638476455,0.597764196013183,1.047671761593650,0.908241781953258,0.546506960564570,0.800113764964279,0.655555745987125,0.768590210919903,0.510787022406448,0.490994556712579,0.639386314107758,0.563391535815109,0.513329029374171,0.000000000000000,0.000000000000000,0.000000000000000,0.000000000000000,0.000000000000000,0.000000000000000,0.000000000000000,0.000000000000000,0.000000000000000,0.000000000000000,0.000000000000000,0.000000000000000,0.000000000000000,0.000000000000000,0.000000000000000,0.000000000000000,0.000000000000000
1,6,52,0.000000000000000,0.027544910179641,0.022618135564467,0.026828160087062,0.032094739064737,0.053498567862924,0.153738727016496,0.160200755375748,0.069645203679369,0.067280196497398,0.085945048187828,0.193905027794889,0.164215229449361,0.172277583042233,0.291148972665473,0.317942012290329,0.429606433835716,0.398655676531011,0.700865197181046,0.462930504160940,0.631337154614138,0.683124264570540,0.638880601008334,0.849873740845781,0.684266287084457,0.677411944624570,0.661596828845790,0.783085134286696,0.880629865993148,0.674789918067689,0.683850992940942,0.701648415064581,0.420373250074617,0.622073578595318,0.000000000000000,0.000000000000000,0.000000000000000,0.000000000000000,0.000000000000000,0.000000000000000,0.000000000000000,0.000000000000000,0.000000000000000,0.000000000000000,0.000000000000000,0.000000000000000,0.000000000000000,0.000000000000000,0.000000000000000,0.000000000000000
1,6,53,0.010719754977029,0.000000000000000,0.014783526927138,0.013377926421405,0.016567383226511,0.033774253307578,0.104468809483455,0.148705987918328,0.089266657621221,0.055224745985334,0.158710466893068,0.171795479272235,0.017703191483792,0.185431265343753,0.221918709852134,0.263914259875238,0.354104835469337,0.564076175615030,0.625037757402427,0.665824246257106,0.688638969293048,0.956037095914997,0.691456251846644,0.538376464465970,1.007751703134010,0.810877290549758,0.652354784968118,0.588478764552448,0.686601129323047,0.685512763344546,0.666359462571175,0.389188465608273,0.438587935193832,0.437593277846759,0.198795180722892,0.000000000000000,0.000000000000000,0.000000000000000,0.000000000000000,0.000000000000000,0.000000000000000,0.000000000000000,0.000000000000000,0.000000000000000,0.000000000000000,0.000000000000000,0.000000000000000,0.000000000000000,0.000000000000000,0.000000000000000
1,6,54,0.000000000000000,0.007379843199750,0.000000000000000,0.021601927141400,0.041484716157205,0.048268625393494,0.075291117323249,0.082931732038833,0.043175367108192,0.027864366819150,0.138511917737089,0.149119554981375,0.296470925468595,0.258868305278386,0.236672456094793,0.310873098749491,0.318199714288907,0.698526733341743,0.417810298619545,0.592363152436219,0.591531890300351,0.593105311250239,0.744501327734296,0.644405228909872,0.817246541617846,0.675299065206796,0.707648923763359,0.708638164753231,0.635719765067705,0.571991049806679,0.577597315557748,0.420313993179495,0.692539143639137,0.685808838710483,0.442112455244615,0.139610389610390,0.000000000000000,0.000000000000000,0.000000000000000,0.000000000000000,0.000000000000000,0.000000000000000,0.000000000000000,0.000000000000000,0.000000000000000,0.000000000000000,0.000000000000000,0.000000000000000,0.000000000000000,0.000000000000000
1,6,55,0.007235890014472,0.010710101704714,0.006856023506366,0.008447125400930,0.022644178765226,0.062882700400803,0.067435988826932,0.067253101497419,0.049345417925478,0.031642856169814,0.183390153116225,0.163285383489902,0.165692240169207,0.324403235650397,0.143843981758494,0.243172947822174,0.304466420503826,0.199117733054479,0.486518840054030,0.403020516048271,0.968317701037168,0.556849689905180,0.402682795989551,0.649806946816889,0.702721940733740,0.696578757228993,0.988161349571498,0.621225585113879,0.524913014133391,0.723672486201661,0.816263264427537,0.552139147044770,0.601473477720939,0.444779110784678,0.601847426796100,0.470100223485153,0.497854077253219,0.000000000000000,0.000000000000000,0.000000000000000,0.000000000000000,0.000000000000000,0.000000000000000,0.000000000000000,0.000000000000000,0.000000000000000,0.000000000000000,0.000000000000000,0.000000000000000,0.000000000000000
1,6,56,0.000000000000000,0.006511981801588,0.007293154752720,0.004917896245959,0.026800540123732,0.031682105799610,0.049944450097731,0.048645086020043,0.034130708335920,0.112625850772976,0.198341036981609,0.177325107413257,0.111776947435460,0.350967970785259,0.174753939468061,0.192560508337830,0.481749586048392,0.439281216530022,0.550326734172173,0.456896815808657,0.776866123804600,1.156506787443290,0.750961963976902,0.531892317490050,0.692877243866616,0.829380860394818,0.961703990316607,0.524265236787690,0.608725471708104,0.510972850148422,0.833640889874088,0.525906417077427,0.442740631614983,0.767853740517241,0.596025888090413,0.645879732739421,0.407065290792305,0.474683544303797,0.000000000000000,0.000000000000000,0.000000000000000,0.000000000000000,0.000000000000000,0.000000000000000,0.000000000000000,0.000000000000000,0.000000000000000,0.000000000000000,0.000000000000000,0.000000000000000
1,6,57,0.000000000000000,0.000000000000000,0.024009115701444,0.010688042752171,0.011866134655063,0.022632020117351,0.042400289415591,0.042331670868754,0.040573648082478,0.092079603851492,0.102454029216494,0.168202764976959,0.153920868230749,0.035751667402633,0.171282866374388,0.263668044469781,0.307627667347127,0.301361392758682,0.573620796116529,0.680646728499717,0.579530392493863,0.629406927941915,0.485965373543557,0.510556557530305,0.634527031662039,0.401926067269055,0.475657554478247,0.683735940560291,0.780493920732890,0.560727666027806,0.551120045175876,0.795818344666555,0.630173595252116,0.549265256855217,0.691216673739022,0.452538980786150,0.477091633466135,0.444319992303695,0.543918918918919,0.000000000000000,0.000000000000000,0.000000000000000,0.000000000000000,0.000000000000000,0.000000000000000,0.000000000000000,0.000000000000000,0.000000000000000,0.000000000000000,0.000000000000000
1,6,58,0.000000000000000,0.000480307396734,0.005965073698345,0.003546028302746,0.027740723046299,0.041509104512108,0.099125013813185,0.071366719631333,0.067997463234923,0.091307718551543,0.065504184671381,0.053582786853229,0.049255441008018,0.159525078695459,0.237632066730191,0.207364634464120,0.335288537875516,0.333304606214082,0.401750999522212,0.757424571165931,0.745848393658991,0.771153454714743,0.774667181113163,0.601174097484278,0.684830182360327,0.946065984505802,0.642472518801419,0.719946652851183,0.660510506432712,0.753030581983294,0.798220310967970,0.549003697508950,0.520339341620744,0.419579262693658,0.539963979525878,0.469437635871700,0.440636739315077,0.518563802574248,0.493478889208130,0.590733590733591,0.000000000000000,0.000000000000000,0.000000000000000,0.000000000000000,0.000000000000000,0.000000000000000,0.000000000000000,0.000000000000000,0.000000000000000,0.000000000000000
1,6,59,0.000000000000000,0.007238095238095,0.005050361054880,0.011814177449770,0.005313400650090,0.016996840951687,0.024389699319317,0.048148148148148,0.087251171935878,0.137056959259289,0.086986820518734,0.185681362160212,0.125832867145707,0.102669404517454,0.114650881554271,0.151170077870084,0.213916180973147,0.373448541311501,0.477590865659355,1.034075320615840,0.634356553211330,0.793439428760122,0.510057381914260,0.812900302298232,0.765757119309509,0.894967587049152,0.802150060843190,0.864629718128263,0.854858992944829,0.780720597402980,0.671098722969171,0.607124417920730,0.641842926515042,0.635404788411951,0.661756633352631,0.540530813460649,0.595514829256932,0.676713043447963,0.528694464274025,0.531279630089192,0.570796460176991,0.000000000000000,0.000000000000000,0.000000000000000,0.000000000000000,0.000000000000000,0.000000000000000,0.000000000000000,0.000000000000000,0.000000000000000
1,6,60,0.000000000000000,0.000000000000000,0.048543689320388,0.005102040816327,0.000000000000000,0.000000000000000,0.000000000000000,0.000000000000000,0.000000000000000,0.000000000000000,0.304878048780488,0.069444444444444,0.000000000000000,0.000000000000000,0.000000000000000,0.807017543859649,0.062500000000000,0.155555555555556,0.260000000000000,0.033898305084746,0.547619047619048,0.000000000000000,0.000000000000000,0.312500000000000,3.411764705882350,0.276595744680851,0.000000000000000,0.694444444444444,1.692307692307690,1.303571428571430,2.000000000000000,0.413793103448276,0.451612903225806,1.338461538461540,0.703703703703704,0.050847457627119,0.507246376811594,0.195402298850575,0.323529411764706,0.213333333333333,1.108108108108110,0.000000000000000,0.000000000000000,0.000000000000000,0.000000000000000,0.000000000000000,0.000000000000000,0.000000000000000,0.000000000000000,0.000000000000000
1,6,61,0.000000000000000,0.000000000000000,0.000000000000000,0.000000000000000,0.000000000000000,0.000000000000000,0.075862068965517,0.000000000000000,0.000000000000000,0.000000000000000,0.000000000000000,0.144736842105263,0.056338028169014,0.000000000000000,0.683333333333333,0.000000000000000,0.424242424242424,0.173913043478261,0.092592592592593,0.187500000000000,0.000000000000000,0.000000000000000,0.193548387096774,0.392156862745098,0.106382978723404,0.531914893617021,0.265306122448980,0.000000000000000,1.534883720930230,0.642857142857143,1.219512195121950,1.321428571428570,0.540000000000000,0.000000000000000,0.780000000000000,0.861111111111111,0.267857142857143,0.557142857142857,0.000000000000000,0.083333333333333,0.015384615384615,0.313333333333333,0.000000000000000,0.000000000000000,0.000000000000000,0.000000000000000,0.000000000000000,0.000000000000000,0.000000000000000,0.000000000000000
1,6,62,0.000000000000000,0.000000000000000,0.000000000000000,0.040540540540541,0.050000000000000,0.000000000000000,0.000000000000000,0.147540983606557,0.000000000000000,0.036363636363636,0.000000000000000,0.000000000000000,0.220779220779221,0.000000000000000,0.040000000000000,0.193548387096774,0.000000000000000,0.220588235294118,0.000000000000000,0.550000000000000,1.473684210526320,0.666666666666667,1.020000000000000,0.513513513513513,0.720930232558139,0.596491228070175,0.133333333333333,0.185185185185185,0.000000000000000,1.145161290322580,0.977777777777778,1.573770491803280,0.453125000000000,0.480769230769231,1.890909090909090,0.600000000000000,0.321839080459770,0.578947368421053,0.166666666666667,0.869565217391304,1.494382022471910,0.753846153846154,0.450000000000000,0.166666666666667,0.000000000000000,0.000000000000000,0.000000000000000,0.000000000000000,0.000000000000000,0.000000000000000
1,6,63,0.000000000000000,0.000000000000000,0.000000000000000,0.004716981132075,0.070093457943925,0.000000000000000,0.139705882352941,0.000000000000000,0.061068702290076,0.000000000000000,0.009708737864078,0.000000000000000,0.000000000000000,0.000000000000000,0.000000000000000,0.000000000000000,1.016666666666670,0.060000000000000,0.339622641509434,0.000000000000000,0.450980392156863,0.375000000000000,1.555555555555560,0.825000000000000,0.244897959183673,0.000000000000000,0.294117647058824,0.980000000000000,1.575000000000000,2.357142857142860,0.222222222222222,1.288461538461540,0.875000000000000,0.689655172413793,0.000000000000000,1.413043478260870,0.230769230769231,0.066666666666667,0.634920634920635,1.176470588235290,1.105882352941180,0.804878048780488,1.800000000000000,0.247706422018349,0.000000000000000,0.000000000000000,0.000000000000000,0.000000000000000,0.000000000000000,0.000000000000000
1,6,64,0.000000000000000,0.000000000000000,0.000000000000000,0.000000000000000,0.000000000000000,0.000000000000000,0.000000000000000,0.000000000000000,0.046296296296296,0.133333333333333,0.141176470588235,0.080000000000000,0.000000000000000,0.000000000000000,0.147540983606557,0.593750000000000,0.000000000000000,0.104166666666667,0.046511627906977,0.000000000000000,1.297872340425530,0.745454545454545,0.076923076923077,0.000000000000000,0.413793103448276,0.058823529411765,0.348837209302326,1.055555555555560,0.833333333333333,0.735294117647059,0.000000000000000,0.000000000000000,4.350000000000000,0.461538461538462,2.021739130434780,0.673469387755102,0.717391304347826,1.913793103448280,0.363636363636364,0.000000000000000,0.206349206349206,1.766666666666670,1.109090909090910,0.482758620689655,0.636363636363636,0.000000000000000,0.000000000000000,0.000000000000000,0.000000000000000,0.000000000000000
1,6,65,0.000000000000000,0.000000000000000,0.000000000000000,0.000000000000000,0.000000000000000,0.000000000000000,0.000000000000000,0.000000000000000,0.000000000000000,0.000000000000000,0.000000000000000,0.000000000000000,0.000000000000000,0.000000000000000,0.000000000000000,0.000000000000000,0.000000000000000,0.000000000000000,0.000000000000000,0.000000000000000,0.000000000000000,0.000000000000000,0.000000000000000,0.000000000000000,0.000000000000000,0.000000000000000,0.000000000000000,0.000000000000000,0.000000000000000,0.000000000000000,0.000000000000000,0.000000000000000,0.000000000000000,0.000000000000000,0.000000000000000,0.000000000000000,0.000000000000000,0.000000000000000,0.000000000000000,0.000000000000000,0.000000000000000,0.000000000000000,0.000000000000000,0.000000000000000,0.000000000000000,0.000000000000000,0.000000000000000,0.000000000000000,0.000000000000000,0.000000000000000
1,6,66,0.000000000000000,0.000000000000000,0.000000000000000,0.000000000000000,0.000000000000000,0.000000000000000,0.000000000000000,0.000000000000000,0.000000000000000,0.000000000000000,0.000000000000000,0.000000000000000,0.000000000000000,0.000000000000000,0.000000000000000,0.000000000000000,0.000000000000000,0.000000000000000,0.000000000000000,0.000000000000000,0.000000000000000,0.000000000000000,0.000000000000000,0.000000000000000,0.000000000000000,0.000000000000000,0.000000000000000,0.000000000000000,0.000000000000000,0.000000000000000,0.000000000000000,0.000000000000000,0.000000000000000,0.000000000000000,0.000000000000000,0.000000000000000,0.000000000000000,0.000000000000000,0.000000000000000,0.000000000000000,0.000000000000000,0.000000000000000,0.000000000000000,0.000000000000000,0.000000000000000,0.000000000000000,0.000000000000000,0.000000000000000,0.000000000000000,0.000000000000000
1,6,67,0.000000000000000,0.000000000000000,0.000000000000000,0.000000000000000,0.000000000000000,0.000000000000000,0.000000000000000,0.000000000000000,0.000000000000000,0.000000000000000,0.000000000000000,0.000000000000000,0.000000000000000,0.000000000000000,0.000000000000000,0.000000000000000,0.000000000000000,0.000000000000000,0.000000000000000,0.000000000000000,0.000000000000000,0.000000000000000,0.000000000000000,0.000000000000000,0.000000000000000,0.000000000000000,0.000000000000000,0.000000000000000,0.000000000000000,0.000000000000000,0.000000000000000,0.000000000000000,0.000000000000000,0.000000000000000,0.000000000000000,0.000000000000000,0.000000000000000,0.000000000000000,0.000000000000000,0.000000000000000,0.000000000000000,0.000000000000000,6.000000000000000,0.000000000000000,0.000000000000000,0.000000000000000,0.000000000000000,0.000000000000000,0.000000000000000,0.000000000000000
1,6,68,0.000000000000000,0.000000000000000,0.000000000000000,0.000000000000000,0.000000000000000,0.000000000000000,0.000000000000000,0.000000000000000,0.000000000000000,0.000000000000000,0.000000000000000,0.000000000000000,0.000000000000000,0.000000000000000,0.000000000000000,0.000000000000000,0.000000000000000,0.000000000000000,0.000000000000000,0.000000000000000,0.000000000000000,0.000000000000000,0.000000000000000,0.000000000000000,0.000000000000000,0.000000000000000,0.000000000000000,0.000000000000000,0.000000000000000,0.000000000000000,0.000000000000000,0.000000000000000,0.000000000000000,0.000000000000000,0.000000000000000,0.000000000000000,0.000000000000000,0.000000000000000,0.000000000000000,0.000000000000000,0.000000000000000,0.000000000000000,0.000000000000000,0.000000000000000,0.000000000000000,0.000000000000000,0.000000000000000,0.000000000000000,0.000000000000000,0.000000000000000
1,6,69,0.000000000000000,0.000000000000000,0.000000000000000,0.000000000000000,0.000000000000000,0.000000000000000,0.000000000000000,0.000000000000000,0.000000000000000,0.000000000000000,0.000000000000000,0.000000000000000,0.000000000000000,0.000000000000000,0.000000000000000,0.000000000000000,0.000000000000000,0.000000000000000,0.000000000000000,0.000000000000000,0.000000000000000,0.000000000000000,0.000000000000000,0.000000000000000,0.000000000000000,0.000000000000000,0.000000000000000,0.000000000000000,0.000000000000000,0.000000000000000,0.000000000000000,0.000000000000000,0.000000000000000,0.000000000000000,0.000000000000000,0.000000000000000,0.000000000000000,0.000000000000000,0.000000000000000,0.000000000000000,0.000000000000000,0.000000000000000,0.000000000000000,0.000000000000000,0.000000000000000,0.000000000000000,0.000000000000000,0.000000000000000,0.000000000000000,0.000000000000000
1,7,20,0.000000000000000,0.000000000000000,0.000000000000000,0.000000000000000,0.000000000000000,0.000000000000000,0.000000000000000,0.000000000000000,0.000000000000000,0.000000000000000,0.000000000000000,0.000000000000000,0.000000000000000,0.000000000000000,0.000000000000000,0.000000000000000,0.000000000000000,0.000000000000000,0.000000000000000,0.000000000000000,0.000000000000000,0.000000000000000,0.000000000000000,0.000000000000000,0.000000000000000,0.000000000000000,0.000000000000000,0.000000000000000,0.000000000000000,0.000000000000000,0.000000000000000,0.000000000000000,0.000000000000000,0.000000000000000,0.000000000000000,0.000000000000000,0.000000000000000,0.000000000000000,0.000000000000000,0.000000000000000,0.000000000000000,0.000000000000000,0.000000000000000,0.000000000000000,0.000000000000000,0.000000000000000,0.000000000000000,0.000000000000000,0.000000000000000,0.000000000000000
1,7,21,0.000000000000000,0.000000000000000,0.000000000000000,0.000000000000000,0.000000000000000,0.000000000000000,0.000000000000000,0.000000000000000,0.000000000000000,0.000000000000000,0.000000000000000,0.000000000000000,0.000000000000000,0.000000000000000,0.000000000000000,0.000000000000000,0.000000000000000,0.000000000000000,0.000000000000000,0.000000000000000,0.000000000000000,0.000000000000000,0.000000000000000,0.000000000000000,0.000000000000000,0.000000000000000,0.000000000000000,0.000000000000000,0.000000000000000,0.000000000000000,0.000000000000000,0.000000000000000,0.000000000000000,0.000000000000000,0.000000000000000,0.000000000000000,0.000000000000000,0.000000000000000,0.000000000000000,0.000000000000000,0.000000000000000,0.000000000000000,0.000000000000000,0.000000000000000,0.000000000000000,0.000000000000000,0.000000000000000,0.000000000000000,0.000000000000000,0.000000000000000
1,7,22,0.000000000000000,0.000000000000000,0.000000000000000,0.000000000000000,0.000000000000000,0.000000000000000,0.000000000000000,0.000000000000000,0.000000000000000,0.000000000000000,0.000000000000000,0.000000000000000,0.000000000000000,0.000000000000000,0.000000000000000,0.000000000000000,0.000000000000000,0.000000000000000,0.000000000000000,0.000000000000000,0.000000000000000,0.000000000000000,0.000000000000000,0.000000000000000,0.000000000000000,0.000000000000000,0.000000000000000,0.000000000000000,0.000000000000000,0.000000000000000,0.000000000000000,0.000000000000000,0.000000000000000,0.000000000000000,0.000000000000000,0.000000000000000,0.000000000000000,0.000000000000000,0.000000000000000,0.000000000000000,0.000000000000000,0.000000000000000,0.000000000000000,0.000000000000000,0.000000000000000,0.000000000000000,0.000000000000000,0.000000000000000,0.000000000000000,0.000000000000000
1,7,23,0.000000000000000,0.000000000000000,0.000000000000000,0.000000000000000,0.000000000000000,0.000000000000000,0.000000000000000,0.000000000000000,0.000000000000000,0.000000000000000,0.000000000000000,0.000000000000000,0.000000000000000,0.000000000000000,0.000000000000000,0.000000000000000,0.000000000000000,0.000000000000000,0.000000000000000,0.000000000000000,0.000000000000000,0.000000000000000,0.000000000000000,0.000000000000000,0.000000000000000,0.000000000000000,0.000000000000000,0.000000000000000,0.000000000000000,0.000000000000000,0.000000000000000,0.000000000000000,0.000000000000000,0.000000000000000,0.000000000000000,0.000000000000000,0.000000000000000,0.000000000000000,0.000000000000000,0.000000000000000,0.000000000000000,0.000000000000000,0.000000000000000,0.000000000000000,0.000000000000000,0.000000000000000,0.000000000000000,0.000000000000000,0.000000000000000,0.000000000000000
1,7,24,0.000000000000000,0.000000000000000,0.000000000000000,0.000000000000000,0.000000000000000,0.000000000000000,0.000000000000000,0.000000000000000,0.000000000000000,0.000000000000000,0.000000000000000,0.000000000000000,0.000000000000000,0.000000000000000,0.000000000000000,0.000000000000000,0.000000000000000,0.000000000000000,0.000000000000000,0.000000000000000,0.000000000000000,0.000000000000000,0.000000000000000,0.000000000000000,0.000000000000000,0.000000000000000,0.000000000000000,0.000000000000000,0.000000000000000,0.000000000000000,0.000000000000000,0.000000000000000,0.000000000000000,0.000000000000000,0.000000000000000,0.000000000000000,0.000000000000000,0.000000000000000,0.000000000000000,0.000000000000000,0.000000000000000,0.000000000000000,0.000000000000000,0.000000000000000,0.000000000000000,0.000000000000000,0.000000000000000,0.000000000000000,0.000000000000000,0.000000000000000
1,7,25,0.000000000000000,0.000000000000000,0.000000000000000,0.000000000000000,0.000000000000000,0.000000000000000,0.000000000000000,0.000000000000000,0.000000000000000,0.000000000000000,0.000000000000000,0.000000000000000,0.000000000000000,0.000000000000000,0.000000000000000,0.000000000000000,0.000000000000000,0.000000000000000,0.000000000000000,0.000000000000000,0.000000000000000,0.000000000000000,0.000000000000000,0.000000000000000,0.000000000000000,0.000000000000000,0.000000000000000,0.000000000000000,0.000000000000000,0.000000000000000,0.000000000000000,0.000000000000000,0.000000000000000,0.000000000000000,0.000000000000000,0.000000000000000,0.000000000000000,0.000000000000000,0.000000000000000,0.000000000000000,0.000000000000000,0.000000000000000,0.000000000000000,0.000000000000000,0.000000000000000,0.000000000000000,0.000000000000000,0.000000000000000,0.000000000000000,0.000000000000000
1,7,26,0.000000000000000,0.000000000000000,0.000000000000000,0.000000000000000,0.000000000000000,0.000000000000000,0.000000000000000,0.000000000000000,0.000000000000000,0.000000000000000,0.000000000000000,0.000000000000000,0.000000000000000,0.000000000000000,0.000000000000000,0.000000000000000,0.000000000000000,0.000000000000000,0.000000000000000,0.000000000000000,0.000000000000000,0.000000000000000,0.000000000000000,0.000000000000000,0.000000000000000,0.000000000000000,0.000000000000000,0.000000000000000,0.000000000000000,0.000000000000000,0.000000000000000,0.000000000000000,0.000000000000000,0.000000000000000,0.000000000000000,0.000000000000000,0.000000000000000,0.000000000000000,0.000000000000000,0.000000000000000,0.000000000000000,0.000000000000000,0.000000000000000,0.000000000000000,0.000000000000000,0.000000000000000,0.000000000000000,0.000000000000000,0.000000000000000,0.000000000000000
1,7,27,0.000000000000000,0.000000000000000,0.000000000000000,0.000000000000000,0.000000000000000,0.000000000000000,0.000000000000000,0.000000000000000,0.000000000000000,0.000000000000000,0.000000000000000,0.000000000000000,0.000000000000000,0.000000000000000,0.000000000000000,0.000000000000000,0.000000000000000,0.000000000000000,0.000000000000000,0.000000000000000,0.000000000000000,0.000000000000000,0.000000000000000,0.000000000000000,0.000000000000000,0.000000000000000,0.000000000000000,0.000000000000000,0.000000000000000,0.000000000000000,0.000000000000000,0.000000000000000,0.000000000000000,0.000000000000000,0.000000000000000,0.000000000000000,0.000000000000000,0.000000000000000,0.000000000000000,0.000000000000000,0.000000000000000,0.000000000000000,0.000000000000000,0.000000000000000,0.000000000000000,0.000000000000000,0.000000000000000,0.000000000000000,0.000000000000000,0.000000000000000
1,7,28,0.000000000000000,0.000000000000000,0.000000000000000,0.000000000000000,0.000000000000000,0.000000000000000,0.000000000000000,0.000000000000000,0.000000000000000,0.000000000000000,0.000000000000000,0.000000000000000,0.000000000000000,0.000000000000000,0.000000000000000,0.000000000000000,0.000000000000000,0.000000000000000,0.000000000000000,0.000000000000000,0.000000000000000,0.000000000000000,0.000000000000000,0.000000000000000,0.000000000000000,0.000000000000000,0.000000000000000,0.000000000000000,0.000000000000000,0.000000000000000,0.000000000000000,0.000000000000000,0.000000000000000,0.000000000000000,0.000000000000000,0.000000000000000,0.000000000000000,0.000000000000000,0.000000000000000,0.000000000000000,0.000000000000000,0.000000000000000,0.000000000000000,0.000000000000000,0.000000000000000,0.000000000000000,0.000000000000000,0.000000000000000,0.000000000000000,0.000000000000000
1,7,29,0.000000000000000,0.000000000000000,0.000000000000000,0.000000000000000,0.000000000000000,0.000000000000000,0.000000000000000,0.000000000000000,0.000000000000000,0.000000000000000,0.000000000000000,0.000000000000000,0.000000000000000,0.000000000000000,0.000000000000000,0.000000000000000,0.000000000000000,0.000000000000000,0.000000000000000,0.000000000000000,0.000000000000000,0.000000000000000,0.000000000000000,0.000000000000000,0.000000000000000,0.000000000000000,0.000000000000000,0.000000000000000,0.000000000000000,0.000000000000000,0.000000000000000,0.000000000000000,0.000000000000000,0.000000000000000,0.000000000000000,0.000000000000000,0.000000000000000,0.000000000000000,0.000000000000000,0.000000000000000,0.000000000000000,0.000000000000000,0.000000000000000,0.000000000000000,0.000000000000000,0.000000000000000,0.000000000000000,0.000000000000000,0.000000000000000,0.000000000000000
1,7,30,0.000000000000000,0.000000000000000,0.000000000000000,0.000000000000000,0.000000000000000,0.000000000000000,0.000000000000000,0.000000000000000,0.000000000000000,0.000000000000000,0.000000000000000,0.000000000000000,0.000000000000000,0.000000000000000,0.000000000000000,0.000000000000000,0.000000000000000,0.000000000000000,0.000000000000000,0.000000000000000,0.000000000000000,0.000000000000000,0.000000000000000,0.000000000000000,0.000000000000000,0.000000000000000,0.000000000000000,0.000000000000000,0.000000000000000,0.000000000000000,0.000000000000000,0.000000000000000,0.000000000000000,0.000000000000000,0.000000000000000,0.000000000000000,0.000000000000000,0.000000000000000,0.000000000000000,0.000000000000000,0.000000000000000,0.000000000000000,0.000000000000000,0.000000000000000,0.000000000000000,0.000000000000000,0.000000000000000,0.000000000000000,0.000000000000000,0.000000000000000
1,7,31,0.000000000000000,0.000000000000000,0.000000000000000,0.000000000000000,0.000000000000000,0.000000000000000,0.000000000000000,0.000000000000000,0.000000000000000,0.000000000000000,0.000000000000000,0.000000000000000,0.000000000000000,0.000000000000000,0.000000000000000,0.000000000000000,0.000000000000000,0.000000000000000,0.000000000000000,0.000000000000000,0.000000000000000,0.000000000000000,0.000000000000000,0.000000000000000,0.000000000000000,0.000000000000000,0.000000000000000,0.000000000000000,0.000000000000000,0.000000000000000,0.000000000000000,0.000000000000000,0.000000000000000,0.000000000000000,0.000000000000000,0.000000000000000,0.000000000000000,0.000000000000000,0.000000000000000,0.000000000000000,0.000000000000000,0.000000000000000,0.000000000000000,0.000000000000000,0.000000000000000,0.000000000000000,0.000000000000000,0.000000000000000,0.000000000000000,0.000000000000000
1,7,32,0.000000000000000,0.000000000000000,0.000000000000000,0.000000000000000,0.000000000000000,0.000000000000000,0.000000000000000,0.000000000000000,0.000000000000000,0.000000000000000,0.000000000000000,0.000000000000000,0.000000000000000,0.000000000000000,0.000000000000000,0.000000000000000,0.000000000000000,0.000000000000000,0.000000000000000,0.000000000000000,0.000000000000000,0.000000000000000,0.000000000000000,0.000000000000000,0.000000000000000,0.000000000000000,0.000000000000000,0.000000000000000,0.000000000000000,0.000000000000000,0.000000000000000,0.000000000000000,0.000000000000000,0.000000000000000,0.000000000000000,0.000000000000000,0.000000000000000,0.000000000000000,0.000000000000000,0.000000000000000,0.000000000000000,0.000000000000000,0.000000000000000,0.000000000000000,0.000000000000000,0.000000000000000,0.000000000000000,0.000000000000000,0.000000000000000,0.000000000000000
1,7,33,0.000000000000000,0.000000000000000,0.000000000000000,0.000000000000000,0.000000000000000,0.000000000000000,0.000000000000000,0.000000000000000,0.002275474276450,0.000000000000000,0.000000000000000,0.000000000000000,0.000000000000000,0.000269548574629,0.000000000000000,0.000000000000000,0.000000000000000,0.000000000000000,0.000000000000000,0.000000000000000,0.000000000000000,0.000000000000000,0.000000000000000,0.000000000000000,0.000000000000000,0.000000000000000,0.000000000000000,0.000000000000000,0.000000000000000,0.000000000000000,0.000000000000000,0.000000000000000,0.000000000000000,0.000000000000000,0.000000000000000,0.000000000000000,0.000000000000000,0.000000000000000,0.000000000000000,0.000000000000000,0.000000000000000,0.000000000000000,0.000000000000000,0.000000000000000,0.000000000000000,0.000000000000000,0.000000000000000,0.000000000000000,0.000000000000000,0.000000000000000
1,7,34,0.000000000000000,0.003267792994585,0.004932182490752,0.000000000000000,0.000000000000000,0.000000000000000,0.000000000000000,0.002567525188181,0.000000000000000,0.007840429456478,0.003827987510219,0.000745636819227,0.007235003381226,0.001796188595762,0.006558439647318,0.024217195729127,0.000000000000000,0.000000000000000,0.000000000000000,0.000000000000000,0.000000000000000,0.000000000000000,0.000000000000000,0.000000000000000,0.000000000000000,0.000000000000000,0.000000000000000,0.000000000000000,0.000000000000000,0.000000000000000,0.000000000000000,0.000000000000000,0.000000000000000,0.000000000000000,0.000000000000000,0.000000000000000,0.000000000000000,0.000000000000000,0.000000000000000,0.000000000000000,0.000000000000000,0.000000000000000,0.000000000000000,0.000000000000000,0.000000000000000,0.000000000000000,0.000000000000000,0.000000000000000,0.000000000000000,0.000000000000000
1,7,35,0.000000000000000,0.000000000000000,0.000000000000000,0.000000000000000,0.001038275519549,0.007765968736350,0.000000000000000,0.002601296710331,0.005249978782496,0.011099375131326,0.007309117986570,0.000000000000000,0.016834976994499,0.006283578528458,0.020162832933032,0.015565412918601,0.019607843137255,0.000000000000000,0.000000000000000,0.000000000000000,0.000000000000000,0.000000000000000,0.000000000000000,0.000000000000000,0.000000000000000,0.000000000000000,0.000000000000000,0.000000000000000,0.000000000000000,0.000000000000000,0.000000000000000,0.000000000000000,0.000000000000000,0.000000000000000,0.000000000000000,0.000000000000000,0.000000000000000,0.000000000000000,0.000000000000000,0.000000000000000,0.000000000000000,0.000000000000000,0.000000000000000,0.000000000000000,0.000000000000000,0.000000000000000,0.000000000000000,0.000000000000000,0.000000000000000,0.000000000000000
1,7,36,0.000000000000000,0.009881422924901,0.000000000000000,0.000000000000000,0.000000000000000,0.004829969458996,0.016439981492751,0.012497557771044,0.012239554656556,0.027723201297328,0.017379232841684,0.002456184802309,0.008769797870371,0.005725168761490,0.012533045173864,0.016566387160180,0.015447144988172,0.037950664136622,0.000000000000000,0.000000000000000,0.000000000000000,0.000000000000000,0.000000000000000,0.000000000000000,0.000000000000000,0.000000000000000,0.000000000000000,0.000000000000000,0.000000000000000,0.000000000000000,0.000000000000000,0.000000000000000,0.000000000000000,0.000000000000000,0.000000000000000,0.000000000000000,0.000000000000000,0.000000000000000,0.000000000000000,0.000000000000000,0.000000000000000,0.000000000000000,0.000000000000000,0.000000000000000,0.000000000000000,0.000000000000000,0.000000000000000,0.000000000000000,0.000000000000000,0.000000000000000
1,7,37,0.000000000000000,0.002298850574713,0.000000000000000,0.002231721019618,0.000000000000000,0.013777690233940,0.000971753322807,0.022981049630817,0.009496914118787,0.000000000000000,0.010787752290401,0.005087889140209,0.013352194980720,0.015918415366559,0.036519395202357,0.044283391121856,0.025696608245581,0.018823660413714,0.013433953790894,0.000000000000000,0.000000000000000,0.000000000000000,0.000000000000000,0.000000000000000,0.000000000000000,0.000000000000000,0.000000000000000,0.000000000000000,0.000000000000000,0.000000000000000,0.000000000000000,0.000000000000000,0.000000000000000,0.000000000000000,0.000000000000000,0.000000000000000,0.000000000000000,0.000000000000000,0.000000000000000,0.000000000000000,0.000000000000000,0.000000000000000,0.000000000000000,0.000000000000000,0.000000000000000,0.000000000000000,0.000000000000000,0.000000000000000,0.000000000000000,0.000000000000000
1,7,38,0.000000000000000,0.005025125628141,0.000000000000000,0.002540749296379,0.000000000000000,0.009353862599600,0.045354286248639,0.009556515868289,0.001888272143919,0.021290909459728,0.004619770484467,0.010276810657902,0.042290277343629,0.008121242207300,0.026664541521984,0.006714550893893,0.033514003945803,0.022024553757256,0.042951691192481,0.003845903328502,0.000000000000000,0.000000000000000,0.000000000000000,0.000000000000000,0.000000000000000,0.000000000000000,0.000000000000000,0.000000000000000,0.000000000000000,0.000000000000000,0.000000000000000,0.000000000000000,0.000000000000000,0.000000000000000,0.000000000000000,0.000000000000000,0.000000000000000,0.000000000000000,0.000000000000000,0.000000000000000,0.000000000000000,0.000000000000000,0.000000000000000,0.000000000000000,0.000000000000000,0.000000000000000,0.000000000000000,0.000000000000000,0.000000000000000,0.000000000000000
1,7,39,0.000000000000000,0.000000000000000,0.000000000000000,0.000000000000000,0.004955797453648,0.015835890506028,0.003365979680247,0.010224911317043,0.015550873402833,0.035898166302671,0.019787594727822,0.016051756654640,0.021462353453657,0.024572744352826,0.056609904238529,0.030004558860336,0.041454567796040,0.001503453081188,0.035472726193231,0.037131197078924,0.025210084033613,0.000000000000000,0.000000000000000,0.000000000000000,0.000000000000000,0.000000000000000,0.000000000000000,0.000000000000000,0.000000000000000,0.000000000000000,0.000000000000000,0.000000000000000,0.000000000000000,0.000000000000000,0.000000000000000,0.000000000000000,0.000000000000000,0.000000000000000,0.000000000000000,0.000000000000000,0.000000000000000,0.000000000000000,0.000000000000000,0.000000000000000,0.000000000000000,0.000000000000000,0.000000000000000,0.000000000000000,0.000000000000000,0.000000000000000
1,7,40,0.000000000000000,0.000000000000000,0.000000000000000,0.000000000000000,0.005276101777644,0.004913187123237,0.001208744274037,0.007880177623808,0.030878349747527,0.011697491046399,0.017539567878878,0.035844474977489,0.000000000000000,0.013456717409823,0.017295463505183,0.035396553860056,0.034994073370009,0.042947854113026,0.073642154603756,0.096697016518458,0.023323678529787,0.018517227944210,0.000000000000000,0.000000000000000,0.000000000000000,0.000000000000000,0.000000000000000,0.000000000000000,0.000000000000000,0.000000000000000,0.000000000000000,0.000000000000000,0.000000000000000,0.000000000000000,0.000000000000000,0.000000000000000,0.000000000000000,0.000000000000000,0.000000000000000,0.000000000000000,0.000000000000000,0.000000000000000,0.000000000000000,0.000000000000000,0.000000000000000,0.000000000000000,0.000000000000000,0.000000000000000,0.000000000000000,0.000000000000000
1,7,41,0.000000000000000,0.000000000000000,0.000000000000000,0.000000000000000,0.000000000000000,0.000000000000000,0.015302816709457,0.018621169756742,0.021009826892631,0.029463179131763,0.005351378341342,0.044341212291527,0.036421537130145,0.000000000000000,0.040433514576492,0.026669791161569,0.040091217730028,0.022138204170576,0.028242410767514,0.013895261673154,0.030794306458766,0.020800937446559,0.004040404040404,0.000000000000000,0.000000000000000,0.000000000000000,0.000000000000000,0.000000000000000,0.000000000000000,0.000000000000000,0.000000000000000,0.000000000000000,0.000000000000000,0.000000000000000,0.000000000000000,0.000000000000000,0.000000000000000,0.000000000000000,0.000000000000000,0.000000000000000,0.000000000000000,0.000000000000000,0.000000000000000,0.000000000000000,0.000000000000000,0.000000000000000,0.000000000000000,0.000000000000000,0.000000000000000,0.000000000000000
1,7,42,0.000000000000000,0.000000000000000,0.000000000000000,0.000000000000000,0.000000000000000,0.000000000000000,0.030567972462394,0.025632544757054,0.036301140185991,0.018293910399490,0.021292341890546,0.016645924905176,0.018022392721442,0.020502387024960,0.027716265668464,0.028892305917582,0.025413515795698,0.048971075730677,0.033406476978363,0.052090461405846,0.040659690560827,0.043047880775462,0.028217463084452,0.077607565718552,0.000000000000000,0.000000000000000,0.000000000000000,0.000000000000000,0.000000000000000,0.000000000000000,0.000000000000000,0.000000000000000,0.000000000000000,0.000000000000000,0.000000000000000,0.000000000000000,0.000000000000000,0.000000000000000,0.000000000000000,0.000000000000000,0.000000000000000,0.000000000000000,0.000000000000000,0.000000000000000,0.000000000000000,0.000000000000000,0.000000000000000,0.000000000000000,0.000000000000000,0.000000000000000
1,7,43,0.000000000000000,0.005012531328321,0.000000000000000,0.000000000000000,0.000000000000000,0.001466057220354,0.000000000000000,0.010149230410126,0.003260269388733,0.002284741392904,0.003400446412660,0.025819218565720,0.021461996166106,0.016692190359371,0.050810701037819,0.031266570734563,0.044445484097951,0.041547514538060,0.043102007070160,0.066531749710963,0.016946614507032,0.073497134603596,0.036359637725139,0.038956968736007,0.048929117716994,0.000000000000000,0.000000000000000,0.000000000000000,0.000000000000000,0.000000000000000,0.000000000000000,0.000000000000000,0.000000000000000,0.000000000000000,0.000000000000000,0.000000000000000,0.000000000000000,0.000000000000000,0.000000000000000,0.000000000000000,0.000000000000000,0.000000000000000,0.000000000000000,0.000000000000000,0.000000000000000,0.000000000000000,0.000000000000000,0.000000000000000,0.000000000000000,0.000000000000000
1,7,44,0.000000000000000,0.000000000000000,0.000000000000000,0.008319467554077,0.016741907024198,0.012786062307032,0.000000000000000,0.021820003499239,0.011243630017596,0.019248547634158,0.015993808624360,0.018883024904287,0.031447585690434,0.017746736718842,0.024782981975921,0.029536467609337,0.052374235832001,0.063512140381648,0.049162583460214,0.044651251618020,0.039469204899900,0.055707767532503,0.046929242133936,0.070536594478681,0.028431769528976,0.047909904943605,0.000000000000000,0.000000000000000,0.000000000000000,0.000000000000000,0.000000000000000,0.000000000000000,0.000000000000000,0.000000000000000,0.000000000000000,0.000000000000000,0.000000000000000,0.000000000000000,0.000000000000000,0.000000000000000,0.000000000000000,0.000000000000000,0.000000000000000,0.000000000000000,0.000000000000000,0.000000000000000,0.000000000000000,0.000000000000000,0.000000000000000,0.000000000000000
1,7,45,0.000000000000000,0.000000000000000,0.005385996409336,0.010653391617247,0.018812921808376,0.009368267814406,0.029448467244555,0.015420136397181,0.000000000000000,0.014161987041856,0.022996763069313,0.029441685432241,0.032179485066775,0.043041357318071,0.066859088142692,0.028018528038216,0.056848935077471,0.033157582984875,0.088434373077903,0.133439205592146,0.045820063970281,0.075148288079734,0.061141440736932,0.095903551005759,0.096120630150938,0.049290331514143,0.070443699624675,0.000000000000000,0.000000000000000,0.000000000000000,0.000000000000000,0.000000000000000,0.000000000000000,0.000000000000000,0.000000000000000,0.000000000000000,0.000000000000000,0.000000000000000,0.000000000000000,0.000000000000000,0.000000000000000,0.000000000000000,0.000000000000000,0.000000000000000,0.000000000000000,0.000000000000000,0.000000000000000,0.000000000000000,0.000000000000000,0.000000000000000
1,7,46,0.000000000000000,0.000000000000000,0.018738271369098,0.007255823930334,0.000000000000000,0.000000000000000,0.015620866304732,0.005011680418019,0.001011972278745,0.000000000000000,0.005379581445796,0.016119823727598,0.017051411847455,0.003228101798855,0.013247667127615,0.049734221066137,0.094315702576137,0.063940549838250,0.058386503655664,0.076482973007867,0.061729575951217,0.068524053403804,0.072454128001480,0.082181745941100,0.054043638255864,0.048359589364710,0.039933004541974,0.066647247411523,0.000000000000000,0.000000000000000,0.000000000000000,0.000000000000000,0.000000000000000,0.000000000000000,0.000000000000000,0.000000000000000,0.000000000000000,0.000000000000000,0.000000000000000,0.000000000000000,0.000000000000000,0.000000000000000,0.000000000000000,0.000000000000000,0.000000000000000,0.000000000000000,0.000000000000000,0.000000000000000,0.000000000000000,0.000000000000000
1,7,47,0.000000000000000,0.005434782608696,0.004379345491920,0.000000000000000,0.004016064257028,0.000000000000000,0.010587391486670,0.002502916697680,0.000000000000000,0.013852771952130,0.021196542737508,0.000000000000000,0.000000000000000,0.005175257568025,0.075561190774073,0.012957615929298,0.043728840118555,0.023863980826103,0.039608305063239,0.033887188054572,0.011442507160980,0.039061196414479,0.024457038012194,0.046436131890226,0.040184982372997,0.050614621757425,0.025897645491815,0.030921307639348,0.071417771979740,0.000000000000000,0.000000000000000,0.000000000000000,0.000000000000000,0.000000000000000,0.000000000000000,0.000000000000000,0.000000000000000,0.000000000000000,0.000000000000000,0.000000000000000,0.000000000000000,0.000000000000000,0.000000000000000,0.000000000000000,0.000000000000000,0.000000000000000,0.000000000000000,0.000000000000000,0.000000000000000,0.000000000000000
1,7,48,0.000000000000000,0.000000000000000,0.000000000000000,0.000000000000000,0.015247120135461,0.042385064369888,0.000000000000000,0.009522657547767,0.003424392713036,0.013406299103640,0.020261768675817,0.017794735636488,0.015752379229644,0.047350716563980,0.008393400724723,0.029140130610485,0.045477670863441,0.084074239277236,0.055739699922802,0.051743596791007,0.024716219818236,0.098503863593032,0.077324528011316,0.025713185297691,0.072615392559051,0.034132676878814,0.074087310334744,0.044564308257982,0.028548707715251,0.018175599521108,0.000000000000000,0.000000000000000,0.000000000000000,0.000000000000000,0.000000000000000,0.000000000000000,0.000000000000000,0.000000000000000,0.000000000000000,0.000000000000000,0.000000000000000,0.000000000000000,0.000000000000000,0.000000000000000,0.000000000000000,0.000000000000000,0.000000000000000,0.000000000000000,0.000000000000000,0.000000000000000
1,7,49,0.000000000000000,0.000000000000000,0.018731074261444,0.000000000000000,0.001239053359469,0.000000000000000,0.002471980886494,0.003707350486352,0.027871275048082,0.000000000000000,0.000000000000000,0.003274019558958,0.007916731965581,0.016803733302031,0.019129369913460,0.015883435880818,0.087803574154576,0.073289516357532,0.032105103347483,0.054738030867859,0.039028121885332,0.095340483957300,0.031332990824543,0.071928423750024,0.026454907361660,0.053925487227893,0.052395963127684,0.037525844675741,0.036066431834392,0.032837023870689,0.000000000000000,0.000000000000000,0.000000000000000,0.000000000000000,0.000000000000000,0.000000000000000,0.000000000000000,0.000000000000000,0.000000000000000,0.000000000000000,0.000000000000000,0.000000000000000,0.000000000000000,0.000000000000000,0.000000000000000,0.000000000000000,0.000000000000000,0.000000000000000,0.000000000000000,0.000000000000000
1,7,50,0.000000000000000,0.000000000000000,0.000000000000000,0.000000000000000,0.000000000000000,0.005154414186455,0.012703199858444,0.003675250109999,0.018666089490192,0.032698085325214,0.020711041904246,0.000000000000000,0.000000000000000,0.025214615820575,0.019930665416511,0.028680561692510,0.026192431099532,0.068672771127231,0.053868542521437,0.025731288717045,0.041761171846017,0.017792524258907,0.053724132633580,0.098788918443104,0.039898570169967,0.025952653324211,0.028543434636020,0.078167400141509,0.029533859772237,0.046856574814242,0.043599346146432,0.021374232816466,0.000000000000000,0.000000000000000,0.000000000000000,0.000000000000000,0.000000000000000,0.000000000000000,0.000000000000000,0.000000000000000,0.000000000000000,0.000000000000000,0.000000000000000,0.000000000000000,0.000000000000000,0.000000000000000,0.000000000000000,0.000000000000000,0.000000000000000,0.000000000000000
1,7,51,0.000000000000000,0.004021447721180,0.005043705318137,0.002429833643523,0.001220950724935,0.014596134291610,0.000000000000000,0.000000000000000,0.000000000000000,0.005752618792793,0.005859803194530,0.020185151672104,0.010179825295233,0.018908475035571,0.013196894312728,0.050351532293492,0.012381736859765,0.047911224698973,0.041562619542396,0.017537729191501,0.030732673505010,0.056684535828836,0.029101993377602,0.057444352020975,0.030579299084675,0.053195177452088,0.064363655060554,0.041271814770775,0.046231818086423,0.035122609567261,0.025208779409267,0.033839749022860,0.035813653212152,0.000000000000000,0.000000000000000,0.000000000000000,0.000000000000000,0.000000000000000,0.000000000000000,0.000000000000000,0.000000000000000,0.000000000000000,0.000000000000000,0.000000000000000,0.000000000000000,0.000000000000000,0.000000000000000,0.000000000000000,0.000000000000000,0.000000000000000
1,7,52,0.000000000000000,0.000000000000000,0.014285138251243,0.000000000000000,0.022219434737125,0.005095101701231,0.001229909816132,0.025632120860120,0.018396846254928,0.000000000000000,0.011375079907213,0.027700718256413,0.014383815718192,0.002251994549572,0.020879209195134,0.025043377680403,0.021642641503059,0.104801234551967,0.050133418968601,0.063298660773026,0.046574052389568,0.041573260914390,0.028316037717821,0.082443892300829,0.026515318624523,0.053163975400916,0.052741599485948,0.058122667941039,0.043885209268762,0.056431194561609,0.027912285426161,0.026562867052306,0.025844492523630,0.033444816053512,0.000000000000000,0.000000000000000,0.000000000000000,0.000000000000000,0.000000000000000,0.000000000000000,0.000000000000000,0.000000000000000,0.000000000000000,0.000000000000000,0.000000000000000,0.000000000000000,0.000000000000000,0.000000000000000,0.000000000000000,0.000000000000000
1,7,53,0.000000000000000,0.009099477817459,0.000000000000000,0.000000000000000,0.000000000000000,0.019299573318616,0.007462057820247,0.010880925945244,0.003150587916043,0.041124810840142,0.000000000000000,0.003707816099401,0.002360425531172,0.063375242585840,0.019855884565717,0.032697341931446,0.060345840128215,0.035321658055590,0.019717279413326,0.031505879160431,0.026752880821457,0.012919420215068,0.070240278881519,0.008777877138032,0.065333813791104,0.029655909267755,0.066994072910718,0.039287644792564,0.013978705626936,0.009337290760652,0.041393827760207,0.022771665540910,0.008121998799886,0.012946546681857,0.045180722891566,0.000000000000000,0.000000000000000,0.000000000000000,0.000000000000000,0.000000000000000,0.000000000000000,0.000000000000000,0.000000000000000,0.000000000000000,0.000000000000000,0.000000000000000,0.000000000000000,0.000000000000000,0.000000000000000,0.000000000000000
1,7,54,0.000000000000000,0.000000000000000,0.008579322592499,0.000000000000000,0.008733624454148,0.000000000000000,0.000000000000000,0.000000000000000,0.000000000000000,0.025635217473618,0.010935151400297,0.000000000000000,0.003447336342658,0.000000000000000,0.011059460565177,0.018490593234170,0.034712696104244,0.017789305602931,0.059655111716403,0.018177208648765,0.051393741746709,0.072456146226033,0.020707983950226,0.016617899885928,0.082214831021154,0.003772620476016,0.069678986099461,0.037480247336272,0.027749672284701,0.020814812583940,0.017180656695061,0.058028424431498,0.022507522168272,0.013009923769576,0.012070522065030,0.038961038961039,0.000000000000000,0.000000000000000,0.000000000000000,0.000000000000000,0.000000000000000,0.000000000000000,0.000000000000000,0.000000000000000,0.000000000000000,0.000000000000000,0.000000000000000,0.000000000000000,0.000000000000000,0.000000000000000
1,7,55,0.000000000000000,0.000973645609519,0.000000000000000,0.000000000000000,0.000000000000000,0.000000000000000,0.000000000000000,0.010151411546780,0.003021148036254,0.001265714246793,0.040753367359161,0.000000000000000,0.006790665580705,0.001334992739302,0.000000000000000,0.043472258828545,0.015954572253476,0.025600851392719,0.096773502245080,0.048825913449011,0.049318044400651,0.022510944911061,0.003491469329389,0.015712085069838,0.027440754901318,0.002190499236569,0.004672157681189,0.000000000000000,0.014906251922652,0.025634175260549,0.054352845193748,0.021857487748760,0.015887978656780,0.036802054083839,0.010662651262136,0.013462205712633,0.000000000000000,0.000000000000000,0.000000000000000,0.000000000000000,0.000000000000000,0.000000000000000,0.000000000000000,0.000000000000000,0.000000000000000,0.000000000000000,0.000000000000000,0.000000000000000,0.000000000000000,0.000000000000000
1,7,56,0.000000000000000,0.000000000000000,0.000000000000000,0.000000000000000,0.001848313111982,0.000000000000000,0.000000000000000,0.008648015292452,0.000000000000000,0.017000128418563,0.003520846810324,0.000000000000000,0.000000000000000,0.018091132514704,0.047543351178811,0.023740336644390,0.020832414531822,0.010098418770805,0.027279126909397,0.023101524394820,0.073504461958673,0.010214485855731,0.036220030416892,0.036603342278885,0.000000000000000,0.085759109374158,0.017965898720200,0.037225933973090,0.016125178058493,0.002892299151784,0.020160601931659,0.013008285934777,0.022289002049267,0.034105178830081,0.042171643025265,0.010022271714922,0.018479306679190,0.037974683544304,0.000000000000000,0.000000000000000,0.000000000000000,0.000000000000000,0.000000000000000,0.000000000000000,0.000000000000000,0.000000000000000,0.000000000000000,0.000000000000000,0.000000000000000,0.000000000000000
1,7,57,0.000000000000000,0.000000000000000,0.000000000000000,0.000000000000000,0.000000000000000,0.001676445934619,0.000000000000000,0.000000000000000,0.008452843350516,0.000000000000000,0.016888026793928,0.000000000000000,0.040446359535087,0.000000000000000,0.020831699964453,0.055929585190560,0.007442604855172,0.026479452920219,0.023036979763716,0.054833804708508,0.066135963553458,0.017636621448460,0.000000000000000,0.022343831839401,0.078078716201048,0.046682631042582,0.058879939996094,0.060895232206151,0.020485404743645,0.069337292035697,0.006397745134712,0.036173561121207,0.046336293768538,0.045534943573490,0.029124298050802,0.001877755106996,0.030876494023904,0.016522196510149,0.040540540540541,0.000000000000000,0.000000000000000,0.000000000000000,0.000000000000000,0.000000000000000,0.000000000000000,0.000000000000000,0.000000000000000,0.000000000000000,0.000000000000000,0.000000000000000
1,7,58,0.000000000000000,0.003842459173871,0.000000000000000,0.000000000000000,0.000000000000000,0.000000000000000,0.001586000221011,0.005676898152492,0.000000000000000,0.007161389690317,0.000000000000000,0.008573245896517,0.000000000000000,0.002311957662253,0.038110803154842,0.017876261591735,0.010777131574570,0.048341889450897,0.005101599993933,0.097271991160008,0.028928352536521,0.000000000000000,0.039757413649665,0.074493312079574,0.065685310563868,0.089343876932631,0.028035164456789,0.038159716582218,0.019179978408209,0.040042985157162,0.020151424400313,0.043961189930884,0.025076594776903,0.036841105992614,0.011288445565001,0.069064385661295,0.004820970889662,0.015115088415841,0.008673828561097,0.038610038610039,0.000000000000000,0.000000000000000,0.000000000000000,0.000000000000000,0.000000000000000,0.000000000000000,0.000000000000000,0.000000000000000,0.000000000000000,0.000000000000000
1,7,59,0.000000000000000,0.000000000000000,0.000000000000000,0.000000000000000,0.000531340065009,0.000000000000000,0.000000000000000,0.003703703703704,0.003793529214603,0.010343921453531,0.003823596506318,0.011915381528998,0.000000000000000,0.002053388090349,0.036379606647028,0.008958226836746,0.013219539273621,0.019463116159557,0.058036358358605,0.024733008807440,0.025422686292821,0.088983861169360,0.093426352132810,0.088097569707198,0.011391428221133,0.011523187816084,0.028417554490419,0.023720979921214,0.071238249412069,0.037070186639278,0.010202514369464,0.027235487906724,0.041663488212380,0.054376954951260,0.025129998734910,0.068960779203235,0.054046723999789,0.020506455862060,0.016090701086601,0.013648160923344,0.017699115044248,0.000000000000000,0.000000000000000,0.000000000000000,0.000000000000000,0.000000000000000,0.000000000000000,0.000000000000000,0.000000000000000,0.000000000000000
1,7,60,0.000000000000000,0.000000000000000,0.000000000000000,0.000000000000000,0.000000000000000,0.000000000000000,0.000000000000000,0.000000000000000,0.000000000000000,0.000000000000000,0.000000000000000,0.000000000000000,0.064516129032258,0.000000000000000,0.000000000000000,0.000000000000000,0.000000000000000,0.000000000000000,0.000000000000000,0.000000000000000,0.285714285714286,0.000000000000000,0.000000000000000,0.000000000000000,0.000000000000000,0.000000000000000,0.000000000000000,0.000000000000000,0.038461538461539,0.000000000000000,0.000000000000000,0.000000000000000,0.000000000000000,0.015384615384615,0.000000000000000,0.000000000000000,0.000000000000000,0.252873563218391,0.000000000000000,0.000000000000000,0.129729729729730,0.000000000000000,0.000000000000000,0.000000000000000,0.000000000000000,0.000000000000000,0.000000000000000,0.000000000000000,0.000000000000000,0.000000000000000
1,7,61,0.000000000000000,0.000000000000000,0.000000000000000,0.000000000000000,0.000000000000000,0.000000000000000,0.000000000000000,0.000000000000000,0.000000000000000,0.000000000000000,0.000000000000000,0.000000000000000,0.000000000000000,0.000000000000000,0.000000000000000,0.000000000000000,0.000000000000000,0.000000000000000,0.000000000000000,0.000000000000000,0.000000000000000,0.000000000000000,0.000000000000000,0.000000000000000,0.000000000000000,0.000000000000000,0.000000000000000,0.000000000000000,0.000000000000000,0.190476190476190,0.219512195121951,0.000000000000000,0.000000000000000,0.000000000000000,0.040000000000000,0.013888888888889,0.000000000000000,0.300000000000000,0.000000000000000,0.000000000000000,0.000000000000000,0.000000000000000,0.000000000000000,0.000000000000000,0.000000000000000,0.000000000000000,0.000000000000000,0.000000000000000,0.000000000000000,0.000000000000000
1,7,62,0.000000000000000,0.000000000000000,0.000000000000000,0.000000000000000,0.000000000000000,0.000000000000000,0.000000000000000,0.000000000000000,0.000000000000000,0.000000000000000,0.000000000000000,0.000000000000000,0.000000000000000,0.000000000000000,0.000000000000000,0.000000000000000,0.000000000000000,0.000000000000000,0.000000000000000,0.000000000000000,0.000000000000000,0.000000000000000,0.000000000000000,0.000000000000000,0.209302325581395,0.157894736842105,0.000000000000000,0.000000000000000,0.000000000000000,0.016129032258065,0.000000000000000,0.000000000000000,0.046875000000000,0.000000000000000,0.018181818181818,0.000000000000000,0.000000000000000,0.184210526315789,0.000000000000000,0.000000000000000,0.000000000000000,0.000000000000000,0.000000000000000,0.000000000000000,0.000000000000000,0.000000000000000,0.000000000000000,0.000000000000000,0.000000000000000,0.000000000000000
1,7,63,0.000000000000000,0.000000000000000,0.000000000000000,0.000000000000000,0.000000000000000,0.000000000000000,0.000000000000000,0.000000000000000,0.000000000000000,0.000000000000000,0.000000000000000,0.000000000000000,0.000000000000000,0.000000000000000,0.000000000000000,0.000000000000000,0.000000000000000,0.000000000000000,0.000000000000000,0.052631578947368,0.000000000000000,0.000000000000000,0.000000000000000,0.000000000000000,0.000000000000000,0.000000000000000,0.000000000000000,0.000000000000000,0.000000000000000,0.000000000000000,0.037037037037037,0.269230769230769,0.000000000000000,0.000000000000000,0.000000000000000,0.000000000000000,0.000000000000000,0.000000000000000,0.000000000000000,0.000000000000000,0.000000000000000,0.146341463414634,0.000000000000000,0.000000000000000,0.000000000000000,0.000000000000000,0.000000000000000,0.000000000000000,0.000000000000000,0.000000000000000
1,7,64,0.000000000000000,0.000000000000000,0.000000000000000,0.000000000000000,0.000000000000000,0.000000000000000,0.000000000000000,0.000000000000000,0.027777777777778,0.000000000000000,0.000000000000000,0.000000000000000,0.000000000000000,0.000000000000000,0.000000000000000,0.000000000000000,0.000000000000000,0.000000000000000,0.000000000000000,0.000000000000000,0.000000000000000,0.218181818181818,0.179487179487180,0.000000000000000,0.000000000000000,0.000000000000000,0.023255813953488,0.000000000000000,0.000000000000000,0.000000000000000,0.100000000000000,0.525000000000000,0.075000000000000,0.000000000000000,0.000000000000000,0.000000000000000,0.000000000000000,0.086206896551724,0.000000000000000,0.000000000000000,0.000000000000000,0.000000000000000,0.000000000000000,0.000000000000000,0.000000000000000,0.000000000000000,0.000000000000000,0.000000000000000,0.000000000000000,0.000000000000000
1,7,65,0.000000000000000,0.000000000000000,0.000000000000000,0.000000000000000,0.000000000000000,0.000000000000000,0.000000000000000,0.000000000000000,0.000000000000000,0.000000000000000,0.000000000000000,0.000000000000000,0.000000000000000,0.000000000000000,0.000000000000000,0.000000000000000,0.000000000000000,0.000000000000000,0.000000000000000,0.000000000000000,0.000000000000000,0.000000000000000,0.000000000000000,0.000000000000000,0.000000000000000,0.000000000000000,0.000000000000000,0.000000000000000,0.000000000000000,0.000000000000000,0.000000000000000,0.000000000000000,0.000000000000000,0.000000000000000,0.000000000000000,0.000000000000000,0.000000000000000,0.000000000000000,0.000000000000000,0.000000000000000,0.000000000000000,0.000000000000000,0.000000000000000,0.000000000000000,0.000000000000000,0.000000000000000,0.000000000000000,0.000000000000000,0.000000000000000,0.000000000000000
1,7,66,0.000000000000000,0.000000000000000,0.000000000000000,0.000000000000000,0.000000000000000,0.000000000000000,0.000000000000000,0.000000000000000,0.000000000000000,0.000000000000000,0.000000000000000,0.000000000000000,0.000000000000000,0.000000000000000,0.000000000000000,0.000000000000000,0.000000000000000,0.000000000000000,0.000000000000000,0.000000000000000,0.000000000000000,0.000000000000000,0.000000000000000,0.000000000000000,0.000000000000000,0.000000000000000,0.000000000000000,0.000000000000000,0.000000000000000,0.000000000000000,0.000000000000000,0.000000000000000,0.000000000000000,0.000000000000000,0.000000000000000,0.000000000000000,0.000000000000000,0.000000000000000,0.000000000000000,0.000000000000000,0.000000000000000,0.000000000000000,0.000000000000000,0.000000000000000,0.000000000000000,0.000000000000000,0.000000000000000,0.000000000000000,0.000000000000000,0.000000000000000
1,7,67,0.000000000000000,0.000000000000000,0.000000000000000,0.000000000000000,0.000000000000000,0.000000000000000,0.000000000000000,0.000000000000000,0.000000000000000,0.000000000000000,0.000000000000000,0.000000000000000,0.000000000000000,0.000000000000000,0.000000000000000,0.000000000000000,0.000000000000000,0.000000000000000,0.000000000000000,0.000000000000000,0.000000000000000,0.000000000000000,0.000000000000000,0.000000000000000,0.000000000000000,0.000000000000000,0.000000000000000,0.000000000000000,0.000000000000000,0.000000000000000,0.000000000000000,0.000000000000000,0.000000000000000,0.000000000000000,0.000000000000000,0.000000000000000,0.000000000000000,0.000000000000000,0.000000000000000,0.000000000000000,0.000000000000000,0.000000000000000,0.000000000000000,0.000000000000000,0.000000000000000,0.000000000000000,0.000000000000000,0.000000000000000,0.000000000000000,0.000000000000000
1,7,68,0.000000000000000,0.000000000000000,0.000000000000000,0.000000000000000,0.000000000000000,0.000000000000000,0.000000000000000,0.000000000000000,0.000000000000000,0.000000000000000,0.000000000000000,0.000000000000000,0.000000000000000,0.000000000000000,0.000000000000000,0.000000000000000,0.000000000000000,0.000000000000000,0.000000000000000,0.000000000000000,0.000000000000000,0.000000000000000,0.000000000000000,0.000000000000000,0.000000000000000,0.000000000000000,0.000000000000000,0.000000000000000,0.000000000000000,0.000000000000000,0.000000000000000,0.000000000000000,0.000000000000000,0.000000000000000,0.000000000000000,0.000000000000000,0.000000000000000,0.000000000000000,0.000000000000000,0.000000000000000,0.000000000000000,0.000000000000000,0.000000000000000,0.000000000000000,0.000000000000000,0.000000000000000,0.000000000000000,0.000000000000000,0.000000000000000,0.000000000000000
1,7,69,0.000000000000000,0.000000000000000,0.000000000000000,0.000000000000000,0.000000000000000,0.000000000000000,0.000000000000000,0.000000000000000,0.000000000000000,0.000000000000000,0.000000000000000,0.000000000000000,0.000000000000000,0.000000000000000,0.000000000000000,0.000000000000000,0.000000000000000,0.000000000000000,0.000000000000000,0.000000000000000,0.000000000000000,0.000000000000000,0.000000000000000,0.000000000000000,0.000000000000000,0.000000000000000,0.000000000000000,0.000000000000000,0.000000000000000,0.000000000000000,0.000000000000000,0.000000000000000,0.000000000000000,0.000000000000000,0.000000000000000,0.000000000000000,0.000000000000000,0.000000000000000,0.000000000000000,0.000000000000000,0.000000000000000,0.000000000000000,0.000000000000000,0.000000000000000,0.000000000000000,0.000000000000000,0.000000000000000,0.000000000000000,0.000000000000000,0.000000000000000
1,8,20,2.989860672474340,6.627113779115470,0.000000000000000,0.000000000000000,0.000000000000000,0.000000000000000,0.000000000000000,0.000000000000000,0.000000000000000,0.000000000000000,0.000000000000000,0.000000000000000,0.000000000000000,0.000000000000000,0.000000000000000,0.000000000000000,0.000000000000000,0.000000000000000,0.000000000000000,0.000000000000000,0.000000000000000,0.000000000000000,0.000000000000000,0.000000000000000,0.000000000000000,0.000000000000000,0.000000000000000,0.000000000000000,0.000000000000000,0.000000000000000,0.000000000000000,0.000000000000000,0.000000000000000,0.000000000000000,0.000000000000000,0.000000000000000,0.000000000000000,0.000000000000000,0.000000000000000,0.000000000000000,0.000000000000000,0.000000000000000,0.000000000000000,0.000000000000000,0.000000000000000,0.000000000000000,0.000000000000000,0.000000000000000,0.000000000000000,0.000000000000000
1,8,21,0.654724503029222,9.359034296735200,13.552260913717100,0.000000000000000,0.000000000000000,0.000000000000000,0.000000000000000,0.000000000000000,0.000000000000000,0.000000000000000,0.000000000000000,0.000000000000000,0.000000000000000,0.000000000000000,0.000000000000000,0.000000000000000,0.000000000000000,0.000000000000000,0.000000000000000,0.000000000000000,0.000000000000000,0.000000000000000,0.000000000000000,0.000000000000000,0.000000000000000,0.000000000000000,0.000000000000000,0.000000000000000,0.000000000000000,0.000000000000000,0.000000000000000,0.000000000000000,0.000000000000000,0.000000000000000,0.000000000000000,0.000000000000000,0.000000000000000,0.000000000000000,0.000000000000000,0.000000000000000,0.000000000000000,0.000000000000000,0.000000000000000,0.000000000000000,0.000000000000000,0.000000000000000,0.000000000000000,0.000000000000000,0.000000000000000,0.000000000000000
1,8,22,0.753817677001388,3.032312702976460,16.145083550381600,20.939463466290100,0.000000000000000,0.000000000000000,0.000000000000000,0.000000000000000,0.000000000000000,0.000000000000000,0.000000000000000,0.000000000000000,0.000000000000000,0.000000000000000,0.000000000000000,0.000000000000000,0.000000000000000,0.000000000000000,0.000000000000000,0.000000000000000,0.000000000000000,0.000000000000000,0.000000000000000,0.000000000000000,0.000000000000000,0.000000000000000,0.000000000000000,0.000000000000000,0.000000000000000,0.000000000000000,0.000000000000000,0.000000000000000,0.000000000000000,0.000000000000000,0.000000000000000,0.000000000000000,0.000000000000000,0.000000000000000,0.000000000000000,0.000000000000000,0.000000000000000,0.000000000000000,0.000000000000000,0.000000000000000,0.000000000000000,0.000000000000000,0.000000000000000,0.000000000000000,0.000000000000000,0.000000000000000
1,8,23,0.704532077692760,3.075220314760620,7.997995626432470,15.605489482025800,19.165735567970200,0.000000000000000,0.000000000000000,0.000000000000000,0.000000000000000,0.000000000000000,0.000000000000000,0.000000000000000,0.000000000000000,0.000000000000000,0.000000000000000,0.000000000000000,0.000000000000000,0.000000000000000,0.000000000000000,0.000000000000000,0.000000000000000,0.000000000000000,0.000000000000000,0.000000000000000,0.000000000000000,0.000000000000000,0.000000000000000,0.000000000000000,0.000000000000000,0.000000000000000,0.000000000000000,0.000000000000000,0.000000000000000,0.000000000000000,0.000000000000000,0.000000000000000,0.000000000000000,0.000000000000000,0.000000000000000,0.000000000000000,0.000000000000000,0.000000000000000,0.000000000000000,0.000000000000000,0.000000000000000,0.000000000000000,0.000000000000000,0.000000000000000,0.000000000000000,0.000000000000000
1,8,24,0.712312241385248,3.123813383238150,8.748846096473770,10.820199313964600,15.377925768322400,19.797601199400300,0.000000000000000,0.000000000000000,0.000000000000000,0.000000000000000,0.000000000000000,0.000000000000000,0.000000000000000,0.000000000000000,0.000000000000000,0.000000000000000,0.000000000000000,0.000000000000000,0.000000000000000,0.000000000000000,0.000000000000000,0.000000000000000,0.000000000000000,0.000000000000000,0.000000000000000,0.000000000000000,0.000000000000000,0.000000000000000,0.000000000000000,0.000000000000000,0.000000000000000,0.000000000000000,0.000000000000000,0.000000000000000,0.000000000000000,0.000000000000000,0.000000000000000,0.000000000000000,0.000000000000000,0.000000000000000,0.000000000000000,0.000000000000000,0.000000000000000,0.000000000000000,0.000000000000000,0.000000000000000,0.000000000000000,0.000000000000000,0.000000000000000,0.000000000000000
1,8,25,0.691830701338824,3.233572078200260,8.121266008027260,11.203233127239000,10.524803387024800,12.920231277734000,16.305241521068900,0.000000000000000,0.000000000000000,0.000000000000000,0.000000000000000,0.000000000000000,0.000000000000000,0.000000000000000,0.000000000000000,0.000000000000000,0.000000000000000,0.000000000000000,0.000000000000000,0.000000000000000,0.000000000000000,0.000000000000000,0.000000000000000,0.000000000000000,0.000000000000000,0.000000000000000,0.000000000000000,0.000000000000000,0.000000000000000,0.000000000000000,0.000000000000000,0.000000000000000,0.000000000000000,0.000000000000000,0.000000000000000,0.000000000000000,0.000000000000000,0.000000000000000,0.000000000000000,0.000000000000000,0.000000000000000,0.000000000000000,0.000000000000000,0.000000000000000,0.000000000000000,0.000000000000000,0.000000000000000,0.000000000000000,0.000000000000000,0.000000000000000
1,8,26,0.723857868020305,3.452559726962460,8.327565929735910,11.533012835966900,10.952206485955800,9.816427670239080,10.102851136415200,13.092931937172800,0.000000000000000,0.000000000000000,0.000000000000000,0.000000000000000,0.000000000000000,0.000000000000000,0.000000000000000,0.000000000000000,0.000000000000000,0.000000000000000,0.000000000000000,0.000000000000000,0.000000000000000,0.000000000000000,0.000000000000000,0.000000000000000,0.000000000000000,0.000000000000000,0.000000000000000,0.000000000000000,0.000000000000000,0.000000000000000,0.000000000000000,0.000000000000000,0.000000000000000,0.000000000000000,0.000000000000000,0.000000000000000,0.000000000000000,0.000000000000000,0.000000000000000,0.000000000000000,0.000000000000000,0.000000000000000,0.000000000000000,0.000000000000000,0.000000000000000,0.000000000000000,0.000000000000000,0.000000000000000,0.000000000000000,0.000000000000000
1,8,27,0.616434627975637,2.996702390766690,7.875599579547350,11.252799635726600,11.302561109263400,11.035625569375900,10.097691768721500,8.806613451131810,11.438273643587100,0.000000000000000,0.000000000000000,0.000000000000000,0.000000000000000,0.000000000000000,0.000000000000000,0.000000000000000,0.000000000000000,0.000000000000000,0.000000000000000,0.000000000000000,0.000000000000000,0.000000000000000,0.000000000000000,0.000000000000000,0.000000000000000,0.000000000000000,0.000000000000000,0.000000000000000,0.000000000000000,0.000000000000000,0.000000000000000,0.000000000000000,0.000000000000000,0.000000000000000,0.000000000000000,0.000000000000000,0.000000000000000,0.000000000000000,0.000000000000000,0.000000000000000,0.000000000000000,0.000000000000000,0.000000000000000,0.000000000000000,0.000000000000000,0.000000000000000,0.000000000000000,0.000000000000000,0.000000000000000,0.000000000000000
1,8,28,0.597484276729560,2.879459980713600,7.469627792399760,10.964302950503500,10.711777096440600,11.702078727683500,10.387970194570800,9.238544178231360,8.011574225834770,8.992429657549180,0.000000000000000,0.000000000000000,0.000000000000000,0.000000000000000,0.000000000000000,0.000000000000000,0.000000000000000,0.000000000000000,0.000000000000000,0.000000000000000,0.000000000000000,0.000000000000000,0.000000000000000,0.000000000000000,0.000000000000000,0.000000000000000,0.000000000000000,0.000000000000000,0.000000000000000,0.000000000000000,0.000000000000000,0.000000000000000,0.000000000000000,0.000000000000000,0.000000000000000,0.000000000000000,0.000000000000000,0.000000000000000,0.000000000000000,0.000000000000000,0.000000000000000,0.000000000000000,0.000000000000000,0.000000000000000,0.000000000000000,0.000000000000000,0.000000000000000,0.000000000000000,0.000000000000000,0.000000000000000
1,8,29,0.488616462346760,2.916767189384800,7.436379854870200,10.909314543485500,10.782972193073800,11.611308181609000,10.957069211142300,9.061840965104930,8.808375812264040,7.075704205050500,8.983792544570500,0.000000000000000,0.000000000000000,0.000000000000000,0.000000000000000,0.000000000000000,0.000000000000000,0.000000000000000,0.000000000000000,0.000000000000000,0.000000000000000,0.000000000000000,0.000000000000000,0.000000000000000,0.000000000000000,0.000000000000000,0.000000000000000,0.000000000000000,0.000000000000000,0.000000000000000,0.000000000000000,0.000000000000000,0.000000000000000,0.000000000000000,0.000000000000000,0.000000000000000,0.000000000000000,0.000000000000000,0.000000000000000,0.000000000000000,0.000000000000000,0.000000000000000,0.000000000000000,0.000000000000000,0.000000000000000,0.000000000000000,0.000000000000000,0.000000000000000,0.000000000000000,0.000000000000000
1,8,30,0.473180076628352,2.405928231010590,7.050492127966000,9.653832656747550,10.273054506331700,10.215742211574100,9.899704814051430,9.388413281210370,8.641210493424550,8.384543971468970,6.309467971900440,7.453780852285680,0.000000000000000,0.000000000000000,0.000000000000000,0.000000000000000,0.000000000000000,0.000000000000000,0.000000000000000,0.000000000000000,0.000000000000000,0.000000000000000,0.000000000000000,0.000000000000000,0.000000000000000,0.000000000000000,0.000000000000000,0.000000000000000,0.000000000000000,0.000000000000000,0.000000000000000,0.000000000000000,0.000000000000000,0.000000000000000,0.000000000000000,0.000000000000000,0.000000000000000,0.000000000000000,0.000000000000000,0.000000000000000,0.000000000000000,0.000000000000000,0.000000000000000,0.000000000000000,0.000000000000000,0.000000000000000,0.000000000000000,0.000000000000000,0.000000000000000,0.000000000000000
1,8,31,0.484349963091996,2.145424836601310,6.172999800772830,10.444569503589500,10.548087048488800,9.968722369979220,10.165613844697800,10.190288650634500,8.728048182675280,8.479893065815130,7.284787852114650,6.139529621661340,7.980733472646210,0.000000000000000,0.000000000000000,0.000000000000000,0.000000000000000,0.000000000000000,0.000000000000000,0.000000000000000,0.000000000000000,0.000000000000000,0.000000000000000,0.000000000000000,0.000000000000000,0.000000000000000,0.000000000000000,0.000000000000000,0.000000000000000,0.000000000000000,0.000000000000000,0.000000000000000,0.000000000000000,0.000000000000000,0.000000000000000,0.000000000000000,0.000000000000000,0.000000000000000,0.000000000000000,0.000000000000000,0.000000000000000,0.000000000000000,0.000000000000000,0.000000000000000,0.000000000000000,0.000000000000000,0.000000000000000,0.000000000000000,0.000000000000000,0.000000000000000
1,8,32,0.472477064220183,2.099193314588070,6.716555089515880,9.283538453372810,9.315121026771940,10.927721385851000,10.384447407961100,10.326838120197100,9.275551049819170,8.209611473606000,8.458008337722130,7.597264385943300,5.488200996853750,8.455668345086640,0.000000000000000,0.000000000000000,0.000000000000000,0.000000000000000,0.000000000000000,0.000000000000000,0.000000000000000,0.000000000000000,0.000000000000000,0.000000000000000,0.000000000000000,0.000000000000000,0.000000000000000,0.000000000000000,0.000000000000000,0.000000000000000,0.000000000000000,0.000000000000000,0.000000000000000,0.000000000000000,0.000000000000000,0.000000000000000,0.000000000000000,0.000000000000000,0.000000000000000,0.000000000000000,0.000000000000000,0.000000000000000,0.000000000000000,0.000000000000000,0.000000000000000,0.000000000000000,0.000000000000000,0.000000000000000,0.000000000000000,0.000000000000000
1,8,33,0.597964376590331,2.344642857142860,5.172456575682380,8.855692877767260,9.916515094146570,10.637674593856800,10.050648090590600,9.497772961796110,8.802764200500600,8.980311436109830,7.794517616370360,7.630669883347980,6.845680497122150,5.378281232244520,7.349058237120650,0.000000000000000,0.000000000000000,0.000000000000000,0.000000000000000,0.000000000000000,0.000000000000000,0.000000000000000,0.000000000000000,0.000000000000000,0.000000000000000,0.000000000000000,0.000000000000000,0.000000000000000,0.000000000000000,0.000000000000000,0.000000000000000,0.000000000000000,0.000000000000000,0.000000000000000,0.000000000000000,0.000000000000000,0.000000000000000,0.000000000000000,0.000000000000000,0.000000000000000,0.000000000000000,0.000000000000000,0.000000000000000,0.000000000000000,0.000000000000000,0.000000000000000,0.000000000000000,0.000000000000000,0.000000000000000,0.000000000000000
1,8,34,0.525065963060686,1.978648658221020,5.389642416769420,8.145611193274340,7.802025487515410,9.093306597208580,9.965703941486020,9.474063185727220,8.329963913739540,7.826497752558770,7.838796049128800,7.876411987540480,7.209986643855910,5.923119256528850,5.202384361664650,5.455989312747340,0.000000000000000,0.000000000000000,0.000000000000000,0.000000000000000,0.000000000000000,0.000000000000000,0.000000000000000,0.000000000000000,0.000000000000000,0.000000000000000,0.000000000000000,0.000000000000000,0.000000000000000,0.000000000000000,0.000000000000000,0.000000000000000,0.000000000000000,0.000000000000000,0.000000000000000,0.000000000000000,0.000000000000000,0.000000000000000,0.000000000000000,0.000000000000000,0.000000000000000,0.000000000000000,0.000000000000000,0.000000000000000,0.000000000000000,0.000000000000000,0.000000000000000,0.000000000000000,0.000000000000000,0.000000000000000
1,8,35,0.552089875783169,1.883116883116880,5.056400204302230,8.422822188383230,9.330963710056530,8.576524534777760,9.374245779715020,8.645061507202960,7.110019762589180,8.151859064051880,7.901828623199570,7.264032301616980,7.570217016515930,6.515431342633700,5.692942505335870,4.754392188768480,6.622103386809270,0.000000000000000,0.000000000000000,0.000000000000000,0.000000000000000,0.000000000000000,0.000000000000000,0.000000000000000,0.000000000000000,0.000000000000000,0.000000000000000,0.000000000000000,0.000000000000000,0.000000000000000,0.000000000000000,0.000000000000000,0.000000000000000,0.000000000000000,0.000000000000000,0.000000000000000,0.000000000000000,0.000000000000000,0.000000000000000,0.000000000000000,0.000000000000000,0.000000000000000,0.000000000000000,0.000000000000000,0.000000000000000,0.000000000000000,0.000000000000000,0.000000000000000,0.000000000000000,0.000000000000000
1,8,36,0.523274251845604,2.090909090909090,4.951049136259810,8.213154040612650,8.463269147188490,8.074742941549890,8.077271235080480,8.448702803555480,7.082331969800550,9.195798220678110,7.396410750296980,7.383286470318900,7.234985655739880,6.990937903243040,6.072260386737160,5.795447112908920,4.541168546778740,5.351043643263760,0.000000000000000,0.000000000000000,0.000000000000000,0.000000000000000,0.000000000000000,0.000000000000000,0.000000000000000,0.000000000000000,0.000000000000000,0.000000000000000,0.000000000000000,0.000000000000000,0.000000000000000,0.000000000000000,0.000000000000000,0.000000000000000,0.000000000000000,0.000000000000000,0.000000000000000,0.000000000000000,0.000000000000000,0.000000000000000,0.000000000000000,0.000000000000000,0.000000000000000,0.000000000000000,0.000000000000000,0.000000000000000,0.000000000000000,0.000000000000000,0.000000000000000,0.000000000000000
1,8,37,0.222222222222222,1.657471264367820,4.970636215334420,8.558799577676570,8.375532540832450,7.879286493358410,7.952037726760880,8.357809544694110,7.060564509761340,8.813931154336490,7.937983572042300,7.352099684868230,7.063067663179050,6.483272797183120,6.207789455055430,5.278436295901590,5.712506400631670,4.192589861892650,4.739969592828290,0.000000000000000,0.000000000000000,0.000000000000000,0.000000000000000,0.000000000000000,0.000000000000000,0.000000000000000,0.000000000000000,0.000000000000000,0.000000000000000,0.000000000000000,0.000000000000000,0.000000000000000,0.000000000000000,0.000000000000000,0.000000000000000,0.000000000000000,0.000000000000000,0.000000000000000,0.000000000000000,0.000000000000000,0.000000000000000,0.000000000000000,0.000000000000000,0.000000000000000,0.000000000000000,0.000000000000000,0.000000000000000,0.000000000000000,0.000000000000000,0.000000000000000
1,8,38,0.272030651340996,1.577889447236180,4.109672850431250,7.372693106043980,7.759553380616540,7.117689369401470,8.025884747258040,8.116977933770120,7.014256526394110,8.223749741025610,7.478436803993540,7.208057285675920,6.682435502992090,6.623832061494300,5.400619552508360,5.349508137884820,5.900735080064200,6.277627093782440,3.891813012565090,4.000617297323040,0.000000000000000,0.000000000000000,0.000000000000000,0.000000000000000,0.000000000000000,0.000000000000000,0.000000000000000,0.000000000000000,0.000000000000000,0.000000000000000,0.000000000000000,0.000000000000000,0.000000000000000,0.000000000000000,0.000000000000000,0.000000000000000,0.000000000000000,0.000000000000000,0.000000000000000,0.000000000000000,0.000000000000000,0.000000000000000,0.000000000000000,0.000000000000000,0.000000000000000,0.000000000000000,0.000000000000000,0.000000000000000,0.000000000000000,0.000000000000000
1,8,39,0.328358208955224,1.484924623115580,3.269168387635140,6.528767123287670,7.411856717178240,7.438017457155850,8.094871910304760,7.775629184636660,7.024378083173410,7.155760669865340,7.473239705362180,7.032283375497560,6.701661857642480,6.013543678345020,5.512338474546270,5.781361577116620,5.897854745359380,5.380397934035920,5.443418634821640,3.559562135813410,4.182773109243700,0.000000000000000,0.000000000000000,0.000000000000000,0.000000000000000,0.000000000000000,0.000000000000000,0.000000000000000,0.000000000000000,0.000000000000000,0.000000000000000,0.000000000000000,0.000000000000000,0.000000000000000,0.000000000000000,0.000000000000000,0.000000000000000,0.000000000000000,0.000000000000000,0.000000000000000,0.000000000000000,0.000000000000000,0.000000000000000,0.000000000000000,0.000000000000000,0.000000000000000,0.000000000000000,0.000000000000000,0.000000000000000,0.000000000000000
1,8,40,0.334586466165414,1.747252747252750,3.260517069888120,6.921828990417420,6.857319828455820,7.869695582296830,7.845156042241070,6.948214241269120,6.887783497938670,6.498558382036720,7.107404138136970,6.569706546195740,6.043568594222440,5.340000768791200,6.459222515532650,5.823895847767170,6.192734871167470,5.140125746287450,5.251487147289200,5.190355905171550,3.447818100559530,3.861937282470990,0.000000000000000,0.000000000000000,0.000000000000000,0.000000000000000,0.000000000000000,0.000000000000000,0.000000000000000,0.000000000000000,0.000000000000000,0.000000000000000,0.000000000000000,0.000000000000000,0.000000000000000,0.000000000000000,0.000000000000000,0.000000000000000,0.000000000000000,0.000000000000000,0.000000000000000,0.000000000000000,0.000000000000000,0.000000000000000,0.000000000000000,0.000000000000000,0.000000000000000,0.000000000000000,0.000000000000000,0.000000000000000
1,8,41,0.231884057971015,1.791979949874690,2.963943435730380,6.222191689377650,6.639626571796130,6.955080060266590,7.271495411603560,7.081388775204350,5.813724105577230,7.402851378521530,6.416623957833280,5.397942907481530,6.458399890281960,5.691256236537130,5.434646707998510,5.517886409696220,5.268948937442420,5.583704226452010,4.772160493688010,4.209133229509820,3.986812599559690,3.025356460539330,4.173737373737370,0.000000000000000,0.000000000000000,0.000000000000000,0.000000000000000,0.000000000000000,0.000000000000000,0.000000000000000,0.000000000000000,0.000000000000000,0.000000000000000,0.000000000000000,0.000000000000000,0.000000000000000,0.000000000000000,0.000000000000000,0.000000000000000,0.000000000000000,0.000000000000000,0.000000000000000,0.000000000000000,0.000000000000000,0.000000000000000,0.000000000000000,0.000000000000000,0.000000000000000,0.000000000000000,0.000000000000000
1,8,42,0.019685039370079,0.068113604476459,1.585774058577410,3.757941845054010,4.229458933776890,4.366678093103600,5.469183471373670,4.202432173682380,3.970680288505180,3.870373607024030,4.151046953950780,3.342476543164610,3.691964229749490,3.701564340701750,3.769041787408540,3.665141361339520,3.489174638194210,3.679183620345850,3.262013247480990,2.757433779580410,3.300704266191460,2.705591432021970,2.211934657710790,2.035630316983060,0.000000000000000,0.000000000000000,0.000000000000000,0.000000000000000,0.000000000000000,0.000000000000000,0.000000000000000,0.000000000000000,0.000000000000000,0.000000000000000,0.000000000000000,0.000000000000000,0.000000000000000,0.000000000000000,0.000000000000000,0.000000000000000,0.000000000000000,0.000000000000000,0.000000000000000,0.000000000000000,0.000000000000000,0.000000000000000,0.000000000000000,0.000000000000000,0.000000000000000,0.000000000000000
1,8,43,0.003952569169960,0.040100250626566,0.725789774968141,1.655971744058660,1.887949325592830,2.282651092091930,2.246819386595860,2.851782365682350,2.362846983583300,2.455205261593730,2.510220536000700,2.186598016511480,2.758229989780020,2.516225809566660,2.027326510753840,1.687815686886420,2.180778205215910,1.967678303550060,1.936301578292940,1.716842470156540,1.989247348274380,1.635857015731530,1.746175800192600,1.213124824115680,1.216845884092210,0.000000000000000,0.000000000000000,0.000000000000000,0.000000000000000,0.000000000000000,0.000000000000000,0.000000000000000,0.000000000000000,0.000000000000000,0.000000000000000,0.000000000000000,0.000000000000000,0.000000000000000,0.000000000000000,0.000000000000000,0.000000000000000,0.000000000000000,0.000000000000000,0.000000000000000,0.000000000000000,0.000000000000000,0.000000000000000,0.000000000000000,0.000000000000000,0.000000000000000
1,8,44,0.000000000000000,0.079404466501241,0.138632162661738,0.314475873544093,0.660544331682007,0.829815443726385,1.011338793868550,0.798877133699894,1.081262420025470,1.126274653871970,1.428945573484810,1.182287170396180,0.915233183542284,1.083536869667060,1.048918089426430,1.243300683430540,0.954080203024157,0.946612983447311,0.988389960150702,1.040208787693870,0.702280372067207,0.861043159352517,1.018222344481760,0.673303856387411,0.568145187656603,0.374947082167343,0.000000000000000,0.000000000000000,0.000000000000000,0.000000000000000,0.000000000000000,0.000000000000000,0.000000000000000,0.000000000000000,0.000000000000000,0.000000000000000,0.000000000000000,0.000000000000000,0.000000000000000,0.000000000000000,0.000000000000000,0.000000000000000,0.000000000000000,0.000000000000000,0.000000000000000,0.000000000000000,0.000000000000000,0.000000000000000,0.000000000000000,0.000000000000000
1,8,45,0.000000000000000,0.086513218526332,0.114901256732496,0.103490089996116,0.245911763638057,0.566111040784815,0.516686743472649,0.587250194459293,0.490738167210687,0.538155507590534,0.623825283694284,0.759821958655136,0.576012782695270,0.613867003515916,0.664412188418000,1.107732519225170,0.626627900563717,0.452503485440645,0.625898691688300,0.548675491316772,0.576043108643943,0.364782315053708,0.537013377074980,0.367868844902688,0.330938813875377,0.334271755268448,0.431751707377037,0.000000000000000,0.000000000000000,0.000000000000000,0.000000000000000,0.000000000000000,0.000000000000000,0.000000000000000,0.000000000000000,0.000000000000000,0.000000000000000,0.000000000000000,0.000000000000000,0.000000000000000,0.000000000000000,0.000000000000000,0.000000000000000,0.000000000000000,0.000000000000000,0.000000000000000,0.000000000000000,0.000000000000000,0.000000000000000,0.000000000000000
1,8,46,0.000000000000000,0.039682539682540,0.093691356845489,0.156725796895206,0.204216509571719,0.452476572958501,0.481643377729220,0.240560660064935,0.309663517295825,0.335966030351498,0.445866667439061,0.439616986654644,0.478505244969203,0.252867974243665,0.345458396635497,0.642863114555273,0.310687020250803,0.367433018788815,0.513801232169844,0.525710550100049,0.149427464937263,0.371642219048869,0.503324953031560,0.313588241091038,0.226841060573957,0.293425076010202,0.185906592573558,0.226614543197926,0.000000000000000,0.000000000000000,0.000000000000000,0.000000000000000,0.000000000000000,0.000000000000000,0.000000000000000,0.000000000000000,0.000000000000000,0.000000000000000,0.000000000000000,0.000000000000000,0.000000000000000,0.000000000000000,0.000000000000000,0.000000000000000,0.000000000000000,0.000000000000000,0.000000000000000,0.000000000000000,0.000000000000000,0.000000000000000
1,8,47,0.000000000000000,0.061594202898551,0.074448873362645,0.065753424657534,0.088353413654619,0.378701897011313,0.383498847183834,0.126397293232843,0.347233087098800,0.272793047672723,0.342491506337621,0.248846299241908,0.277061704823740,0.359162875220962,0.174607616518467,0.383744779444581,0.221321476518400,0.345109876562098,0.409611281044635,0.284813747220565,0.411112935855216,0.451884429108679,0.275697519410185,0.335936391643351,0.124784945263515,0.160857428050996,0.277104806762423,0.158905757440713,0.167385403077516,0.000000000000000,0.000000000000000,0.000000000000000,0.000000000000000,0.000000000000000,0.000000000000000,0.000000000000000,0.000000000000000,0.000000000000000,0.000000000000000,0.000000000000000,0.000000000000000,0.000000000000000,0.000000000000000,0.000000000000000,0.000000000000000,0.000000000000000,0.000000000000000,0.000000000000000,0.000000000000000,0.000000000000000
1,8,48,0.000000000000000,0.046511627906977,0.000000000000000,0.116556398788739,0.104188654258984,0.295448831048924,0.268239919429421,0.201166140696576,0.095882995965021,0.183219421083085,0.367878224507378,0.340193475403448,0.206881247215995,0.255282124084067,0.207969817957017,0.128216574686132,0.166428923159827,0.175459281969884,0.255683424575254,0.056671558390151,0.233608142153006,0.165941124052878,0.148058985981599,0.158687086408606,0.251360974242867,0.153262411867617,0.106712914885824,0.208385216079579,0.109436712908462,0.072702398084432,0.000000000000000,0.000000000000000,0.000000000000000,0.000000000000000,0.000000000000000,0.000000000000000,0.000000000000000,0.000000000000000,0.000000000000000,0.000000000000000,0.000000000000000,0.000000000000000,0.000000000000000,0.000000000000000,0.000000000000000,0.000000000000000,0.000000000000000,0.000000000000000,0.000000000000000,0.000000000000000
1,8,49,0.000000000000000,0.000000000000000,0.046107259720478,0.138539042821159,0.094168055319652,0.167480698351606,0.220006298897992,0.202668493253887,0.214841078495629,0.250239308287559,0.105296965821628,0.187710454713617,0.498754113831598,0.092420533161170,0.159075812964563,0.147914496640114,0.247446436253806,0.247229968512740,0.315547301472400,0.191162046261600,0.089314355852971,0.230475256870691,0.046999486236815,0.212188850062570,0.183791987986273,0.058073601630039,0.123453502163858,0.138041500057188,0.185007437372712,0.056687072787295,0.059701492537313,0.000000000000000,0.000000000000000,0.000000000000000,0.000000000000000,0.000000000000000,0.000000000000000,0.000000000000000,0.000000000000000,0.000000000000000,0.000000000000000,0.000000000000000,0.000000000000000,0.000000000000000,0.000000000000000,0.000000000000000,0.000000000000000,0.000000000000000,0.000000000000000,0.000000000000000
1,8,50,0.000000000000000,0.018017101683572,0.065826330532213,0.016707329380921,0.048838935008174,0.030926485118731,0.110517838768461,0.073505002199976,0.107330014568605,0.183531188599587,0.276147225389947,0.204285338988113,0.202240863498739,0.180887461321515,0.137416693134889,0.228420187765347,0.271406010839867,0.178751183669410,0.141654315519335,0.211364157318581,0.167044687384069,0.153354613850581,0.137668089873548,0.045309203195709,0.143481396572767,0.048197784744964,0.057818752211425,0.079656303001347,0.046101634766418,0.077175534988163,0.086478041943336,0.028498977088622,0.000000000000000,0.000000000000000,0.000000000000000,0.000000000000000,0.000000000000000,0.000000000000000,0.000000000000000,0.000000000000000,0.000000000000000,0.000000000000000,0.000000000000000,0.000000000000000,0.000000000000000,0.000000000000000,0.000000000000000,0.000000000000000,0.000000000000000,0.000000000000000
1,8,51,0.000000000000000,0.032171581769437,0.064307242806246,0.061960757909837,0.073257043496096,0.110687351711377,0.162295743293813,0.085851242500420,0.170990566037736,0.151869136129738,0.286911120932762,0.127047719347948,0.133468820537505,0.087868795753534,0.199053155883642,0.005994230034939,0.140326351077341,0.188450817149292,0.071789979209593,0.286793453837488,0.127732674255198,0.184654169745451,0.177179783210691,0.058220627048286,0.078408459191473,0.077971013525663,0.017481486559657,0.080986202569068,0.025352932499006,0.000000000000000,0.051181461224874,0.052572467231943,0.000000000000000,0.000000000000000,0.000000000000000,0.000000000000000,0.000000000000000,0.000000000000000,0.000000000000000,0.000000000000000,0.000000000000000,0.000000000000000,0.000000000000000,0.000000000000000,0.000000000000000,0.000000000000000,0.000000000000000,0.000000000000000,0.000000000000000,0.000000000000000
1,8,52,0.000000000000000,0.009580838323353,0.044045842941331,0.058534167462680,0.082705673743744,0.115913563703001,0.103312424555085,0.030758545032144,0.157687253613666,0.178233503001880,0.245196166888804,0.088138648997677,0.124659736224332,0.244341408628526,0.262150071005566,0.185103226333411,0.068174320734635,0.196245449013977,0.111296190110295,0.113370735712883,0.176981399080357,0.103933152285974,0.105300265263147,0.048238447622826,0.087243951603268,0.234092988458870,0.037229364343022,0.082471353159582,0.069484914675539,0.017485722258527,0.059108369137753,0.093293972086149,0.095144326458673,0.000000000000000,0.000000000000000,0.000000000000000,0.000000000000000,0.000000000000000,0.000000000000000,0.000000000000000,0.000000000000000,0.000000000000000,0.000000000000000,0.000000000000000,0.000000000000000,0.000000000000000,0.000000000000000,0.000000000000000,0.000000000000000,0.000000000000000
1,8,53,0.000000000000000,0.016176849453260,0.010559662090813,0.063545150501672,0.120705220650296,0.084435633268945,0.133073364461068,0.100346317050579,0.063011758320862,0.227948951513931,0.133072622241111,0.222468965964046,0.056650212748136,0.096236479482201,0.051391701228915,0.014013146542048,0.146879497670561,0.067432256287945,0.099572261037295,0.063011758320862,0.116919997664143,0.169940065905888,0.087572295748388,0.081926853288300,0.143197400090090,0.081341922562985,0.120589331239293,0.000000000000000,0.010689598420598,0.018674581521304,0.061684919799524,0.014491059889670,0.040609993999429,0.042370516413349,0.000000000000000,0.000000000000000,0.000000000000000,0.000000000000000,0.000000000000000,0.000000000000000,0.000000000000000,0.000000000000000,0.000000000000000,0.000000000000000,0.000000000000000,0.000000000000000,0.000000000000000,0.000000000000000,0.000000000000000,0.000000000000000
1,8,54,0.000000000000000,0.030441853198968,0.037177064567496,0.022630590338609,0.039301310043668,0.073452256033578,0.070585422490546,0.042650605048543,0.000000000000000,0.141550983441283,0.138511917737089,0.114895394821715,0.121805884107252,0.110943559405023,0.027648651412943,0.242689036198487,0.050911954286225,0.151802074478341,0.085063770410427,0.084470557838378,0.214644450824489,0.133526326616546,0.111428675541689,0.108016349258531,0.041579914539434,0.032450634829925,0.030767344511450,0.094136435170171,0.156407243786499,0.060779252745106,0.009817518111463,0.025877540624857,0.020776174309174,0.000000000000000,0.008520368516492,0.000000000000000,0.000000000000000,0.000000000000000,0.000000000000000,0.000000000000000,0.000000000000000,0.000000000000000,0.000000000000000,0.000000000000000,0.000000000000000,0.000000000000000,0.000000000000000,0.000000000000000,0.000000000000000,0.000000000000000
1,8,55,0.000000000000000,0.011683747314234,0.037218413320274,0.012670688101395,0.107261899414228,0.043154794392708,0.055764375376117,0.045681351960511,0.074521651560927,0.030377141923022,0.123618547656122,0.140344461842560,0.065190389574770,0.124154324755090,0.088844812262599,0.112756171336539,0.160875270222545,0.034134468523625,0.003976993242948,0.107417009587823,0.113070638381980,0.112554724555302,0.044225278172263,0.087538759674814,0.004772305200229,0.131429954194150,0.014016473043567,0.039729157996921,0.183133952192583,0.008873368359421,0.000000000000000,0.262289852985123,0.000000000000000,0.113560624030131,0.067530124660192,0.000000000000000,0.000000000000000,0.000000000000000,0.000000000000000,0.000000000000000,0.000000000000000,0.000000000000000,0.000000000000000,0.000000000000000,0.000000000000000,0.000000000000000,0.000000000000000,0.000000000000000,0.000000000000000,0.000000000000000
1,8,56,0.000000000000000,0.000000000000000,0.029172619010880,0.028687728101430,0.044359514687557,0.000000000000000,0.074916675146596,0.102695181597869,0.018449031532930,0.062687973543449,0.069243320603047,0.048025549924424,0.038878938238421,0.069952379056856,0.044973440304280,0.094961346577560,0.190095782602879,0.060590512624831,0.014232587952729,0.182593136575616,0.045623459146763,0.144137744853090,0.086928073000542,0.078925956788846,0.251428698861297,0.000000000000000,0.000000000000000,0.048600524909313,0.092719773836334,0.166789251086183,0.036289083476986,0.000000000000000,0.000000000000000,0.000000000000000,0.022491542946808,0.000000000000000,0.021862841704958,0.000000000000000,0.000000000000000,0.000000000000000,0.000000000000000,0.000000000000000,0.000000000000000,0.000000000000000,0.000000000000000,0.000000000000000,0.000000000000000,0.000000000000000,0.000000000000000,0.000000000000000
1,8,57,0.000000000000000,0.005847374083678,0.042616180370063,0.021376085504342,0.032434101390505,0.000000000000000,0.019433465982146,0.067730673390006,0.020286824041239,0.032027688296171,0.027020842870284,0.000000000000000,0.104486428798976,0.000000000000000,0.000000000000000,0.041091123813472,0.037213024275862,0.060524463817643,0.131310784653181,0.014000120351108,0.175988919964287,0.039682398259035,0.080620983629346,0.050273621638652,0.184749638334874,0.105889870413660,0.000000000000000,0.120722127005176,0.073747457077124,0.036175978453407,0.000000000000000,0.033390979496499,0.044482842017796,0.003794578631124,0.014562149025401,0.000000000000000,0.000000000000000,0.000000000000000,0.000000000000000,0.000000000000000,0.000000000000000,0.000000000000000,0.000000000000000,0.000000000000000,0.000000000000000,0.000000000000000,0.000000000000000,0.000000000000000,0.000000000000000,0.000000000000000
1,8,58,0.000000000000000,0.000000000000000,0.003253676562734,0.014184113210983,0.000000000000000,0.020754552256054,0.029341004088703,0.019463650808545,0.000000000000000,0.008056563401607,0.044311654336522,0.048224508167906,0.098510882016037,0.041615237920555,0.069496170458829,0.000000000000000,0.043108526298281,0.015265859826599,0.030609599963597,0.060957114460272,0.045279160491946,0.000000000000000,0.000000000000000,0.000000000000000,0.113124701526662,0.029373329402509,0.042052746685184,0.000000000000000,0.000000000000000,0.000000000000000,0.000000000000000,0.000000000000000,0.000000000000000,0.000000000000000,0.000000000000000,0.000000000000000,0.000000000000000,0.063948450990098,0.000000000000000,0.000000000000000,0.000000000000000,0.000000000000000,0.000000000000000,0.000000000000000,0.000000000000000,0.000000000000000,0.000000000000000,0.000000000000000,0.000000000000000,0.000000000000000
1,8,59,0.000000000000000,0.004571428571429,0.000000000000000,0.010869043253788,0.000000000000000,0.005665613650562,0.013842802316369,0.000000000000000,0.053109409004447,0.040513692359664,0.000955899126579,0.060569856105738,0.065355055029166,0.025667351129364,0.027560308065931,0.013437340255119,0.072106577856117,0.103397804597647,0.174109075075816,0.030621820428260,0.024212082183639,0.000000000000000,0.015150219264780,0.080088699733816,0.000000000000000,0.046092751264334,0.180838983120848,0.000000000000000,0.000000000000000,0.013480067868828,0.000000000000000,0.147525559494757,0.013512482663475,0.012083767766947,0.025129998734910,0.034480389601617,0.000000000000000,0.023435949556639,0.000000000000000,0.000000000000000,0.000000000000000,0.000000000000000,0.000000000000000,0.000000000000000,0.000000000000000,0.000000000000000,0.000000000000000,0.000000000000000,0.000000000000000,0.000000000000000
1,8,60,0.000000000000000,0.000000000000000,0.000000000000000,0.000000000000000,0.000000000000000,0.000000000000000,0.000000000000000,0.000000000000000,0.000000000000000,0.000000000000000,0.000000000000000,0.000000000000000,0.000000000000000,0.000000000000000,0.000000000000000,0.000000000000000,0.000000000000000,0.000000000000000,0.000000000000000,0.000000000000000,0.000000000000000,0.000000000000000,0.000000000000000,0.000000000000000,0.000000000000000,0.000000000000000,0.000000000000000,0.000000000000000,0.000000000000000,0.000000000000000,0.000000000000000,0.000000000000000,0.000000000000000,0.000000000000000,0.000000000000000,0.000000000000000,0.000000000000000,0.000000000000000,0.000000000000000,0.000000000000000,0.000000000000000,0.000000000000000,0.000000000000000,0.000000000000000,0.000000000000000,0.000000000000000,0.000000000000000,0.000000000000000,0.000000000000000,0.000000000000000
1,8,61,0.000000000000000,0.000000000000000,0.000000000000000,0.000000000000000,0.000000000000000,0.000000000000000,0.000000000000000,0.000000000000000,0.255319148936170,0.000000000000000,0.000000000000000,0.000000000000000,0.000000000000000,0.000000000000000,0.000000000000000,0.000000000000000,0.000000000000000,0.231884057971015,0.000000000000000,0.000000000000000,0.000000000000000,0.230769230769231,0.000000000000000,0.000000000000000,0.000000000000000,0.000000000000000,0.000000000000000,0.000000000000000,0.000000000000000,0.000000000000000,0.000000000000000,0.000000000000000,0.000000000000000,0.000000000000000,0.000000000000000,0.000000000000000,0.000000000000000,0.000000000000000,0.000000000000000,0.000000000000000,0.000000000000000,0.000000000000000,0.000000000000000,0.000000000000000,0.000000000000000,0.000000000000000,0.000000000000000,0.000000000000000,0.000000000000000,0.000000000000000
1,8,62,0.000000000000000,0.000000000000000,0.000000000000000,0.000000000000000,0.000000000000000,0.000000000000000,0.000000000000000,0.000000000000000,0.000000000000000,0.000000000000000,0.123595505617978,0.000000000000000,0.000000000000000,0.000000000000000,0.000000000000000,0.000000000000000,0.000000000000000,0.000000000000000,0.000000000000000,0.000000000000000,0.000000000000000,0.000000000000000,0.000000000000000,0.000000000000000,0.000000000000000,0.000000000000000,0.000000000000000,0.000000000000000,0.000000000000000,0.000000000000000,0.000000000000000,0.000000000000000,0.000000000000000,0.000000000000000,0.000000000000000,0.000000000000000,0.000000000000000,0.000000000000000,0.000000000000000,0.000000000000000,0.000000000000000,0.000000000000000,0.000000000000000,0.000000000000000,0.000000000000000,0.000000000000000,0.000000000000000,0.000000000000000,0.000000000000000,0.000000000000000
1,8,63,0.000000000000000,0.000000000000000,0.000000000000000,0.000000000000000,0.000000000000000,0.000000000000000,0.000000000000000,0.000000000000000,0.000000000000000,0.000000000000000,0.000000000000000,0.000000000000000,0.000000000000000,0.000000000000000,0.000000000000000,0.000000000000000,0.000000000000000,0.000000000000000,0.000000000000000,0.000000000000000,0.000000000000000,0.000000000000000,0.000000000000000,0.000000000000000,0.000000000000000,0.000000000000000,0.000000000000000,0.000000000000000,0.000000000000000,0.000000000000000,0.000000000000000,0.000000000000000,0.000000000000000,0.000000000000000,0.000000000000000,0.000000000000000,0.000000000000000,0.000000000000000,0.000000000000000,0.000000000000000,0.000000000000000,0.000000000000000,0.000000000000000,0.000000000000000,0.000000000000000,0.000000000000000,0.000000000000000,0.000000000000000,0.000000000000000,0.000000000000000
1,8,64,0.000000000000000,0.000000000000000,0.000000000000000,0.000000000000000,0.000000000000000,0.000000000000000,0.000000000000000,0.000000000000000,0.000000000000000,0.000000000000000,0.000000000000000,0.000000000000000,0.000000000000000,0.000000000000000,0.000000000000000,0.000000000000000,0.000000000000000,0.000000000000000,0.000000000000000,0.000000000000000,0.000000000000000,0.000000000000000,0.000000000000000,0.000000000000000,0.000000000000000,0.000000000000000,0.000000000000000,0.000000000000000,0.000000000000000,0.000000000000000,0.000000000000000,0.000000000000000,0.000000000000000,0.000000000000000,0.000000000000000,0.000000000000000,0.000000000000000,0.000000000000000,0.000000000000000,0.000000000000000,0.000000000000000,0.000000000000000,0.000000000000000,0.000000000000000,0.000000000000000,0.000000000000000,0.000000000000000,0.000000000000000,0.000000000000000,0.000000000000000
1,8,65,0.000000000000000,0.000000000000000,0.000000000000000,0.000000000000000,0.000000000000000,0.000000000000000,0.000000000000000,0.000000000000000,0.000000000000000,0.000000000000000,0.000000000000000,0.000000000000000,0.000000000000000,0.000000000000000,0.000000000000000,0.000000000000000,0.000000000000000,0.000000000000000,0.000000000000000,0.000000000000000,0.000000000000000,0.000000000000000,0.000000000000000,0.000000000000000,0.000000000000000,0.000000000000000,0.000000000000000,0.000000000000000,0.000000000000000,0.000000000000000,0.000000000000000,0.000000000000000,0.000000000000000,0.000000000000000,0.000000000000000,0.000000000000000,0.000000000000000,0.000000000000000,0.000000000000000,0.000000000000000,0.000000000000000,0.000000000000000,0.000000000000000,0.000000000000000,0.000000000000000,0.000000000000000,0.000000000000000,0.000000000000000,0.000000000000000,0.000000000000000
1,8,66,0.000000000000000,0.000000000000000,0.000000000000000,0.000000000000000,0.000000000000000,0.000000000000000,0.000000000000000,0.000000000000000,0.000000000000000,0.000000000000000,0.000000000000000,0.000000000000000,0.000000000000000,0.000000000000000,0.000000000000000,0.000000000000000,0.000000000000000,0.000000000000000,0.000000000000000,0.000000000000000,0.000000000000000,0.000000000000000,0.000000000000000,0.000000000000000,0.000000000000000,0.000000000000000,0.000000000000000,0.000000000000000,0.000000000000000,0.000000000000000,0.000000000000000,0.000000000000000,0.000000000000000,0.000000000000000,0.000000000000000,0.000000000000000,0.000000000000000,0.000000000000000,0.000000000000000,0.000000000000000,0.000000000000000,0.000000000000000,0.000000000000000,0.000000000000000,0.000000000000000,0.000000000000000,0.000000000000000,0.000000000000000,0.000000000000000,0.000000000000000
1,8,67,0.000000000000000,0.000000000000000,0.000000000000000,0.000000000000000,0.000000000000000,0.000000000000000,0.000000000000000,0.000000000000000,0.000000000000000,0.000000000000000,0.000000000000000,0.000000000000000,0.000000000000000,0.000000000000000,0.000000000000000,0.000000000000000,0.000000000000000,0.000000000000000,0.000000000000000,0.000000000000000,0.000000000000000,0.000000000000000,0.000000000000000,0.000000000000000,0.000000000000000,0.000000000000000,0.000000000000000,0.000000000000000,0.000000000000000,0.000000000000000,0.000000000000000,0.000000000000000,0.000000000000000,0.000000000000000,0.000000000000000,0.000000000000000,0.000000000000000,0.000000000000000,0.000000000000000,0.000000000000000,0.000000000000000,0.000000000000000,0.000000000000000,0.000000000000000,0.000000000000000,0.000000000000000,0.000000000000000,0.000000000000000,0.000000000000000,0.000000000000000
1,8,68,0.000000000000000,0.000000000000000,0.000000000000000,0.000000000000000,0.000000000000000,0.000000000000000,0.000000000000000,0.000000000000000,0.000000000000000,0.000000000000000,0.000000000000000,0.000000000000000,0.000000000000000,0.000000000000000,0.000000000000000,0.000000000000000,0.000000000000000,0.000000000000000,0.000000000000000,0.000000000000000,0.000000000000000,0.000000000000000,0.000000000000000,0.000000000000000,0.000000000000000,0.000000000000000,0.000000000000000,0.000000000000000,0.000000000000000,0.000000000000000,0.000000000000000,0.000000000000000,0.000000000000000,0.000000000000000,0.000000000000000,0.000000000000000,0.000000000000000,0.000000000000000,0.000000000000000,0.000000000000000,0.000000000000000,0.000000000000000,0.000000000000000,0.000000000000000,0.000000000000000,0.000000000000000,0.000000000000000,0.000000000000000,0.000000000000000,0.000000000000000
1,8,69,0.000000000000000,0.000000000000000,0.000000000000000,0.000000000000000,0.000000000000000,0.000000000000000,0.000000000000000,0.000000000000000,0.000000000000000,0.000000000000000,0.000000000000000,0.000000000000000,0.000000000000000,0.000000000000000,0.000000000000000,0.000000000000000,0.000000000000000,0.000000000000000,0.000000000000000,0.000000000000000,0.000000000000000,0.000000000000000,0.000000000000000,0.000000000000000,0.000000000000000,0.000000000000000,0.000000000000000,0.000000000000000,0.000000000000000,0.000000000000000,0.000000000000000,0.000000000000000,0.000000000000000,0.000000000000000,0.000000000000000,0.000000000000000,0.000000000000000,0.000000000000000,0.000000000000000,0.000000000000000,0.000000000000000,0.000000000000000,0.000000000000000,0.000000000000000,0.000000000000000,0.000000000000000,0.000000000000000,0.000000000000000,0.000000000000000,0.000000000000000
1,9,20,0.195004652550060,0.398949409914133,0.000000000000000,0.000000000000000,0.000000000000000,0.000000000000000,0.000000000000000,0.000000000000000,0.000000000000000,0.000000000000000,0.000000000000000,0.000000000000000,0.000000000000000,0.000000000000000,0.000000000000000,0.000000000000000,0.000000000000000,0.000000000000000,0.000000000000000,0.000000000000000,0.000000000000000,0.000000000000000,0.000000000000000,0.000000000000000,0.000000000000000,0.000000000000000,0.000000000000000,0.000000000000000,0.000000000000000,0.000000000000000,0.000000000000000,0.000000000000000,0.000000000000000,0.000000000000000,0.000000000000000,0.000000000000000,0.000000000000000,0.000000000000000,0.000000000000000,0.000000000000000,0.000000000000000,0.000000000000000,0.000000000000000,0.000000000000000,0.000000000000000,0.000000000000000,0.000000000000000,0.000000000000000,0.000000000000000,0.000000000000000
1,9,21,0.890808162486430,0.691560075318020,0.709424339552653,0.000000000000000,0.000000000000000,0.000000000000000,0.000000000000000,0.000000000000000,0.000000000000000,0.000000000000000,0.000000000000000,0.000000000000000,0.000000000000000,0.000000000000000,0.000000000000000,0.000000000000000,0.000000000000000,0.000000000000000,0.000000000000000,0.000000000000000,0.000000000000000,0.000000000000000,0.000000000000000,0.000000000000000,0.000000000000000,0.000000000000000,0.000000000000000,0.000000000000000,0.000000000000000,0.000000000000000,0.000000000000000,0.000000000000000,0.000000000000000,0.000000000000000,0.000000000000000,0.000000000000000,0.000000000000000,0.000000000000000,0.000000000000000,0.000000000000000,0.000000000000000,0.000000000000000,0.000000000000000,0.000000000000000,0.000000000000000,0.000000000000000,0.000000000000000,0.000000000000000,0.000000000000000,0.000000000000000
1,9,22,0.734382230448866,2.606879000870210,1.330466903904130,1.460112954465230,0.000000000000000,0.000000000000000,0.000000000000000,0.000000000000000,0.000000000000000,0.000000000000000,0.000000000000000,0.000000000000000,0.000000000000000,0.000000000000000,0.000000000000000,0.000000000000000,0.000000000000000,0.000000000000000,0.000000000000000,0.000000000000000,0.000000000000000,0.000000000000000,0.000000000000000,0.000000000000000,0.000000000000000,0.000000000000000,0.000000000000000,0.000000000000000,0.000000000000000,0.000000000000000,0.000000000000000,0.000000000000000,0.000000000000000,0.000000000000000,0.000000000000000,0.000000000000000,0.000000000000000,0.000000000000000,0.000000000000000,0.000000000000000,0.000000000000000,0.000000000000000,0.000000000000000,0.000000000000000,0.000000000000000,0.000000000000000,0.000000000000000,0.000000000000000,0.000000000000000,0.000000000000000
1,9,23,0.668040023543261,2.242734092504260,3.707705204917810,4.006613991385820,4.416666666666670,0.000000000000000,0.000000000000000,0.000000000000000,0.000000000000000,0.000000000000000,0.000000000000000,0.000000000000000,0.000000000000000,0.000000000000000,0.000000000000000,0.000000000000000,0.000000000000000,0.000000000000000,0.000000000000000,0.000000000000000,0.000000000000000,0.000000000000000,0.000000000000000,0.000000000000000,0.000000000000000,0.000000000000000,0.000000000000000,0.000000000000000,0.000000000000000,0.000000000000000,0.000000000000000,0.000000000000000,0.000000000000000,0.000000000000000,0.000000000000000,0.000000000000000,0.000000000000000,0.000000000000000,0.000000000000000,0.000000000000000,0.000000000000000,0.000000000000000,0.000000000000000,0.000000000000000,0.000000000000000,0.000000000000000,0.000000000000000,0.000000000000000,0.000000000000000,0.000000000000000
1,9,24,0.533549265422220,1.722651024604940,2.828238359077560,4.755336285473750,6.225514581117100,6.404797601199400,0.000000000000000,0.000000000000000,0.000000000000000,0.000000000000000,0.000000000000000,0.000000000000000,0.000000000000000,0.000000000000000,0.000000000000000,0.000000000000000,0.000000000000000,0.000000000000000,0.000000000000000,0.000000000000000,0.000000000000000,0.000000000000000,0.000000000000000,0.000000000000000,0.000000000000000,0.000000000000000,0.000000000000000,0.000000000000000,0.000000000000000,0.000000000000000,0.000000000000000,0.000000000000000,0.000000000000000,0.000000000000000,0.000000000000000,0.000000000000000,0.000000000000000,0.000000000000000,0.000000000000000,0.000000000000000,0.000000000000000,0.000000000000000,0.000000000000000,0.000000000000000,0.000000000000000,0.000000000000000,0.000000000000000,0.000000000000000,0.000000000000000,0.000000000000000
1,9,25,0.475368334662260,1.724387590368730,2.948414560583090,4.161039807208140,6.762295202763310,9.439350680371200,9.611510791366910,0.000000000000000,0.000000000000000,0.000000000000000,0.000000000000000,0.000000000000000,0.000000000000000,0.000000000000000,0.000000000000000,0.000000000000000,0.000000000000000,0.000000000000000,0.000000000000000,0.000000000000000,0.000000000000000,0.000000000000000,0.000000000000000,0.000000000000000,0.000000000000000,0.000000000000000,0.000000000000000,0.000000000000000,0.000000000000000,0.000000000000000,0.000000000000000,0.000000000000000,0.000000000000000,0.000000000000000,0.000000000000000,0.000000000000000,0.000000000000000,0.000000000000000,0.000000000000000,0.000000000000000,0.000000000000000,0.000000000000000,0.000000000000000,0.000000000000000,0.000000000000000,0.000000000000000,0.000000000000000,0.000000000000000,0.000000000000000,0.000000000000000
1,9,26,0.337055837563452,1.501023890784980,2.413816041722350,3.536894058023360,5.703486424020300,8.764625823432770,12.766747222746300,14.115183246073300,0.000000000000000,0.000000000000000,0.000000000000000,0.000000000000000,0.000000000000000,0.000000000000000,0.000000000000000,0.000000000000000,0.000000000000000,0.000000000000000,0.000000000000000,0.000000000000000,0.000000000000000,0.000000000000000,0.000000000000000,0.000000000000000,0.000000000000000,0.000000000000000,0.000000000000000,0.000000000000000,0.000000000000000,0.000000000000000,0.000000000000000,0.000000000000000,0.000000000000000,0.000000000000000,0.000000000000000,0.000000000000000,0.000000000000000,0.000000000000000,0.000000000000000,0.000000000000000,0.000000000000000,0.000000000000000,0.000000000000000,0.000000000000000,0.000000000000000,0.000000000000000,0.000000000000000,0.000000000000000,0.000000000000000,0.000000000000000
1,9,27,0.443162865027799,1.691673536685900,2.170901423489040,3.185253295851900,5.763217163512180,7.531879571221130,11.638397237861900,14.894704690863000,15.234154691668000,0.000000000000000,0.000000000000000,0.000000000000000,0.000000000000000,0.000000000000000,0.000000000000000,0.000000000000000,0.000000000000000,0.000000000000000,0.000000000000000,0.000000000000000,0.000000000000000,0.000000000000000,0.000000000000000,0.000000000000000,0.000000000000000,0.000000000000000,0.000000000000000,0.000000000000000,0.000000000000000,0.000000000000000,0.000000000000000,0.000000000000000,0.000000000000000,0.000000000000000,0.000000000000000,0.000000000000000,0.000000000000000,0.000000000000000,0.000000000000000,0.000000000000000,0.000000000000000,0.000000000000000,0.000000000000000,0.000000000000000,0.000000000000000,0.000000000000000,0.000000000000000,0.000000000000000,0.000000000000000,0.000000000000000
1,9,28,0.377358490566038,1.514946962391510,2.257872012293380,3.297390638628770,5.442780388418980,6.871840482006540,9.878248606948950,13.123149242221100,17.285714532624000,19.315034813650000,0.000000000000000,0.000000000000000,0.000000000000000,0.000000000000000,0.000000000000000,0.000000000000000,0.000000000000000,0.000000000000000,0.000000000000000,0.000000000000000,0.000000000000000,0.000000000000000,0.000000000000000,0.000000000000000,0.000000000000000,0.000000000000000,0.000000000000000,0.000000000000000,0.000000000000000,0.000000000000000,0.000000000000000,0.000000000000000,0.000000000000000,0.000000000000000,0.000000000000000,0.000000000000000,0.000000000000000,0.000000000000000,0.000000000000000,0.000000000000000,0.000000000000000,0.000000000000000,0.000000000000000,0.000000000000000,0.000000000000000,0.000000000000000,0.000000000000000,0.000000000000000,0.000000000000000,0.000000000000000
1,9,29,0.299474605954466,1.208685162846800,1.829523758769340,2.826781793857550,4.547676218220880,7.206288308599230,9.198047900854770,10.246011539584200,14.911923482068100,19.768616547286200,21.901134521880100,0.000000000000000,0.000000000000000,0.000000000000000,0.000000000000000,0.000000000000000,0.000000000000000,0.000000000000000,0.000000000000000,0.000000000000000,0.000000000000000,0.000000000000000,0.000000000000000,0.000000000000000,0.000000000000000,0.000000000000000,0.000000000000000,0.000000000000000,0.000000000000000,0.000000000000000,0.000000000000000,0.000000000000000,0.000000000000000,0.000000000000000,0.000000000000000,0.000000000000000,0.000000000000000,0.000000000000000,0.000000000000000,0.000000000000000,0.000000000000000,0.000000000000000,0.000000000000000,0.000000000000000,0.000000000000000,0.000000000000000,0.000000000000000,0.000000000000000,0.000000000000000,0.000000000000000
1,9,30,0.316091954022989,1.122728893753020,1.924126332855200,3.096746234210270,4.562407091957950,6.264550713451960,8.161107188207810,10.296479081240600,12.869611885015000,16.477450072316800,21.060368342524400,19.199559276104800,0.000000000000000,0.000000000000000,0.000000000000000,0.000000000000000,0.000000000000000,0.000000000000000,0.000000000000000,0.000000000000000,0.000000000000000,0.000000000000000,0.000000000000000,0.000000000000000,0.000000000000000,0.000000000000000,0.000000000000000,0.000000000000000,0.000000000000000,0.000000000000000,0.000000000000000,0.000000000000000,0.000000000000000,0.000000000000000,0.000000000000000,0.000000000000000,0.000000000000000,0.000000000000000,0.000000000000000,0.000000000000000,0.000000000000000,0.000000000000000,0.000000000000000,0.000000000000000,0.000000000000000,0.000000000000000,0.000000000000000,0.000000000000000,0.000000000000000,0.000000000000000
1,9,31,0.235051499688863,1.147058823529410,1.646561514670240,2.617734756275090,4.392887119816800,5.796084438435940,6.775225048157310,8.992210254732130,11.403559665642500,13.920313269097200,17.116170935437600,21.525530095273600,20.700496924134200,0.000000000000000,0.000000000000000,0.000000000000000,0.000000000000000,0.000000000000000,0.000000000000000,0.000000000000000,0.000000000000000,0.000000000000000,0.000000000000000,0.000000000000000,0.000000000000000,0.000000000000000,0.000000000000000,0.000000000000000,0.000000000000000,0.000000000000000,0.000000000000000,0.000000000000000,0.000000000000000,0.000000000000000,0.000000000000000,0.000000000000000,0.000000000000000,0.000000000000000,0.000000000000000,0.000000000000000,0.000000000000000,0.000000000000000,0.000000000000000,0.000000000000000,0.000000000000000,0.000000000000000,0.000000000000000,0.000000000000000,0.000000000000000,0.000000000000000
1,9,32,0.229357798165138,0.948575119316305,1.639744618784610,2.115194013602440,3.744116485527450,5.356198142768300,5.746807769534540,7.270463095146280,10.088161398699600,12.508137656484400,14.379514417900200,16.250059724461300,22.346223919207500,22.248718345448600,0.000000000000000,0.000000000000000,0.000000000000000,0.000000000000000,0.000000000000000,0.000000000000000,0.000000000000000,0.000000000000000,0.000000000000000,0.000000000000000,0.000000000000000,0.000000000000000,0.000000000000000,0.000000000000000,0.000000000000000,0.000000000000000,0.000000000000000,0.000000000000000,0.000000000000000,0.000000000000000,0.000000000000000,0.000000000000000,0.000000000000000,0.000000000000000,0.000000000000000,0.000000000000000,0.000000000000000,0.000000000000000,0.000000000000000,0.000000000000000,0.000000000000000,0.000000000000000,0.000000000000000,0.000000000000000,0.000000000000000,0.000000000000000
1,9,33,0.117048346055980,1.067857142857140,1.580645161290320,2.195857699528250,3.335067509063620,4.354360412085830,5.694321913072100,7.027714792555590,8.675753383515630,9.998899209019200,12.965235987992300,15.356909402470800,18.280490966888600,23.465190106066200,24.815139947124800,0.000000000000000,0.000000000000000,0.000000000000000,0.000000000000000,0.000000000000000,0.000000000000000,0.000000000000000,0.000000000000000,0.000000000000000,0.000000000000000,0.000000000000000,0.000000000000000,0.000000000000000,0.000000000000000,0.000000000000000,0.000000000000000,0.000000000000000,0.000000000000000,0.000000000000000,0.000000000000000,0.000000000000000,0.000000000000000,0.000000000000000,0.000000000000000,0.000000000000000,0.000000000000000,0.000000000000000,0.000000000000000,0.000000000000000,0.000000000000000,0.000000000000000,0.000000000000000,0.000000000000000,0.000000000000000,0.000000000000000
1,9,34,0.153034300791557,0.815314352148878,1.115906288532680,1.839170890069280,2.854366098362380,4.377694916739970,5.414653211172480,6.958849101699440,7.393269455284780,10.529723317303100,11.579078148173700,12.586639382253400,14.162813197265300,19.562837564057600,23.514860662204900,22.759529878838100,0.000000000000000,0.000000000000000,0.000000000000000,0.000000000000000,0.000000000000000,0.000000000000000,0.000000000000000,0.000000000000000,0.000000000000000,0.000000000000000,0.000000000000000,0.000000000000000,0.000000000000000,0.000000000000000,0.000000000000000,0.000000000000000,0.000000000000000,0.000000000000000,0.000000000000000,0.000000000000000,0.000000000000000,0.000000000000000,0.000000000000000,0.000000000000000,0.000000000000000,0.000000000000000,0.000000000000000,0.000000000000000,0.000000000000000,0.000000000000000,0.000000000000000,0.000000000000000,0.000000000000000,0.000000000000000
1,9,35,0.184549416780141,0.690166975881262,1.413409058336220,1.631521916176660,2.189828576734890,3.917931227488490,4.574539304014030,5.204327618468560,6.223105911824330,7.282043884237100,10.365141429176600,12.067582121344200,13.558519816147800,15.441545145990400,18.570620589680900,24.551996030973000,23.479500891265600,0.000000000000000,0.000000000000000,0.000000000000000,0.000000000000000,0.000000000000000,0.000000000000000,0.000000000000000,0.000000000000000,0.000000000000000,0.000000000000000,0.000000000000000,0.000000000000000,0.000000000000000,0.000000000000000,0.000000000000000,0.000000000000000,0.000000000000000,0.000000000000000,0.000000000000000,0.000000000000000,0.000000000000000,0.000000000000000,0.000000000000000,0.000000000000000,0.000000000000000,0.000000000000000,0.000000000000000,0.000000000000000,0.000000000000000,0.000000000000000,0.000000000000000,0.000000000000000,0.000000000000000
1,9,36,0.129985323706870,0.371541501976285,1.230599307884020,1.698284517494150,2.593160889076610,4.000180705940670,4.592919829537290,5.511422977030400,6.101883220879520,7.135114633088350,9.280944196495500,10.199257283681100,11.339320413364700,12.837841427511000,13.809326940735900,15.532351642420900,21.680662172514400,20.387096774193500,0.000000000000000,0.000000000000000,0.000000000000000,0.000000000000000,0.000000000000000,0.000000000000000,0.000000000000000,0.000000000000000,0.000000000000000,0.000000000000000,0.000000000000000,0.000000000000000,0.000000000000000,0.000000000000000,0.000000000000000,0.000000000000000,0.000000000000000,0.000000000000000,0.000000000000000,0.000000000000000,0.000000000000000,0.000000000000000,0.000000000000000,0.000000000000000,0.000000000000000,0.000000000000000,0.000000000000000,0.000000000000000,0.000000000000000,0.000000000000000,0.000000000000000,0.000000000000000
1,9,37,0.115079365079365,0.554022988505747,1.305057096247960,1.342380193299950,2.056717393358530,2.681728991963330,3.250514864789050,4.380762585874570,4.503497954003510,5.674395752360940,5.936859677150750,7.049270403760120,9.038713271118610,10.688581755365700,10.869632788029500,13.482908740632700,15.041863431657100,18.802291478200200,17.421918930533300,0.000000000000000,0.000000000000000,0.000000000000000,0.000000000000000,0.000000000000000,0.000000000000000,0.000000000000000,0.000000000000000,0.000000000000000,0.000000000000000,0.000000000000000,0.000000000000000,0.000000000000000,0.000000000000000,0.000000000000000,0.000000000000000,0.000000000000000,0.000000000000000,0.000000000000000,0.000000000000000,0.000000000000000,0.000000000000000,0.000000000000000,0.000000000000000,0.000000000000000,0.000000000000000,0.000000000000000,0.000000000000000,0.000000000000000,0.000000000000000,0.000000000000000
1,9,38,0.107279693486590,0.422110552763819,0.660062783723002,1.119200065055100,1.400220055452690,2.133701588183360,2.474766488784410,3.018903362792420,3.389111981483290,4.075273624314280,5.538744191101700,5.791069830255380,6.294484879825790,7.466243079164600,8.665191743423680,9.501947570246400,9.982853313341270,10.706450217884400,14.958436825168500,12.920312232103300,0.000000000000000,0.000000000000000,0.000000000000000,0.000000000000000,0.000000000000000,0.000000000000000,0.000000000000000,0.000000000000000,0.000000000000000,0.000000000000000,0.000000000000000,0.000000000000000,0.000000000000000,0.000000000000000,0.000000000000000,0.000000000000000,0.000000000000000,0.000000000000000,0.000000000000000,0.000000000000000,0.000000000000000,0.000000000000000,0.000000000000000,0.000000000000000,0.000000000000000,0.000000000000000,0.000000000000000,0.000000000000000,0.000000000000000,0.000000000000000
1,9,39,0.130597014925373,0.386934673366834,0.293339601373582,0.664383561643836,1.306356220215890,1.920667291373980,2.056383829831740,2.422167880881840,3.013537110134670,2.985991063740080,3.459570677780750,4.130364401752410,4.786999084892810,5.333980196587560,5.671812905545530,5.899735586783350,8.834515910495770,8.291058794719750,9.454151934362760,12.786643764936600,12.943277310924400,0.000000000000000,0.000000000000000,0.000000000000000,0.000000000000000,0.000000000000000,0.000000000000000,0.000000000000000,0.000000000000000,0.000000000000000,0.000000000000000,0.000000000000000,0.000000000000000,0.000000000000000,0.000000000000000,0.000000000000000,0.000000000000000,0.000000000000000,0.000000000000000,0.000000000000000,0.000000000000000,0.000000000000000,0.000000000000000,0.000000000000000,0.000000000000000,0.000000000000000,0.000000000000000,0.000000000000000,0.000000000000000,0.000000000000000
1,9,40,0.060150375939850,0.195054945054945,0.376762925381377,0.515392867126965,1.021283120246950,1.141087709371820,1.516256633470950,1.927665810021500,1.720669420413930,2.109802021459520,3.119227442755230,3.109979842125820,4.110524887318230,3.925516707265380,4.312711700308340,4.855605136100400,5.528230400238290,6.470311024581190,6.488692066753190,8.001355793513980,10.243084451167100,9.456131070176410,0.000000000000000,0.000000000000000,0.000000000000000,0.000000000000000,0.000000000000000,0.000000000000000,0.000000000000000,0.000000000000000,0.000000000000000,0.000000000000000,0.000000000000000,0.000000000000000,0.000000000000000,0.000000000000000,0.000000000000000,0.000000000000000,0.000000000000000,0.000000000000000,0.000000000000000,0.000000000000000,0.000000000000000,0.000000000000000,0.000000000000000,0.000000000000000,0.000000000000000,0.000000000000000,0.000000000000000,0.000000000000000
1,9,41,0.067632850241546,0.180451127819549,0.368501031996048,0.412234039362788,0.669528836697153,0.905558918448415,1.108178976709830,1.600256775970030,1.539808093059720,1.887301638766210,2.651435356138170,2.167783032757800,2.738324515284850,3.009448216508790,2.880915239515730,3.400858197085570,3.987800144767020,4.906166631956060,5.101386310635040,4.617614852857590,5.964040169258930,7.550064393364130,10.020202020202000,0.000000000000000,0.000000000000000,0.000000000000000,0.000000000000000,0.000000000000000,0.000000000000000,0.000000000000000,0.000000000000000,0.000000000000000,0.000000000000000,0.000000000000000,0.000000000000000,0.000000000000000,0.000000000000000,0.000000000000000,0.000000000000000,0.000000000000000,0.000000000000000,0.000000000000000,0.000000000000000,0.000000000000000,0.000000000000000,0.000000000000000,0.000000000000000,0.000000000000000,0.000000000000000,0.000000000000000
1,9,42,0.110236220472441,0.065389060297400,0.267782426778243,0.580223677430082,0.777542791737986,1.087230454210340,1.071152701703060,1.216583210402610,1.364349495125870,1.422620561654490,1.780039782049650,1.852593524740800,2.280362749636540,2.490021254344910,2.439031378824870,2.878065127693160,3.285967592383760,3.883068573885900,3.762559414562490,4.079019195570650,4.580356072610530,5.492781085812360,6.246421686864370,6.060237852433970,0.000000000000000,0.000000000000000,0.000000000000000,0.000000000000000,0.000000000000000,0.000000000000000,0.000000000000000,0.000000000000000,0.000000000000000,0.000000000000000,0.000000000000000,0.000000000000000,0.000000000000000,0.000000000000000,0.000000000000000,0.000000000000000,0.000000000000000,0.000000000000000,0.000000000000000,0.000000000000000,0.000000000000000,0.000000000000000,0.000000000000000,0.000000000000000,0.000000000000000,0.000000000000000
1,9,43,0.122529644268775,0.120300751879699,0.199197737151582,0.430575487923701,0.402858997919919,0.501391569361232,0.831391119012743,0.981938042179666,1.136747260204870,0.934459229697618,1.848709366349260,1.732985950131130,1.473073373219060,2.056085094854300,1.895630000257100,2.021438829893310,2.325692647411690,2.365664603289540,3.102515624300160,2.711595286296820,3.132326190580410,3.761452364019700,4.124375712405030,4.703490547639000,4.697195300831460,0.000000000000000,0.000000000000000,0.000000000000000,0.000000000000000,0.000000000000000,0.000000000000000,0.000000000000000,0.000000000000000,0.000000000000000,0.000000000000000,0.000000000000000,0.000000000000000,0.000000000000000,0.000000000000000,0.000000000000000,0.000000000000000,0.000000000000000,0.000000000000000,0.000000000000000,0.000000000000000,0.000000000000000,0.000000000000000,0.000000000000000,0.000000000000000,0.000000000000000
1,9,44,0.023076923076923,0.153846153846154,0.253234750462107,0.387687188019967,0.298310343340261,0.538293223126053,0.699007855536502,0.767550711326168,0.727088074471200,0.960288654192988,1.024746166860770,1.153962633039750,1.573463684028260,1.299455499746310,1.372392604164220,1.445440883631940,1.756319473370580,2.034229423817990,1.746091089228610,2.025843823410160,1.909020726791080,2.703788266436670,2.564754187531920,3.485790250782820,3.535833682974180,4.184826044856620,0.000000000000000,0.000000000000000,0.000000000000000,0.000000000000000,0.000000000000000,0.000000000000000,0.000000000000000,0.000000000000000,0.000000000000000,0.000000000000000,0.000000000000000,0.000000000000000,0.000000000000000,0.000000000000000,0.000000000000000,0.000000000000000,0.000000000000000,0.000000000000000,0.000000000000000,0.000000000000000,0.000000000000000,0.000000000000000,0.000000000000000,0.000000000000000
1,9,45,0.003717472118959,0.112668377615688,0.213644524236984,0.245028007196686,0.404477818880083,0.543359533235543,0.335980239926515,0.778716888057618,0.514256088123941,0.758846472326125,0.962232981058087,1.667984716988100,0.914970025398631,0.870584347015540,0.920357135214242,1.214905006619310,1.099385050933670,1.231706685585200,1.220215693175910,1.578063648741890,1.761135888773640,1.948375927400600,1.783077379494270,1.754891843777020,2.727503518645400,2.567335969835540,2.104221479111240,0.000000000000000,0.000000000000000,0.000000000000000,0.000000000000000,0.000000000000000,0.000000000000000,0.000000000000000,0.000000000000000,0.000000000000000,0.000000000000000,0.000000000000000,0.000000000000000,0.000000000000000,0.000000000000000,0.000000000000000,0.000000000000000,0.000000000000000,0.000000000000000,0.000000000000000,0.000000000000000,0.000000000000000,0.000000000000000,0.000000000000000
1,9,46,0.024137931034483,0.093253968253968,0.144795733306665,0.272818979780543,0.176368803721030,0.702811244979920,0.658679862516176,0.499915121697443,0.553548836473255,0.594843964697687,0.624031447712363,0.727012025021668,0.866424864498801,0.903868503679483,1.037394241224000,0.799807473471754,1.273261984777850,1.096895629619550,1.450680052367650,0.837796244557436,1.056525434549670,1.162490411862190,0.828597740442461,1.530454795025920,0.929408357900194,1.554695447279000,1.677857333696370,1.133003205995890,0.000000000000000,0.000000000000000,0.000000000000000,0.000000000000000,0.000000000000000,0.000000000000000,0.000000000000000,0.000000000000000,0.000000000000000,0.000000000000000,0.000000000000000,0.000000000000000,0.000000000000000,0.000000000000000,0.000000000000000,0.000000000000000,0.000000000000000,0.000000000000000,0.000000000000000,0.000000000000000,0.000000000000000,0.000000000000000
1,9,47,0.056405357504766,0.144927536231884,0.128460801096328,0.356164383561644,0.262382864792503,0.363703802080172,0.404673630157174,0.763389592792417,0.558636760714835,0.402795984454255,0.473017585300167,0.704134595612752,0.694284036793607,1.142696871020010,0.913881969497239,0.588076415252735,0.597032531414554,1.006876421778250,0.747391495541127,0.893976294392030,0.845928207972462,1.145029189012670,0.807823376766404,1.348098953938110,1.364879401300370,1.195337094654810,1.528608525154390,1.516301556432190,0.976962063718321,0.000000000000000,0.000000000000000,0.000000000000000,0.000000000000000,0.000000000000000,0.000000000000000,0.000000000000000,0.000000000000000,0.000000000000000,0.000000000000000,0.000000000000000,0.000000000000000,0.000000000000000,0.000000000000000,0.000000000000000,0.000000000000000,0.000000000000000,0.000000000000000,0.000000000000000,0.000000000000000,0.000000000000000
1,9,48,0.032710280373832,0.086821705426357,0.183449302511076,0.202218330428656,0.289695282573762,0.310408265532414,0.668857980914919,0.604688754283198,0.426907624891881,0.461400127483623,0.436753680345397,0.556870550506568,0.759264678868856,0.675262392738499,0.667741657655714,0.825637033963730,0.757638644384560,0.717372585137285,0.941178539680096,0.845966741186309,0.948783922054871,1.006254852704210,0.935463593247376,1.251130130341920,1.253313746572070,1.077521760291980,1.298906881189870,1.640092077156450,1.603649823039440,0.735102025075927,0.000000000000000,0.000000000000000,0.000000000000000,0.000000000000000,0.000000000000000,0.000000000000000,0.000000000000000,0.000000000000000,0.000000000000000,0.000000000000000,0.000000000000000,0.000000000000000,0.000000000000000,0.000000000000000,0.000000000000000,0.000000000000000,0.000000000000000,0.000000000000000,0.000000000000000,0.000000000000000
1,9,49,0.073327813835902,0.098760269711587,0.182988187015647,0.316120906801008,0.420039088860025,0.384220425630154,0.617995221623573,0.260750317540062,0.562070713469646,0.603453199189025,0.747858380548494,0.508564371491544,0.539468735368872,0.925255564943081,0.570860670575363,0.926202854800178,0.784245560062467,1.554068743662940,0.962235811757406,0.955810231308001,0.941178170080882,1.042112942037620,0.697159045846088,0.889035317550294,0.983704844790164,0.779845507603375,1.145350767729130,0.965620396031108,1.238948723199930,1.210130742855610,2.129353233830850,0.000000000000000,0.000000000000000,0.000000000000000,0.000000000000000,0.000000000000000,0.000000000000000,0.000000000000000,0.000000000000000,0.000000000000000,0.000000000000000,0.000000000000000,0.000000000000000,0.000000000000000,0.000000000000000,0.000000000000000,0.000000000000000,0.000000000000000,0.000000000000000,0.000000000000000
1,9,50,0.015384615384615,0.123116861504409,0.133053221288515,0.095103259552936,0.370147717956689,0.431682188115616,0.177844798018212,0.251142090849916,0.519150613945968,0.645523490936479,0.447588627819539,0.514318382864192,0.921062675477115,0.464825961214075,0.505609512145165,0.571562622300734,0.531182502698506,0.702886010361071,0.570607524486336,0.549546809028310,0.805394028458904,0.491412574769819,0.583410502817780,0.597932927418786,1.175473259622880,0.672544473287418,1.053911432714580,0.748173687068725,0.889617483383222,0.888207719640549,1.159706574977620,0.429859571086714,0.000000000000000,0.000000000000000,0.000000000000000,0.000000000000000,0.000000000000000,0.000000000000000,0.000000000000000,0.000000000000000,0.000000000000000,0.000000000000000,0.000000000000000,0.000000000000000,0.000000000000000,0.000000000000000,0.000000000000000,0.000000000000000,0.000000000000000,0.000000000000000
1,9,51,0.000000000000000,0.022788203753351,0.012609263295342,0.092333678453875,0.220992081213223,0.188533401266631,0.207683535909879,0.338354896913420,0.403301886792453,0.121955518407214,0.555509342841413,0.243409181928311,0.380046811022048,0.510528825960408,0.203452120654551,0.686938762004062,0.489078605960731,0.573870002505471,0.465690259872753,0.470423794783793,0.428336636976078,0.580587063943838,0.677905257501776,0.772393652173924,0.601392881998601,0.564743322265316,0.718330174996801,0.617519794589142,0.653956523577307,0.606799126991819,0.622580461168247,0.766832884107301,0.286509225697212,0.000000000000000,0.000000000000000,0.000000000000000,0.000000000000000,0.000000000000000,0.000000000000000,0.000000000000000,0.000000000000000,0.000000000000000,0.000000000000000,0.000000000000000,0.000000000000000,0.000000000000000,0.000000000000000,0.000000000000000,0.000000000000000,0.000000000000000
1,9,52,0.000000000000000,0.029940119760479,0.002380856375207,0.043900625597010,0.077768021579938,0.132472644232002,0.184486472419795,0.342188813482598,0.174770039421813,0.226707992685410,0.247723962423740,0.278266306121236,0.249319472448664,0.224073457682381,0.310868225794210,0.216679659060875,0.416620848933880,0.459275998477737,0.334891238710257,0.343891231662412,0.382942208536444,0.412898068627007,0.344216833507261,0.522729359694619,0.276272513410349,0.533354720957573,0.316449596915689,0.322816439510363,0.266236936230487,0.472114500980220,0.477792650530166,0.384837634855366,0.474806783000492,0.341137123745819,0.000000000000000,0.000000000000000,0.000000000000000,0.000000000000000,0.000000000000000,0.000000000000000,0.000000000000000,0.000000000000000,0.000000000000000,0.000000000000000,0.000000000000000,0.000000000000000,0.000000000000000,0.000000000000000,0.000000000000000,0.000000000000000
1,9,53,0.000000000000000,0.012132637089945,0.002111932418163,0.016722408026756,0.071003070970763,0.108560099917214,0.176602035079174,0.140243045516472,0.022054115412302,0.082249621680284,0.181906612054362,0.149548582675831,0.142845721030206,0.206556346205699,0.517420991918397,0.198519576012347,0.187869124927462,0.138075572399125,0.296745055170553,0.183784295102513,0.331933891673628,0.166958661240873,0.226228430683335,0.194088616718710,0.235380726398085,0.195729001167183,0.291424217161624,0.272505791539912,0.200635539586615,0.263000356425036,0.245116391834951,0.273259986490915,0.208464635863735,0.280586975359514,0.189759036144578,0.000000000000000,0.000000000000000,0.000000000000000,0.000000000000000,0.000000000000000,0.000000000000000,0.000000000000000,0.000000000000000,0.000000000000000,0.000000000000000,0.000000000000000,0.000000000000000,0.000000000000000,0.000000000000000,0.000000000000000
1,9,54,0.000000000000000,0.000922480399969,0.000000000000000,0.006171979183257,0.007641921397380,0.037775445960126,0.017646355622637,0.030803214757281,0.013816117474622,0.043468412237874,0.068040942046289,0.142324028359469,0.139042565820542,0.132901138870600,0.139349203121234,0.045070821008291,0.086781740260611,0.062855546463688,0.120789142065054,0.135794441081949,0.156196666092938,0.148017555861753,0.197218894764052,0.123711032484130,0.114344764983444,0.093372356781387,0.059724845228110,0.067115791741696,0.125293974861228,0.094082952879410,0.136627127051195,0.113704345169826,0.131582437291436,0.050181134539791,0.156916786845385,0.097402597402597,0.000000000000000,0.000000000000000,0.000000000000000,0.000000000000000,0.000000000000000,0.000000000000000,0.000000000000000,0.000000000000000,0.000000000000000,0.000000000000000,0.000000000000000,0.000000000000000,0.000000000000000,0.000000000000000
1,9,55,0.000000000000000,0.000000000000000,0.000000000000000,0.007391234725814,0.000000000000000,0.007397964753036,0.002593691877959,0.008882485103433,0.007049345417925,0.006328571233963,0.006792227893194,0.014844125771809,0.054325324645642,0.028034847525343,0.025384232075028,0.013585080883920,0.034568239882530,0.025600851392719,0.031815945943588,0.047605265612785,0.019246066107571,0.027250091208126,0.033750870184095,0.040402504465299,0.026247678601260,0.029571739693684,0.016352551884162,0.033107631664101,0.030877236125494,0.014788947265702,0.036882287810043,0.029460092183112,0.054473069680387,0.030493130526609,0.046204822135921,0.022347261482971,0.000000000000000,0.000000000000000,0.000000000000000,0.000000000000000,0.000000000000000,0.000000000000000,0.000000000000000,0.000000000000000,0.000000000000000,0.000000000000000,0.000000000000000,0.000000000000000,0.000000000000000,0.000000000000000
1,9,56,0.000000000000000,0.000000000000000,0.000000000000000,0.000000000000000,0.000000000000000,0.000000000000000,0.000000000000000,0.000000000000000,0.000000000000000,0.000000000000000,0.000000000000000,0.000000000000000,0.000000000000000,0.000000000000000,0.000000000000000,0.000000000000000,0.000000000000000,0.000000000000000,0.000000000000000,0.000000000000000,0.000000000000000,0.000000000000000,0.000000000000000,0.000000000000000,0.000000000000000,0.000000000000000,0.000000000000000,0.000000000000000,0.000000000000000,0.000000000000000,0.000000000000000,0.000000000000000,0.000000000000000,0.000000000000000,0.000000000000000,0.000000000000000,0.000000000000000,0.000000000000000,0.000000000000000,0.000000000000000,0.000000000000000,0.000000000000000,0.000000000000000,0.000000000000000,0.000000000000000,0.000000000000000,0.000000000000000,0.000000000000000,0.000000000000000,0.000000000000000
1,9,57,0.000000000000000,0.000000000000000,0.000000000000000,0.000000000000000,0.000000000000000,0.000000000000000,0.000000000000000,0.000000000000000,0.000000000000000,0.000000000000000,0.000000000000000,0.000000000000000,0.000000000000000,0.000000000000000,0.000000000000000,0.000000000000000,0.000000000000000,0.000000000000000,0.000000000000000,0.000000000000000,0.000000000000000,0.000000000000000,0.000000000000000,0.000000000000000,0.000000000000000,0.000000000000000,0.000000000000000,0.000000000000000,0.000000000000000,0.000000000000000,0.000000000000000,0.000000000000000,0.000000000000000,0.000000000000000,0.000000000000000,0.000000000000000,0.000000000000000,0.000000000000000,0.000000000000000,0.000000000000000,0.000000000000000,0.000000000000000,0.000000000000000,0.000000000000000,0.000000000000000,0.000000000000000,0.000000000000000,0.000000000000000,0.000000000000000,0.000000000000000
1,9,58,0.000000000000000,0.000000000000000,0.000000000000000,0.000000000000000,0.000000000000000,0.000000000000000,0.000000000000000,0.000000000000000,0.000000000000000,0.000000000000000,0.000000000000000,0.000000000000000,0.000000000000000,0.000000000000000,0.000000000000000,0.000000000000000,0.000000000000000,0.000000000000000,0.000000000000000,0.000000000000000,0.000000000000000,0.000000000000000,0.000000000000000,0.000000000000000,0.000000000000000,0.000000000000000,0.000000000000000,0.000000000000000,0.000000000000000,0.000000000000000,0.000000000000000,0.000000000000000,0.000000000000000,0.000000000000000,0.000000000000000,0.000000000000000,0.000000000000000,0.000000000000000,0.000000000000000,0.000000000000000,0.000000000000000,0.000000000000000,0.000000000000000,0.000000000000000,0.000000000000000,0.000000000000000,0.000000000000000,0.000000000000000,0.000000000000000,0.000000000000000
1,9,59,0.000000000000000,0.000000000000000,0.000000000000000,0.000000000000000,0.000000000000000,0.000000000000000,0.000000000000000,0.000000000000000,0.000000000000000,0.000000000000000,0.000000000000000,0.000000000000000,0.000000000000000,0.000000000000000,0.000000000000000,0.000000000000000,0.000000000000000,0.000000000000000,0.000000000000000,0.000000000000000,0.000000000000000,0.000000000000000,0.000000000000000,0.000000000000000,0.000000000000000,0.000000000000000,0.000000000000000,0.000000000000000,0.000000000000000,0.000000000000000,0.000000000000000,0.000000000000000,0.000000000000000,0.000000000000000,0.000000000000000,0.000000000000000,0.000000000000000,0.000000000000000,0.000000000000000,0.000000000000000,0.000000000000000,0.000000000000000,0.000000000000000,0.000000000000000,0.000000000000000,0.000000000000000,0.000000000000000,0.000000000000000,0.000000000000000,0.000000000000000
1,9,60,0.000000000000000,0.000000000000000,0.000000000000000,0.000000000000000,0.000000000000000,0.000000000000000,0.000000000000000,0.000000000000000,0.000000000000000,0.000000000000000,0.000000000000000,0.000000000000000,0.000000000000000,0.000000000000000,0.000000000000000,0.000000000000000,0.000000000000000,0.000000000000000,0.000000000000000,0.000000000000000,0.000000000000000,0.000000000000000,0.000000000000000,0.000000000000000,0.000000000000000,0.000000000000000,0.000000000000000,0.000000000000000,0.000000000000000,0.000000000000000,0.000000000000000,0.000000000000000,0.000000000000000,0.000000000000000,0.000000000000000,0.000000000000000,0.000000000000000,0.000000000000000,0.000000000000000,0.000000000000000,0.000000000000000,0.000000000000000,0.000000000000000,0.000000000000000,0.000000000000000,0.000000000000000,0.000000000000000,0.000000000000000,0.000000000000000,0.000000000000000
1,9,61,0.000000000000000,0.000000000000000,0.000000000000000,0.000000000000000,0.000000000000000,0.000000000000000,0.000000000000000,0.000000000000000,0.000000000000000,0.000000000000000,0.000000000000000,0.000000000000000,0.000000000000000,0.000000000000000,0.000000000000000,0.000000000000000,0.000000000000000,0.000000000000000,0.000000000000000,0.000000000000000,0.000000000000000,0.000000000000000,0.000000000000000,0.000000000000000,0.000000000000000,0.000000000000000,0.000000000000000,0.000000000000000,0.000000000000000,0.000000000000000,0.000000000000000,0.000000000000000,0.000000000000000,0.000000000000000,0.000000000000000,0.000000000000000,0.000000000000000,0.000000000000000,0.000000000000000,0.000000000000000,0.000000000000000,0.000000000000000,0.000000000000000,0.000000000000000,0.000000000000000,0.000000000000000,0.000000000000000,0.000000000000000,0.000000000000000,0.000000000000000
1,9,62,0.000000000000000,0.000000000000000,0.000000000000000,0.000000000000000,0.000000000000000,0.000000000000000,0.000000000000000,0.000000000000000,0.000000000000000,0.000000000000000,0.000000000000000,0.000000000000000,0.000000000000000,0.000000000000000,0.000000000000000,0.000000000000000,0.000000000000000,0.000000000000000,0.000000000000000,0.000000000000000,0.000000000000000,0.000000000000000,0.000000000000000,0.000000000000000,0.000000000000000,0.000000000000000,0.000000000000000,0.000000000000000,0.000000000000000,0.000000000000000,0.000000000000000,0.000000000000000,0.000000000000000,0.000000000000000,0.000000000000000,0.000000000000000,0.000000000000000,0.000000000000000,0.000000000000000,0.000000000000000,0.000000000000000,0.000000000000000,0.000000000000000,0.000000000000000,0.000000000000000,0.000000000000000,0.000000000000000,0.000000000000000,0.000000000000000,0.000000000000000
1,9,63,0.000000000000000,0.000000000000000,0.000000000000000,0.000000000000000,0.000000000000000,0.000000000000000,0.000000000000000,0.000000000000000,0.000000000000000,0.000000000000000,0.000000000000000,0.000000000000000,0.000000000000000,0.000000000000000,0.000000000000000,0.000000000000000,0.000000000000000,0.000000000000000,0.000000000000000,0.000000000000000,0.000000000000000,0.000000000000000,0.000000000000000,0.000000000000000,0.000000000000000,0.000000000000000,0.000000000000000,0.000000000000000,0.000000000000000,0.000000000000000,0.000000000000000,0.000000000000000,0.000000000000000,0.000000000000000,0.000000000000000,0.000000000000000,0.000000000000000,0.000000000000000,0.000000000000000,0.000000000000000,0.000000000000000,0.000000000000000,0.000000000000000,0.000000000000000,0.000000000000000,0.000000000000000,0.000000000000000,0.000000000000000,0.000000000000000,0.000000000000000
1,9,64,0.000000000000000,0.000000000000000,0.000000000000000,0.000000000000000,0.000000000000000,0.000000000000000,0.000000000000000,0.000000000000000,0.000000000000000,0.000000000000000,0.000000000000000,0.000000000000000,0.000000000000000,0.000000000000000,0.000000000000000,0.000000000000000,0.000000000000000,0.000000000000000,0.000000000000000,0.000000000000000,0.000000000000000,0.000000000000000,0.000000000000000,0.000000000000000,0.000000000000000,0.000000000000000,0.000000000000000,0.000000000000000,0.000000000000000,0.000000000000000,0.000000000000000,0.000000000000000,0.000000000000000,0.000000000000000,0.000000000000000,0.000000000000000,0.000000000000000,0.000000000000000,0.000000000000000,0.000000000000000,0.000000000000000,0.000000000000000,0.000000000000000,0.000000000000000,0.000000000000000,0.000000000000000,0.000000000000000,0.000000000000000,0.000000000000000,0.000000000000000
1,9,65,0.000000000000000,0.000000000000000,0.000000000000000,0.000000000000000,0.000000000000000,0.000000000000000,0.000000000000000,0.000000000000000,0.000000000000000,0.000000000000000,0.000000000000000,0.000000000000000,0.000000000000000,0.000000000000000,0.000000000000000,0.000000000000000,0.000000000000000,0.000000000000000,0.000000000000000,0.000000000000000,0.000000000000000,0.000000000000000,0.000000000000000,0.000000000000000,0.000000000000000,0.000000000000000,0.000000000000000,0.000000000000000,0.000000000000000,0.000000000000000,0.000000000000000,0.000000000000000,0.000000000000000,0.000000000000000,0.000000000000000,0.000000000000000,0.000000000000000,0.000000000000000,0.000000000000000,0.000000000000000,0.000000000000000,0.000000000000000,0.000000000000000,0.000000000000000,0.000000000000000,0.000000000000000,0.000000000000000,0.000000000000000,0.000000000000000,0.000000000000000
1,9,66,0.000000000000000,0.000000000000000,0.000000000000000,0.000000000000000,0.000000000000000,0.000000000000000,0.000000000000000,0.000000000000000,0.000000000000000,0.000000000000000,0.000000000000000,0.000000000000000,0.000000000000000,0.000000000000000,0.000000000000000,0.000000000000000,0.000000000000000,0.000000000000000,0.000000000000000,0.000000000000000,0.000000000000000,0.000000000000000,0.000000000000000,0.000000000000000,0.000000000000000,0.000000000000000,0.000000000000000,0.000000000000000,0.000000000000000,0.000000000000000,0.000000000000000,0.000000000000000,0.000000000000000,0.000000000000000,0.000000000000000,0.000000000000000,0.000000000000000,0.000000000000000,0.000000000000000,0.000000000000000,0.000000000000000,0.000000000000000,0.000000000000000,0.000000000000000,0.000000000000000,0.000000000000000,0.000000000000000,0.000000000000000,0.000000000000000,0.000000000000000
1,9,67,0.000000000000000,0.000000000000000,0.000000000000000,0.000000000000000,0.000000000000000,0.000000000000000,0.000000000000000,0.000000000000000,0.000000000000000,0.000000000000000,0.000000000000000,0.000000000000000,0.000000000000000,0.000000000000000,0.000000000000000,0.000000000000000,0.000000000000000,0.000000000000000,0.000000000000000,0.000000000000000,0.000000000000000,0.000000000000000,0.000000000000000,0.000000000000000,0.000000000000000,0.000000000000000,0.000000000000000,0.000000000000000,0.000000000000000,0.000000000000000,0.000000000000000,0.000000000000000,0.000000000000000,0.000000000000000,0.000000000000000,0.000000000000000,0.000000000000000,0.000000000000000,0.000000000000000,0.000000000000000,0.000000000000000,0.000000000000000,0.000000000000000,0.000000000000000,0.000000000000000,0.000000000000000,0.000000000000000,0.000000000000000,0.000000000000000,0.000000000000000
1,9,68,0.000000000000000,0.000000000000000,0.000000000000000,0.000000000000000,0.000000000000000,0.000000000000000,0.000000000000000,0.000000000000000,0.000000000000000,0.000000000000000,0.000000000000000,0.000000000000000,0.000000000000000,0.000000000000000,0.000000000000000,0.000000000000000,0.000000000000000,0.000000000000000,0.000000000000000,0.000000000000000,0.000000000000000,0.000000000000000,0.000000000000000,0.000000000000000,0.000000000000000,0.000000000000000,0.000000000000000,0.000000000000000,0.000000000000000,0.000000000000000,0.000000000000000,0.000000000000000,0.000000000000000,0.000000000000000,0.000000000000000,0.000000000000000,0.000000000000000,0.000000000000000,0.000000000000000,0.000000000000000,0.000000000000000,0.000000000000000,0.000000000000000,0.000000000000000,0.000000000000000,0.000000000000000,0.000000000000000,0.000000000000000,0.000000000000000,0.000000000000000
1,9,69,0.000000000000000,0.000000000000000,0.000000000000000,0.000000000000000,0.000000000000000,0.000000000000000,0.000000000000000,0.000000000000000,0.000000000000000,0.000000000000000,0.000000000000000,0.000000000000000,0.000000000000000,0.000000000000000,0.000000000000000,0.000000000000000,0.000000000000000,0.000000000000000,0.000000000000000,0.000000000000000,0.000000000000000,0.000000000000000,0.000000000000000,0.000000000000000,0.000000000000000,0.000000000000000,0.000000000000000,0.000000000000000,0.000000000000000,0.000000000000000,0.000000000000000,0.000000000000000,0.000000000000000,0.000000000000000,0.000000000000000,0.000000000000000,0.000000000000000,0.000000000000000,0.000000000000000,0.000000000000000,0.000000000000000,0.000000000000000,0.000000000000000,0.000000000000000,0.000000000000000,0.000000000000000,0.000000000000000,0.000000000000000,0.000000000000000,0.000000000000000
1,10,20,0.085280826647234,0.120490652176695,0.000000000000000,0.000000000000000,0.000000000000000,0.000000000000000,0.000000000000000,0.000000000000000,0.000000000000000,0.000000000000000,0.000000000000000,0.000000000000000,0.000000000000000,0.000000000000000,0.000000000000000,0.000000000000000,0.000000000000000,0.000000000000000,0.000000000000000,0.000000000000000,0.000000000000000,0.000000000000000,0.000000000000000,0.000000000000000,0.000000000000000,0.000000000000000,0.000000000000000,0.000000000000000,0.000000000000000,0.000000000000000,0.000000000000000,0.000000000000000,0.000000000000000,0.000000000000000,0.000000000000000,0.000000000000000,0.000000000000000,0.000000000000000,0.000000000000000,0.000000000000000,0.000000000000000,0.000000000000000,0.000000000000000,0.000000000000000,0.000000000000000,0.000000000000000,0.000000000000000,0.000000000000000,0.000000000000000,0.000000000000000
1,10,21,0.024459117871693,0.191269306175481,0.215600395289305,0.000000000000000,0.000000000000000,0.000000000000000,0.000000000000000,0.000000000000000,0.000000000000000,0.000000000000000,0.000000000000000,0.000000000000000,0.000000000000000,0.000000000000000,0.000000000000000,0.000000000000000,0.000000000000000,0.000000000000000,0.000000000000000,0.000000000000000,0.000000000000000,0.000000000000000,0.000000000000000,0.000000000000000,0.000000000000000,0.000000000000000,0.000000000000000,0.000000000000000,0.000000000000000,0.000000000000000,0.000000000000000,0.000000000000000,0.000000000000000,0.000000000000000,0.000000000000000,0.000000000000000,0.000000000000000,0.000000000000000,0.000000000000000,0.000000000000000,0.000000000000000,0.000000000000000,0.000000000000000,0.000000000000000,0.000000000000000,0.000000000000000,0.000000000000000,0.000000000000000,0.000000000000000,0.000000000000000
1,10,22,0.026376677464137,0.073522701626214,0.434921279421917,0.629368160960113,0.000000000000000,0.000000000000000,0.000000000000000,0.000000000000000,0.000000000000000,0.000000000000000,0.000000000000000,0.000000000000000,0.000000000000000,0.000000000000000,0.000000000000000,0.000000000000000,0.000000000000000,0.000000000000000,0.000000000000000,0.000000000000000,0.000000000000000,0.000000000000000,0.000000000000000,0.000000000000000,0.000000000000000,0.000000000000000,0.000000000000000,0.000000000000000,0.000000000000000,0.000000000000000,0.000000000000000,0.000000000000000,0.000000000000000,0.000000000000000,0.000000000000000,0.000000000000000,0.000000000000000,0.000000000000000,0.000000000000000,0.000000000000000,0.000000000000000,0.000000000000000,0.000000000000000,0.000000000000000,0.000000000000000,0.000000000000000,0.000000000000000,0.000000000000000,0.000000000000000,0.000000000000000
1,10,23,0.025897586815774,0.085797739705581,0.219431869282886,0.777322485732828,0.842644320297952,0.000000000000000,0.000000000000000,0.000000000000000,0.000000000000000,0.000000000000000,0.000000000000000,0.000000000000000,0.000000000000000,0.000000000000000,0.000000000000000,0.000000000000000,0.000000000000000,0.000000000000000,0.000000000000000,0.000000000000000,0.000000000000000,0.000000000000000,0.000000000000000,0.000000000000000,0.000000000000000,0.000000000000000,0.000000000000000,0.000000000000000,0.000000000000000,0.000000000000000,0.000000000000000,0.000000000000000,0.000000000000000,0.000000000000000,0.000000000000000,0.000000000000000,0.000000000000000,0.000000000000000,0.000000000000000,0.000000000000000,0.000000000000000,0.000000000000000,0.000000000000000,0.000000000000000,0.000000000000000,0.000000000000000,0.000000000000000,0.000000000000000,0.000000000000000,0.000000000000000
1,10,24,0.029567369487743,0.107011099863114,0.246502021409124,0.417407744450420,1.028730312709440,1.575712143928040,0.000000000000000,0.000000000000000,0.000000000000000,0.000000000000000,0.000000000000000,0.000000000000000,0.000000000000000,0.000000000000000,0.000000000000000,0.000000000000000,0.000000000000000,0.000000000000000,0.000000000000000,0.000000000000000,0.000000000000000,0.000000000000000,0.000000000000000,0.000000000000000,0.000000000000000,0.000000000000000,0.000000000000000,0.000000000000000,0.000000000000000,0.000000000000000,0.000000000000000,0.000000000000000,0.000000000000000,0.000000000000000,0.000000000000000,0.000000000000000,0.000000000000000,0.000000000000000,0.000000000000000,0.000000000000000,0.000000000000000,0.000000000000000,0.000000000000000,0.000000000000000,0.000000000000000,0.000000000000000,0.000000000000000,0.000000000000000,0.000000000000000,0.000000000000000
1,10,25,0.034803753073487,0.114844985236823,0.233616004174580,0.401704159682401,0.564500486302572,1.249141811942740,1.328879753340180,0.000000000000000,0.000000000000000,0.000000000000000,0.000000000000000,0.000000000000000,0.000000000000000,0.000000000000000,0.000000000000000,0.000000000000000,0.000000000000000,0.000000000000000,0.000000000000000,0.000000000000000,0.000000000000000,0.000000000000000,0.000000000000000,0.000000000000000,0.000000000000000,0.000000000000000,0.000000000000000,0.000000000000000,0.000000000000000,0.000000000000000,0.000000000000000,0.000000000000000,0.000000000000000,0.000000000000000,0.000000000000000,0.000000000000000,0.000000000000000,0.000000000000000,0.000000000000000,0.000000000000000,0.000000000000000,0.000000000000000,0.000000000000000,0.000000000000000,0.000000000000000,0.000000000000000,0.000000000000000,0.000000000000000,0.000000000000000,0.000000000000000
1,10,26,0.046700507614213,0.082593856655290,0.217872335311975,0.508879317446333,0.727666023516175,0.728681386417916,1.277710069872630,1.231675392670160,0.000000000000000,0.000000000000000,0.000000000000000,0.000000000000000,0.000000000000000,0.000000000000000,0.000000000000000,0.000000000000000,0.000000000000000,0.000000000000000,0.000000000000000,0.000000000000000,0.000000000000000,0.000000000000000,0.000000000000000,0.000000000000000,0.000000000000000,0.000000000000000,0.000000000000000,0.000000000000000,0.000000000000000,0.000000000000000,0.000000000000000,0.000000000000000,0.000000000000000,0.000000000000000,0.000000000000000,0.000000000000000,0.000000000000000,0.000000000000000,0.000000000000000,0.000000000000000,0.000000000000000,0.000000000000000,0.000000000000000,0.000000000000000,0.000000000000000,0.000000000000000,0.000000000000000,0.000000000000000,0.000000000000000,0.000000000000000
1,10,27,0.053028035131532,0.140972794723825,0.235144192047960,0.420949796708475,0.723773742186208,0.735104512190026,0.913132216560099,1.302597897332540,0.828371225387041,0.000000000000000,0.000000000000000,0.000000000000000,0.000000000000000,0.000000000000000,0.000000000000000,0.000000000000000,0.000000000000000,0.000000000000000,0.000000000000000,0.000000000000000,0.000000000000000,0.000000000000000,0.000000000000000,0.000000000000000,0.000000000000000,0.000000000000000,0.000000000000000,0.000000000000000,0.000000000000000,0.000000000000000,0.000000000000000,0.000000000000000,0.000000000000000,0.000000000000000,0.000000000000000,0.000000000000000,0.000000000000000,0.000000000000000,0.000000000000000,0.000000000000000,0.000000000000000,0.000000000000000,0.000000000000000,0.000000000000000,0.000000000000000,0.000000000000000,0.000000000000000,0.000000000000000,0.000000000000000,0.000000000000000
1,10,28,0.056603773584906,0.135969141755063,0.278548977685820,0.567044637313125,0.538352037487868,0.807814378215951,0.941611146061019,1.105027469768300,1.526880044780690,1.386579396490040,0.000000000000000,0.000000000000000,0.000000000000000,0.000000000000000,0.000000000000000,0.000000000000000,0.000000000000000,0.000000000000000,0.000000000000000,0.000000000000000,0.000000000000000,0.000000000000000,0.000000000000000,0.000000000000000,0.000000000000000,0.000000000000000,0.000000000000000,0.000000000000000,0.000000000000000,0.000000000000000,0.000000000000000,0.000000000000000,0.000000000000000,0.000000000000000,0.000000000000000,0.000000000000000,0.000000000000000,0.000000000000000,0.000000000000000,0.000000000000000,0.000000000000000,0.000000000000000,0.000000000000000,0.000000000000000,0.000000000000000,0.000000000000000,0.000000000000000,0.000000000000000,0.000000000000000,0.000000000000000
1,10,29,0.031523642732049,0.126658624849216,0.292599291066471,0.601447824242349,0.616339076807463,0.687499999219953,0.849730704605337,0.966765811028088,1.065143568130840,1.620724236680020,2.325769854132900,0.000000000000000,0.000000000000000,0.000000000000000,0.000000000000000,0.000000000000000,0.000000000000000,0.000000000000000,0.000000000000000,0.000000000000000,0.000000000000000,0.000000000000000,0.000000000000000,0.000000000000000,0.000000000000000,0.000000000000000,0.000000000000000,0.000000000000000,0.000000000000000,0.000000000000000,0.000000000000000,0.000000000000000,0.000000000000000,0.000000000000000,0.000000000000000,0.000000000000000,0.000000000000000,0.000000000000000,0.000000000000000,0.000000000000000,0.000000000000000,0.000000000000000,0.000000000000000,0.000000000000000,0.000000000000000,0.000000000000000,0.000000000000000,0.000000000000000,0.000000000000000,0.000000000000000
1,10,30,0.032567049808429,0.128159302972996,0.227890513513211,0.630161771193776,0.705404430401154,0.960159742086645,0.993160454855167,0.978925047442380,1.550807905408640,1.280479107661940,1.877765028673750,1.153929653723880,0.000000000000000,0.000000000000000,0.000000000000000,0.000000000000000,0.000000000000000,0.000000000000000,0.000000000000000,0.000000000000000,0.000000000000000,0.000000000000000,0.000000000000000,0.000000000000000,0.000000000000000,0.000000000000000,0.000000000000000,0.000000000000000,0.000000000000000,0.000000000000000,0.000000000000000,0.000000000000000,0.000000000000000,0.000000000000000,0.000000000000000,0.000000000000000,0.000000000000000,0.000000000000000,0.000000000000000,0.000000000000000,0.000000000000000,0.000000000000000,0.000000000000000,0.000000000000000,0.000000000000000,0.000000000000000,0.000000000000000,0.000000000000000,0.000000000000000,0.000000000000000
1,10,31,0.085941672818001,0.194444444444444,0.420213721382116,0.540594094578370,0.776879568008313,1.291238487913970,1.695830681455250,1.069868355959480,1.390380878613700,1.267488977209570,1.831484154806510,2.703422526062910,3.131327989758490,0.000000000000000,0.000000000000000,0.000000000000000,0.000000000000000,0.000000000000000,0.000000000000000,0.000000000000000,0.000000000000000,0.000000000000000,0.000000000000000,0.000000000000000,0.000000000000000,0.000000000000000,0.000000000000000,0.000000000000000,0.000000000000000,0.000000000000000,0.000000000000000,0.000000000000000,0.000000000000000,0.000000000000000,0.000000000000000,0.000000000000000,0.000000000000000,0.000000000000000,0.000000000000000,0.000000000000000,0.000000000000000,0.000000000000000,0.000000000000000,0.000000000000000,0.000000000000000,0.000000000000000,0.000000000000000,0.000000000000000,0.000000000000000,0.000000000000000
1,10,32,0.052752293577982,0.251697730215698,0.416181138121161,0.481588802500900,0.645540741370379,0.819262396129727,1.065764346572720,1.421631789084950,1.958634378627900,1.870843566812230,2.054698418793470,2.718678443861490,2.582192156729440,2.287283205276190,0.000000000000000,0.000000000000000,0.000000000000000,0.000000000000000,0.000000000000000,0.000000000000000,0.000000000000000,0.000000000000000,0.000000000000000,0.000000000000000,0.000000000000000,0.000000000000000,0.000000000000000,0.000000000000000,0.000000000000000,0.000000000000000,0.000000000000000,0.000000000000000,0.000000000000000,0.000000000000000,0.000000000000000,0.000000000000000,0.000000000000000,0.000000000000000,0.000000000000000,0.000000000000000,0.000000000000000,0.000000000000000,0.000000000000000,0.000000000000000,0.000000000000000,0.000000000000000,0.000000000000000,0.000000000000000,0.000000000000000,0.000000000000000
1,10,33,0.043256997455471,0.219642857142857,0.441687344913151,0.538109553277722,0.803283953776106,1.137725756552170,1.056507396139060,1.719513361114640,1.732496014321670,2.211029716738670,1.768023663265870,2.468974281238870,2.212807871153570,2.932508791937890,3.761817387480530,0.000000000000000,0.000000000000000,0.000000000000000,0.000000000000000,0.000000000000000,0.000000000000000,0.000000000000000,0.000000000000000,0.000000000000000,0.000000000000000,0.000000000000000,0.000000000000000,0.000000000000000,0.000000000000000,0.000000000000000,0.000000000000000,0.000000000000000,0.000000000000000,0.000000000000000,0.000000000000000,0.000000000000000,0.000000000000000,0.000000000000000,0.000000000000000,0.000000000000000,0.000000000000000,0.000000000000000,0.000000000000000,0.000000000000000,0.000000000000000,0.000000000000000,0.000000000000000,0.000000000000000,0.000000000000000,0.000000000000000
1,10,34,0.052770448548813,0.209138751653420,0.263871763255240,0.479878422176727,0.548885167724126,1.435254689628140,1.932935015556270,1.240963914952780,1.358376770742720,2.314291368434480,2.979705477954510,3.405536309297160,2.587063434036640,2.788179261485380,3.142979419413090,4.654890979077160,0.000000000000000,0.000000000000000,0.000000000000000,0.000000000000000,0.000000000000000,0.000000000000000,0.000000000000000,0.000000000000000,0.000000000000000,0.000000000000000,0.000000000000000,0.000000000000000,0.000000000000000,0.000000000000000,0.000000000000000,0.000000000000000,0.000000000000000,0.000000000000000,0.000000000000000,0.000000000000000,0.000000000000000,0.000000000000000,0.000000000000000,0.000000000000000,0.000000000000000,0.000000000000000,0.000000000000000,0.000000000000000,0.000000000000000,0.000000000000000,0.000000000000000,0.000000000000000,0.000000000000000,0.000000000000000
1,10,35,0.122686639062926,0.205936920222634,0.357179051573021,0.605757978997912,0.626167260161410,1.383872163240890,1.592362203719330,1.925853363336040,1.310113062643000,1.851724386836060,2.363982321651210,3.270669146836510,2.563355566827800,3.187994067799550,2.610302556633650,3.244572919596430,3.504456327985740,0.000000000000000,0.000000000000000,0.000000000000000,0.000000000000000,0.000000000000000,0.000000000000000,0.000000000000000,0.000000000000000,0.000000000000000,0.000000000000000,0.000000000000000,0.000000000000000,0.000000000000000,0.000000000000000,0.000000000000000,0.000000000000000,0.000000000000000,0.000000000000000,0.000000000000000,0.000000000000000,0.000000000000000,0.000000000000000,0.000000000000000,0.000000000000000,0.000000000000000,0.000000000000000,0.000000000000000,0.000000000000000,0.000000000000000,0.000000000000000,0.000000000000000,0.000000000000000,0.000000000000000
1,10,36,0.066659140362497,0.296442687747036,0.458430475579612,0.574717597362446,0.751308301258312,0.896573212914887,1.616322121797180,1.835804426097360,1.966210489733780,2.351686337292350,3.492043355742470,2.164144615862790,3.670487225090740,3.772872439754420,3.572778173910640,2.626922426863650,3.762188034183890,3.037950664136620,0.000000000000000,0.000000000000000,0.000000000000000,0.000000000000000,0.000000000000000,0.000000000000000,0.000000000000000,0.000000000000000,0.000000000000000,0.000000000000000,0.000000000000000,0.000000000000000,0.000000000000000,0.000000000000000,0.000000000000000,0.000000000000000,0.000000000000000,0.000000000000000,0.000000000000000,0.000000000000000,0.000000000000000,0.000000000000000,0.000000000000000,0.000000000000000,0.000000000000000,0.000000000000000,0.000000000000000,0.000000000000000,0.000000000000000,0.000000000000000,0.000000000000000,0.000000000000000
1,10,37,0.083333333333333,0.324137931034483,0.326264274061990,0.774387435923271,1.265290673172250,1.340037576181490,1.294753204705990,2.335574479500010,1.834411143366010,2.449562899055490,2.323716994955160,2.938752751951320,2.997071176404030,3.272870308786260,3.517089896225510,3.491793540406990,4.311700128389860,3.754832518577670,4.669865712957030,0.000000000000000,0.000000000000000,0.000000000000000,0.000000000000000,0.000000000000000,0.000000000000000,0.000000000000000,0.000000000000000,0.000000000000000,0.000000000000000,0.000000000000000,0.000000000000000,0.000000000000000,0.000000000000000,0.000000000000000,0.000000000000000,0.000000000000000,0.000000000000000,0.000000000000000,0.000000000000000,0.000000000000000,0.000000000000000,0.000000000000000,0.000000000000000,0.000000000000000,0.000000000000000,0.000000000000000,0.000000000000000,0.000000000000000,0.000000000000000,0.000000000000000
1,10,38,0.084291187739464,0.314070351758794,0.555274021140393,0.607454233709393,1.043179403315560,1.417012972588680,1.558236316865380,2.034935353914050,2.299947451251980,2.356874172699140,2.672747408033100,2.886839700499260,4.375432829551150,2.851035535482890,4.254256781531260,3.906245546568710,3.951161423527080,4.320414746941640,4.151956958500740,4.140114933132660,0.000000000000000,0.000000000000000,0.000000000000000,0.000000000000000,0.000000000000000,0.000000000000000,0.000000000000000,0.000000000000000,0.000000000000000,0.000000000000000,0.000000000000000,0.000000000000000,0.000000000000000,0.000000000000000,0.000000000000000,0.000000000000000,0.000000000000000,0.000000000000000,0.000000000000000,0.000000000000000,0.000000000000000,0.000000000000000,0.000000000000000,0.000000000000000,0.000000000000000,0.000000000000000,0.000000000000000,0.000000000000000,0.000000000000000,0.000000000000000
1,10,39,0.093283582089552,0.236180904522613,0.697373391944742,0.716438356164384,0.991159490729544,1.478393492241340,1.539125085828070,1.783946599571550,2.357553792353670,2.739346614498610,2.326212776215420,3.885318013387800,3.936400498026470,3.986039502573720,4.420567522155690,4.473174478675180,4.360799911138190,5.301836434420000,4.015748358688440,4.550394210093740,3.407563025210080,0.000000000000000,0.000000000000000,0.000000000000000,0.000000000000000,0.000000000000000,0.000000000000000,0.000000000000000,0.000000000000000,0.000000000000000,0.000000000000000,0.000000000000000,0.000000000000000,0.000000000000000,0.000000000000000,0.000000000000000,0.000000000000000,0.000000000000000,0.000000000000000,0.000000000000000,0.000000000000000,0.000000000000000,0.000000000000000,0.000000000000000,0.000000000000000,0.000000000000000,0.000000000000000,0.000000000000000,0.000000000000000,0.000000000000000
1,10,40,0.127819548872180,0.186813186813187,0.666031142972765,0.885418515320684,1.097293102770460,1.489694220868330,1.692606744573120,2.043960176494440,2.588200141317320,2.704585342197180,2.739525937690220,3.375902973829520,3.807184357358250,4.938919405099080,4.660040954803480,5.394071529412040,5.261817345106750,5.644053723523630,5.006175354725460,4.766177332883140,4.772337327883400,3.931824733487190,0.000000000000000,0.000000000000000,0.000000000000000,0.000000000000000,0.000000000000000,0.000000000000000,0.000000000000000,0.000000000000000,0.000000000000000,0.000000000000000,0.000000000000000,0.000000000000000,0.000000000000000,0.000000000000000,0.000000000000000,0.000000000000000,0.000000000000000,0.000000000000000,0.000000000000000,0.000000000000000,0.000000000000000,0.000000000000000,0.000000000000000,0.000000000000000,0.000000000000000,0.000000000000000,0.000000000000000,0.000000000000000
1,10,41,0.144927536231884,0.345864661654135,0.687439237622197,0.852898012474734,1.467927161873620,1.423762504828010,2.018799646758300,2.102947723902400,2.559933463631080,2.796142533318450,3.089245662937960,4.267149670295310,3.547848921013120,6.069026595231680,5.847288327209660,6.114359886506870,6.428566915947260,4.999519529975880,4.808303197861560,4.372669548592590,5.729952929207940,5.321770717505560,5.806060606060610,0.000000000000000,0.000000000000000,0.000000000000000,0.000000000000000,0.000000000000000,0.000000000000000,0.000000000000000,0.000000000000000,0.000000000000000,0.000000000000000,0.000000000000000,0.000000000000000,0.000000000000000,0.000000000000000,0.000000000000000,0.000000000000000,0.000000000000000,0.000000000000000,0.000000000000000,0.000000000000000,0.000000000000000,0.000000000000000,0.000000000000000,0.000000000000000,0.000000000000000,0.000000000000000,0.000000000000000
1,10,42,0.137795275590551,0.523112482379203,0.654811715481172,0.718523567666841,1.621076300117940,1.919618858835580,2.127754828522330,3.094086537486520,3.246751746594590,3.216916584635060,3.625285923105630,4.325380604938820,4.269161489068620,4.002845486466100,4.326521872422190,6.556851189010360,4.955310813629500,5.299008125615980,6.777000186106060,5.504785534372590,7.285822368890590,5.981433112401480,5.808337542206860,7.261524455316470,0.000000000000000,0.000000000000000,0.000000000000000,0.000000000000000,0.000000000000000,0.000000000000000,0.000000000000000,0.000000000000000,0.000000000000000,0.000000000000000,0.000000000000000,0.000000000000000,0.000000000000000,0.000000000000000,0.000000000000000,0.000000000000000,0.000000000000000,0.000000000000000,0.000000000000000,0.000000000000000,0.000000000000000,0.000000000000000,0.000000000000000,0.000000000000000,0.000000000000000,0.000000000000000
1,10,43,0.205533596837945,0.513784461152882,0.607721703953255,0.848393183612626,1.275237115717730,1.211109981082480,1.761328001742810,1.982150948086750,2.212096541527780,3.780265560500390,2.813644714587730,4.352275905437620,4.456290840307730,5.571204284734860,5.433440519626520,5.968660485158890,5.440839903952680,7.156414631273010,5.487950217224760,6.626613355095840,5.629197161143580,6.836984690199060,5.395510526712540,5.448196603905170,6.773269045142160,0.000000000000000,0.000000000000000,0.000000000000000,0.000000000000000,0.000000000000000,0.000000000000000,0.000000000000000,0.000000000000000,0.000000000000000,0.000000000000000,0.000000000000000,0.000000000000000,0.000000000000000,0.000000000000000,0.000000000000000,0.000000000000000,0.000000000000000,0.000000000000000,0.000000000000000,0.000000000000000,0.000000000000000,0.000000000000000,0.000000000000000,0.000000000000000,0.000000000000000
1,10,44,0.165384615384615,0.516129032258065,0.513863216266174,1.231281198003330,1.491551716701310,1.911687581831740,2.143248371382200,2.165683021856480,1.631166666597970,2.549958384503740,2.381198084234430,4.364564643554440,3.804547630582150,6.061554196806320,6.213576742414660,6.011039222736610,7.620248684780160,6.801192848586050,7.343644182606640,6.961492061160040,6.679738321169810,7.112557123478520,6.718986705713610,6.065375060920850,6.499386710073920,5.380756811600230,0.000000000000000,0.000000000000000,0.000000000000000,0.000000000000000,0.000000000000000,0.000000000000000,0.000000000000000,0.000000000000000,0.000000000000000,0.000000000000000,0.000000000000000,0.000000000000000,0.000000000000000,0.000000000000000,0.000000000000000,0.000000000000000,0.000000000000000,0.000000000000000,0.000000000000000,0.000000000000000,0.000000000000000,0.000000000000000,0.000000000000000,0.000000000000000
1,10,45,0.223048327137546,0.425949473249619,0.825852782764811,1.538136282111780,1.561219062410090,1.655936377965400,2.108242541371560,2.540397232895770,2.334767404286030,3.187460078035720,3.890080297150770,4.497783636033090,6.358386315272970,4.520432631725190,6.537501672949460,6.199911257364160,6.236216221867380,6.400944289307810,6.597019509415830,7.382218301970760,6.536376913231800,8.408538660058490,6.725899861205630,6.882875086715870,5.722725570932680,6.438330632825110,7.046642339874700,0.000000000000000,0.000000000000000,0.000000000000000,0.000000000000000,0.000000000000000,0.000000000000000,0.000000000000000,0.000000000000000,0.000000000000000,0.000000000000000,0.000000000000000,0.000000000000000,0.000000000000000,0.000000000000000,0.000000000000000,0.000000000000000,0.000000000000000,0.000000000000000,0.000000000000000,0.000000000000000,0.000000000000000,0.000000000000000,0.000000000000000
1,10,46,0.303448275862069,0.541666666666667,0.836205030517022,1.321468188935140,1.011372243591840,2.721552878179380,2.203862925957950,3.084178097192060,2.608915171647180,2.867567694490300,3.876958740808150,3.568326207960160,5.415186777912750,6.307450808258300,5.958513079744050,4.508618764458630,7.135339733634850,7.880780739392840,6.128473814496960,5.828065074133400,8.004325001170090,7.519997737118570,5.912719318078250,7.347336444137620,6.811184477570870,7.707194724926310,6.885189995129630,7.487662420701890,0.000000000000000,0.000000000000000,0.000000000000000,0.000000000000000,0.000000000000000,0.000000000000000,0.000000000000000,0.000000000000000,0.000000000000000,0.000000000000000,0.000000000000000,0.000000000000000,0.000000000000000,0.000000000000000,0.000000000000000,0.000000000000000,0.000000000000000,0.000000000000000,0.000000000000000,0.000000000000000,0.000000000000000,0.000000000000000
1,10,47,0.261689436898590,0.635869565217391,1.156147209866950,1.326027397260270,1.568942436412320,1.961932279244380,2.701957367502600,2.537043262174440,2.680321648616500,4.102992199226440,4.505005200896120,4.356855194710290,4.260699546890730,4.469556414016280,6.340570881633640,7.203331824911470,6.925101533373110,6.993208362183140,7.377701382421370,6.551026123151460,7.060517683944430,6.931984140304370,7.179993462488920,8.055789152667670,7.795993496774610,6.975343605552750,7.171255900676800,6.456822785164300,7.021259707758220,0.000000000000000,0.000000000000000,0.000000000000000,0.000000000000000,0.000000000000000,0.000000000000000,0.000000000000000,0.000000000000000,0.000000000000000,0.000000000000000,0.000000000000000,0.000000000000000,0.000000000000000,0.000000000000000,0.000000000000000,0.000000000000000,0.000000000000000,0.000000000000000,0.000000000000000,0.000000000000000,0.000000000000000
1,10,48,0.257009345794392,0.902325581395349,0.837551323759586,1.369947676529090,1.928070135101570,2.445125706781760,2.327203373201810,3.099625031798120,3.104839843045630,3.762130213468040,3.489004290640170,4.927433447624920,6.405732295991980,5.854309016636930,6.544761930285900,7.256770382830200,6.546940990787060,5.839747637292410,8.533342945869690,8.034220060470370,8.060709375515630,6.252486511244930,8.373486245137410,5.912237529752160,6.443917864687280,8.185149769174510,7.564294968350940,6.664675431554040,6.682252045413730,3.979189242010690,0.000000000000000,0.000000000000000,0.000000000000000,0.000000000000000,0.000000000000000,0.000000000000000,0.000000000000000,0.000000000000000,0.000000000000000,0.000000000000000,0.000000000000000,0.000000000000000,0.000000000000000,0.000000000000000,0.000000000000000,0.000000000000000,0.000000000000000,0.000000000000000,0.000000000000000,0.000000000000000
1,10,49,0.293988648210176,0.800124970530870,1.119541900087850,1.682619647355160,1.564924393009470,2.966625017125130,2.455765528658590,3.790016692809170,3.934019385415390,3.315960219986770,4.161859530138010,4.977690962631610,5.541900431889520,4.344403767261270,4.999482253129900,5.981106323870390,5.716624696639980,6.584124023972760,8.378341677043250,7.796551629710650,7.335845341924250,8.762494109338330,6.326675970835750,7.017783871614890,7.832302190717920,6.707435520956170,7.311748991530370,6.694157968025250,8.276136021831630,7.135804325070330,6.427860696517410,0.000000000000000,0.000000000000000,0.000000000000000,0.000000000000000,0.000000000000000,0.000000000000000,0.000000000000000,0.000000000000000,0.000000000000000,0.000000000000000,0.000000000000000,0.000000000000000,0.000000000000000,0.000000000000000,0.000000000000000,0.000000000000000,0.000000000000000,0.000000000000000,0.000000000000000
1,10,50,0.406593406593407,0.735698318745860,1.323529411764710,1.619456366277230,2.022653381250050,2.377473543502420,3.229153404016400,3.300513229797660,3.872735778491930,4.231853613760940,3.708427114299160,4.701958760679770,4.753838636234620,6.246420817695410,5.556235221002530,6.430354297578590,6.709736234498830,6.682499218338910,6.270159034518970,7.774525090935620,6.392890670761610,7.027943373673870,8.598860325764970,7.695814963912360,7.726452497968560,6.766056791861850,7.250053805351330,7.000370214576730,7.705882483502690,8.164069094104910,7.238534155439720,6.887192450902970,0.000000000000000,0.000000000000000,0.000000000000000,0.000000000000000,0.000000000000000,0.000000000000000,0.000000000000000,0.000000000000000,0.000000000000000,0.000000000000000,0.000000000000000,0.000000000000000,0.000000000000000,0.000000000000000,0.000000000000000,0.000000000000000,0.000000000000000,0.000000000000000
1,10,51,0.501905037550052,0.904825737265416,1.211750202682400,1.891500164057710,2.502947105085940,2.962642584957050,3.961116446493050,3.488678154742880,3.766509433962260,3.582629125922950,3.635977658159370,5.193457717297070,6.288869849055320,6.752001259273870,4.964835366727030,4.987400579809230,6.387816520501380,4.970058248248450,7.684072889961350,6.493742307133320,9.042502875700730,9.136848442642180,9.152077449658630,6.914451982171740,6.987576568008590,8.459513054392450,10.393622170515700,7.748199188098310,6.254717582401880,6.376084544835340,6.250249488685400,6.649767776240960,7.711142701157660,0.000000000000000,0.000000000000000,0.000000000000000,0.000000000000000,0.000000000000000,0.000000000000000,0.000000000000000,0.000000000000000,0.000000000000000,0.000000000000000,0.000000000000000,0.000000000000000,0.000000000000000,0.000000000000000,0.000000000000000,0.000000000000000,0.000000000000000
1,10,52,0.561111111111111,0.983233532934132,2.107420793775490,2.149372337697950,2.064000371999880,3.158963054763120,4.583310530785400,4.194062185863450,4.290407358738500,3.774670449098340,5.898949474291620,4.746569151291990,5.547553880021520,4.866560221624380,5.549229821639940,6.502199468989310,7.031491792738120,8.058827205455290,7.026611995881360,10.214655276075500,7.868955249127900,6.673394300117100,8.069468569119560,6.997971746169400,7.305521073860140,7.854548623748180,8.123143736486280,8.902889439484300,7.438542971055080,7.864298726175810,9.554068280316730,8.558260091031810,6.093018128169450,5.916387959866220,0.000000000000000,0.000000000000000,0.000000000000000,0.000000000000000,0.000000000000000,0.000000000000000,0.000000000000000,0.000000000000000,0.000000000000000,0.000000000000000,0.000000000000000,0.000000000000000,0.000000000000000,0.000000000000000,0.000000000000000,0.000000000000000
1,10,53,0.497702909647779,1.508541802566020,1.954593453009500,3.143812709030100,2.811721610442200,2.793613237869650,3.761380737883630,4.546031499271620,4.529458036896410,4.231212522273960,5.620416290034050,4.438255870982710,6.445810601956960,6.069939900999300,5.656449946926700,5.627598920250130,6.892110777814270,6.879048430975420,7.730493327738760,8.745298775004790,8.941533895059360,8.235412385164670,6.960427997695270,7.256708796269150,7.040305263581280,9.061042312723850,7.880259051993860,8.831566277053220,7.444892894723420,8.224596945007780,6.642751189766230,10.100635277684000,7.976874769096590,5.363127211457950,6.987951807228920,0.000000000000000,0.000000000000000,0.000000000000000,0.000000000000000,0.000000000000000,0.000000000000000,0.000000000000000,0.000000000000000,0.000000000000000,0.000000000000000,0.000000000000000,0.000000000000000,0.000000000000000,0.000000000000000,0.000000000000000
1,10,54,0.596153846153846,1.603270935145620,2.499700960142280,3.227945112843440,3.298034934497820,3.811122770199370,3.996311336673080,3.732549039612150,3.639900818358940,5.811162390983540,4.945118466578540,6.337100259520750,5.244718416673480,6.926595434340040,9.041287796866000,7.341631138375930,6.581012322205740,8.530152342253430,6.821146923153150,8.486822071895740,7.071706398600320,7.408900313177740,7.716270481791860,9.388731067410850,5.260734345422200,8.460602393819540,10.089277962657100,8.565382917479290,8.204871901708960,10.101012250734500,8.838107312032480,10.123643173444300,10.423412511624400,10.232971057556900,6.045911493160430,9.600649350649350,0.000000000000000,0.000000000000000,0.000000000000000,0.000000000000000,0.000000000000000,0.000000000000000,0.000000000000000,0.000000000000000,0.000000000000000,0.000000000000000,0.000000000000000,0.000000000000000,0.000000000000000,0.000000000000000
1,10,55,0.671490593342981,1.806112605658610,2.747306562193930,3.204628198977730,4.207090423643940,4.430147892942870,5.063719161115480,5.267375205902110,5.175226586102720,4.536319860504600,5.610422067590190,4.893163640780040,7.238061181805010,7.465279398177040,5.962301448637680,6.103750693888450,8.530052480298560,6.069131711644120,8.704856473885200,6.815264955414050,7.827672510470170,7.710591025325340,7.675032631756560,7.971638589361590,7.668781256464160,8.861619126174120,8.195514870566980,10.187218263043800,11.432688669549800,7.089183764783850,10.256952130039300,9.159188675820320,8.824740369636350,8.092245949406350,8.654026099810190,7.503675522481840,4.437768240343350,0.000000000000000,0.000000000000000,0.000000000000000,0.000000000000000,0.000000000000000,0.000000000000000,0.000000000000000,0.000000000000000,0.000000000000000,0.000000000000000,0.000000000000000,0.000000000000000,0.000000000000000
1,10,56,0.723754973772573,2.135525085869090,2.981279592806320,4.420743249197340,4.833885882098460,4.804789357672040,5.255612863409110,4.672198444040970,4.630016672388880,7.512571370884960,6.737763316081700,5.979751172392840,7.953911696210790,6.819487908503910,7.448839186291630,8.763452542659970,7.834289889873440,10.593073166243000,6.341941850327220,7.696861397567160,7.098805948835400,7.470193989157760,8.285623318865080,8.241669402541780,8.766403389790660,7.446685040207090,9.799992189389270,8.690251154239810,10.231425478113700,7.468781055789090,11.600410351476400,12.485931649361300,13.988375058828500,9.756952685277940,13.531420413425300,6.407572383073500,7.521858634205640,5.689873417721520,0.000000000000000,0.000000000000000,0.000000000000000,0.000000000000000,0.000000000000000,0.000000000000000,0.000000000000000,0.000000000000000,0.000000000000000,0.000000000000000,0.000000000000000,0.000000000000000
1,10,57,0.647944462868092,2.191952320650270,3.307285722062280,4.026052104208420,4.882115721983120,5.022632020117350,5.731389351649750,7.088203111023500,7.009097706248100,6.086261641531770,8.946982772724270,7.929723502304150,6.773641712140040,9.013753720906370,10.059788458032600,8.538746772991690,7.669620533748950,10.573569079821900,8.679762037032340,9.129245145618570,9.165348969388720,11.047076810610000,6.645632470002330,8.685058611545420,9.812261949873640,8.883793470375530,10.027639765774200,9.001810992439080,8.797939631024650,9.431348489446560,11.254679221900000,10.177756055974500,9.782518340413730,9.320302308983110,11.766216412523800,11.885607268915200,8.910358565737050,7.601218143721700,5.158783783783780,0.000000000000000,0.000000000000000,0.000000000000000,0.000000000000000,0.000000000000000,0.000000000000000,0.000000000000000,0.000000000000000,0.000000000000000,0.000000000000000,0.000000000000000
1,10,58,0.952226720647773,2.200768491834770,4.046378040575830,5.562536397573860,5.946235432464580,6.645387715008290,6.792838946589920,7.108273112729720,6.871230836123890,8.443080665591880,8.338931428842790,10.764781878813700,10.101947308132900,6.855616550856200,8.159915911042470,8.663813429757000,7.120798636215040,9.187503305641610,8.983917589315760,11.504971674874900,8.335321787156880,9.373142708741720,7.508127329233640,11.137971030701300,7.727755148375060,9.339494861272670,9.296347586159240,8.582674486768010,10.260875018636400,10.428973023154200,12.787061271139200,12.116718267580200,12.257230555327200,14.471391106709800,12.729603782132700,13.409501082672000,15.103279371176400,11.770080054554800,9.562329606530670,10.694980694980700,0.000000000000000,0.000000000000000,0.000000000000000,0.000000000000000,0.000000000000000,0.000000000000000,0.000000000000000,0.000000000000000,0.000000000000000,0.000000000000000
1,10,59,0.891840607210626,2.348952380952380,4.312451725363150,5.809426676389050,6.473756545206650,6.500158541290080,7.090810691294340,8.172592592592590,7.712244893288660,9.723300101118040,9.603494660181490,8.521057919209970,9.441722762648380,9.495893223819300,11.100035216922100,10.137353444132300,8.601112961937140,8.977170352854200,10.081480992322600,10.817746947444700,9.632776896760590,10.633188937800800,8.005628363164170,10.306908030525100,9.202812437110740,8.292026220194240,12.622784747717700,10.655474217719100,8.297416046685070,11.567152149314500,8.351756788549430,9.357634381536380,10.280747226460200,13.439163718139300,14.186931369137300,10.488123213527300,16.396875814915500,14.281281761077100,14.041830859899100,10.466475018336100,4.300884955752210,0.000000000000000,0.000000000000000,0.000000000000000,0.000000000000000,0.000000000000000,0.000000000000000,0.000000000000000,0.000000000000000,0.000000000000000
1,10,60,4.325980392156860,7.831932773109240,11.237864077669900,14.709183673469400,16.783439490445900,16.909774436090200,17.372881355932200,22.888888888888900,26.090909090909100,17.800000000000000,28.158536585365900,25.513888888888900,28.112903225806500,16.391304347826100,26.533333333333300,32.561403508771900,35.656250000000000,37.822222222222200,33.660000000000000,25.016949152542400,25.142857142857100,34.966101694915300,37.734693877551000,33.333333333333300,29.058823529411800,28.404255319148900,20.631578947368400,38.666666666666700,31.980769230769200,55.482142857142900,36.192307692307700,28.706896551724100,23.274193548387100,26.769230769230800,30.055555555555600,30.254237288135600,30.188405797101400,21.770114942528700,34.088235294117600,38.093333333333300,29.183783783783800,22.285714285714300,0.000000000000000,0.000000000000000,0.000000000000000,0.000000000000000,0.000000000000000,0.000000000000000,0.000000000000000,0.000000000000000
1,10,61,4.610859728506790,11.706349206349200,15.221402214022100,18.570093457943900,19.448484848484800,21.623076923076900,25.558620689655200,28.954128440367000,25.670212765957400,32.979381443299000,32.946808510638300,31.342105263157900,25.732394366197200,25.072463768115900,29.933333333333300,28.192982456140300,49.287878787878800,29.202898550724600,28.740740740740700,28.031250000000000,45.061224489795900,23.634615384615400,35.612903225806400,32.549019607843100,38.914893617021300,42.127659574468100,44.795918367346900,37.363636363636400,33.697674418604600,38.619047619047600,32.512195121951200,21.892857142857100,31.960000000000000,35.820000000000000,45.620000000000000,29.138888888888900,33.053571428571400,23.957142857142900,34.333333333333300,39.819444444444400,27.984615384615400,39.186666666666700,76.000000000000000,0.000000000000000,0.000000000000000,0.000000000000000,0.000000000000000,0.000000000000000,0.000000000000000,0.000000000000000
1,10,62,4.627272727272730,13.256578947368400,22.736714975845400,26.712837837837800,27.505000000000000,28.854545454545500,30.894039735099300,34.377049180327900,31.301886792452800,43.390909090909100,42.471910112359600,43.977011494252900,39.129870129870100,50.056338028169000,50.320000000000000,50.580645161290300,40.688888888888900,51.882352941176500,32.240740740740700,27.500000000000000,34.684210526315800,36.476190476190500,65.840000000000000,57.081081081081100,36.162790697674400,40.666666666666700,38.244444444444400,34.314814814814800,37.350877192982500,49.516129032258100,43.955555555555600,39.836065573770500,39.593750000000000,33.576923076923100,44.890909090909100,35.900000000000000,52.057471264367800,40.144736842105300,39.500000000000000,54.637681159420300,44.157303370786500,43.600000000000000,37.791666666666700,85.000000000000000,0.000000000000000,0.000000000000000,0.000000000000000,0.000000000000000,0.000000000000000,0.000000000000000
1,10,63,5.366071428571430,12.047945205479500,23.144032921810700,32.992924528301900,33.350467289719600,36.100628930817600,38.007352941176500,42.269565217391300,44.488549618320600,47.862385321100900,41.631067961165100,41.142857142857100,48.059701492537300,46.338461538461500,57.931034482758600,49.156250000000000,44.316666666666700,43.360000000000000,43.188679245283000,47.421052631578900,30.843137254902000,36.850000000000000,37.925925925925900,41.625000000000000,56.102040816326500,52.393939393939400,61.392156862745100,39.340000000000000,39.300000000000000,67.547619047619100,50.129629629629600,44.096153846153900,27.275000000000000,43.086206896551700,62.170731707317100,52.478260869565200,46.230769230769200,41.166666666666700,36.507936507936500,46.220588235294100,47.611764705882400,39.585365853658500,45.676923076923100,43.348623853211000,117.750000000000000,0.000000000000000,0.000000000000000,0.000000000000000,0.000000000000000,0.000000000000000
1,10,64,5.071428571428570,11.612244897959200,20.769230769230800,28.366412213740500,43.225308641975300,43.219178082191800,47.918918918918900,51.158333333333300,49.916666666666700,53.722222222222200,56.635294117647100,46.466666666666700,51.129032258064500,58.295081967213100,61.098360655737700,54.296875000000000,54.227272727272700,55.291666666666700,60.325581395348800,57.867924528301900,63.382978723404200,55.745454545454500,50.384615384615400,51.350000000000000,57.241379310344800,41.794117647058800,55.186046511627900,45.472222222222200,63.404761904761900,65.529411764705900,56.925000000000000,43.600000000000000,42.700000000000000,46.974358974359000,46.826086956521700,51.204081632653100,46.739130434782600,59.431034482758600,44.878787878787900,69.560606060606100,61.317460317460300,60.750000000000000,61.145454545454500,55.931034482758600,57.654545454545500,80.000000000000000,0.000000000000000,0.000000000000000,0.000000000000000,0.000000000000000
1,10,65,0.000000000000000,0.000000000000000,20.666666666666700,16.500000000000000,0.000000000000000,44.000000000000000,0.000000000000000,0.000000000000000,0.000000000000000,0.000000000000000,0.000000000000000,0.000000000000000,0.000000000000000,7.000000000000000,0.000000000000000,0.000000000000000,0.000000000000000,0.000000000000000,0.000000000000000,0.000000000000000,0.000000000000000,0.000000000000000,0.000000000000000,0.000000000000000,0.000000000000000,24.000000000000000,0.000000000000000,0.000000000000000,0.000000000000000,0.000000000000000,0.000000000000000,0.000000000000000,0.000000000000000,0.000000000000000,0.500000000000000,2.000000000000000,0.000000000000000,5.000000000000000,13.333333333333300,0.000000000000000,2.500000000000000,6.000000000000000,16.000000000000000,37.000000000000000,20.000000000000000,54.500000000000000,0.000000000000000,0.000000000000000,0.000000000000000,0.000000000000000
1,10,66,0.000000000000000,0.000000000000000,3.333333333333330,25.000000000000000,0.000000000000000,0.000000000000000,0.000000000000000,0.000000000000000,0.000000000000000,0.000000000000000,0.000000000000000,0.000000000000000,0.000000000000000,0.000000000000000,0.000000000000000,0.000000000000000,0.000000000000000,0.000000000000000,0.000000000000000,0.000000000000000,0.000000000000000,0.000000000000000,0.000000000000000,0.000000000000000,0.000000000000000,0.000000000000000,0.000000000000000,0.000000000000000,0.000000000000000,0.000000000000000,0.000000000000000,0.000000000000000,0.000000000000000,0.000000000000000,0.000000000000000,5.000000000000000,22.000000000000000,0.000000000000000,0.000000000000000,22.500000000000000,8.500000000000000,0.000000000000000,0.000000000000000,0.000000000000000,16.500000000000000,0.000000000000000,0.000000000000000,0.000000000000000,0.000000000000000,0.000000000000000
1,10,67,0.000000000000000,0.000000000000000,0.250000000000000,7.500000000000000,0.000000000000000,0.000000000000000,0.000000000000000,0.000000000000000,0.000000000000000,0.000000000000000,0.000000000000000,0.000000000000000,0.000000000000000,0.000000000000000,0.000000000000000,0.000000000000000,0.000000000000000,0.000000000000000,0.000000000000000,0.000000000000000,0.000000000000000,0.000000000000000,0.000000000000000,0.000000000000000,0.000000000000000,0.000000000000000,0.000000000000000,0.000000000000000,0.000000000000000,0.000000000000000,0.000000000000000,0.000000000000000,0.000000000000000,0.000000000000000,0.000000000000000,0.000000000000000,0.000000000000000,0.000000000000000,0.000000000000000,0.000000000000000,0.000000000000000,9.000000000000000,6.000000000000000,14.000000000000000,31.000000000000000,0.000000000000000,0.000000000000000,0.000000000000000,0.000000000000000,0.000000000000000
1,10,68,0.000000000000000,0.000000000000000,0.000000000000000,1.000000000000000,0.000000000000000,0.000000000000000,0.000000000000000,0.000000000000000,0.000000000000000,17.000000000000000,0.000000000000000,0.000000000000000,0.000000000000000,0.000000000000000,0.000000000000000,0.000000000000000,0.000000000000000,0.000000000000000,0.000000000000000,0.000000000000000,0.000000000000000,0.000000000000000,0.000000000000000,0.000000000000000,0.000000000000000,0.000000000000000,0.000000000000000,0.000000000000000,0.000000000000000,0.000000000000000,0.000000000000000,5.000000000000000,0.000000000000000,0.000000000000000,0.000000000000000,0.000000000000000,3.000000000000000,0.000000000000000,0.000000000000000,0.000000000000000,0.000000000000000,6.000000000000000,2.000000000000000,10.500000000000000,0.000000000000000,0.000000000000000,0.000000000000000,0.000000000000000,0.000000000000000,0.000000000000000
1,10,69,0.000000000000000,0.000000000000000,0.000000000000000,0.000000000000000,0.000000000000000,0.000000000000000,0.000000000000000,0.000000000000000,0.000000000000000,0.000000000000000,0.000000000000000,0.000000000000000,0.000000000000000,0.000000000000000,0.000000000000000,0.000000000000000,0.000000000000000,0.000000000000000,0.000000000000000,0.000000000000000,0.000000000000000,0.000000000000000,0.000000000000000,0.000000000000000,0.000000000000000,0.000000000000000,0.000000000000000,0.000000000000000,0.000000000000000,0.000000000000000,0.000000000000000,0.000000000000000,0.000000000000000,0.000000000000000,0.000000000000000,0.000000000000000,0.000000000000000,0.000000000000000,0.000000000000000,0.000000000000000,0.000000000000000,4.000000000000000,0.000000000000000,0.000000000000000,0.000000000000000,3.000000000000000,0.000000000000000,0.000000000000000,0.000000000000000,0.000000000000000
1,11,20,0.271966982733401,0.522126159432347,0.000000000000000,0.000000000000000,0.000000000000000,0.000000000000000,0.000000000000000,0.000000000000000,0.000000000000000,0.000000000000000,0.000000000000000,0.000000000000000,0.000000000000000,0.000000000000000,0.000000000000000,0.000000000000000,0.000000000000000,0.000000000000000,0.000000000000000,0.000000000000000,0.000000000000000,0.000000000000000,0.000000000000000,0.000000000000000,0.000000000000000,0.000000000000000,0.000000000000000,0.000000000000000,0.000000000000000,0.000000000000000,0.000000000000000,0.000000000000000,0.000000000000000,0.000000000000000,0.000000000000000,0.000000000000000,0.000000000000000,0.000000000000000,0.000000000000000,0.000000000000000,0.000000000000000,0.000000000000000,0.000000000000000,0.000000000000000,0.000000000000000,0.000000000000000,0.000000000000000,0.000000000000000,0.000000000000000,0.000000000000000
1,11,21,1.121220142437160,1.029399305558470,1.144434324394320,0.000000000000000,0.000000000000000,0.000000000000000,0.000000000000000,0.000000000000000,0.000000000000000,0.000000000000000,0.000000000000000,0.000000000000000,0.000000000000000,0.000000000000000,0.000000000000000,0.000000000000000,0.000000000000000,0.000000000000000,0.000000000000000,0.000000000000000,0.000000000000000,0.000000000000000,0.000000000000000,0.000000000000000,0.000000000000000,0.000000000000000,0.000000000000000,0.000000000000000,0.000000000000000,0.000000000000000,0.000000000000000,0.000000000000000,0.000000000000000,0.000000000000000,0.000000000000000,0.000000000000000,0.000000000000000,0.000000000000000,0.000000000000000,0.000000000000000,0.000000000000000,0.000000000000000,0.000000000000000,0.000000000000000,0.000000000000000,0.000000000000000,0.000000000000000,0.000000000000000,0.000000000000000,0.000000000000000
1,11,22,1.035631652012960,3.674622268520040,1.952490235360130,2.027532650900110,0.000000000000000,0.000000000000000,0.000000000000000,0.000000000000000,0.000000000000000,0.000000000000000,0.000000000000000,0.000000000000000,0.000000000000000,0.000000000000000,0.000000000000000,0.000000000000000,0.000000000000000,0.000000000000000,0.000000000000000,0.000000000000000,0.000000000000000,0.000000000000000,0.000000000000000,0.000000000000000,0.000000000000000,0.000000000000000,0.000000000000000,0.000000000000000,0.000000000000000,0.000000000000000,0.000000000000000,0.000000000000000,0.000000000000000,0.000000000000000,0.000000000000000,0.000000000000000,0.000000000000000,0.000000000000000,0.000000000000000,0.000000000000000,0.000000000000000,0.000000000000000,0.000000000000000,0.000000000000000,0.000000000000000,0.000000000000000,0.000000000000000,0.000000000000000,0.000000000000000,0.000000000000000
1,11,23,1.169511477339610,3.795010210221030,6.080380901726860,6.138624810317350,6.729050279329610,0.000000000000000,0.000000000000000,0.000000000000000,0.000000000000000,0.000000000000000,0.000000000000000,0.000000000000000,0.000000000000000,0.000000000000000,0.000000000000000,0.000000000000000,0.000000000000000,0.000000000000000,0.000000000000000,0.000000000000000,0.000000000000000,0.000000000000000,0.000000000000000,0.000000000000000,0.000000000000000,0.000000000000000,0.000000000000000,0.000000000000000,0.000000000000000,0.000000000000000,0.000000000000000,0.000000000000000,0.000000000000000,0.000000000000000,0.000000000000000,0.000000000000000,0.000000000000000,0.000000000000000,0.000000000000000,0.000000000000000,0.000000000000000,0.000000000000000,0.000000000000000,0.000000000000000,0.000000000000000,0.000000000000000,0.000000000000000,0.000000000000000,0.000000000000000,0.000000000000000
1,11,24,1.168466042118490,4.135182118540180,6.160118949320240,7.920216684384950,10.193001312918200,11.080209895052500,0.000000000000000,0.000000000000000,0.000000000000000,0.000000000000000,0.000000000000000,0.000000000000000,0.000000000000000,0.000000000000000,0.000000000000000,0.000000000000000,0.000000000000000,0.000000000000000,0.000000000000000,0.000000000000000,0.000000000000000,0.000000000000000,0.000000000000000,0.000000000000000,0.000000000000000,0.000000000000000,0.000000000000000,0.000000000000000,0.000000000000000,0.000000000000000,0.000000000000000,0.000000000000000,0.000000000000000,0.000000000000000,0.000000000000000,0.000000000000000,0.000000000000000,0.000000000000000,0.000000000000000,0.000000000000000,0.000000000000000,0.000000000000000,0.000000000000000,0.000000000000000,0.000000000000000,0.000000000000000,0.000000000000000,0.000000000000000,0.000000000000000,0.000000000000000
1,11,25,1.179083244367640,3.981475474965890,6.047632351559290,8.389642671971920,12.270829321002200,16.595285166696500,16.826310380267200,0.000000000000000,0.000000000000000,0.000000000000000,0.000000000000000,0.000000000000000,0.000000000000000,0.000000000000000,0.000000000000000,0.000000000000000,0.000000000000000,0.000000000000000,0.000000000000000,0.000000000000000,0.000000000000000,0.000000000000000,0.000000000000000,0.000000000000000,0.000000000000000,0.000000000000000,0.000000000000000,0.000000000000000,0.000000000000000,0.000000000000000,0.000000000000000,0.000000000000000,0.000000000000000,0.000000000000000,0.000000000000000,0.000000000000000,0.000000000000000,0.000000000000000,0.000000000000000,0.000000000000000,0.000000000000000,0.000000000000000,0.000000000000000,0.000000000000000,0.000000000000000,0.000000000000000,0.000000000000000,0.000000000000000,0.000000000000000,0.000000000000000
1,11,26,1.182741116751270,3.878498293515360,6.010585601066830,7.979675606595870,11.635906077136800,16.413267169547000,23.299615346288700,24.215968586387400,0.000000000000000,0.000000000000000,0.000000000000000,0.000000000000000,0.000000000000000,0.000000000000000,0.000000000000000,0.000000000000000,0.000000000000000,0.000000000000000,0.000000000000000,0.000000000000000,0.000000000000000,0.000000000000000,0.000000000000000,0.000000000000000,0.000000000000000,0.000000000000000,0.000000000000000,0.000000000000000,0.000000000000000,0.000000000000000,0.000000000000000,0.000000000000000,0.000000000000000,0.000000000000000,0.000000000000000,0.000000000000000,0.000000000000000,0.000000000000000,0.000000000000000,0.000000000000000,0.000000000000000,0.000000000000000,0.000000000000000,0.000000000000000,0.000000000000000,0.000000000000000,0.000000000000000,0.000000000000000,0.000000000000000,0.000000000000000
1,11,27,1.382516630214930,4.107996702390770,6.013503709863580,7.522033713315810,11.204286694516800,15.364271388699800,20.590998333848600,28.520751957315500,30.489405424729500,0.000000000000000,0.000000000000000,0.000000000000000,0.000000000000000,0.000000000000000,0.000000000000000,0.000000000000000,0.000000000000000,0.000000000000000,0.000000000000000,0.000000000000000,0.000000000000000,0.000000000000000,0.000000000000000,0.000000000000000,0.000000000000000,0.000000000000000,0.000000000000000,0.000000000000000,0.000000000000000,0.000000000000000,0.000000000000000,0.000000000000000,0.000000000000000,0.000000000000000,0.000000000000000,0.000000000000000,0.000000000000000,0.000000000000000,0.000000000000000,0.000000000000000,0.000000000000000,0.000000000000000,0.000000000000000,0.000000000000000,0.000000000000000,0.000000000000000,0.000000000000000,0.000000000000000,0.000000000000000,0.000000000000000
1,11,28,1.292452830188680,3.962391513982640,6.429172684656740,7.274100063200330,11.148705178249100,15.336651512275500,19.455594490977000,24.030579214308500,34.605414017873800,36.945788236697700,0.000000000000000,0.000000000000000,0.000000000000000,0.000000000000000,0.000000000000000,0.000000000000000,0.000000000000000,0.000000000000000,0.000000000000000,0.000000000000000,0.000000000000000,0.000000000000000,0.000000000000000,0.000000000000000,0.000000000000000,0.000000000000000,0.000000000000000,0.000000000000000,0.000000000000000,0.000000000000000,0.000000000000000,0.000000000000000,0.000000000000000,0.000000000000000,0.000000000000000,0.000000000000000,0.000000000000000,0.000000000000000,0.000000000000000,0.000000000000000,0.000000000000000,0.000000000000000,0.000000000000000,0.000000000000000,0.000000000000000,0.000000000000000,0.000000000000000,0.000000000000000,0.000000000000000,0.000000000000000
1,11,29,1.346760070052540,4.056694813027740,6.501774140586070,7.527155020884420,10.528085764015700,14.380483127505100,18.826051886006000,24.234273586379500,29.262490718574500,38.784802018118600,37.280388978930300,0.000000000000000,0.000000000000000,0.000000000000000,0.000000000000000,0.000000000000000,0.000000000000000,0.000000000000000,0.000000000000000,0.000000000000000,0.000000000000000,0.000000000000000,0.000000000000000,0.000000000000000,0.000000000000000,0.000000000000000,0.000000000000000,0.000000000000000,0.000000000000000,0.000000000000000,0.000000000000000,0.000000000000000,0.000000000000000,0.000000000000000,0.000000000000000,0.000000000000000,0.000000000000000,0.000000000000000,0.000000000000000,0.000000000000000,0.000000000000000,0.000000000000000,0.000000000000000,0.000000000000000,0.000000000000000,0.000000000000000,0.000000000000000,0.000000000000000,0.000000000000000,0.000000000000000
1,11,30,1.298850574712640,4.129132542661230,6.221435168436240,7.651311409453030,10.358075424442300,15.033397058021100,18.325547096682700,24.239626934277800,27.175441286401500,33.453248770318200,42.677605973512600,50.190668894346900,0.000000000000000,0.000000000000000,0.000000000000000,0.000000000000000,0.000000000000000,0.000000000000000,0.000000000000000,0.000000000000000,0.000000000000000,0.000000000000000,0.000000000000000,0.000000000000000,0.000000000000000,0.000000000000000,0.000000000000000,0.000000000000000,0.000000000000000,0.000000000000000,0.000000000000000,0.000000000000000,0.000000000000000,0.000000000000000,0.000000000000000,0.000000000000000,0.000000000000000,0.000000000000000,0.000000000000000,0.000000000000000,0.000000000000000,0.000000000000000,0.000000000000000,0.000000000000000,0.000000000000000,0.000000000000000,0.000000000000000,0.000000000000000,0.000000000000000,0.000000000000000
1,11,31,1.492450513327230,4.544117647058820,6.520940302897550,7.986895044079170,10.971042466623400,13.721603790369000,16.914950302413100,22.717422504133900,25.359636993429900,32.331120387694100,36.330698268985500,47.361482036157000,50.157933358308600,0.000000000000000,0.000000000000000,0.000000000000000,0.000000000000000,0.000000000000000,0.000000000000000,0.000000000000000,0.000000000000000,0.000000000000000,0.000000000000000,0.000000000000000,0.000000000000000,0.000000000000000,0.000000000000000,0.000000000000000,0.000000000000000,0.000000000000000,0.000000000000000,0.000000000000000,0.000000000000000,0.000000000000000,0.000000000000000,0.000000000000000,0.000000000000000,0.000000000000000,0.000000000000000,0.000000000000000,0.000000000000000,0.000000000000000,0.000000000000000,0.000000000000000,0.000000000000000,0.000000000000000,0.000000000000000,0.000000000000000,0.000000000000000,0.000000000000000
1,11,32,1.486238532110090,4.172703187317390,6.631250456168700,7.959019674732680,10.635585373391800,13.169058765038800,16.644672280302500,20.831085269422600,23.467524879270400,30.184408916353000,33.983271210642400,39.330915503295400,51.859083528550600,58.719406539019800,0.000000000000000,0.000000000000000,0.000000000000000,0.000000000000000,0.000000000000000,0.000000000000000,0.000000000000000,0.000000000000000,0.000000000000000,0.000000000000000,0.000000000000000,0.000000000000000,0.000000000000000,0.000000000000000,0.000000000000000,0.000000000000000,0.000000000000000,0.000000000000000,0.000000000000000,0.000000000000000,0.000000000000000,0.000000000000000,0.000000000000000,0.000000000000000,0.000000000000000,0.000000000000000,0.000000000000000,0.000000000000000,0.000000000000000,0.000000000000000,0.000000000000000,0.000000000000000,0.000000000000000,0.000000000000000,0.000000000000000,0.000000000000000
1,11,33,1.379134860050890,4.005357142857140,6.576923076923080,7.472270992874690,9.676769489674950,12.446987270313500,16.160849169034900,19.990934964958800,22.003334679519700,28.326510971268100,32.706989757590300,35.548258809484600,43.080129351689700,53.081661704456100,54.329427195554200,0.000000000000000,0.000000000000000,0.000000000000000,0.000000000000000,0.000000000000000,0.000000000000000,0.000000000000000,0.000000000000000,0.000000000000000,0.000000000000000,0.000000000000000,0.000000000000000,0.000000000000000,0.000000000000000,0.000000000000000,0.000000000000000,0.000000000000000,0.000000000000000,0.000000000000000,0.000000000000000,0.000000000000000,0.000000000000000,0.000000000000000,0.000000000000000,0.000000000000000,0.000000000000000,0.000000000000000,0.000000000000000,0.000000000000000,0.000000000000000,0.000000000000000,0.000000000000000,0.000000000000000,0.000000000000000,0.000000000000000
1,11,34,1.284960422163590,3.944226144463710,6.334155363748460,7.720251381208620,10.030151433366900,11.563384764481300,14.684683704323900,17.826356370775500,18.766557554406300,24.790733570197600,30.012666838492900,32.549156639208400,39.731021068003900,42.873824321767800,54.892604894092300,59.235260753444200,0.000000000000000,0.000000000000000,0.000000000000000,0.000000000000000,0.000000000000000,0.000000000000000,0.000000000000000,0.000000000000000,0.000000000000000,0.000000000000000,0.000000000000000,0.000000000000000,0.000000000000000,0.000000000000000,0.000000000000000,0.000000000000000,0.000000000000000,0.000000000000000,0.000000000000000,0.000000000000000,0.000000000000000,0.000000000000000,0.000000000000000,0.000000000000000,0.000000000000000,0.000000000000000,0.000000000000000,0.000000000000000,0.000000000000000,0.000000000000000,0.000000000000000,0.000000000000000,0.000000000000000,0.000000000000000
1,11,35,1.315814203949890,3.953617810760670,6.277103971669270,6.744862267002300,9.378988948767810,13.093423289485800,14.643716993342500,17.119030185854700,20.661424580867500,23.896954657745600,28.405806410613000,30.181174570601600,37.085258452317300,40.805558963808700,45.962172436147000,54.691023966119500,52.664884135472400,0.000000000000000,0.000000000000000,0.000000000000000,0.000000000000000,0.000000000000000,0.000000000000000,0.000000000000000,0.000000000000000,0.000000000000000,0.000000000000000,0.000000000000000,0.000000000000000,0.000000000000000,0.000000000000000,0.000000000000000,0.000000000000000,0.000000000000000,0.000000000000000,0.000000000000000,0.000000000000000,0.000000000000000,0.000000000000000,0.000000000000000,0.000000000000000,0.000000000000000,0.000000000000000,0.000000000000000,0.000000000000000,0.000000000000000,0.000000000000000,0.000000000000000,0.000000000000000,0.000000000000000
1,11,36,1.456502216920570,3.365612648221340,5.949568015881660,6.727458558250300,9.844027328358080,12.073105436748000,14.483623695113600,18.782623015844000,19.449650522995300,21.765233309429600,27.247326765694600,32.852623244611700,34.600837642101500,40.087631667955000,42.385389801973700,50.622145908036800,58.298407879359300,60.085388994307400,0.000000000000000,0.000000000000000,0.000000000000000,0.000000000000000,0.000000000000000,0.000000000000000,0.000000000000000,0.000000000000000,0.000000000000000,0.000000000000000,0.000000000000000,0.000000000000000,0.000000000000000,0.000000000000000,0.000000000000000,0.000000000000000,0.000000000000000,0.000000000000000,0.000000000000000,0.000000000000000,0.000000000000000,0.000000000000000,0.000000000000000,0.000000000000000,0.000000000000000,0.000000000000000,0.000000000000000,0.000000000000000,0.000000000000000,0.000000000000000,0.000000000000000,0.000000000000000
1,11,37,1.019841269841270,3.583908045977010,5.595432300163130,6.465749353539230,9.134246890384750,11.711436710774100,14.219666372633200,16.672751507158100,20.366564005653700,23.376683166832700,25.587649453473900,27.581561921049600,32.972452750000600,37.475834405075500,41.573679498363100,46.796473568021800,47.760433199886400,61.107591450466400,62.097491830278400,0.000000000000000,0.000000000000000,0.000000000000000,0.000000000000000,0.000000000000000,0.000000000000000,0.000000000000000,0.000000000000000,0.000000000000000,0.000000000000000,0.000000000000000,0.000000000000000,0.000000000000000,0.000000000000000,0.000000000000000,0.000000000000000,0.000000000000000,0.000000000000000,0.000000000000000,0.000000000000000,0.000000000000000,0.000000000000000,0.000000000000000,0.000000000000000,0.000000000000000,0.000000000000000,0.000000000000000,0.000000000000000,0.000000000000000,0.000000000000000,0.000000000000000
1,11,38,1.295019157088120,3.386934673366830,6.024184867078400,6.707578142441440,8.502863475220650,11.177284140220100,14.006853922634000,17.182630980038900,18.998097919720000,21.931079083097700,27.807322500103600,28.384042734347300,32.506485815311900,35.736714209001700,37.511520162883300,44.162459284523200,44.445154899459200,49.267668209052600,60.610969031667200,60.396065870799200,0.000000000000000,0.000000000000000,0.000000000000000,0.000000000000000,0.000000000000000,0.000000000000000,0.000000000000000,0.000000000000000,0.000000000000000,0.000000000000000,0.000000000000000,0.000000000000000,0.000000000000000,0.000000000000000,0.000000000000000,0.000000000000000,0.000000000000000,0.000000000000000,0.000000000000000,0.000000000000000,0.000000000000000,0.000000000000000,0.000000000000000,0.000000000000000,0.000000000000000,0.000000000000000,0.000000000000000,0.000000000000000,0.000000000000000,0.000000000000000
1,11,39,1.485074626865670,3.025125628140700,5.281957727877770,7.035616438356160,8.297243886769690,11.382611868725800,12.390171202988300,16.475740435529300,19.457813576932400,22.482751367641700,25.752332638414400,29.833172124938900,30.924415701273300,37.114164668901000,36.373613066096400,40.032411033321100,42.271224046047900,48.846438881245900,54.040924719078000,60.658286718979800,61.283613445378100,0.000000000000000,0.000000000000000,0.000000000000000,0.000000000000000,0.000000000000000,0.000000000000000,0.000000000000000,0.000000000000000,0.000000000000000,0.000000000000000,0.000000000000000,0.000000000000000,0.000000000000000,0.000000000000000,0.000000000000000,0.000000000000000,0.000000000000000,0.000000000000000,0.000000000000000,0.000000000000000,0.000000000000000,0.000000000000000,0.000000000000000,0.000000000000000,0.000000000000000,0.000000000000000,0.000000000000000,0.000000000000000,0.000000000000000
1,11,40,1.048872180451130,3.662087912087910,5.094334720915010,6.181777694029980,7.534273338476300,9.660554181064970,12.562007466536300,16.145815786771700,17.703942112142500,24.286946688190200,26.440049913917700,26.766390051611300,28.660975984345400,35.274063896306900,35.562301620290900,40.095662217624200,42.649443515809700,45.652773591514700,48.272060412688500,51.634840606122900,62.684567711675000,62.429805279017100,0.000000000000000,0.000000000000000,0.000000000000000,0.000000000000000,0.000000000000000,0.000000000000000,0.000000000000000,0.000000000000000,0.000000000000000,0.000000000000000,0.000000000000000,0.000000000000000,0.000000000000000,0.000000000000000,0.000000000000000,0.000000000000000,0.000000000000000,0.000000000000000,0.000000000000000,0.000000000000000,0.000000000000000,0.000000000000000,0.000000000000000,0.000000000000000,0.000000000000000,0.000000000000000,0.000000000000000,0.000000000000000
1,11,41,1.057971014492750,3.187969924812030,5.824308203007810,6.199304998080240,9.026789227505420,10.845905514831600,12.293521926575500,15.978442844320200,19.189712415511900,19.322886376848700,21.715294317086400,29.312564589173900,28.344582040783700,32.274490418088500,30.056189395129800,35.561867394024300,39.907749398973300,42.669930093754100,45.357311692628200,47.725835869913400,54.682518352728000,63.295317678953500,65.585858585858600,0.000000000000000,0.000000000000000,0.000000000000000,0.000000000000000,0.000000000000000,0.000000000000000,0.000000000000000,0.000000000000000,0.000000000000000,0.000000000000000,0.000000000000000,0.000000000000000,0.000000000000000,0.000000000000000,0.000000000000000,0.000000000000000,0.000000000000000,0.000000000000000,0.000000000000000,0.000000000000000,0.000000000000000,0.000000000000000,0.000000000000000,0.000000000000000,0.000000000000000,0.000000000000000,0.000000000000000
1,11,42,0.976377952755905,2.591872090854760,5.445606694560670,6.237801945851070,8.099643177403440,12.007362435796700,13.130217838117500,15.261376975258100,19.164666928810700,22.184931447183200,24.603805907342000,25.789433538384400,26.726399630192200,31.264401804869300,34.848320277829500,37.506065388477100,40.627610811117300,40.682613590794400,41.601920943079500,46.628524476823000,52.366006838771100,55.390414950039000,64.299786755391600,64.941554478191700,0.000000000000000,0.000000000000000,0.000000000000000,0.000000000000000,0.000000000000000,0.000000000000000,0.000000000000000,0.000000000000000,0.000000000000000,0.000000000000000,0.000000000000000,0.000000000000000,0.000000000000000,0.000000000000000,0.000000000000000,0.000000000000000,0.000000000000000,0.000000000000000,0.000000000000000,0.000000000000000,0.000000000000000,0.000000000000000,0.000000000000000,0.000000000000000,0.000000000000000,0.000000000000000
1,11,43,0.750988142292490,2.937343358395990,5.135751559828910,7.080574690300860,8.900575414475330,10.337169460719400,11.872691116844000,16.067500393030300,17.802157618944500,21.418308187775900,22.762588286343300,26.058382841679800,29.668283063800100,32.236713452585800,33.206979068428200,37.088158651721800,37.351686395868200,36.811557409021800,44.010885899799500,43.153010160799200,47.586830345071100,50.558751663254200,58.807818344941200,65.343714907055100,63.657139162895400,0.000000000000000,0.000000000000000,0.000000000000000,0.000000000000000,0.000000000000000,0.000000000000000,0.000000000000000,0.000000000000000,0.000000000000000,0.000000000000000,0.000000000000000,0.000000000000000,0.000000000000000,0.000000000000000,0.000000000000000,0.000000000000000,0.000000000000000,0.000000000000000,0.000000000000000,0.000000000000000,0.000000000000000,0.000000000000000,0.000000000000000,0.000000000000000,0.000000000000000
1,11,44,1.034615384615380,3.114143920595530,4.678373382624770,6.166389351081530,7.609957738271960,10.724949063138500,12.355851731438300,15.743774289509700,13.715418157531200,21.380313993598400,24.837242378729200,26.509668851740500,29.250592290129800,32.314835705375500,32.295323387372100,38.793160887302000,36.171955282751800,39.174509410775900,41.209716209133500,41.204836493132700,47.223147262885900,47.170701500868100,49.417203016157700,56.257422789124100,63.171306869026600,64.172193112940700,0.000000000000000,0.000000000000000,0.000000000000000,0.000000000000000,0.000000000000000,0.000000000000000,0.000000000000000,0.000000000000000,0.000000000000000,0.000000000000000,0.000000000000000,0.000000000000000,0.000000000000000,0.000000000000000,0.000000000000000,0.000000000000000,0.000000000000000,0.000000000000000,0.000000000000000,0.000000000000000,0.000000000000000,0.000000000000000,0.000000000000000,0.000000000000000
1,11,45,1.048327137546470,2.915294270805920,5.667863554757630,6.428560884464610,8.902543355749340,11.141547079275600,13.911723639666400,15.461430865517100,18.392700774720000,20.382639849991500,25.454996005827200,27.346796276485200,27.574600753719400,33.684166237122100,35.312045271863600,33.642958666908600,39.723651844536500,37.598913823502200,44.267452080581700,42.108912290105600,43.721441266597000,46.546536518720200,49.989389275288300,51.310546882506600,55.741579123839500,65.639812465537100,57.159381301905200,0.000000000000000,0.000000000000000,0.000000000000000,0.000000000000000,0.000000000000000,0.000000000000000,0.000000000000000,0.000000000000000,0.000000000000000,0.000000000000000,0.000000000000000,0.000000000000000,0.000000000000000,0.000000000000000,0.000000000000000,0.000000000000000,0.000000000000000,0.000000000000000,0.000000000000000,0.000000000000000,0.000000000000000,0.000000000000000,0.000000000000000
1,11,46,0.996551724137931,2.702380952380950,5.411953467238520,7.544605722760870,8.929831009454250,11.721552878179400,13.386486168288600,15.963455051496600,19.587735427379000,22.016714689616300,24.264064153119300,28.224384763697200,33.072278991379200,36.943471362265200,36.164093155753800,38.448612820537500,39.840093685049800,38.794054850921500,43.764726632481000,44.353091427504500,46.258403127238000,45.491908564783800,52.632528472905100,51.799449815953400,52.826945294604100,57.655740158129300,66.263284108204000,68.356426820947200,0.000000000000000,0.000000000000000,0.000000000000000,0.000000000000000,0.000000000000000,0.000000000000000,0.000000000000000,0.000000000000000,0.000000000000000,0.000000000000000,0.000000000000000,0.000000000000000,0.000000000000000,0.000000000000000,0.000000000000000,0.000000000000000,0.000000000000000,0.000000000000000,0.000000000000000,0.000000000000000,0.000000000000000,0.000000000000000
1,11,47,1.035894318412120,3.164855072463770,5.196823317078720,6.757534246575340,8.657295850066930,12.792125135019100,13.380110085487500,15.989883323129000,20.770666251221800,23.036635570583200,25.574847048463200,28.150877089576700,29.872149886396500,34.634893748253100,35.319751201016200,38.256862661407600,39.833403646769200,41.869804449202200,42.762331616427400,43.359463953635100,46.190311440683100,43.966057234838300,48.461250259980100,47.280024356662400,50.141693005519800,57.811604960741600,60.328565173183500,67.051186603838800,62.151316065369000,0.000000000000000,0.000000000000000,0.000000000000000,0.000000000000000,0.000000000000000,0.000000000000000,0.000000000000000,0.000000000000000,0.000000000000000,0.000000000000000,0.000000000000000,0.000000000000000,0.000000000000000,0.000000000000000,0.000000000000000,0.000000000000000,0.000000000000000,0.000000000000000,0.000000000000000,0.000000000000000,0.000000000000000
1,11,48,0.887850467289720,3.131782945736430,5.025307942557520,7.514376986970420,9.354108203105400,11.385376261476000,14.082015164158400,16.958662760379400,18.806764779996300,24.970349272122200,28.633178109436300,30.734665613199300,32.721892294432500,36.369467774751000,37.036726068395200,37.311994571351500,39.276258255700800,42.826686407482400,41.635759262431500,43.791509423856000,40.660573493238900,47.509928854974800,46.165264669316700,48.841828141745000,48.822679897106200,49.861148238206900,55.933200502352700,61.753577919293700,66.566892920817600,64.111398044121900,0.000000000000000,0.000000000000000,0.000000000000000,0.000000000000000,0.000000000000000,0.000000000000000,0.000000000000000,0.000000000000000,0.000000000000000,0.000000000000000,0.000000000000000,0.000000000000000,0.000000000000000,0.000000000000000,0.000000000000000,0.000000000000000,0.000000000000000,0.000000000000000,0.000000000000000,0.000000000000000
1,11,49,0.722167863535399,3.157242372342300,5.202916089082670,7.192695214105790,9.888884861922890,12.304905425950300,15.149534862880300,18.063447353000400,19.153372473667100,23.857992812708100,25.893421889041200,28.637849082209400,30.619733935754300,33.978198970038000,40.338941962961800,39.695751661241100,38.273378420402200,42.591958132791700,42.311774345980800,45.811860918696200,42.789832402433200,46.090906135705200,48.306549546895400,49.442879201528900,49.034182049160700,51.984731710611100,54.809048443235700,59.993240154027800,60.420623879007300,68.285800924188400,66.286069651741300,0.000000000000000,0.000000000000000,0.000000000000000,0.000000000000000,0.000000000000000,0.000000000000000,0.000000000000000,0.000000000000000,0.000000000000000,0.000000000000000,0.000000000000000,0.000000000000000,0.000000000000000,0.000000000000000,0.000000000000000,0.000000000000000,0.000000000000000,0.000000000000000,0.000000000000000
1,11,50,0.883516483516483,3.022368807419220,4.878151260504200,7.788185849875570,9.770357471898430,11.895099338791800,14.452430478951500,17.210178663054500,19.489730688946800,24.351635351716500,23.547304031688600,33.278081721163700,33.469129415925600,36.674110567203900,39.200043935009400,39.391727178887700,40.204334040537400,42.317575419770100,43.620551089535000,41.024863960939500,42.996961625134100,46.537618093761800,49.265869064565000,50.721053269216400,49.505685498778000,47.268755105094900,52.463564743943700,48.011161618344500,58.088059805686700,61.067209261213600,69.074155839652500,65.984631619189300,0.000000000000000,0.000000000000000,0.000000000000000,0.000000000000000,0.000000000000000,0.000000000000000,0.000000000000000,0.000000000000000,0.000000000000000,0.000000000000000,0.000000000000000,0.000000000000000,0.000000000000000,0.000000000000000,0.000000000000000,0.000000000000000,0.000000000000000,0.000000000000000
1,11,51,0.961177214767666,2.706434316353890,4.966788812035350,7.306509766073700,10.093599643037100,12.555643783163600,15.064620985568900,17.110910141296900,21.752358490566000,27.344498169662700,28.034589533898800,30.649371771295100,34.797019980175000,37.413198515970000,37.217441444277400,40.422689663617700,43.069871666693800,44.030631879454200,43.701205238850000,44.570591293506600,48.238772650301500,46.760447775772600,47.092508842024300,47.883748784619400,47.272566281197100,46.794996033434500,49.190519339797500,52.811569923380900,56.101565573389100,57.104879418974000,64.557392359912400,69.765074006330500,77.843959727712200,0.000000000000000,0.000000000000000,0.000000000000000,0.000000000000000,0.000000000000000,0.000000000000000,0.000000000000000,0.000000000000000,0.000000000000000,0.000000000000000,0.000000000000000,0.000000000000000,0.000000000000000,0.000000000000000,0.000000000000000,0.000000000000000,0.000000000000000
1,11,52,0.840740740740741,2.647904191616770,5.352165131465530,6.619238770571360,9.181564198596540,12.579806100338900,15.652665514942500,17.765709789762800,20.689881734559800,25.461623040075500,27.631461425353100,30.509437129001200,32.439912417417000,37.985518064900200,39.223914385191200,38.116020829572800,40.994409403018700,43.825861226852100,40.801718667353500,42.012360386801700,41.372248227123900,44.367173017204500,50.483955746160000,48.993598593793800,46.838750333168000,49.648293156661500,49.758596667963400,49.469459390951800,50.580629362865600,52.519956414599300,58.065763182128200,56.214801180354100,73.305272851559100,71.210702341137100,0.000000000000000,0.000000000000000,0.000000000000000,0.000000000000000,0.000000000000000,0.000000000000000,0.000000000000000,0.000000000000000,0.000000000000000,0.000000000000000,0.000000000000000,0.000000000000000,0.000000000000000,0.000000000000000,0.000000000000000,0.000000000000000
1,11,53,0.833078101071975,2.119167278377110,4.647307286166840,6.451505016722410,9.194034976824990,12.653282757017600,15.450190716821000,17.783059969843000,19.858367451500800,24.416387693090100,25.889339699495400,31.560972502053100,32.108868500537100,38.019277473486500,38.880157966093900,38.578013534714600,40.664103141072800,41.046977720418900,43.404633036524700,45.573254205563200,42.296304578722800,49.882875251930700,47.819946747103900,45.253857925283600,50.290926911639600,49.116116929255800,45.740203279792800,48.366434368990300,50.686786603271000,46.616424122555900,52.710575612375000,52.055337376048300,61.502482245668400,73.301228786852400,69.990963855421700,0.000000000000000,0.000000000000000,0.000000000000000,0.000000000000000,0.000000000000000,0.000000000000000,0.000000000000000,0.000000000000000,0.000000000000000,0.000000000000000,0.000000000000000,0.000000000000000,0.000000000000000,0.000000000000000,0.000000000000000
1,11,54,0.813609467455621,2.404906402718440,4.251530973616190,6.828266303076720,9.305676855895190,11.535152151101800,13.601810913928200,17.030623543688900,17.323684298491100,26.289472806531800,27.098520186757000,30.655069171580900,34.359601327273000,37.515689520107000,37.927314062218900,38.229301511647400,42.464041144322200,43.210223309518500,39.626460319766400,45.706056523535400,44.629494797153500,46.077968648543900,49.281057423641300,48.247302668810700,46.718813977285300,45.177130200287000,46.513890448031200,46.913066793786500,48.582108078070900,45.566955116258700,50.658393455149700,47.640552290361700,56.539761360628700,62.239475313649500,68.697837933245100,75.853896103896100,0.000000000000000,0.000000000000000,0.000000000000000,0.000000000000000,0.000000000000000,0.000000000000000,0.000000000000000,0.000000000000000,0.000000000000000,0.000000000000000,0.000000000000000,0.000000000000000,0.000000000000000,0.000000000000000
1,11,55,0.641099855282200,2.346485918941910,4.464250734573950,6.312114455844770,9.031451930677960,10.939123881488800,12.833631339156400,16.343772590316200,18.377643504531700,27.117927737531000,28.053259644467900,31.176712518737200,32.077746070135300,34.890035241659000,35.702970181283100,40.549117547508100,41.403444545456900,42.291184231249600,42.750026032867500,46.394382959249900,46.561045430741200,46.521829625142100,48.431334891066900,46.805179131258000,50.214761086356500,48.391413884667600,45.481118947535500,50.911812385332000,43.527320346424300,47.854075562357000,48.352679318966800,47.356623021574800,51.826586378414800,50.776319763101900,58.098417249318800,69.197302460830900,77.656652360515000,0.000000000000000,0.000000000000000,0.000000000000000,0.000000000000000,0.000000000000000,0.000000000000000,0.000000000000000,0.000000000000000,0.000000000000000,0.000000000000000,0.000000000000000,0.000000000000000,0.000000000000000
1,11,56,0.615273012961087,2.059956909902310,3.986924598153600,6.071142915636850,9.243413873019660,9.839273982391250,13.354937854257800,17.774914431723800,17.394669380822800,20.840032425105300,27.132819135963400,33.023106982648100,33.456541320981000,35.789084416088600,35.512313419697000,38.869525624823100,40.951318865929800,42.134390018837900,40.551878004410300,42.644130614815300,47.673980171747900,44.277526298847100,48.179884460550200,47.683860299371400,45.780879029528000,47.584734077351200,43.977349614335100,48.069021296474500,46.200650784839300,44.871129040769500,45.044832895905100,44.434446426637300,48.002405322466600,50.162871456963300,49.529189011739700,61.820712694877500,67.267279031503400,64.246835443038000,0.000000000000000,0.000000000000000,0.000000000000000,0.000000000000000,0.000000000000000,0.000000000000000,0.000000000000000,0.000000000000000,0.000000000000000,0.000000000000000,0.000000000000000,0.000000000000000
1,11,57,0.712763222468268,1.924955548346880,3.679997209138790,5.662658650634600,7.628503204718110,9.756915339480300,12.445428124121000,15.193307026694200,19.028195666347200,22.153253352860800,22.706514958662200,31.226958525345600,30.927982924496800,34.046421205913900,35.565968832881700,35.805207302911500,39.273385386602300,40.205896943528600,42.285528205288900,43.743376037038000,42.537754998756500,43.276962167999200,44.084305166157300,44.736820108848000,45.537486748862000,45.224083472690100,44.424337472739000,48.656358870121700,47.830347265700500,49.124968963145800,43.283487727096400,44.503682978375300,43.269757846936100,46.913324261245300,49.387043014679100,49.139912272544200,61.217131474103600,66.016088375950700,70.753378378378400,0.000000000000000,0.000000000000000,0.000000000000000,0.000000000000000,0.000000000000000,0.000000000000000,0.000000000000000,0.000000000000000,0.000000000000000,0.000000000000000,0.000000000000000
1,11,58,0.524696356275304,1.720461095100860,3.367012963002090,5.151197114455350,6.894537376646540,11.048092906303000,12.616631758142100,14.206843119337400,16.871216743403400,19.878227432897700,23.231829731171800,28.716087130382600,29.612829324169500,32.068008754280700,35.038399876976500,34.769328795923500,38.202536513723600,36.914121215702400,42.061416549977900,45.914973747288200,43.379951260200000,48.181717046969800,43.946399324206600,45.916632045679600,45.759549964854600,47.299627559114800,44.114499404610200,44.529845270343100,45.774217219842300,45.219653293868300,46.063917131960900,45.440535089721200,43.062782380637200,42.238328020531800,42.664680012921000,48.478194068601400,47.962875187066100,55.377033159206900,71.606481906545400,72.691119691119700,0.000000000000000,0.000000000000000,0.000000000000000,0.000000000000000,0.000000000000000,0.000000000000000,0.000000000000000,0.000000000000000,0.000000000000000,0.000000000000000
1,11,59,0.518026565464896,1.494476190476190,3.307301575339800,4.865126294466670,7.132177692615560,9.858167751978330,10.873191628976500,12.908888888888900,17.296217101062600,20.137891083116400,24.692786237801400,27.776740241014800,29.623810258575900,31.406570841889100,34.013829802648800,40.177647362804400,38.446025536583900,39.838565889093400,37.127551169118500,43.285499017650500,43.633803907244200,41.554227279130200,44.570682558710700,47.595379440144600,46.389692859194800,48.382024577129300,46.863130768745500,42.790275679878600,47.366066384948800,46.973543166910800,46.038279285851300,44.685491970961800,46.841021152934600,43.860049071427800,42.608959938320600,44.612553498963200,45.784581284635900,48.860048834000400,57.275999853547300,73.180773107022500,81.026548672566400,0.000000000000000,0.000000000000000,0.000000000000000,0.000000000000000,0.000000000000000,0.000000000000000,0.000000000000000,0.000000000000000,0.000000000000000
1,11,60,0.044117647058824,0.008403361344538,0.388349514563107,0.469387755102041,0.898089171974522,1.533834586466170,2.033898305084750,1.166666666666670,2.272727272727270,4.444444444444440,3.365853658536590,0.777777777777778,3.419354838709680,2.434782608695650,2.483333333333330,5.754385964912280,3.109375000000000,4.933333333333330,6.620000000000000,8.101694915254240,4.238095238095240,2.627118644067800,5.204081632653060,8.791666666666670,2.852941176470590,6.765957446808510,18.105263157894700,3.916666666666670,5.750000000000000,1.660714285714290,2.884615384615390,3.465517241379310,0.112903225806452,14.830769230769200,9.814814814814810,11.677966101694900,8.347826086956520,8.816091954022990,8.176470588235290,6.493333333333330,7.508108108108110,0.000000000000000,0.000000000000000,0.000000000000000,0.000000000000000,0.000000000000000,0.000000000000000,0.000000000000000,0.000000000000000,0.000000000000000
1,11,61,0.004524886877828,0.119047619047619,0.446494464944649,0.280373831775701,0.272727272727273,1.053846153846150,0.737931034482759,0.715596330275229,1.595744680851060,4.113402061855670,2.393617021276600,4.250000000000000,2.915492957746480,10.217391304347800,3.316666666666670,5.842105263157890,3.651515151515150,3.681159420289860,1.611111111111110,5.515625000000000,4.020408163265310,3.365384615384620,8.516129032258070,4.647058823529410,3.808510638297870,1.340425531914890,1.571428571428570,4.218181818181820,8.348837209302320,10.071428571428600,5.902439024390240,8.035714285714290,9.040000000000000,5.920000000000000,9.220000000000000,7.208333333333330,3.535714285714290,2.514285714285710,7.698924731182800,6.333333333333330,10.461538461538500,6.260000000000000,0.000000000000000,0.000000000000000,0.000000000000000,0.000000000000000,0.000000000000000,0.000000000000000,0.000000000000000,0.000000000000000
1,11,62,0.081818181818182,0.115131578947368,0.033816425120773,0.152027027027027,0.615000000000000,0.769696969696970,0.774834437086093,0.721311475409836,2.905660377358490,2.427272727272730,3.674157303370790,5.137931034482760,2.259740259740260,4.943661971830990,5.660000000000000,4.048387096774190,1.133333333333330,3.750000000000000,6.629629629629630,14.550000000000000,7.263157894736840,8.785714285714290,10.000000000000000,6.567567567567570,14.813953488372100,7.070175438596490,4.844444444444440,7.074074074074070,9.754385964912280,12.403225806451600,5.466666666666670,7.704918032786890,10.781250000000000,8.730769230769230,9.981818181818180,5.216666666666670,4.344827586206900,5.026315789473680,9.069444444444440,4.681159420289860,10.011235955056200,10.661538461538500,5.025000000000000,5.000000000000000,0.000000000000000,0.000000000000000,0.000000000000000,0.000000000000000,0.000000000000000,0.000000000000000
1,11,63,0.000000000000000,0.047945205479452,0.028806584362140,0.183962264150943,0.266355140186916,0.924528301886792,1.044117647058820,1.426086956521740,3.053435114503820,0.688073394495413,4.058252427184470,4.678571428571430,4.417910447761190,3.969230769230770,2.655172413793100,4.781250000000000,5.450000000000000,6.860000000000000,9.698113207547170,12.842105263157900,5.294117647058820,4.675000000000000,8.037037037037040,12.450000000000000,6.489795918367350,3.181818181818180,8.568627450980390,5.820000000000000,3.925000000000000,11.976190476190500,6.574074074074070,1.730769230769230,20.175000000000000,8.344827586206900,3.000000000000000,8.000000000000000,6.784615384615380,6.500000000000000,8.904761904761910,14.529411764705900,8.364705882352940,10.414634146341500,10.061538461538500,5.165137614678900,0.000000000000000,0.000000000000000,0.000000000000000,0.000000000000000,0.000000000000000,0.000000000000000
1,11,64,0.000000000000000,0.010204081632653,0.120879120879121,0.007633587786260,0.148148148148148,1.157534246575340,1.819819819819820,1.258333333333330,2.731481481481480,2.300000000000000,4.635294117647060,3.293333333333330,2.516129032258060,2.081967213114750,9.672131147540980,4.031250000000000,16.818181818181800,4.687500000000000,9.279069767441860,9.018867924528300,4.127659574468090,9.363636363636360,12.794871794871800,2.150000000000000,5.413793103448270,10.500000000000000,9.069767441860460,7.166666666666670,7.190476190476190,1.088235294117650,2.775000000000000,4.825000000000000,5.875000000000000,6.333333333333330,10.869565217391300,5.979591836734690,11.717391304347800,4.689655172413790,9.545454545454540,10.318181818181800,7.587301587301590,15.083333333333300,6.036363636363640,13.741379310344800,6.827272727272730,0.000000000000000,0.000000000000000,0.000000000000000,0.000000000000000,0.000000000000000
1,11,65,0.000000000000000,0.000000000000000,0.000000000000000,0.000000000000000,0.000000000000000,0.000000000000000,0.000000000000000,0.000000000000000,0.000000000000000,0.000000000000000,0.000000000000000,0.000000000000000,0.000000000000000,0.000000000000000,0.000000000000000,62.000000000000000,0.000000000000000,0.000000000000000,0.000000000000000,0.000000000000000,0.000000000000000,0.000000000000000,0.000000000000000,0.000000000000000,0.000000000000000,0.000000000000000,0.000000000000000,0.000000000000000,0.000000000000000,0.000000000000000,0.000000000000000,0.000000000000000,0.000000000000000,0.000000000000000,0.000000000000000,0.000000000000000,0.000000000000000,20.500000000000000,0.000000000000000,15.666666666666700,14.000000000000000,0.000000000000000,0.000000000000000,0.000000000000000,0.000000000000000,12.000000000000000,0.000000000000000,0.000000000000000,0.000000000000000,0.000000000000000
1,11,66,0.000000000000000,0.000000000000000,0.000000000000000,0.000000000000000,0.000000000000000,0.000000000000000,0.000000000000000,0.000000000000000,0.000000000000000,0.000000000000000,0.000000000000000,0.000000000000000,0.000000000000000,0.000000000000000,0.000000000000000,0.000000000000000,0.000000000000000,0.000000000000000,0.000000000000000,0.000000000000000,0.000000000000000,0.000000000000000,0.000000000000000,0.000000000000000,0.000000000000000,0.000000000000000,0.000000000000000,0.000000000000000,0.000000000000000,0.000000000000000,0.000000000000000,0.000000000000000,0.000000000000000,0.000000000000000,0.000000000000000,0.000000000000000,0.000000000000000,0.000000000000000,12.000000000000000,0.000000000000000,5.000000000000000,14.000000000000000,0.000000000000000,0.000000000000000,0.000000000000000,0.000000000000000,0.000000000000000,0.000000000000000,0.000000000000000,0.000000000000000
1,11,67,0.000000000000000,0.000000000000000,0.000000000000000,0.000000000000000,0.000000000000000,0.000000000000000,0.000000000000000,0.000000000000000,0.000000000000000,0.000000000000000,0.000000000000000,0.000000000000000,0.000000000000000,0.000000000000000,0.000000000000000,0.000000000000000,0.000000000000000,0.000000000000000,0.000000000000000,0.000000000000000,0.000000000000000,0.000000000000000,0.000000000000000,0.000000000000000,0.000000000000000,0.000000000000000,0.000000000000000,0.000000000000000,0.000000000000000,0.000000000000000,0.000000000000000,0.000000000000000,0.000000000000000,0.000000000000000,0.000000000000000,0.000000000000000,22.000000000000000,0.000000000000000,0.000000000000000,0.000000000000000,0.000000000000000,4.000000000000000,15.000000000000000,0.000000000000000,0.000000000000000,0.000000000000000,0.000000000000000,0.000000000000000,0.000000000000000,0.000000000000000
1,11,68,0.000000000000000,0.000000000000000,0.000000000000000,0.000000000000000,0.000000000000000,0.000000000000000,0.000000000000000,0.000000000000000,0.000000000000000,29.000000000000000,0.000000000000000,0.000000000000000,0.000000000000000,0.000000000000000,0.000000000000000,0.000000000000000,0.000000000000000,0.000000000000000,0.000000000000000,0.000000000000000,0.000000000000000,0.000000000000000,0.000000000000000,0.000000000000000,0.000000000000000,0.000000000000000,0.000000000000000,0.000000000000000,0.000000000000000,0.000000000000000,0.000000000000000,45.000000000000000,0.000000000000000,0.000000000000000,0.000000000000000,10.000000000000000,0.000000000000000,0.000000000000000,0.000000000000000,0.000000000000000,0.000000000000000,0.000000000000000,0.000000000000000,0.000000000000000,0.000000000000000,0.000000000000000,0.000000000000000,0.000000000000000,0.000000000000000,0.000000000000000
1,11,69,0.000000000000000,0.000000000000000,0.000000000000000,0.000000000000000,0.000000000000000,0.000000000000000,0.000000000000000,0.000000000000000,0.000000000000000,0.000000000000000,0.000000000000000,0.000000000000000,0.000000000000000,0.000000000000000,0.000000000000000,0.000000000000000,0.000000000000000,0.000000000000000,0.000000000000000,0.000000000000000,0.000000000000000,0.000000000000000,0.000000000000000,0.000000000000000,0.000000000000000,0.000000000000000,0.000000000000000,0.000000000000000,0.000000000000000,0.000000000000000,0.000000000000000,0.000000000000000,0.000000000000000,0.000000000000000,0.000000000000000,0.000000000000000,0.000000000000000,0.000000000000000,0.000000000000000,0.000000000000000,0.000000000000000,0.000000000000000,0.000000000000000,0.000000000000000,0.000000000000000,37.000000000000000,0.000000000000000,0.000000000000000,0.000000000000000,0.000000000000000
1,12,20,0.003323447643483,0.003197734930379,0.000000000000000,0.000000000000000,0.000000000000000,0.000000000000000,0.000000000000000,0.000000000000000,0.000000000000000,0.000000000000000,0.000000000000000,0.000000000000000,0.000000000000000,0.000000000000000,0.000000000000000,0.000000000000000,0.000000000000000,0.000000000000000,0.000000000000000,0.000000000000000,0.000000000000000,0.000000000000000,0.000000000000000,0.000000000000000,0.000000000000000,0.000000000000000,0.000000000000000,0.000000000000000,0.000000000000000,0.000000000000000,0.000000000000000,0.000000000000000,0.000000000000000,0.000000000000000,0.000000000000000,0.000000000000000,0.000000000000000,0.000000000000000,0.000000000000000,0.000000000000000,0.000000000000000,0.000000000000000,0.000000000000000,0.000000000000000,0.000000000000000,0.000000000000000,0.000000000000000,0.000000000000000,0.000000000000000,0.000000000000000
1,12,21,0.025522557779158,0.013347455744488,0.008684962919781,0.000000000000000,0.000000000000000,0.000000000000000,0.000000000000000,0.000000000000000,0.000000000000000,0.000000000000000,0.000000000000000,0.000000000000000,0.000000000000000,0.000000000000000,0.000000000000000,0.000000000000000,0.000000000000000,0.000000000000000,0.000000000000000,0.000000000000000,0.000000000000000,0.000000000000000,0.000000000000000,0.000000000000000,0.000000000000000,0.000000000000000,0.000000000000000,0.000000000000000,0.000000000000000,0.000000000000000,0.000000000000000,0.000000000000000,0.000000000000000,0.000000000000000,0.000000000000000,0.000000000000000,0.000000000000000,0.000000000000000,0.000000000000000,0.000000000000000,0.000000000000000,0.000000000000000,0.000000000000000,0.000000000000000,0.000000000000000,0.000000000000000,0.000000000000000,0.000000000000000,0.000000000000000,0.000000000000000
1,12,22,0.034706154558075,0.104081519997603,0.023705765183429,0.027885633603953,0.000000000000000,0.000000000000000,0.000000000000000,0.000000000000000,0.000000000000000,0.000000000000000,0.000000000000000,0.000000000000000,0.000000000000000,0.000000000000000,0.000000000000000,0.000000000000000,0.000000000000000,0.000000000000000,0.000000000000000,0.000000000000000,0.000000000000000,0.000000000000000,0.000000000000000,0.000000000000000,0.000000000000000,0.000000000000000,0.000000000000000,0.000000000000000,0.000000000000000,0.000000000000000,0.000000000000000,0.000000000000000,0.000000000000000,0.000000000000000,0.000000000000000,0.000000000000000,0.000000000000000,0.000000000000000,0.000000000000000,0.000000000000000,0.000000000000000,0.000000000000000,0.000000000000000,0.000000000000000,0.000000000000000,0.000000000000000,0.000000000000000,0.000000000000000,0.000000000000000,0.000000000000000
1,12,23,0.012948793407887,0.048629236905100,0.121741508899722,0.091407184589185,0.048882681564246,0.000000000000000,0.000000000000000,0.000000000000000,0.000000000000000,0.000000000000000,0.000000000000000,0.000000000000000,0.000000000000000,0.000000000000000,0.000000000000000,0.000000000000000,0.000000000000000,0.000000000000000,0.000000000000000,0.000000000000000,0.000000000000000,0.000000000000000,0.000000000000000,0.000000000000000,0.000000000000000,0.000000000000000,0.000000000000000,0.000000000000000,0.000000000000000,0.000000000000000,0.000000000000000,0.000000000000000,0.000000000000000,0.000000000000000,0.000000000000000,0.000000000000000,0.000000000000000,0.000000000000000,0.000000000000000,0.000000000000000,0.000000000000000,0.000000000000000,0.000000000000000,0.000000000000000,0.000000000000000,0.000000000000000,0.000000000000000,0.000000000000000,0.000000000000000,0.000000000000000
1,12,24,0.016437974801198,0.089251810949661,0.112764796476924,0.204579476908526,0.152936332226877,0.137181409295352,0.000000000000000,0.000000000000000,0.000000000000000,0.000000000000000,0.000000000000000,0.000000000000000,0.000000000000000,0.000000000000000,0.000000000000000,0.000000000000000,0.000000000000000,0.000000000000000,0.000000000000000,0.000000000000000,0.000000000000000,0.000000000000000,0.000000000000000,0.000000000000000,0.000000000000000,0.000000000000000,0.000000000000000,0.000000000000000,0.000000000000000,0.000000000000000,0.000000000000000,0.000000000000000,0.000000000000000,0.000000000000000,0.000000000000000,0.000000000000000,0.000000000000000,0.000000000000000,0.000000000000000,0.000000000000000,0.000000000000000,0.000000000000000,0.000000000000000,0.000000000000000,0.000000000000000,0.000000000000000,0.000000000000000,0.000000000000000,0.000000000000000,0.000000000000000
1,12,25,0.005093232157096,0.066013506289083,0.163487614257953,0.204096736366004,0.313709384835857,0.281446715296212,0.178828365878726,0.000000000000000,0.000000000000000,0.000000000000000,0.000000000000000,0.000000000000000,0.000000000000000,0.000000000000000,0.000000000000000,0.000000000000000,0.000000000000000,0.000000000000000,0.000000000000000,0.000000000000000,0.000000000000000,0.000000000000000,0.000000000000000,0.000000000000000,0.000000000000000,0.000000000000000,0.000000000000000,0.000000000000000,0.000000000000000,0.000000000000000,0.000000000000000,0.000000000000000,0.000000000000000,0.000000000000000,0.000000000000000,0.000000000000000,0.000000000000000,0.000000000000000,0.000000000000000,0.000000000000000,0.000000000000000,0.000000000000000,0.000000000000000,0.000000000000000,0.000000000000000,0.000000000000000,0.000000000000000,0.000000000000000,0.000000000000000,0.000000000000000
1,12,26,0.019289340101523,0.090784982935154,0.140618798089801,0.196975536024482,0.385241346080728,0.479580565313624,0.351541617769353,0.416230366492147,0.000000000000000,0.000000000000000,0.000000000000000,0.000000000000000,0.000000000000000,0.000000000000000,0.000000000000000,0.000000000000000,0.000000000000000,0.000000000000000,0.000000000000000,0.000000000000000,0.000000000000000,0.000000000000000,0.000000000000000,0.000000000000000,0.000000000000000,0.000000000000000,0.000000000000000,0.000000000000000,0.000000000000000,0.000000000000000,0.000000000000000,0.000000000000000,0.000000000000000,0.000000000000000,0.000000000000000,0.000000000000000,0.000000000000000,0.000000000000000,0.000000000000000,0.000000000000000,0.000000000000000,0.000000000000000,0.000000000000000,0.000000000000000,0.000000000000000,0.000000000000000,0.000000000000000,0.000000000000000,0.000000000000000,0.000000000000000
1,12,27,0.035352023421021,0.052761747732894,0.201189667972125,0.208280373347701,0.306219443013948,0.471325271986376,0.483735044330317,0.451610423622005,0.535839451396371,0.000000000000000,0.000000000000000,0.000000000000000,0.000000000000000,0.000000000000000,0.000000000000000,0.000000000000000,0.000000000000000,0.000000000000000,0.000000000000000,0.000000000000000,0.000000000000000,0.000000000000000,0.000000000000000,0.000000000000000,0.000000000000000,0.000000000000000,0.000000000000000,0.000000000000000,0.000000000000000,0.000000000000000,0.000000000000000,0.000000000000000,0.000000000000000,0.000000000000000,0.000000000000000,0.000000000000000,0.000000000000000,0.000000000000000,0.000000000000000,0.000000000000000,0.000000000000000,0.000000000000000,0.000000000000000,0.000000000000000,0.000000000000000,0.000000000000000,0.000000000000000,0.000000000000000,0.000000000000000,0.000000000000000
1,12,28,0.009433962264151,0.095467695274831,0.188592557871373,0.232021358162917,0.408294416496386,0.470896674130761,0.487432958989282,0.613501113067216,0.604412942185889,0.572752749541975,0.000000000000000,0.000000000000000,0.000000000000000,0.000000000000000,0.000000000000000,0.000000000000000,0.000000000000000,0.000000000000000,0.000000000000000,0.000000000000000,0.000000000000000,0.000000000000000,0.000000000000000,0.000000000000000,0.000000000000000,0.000000000000000,0.000000000000000,0.000000000000000,0.000000000000000,0.000000000000000,0.000000000000000,0.000000000000000,0.000000000000000,0.000000000000000,0.000000000000000,0.000000000000000,0.000000000000000,0.000000000000000,0.000000000000000,0.000000000000000,0.000000000000000,0.000000000000000,0.000000000000000,0.000000000000000,0.000000000000000,0.000000000000000,0.000000000000000,0.000000000000000,0.000000000000000,0.000000000000000
1,12,29,0.042031523642732,0.110977080820265,0.111281113357727,0.280722327106733,0.348087684080822,0.557660378603449,0.627695771632463,0.917290148934298,0.907227380905005,0.769932495628317,0.662884927066451,0.000000000000000,0.000000000000000,0.000000000000000,0.000000000000000,0.000000000000000,0.000000000000000,0.000000000000000,0.000000000000000,0.000000000000000,0.000000000000000,0.000000000000000,0.000000000000000,0.000000000000000,0.000000000000000,0.000000000000000,0.000000000000000,0.000000000000000,0.000000000000000,0.000000000000000,0.000000000000000,0.000000000000000,0.000000000000000,0.000000000000000,0.000000000000000,0.000000000000000,0.000000000000000,0.000000000000000,0.000000000000000,0.000000000000000,0.000000000000000,0.000000000000000,0.000000000000000,0.000000000000000,0.000000000000000,0.000000000000000,0.000000000000000,0.000000000000000,0.000000000000000,0.000000000000000
1,12,30,0.072796934865900,0.101459448186956,0.195120040546695,0.258922967325564,0.397677287720533,0.438516205374354,0.787711967622640,0.934629796426887,0.762466060444299,0.961024860428194,0.824796426907663,0.933042950333351,0.000000000000000,0.000000000000000,0.000000000000000,0.000000000000000,0.000000000000000,0.000000000000000,0.000000000000000,0.000000000000000,0.000000000000000,0.000000000000000,0.000000000000000,0.000000000000000,0.000000000000000,0.000000000000000,0.000000000000000,0.000000000000000,0.000000000000000,0.000000000000000,0.000000000000000,0.000000000000000,0.000000000000000,0.000000000000000,0.000000000000000,0.000000000000000,0.000000000000000,0.000000000000000,0.000000000000000,0.000000000000000,0.000000000000000,0.000000000000000,0.000000000000000,0.000000000000000,0.000000000000000,0.000000000000000,0.000000000000000,0.000000000000000,0.000000000000000,0.000000000000000
1,12,31,0.008384553445659,0.148692810457516,0.187352578067160,0.297173174150326,0.393377935293819,0.696859497652064,0.644553341250745,0.919385461202030,0.758400243044758,1.023424087887560,1.225405753252680,0.878874557287316,0.836299408030904,0.000000000000000,0.000000000000000,0.000000000000000,0.000000000000000,0.000000000000000,0.000000000000000,0.000000000000000,0.000000000000000,0.000000000000000,0.000000000000000,0.000000000000000,0.000000000000000,0.000000000000000,0.000000000000000,0.000000000000000,0.000000000000000,0.000000000000000,0.000000000000000,0.000000000000000,0.000000000000000,0.000000000000000,0.000000000000000,0.000000000000000,0.000000000000000,0.000000000000000,0.000000000000000,0.000000000000000,0.000000000000000,0.000000000000000,0.000000000000000,0.000000000000000,0.000000000000000,0.000000000000000,0.000000000000000,0.000000000000000,0.000000000000000,0.000000000000000
1,12,32,0.034403669724771,0.085611472862482,0.161130974100222,0.341776084707571,0.390473417561141,0.470341835664090,0.575920203503317,0.754442858244658,0.885029606822672,1.011846372534950,1.245560378795650,1.393138798549470,0.922679927995480,0.851991736686522,0.000000000000000,0.000000000000000,0.000000000000000,0.000000000000000,0.000000000000000,0.000000000000000,0.000000000000000,0.000000000000000,0.000000000000000,0.000000000000000,0.000000000000000,0.000000000000000,0.000000000000000,0.000000000000000,0.000000000000000,0.000000000000000,0.000000000000000,0.000000000000000,0.000000000000000,0.000000000000000,0.000000000000000,0.000000000000000,0.000000000000000,0.000000000000000,0.000000000000000,0.000000000000000,0.000000000000000,0.000000000000000,0.000000000000000,0.000000000000000,0.000000000000000,0.000000000000000,0.000000000000000,0.000000000000000,0.000000000000000,0.000000000000000
1,12,33,0.068702290076336,0.151785714285714,0.274193548387097,0.264197250512638,0.360276856344765,0.458867303802877,0.747851628778904,0.765024231495913,1.192348520859590,1.078636305305550,1.389368308684360,1.471884444758700,1.323960585071840,0.965657768606872,0.755220101995380,0.000000000000000,0.000000000000000,0.000000000000000,0.000000000000000,0.000000000000000,0.000000000000000,0.000000000000000,0.000000000000000,0.000000000000000,0.000000000000000,0.000000000000000,0.000000000000000,0.000000000000000,0.000000000000000,0.000000000000000,0.000000000000000,0.000000000000000,0.000000000000000,0.000000000000000,0.000000000000000,0.000000000000000,0.000000000000000,0.000000000000000,0.000000000000000,0.000000000000000,0.000000000000000,0.000000000000000,0.000000000000000,0.000000000000000,0.000000000000000,0.000000000000000,0.000000000000000,0.000000000000000,0.000000000000000,0.000000000000000
1,12,34,0.029023746701847,0.089864307351079,0.297163995067817,0.210535447325127,0.406512843047527,0.330329387028262,0.540196644074668,0.564144645850490,0.942223441648524,1.233299553503910,1.734843939631270,1.276530234517070,1.591700743869770,1.620760842908970,1.085910156072960,0.947930232825821,0.000000000000000,0.000000000000000,0.000000000000000,0.000000000000000,0.000000000000000,0.000000000000000,0.000000000000000,0.000000000000000,0.000000000000000,0.000000000000000,0.000000000000000,0.000000000000000,0.000000000000000,0.000000000000000,0.000000000000000,0.000000000000000,0.000000000000000,0.000000000000000,0.000000000000000,0.000000000000000,0.000000000000000,0.000000000000000,0.000000000000000,0.000000000000000,0.000000000000000,0.000000000000000,0.000000000000000,0.000000000000000,0.000000000000000,0.000000000000000,0.000000000000000,0.000000000000000,0.000000000000000,0.000000000000000
1,12,35,0.003067165976573,0.033395176252319,0.243782951581969,0.408654445797569,0.263721981965503,0.438777233603766,0.850286115987737,0.936466815719100,0.992995986860724,1.053586839388980,1.418023906250810,1.102973375042080,1.319715805264440,1.716813289053240,1.633782492073640,1.176439467463910,1.426024955436720,0.000000000000000,0.000000000000000,0.000000000000000,0.000000000000000,0.000000000000000,0.000000000000000,0.000000000000000,0.000000000000000,0.000000000000000,0.000000000000000,0.000000000000000,0.000000000000000,0.000000000000000,0.000000000000000,0.000000000000000,0.000000000000000,0.000000000000000,0.000000000000000,0.000000000000000,0.000000000000000,0.000000000000000,0.000000000000000,0.000000000000000,0.000000000000000,0.000000000000000,0.000000000000000,0.000000000000000,0.000000000000000,0.000000000000000,0.000000000000000,0.000000000000000,0.000000000000000,0.000000000000000
1,12,36,0.039995484217498,0.120553359683794,0.224917452081247,0.193910939382389,0.390878855111782,0.647215907505494,0.548684382320562,0.735433207296051,1.133688750063490,1.334074050307790,1.262890919829000,2.004246798684220,1.686192954166830,1.863542431865090,1.961421569709730,2.151263704086280,1.323011189320270,1.571157495256170,0.000000000000000,0.000000000000000,0.000000000000000,0.000000000000000,0.000000000000000,0.000000000000000,0.000000000000000,0.000000000000000,0.000000000000000,0.000000000000000,0.000000000000000,0.000000000000000,0.000000000000000,0.000000000000000,0.000000000000000,0.000000000000000,0.000000000000000,0.000000000000000,0.000000000000000,0.000000000000000,0.000000000000000,0.000000000000000,0.000000000000000,0.000000000000000,0.000000000000000,0.000000000000000,0.000000000000000,0.000000000000000,0.000000000000000,0.000000000000000,0.000000000000000,0.000000000000000
1,12,37,0.039682539682540,0.211494252873563,0.156606851549755,0.190812147177299,0.424349515778688,0.484187399649892,0.648159466312197,0.766034987693915,0.991132491669795,1.152625364158160,1.534557763309560,2.022464656226840,1.667355348217350,2.108394115300670,2.243751641232810,2.166426525039570,2.110109853840650,1.733192070874700,1.767524491630450,0.000000000000000,0.000000000000000,0.000000000000000,0.000000000000000,0.000000000000000,0.000000000000000,0.000000000000000,0.000000000000000,0.000000000000000,0.000000000000000,0.000000000000000,0.000000000000000,0.000000000000000,0.000000000000000,0.000000000000000,0.000000000000000,0.000000000000000,0.000000000000000,0.000000000000000,0.000000000000000,0.000000000000000,0.000000000000000,0.000000000000000,0.000000000000000,0.000000000000000,0.000000000000000,0.000000000000000,0.000000000000000,0.000000000000000,0.000000000000000,0.000000000000000
1,12,38,0.111111111111111,0.188442211055276,0.209939106413246,0.269319425416209,0.401489936551916,0.520698351377746,1.097376534668150,0.719605644882145,1.222656213187350,1.043418465751440,1.258425479968800,1.616884876843180,1.845547703275980,2.074165259744350,2.248448251280270,2.159101142991890,2.619677975096940,2.144562262992240,1.889729793980310,1.438367844859840,0.000000000000000,0.000000000000000,0.000000000000000,0.000000000000000,0.000000000000000,0.000000000000000,0.000000000000000,0.000000000000000,0.000000000000000,0.000000000000000,0.000000000000000,0.000000000000000,0.000000000000000,0.000000000000000,0.000000000000000,0.000000000000000,0.000000000000000,0.000000000000000,0.000000000000000,0.000000000000000,0.000000000000000,0.000000000000000,0.000000000000000,0.000000000000000,0.000000000000000,0.000000000000000,0.000000000000000,0.000000000000000,0.000000000000000,0.000000000000000
1,12,39,0.067164179104478,0.213567839195980,0.195559734249055,0.321917808219178,0.449738618918530,0.572354328289302,0.761833400962517,0.739601918599473,0.965264927647265,1.435006186304190,1.620698234850160,1.475869847968260,1.946814311192160,1.796352345792790,2.254406186440230,2.310351032245860,2.750862546012710,2.173993155397330,2.419239926378360,1.879161452168170,1.323529411764710,0.000000000000000,0.000000000000000,0.000000000000000,0.000000000000000,0.000000000000000,0.000000000000000,0.000000000000000,0.000000000000000,0.000000000000000,0.000000000000000,0.000000000000000,0.000000000000000,0.000000000000000,0.000000000000000,0.000000000000000,0.000000000000000,0.000000000000000,0.000000000000000,0.000000000000000,0.000000000000000,0.000000000000000,0.000000000000000,0.000000000000000,0.000000000000000,0.000000000000000,0.000000000000000,0.000000000000000,0.000000000000000,0.000000000000000
1,12,40,0.082706766917293,0.203296703296703,0.219629572615684,0.209974871792467,0.477487210876824,0.701357461842097,0.794144988042385,0.674318056665875,1.391655280000620,1.374986902090300,1.454752394659860,1.515843981284860,1.578024281621090,2.425092716070160,2.089291991426070,2.764618466611220,1.858018657502850,2.371675943797090,2.512759578297870,2.218229558933420,1.815564239239730,1.824975687390440,0.000000000000000,0.000000000000000,0.000000000000000,0.000000000000000,0.000000000000000,0.000000000000000,0.000000000000000,0.000000000000000,0.000000000000000,0.000000000000000,0.000000000000000,0.000000000000000,0.000000000000000,0.000000000000000,0.000000000000000,0.000000000000000,0.000000000000000,0.000000000000000,0.000000000000000,0.000000000000000,0.000000000000000,0.000000000000000,0.000000000000000,0.000000000000000,0.000000000000000,0.000000000000000,0.000000000000000,0.000000000000000
1,12,41,0.130434782608696,0.190476190476190,0.310736005358830,0.338000323462209,0.484371525663648,0.461793445395593,0.530497645927835,1.052096091255940,1.053808685719880,1.203781318812020,1.239379223854830,1.596283642494980,1.323635336229740,1.622592745519580,1.609818068719860,1.948734050736700,2.229962621739130,2.407103968854530,2.566831675756100,2.147914922844900,2.078301458349770,1.940130847728660,1.945454545454550,0.000000000000000,0.000000000000000,0.000000000000000,0.000000000000000,0.000000000000000,0.000000000000000,0.000000000000000,0.000000000000000,0.000000000000000,0.000000000000000,0.000000000000000,0.000000000000000,0.000000000000000,0.000000000000000,0.000000000000000,0.000000000000000,0.000000000000000,0.000000000000000,0.000000000000000,0.000000000000000,0.000000000000000,0.000000000000000,0.000000000000000,0.000000000000000,0.000000000000000,0.000000000000000,0.000000000000000
1,12,42,0.055118110236221,0.160748106564443,0.236401673640167,0.470537557587135,0.357210618344573,0.879618608682740,0.804956608176375,0.952065948119130,1.094372608548250,1.221387547260090,1.525740540119340,1.552966876447630,1.576429292752000,1.934058509354560,2.385578580749970,2.446215234355270,2.255025968271610,2.057629509580330,2.518013202244090,2.733909055074540,2.391210422465180,1.987270078186640,2.258831833014680,2.341922424330420,0.000000000000000,0.000000000000000,0.000000000000000,0.000000000000000,0.000000000000000,0.000000000000000,0.000000000000000,0.000000000000000,0.000000000000000,0.000000000000000,0.000000000000000,0.000000000000000,0.000000000000000,0.000000000000000,0.000000000000000,0.000000000000000,0.000000000000000,0.000000000000000,0.000000000000000,0.000000000000000,0.000000000000000,0.000000000000000,0.000000000000000,0.000000000000000,0.000000000000000,0.000000000000000
1,12,43,0.027667984189723,0.298245614035088,0.207086756444714,0.441738556129130,0.478213918394148,0.401699678377127,0.616352559399891,1.077087077274600,1.136747260204870,1.238329834953810,1.219626780007240,1.928179242487970,1.833214800930310,1.994225801169570,1.884881582729870,2.386681566071600,2.233158813248050,2.384318589408670,2.243791021902360,2.203224480813050,2.575148595742410,2.539653463035160,2.528293380387320,2.274153294766790,3.197411475158370,0.000000000000000,0.000000000000000,0.000000000000000,0.000000000000000,0.000000000000000,0.000000000000000,0.000000000000000,0.000000000000000,0.000000000000000,0.000000000000000,0.000000000000000,0.000000000000000,0.000000000000000,0.000000000000000,0.000000000000000,0.000000000000000,0.000000000000000,0.000000000000000,0.000000000000000,0.000000000000000,0.000000000000000,0.000000000000000,0.000000000000000,0.000000000000000,0.000000000000000
1,12,44,0.053846153846154,0.153846153846154,0.170055452865065,0.386023294509151,0.337882123579275,0.480755942744408,0.906213755570536,0.863815432646340,0.950086736486852,1.186993770773070,1.906690471004050,1.678491102603270,1.799018781394130,1.686925918107690,2.028074025029540,2.068475747266400,2.061236874608560,3.068832985977010,2.437644763235620,2.259849456889780,2.782176198454180,2.778326828628050,2.233405296101400,2.139823779775990,2.065224914234050,1.943475709234060,0.000000000000000,0.000000000000000,0.000000000000000,0.000000000000000,0.000000000000000,0.000000000000000,0.000000000000000,0.000000000000000,0.000000000000000,0.000000000000000,0.000000000000000,0.000000000000000,0.000000000000000,0.000000000000000,0.000000000000000,0.000000000000000,0.000000000000000,0.000000000000000,0.000000000000000,0.000000000000000,0.000000000000000,0.000000000000000,0.000000000000000,0.000000000000000
1,12,45,0.029739776951673,0.138823536705044,0.299820466786355,0.193282962198628,0.310413209838203,0.578155956546194,0.832588483005150,1.103824763764840,0.864345809654471,1.364271418365480,1.492368887603300,1.712147245136460,1.545687932707420,1.847550262878180,2.417373905659200,1.979308873556820,1.946617567249520,2.669185430282420,2.230602181554690,2.760782570356750,2.381973618417180,2.659153485488080,2.312325090038900,2.251586354209840,2.606868902281480,1.956687315107210,2.197388952808390,0.000000000000000,0.000000000000000,0.000000000000000,0.000000000000000,0.000000000000000,0.000000000000000,0.000000000000000,0.000000000000000,0.000000000000000,0.000000000000000,0.000000000000000,0.000000000000000,0.000000000000000,0.000000000000000,0.000000000000000,0.000000000000000,0.000000000000000,0.000000000000000,0.000000000000000,0.000000000000000,0.000000000000000,0.000000000000000,0.000000000000000
1,12,46,0.062068965517241,0.148809523809524,0.289591466613330,0.518065828625819,0.583475741633482,0.653279785809906,0.693826811701822,0.712911539463271,1.593856339022630,1.416349943022930,1.424513166846840,1.825445603865130,1.826632494158600,2.079334930008180,2.174655511563870,2.299953978282990,2.583510519585550,2.481974019073470,2.330070622812190,1.928777503209880,2.501630635664050,2.267743084998850,3.032282335721530,2.502510914673900,2.087791077884440,2.238918285993210,2.104536453655360,1.569435180981020,0.000000000000000,0.000000000000000,0.000000000000000,0.000000000000000,0.000000000000000,0.000000000000000,0.000000000000000,0.000000000000000,0.000000000000000,0.000000000000000,0.000000000000000,0.000000000000000,0.000000000000000,0.000000000000000,0.000000000000000,0.000000000000000,0.000000000000000,0.000000000000000,0.000000000000000,0.000000000000000,0.000000000000000,0.000000000000000
1,12,47,0.071788636824247,0.175724637681159,0.316772657248900,0.401369863013699,0.499330655957162,0.773651730198029,0.830522043287689,0.902301469513660,1.179571222350340,1.269127030383640,1.424630793463000,1.643724658221210,2.412066606700790,1.990404060662570,2.242329391079260,1.729343356717790,2.213214765184000,2.003656543976220,2.490156918323660,2.320465543927330,2.572112145400330,2.865253642873840,3.110490561732660,2.240874587036740,2.143904059583900,2.641667245147820,2.242088658453900,1.974003051329070,3.062036973631370,0.000000000000000,0.000000000000000,0.000000000000000,0.000000000000000,0.000000000000000,0.000000000000000,0.000000000000000,0.000000000000000,0.000000000000000,0.000000000000000,0.000000000000000,0.000000000000000,0.000000000000000,0.000000000000000,0.000000000000000,0.000000000000000,0.000000000000000,0.000000000000000,0.000000000000000,0.000000000000000,0.000000000000000
1,12,48,0.056074766355140,0.142635658914729,0.239085566387386,0.272433028494162,0.400236903555855,0.568458510372613,0.752465228529284,1.316507405978770,1.400576619631920,1.370794083347230,1.604056686835540,1.517821730566060,1.969047403705540,1.974319008037260,2.022809574658160,1.844570267643680,2.386126305303100,2.535934934720970,2.624396626721410,1.930939619931080,2.355216559453860,3.040738496914150,2.695720426584170,2.213537922912630,2.366982507453670,2.662507483611680,2.352442028151830,2.521963247613700,2.192015718826160,2.065959812232620,0.000000000000000,0.000000000000000,0.000000000000000,0.000000000000000,0.000000000000000,0.000000000000000,0.000000000000000,0.000000000000000,0.000000000000000,0.000000000000000,0.000000000000000,0.000000000000000,0.000000000000000,0.000000000000000,0.000000000000000,0.000000000000000,0.000000000000000,0.000000000000000,0.000000000000000,0.000000000000000
1,12,49,0.066661648941729,0.188261764137713,0.377503188961412,0.376574307304786,0.477035543395604,0.584950968507446,0.824405625645847,0.905829302165239,1.157819217622390,1.395139506381970,1.705763405016470,1.550793931093310,1.440845217735730,1.779095263352530,1.853535263720010,2.345027599881430,2.790756783072160,2.332561007272370,2.978436301979310,2.503633319540690,2.377713271783280,2.278223042736180,2.678187390727840,2.850523433213440,2.755770430687040,2.454171691791420,2.344898788193750,2.754128957451670,2.184022816638150,1.753151421811960,1.955223880597010,0.000000000000000,0.000000000000000,0.000000000000000,0.000000000000000,0.000000000000000,0.000000000000000,0.000000000000000,0.000000000000000,0.000000000000000,0.000000000000000,0.000000000000000,0.000000000000000,0.000000000000000,0.000000000000000,0.000000000000000,0.000000000000000,0.000000000000000,0.000000000000000,0.000000000000000
1,12,50,0.061538461538462,0.136629687767088,0.238095238095238,0.314868899871207,0.411275242174099,0.639147359120434,0.664377352596608,0.982516862739672,1.555118580651630,1.927077480295670,1.704058503343800,2.292802510525410,2.506631045307230,1.995243512758530,2.381190026077850,2.924392986861280,1.983290882856550,2.274280596743010,2.247515301866630,2.811143292337120,2.740044234386640,2.247788898041950,2.348751923574320,2.572225748635100,2.385474128046690,2.463277552657990,2.268837112093880,2.725436684933930,2.273435663277080,2.218107563632990,2.055655122028060,1.313327860833990,0.000000000000000,0.000000000000000,0.000000000000000,0.000000000000000,0.000000000000000,0.000000000000000,0.000000000000000,0.000000000000000,0.000000000000000,0.000000000000000,0.000000000000000,0.000000000000000,0.000000000000000,0.000000000000000,0.000000000000000,0.000000000000000,0.000000000000000,0.000000000000000
1,12,51,0.015502858302704,0.198391420911528,0.456455331291393,0.478677227774033,0.446867965326185,0.800354696989958,0.944891319007197,1.133741408314370,1.242924528301890,1.292038180861330,2.055618960641010,2.130127182338490,1.816533269349430,1.671731645791920,1.917948640116420,2.685415055652880,2.148231345169290,2.311450418254880,3.271167078984470,2.802941777253430,2.536405960210360,2.433999614226090,3.049717717776300,2.860573475639110,2.980305533867910,2.191204090389420,2.514950225514240,2.174946767071210,2.688156519379920,2.260550934914110,2.442959895479820,1.800355218847140,2.268198036769590,0.000000000000000,0.000000000000000,0.000000000000000,0.000000000000000,0.000000000000000,0.000000000000000,0.000000000000000,0.000000000000000,0.000000000000000,0.000000000000000,0.000000000000000,0.000000000000000,0.000000000000000,0.000000000000000,0.000000000000000,0.000000000000000,0.000000000000000
1,12,52,0.085185185185185,0.164071856287425,0.334510320716596,0.486565267033525,0.694974542055640,0.673827199987778,1.066331810586420,1.197020044167590,1.356110381077530,1.645413928374970,1.495191058914710,2.092663351916270,1.959794891603680,2.063953004682440,2.786214471483930,2.047023914745950,2.489985904926910,2.571740098858560,3.367963086310640,2.821041806988910,2.124811767906270,2.539748303133630,2.675865564334080,2.465423204868410,2.501848612152550,2.687353208168860,2.692148409054790,2.815807629305720,2.960057365177970,2.639549255480320,2.391426101364900,1.953342540553750,2.025476334418280,1.468227424749160,0.000000000000000,0.000000000000000,0.000000000000000,0.000000000000000,0.000000000000000,0.000000000000000,0.000000000000000,0.000000000000000,0.000000000000000,0.000000000000000,0.000000000000000,0.000000000000000,0.000000000000000,0.000000000000000,0.000000000000000,0.000000000000000
1,12,53,0.059724349157734,0.153680069805974,0.395987328405491,0.519509476031215,0.659145175511912,0.857624789345994,1.137963817587640,0.939386606606025,1.273887714053420,1.540417914612180,1.612742513582640,2.427383606407700,2.528592674199660,2.335495050848530,1.984420463361980,1.767991988721730,2.309082335472080,2.542089026728070,2.349313842097770,2.430153479241230,2.594038592243450,2.276799362516900,2.183834125225420,3.251715819799900,3.351714145858670,3.112175849727540,3.022270114184770,2.750135135479480,2.213569149865440,3.261048798157770,1.747468846425990,2.305458623399360,2.365306539388960,1.757670255880450,1.777108433734940,0.000000000000000,0.000000000000000,0.000000000000000,0.000000000000000,0.000000000000000,0.000000000000000,0.000000000000000,0.000000000000000,0.000000000000000,0.000000000000000,0.000000000000000,0.000000000000000,0.000000000000000,0.000000000000000,0.000000000000000
1,12,54,0.073964497041420,0.243534825591740,0.323154484317464,0.749895470765732,0.616812227074236,0.870933892969570,0.883494204840002,1.268855500194140,1.286625939824130,1.671862009149010,2.262361323039120,2.341472845667740,2.185611241245220,1.995828407213270,2.426445647999890,2.157621098012260,2.127888271190180,2.339886663638810,2.755706253942680,2.266804843257730,2.778285215601480,2.872368653960580,2.549054214825370,2.554540499131250,2.521254817982060,3.007721674503450,2.750962568082620,2.865931470736310,2.450380152655150,3.218802617980520,2.393838166178430,2.171360908794820,2.632514419758270,2.419845821141050,2.020747399827900,2.214285714285710,0.000000000000000,0.000000000000000,0.000000000000000,0.000000000000000,0.000000000000000,0.000000000000000,0.000000000000000,0.000000000000000,0.000000000000000,0.000000000000000,0.000000000000000,0.000000000000000,0.000000000000000,0.000000000000000
1,12,55,0.024602026049204,0.103206434609063,0.129285014691479,0.484653819878346,0.618543619955379,0.844600975971574,1.202176185433970,1.339986324174990,1.062437059415910,1.577079951503550,2.013216347542560,2.014752707028300,2.266724170839400,2.507116364409240,2.682314957016980,1.853005032566740,2.788061501294860,2.799026418937250,2.517436722786390,2.441295672450530,2.865258091764640,1.777179861399510,1.966861055555900,2.484754024615880,3.249939841356040,2.177356241149750,2.478579649870830,2.563634278523540,3.218685683012660,3.109622645068170,2.557495483670110,2.626699832068410,2.018908145029340,2.265955044304920,2.587470039611580,1.859399853028900,1.901287553648070,0.000000000000000,0.000000000000000,0.000000000000000,0.000000000000000,0.000000000000000,0.000000000000000,0.000000000000000,0.000000000000000,0.000000000000000,0.000000000000000,0.000000000000000,0.000000000000000,0.000000000000000
1,12,56,0.014839608846928,0.170035080374795,0.302260746973840,0.501625417087856,0.666316876869344,0.817794355952422,1.079008223986390,1.394492465907910,1.344011947173930,1.955014768134680,1.840229266196230,1.843442262483660,1.704598448390760,2.362701906420350,2.830756828295130,1.888675670820360,2.529836339708180,3.194887238613460,2.739773180900260,2.366622832447090,2.619546946009960,2.742021980827280,2.988152509393620,3.330904147378550,2.406531831958130,2.746548318640800,2.795282477348820,2.535499725056050,2.869273870783070,2.554864250742110,2.642046883143870,2.477149307294030,2.511565276369660,2.403927890680250,1.985815812678590,2.452115812917600,1.517385323094080,1.971518987341770,0.000000000000000,0.000000000000000,0.000000000000000,0.000000000000000,0.000000000000000,0.000000000000000,0.000000000000000,0.000000000000000,0.000000000000000,0.000000000000000,0.000000000000000,0.000000000000000
1,12,57,0.076333410706106,0.122794855757243,0.180068367760828,0.452237808951236,0.542677891558204,0.935456831517184,1.128907705690100,1.572856748723460,1.362598348103220,1.956691581844210,1.944374818207540,2.101382488479260,2.748105428411760,2.483115808691990,2.163024846308990,2.254304709211330,2.029350257177010,2.610117502135870,2.016887578313340,2.502521512760620,3.116236926756170,2.773358722770330,2.573153060836620,1.886936598837380,2.228067160816520,2.074530579502030,2.834318680204120,2.761652197419300,2.899709041463010,3.064909285635860,2.542646709252550,3.543153935461820,2.433582148723610,2.356433329928080,2.571675517885770,2.319027557140640,2.170318725099600,1.901577724498820,1.537162162162160,0.000000000000000,0.000000000000000,0.000000000000000,0.000000000000000,0.000000000000000,0.000000000000000,0.000000000000000,0.000000000000000,0.000000000000000,0.000000000000000,0.000000000000000
1,12,58,0.019433198380567,0.148895292987512,0.249990815903361,0.370559957636933,0.572233054466686,0.928024979449267,1.047553145977740,1.183227772069490,1.816752735661280,1.506577356100460,1.829300686631640,2.210825785564230,2.308132875143180,2.278434276150370,2.937894560848250,2.848284346949690,3.236731849562570,1.976928847544590,2.564829396949740,2.618562002027420,2.452621193313710,2.807884110229280,3.139630908212910,2.566752016215480,2.836632300647040,3.552948968978450,2.554704361124920,3.047689364366490,2.649234517633930,2.655072376948480,2.573784705351140,3.289932772036870,2.008217298383670,2.837788525486620,2.850332505162740,2.542370138836070,2.001667113387530,2.797454056039550,1.856509091666240,1.169884169884170,0.000000000000000,0.000000000000000,0.000000000000000,0.000000000000000,0.000000000000000,0.000000000000000,0.000000000000000,0.000000000000000,0.000000000000000,0.000000000000000
1,12,59,0.029728020240354,0.107809523809524,0.240313013528018,0.399791764900208,0.596163552940077,0.961454636500416,1.210915612150940,1.085925925925930,1.391466515916520,2.013616709620750,2.372541632170290,2.120937912161560,2.624932135574400,2.336755646817250,2.147499204497300,2.422080580985120,3.110197058193840,2.429240185664720,3.000963363459540,2.453757641942720,2.790442471664340,2.533568269405370,3.134832869537400,2.963281890151190,2.325117071357960,2.387860586332860,2.478785775777910,2.733842935919950,3.019027880256310,2.473592453930020,2.561964719443120,2.277567676199820,2.887167129095730,2.491270121285520,2.393632379500180,2.252380744270360,1.950686390288670,2.677557236846050,2.282580882713510,1.854152593732330,1.946902654867260,0.000000000000000,0.000000000000000,0.000000000000000,0.000000000000000,0.000000000000000,0.000000000000000,0.000000000000000,0.000000000000000,0.000000000000000
1,12,60,0.000000000000000,0.000000000000000,0.000000000000000,0.025510204081633,0.254777070063694,0.315789473684211,0.000000000000000,0.206349206349206,0.568181818181818,0.100000000000000,0.073170731707317,0.333333333333333,0.645161290322581,0.217391304347826,0.250000000000000,1.052631578947370,0.031250000000000,2.733333333333330,0.140000000000000,0.593220338983051,2.404761904761900,0.559322033898305,0.551020408163265,1.041666666666670,2.117647058823530,0.255319148936170,0.315789473684211,0.027777777777778,1.884615384615380,1.339285714285710,2.192307692307690,1.103448275862070,1.209677419354840,1.107692307692310,1.629629629629630,0.559322033898305,0.739130434782609,1.505747126436780,1.735294117647060,1.506666666666670,1.821621621621620,0.000000000000000,0.000000000000000,0.000000000000000,0.000000000000000,0.000000000000000,0.000000000000000,0.000000000000000,0.000000000000000,0.000000000000000
1,12,61,0.000000000000000,0.000000000000000,0.062730627306273,0.000000000000000,0.224242424242424,0.000000000000000,0.000000000000000,0.045871559633028,0.659574468085106,0.432989690721650,0.702127659574468,1.368421052631580,0.422535211267606,0.043478260869565,0.700000000000000,0.350877192982456,0.348484848484848,0.608695652173913,0.888888888888889,1.328125000000000,1.061224489795920,2.692307692307690,1.209677419354840,0.568627450980392,0.978723404255319,0.680851063829787,0.326530612244898,0.781818181818182,0.348837209302326,0.452380952380952,3.829268292682930,1.321428571428570,2.180000000000000,0.220000000000000,1.980000000000000,0.152777777777778,0.696428571428571,2.042857142857140,1.913978494623660,2.208333333333330,2.276923076923080,2.113333333333330,0.000000000000000,0.000000000000000,0.000000000000000,0.000000000000000,0.000000000000000,0.000000000000000,0.000000000000000,0.000000000000000
1,12,62,0.000000000000000,0.023026315789474,0.000000000000000,0.104729729729730,0.070000000000000,0.163636363636364,0.000000000000000,0.000000000000000,0.339622641509434,0.663636363636364,0.449438202247191,0.275862068965517,0.090909090909091,0.000000000000000,1.020000000000000,0.419354838709677,0.622222222222222,0.544117647058823,1.111111111111110,1.425000000000000,1.385964912280700,1.000000000000000,0.720000000000000,0.945945945945946,0.558139534883721,0.771929824561403,1.088888888888890,2.203703703703700,1.736842105263160,0.838709677419355,0.533333333333333,1.213114754098360,1.109375000000000,1.346153846153850,1.527272727272730,0.466666666666667,1.494252873563220,0.947368421052632,2.597222222222220,1.898550724637680,1.932584269662920,1.323076923076920,2.700000000000000,0.000000000000000,0.000000000000000,0.000000000000000,0.000000000000000,0.000000000000000,0.000000000000000,0.000000000000000
1,12,63,0.000000000000000,0.000000000000000,0.000000000000000,0.002358490566038,0.009345794392523,0.100628930817610,0.183823529411765,0.365217391304348,0.412213740458015,0.146788990825688,0.116504854368932,0.404761904761905,0.343283582089552,0.384615384615385,0.017241379310345,0.000000000000000,0.833333333333333,2.780000000000000,0.226415094339623,0.000000000000000,0.137254901960784,2.975000000000000,0.425925925925926,0.825000000000000,2.408163265306120,1.575757575757580,3.137254901960780,2.020000000000000,0.450000000000000,0.000000000000000,0.000000000000000,0.211538461538462,3.200000000000000,1.741379310344830,0.926829268292683,1.978260869565220,1.200000000000000,3.400000000000000,0.333333333333333,1.176470588235290,2.152941176470590,3.048780487804880,3.384615384615380,0.366972477064220,6.000000000000000,0.000000000000000,0.000000000000000,0.000000000000000,0.000000000000000,0.000000000000000
1,12,64,0.000000000000000,0.000000000000000,0.000000000000000,0.000000000000000,0.009259259259259,0.267123287671233,0.135135135135135,0.000000000000000,0.361111111111111,0.355555555555556,0.541176470588235,0.426666666666667,0.000000000000000,0.311475409836066,0.934426229508197,0.859375000000000,1.090909090909090,0.729166666666667,0.581395348837209,0.452830188679245,1.851063829787230,0.400000000000000,1.846153846153850,0.550000000000000,1.896551724137930,1.264705882352940,3.348837209302330,0.000000000000000,2.214285714285710,2.205882352941180,0.400000000000000,1.175000000000000,0.975000000000000,1.000000000000000,1.739130434782610,0.816326530612245,4.304347826086960,1.517241379310340,0.106060606060606,1.363636363636360,1.634920634920630,0.800000000000000,0.981818181818182,3.086206896551720,1.163636363636360,0.000000000000000,0.000000000000000,0.000000000000000,0.000000000000000,0.000000000000000
1,12,65,0.000000000000000,0.000000000000000,0.000000000000000,0.000000000000000,0.000000000000000,0.000000000000000,0.000000000000000,0.000000000000000,0.000000000000000,0.000000000000000,0.000000000000000,0.000000000000000,0.000000000000000,0.000000000000000,0.000000000000000,0.000000000000000,0.000000000000000,0.000000000000000,0.000000000000000,0.000000000000000,0.000000000000000,0.000000000000000,0.000000000000000,0.000000000000000,0.000000000000000,0.000000000000000,0.000000000000000,0.000000000000000,0.000000000000000,0.000000000000000,0.000000000000000,0.000000000000000,0.000000000000000,0.000000000000000,0.000000000000000,0.000000000000000,0.000000000000000,0.000000000000000,0.000000000000000,0.000000000000000,0.000000000000000,0.000000000000000,0.000000000000000,0.000000000000000,0.000000000000000,0.000000000000000,0.000000000000000,0.000000000000000,0.000000000000000,0.000000000000000
1,12,66,0.000000000000000,0.000000000000000,0.000000000000000,0.000000000000000,0.000000000000000,0.000000000000000,0.000000000000000,0.000000000000000,0.000000000000000,0.000000000000000,0.000000000000000,0.000000000000000,0.000000000000000,0.000000000000000,0.000000000000000,0.000000000000000,0.000000000000000,0.000000000000000,0.000000000000000,0.000000000000000,0.000000000000000,0.000000000000000,0.000000000000000,0.000000000000000,0.000000000000000,0.000000000000000,0.000000000000000,0.000000000000000,0.000000000000000,0.000000000000000,0.000000000000000,0.000000000000000,0.000000000000000,0.000000000000000,0.000000000000000,0.000000000000000,0.000000000000000,0.000000000000000,0.000000000000000,0.000000000000000,0.000000000000000,0.000000000000000,0.000000000000000,0.000000000000000,0.000000000000000,0.000000000000000,0.000000000000000,0.000000000000000,0.000000000000000,0.000000000000000
1,12,67,0.000000000000000,0.000000000000000,0.000000000000000,0.000000000000000,0.000000000000000,0.000000000000000,0.000000000000000,0.000000000000000,0.000000000000000,0.000000000000000,0.000000000000000,0.000000000000000,0.000000000000000,0.000000000000000,0.000000000000000,0.000000000000000,0.000000000000000,0.000000000000000,0.000000000000000,0.000000000000000,0.000000000000000,0.000000000000000,0.000000000000000,0.000000000000000,0.000000000000000,0.000000000000000,0.000000000000000,0.000000000000000,0.000000000000000,0.000000000000000,0.000000000000000,0.000000000000000,0.000000000000000,0.000000000000000,0.000000000000000,0.000000000000000,0.000000000000000,0.000000000000000,0.000000000000000,0.000000000000000,0.000000000000000,0.000000000000000,0.000000000000000,0.000000000000000,0.000000000000000,0.000000000000000,0.000000000000000,0.000000000000000,0.000000000000000,0.000000000000000
1,12,68,0.000000000000000,0.000000000000000,0.000000000000000,0.000000000000000,0.000000000000000,0.000000000000000,0.000000000000000,0.000000000000000,0.000000000000000,0.000000000000000,0.000000000000000,0.000000000000000,0.000000000000000,0.000000000000000,0.000000000000000,0.000000000000000,0.000000000000000,0.000000000000000,0.000000000000000,0.000000000000000,0.000000000000000,0.000000000000000,0.000000000000000,0.000000000000000,0.000000000000000,0.000000000000000,0.000000000000000,0.000000000000000,0.000000000000000,0.000000000000000,0.000000000000000,0.000000000000000,0.000000000000000,0.000000000000000,0.000000000000000,0.000000000000000,0.000000000000000,0.000000000000000,0.000000000000000,0.000000000000000,0.000000000000000,0.000000000000000,0.000000000000000,0.000000000000000,0.000000000000000,0.000000000000000,0.000000000000000,0.000000000000000,0.000000000000000,0.000000000000000
1,12,69,0.000000000000000,0.000000000000000,0.000000000000000,0.000000000000000,0.000000000000000,0.000000000000000,0.000000000000000,0.000000000000000,0.000000000000000,0.000000000000000,0.000000000000000,0.000000000000000,0.000000000000000,0.000000000000000,0.000000000000000,0.000000000000000,0.000000000000000,0.000000000000000,0.000000000000000,0.000000000000000,0.000000000000000,0.000000000000000,0.000000000000000,0.000000000000000,0.000000000000000,0.000000000000000,0.000000000000000,0.000000000000000,0.000000000000000,0.000000000000000,0.000000000000000,0.000000000000000,0.000000000000000,0.000000000000000,0.000000000000000,0.000000000000000,0.000000000000000,0.000000000000000,0.000000000000000,0.000000000000000,0.000000000000000,0.000000000000000,0.000000000000000,0.000000000000000,0.000000000000000,0.000000000000000,0.000000000000000,0.000000000000000,0.000000000000000,0.000000000000000
1,13,20,0.001623585897964,0.002558187944304,0.000000000000000,0.000000000000000,0.000000000000000,0.000000000000000,0.000000000000000,0.000000000000000,0.000000000000000,0.000000000000000,0.000000000000000,0.000000000000000,0.000000000000000,0.000000000000000,0.000000000000000,0.000000000000000,0.000000000000000,0.000000000000000,0.000000000000000,0.000000000000000,0.000000000000000,0.000000000000000,0.000000000000000,0.000000000000000,0.000000000000000,0.000000000000000,0.000000000000000,0.000000000000000,0.000000000000000,0.000000000000000,0.000000000000000,0.000000000000000,0.000000000000000,0.000000000000000,0.000000000000000,0.000000000000000,0.000000000000000,0.000000000000000,0.000000000000000,0.000000000000000,0.000000000000000,0.000000000000000,0.000000000000000,0.000000000000000,0.000000000000000,0.000000000000000,0.000000000000000,0.000000000000000,0.000000000000000,0.000000000000000
1,13,21,0.032966637131412,0.009937618640777,0.006399446361944,0.000000000000000,0.000000000000000,0.000000000000000,0.000000000000000,0.000000000000000,0.000000000000000,0.000000000000000,0.000000000000000,0.000000000000000,0.000000000000000,0.000000000000000,0.000000000000000,0.000000000000000,0.000000000000000,0.000000000000000,0.000000000000000,0.000000000000000,0.000000000000000,0.000000000000000,0.000000000000000,0.000000000000000,0.000000000000000,0.000000000000000,0.000000000000000,0.000000000000000,0.000000000000000,0.000000000000000,0.000000000000000,0.000000000000000,0.000000000000000,0.000000000000000,0.000000000000000,0.000000000000000,0.000000000000000,0.000000000000000,0.000000000000000,0.000000000000000,0.000000000000000,0.000000000000000,0.000000000000000,0.000000000000000,0.000000000000000,0.000000000000000,0.000000000000000,0.000000000000000,0.000000000000000,0.000000000000000
1,13,22,0.032392410920870,0.079573952788865,0.018124330172583,0.020472996823156,0.000000000000000,0.000000000000000,0.000000000000000,0.000000000000000,0.000000000000000,0.000000000000000,0.000000000000000,0.000000000000000,0.000000000000000,0.000000000000000,0.000000000000000,0.000000000000000,0.000000000000000,0.000000000000000,0.000000000000000,0.000000000000000,0.000000000000000,0.000000000000000,0.000000000000000,0.000000000000000,0.000000000000000,0.000000000000000,0.000000000000000,0.000000000000000,0.000000000000000,0.000000000000000,0.000000000000000,0.000000000000000,0.000000000000000,0.000000000000000,0.000000000000000,0.000000000000000,0.000000000000000,0.000000000000000,0.000000000000000,0.000000000000000,0.000000000000000,0.000000000000000,0.000000000000000,0.000000000000000,0.000000000000000,0.000000000000000,0.000000000000000,0.000000000000000,0.000000000000000,0.000000000000000
1,13,23,0.023543260741613,0.098030366459488,0.119262048433333,0.074703895110000,0.089851024208566,0.000000000000000,0.000000000000000,0.000000000000000,0.000000000000000,0.000000000000000,0.000000000000000,0.000000000000000,0.000000000000000,0.000000000000000,0.000000000000000,0.000000000000000,0.000000000000000,0.000000000000000,0.000000000000000,0.000000000000000,0.000000000000000,0.000000000000000,0.000000000000000,0.000000000000000,0.000000000000000,0.000000000000000,0.000000000000000,0.000000000000000,0.000000000000000,0.000000000000000,0.000000000000000,0.000000000000000,0.000000000000000,0.000000000000000,0.000000000000000,0.000000000000000,0.000000000000000,0.000000000000000,0.000000000000000,0.000000000000000,0.000000000000000,0.000000000000000,0.000000000000000,0.000000000000000,0.000000000000000,0.000000000000000,0.000000000000000,0.000000000000000,0.000000000000000,0.000000000000000
1,13,24,0.015753059184482,0.075135453095378,0.141335930894257,0.215107543556451,0.133319542314193,0.156671664167916,0.000000000000000,0.000000000000000,0.000000000000000,0.000000000000000,0.000000000000000,0.000000000000000,0.000000000000000,0.000000000000000,0.000000000000000,0.000000000000000,0.000000000000000,0.000000000000000,0.000000000000000,0.000000000000000,0.000000000000000,0.000000000000000,0.000000000000000,0.000000000000000,0.000000000000000,0.000000000000000,0.000000000000000,0.000000000000000,0.000000000000000,0.000000000000000,0.000000000000000,0.000000000000000,0.000000000000000,0.000000000000000,0.000000000000000,0.000000000000000,0.000000000000000,0.000000000000000,0.000000000000000,0.000000000000000,0.000000000000000,0.000000000000000,0.000000000000000,0.000000000000000,0.000000000000000,0.000000000000000,0.000000000000000,0.000000000000000,0.000000000000000,0.000000000000000
1,13,25,0.055176681701869,0.100455335657300,0.130367278610868,0.195088328691918,0.274605965732606,0.270523514950281,0.136690647482014,0.000000000000000,0.000000000000000,0.000000000000000,0.000000000000000,0.000000000000000,0.000000000000000,0.000000000000000,0.000000000000000,0.000000000000000,0.000000000000000,0.000000000000000,0.000000000000000,0.000000000000000,0.000000000000000,0.000000000000000,0.000000000000000,0.000000000000000,0.000000000000000,0.000000000000000,0.000000000000000,0.000000000000000,0.000000000000000,0.000000000000000,0.000000000000000,0.000000000000000,0.000000000000000,0.000000000000000,0.000000000000000,0.000000000000000,0.000000000000000,0.000000000000000,0.000000000000000,0.000000000000000,0.000000000000000,0.000000000000000,0.000000000000000,0.000000000000000,0.000000000000000,0.000000000000000,0.000000000000000,0.000000000000000,0.000000000000000,0.000000000000000
1,13,26,0.029441624365482,0.085324232081911,0.154941083080429,0.207974170015697,0.299958910688811,0.442004650846135,0.315918223105719,0.235602094240838,0.000000000000000,0.000000000000000,0.000000000000000,0.000000000000000,0.000000000000000,0.000000000000000,0.000000000000000,0.000000000000000,0.000000000000000,0.000000000000000,0.000000000000000,0.000000000000000,0.000000000000000,0.000000000000000,0.000000000000000,0.000000000000000,0.000000000000000,0.000000000000000,0.000000000000000,0.000000000000000,0.000000000000000,0.000000000000000,0.000000000000000,0.000000000000000,0.000000000000000,0.000000000000000,0.000000000000000,0.000000000000000,0.000000000000000,0.000000000000000,0.000000000000000,0.000000000000000,0.000000000000000,0.000000000000000,0.000000000000000,0.000000000000000,0.000000000000000,0.000000000000000,0.000000000000000,0.000000000000000,0.000000000000000,0.000000000000000
1,13,27,0.016413439445474,0.101401483924155,0.170431347805961,0.156808786830740,0.260425898219924,0.428516052138692,0.560203933512002,0.372785760232935,0.548497076232506,0.000000000000000,0.000000000000000,0.000000000000000,0.000000000000000,0.000000000000000,0.000000000000000,0.000000000000000,0.000000000000000,0.000000000000000,0.000000000000000,0.000000000000000,0.000000000000000,0.000000000000000,0.000000000000000,0.000000000000000,0.000000000000000,0.000000000000000,0.000000000000000,0.000000000000000,0.000000000000000,0.000000000000000,0.000000000000000,0.000000000000000,0.000000000000000,0.000000000000000,0.000000000000000,0.000000000000000,0.000000000000000,0.000000000000000,0.000000000000000,0.000000000000000,0.000000000000000,0.000000000000000,0.000000000000000,0.000000000000000,0.000000000000000,0.000000000000000,0.000000000000000,0.000000000000000,0.000000000000000,0.000000000000000
1,13,28,0.040880503144654,0.116682738669238,0.196450581116013,0.187973153301966,0.284822249580009,0.433953943419666,0.587570243615478,0.622946511435553,0.423867881361131,0.587314260123550,0.000000000000000,0.000000000000000,0.000000000000000,0.000000000000000,0.000000000000000,0.000000000000000,0.000000000000000,0.000000000000000,0.000000000000000,0.000000000000000,0.000000000000000,0.000000000000000,0.000000000000000,0.000000000000000,0.000000000000000,0.000000000000000,0.000000000000000,0.000000000000000,0.000000000000000,0.000000000000000,0.000000000000000,0.000000000000000,0.000000000000000,0.000000000000000,0.000000000000000,0.000000000000000,0.000000000000000,0.000000000000000,0.000000000000000,0.000000000000000,0.000000000000000,0.000000000000000,0.000000000000000,0.000000000000000,0.000000000000000,0.000000000000000,0.000000000000000,0.000000000000000,0.000000000000000,0.000000000000000
1,13,29,0.036777583187391,0.053075995174910,0.157972489591738,0.175451454441708,0.296244837515593,0.437584437868959,0.529300218241428,0.771706591508892,0.649818612641564,0.546197845509118,0.377633711507293,0.000000000000000,0.000000000000000,0.000000000000000,0.000000000000000,0.000000000000000,0.000000000000000,0.000000000000000,0.000000000000000,0.000000000000000,0.000000000000000,0.000000000000000,0.000000000000000,0.000000000000000,0.000000000000000,0.000000000000000,0.000000000000000,0.000000000000000,0.000000000000000,0.000000000000000,0.000000000000000,0.000000000000000,0.000000000000000,0.000000000000000,0.000000000000000,0.000000000000000,0.000000000000000,0.000000000000000,0.000000000000000,0.000000000000000,0.000000000000000,0.000000000000000,0.000000000000000,0.000000000000000,0.000000000000000,0.000000000000000,0.000000000000000,0.000000000000000,0.000000000000000,0.000000000000000
1,13,30,0.017241379310345,0.074759593400915,0.131636008215713,0.212096473234770,0.325132508866041,0.365219548568266,0.388715938345593,0.684678022839466,0.853578356975379,0.830048619062357,0.640110404185147,0.603837230121395,0.000000000000000,0.000000000000000,0.000000000000000,0.000000000000000,0.000000000000000,0.000000000000000,0.000000000000000,0.000000000000000,0.000000000000000,0.000000000000000,0.000000000000000,0.000000000000000,0.000000000000000,0.000000000000000,0.000000000000000,0.000000000000000,0.000000000000000,0.000000000000000,0.000000000000000,0.000000000000000,0.000000000000000,0.000000000000000,0.000000000000000,0.000000000000000,0.000000000000000,0.000000000000000,0.000000000000000,0.000000000000000,0.000000000000000,0.000000000000000,0.000000000000000,0.000000000000000,0.000000000000000,0.000000000000000,0.000000000000000,0.000000000000000,0.000000000000000,0.000000000000000
1,13,31,0.023057521975561,0.044117647058824,0.176646716463322,0.255707149850280,0.296146785249498,0.434208750171003,0.543566540150471,0.741712810724337,0.839052279615202,0.776074787873813,0.919054314939508,0.711950265032409,1.038279903782880,0.000000000000000,0.000000000000000,0.000000000000000,0.000000000000000,0.000000000000000,0.000000000000000,0.000000000000000,0.000000000000000,0.000000000000000,0.000000000000000,0.000000000000000,0.000000000000000,0.000000000000000,0.000000000000000,0.000000000000000,0.000000000000000,0.000000000000000,0.000000000000000,0.000000000000000,0.000000000000000,0.000000000000000,0.000000000000000,0.000000000000000,0.000000000000000,0.000000000000000,0.000000000000000,0.000000000000000,0.000000000000000,0.000000000000000,0.000000000000000,0.000000000000000,0.000000000000000,0.000000000000000,0.000000000000000,0.000000000000000,0.000000000000000,0.000000000000000
1,13,32,0.006880733944954,0.044517965888491,0.072271981030247,0.207247200301399,0.312553834236160,0.448489329210228,0.404053055255555,0.623349973020990,0.653481163177206,0.837292229727374,1.023089837048240,1.239488231970410,0.697081685726566,0.741453886617412,0.000000000000000,0.000000000000000,0.000000000000000,0.000000000000000,0.000000000000000,0.000000000000000,0.000000000000000,0.000000000000000,0.000000000000000,0.000000000000000,0.000000000000000,0.000000000000000,0.000000000000000,0.000000000000000,0.000000000000000,0.000000000000000,0.000000000000000,0.000000000000000,0.000000000000000,0.000000000000000,0.000000000000000,0.000000000000000,0.000000000000000,0.000000000000000,0.000000000000000,0.000000000000000,0.000000000000000,0.000000000000000,0.000000000000000,0.000000000000000,0.000000000000000,0.000000000000000,0.000000000000000,0.000000000000000,0.000000000000000,0.000000000000000
1,13,33,0.017811704834606,0.135714285714286,0.196029776674938,0.239924711596282,0.353160276466350,0.488498956262473,0.470486890793955,0.575559333373096,0.814773941575527,0.805495260992165,0.992612793750002,1.021445808879940,0.773465629760556,0.724142245739668,0.557041777358295,0.000000000000000,0.000000000000000,0.000000000000000,0.000000000000000,0.000000000000000,0.000000000000000,0.000000000000000,0.000000000000000,0.000000000000000,0.000000000000000,0.000000000000000,0.000000000000000,0.000000000000000,0.000000000000000,0.000000000000000,0.000000000000000,0.000000000000000,0.000000000000000,0.000000000000000,0.000000000000000,0.000000000000000,0.000000000000000,0.000000000000000,0.000000000000000,0.000000000000000,0.000000000000000,0.000000000000000,0.000000000000000,0.000000000000000,0.000000000000000,0.000000000000000,0.000000000000000,0.000000000000000,0.000000000000000,0.000000000000000
1,13,34,0.047493403693931,0.098033789837540,0.208384710234279,0.163234531846794,0.278239648953644,0.284401236960161,0.468554711095254,0.587107426364016,0.546002620845660,0.875775970288539,1.015182287710090,0.876868899411257,1.260986455074260,0.890310813965880,0.656820753615451,0.690190078280114,0.000000000000000,0.000000000000000,0.000000000000000,0.000000000000000,0.000000000000000,0.000000000000000,0.000000000000000,0.000000000000000,0.000000000000000,0.000000000000000,0.000000000000000,0.000000000000000,0.000000000000000,0.000000000000000,0.000000000000000,0.000000000000000,0.000000000000000,0.000000000000000,0.000000000000000,0.000000000000000,0.000000000000000,0.000000000000000,0.000000000000000,0.000000000000000,0.000000000000000,0.000000000000000,0.000000000000000,0.000000000000000,0.000000000000000,0.000000000000000,0.000000000000000,0.000000000000000,0.000000000000000,0.000000000000000
1,13,35,0.064410485508036,0.066790352504638,0.136923020394627,0.246637405418230,0.307329553786570,0.327141433018737,0.417087715842406,0.484708287024979,0.761246923461960,0.817938567370048,1.017591648574660,1.036910518418560,0.991067776110955,1.154782098452240,0.979083446248122,0.698219950920103,1.167557932263810,0.000000000000000,0.000000000000000,0.000000000000000,0.000000000000000,0.000000000000000,0.000000000000000,0.000000000000000,0.000000000000000,0.000000000000000,0.000000000000000,0.000000000000000,0.000000000000000,0.000000000000000,0.000000000000000,0.000000000000000,0.000000000000000,0.000000000000000,0.000000000000000,0.000000000000000,0.000000000000000,0.000000000000000,0.000000000000000,0.000000000000000,0.000000000000000,0.000000000000000,0.000000000000000,0.000000000000000,0.000000000000000,0.000000000000000,0.000000000000000,0.000000000000000,0.000000000000000,0.000000000000000
1,13,36,0.076658011416872,0.154150197628459,0.087388309407364,0.137614215045566,0.274404852830998,0.466804092058114,0.506556929745388,0.564312800892525,0.923321404403939,0.870340501334302,0.788686138005922,1.023410334295450,1.060348287963070,1.257390189242300,1.160002958869870,1.234787500117730,0.773534174741017,1.075901328273240,0.000000000000000,0.000000000000000,0.000000000000000,0.000000000000000,0.000000000000000,0.000000000000000,0.000000000000000,0.000000000000000,0.000000000000000,0.000000000000000,0.000000000000000,0.000000000000000,0.000000000000000,0.000000000000000,0.000000000000000,0.000000000000000,0.000000000000000,0.000000000000000,0.000000000000000,0.000000000000000,0.000000000000000,0.000000000000000,0.000000000000000,0.000000000000000,0.000000000000000,0.000000000000000,0.000000000000000,0.000000000000000,0.000000000000000,0.000000000000000,0.000000000000000,0.000000000000000
1,13,37,0.063492063492064,0.068965517241379,0.063621533442088,0.267806522354104,0.223747926501490,0.335585169269539,0.465469841624501,0.422276786966270,0.657013785854280,0.936508108378506,0.782203392260308,0.972634807303363,0.918797917110761,1.092799214914240,1.159125603722810,1.347183789285230,1.262719377277060,0.945853552968777,0.992193444270295,0.000000000000000,0.000000000000000,0.000000000000000,0.000000000000000,0.000000000000000,0.000000000000000,0.000000000000000,0.000000000000000,0.000000000000000,0.000000000000000,0.000000000000000,0.000000000000000,0.000000000000000,0.000000000000000,0.000000000000000,0.000000000000000,0.000000000000000,0.000000000000000,0.000000000000000,0.000000000000000,0.000000000000000,0.000000000000000,0.000000000000000,0.000000000000000,0.000000000000000,0.000000000000000,0.000000000000000,0.000000000000000,0.000000000000000,0.000000000000000,0.000000000000000
1,13,38,0.084291187739464,0.128140703517588,0.129877582781076,0.196908070469398,0.332151841659941,0.507187216511657,0.402272799770533,0.638375260001690,0.833672151540104,0.840023155047445,0.838026365882309,1.138054592049230,0.948993823591042,1.034728782494410,1.252449200312030,0.939291063934619,1.247000230150090,1.161637892454130,1.023320427198640,0.701877357451659,0.000000000000000,0.000000000000000,0.000000000000000,0.000000000000000,0.000000000000000,0.000000000000000,0.000000000000000,0.000000000000000,0.000000000000000,0.000000000000000,0.000000000000000,0.000000000000000,0.000000000000000,0.000000000000000,0.000000000000000,0.000000000000000,0.000000000000000,0.000000000000000,0.000000000000000,0.000000000000000,0.000000000000000,0.000000000000000,0.000000000000000,0.000000000000000,0.000000000000000,0.000000000000000,0.000000000000000,0.000000000000000,0.000000000000000,0.000000000000000
1,13,39,0.059701492537313,0.198492462311558,0.158661671183195,0.298630136986301,0.226727733504383,0.557649572819419,0.304060164448957,0.413540857711533,0.859741143842328,0.861555991264091,0.645452494693231,0.732138456303286,0.926458257416207,1.265920002176620,1.273722845366890,1.343098805827140,1.239726225598570,0.926878824552182,1.284112688194970,1.121567620858260,0.752100840336134,0.000000000000000,0.000000000000000,0.000000000000000,0.000000000000000,0.000000000000000,0.000000000000000,0.000000000000000,0.000000000000000,0.000000000000000,0.000000000000000,0.000000000000000,0.000000000000000,0.000000000000000,0.000000000000000,0.000000000000000,0.000000000000000,0.000000000000000,0.000000000000000,0.000000000000000,0.000000000000000,0.000000000000000,0.000000000000000,0.000000000000000,0.000000000000000,0.000000000000000,0.000000000000000,0.000000000000000,0.000000000000000,0.000000000000000
1,13,40,0.026315789473684,0.120879120879121,0.210701541208542,0.262885415106163,0.346903691880124,0.444643434652958,0.618877068307003,0.455924562520333,0.623955619036238,0.866677745710437,0.768645768809643,1.404537453723190,0.855566232944131,0.894871707753199,1.435523470930170,1.235426062774160,1.163969535664340,1.033134490607790,1.190920096167820,1.055286773604770,0.885389507665396,0.672792615306285,0.000000000000000,0.000000000000000,0.000000000000000,0.000000000000000,0.000000000000000,0.000000000000000,0.000000000000000,0.000000000000000,0.000000000000000,0.000000000000000,0.000000000000000,0.000000000000000,0.000000000000000,0.000000000000000,0.000000000000000,0.000000000000000,0.000000000000000,0.000000000000000,0.000000000000000,0.000000000000000,0.000000000000000,0.000000000000000,0.000000000000000,0.000000000000000,0.000000000000000,0.000000000000000,0.000000000000000,0.000000000000000
1,13,41,0.086956521739130,0.120300751879699,0.213133029316633,0.110560853468947,0.263664010911711,0.409096295470570,0.383845652462207,0.533030984286746,0.441206364745259,0.755520093450203,1.017832160523270,0.797134066422683,0.893286121191979,0.924829138437284,1.008016921534860,1.146801019947460,1.118431466737440,1.250808535637530,1.166008101687380,0.930251202539570,1.219203153673590,0.910403820335438,0.438383838383838,0.000000000000000,0.000000000000000,0.000000000000000,0.000000000000000,0.000000000000000,0.000000000000000,0.000000000000000,0.000000000000000,0.000000000000000,0.000000000000000,0.000000000000000,0.000000000000000,0.000000000000000,0.000000000000000,0.000000000000000,0.000000000000000,0.000000000000000,0.000000000000000,0.000000000000000,0.000000000000000,0.000000000000000,0.000000000000000,0.000000000000000,0.000000000000000,0.000000000000000,0.000000000000000,0.000000000000000
1,13,42,0.070866141732284,0.130778120594801,0.110878661087866,0.213013624042825,0.176453437977440,0.454833845794026,0.236901786583553,0.518753881987988,0.571209117632501,0.582176795654371,0.735650412318366,0.862650578909434,0.977449769951136,0.951896540444573,1.190910143972920,1.406092221322320,0.914039451451940,1.197258368725850,1.219336409710240,1.188838756278570,1.258347319942830,1.067996787039160,0.980596697358550,1.529325559747930,0.000000000000000,0.000000000000000,0.000000000000000,0.000000000000000,0.000000000000000,0.000000000000000,0.000000000000000,0.000000000000000,0.000000000000000,0.000000000000000,0.000000000000000,0.000000000000000,0.000000000000000,0.000000000000000,0.000000000000000,0.000000000000000,0.000000000000000,0.000000000000000,0.000000000000000,0.000000000000000,0.000000000000000,0.000000000000000,0.000000000000000,0.000000000000000,0.000000000000000,0.000000000000000
1,13,43,0.083003952569170,0.177944862155388,0.122279799043545,0.304592289605285,0.370978070026976,0.294677501291250,0.468427945143918,0.696490936894880,0.489040408309934,0.652293667674010,0.665354014743726,0.876820662491853,1.002860548125300,1.084010479808570,0.811994087738996,0.983475770378056,1.014989728685850,0.897935059098073,1.226004775677700,1.186482869845510,1.212788151242350,1.282197536351850,1.255706060007470,1.078077767045600,1.146643236933040,0.000000000000000,0.000000000000000,0.000000000000000,0.000000000000000,0.000000000000000,0.000000000000000,0.000000000000000,0.000000000000000,0.000000000000000,0.000000000000000,0.000000000000000,0.000000000000000,0.000000000000000,0.000000000000000,0.000000000000000,0.000000000000000,0.000000000000000,0.000000000000000,0.000000000000000,0.000000000000000,0.000000000000000,0.000000000000000,0.000000000000000,0.000000000000000,0.000000000000000
1,13,44,0.003846153846154,0.079404466501241,0.188539741219963,0.261231281198003,0.170463053337292,0.324765982598616,0.283347827154975,0.684121286182020,0.490971844101687,0.562485336420392,0.717436558292716,0.793087045980047,0.919570781568551,0.826209187243858,0.952079557574965,1.049467614744270,1.078554178574250,1.466302023593690,1.088951223643740,1.076591289012260,1.278318942370230,1.375432626541930,0.978403593580239,1.124738061050970,1.078609831383730,0.408275711693329,0.000000000000000,0.000000000000000,0.000000000000000,0.000000000000000,0.000000000000000,0.000000000000000,0.000000000000000,0.000000000000000,0.000000000000000,0.000000000000000,0.000000000000000,0.000000000000000,0.000000000000000,0.000000000000000,0.000000000000000,0.000000000000000,0.000000000000000,0.000000000000000,0.000000000000000,0.000000000000000,0.000000000000000,0.000000000000000,0.000000000000000,0.000000000000000
1,13,45,0.033457249070632,0.054322253493278,0.075403949730700,0.171976178964134,0.201567019375457,0.311829485822368,0.673299046545965,0.456179035083258,0.539046934596589,0.587722462237030,0.679009688520235,0.670364529841790,0.761581146580338,0.968430539656589,1.042583905725100,0.926714432511948,1.060874482010220,1.172218080818220,1.066572135909250,1.236591892816650,1.051494787674760,1.232901601308130,1.054874013678150,1.136528649232430,1.326980780003220,0.741437662776121,1.392967350642760,0.000000000000000,0.000000000000000,0.000000000000000,0.000000000000000,0.000000000000000,0.000000000000000,0.000000000000000,0.000000000000000,0.000000000000000,0.000000000000000,0.000000000000000,0.000000000000000,0.000000000000000,0.000000000000000,0.000000000000000,0.000000000000000,0.000000000000000,0.000000000000000,0.000000000000000,0.000000000000000,0.000000000000000,0.000000000000000,0.000000000000000
1,13,46,0.020689655172414,0.089285714285714,0.144795733306665,0.179944433472273,0.326215982822356,0.342704149933066,0.302003415224808,0.414716554591112,0.925954635051241,0.610951925057005,0.573463382121878,0.893847280344899,0.913316247079302,1.069577729354060,0.844793542214830,1.042388674182100,1.131788430913640,0.942897967333062,1.361752916030560,0.996915992999090,0.965513880262619,1.304375510674770,1.335776636452820,1.377625583275800,1.257225689952210,1.020779440374020,0.811244020842195,0.741719366354043,0.000000000000000,0.000000000000000,0.000000000000000,0.000000000000000,0.000000000000000,0.000000000000000,0.000000000000000,0.000000000000000,0.000000000000000,0.000000000000000,0.000000000000000,0.000000000000000,0.000000000000000,0.000000000000000,0.000000000000000,0.000000000000000,0.000000000000000,0.000000000000000,0.000000000000000,0.000000000000000,0.000000000000000,0.000000000000000
1,13,47,0.046149837958445,0.057971014492754,0.157656437709130,0.194520547945205,0.353413654618474,0.373702532034266,0.511723921855729,0.476805630908051,0.363573467668156,0.684113814866750,0.768653576112772,0.852549653008150,0.960480576722298,1.046437080254730,0.743358741669263,0.756525422333603,1.141411969625130,0.791182748926938,0.827469155777676,0.975466913285166,0.954632026001774,0.961211794121003,1.213217309877620,0.812570308009832,1.056089536749980,1.367981489416440,0.776929364754456,0.886631291776382,0.897185760495488,0.000000000000000,0.000000000000000,0.000000000000000,0.000000000000000,0.000000000000000,0.000000000000000,0.000000000000000,0.000000000000000,0.000000000000000,0.000000000000000,0.000000000000000,0.000000000000000,0.000000000000000,0.000000000000000,0.000000000000000,0.000000000000000,0.000000000000000,0.000000000000000,0.000000000000000,0.000000000000000,0.000000000000000
1,13,48,0.060747663551402,0.139534883720930,0.177434571281205,0.103917753136948,0.252848075579730,0.443796556343531,0.399456849713077,0.680870014665333,0.474849122874392,0.694893170205360,1.009711472344900,0.696088188133210,1.122619559765990,1.074655393321640,0.855194273841186,0.733359953697196,0.864075746405380,1.110328268715670,1.363369185420980,0.729338316673245,1.101067728031740,0.856983613259382,1.049872809687700,1.257742092275620,1.210722025936480,1.072836883073320,0.903321426008029,0.797763884449233,0.815278900213112,0.795687356812954,0.000000000000000,0.000000000000000,0.000000000000000,0.000000000000000,0.000000000000000,0.000000000000000,0.000000000000000,0.000000000000000,0.000000000000000,0.000000000000000,0.000000000000000,0.000000000000000,0.000000000000000,0.000000000000000,0.000000000000000,0.000000000000000,0.000000000000000,0.000000000000000,0.000000000000000,0.000000000000000
1,13,49,0.033330824470865,0.064811426998229,0.185869890748176,0.205289672544081,0.182140843841958,0.263535804759144,0.254614031308912,0.485662913712059,0.402972185070180,0.783935532157485,0.722468126887897,0.992027926364406,0.860661860829583,0.870643431711480,0.786317784337493,0.639308294202910,1.246212092262110,1.023121648351140,0.753093995665234,1.013916756383110,1.111550932926460,1.341399156894880,0.889856939417029,1.142223369150380,1.074491449676250,1.075240323530170,1.101750731520480,0.934795595047464,0.941066712123289,0.736931946234838,0.325870646766169,0.000000000000000,0.000000000000000,0.000000000000000,0.000000000000000,0.000000000000000,0.000000000000000,0.000000000000000,0.000000000000000,0.000000000000000,0.000000000000000,0.000000000000000,0.000000000000000,0.000000000000000,0.000000000000000,0.000000000000000,0.000000000000000,0.000000000000000,0.000000000000000,0.000000000000000
1,13,50,0.024175824175824,0.075071257014884,0.154061624649860,0.154221501977734,0.268614142544958,0.291224401534714,0.264226557055630,0.563538350199812,0.678979005205738,0.724631761884577,0.742145668235482,0.759460789649928,0.871643219820685,0.641328271958098,1.162272488499670,0.849149487253241,0.984835409342398,0.845281021080771,0.934718969307162,1.099093618056620,0.915336705359644,0.896404317424946,0.997254212010824,1.173582640151160,1.050406587743950,0.977302773751727,1.077331686774900,1.349690442443380,1.097148038119240,0.790360166351986,0.972337484100387,0.812220847025725,0.000000000000000,0.000000000000000,0.000000000000000,0.000000000000000,0.000000000000000,0.000000000000000,0.000000000000000,0.000000000000000,0.000000000000000,0.000000000000000,0.000000000000000,0.000000000000000,0.000000000000000,0.000000000000000,0.000000000000000,0.000000000000000,0.000000000000000,0.000000000000000
1,13,51,0.027130002029733,0.087131367292225,0.166442275498519,0.267281700787531,0.355296660956065,0.289489996783602,0.449751763195565,0.520157528090780,0.465801886792453,0.769700394475717,0.807480880206189,0.935842240844606,0.833614582509672,0.975454859187969,0.908386225192752,1.358292525917280,0.779017610760236,1.006135718678420,1.406516829514260,1.173996224701660,0.945990106326092,1.363864286305940,1.140969328598320,1.145005665282950,1.118888712662330,1.007064866284730,0.874074327982833,0.790394188534652,0.853797285628297,0.798105255698600,0.915918985203348,0.863920735470505,0.414841483040754,0.000000000000000,0.000000000000000,0.000000000000000,0.000000000000000,0.000000000000000,0.000000000000000,0.000000000000000,0.000000000000000,0.000000000000000,0.000000000000000,0.000000000000000,0.000000000000000,0.000000000000000,0.000000000000000,0.000000000000000,0.000000000000000,0.000000000000000
1,13,52,0.007407407407407,0.142514970059880,0.139280097949615,0.262184291759919,0.339463586261636,0.443273848007083,0.523941581672218,0.590820385825759,0.700394218134034,0.534700509005640,0.573809586430499,0.713923056881182,0.837857265584694,0.977365634514106,1.252752551708010,0.910272336557243,1.030189735545600,1.092193258124910,1.419778425190790,1.066629671832040,0.945970752979217,1.069566621706570,1.134411261070200,1.095451292380170,1.281288622565650,0.945804272051773,1.187461600190980,0.955096813733824,1.305584975745660,0.929922501930737,1.137015156330380,0.934235470473800,0.700545846016622,0.625418060200669,0.000000000000000,0.000000000000000,0.000000000000000,0.000000000000000,0.000000000000000,0.000000000000000,0.000000000000000,0.000000000000000,0.000000000000000,0.000000000000000,0.000000000000000,0.000000000000000,0.000000000000000,0.000000000000000,0.000000000000000,0.000000000000000
1,13,53,0.045941807044410,0.057630026177240,0.179514255543823,0.166109253065775,0.343181509692019,0.464395982979195,0.605670359743365,0.783426668057534,0.825454034003289,0.568697384189394,0.881453516129192,0.930661840949591,1.067871773552610,0.924809095511881,1.167993209748070,1.035805081899720,0.792466126966749,1.043594442551530,1.211626819948870,0.747739532074226,1.099840655993210,1.296911029281780,1.171279455634680,1.209396405684420,1.160793924480290,1.018468655424040,1.275399663037800,0.917826254941176,1.218614219948210,1.393590646027340,0.617660841676814,0.877054148560487,0.883492980565353,0.709706149923603,0.391566265060241,0.000000000000000,0.000000000000000,0.000000000000000,0.000000000000000,0.000000000000000,0.000000000000000,0.000000000000000,0.000000000000000,0.000000000000000,0.000000000000000,0.000000000000000,0.000000000000000,0.000000000000000,0.000000000000000,0.000000000000000
1,13,54,0.056213017751479,0.078410833997341,0.059102000081660,0.262309115288425,0.368995633187773,0.461699895068206,0.447041009106792,0.579337385242703,0.511196346560996,0.691074050203073,1.180996351232020,1.090283959372020,0.817018713209964,0.592854645570590,1.288427155843150,1.056275138501990,1.089978657673270,1.219160410654180,1.153930870796390,1.062832082168960,1.351353091810510,1.153087812797150,0.953553356184191,1.003536509777980,0.862783226693262,1.211011172801010,1.102194871027840,1.179320340604090,1.122600378790190,1.093193956908540,0.936754853135440,0.690067749996187,0.945315931067422,1.003622690795830,0.790500856807823,0.279220779220779,0.000000000000000,0.000000000000000,0.000000000000000,0.000000000000000,0.000000000000000,0.000000000000000,0.000000000000000,0.000000000000000,0.000000000000000,0.000000000000000,0.000000000000000,0.000000000000000,0.000000000000000,0.000000000000000
1,13,55,0.021707670043415,0.051603217304532,0.113614103819785,0.301984733083239,0.364690458008374,0.458673814688212,0.592658594113616,0.565941193732999,0.639476334340383,0.410091415960795,0.857179160121024,0.923034729810686,0.991437174782960,1.154768719496270,1.218443139601360,0.760764529499540,0.885478760067895,1.130704269845080,1.056554538209980,1.004593169213390,1.744174740998620,0.885035570976956,0.922911726068536,0.967415523585766,0.960426421546113,0.979153158746415,1.175047656819060,0.741610949275857,1.020013524421480,1.176214272532130,1.351056437673170,0.815379325584187,0.909019350291457,1.236549017216980,0.741646632232990,0.741767534766091,0.218884120171674,0.000000000000000,0.000000000000000,0.000000000000000,0.000000000000000,0.000000000000000,0.000000000000000,0.000000000000000,0.000000000000000,0.000000000000000,0.000000000000000,0.000000000000000,0.000000000000000,0.000000000000000
1,13,56,0.033103742812378,0.083208656353623,0.123983630796240,0.313925710367074,0.389195122908091,0.473251455381668,0.580604232386118,0.526447930928025,0.467682949359768,0.668317548454737,0.672481740771964,1.115670467475080,1.014497294658790,0.791185528643059,0.941872335515358,0.914002960809014,1.011674130701620,1.153744344564480,0.871746012104627,1.208979776662230,1.087359109664510,1.231413017051990,1.271323067632920,0.995153368207190,1.062489017768710,1.088915007185030,1.299885613285080,0.580104137747326,0.732687778032768,1.098109577960480,1.088672504309570,0.963542322454579,0.922967312131006,1.045567339562180,0.642883269229597,0.963251670378619,0.596282980310212,0.575949367088608,0.000000000000000,0.000000000000000,0.000000000000000,0.000000000000000,0.000000000000000,0.000000000000000,0.000000000000000,0.000000000000000,0.000000000000000,0.000000000000000,0.000000000000000,0.000000000000000
1,13,57,0.023854190845658,0.043855305627587,0.145255149993735,0.251169004676019,0.277667550928469,0.539815590947192,0.855955842577237,0.750681630072562,0.839367344706267,0.823712108367151,0.701416046174462,0.900921658986175,0.944871899139123,1.226390530296400,1.036955731563860,0.950802948239514,1.094062913710350,1.069265527445030,0.874253382033022,1.310177929524560,1.351863932974080,1.167323882119940,1.050312258948980,0.809963904178274,0.977633502855378,0.693407861095905,1.202997989724110,1.028808923061810,1.187129204894250,1.071210917536990,1.028209039507230,1.264219584825770,1.029592447536910,1.011255205194580,0.755290129450785,0.813067961329473,1.098605577689240,0.733585525050608,0.402027027027027,0.000000000000000,0.000000000000000,0.000000000000000,0.000000000000000,0.000000000000000,0.000000000000000,0.000000000000000,0.000000000000000,0.000000000000000,0.000000000000000,0.000000000000000
1,13,58,0.021862348178138,0.072526416906820,0.164852945845166,0.281318245351164,0.242570043381594,0.453635213596607,0.753350104980204,0.654465258437338,0.915350466623963,0.862052283971919,0.873710227896207,1.143456671447910,1.288659793814430,1.308568036835220,1.023387155305020,0.948633615134709,1.192669227585760,0.853615995304005,1.165715598613660,0.961047272660882,1.598605916257300,1.105688924702640,1.201155800264110,0.913523248133718,0.990145237018306,1.146783735422940,1.156450533842550,1.085007941487740,1.442094626567250,1.507173469109840,0.881065055724814,1.104141514543140,0.595569125951454,0.804364147505403,1.040418399574250,0.927865007362614,0.597800390318048,0.679016279603948,0.677797746131442,1.413127413127410,0.000000000000000,0.000000000000000,0.000000000000000,0.000000000000000,0.000000000000000,0.000000000000000,0.000000000000000,0.000000000000000,0.000000000000000,0.000000000000000
1,13,59,0.044275774826060,0.049142857142857,0.178446090605744,0.241009219975303,0.340057641605748,0.386394850968346,0.651270889932027,0.459259259259259,0.622897497037874,0.850787539552945,1.274213535730460,1.133947142176270,1.093477861010370,0.866529774127310,0.920514289402078,1.167928823840720,1.206583402792360,1.296730114130490,1.695145300390930,1.466314093583960,1.146442091395280,1.410147022142210,1.098390896696550,1.099884809677740,0.778414261777435,1.362296870701430,1.162536320062590,0.987978813718578,1.649533947593250,1.192986006391320,1.376205827169890,0.919197716851946,1.058477808638840,0.751207562845191,0.837666624497001,0.887362967688683,0.737637696071192,1.079030177503610,1.030954205334350,0.706375548276482,0.592920353982301,0.000000000000000,0.000000000000000,0.000000000000000,0.000000000000000,0.000000000000000,0.000000000000000,0.000000000000000,0.000000000000000,0.000000000000000
1,13,60,0.000000000000000,0.000000000000000,0.000000000000000,0.030612244897959,0.140127388535032,0.000000000000000,0.203389830508475,0.095238095238095,0.250000000000000,0.200000000000000,0.268292682926829,0.222222222222222,0.725806451612903,0.173913043478261,0.050000000000000,0.052631578947368,0.000000000000000,1.088888888888890,0.000000000000000,0.745762711864407,0.523809523809524,0.661016949152542,0.775510204081633,0.125000000000000,0.147058823529412,0.000000000000000,0.000000000000000,0.000000000000000,0.000000000000000,1.035714285714290,0.250000000000000,0.051724137931035,0.000000000000000,0.184615384615385,1.240740740740740,0.813559322033898,0.144927536231884,1.172413793103450,0.514705882352941,0.426666666666667,1.329729729729730,0.000000000000000,0.000000000000000,0.000000000000000,0.000000000000000,0.000000000000000,0.000000000000000,0.000000000000000,0.000000000000000,0.000000000000000
1,13,61,0.000000000000000,0.000000000000000,0.000000000000000,0.000000000000000,0.181818181818182,0.000000000000000,0.096551724137931,0.000000000000000,0.446808510638298,0.453608247422680,0.127659574468085,0.894736842105263,0.338028169014085,0.000000000000000,0.000000000000000,0.421052631578947,0.000000000000000,0.521739130434783,0.444444444444444,0.187500000000000,0.530612244897959,1.365384615384620,0.000000000000000,1.666666666666670,0.510638297872340,0.893617021276596,1.081632653061220,0.218181818181818,0.674418604651163,0.214285714285714,1.390243902439020,0.517857142857143,0.000000000000000,0.000000000000000,0.140000000000000,0.097222222222222,0.214285714285714,0.000000000000000,0.688172043010753,0.666666666666667,0.338461538461538,1.006666666666670,0.000000000000000,0.000000000000000,0.000000000000000,0.000000000000000,0.000000000000000,0.000000000000000,0.000000000000000,0.000000000000000
1,13,62,0.000000000000000,0.000000000000000,0.000000000000000,0.000000000000000,0.055000000000000,0.000000000000000,0.079470198675497,0.303278688524590,0.103773584905660,0.145454545454545,0.000000000000000,0.000000000000000,0.415584415584416,0.338028169014085,0.000000000000000,2.129032258064520,0.266666666666667,0.044117647058824,0.611111111111111,0.300000000000000,0.631578947368421,1.452380952380950,0.000000000000000,0.081081081081081,0.279069767441860,0.421052631578947,0.333333333333333,0.185185185185185,0.245614035087719,0.225806451612903,0.266666666666667,1.245901639344260,0.781250000000000,1.057692307692310,0.981818181818182,0.483333333333333,0.241379310344828,1.578947368421050,0.000000000000000,0.130434782608696,0.921348314606742,0.846153846153846,0.416666666666667,0.000000000000000,0.000000000000000,0.000000000000000,0.000000000000000,0.000000000000000,0.000000000000000,0.000000000000000
1,13,63,0.000000000000000,0.000000000000000,0.000000000000000,0.000000000000000,0.000000000000000,0.000000000000000,0.000000000000000,0.000000000000000,0.022900763358779,0.000000000000000,0.213592233009709,0.035714285714286,1.119402985074630,0.000000000000000,0.017241379310345,0.187500000000000,1.200000000000000,1.440000000000000,0.528301886792453,0.157894736842105,0.647058823529412,0.275000000000000,2.203703703703700,0.675000000000000,0.367346938775510,1.090909090909090,0.019607843137255,0.240000000000000,0.000000000000000,0.642857142857143,0.000000000000000,0.250000000000000,0.475000000000000,0.672413793103448,0.219512195121951,0.260869565217391,1.184615384615380,0.783333333333333,0.428571428571429,1.147058823529410,1.847058823529410,0.378048780487805,0.353846153846154,0.366972477064220,3.000000000000000,0.000000000000000,0.000000000000000,0.000000000000000,0.000000000000000,0.000000000000000
1,13,64,0.000000000000000,0.000000000000000,0.000000000000000,0.000000000000000,0.000000000000000,0.075342465753425,0.081081081081081,0.000000000000000,0.148148148148148,0.000000000000000,0.870588235294118,0.160000000000000,0.000000000000000,0.278688524590164,0.704918032786885,0.156250000000000,0.613636363636364,0.270833333333333,1.023255813953490,0.773584905660377,0.914893617021277,0.000000000000000,1.358974358974360,0.000000000000000,0.344827586206897,0.323529411764706,0.558139534883721,0.111111111111111,1.071428571428570,0.970588235294118,0.000000000000000,0.475000000000000,0.975000000000000,0.153846153846154,0.456521739130435,0.061224489795918,0.934782608695652,0.137931034482759,0.590909090909091,0.181818181818182,0.333333333333333,0.916666666666667,0.218181818181818,1.689655172413790,0.781818181818182,0.000000000000000,0.000000000000000,0.000000000000000,0.000000000000000,0.000000000000000
1,13,65,0.000000000000000,0.000000000000000,0.000000000000000,0.000000000000000,0.000000000000000,0.000000000000000,0.000000000000000,0.000000000000000,0.000000000000000,0.000000000000000,0.000000000000000,0.000000000000000,0.000000000000000,0.000000000000000,0.000000000000000,0.000000000000000,0.000000000000000,0.000000000000000,0.000000000000000,0.000000000000000,0.000000000000000,0.000000000000000,0.000000000000000,0.000000000000000,0.000000000000000,0.000000000000000,0.000000000000000,0.000000000000000,0.000000000000000,0.000000000000000,0.000000000000000,0.000000000000000,0.000000000000000,0.000000000000000,0.000000000000000,0.000000000000000,0.000000000000000,0.000000000000000,0.000000000000000,0.000000000000000,0.000000000000000,0.000000000000000,0.000000000000000,0.000000000000000,0.000000000000000,0.000000000000000,0.000000000000000,0.000000000000000,0.000000000000000,0.000000000000000
1,13,66,0.000000000000000,0.000000000000000,0.000000000000000,0.000000000000000,0.000000000000000,0.000000000000000,0.000000000000000,0.000000000000000,0.000000000000000,0.000000000000000,0.000000000000000,0.000000000000000,0.000000000000000,0.000000000000000,0.000000000000000,0.000000000000000,0.000000000000000,0.000000000000000,0.000000000000000,0.000000000000000,0.000000000000000,0.000000000000000,0.000000000000000,0.000000000000000,0.000000000000000,0.000000000000000,0.000000000000000,0.000000000000000,0.000000000000000,0.000000000000000,0.000000000000000,0.000000000000000,0.000000000000000,0.000000000000000,0.000000000000000,0.000000000000000,0.000000000000000,0.000000000000000,0.000000000000000,0.000000000000000,0.000000000000000,0.000000000000000,0.000000000000000,0.000000000000000,0.000000000000000,0.000000000000000,0.000000000000000,0.000000000000000,0.000000000000000,0.000000000000000
1,13,67,0.000000000000000,0.000000000000000,0.000000000000000,0.000000000000000,0.000000000000000,0.000000000000000,0.000000000000000,0.000000000000000,0.000000000000000,0.000000000000000,0.000000000000000,0.000000000000000,0.000000000000000,0.000000000000000,0.000000000000000,0.000000000000000,0.000000000000000,0.000000000000000,0.000000000000000,0.000000000000000,0.000000000000000,0.000000000000000,0.000000000000000,0.000000000000000,0.000000000000000,0.000000000000000,0.000000000000000,0.000000000000000,0.000000000000000,0.000000000000000,0.000000000000000,0.000000000000000,0.000000000000000,0.000000000000000,0.000000000000000,0.000000000000000,0.000000000000000,0.000000000000000,0.000000000000000,0.000000000000000,0.000000000000000,0.000000000000000,0.000000000000000,0.000000000000000,0.000000000000000,0.000000000000000,0.000000000000000,0.000000000000000,0.000000000000000,0.000000000000000
1,13,68,0.000000000000000,0.000000000000000,0.000000000000000,0.000000000000000,0.000000000000000,0.000000000000000,0.000000000000000,0.000000000000000,0.000000000000000,0.000000000000000,0.000000000000000,0.000000000000000,0.000000000000000,0.000000000000000,0.000000000000000,0.000000000000000,0.000000000000000,0.000000000000000,0.000000000000000,0.000000000000000,0.000000000000000,0.000000000000000,0.000000000000000,0.000000000000000,0.000000000000000,0.000000000000000,0.000000000000000,0.000000000000000,0.000000000000000,0.000000000000000,0.000000000000000,0.000000000000000,0.000000000000000,0.000000000000000,0.000000000000000,0.000000000000000,0.000000000000000,0.000000000000000,0.000000000000000,0.000000000000000,0.000000000000000,0.000000000000000,0.000000000000000,0.000000000000000,0.000000000000000,0.000000000000000,0.000000000000000,0.000000000000000,0.000000000000000,0.000000000000000
1,13,69,0.000000000000000,0.000000000000000,0.000000000000000,0.000000000000000,0.000000000000000,0.000000000000000,0.000000000000000,0.000000000000000,0.000000000000000,0.000000000000000,0.000000000000000,0.000000000000000,0.000000000000000,0.000000000000000,0.000000000000000,0.000000000000000,0.000000000000000,0.000000000000000,0.000000000000000,0.000000000000000,0.000000000000000,0.000000000000000,0.000000000000000,0.000000000000000,0.000000000000000,0.000000000000000,0.000000000000000,0.000000000000000,0.000000000000000,0.000000000000000,0.000000000000000,0.000000000000000,0.000000000000000,0.000000000000000,0.000000000000000,0.000000000000000,0.000000000000000,0.000000000000000,0.000000000000000,0.000000000000000,0.000000000000000,0.000000000000000,0.000000000000000,0.000000000000000,0.000000000000000,0.000000000000000,0.000000000000000,0.000000000000000,0.000000000000000,0.000000000000000
1,14,20,0.000631999879744,0.002686097341519,0.000000000000000,0.000000000000000,0.000000000000000,0.000000000000000,0.000000000000000,0.000000000000000,0.000000000000000,0.000000000000000,0.000000000000000,0.000000000000000,0.000000000000000,0.000000000000000,0.000000000000000,0.000000000000000,0.000000000000000,0.000000000000000,0.000000000000000,0.000000000000000,0.000000000000000,0.000000000000000,0.000000000000000,0.000000000000000,0.000000000000000,0.000000000000000,0.000000000000000,0.000000000000000,0.000000000000000,0.000000000000000,0.000000000000000,0.000000000000000,0.000000000000000,0.000000000000000,0.000000000000000,0.000000000000000,0.000000000000000,0.000000000000000,0.000000000000000,0.000000000000000,0.000000000000000,0.000000000000000,0.000000000000000,0.000000000000000,0.000000000000000,0.000000000000000,0.000000000000000,0.000000000000000,0.000000000000000,0.000000000000000
1,14,21,0.008861999228874,0.004298782963433,0.000000000000000,0.000000000000000,0.000000000000000,0.000000000000000,0.000000000000000,0.000000000000000,0.000000000000000,0.000000000000000,0.000000000000000,0.000000000000000,0.000000000000000,0.000000000000000,0.000000000000000,0.000000000000000,0.000000000000000,0.000000000000000,0.000000000000000,0.000000000000000,0.000000000000000,0.000000000000000,0.000000000000000,0.000000000000000,0.000000000000000,0.000000000000000,0.000000000000000,0.000000000000000,0.000000000000000,0.000000000000000,0.000000000000000,0.000000000000000,0.000000000000000,0.000000000000000,0.000000000000000,0.000000000000000,0.000000000000000,0.000000000000000,0.000000000000000,0.000000000000000,0.000000000000000,0.000000000000000,0.000000000000000,0.000000000000000,0.000000000000000,0.000000000000000,0.000000000000000,0.000000000000000,0.000000000000000,0.000000000000000
1,14,22,0.014807959278112,0.034189569068980,0.008126814713595,0.005647723261560,0.000000000000000,0.000000000000000,0.000000000000000,0.000000000000000,0.000000000000000,0.000000000000000,0.000000000000000,0.000000000000000,0.000000000000000,0.000000000000000,0.000000000000000,0.000000000000000,0.000000000000000,0.000000000000000,0.000000000000000,0.000000000000000,0.000000000000000,0.000000000000000,0.000000000000000,0.000000000000000,0.000000000000000,0.000000000000000,0.000000000000000,0.000000000000000,0.000000000000000,0.000000000000000,0.000000000000000,0.000000000000000,0.000000000000000,0.000000000000000,0.000000000000000,0.000000000000000,0.000000000000000,0.000000000000000,0.000000000000000,0.000000000000000,0.000000000000000,0.000000000000000,0.000000000000000,0.000000000000000,0.000000000000000,0.000000000000000,0.000000000000000,0.000000000000000,0.000000000000000,0.000000000000000
1,14,23,0.021188934667451,0.028174081698987,0.054300184213929,0.028244414439417,0.018621973929237,0.000000000000000,0.000000000000000,0.000000000000000,0.000000000000000,0.000000000000000,0.000000000000000,0.000000000000000,0.000000000000000,0.000000000000000,0.000000000000000,0.000000000000000,0.000000000000000,0.000000000000000,0.000000000000000,0.000000000000000,0.000000000000000,0.000000000000000,0.000000000000000,0.000000000000000,0.000000000000000,0.000000000000000,0.000000000000000,0.000000000000000,0.000000000000000,0.000000000000000,0.000000000000000,0.000000000000000,0.000000000000000,0.000000000000000,0.000000000000000,0.000000000000000,0.000000000000000,0.000000000000000,0.000000000000000,0.000000000000000,0.000000000000000,0.000000000000000,0.000000000000000,0.000000000000000,0.000000000000000,0.000000000000000,0.000000000000000,0.000000000000000,0.000000000000000,0.000000000000000
1,14,24,0.009588818634032,0.051911767593170,0.051063304065022,0.079917596827424,0.062688437329665,0.032983508245877,0.000000000000000,0.000000000000000,0.000000000000000,0.000000000000000,0.000000000000000,0.000000000000000,0.000000000000000,0.000000000000000,0.000000000000000,0.000000000000000,0.000000000000000,0.000000000000000,0.000000000000000,0.000000000000000,0.000000000000000,0.000000000000000,0.000000000000000,0.000000000000000,0.000000000000000,0.000000000000000,0.000000000000000,0.000000000000000,0.000000000000000,0.000000000000000,0.000000000000000,0.000000000000000,0.000000000000000,0.000000000000000,0.000000000000000,0.000000000000000,0.000000000000000,0.000000000000000,0.000000000000000,0.000000000000000,0.000000000000000,0.000000000000000,0.000000000000000,0.000000000000000,0.000000000000000,0.000000000000000,0.000000000000000,0.000000000000000,0.000000000000000,0.000000000000000
1,14,25,0.009337592288009,0.035015859857687,0.075401615196556,0.063340366458415,0.113782129270362,0.116359198011261,0.202466598150051,0.000000000000000,0.000000000000000,0.000000000000000,0.000000000000000,0.000000000000000,0.000000000000000,0.000000000000000,0.000000000000000,0.000000000000000,0.000000000000000,0.000000000000000,0.000000000000000,0.000000000000000,0.000000000000000,0.000000000000000,0.000000000000000,0.000000000000000,0.000000000000000,0.000000000000000,0.000000000000000,0.000000000000000,0.000000000000000,0.000000000000000,0.000000000000000,0.000000000000000,0.000000000000000,0.000000000000000,0.000000000000000,0.000000000000000,0.000000000000000,0.000000000000000,0.000000000000000,0.000000000000000,0.000000000000000,0.000000000000000,0.000000000000000,0.000000000000000,0.000000000000000,0.000000000000000,0.000000000000000,0.000000000000000,0.000000000000000,0.000000000000000
1,14,26,0.010152284263959,0.079180887372014,0.067271338592343,0.104320376946976,0.161374953176946,0.229919870373092,0.141057151450356,0.170157068062827,0.000000000000000,0.000000000000000,0.000000000000000,0.000000000000000,0.000000000000000,0.000000000000000,0.000000000000000,0.000000000000000,0.000000000000000,0.000000000000000,0.000000000000000,0.000000000000000,0.000000000000000,0.000000000000000,0.000000000000000,0.000000000000000,0.000000000000000,0.000000000000000,0.000000000000000,0.000000000000000,0.000000000000000,0.000000000000000,0.000000000000000,0.000000000000000,0.000000000000000,0.000000000000000,0.000000000000000,0.000000000000000,0.000000000000000,0.000000000000000,0.000000000000000,0.000000000000000,0.000000000000000,0.000000000000000,0.000000000000000,0.000000000000000,0.000000000000000,0.000000000000000,0.000000000000000,0.000000000000000,0.000000000000000,0.000000000000000
1,14,27,0.036614595686058,0.085737840065952,0.129588332503349,0.134863536765369,0.148928571764911,0.164455220801002,0.227044767906580,0.156406362309456,0.170174733908034,0.000000000000000,0.000000000000000,0.000000000000000,0.000000000000000,0.000000000000000,0.000000000000000,0.000000000000000,0.000000000000000,0.000000000000000,0.000000000000000,0.000000000000000,0.000000000000000,0.000000000000000,0.000000000000000,0.000000000000000,0.000000000000000,0.000000000000000,0.000000000000000,0.000000000000000,0.000000000000000,0.000000000000000,0.000000000000000,0.000000000000000,0.000000000000000,0.000000000000000,0.000000000000000,0.000000000000000,0.000000000000000,0.000000000000000,0.000000000000000,0.000000000000000,0.000000000000000,0.000000000000000,0.000000000000000,0.000000000000000,0.000000000000000,0.000000000000000,0.000000000000000,0.000000000000000,0.000000000000000,0.000000000000000
1,14,28,0.048742138364780,0.068466730954677,0.129657383536569,0.110120512152378,0.168236976435860,0.145308074130308,0.229726711789510,0.297754939039954,0.211579930757380,0.237838006165735,0.000000000000000,0.000000000000000,0.000000000000000,0.000000000000000,0.000000000000000,0.000000000000000,0.000000000000000,0.000000000000000,0.000000000000000,0.000000000000000,0.000000000000000,0.000000000000000,0.000000000000000,0.000000000000000,0.000000000000000,0.000000000000000,0.000000000000000,0.000000000000000,0.000000000000000,0.000000000000000,0.000000000000000,0.000000000000000,0.000000000000000,0.000000000000000,0.000000000000000,0.000000000000000,0.000000000000000,0.000000000000000,0.000000000000000,0.000000000000000,0.000000000000000,0.000000000000000,0.000000000000000,0.000000000000000,0.000000000000000,0.000000000000000,0.000000000000000,0.000000000000000,0.000000000000000,0.000000000000000
1,14,29,0.014010507880911,0.057901085645356,0.096495510883623,0.088588603226305,0.217626015251840,0.233224423349683,0.295186660173104,0.322444832266427,0.332465336700335,0.257394952625947,0.188006482982172,0.000000000000000,0.000000000000000,0.000000000000000,0.000000000000000,0.000000000000000,0.000000000000000,0.000000000000000,0.000000000000000,0.000000000000000,0.000000000000000,0.000000000000000,0.000000000000000,0.000000000000000,0.000000000000000,0.000000000000000,0.000000000000000,0.000000000000000,0.000000000000000,0.000000000000000,0.000000000000000,0.000000000000000,0.000000000000000,0.000000000000000,0.000000000000000,0.000000000000000,0.000000000000000,0.000000000000000,0.000000000000000,0.000000000000000,0.000000000000000,0.000000000000000,0.000000000000000,0.000000000000000,0.000000000000000,0.000000000000000,0.000000000000000,0.000000000000000,0.000000000000000,0.000000000000000
1,14,30,0.015325670498084,0.108134411883466,0.086823750099725,0.110868611009084,0.235440782282305,0.266016314787612,0.253789744870263,0.406250730742086,0.442374176578532,0.324246060942255,0.326502915225532,0.387300847308184,0.000000000000000,0.000000000000000,0.000000000000000,0.000000000000000,0.000000000000000,0.000000000000000,0.000000000000000,0.000000000000000,0.000000000000000,0.000000000000000,0.000000000000000,0.000000000000000,0.000000000000000,0.000000000000000,0.000000000000000,0.000000000000000,0.000000000000000,0.000000000000000,0.000000000000000,0.000000000000000,0.000000000000000,0.000000000000000,0.000000000000000,0.000000000000000,0.000000000000000,0.000000000000000,0.000000000000000,0.000000000000000,0.000000000000000,0.000000000000000,0.000000000000000,0.000000000000000,0.000000000000000,0.000000000000000,0.000000000000000,0.000000000000000,0.000000000000000,0.000000000000000
1,14,31,0.023057521975561,0.078431372549020,0.152023234774496,0.126701740916805,0.167742289389440,0.284664827472248,0.272461033841009,0.345474598151070,0.442569578827728,0.339614515098237,0.398743141931427,0.292151138418740,0.358890963526236,0.000000000000000,0.000000000000000,0.000000000000000,0.000000000000000,0.000000000000000,0.000000000000000,0.000000000000000,0.000000000000000,0.000000000000000,0.000000000000000,0.000000000000000,0.000000000000000,0.000000000000000,0.000000000000000,0.000000000000000,0.000000000000000,0.000000000000000,0.000000000000000,0.000000000000000,0.000000000000000,0.000000000000000,0.000000000000000,0.000000000000000,0.000000000000000,0.000000000000000,0.000000000000000,0.000000000000000,0.000000000000000,0.000000000000000,0.000000000000000,0.000000000000000,0.000000000000000,0.000000000000000,0.000000000000000,0.000000000000000,0.000000000000000,0.000000000000000
1,14,32,0.011467889908257,0.075338096118985,0.046206676396387,0.092715852766416,0.181228693800799,0.187739719204281,0.240448750673551,0.397301657288537,0.344014830558979,0.423613102667155,0.482706144593903,0.401669197671232,0.282818667498464,0.161555319331776,0.000000000000000,0.000000000000000,0.000000000000000,0.000000000000000,0.000000000000000,0.000000000000000,0.000000000000000,0.000000000000000,0.000000000000000,0.000000000000000,0.000000000000000,0.000000000000000,0.000000000000000,0.000000000000000,0.000000000000000,0.000000000000000,0.000000000000000,0.000000000000000,0.000000000000000,0.000000000000000,0.000000000000000,0.000000000000000,0.000000000000000,0.000000000000000,0.000000000000000,0.000000000000000,0.000000000000000,0.000000000000000,0.000000000000000,0.000000000000000,0.000000000000000,0.000000000000000,0.000000000000000,0.000000000000000,0.000000000000000,0.000000000000000
1,14,33,0.002544529262087,0.042857142857143,0.186104218362283,0.168040654036307,0.219724403746067,0.232820126468249,0.355249392204219,0.419529417271953,0.388347609847397,0.359029587992665,0.365623239127462,0.393541123978280,0.440164906555297,0.330736101069262,0.132118883091390,0.000000000000000,0.000000000000000,0.000000000000000,0.000000000000000,0.000000000000000,0.000000000000000,0.000000000000000,0.000000000000000,0.000000000000000,0.000000000000000,0.000000000000000,0.000000000000000,0.000000000000000,0.000000000000000,0.000000000000000,0.000000000000000,0.000000000000000,0.000000000000000,0.000000000000000,0.000000000000000,0.000000000000000,0.000000000000000,0.000000000000000,0.000000000000000,0.000000000000000,0.000000000000000,0.000000000000000,0.000000000000000,0.000000000000000,0.000000000000000,0.000000000000000,0.000000000000000,0.000000000000000,0.000000000000000,0.000000000000000
1,14,34,0.065963060686016,0.107837168821294,0.067817509247842,0.128918181401730,0.140534602352857,0.195194637789427,0.208338034986115,0.320084806793210,0.381463993212441,0.532365160094824,0.528262276410228,0.317641284990813,0.429759200844839,0.452639526131947,0.330991890285925,0.477424715802786,0.000000000000000,0.000000000000000,0.000000000000000,0.000000000000000,0.000000000000000,0.000000000000000,0.000000000000000,0.000000000000000,0.000000000000000,0.000000000000000,0.000000000000000,0.000000000000000,0.000000000000000,0.000000000000000,0.000000000000000,0.000000000000000,0.000000000000000,0.000000000000000,0.000000000000000,0.000000000000000,0.000000000000000,0.000000000000000,0.000000000000000,0.000000000000000,0.000000000000000,0.000000000000000,0.000000000000000,0.000000000000000,0.000000000000000,0.000000000000000,0.000000000000000,0.000000000000000,0.000000000000000,0.000000000000000
1,14,35,0.067477651484610,0.081632653061225,0.089188389431362,0.168208774406575,0.222190961183534,0.270838159680201,0.258665986863638,0.200299846695474,0.542247808534972,0.442267409079003,0.485650283996524,0.559418121989434,0.543110996952975,0.453814004833105,0.596582645018541,0.293241261234358,0.395721925133690,0.000000000000000,0.000000000000000,0.000000000000000,0.000000000000000,0.000000000000000,0.000000000000000,0.000000000000000,0.000000000000000,0.000000000000000,0.000000000000000,0.000000000000000,0.000000000000000,0.000000000000000,0.000000000000000,0.000000000000000,0.000000000000000,0.000000000000000,0.000000000000000,0.000000000000000,0.000000000000000,0.000000000000000,0.000000000000000,0.000000000000000,0.000000000000000,0.000000000000000,0.000000000000000,0.000000000000000,0.000000000000000,0.000000000000000,0.000000000000000,0.000000000000000,0.000000000000000,0.000000000000000
1,14,36,0.046661398253748,0.031620553359684,0.024354119015167,0.152209662095854,0.157930850550215,0.185470827225455,0.254819713137640,0.437414521986540,0.389370832511686,0.457852869910419,0.403860267940073,0.568197417600837,0.485554905030901,0.547469262817508,0.490877602643011,0.540182552758738,0.416043105014758,0.314990512333966,0.000000000000000,0.000000000000000,0.000000000000000,0.000000000000000,0.000000000000000,0.000000000000000,0.000000000000000,0.000000000000000,0.000000000000000,0.000000000000000,0.000000000000000,0.000000000000000,0.000000000000000,0.000000000000000,0.000000000000000,0.000000000000000,0.000000000000000,0.000000000000000,0.000000000000000,0.000000000000000,0.000000000000000,0.000000000000000,0.000000000000000,0.000000000000000,0.000000000000000,0.000000000000000,0.000000000000000,0.000000000000000,0.000000000000000,0.000000000000000,0.000000000000000,0.000000000000000
1,14,37,0.003968253968254,0.094252873563218,0.128874388254486,0.100427445882789,0.225952339570470,0.167300524269272,0.235164304119268,0.311201713750653,0.288360846879540,0.537657563159142,0.433308050331112,0.535924322768723,0.467326824325183,0.709165404580179,0.533913557858458,0.579143724515529,0.530067244507691,0.384398960027413,0.176560535537461,0.000000000000000,0.000000000000000,0.000000000000000,0.000000000000000,0.000000000000000,0.000000000000000,0.000000000000000,0.000000000000000,0.000000000000000,0.000000000000000,0.000000000000000,0.000000000000000,0.000000000000000,0.000000000000000,0.000000000000000,0.000000000000000,0.000000000000000,0.000000000000000,0.000000000000000,0.000000000000000,0.000000000000000,0.000000000000000,0.000000000000000,0.000000000000000,0.000000000000000,0.000000000000000,0.000000000000000,0.000000000000000,0.000000000000000,0.000000000000000,0.000000000000000
1,14,38,0.000000000000000,0.067839195979900,0.115644423024246,0.166419078912846,0.106243855076412,0.281760808000268,0.367764103711786,0.268538095898914,0.362548251632389,0.403559511123024,0.389908628889012,0.650864675000431,0.618283854763860,0.471844172244114,0.588188415926125,0.499861010989829,0.467799638410168,0.600955681090841,0.506887803466824,0.548041224311569,0.000000000000000,0.000000000000000,0.000000000000000,0.000000000000000,0.000000000000000,0.000000000000000,0.000000000000000,0.000000000000000,0.000000000000000,0.000000000000000,0.000000000000000,0.000000000000000,0.000000000000000,0.000000000000000,0.000000000000000,0.000000000000000,0.000000000000000,0.000000000000000,0.000000000000000,0.000000000000000,0.000000000000000,0.000000000000000,0.000000000000000,0.000000000000000,0.000000000000000,0.000000000000000,0.000000000000000,0.000000000000000,0.000000000000000,0.000000000000000
1,14,39,0.055970149253731,0.055276381909548,0.016604128379637,0.072602739726027,0.236639328411679,0.161752310168716,0.154835065291351,0.288569719392114,0.334343778160905,0.548597618369015,0.516361995754584,0.370082167315303,0.569646631249154,0.491454887056519,0.556941557876113,0.716951038031184,0.456782407412973,0.544250015389927,0.519675438730836,0.442052037951462,0.224789915966387,0.000000000000000,0.000000000000000,0.000000000000000,0.000000000000000,0.000000000000000,0.000000000000000,0.000000000000000,0.000000000000000,0.000000000000000,0.000000000000000,0.000000000000000,0.000000000000000,0.000000000000000,0.000000000000000,0.000000000000000,0.000000000000000,0.000000000000000,0.000000000000000,0.000000000000000,0.000000000000000,0.000000000000000,0.000000000000000,0.000000000000000,0.000000000000000,0.000000000000000,0.000000000000000,0.000000000000000,0.000000000000000,0.000000000000000
1,14,40,0.022556390977444,0.054945054945055,0.064281826131420,0.118936815490838,0.185982587661967,0.202668968833531,0.201860293764198,0.361362431034634,0.343920929946595,0.376446530038644,0.439520936258937,0.653690030510523,0.633159085738514,0.664185123584813,0.609665088557691,0.636274638899060,0.544907713904422,0.575024046735512,0.561614411372081,0.320389448064490,0.462392919078061,0.590493824443131,0.000000000000000,0.000000000000000,0.000000000000000,0.000000000000000,0.000000000000000,0.000000000000000,0.000000000000000,0.000000000000000,0.000000000000000,0.000000000000000,0.000000000000000,0.000000000000000,0.000000000000000,0.000000000000000,0.000000000000000,0.000000000000000,0.000000000000000,0.000000000000000,0.000000000000000,0.000000000000000,0.000000000000000,0.000000000000000,0.000000000000000,0.000000000000000,0.000000000000000,0.000000000000000,0.000000000000000,0.000000000000000
1,14,41,0.053140096618358,0.037593984962406,0.081667796280205,0.227439469993262,0.161457175221216,0.199694462873770,0.239744128448156,0.299102539217672,0.339474571370413,0.377760046725101,0.410985856615073,0.387985607550863,0.420764600003518,0.520399114779252,0.400573888595011,0.583976461641249,0.441894310979868,0.607949145299658,0.493838725420538,0.484140169875154,0.553040605790080,0.340232387691777,0.303030303030303,0.000000000000000,0.000000000000000,0.000000000000000,0.000000000000000,0.000000000000000,0.000000000000000,0.000000000000000,0.000000000000000,0.000000000000000,0.000000000000000,0.000000000000000,0.000000000000000,0.000000000000000,0.000000000000000,0.000000000000000,0.000000000000000,0.000000000000000,0.000000000000000,0.000000000000000,0.000000000000000,0.000000000000000,0.000000000000000,0.000000000000000,0.000000000000000,0.000000000000000,0.000000000000000,0.000000000000000
1,14,42,0.059055118110236,0.038143618506817,0.108786610878661,0.152606775433665,0.103289817352648,0.132489138264326,0.193597158928495,0.319961888015934,0.344860831766912,0.373410994624892,0.353452875383064,0.327043465784053,0.522649388921811,0.544777712377509,0.510771181604558,0.453609202906037,0.443889409231526,0.465225219441429,0.612173690628496,0.558712207014312,0.514555394338740,0.566047506913170,0.394087959009972,0.926725637698001,0.000000000000000,0.000000000000000,0.000000000000000,0.000000000000000,0.000000000000000,0.000000000000000,0.000000000000000,0.000000000000000,0.000000000000000,0.000000000000000,0.000000000000000,0.000000000000000,0.000000000000000,0.000000000000000,0.000000000000000,0.000000000000000,0.000000000000000,0.000000000000000,0.000000000000000,0.000000000000000,0.000000000000000,0.000000000000000,0.000000000000000,0.000000000000000,0.000000000000000,0.000000000000000
1,14,43,0.086956521739130,0.042606516290727,0.031556077172528,0.159472402934704,0.091295384420701,0.107022177085877,0.312285296762612,0.249924798849347,0.235826152451679,0.260460518791023,0.403519640968937,0.295371860391837,0.360951753702684,0.418286652534829,0.485633046457619,0.362881714889013,0.505227237603235,0.600319189651969,0.590165942960649,0.649111045256961,0.529765905676336,0.581427827210629,0.674601135650340,0.373632745604426,0.206353235589063,0.000000000000000,0.000000000000000,0.000000000000000,0.000000000000000,0.000000000000000,0.000000000000000,0.000000000000000,0.000000000000000,0.000000000000000,0.000000000000000,0.000000000000000,0.000000000000000,0.000000000000000,0.000000000000000,0.000000000000000,0.000000000000000,0.000000000000000,0.000000000000000,0.000000000000000,0.000000000000000,0.000000000000000,0.000000000000000,0.000000000000000,0.000000000000000,0.000000000000000
1,14,44,0.003846153846154,0.012406947890819,0.059149722735675,0.113144758735441,0.164375087146674,0.218641665450249,0.220936411482073,0.323449463635777,0.129301745202353,0.245953664214240,0.431832832857717,0.301079341529462,0.500992572033810,0.384512628908240,0.404788705606710,0.526118329291321,0.426983176867665,0.555961344790076,0.657139865584862,0.452300641389942,0.563040290306738,0.737539457472568,0.207626343986504,0.391798720240674,0.416835885450674,0.295791587043126,0.000000000000000,0.000000000000000,0.000000000000000,0.000000000000000,0.000000000000000,0.000000000000000,0.000000000000000,0.000000000000000,0.000000000000000,0.000000000000000,0.000000000000000,0.000000000000000,0.000000000000000,0.000000000000000,0.000000000000000,0.000000000000000,0.000000000000000,0.000000000000000,0.000000000000000,0.000000000000000,0.000000000000000,0.000000000000000,0.000000000000000,0.000000000000000
1,14,45,0.029739776951673,0.038226770976751,0.116696588868941,0.129362612495145,0.270099805963112,0.080299438409194,0.200785003940149,0.321252841607928,0.378769387983595,0.302122390226264,0.278381868733786,0.310270069555153,0.443004244419267,0.425033403515948,0.404288548612840,0.452299095474055,0.529061863543558,0.519793874439362,0.233145165387198,0.512207633887863,0.385156423963376,0.406270432431061,0.443459606308831,0.522459643538837,0.645750005242207,0.297477564138172,0.311315704792916,0.000000000000000,0.000000000000000,0.000000000000000,0.000000000000000,0.000000000000000,0.000000000000000,0.000000000000000,0.000000000000000,0.000000000000000,0.000000000000000,0.000000000000000,0.000000000000000,0.000000000000000,0.000000000000000,0.000000000000000,0.000000000000000,0.000000000000000,0.000000000000000,0.000000000000000,0.000000000000000,0.000000000000000,0.000000000000000,0.000000000000000
1,14,46,0.034482758620690,0.043650793650794,0.063028730968784,0.063851250586936,0.132608123098519,0.087014725568942,0.246028644299520,0.231790219333401,0.388597355037898,0.323309775783462,0.307712058699544,0.283741711608122,0.349553942872825,0.521876457481606,0.528887633787089,0.370469197737551,0.416098687835897,0.499816974087726,0.472481552659681,0.414942106433484,0.494628012429620,0.457901909804246,0.430100036434319,0.374143211784480,0.398216281885316,0.365310952092879,0.271812888058812,0.247239788784681,0.000000000000000,0.000000000000000,0.000000000000000,0.000000000000000,0.000000000000000,0.000000000000000,0.000000000000000,0.000000000000000,0.000000000000000,0.000000000000000,0.000000000000000,0.000000000000000,0.000000000000000,0.000000000000000,0.000000000000000,0.000000000000000,0.000000000000000,0.000000000000000,0.000000000000000,0.000000000000000,0.000000000000000,0.000000000000000
1,14,47,0.000000000000000,0.074275362318841,0.157656437709130,0.117808219178082,0.091030789825971,0.206223805303190,0.274095801821574,0.315367503907687,0.266552458037609,0.298367395892040,0.285595523200101,0.470910933991413,0.468288606976595,0.550647405237902,0.352278524554802,0.273106674202118,0.319488260458012,0.602106593150895,0.508880615051620,0.412294121330620,0.402939716454516,0.406695986197811,0.436521072399460,0.300408304627551,0.449084803010505,0.499906058727449,0.340554038217370,0.360638352734855,0.312452752411364,0.000000000000000,0.000000000000000,0.000000000000000,0.000000000000000,0.000000000000000,0.000000000000000,0.000000000000000,0.000000000000000,0.000000000000000,0.000000000000000,0.000000000000000,0.000000000000000,0.000000000000000,0.000000000000000,0.000000000000000,0.000000000000000,0.000000000000000,0.000000000000000,0.000000000000000,0.000000000000000,0.000000000000000
1,14,48,0.053738317757009,0.043410852713178,0.088717285640603,0.102513459175638,0.161365354766964,0.153334203455771,0.199728424856538,0.235685774307231,0.181492813790933,0.375376374901931,0.278036492384828,0.440716849980992,0.510377087040476,0.343807376790638,0.339466429311005,0.383678386371381,0.351242436668704,0.523636294628872,0.420332163352276,0.328530773276237,0.329283831771985,0.453117772527949,0.528675268126215,0.482673221159509,0.414047382572278,0.380813591059713,0.275278538399738,0.556112353754540,0.267767189605111,0.272633992816621,0.000000000000000,0.000000000000000,0.000000000000000,0.000000000000000,0.000000000000000,0.000000000000000,0.000000000000000,0.000000000000000,0.000000000000000,0.000000000000000,0.000000000000000,0.000000000000000,0.000000000000000,0.000000000000000,0.000000000000000,0.000000000000000,0.000000000000000,0.000000000000000,0.000000000000000,0.000000000000000
1,14,49,0.026664659576692,0.134252241639189,0.087891963842161,0.136020151133501,0.121427229227972,0.083740349175803,0.142138900973422,0.147058235958613,0.257809294194755,0.275706140546912,0.354309448809240,0.295753100159245,0.306490623238919,0.379134232627074,0.404737195011104,0.370854231198330,0.530812516479939,0.488596775716878,0.310043569469975,0.548222432230404,0.477343952289825,0.530590519414540,0.342312924758135,0.467534754375155,0.485934877327342,0.358120543385238,0.364618483135116,0.345103750142971,0.389383884434264,0.274621215423817,0.199004975124378,0.000000000000000,0.000000000000000,0.000000000000000,0.000000000000000,0.000000000000000,0.000000000000000,0.000000000000000,0.000000000000000,0.000000000000000,0.000000000000000,0.000000000000000,0.000000000000000,0.000000000000000,0.000000000000000,0.000000000000000,0.000000000000000,0.000000000000000,0.000000000000000,0.000000000000000
1,14,50,0.004395604395604,0.031529927946251,0.058823529411765,0.155506681160882,0.161939626606051,0.256432105776142,0.235009197381209,0.344248426969885,0.377988312176390,0.355459830793454,0.239327595337954,0.318444793128530,0.314340084980897,0.438515057749127,0.460503269360430,0.243784774386335,0.301736806266607,0.319126407003015,0.411994593728771,0.348291372277140,0.254828375142024,0.366017641897520,0.388660522021054,0.315678874724204,0.283893672363228,0.415983957568072,0.350571927965474,0.372970166389484,0.479537186754741,0.440313989798535,0.220519006955508,0.251740964282827,0.000000000000000,0.000000000000000,0.000000000000000,0.000000000000000,0.000000000000000,0.000000000000000,0.000000000000000,0.000000000000000,0.000000000000000,0.000000000000000,0.000000000000000,0.000000000000000,0.000000000000000,0.000000000000000,0.000000000000000,0.000000000000000,0.000000000000000,0.000000000000000
1,14,51,0.009689286439190,0.040214477211796,0.107178738010410,0.177377855977180,0.206340672514003,0.125283486002987,0.244819002595751,0.066913468419445,0.333726415094340,0.380823364082904,0.302365844837731,0.219661944667012,0.357424977032641,0.466038296464947,0.433298029934557,0.628195307661655,0.251761982815229,0.414165920175563,0.306996621619969,0.354881108345669,0.398564359518100,0.380473475335977,0.386885323725761,0.412202039501863,0.287759045232708,0.476570493885828,0.255865394191338,0.380012181285626,0.405646919984099,0.357204412194692,0.362853643012169,0.282400762678864,0.259648985788098,0.000000000000000,0.000000000000000,0.000000000000000,0.000000000000000,0.000000000000000,0.000000000000000,0.000000000000000,0.000000000000000,0.000000000000000,0.000000000000000,0.000000000000000,0.000000000000000,0.000000000000000,0.000000000000000,0.000000000000000,0.000000000000000,0.000000000000000
1,14,52,0.003703703703704,0.077844311377246,0.044045842941331,0.204869586119379,0.111097173685626,0.168138356140618,0.264430610468373,0.253757996515185,0.478318002628121,0.372411330060339,0.212334824934634,0.324853877734294,0.351204833785859,0.373831095228898,0.539379570874283,0.570553474110042,0.458823999864845,0.421259864375553,0.628673073866260,0.392073794340388,0.402606808434262,0.382662969780178,0.354835347651443,0.332406757255471,0.337856479247951,0.396157365084242,0.364537525858759,0.300038637209145,0.450554815159285,0.406940445289348,0.430177575391421,0.284417039901524,0.238775665439554,0.100334448160535,0.000000000000000,0.000000000000000,0.000000000000000,0.000000000000000,0.000000000000000,0.000000000000000,0.000000000000000,0.000000000000000,0.000000000000000,0.000000000000000,0.000000000000000,0.000000000000000,0.000000000000000,0.000000000000000,0.000000000000000,0.000000000000000
1,14,53,0.036753445635528,0.048530548359781,0.092925026399155,0.183946488294314,0.164490447748933,0.180933499862024,0.171627329865676,0.288949033434800,0.206888606486829,0.353673373225222,0.388230219015351,0.344826897244271,0.348562529790720,0.445973929307760,0.400621670943590,0.377187194423460,0.556775770239569,0.337161281439724,0.544196911807792,0.290904284247978,0.513258972796833,0.302115672721579,0.519960506006052,0.455474291495666,0.397372785250000,0.489746158764640,0.516691787323914,0.338542471084860,0.423472552816011,0.402281610271431,0.227260230840352,0.389188465608273,0.269830849018427,0.273054439108252,0.108433734939759,0.000000000000000,0.000000000000000,0.000000000000000,0.000000000000000,0.000000000000000,0.000000000000000,0.000000000000000,0.000000000000000,0.000000000000000,0.000000000000000,0.000000000000000,0.000000000000000,0.000000000000000,0.000000000000000,0.000000000000000
1,14,54,0.019230769230769,0.045201539598467,0.096279064649156,0.135783542031655,0.048034934497817,0.237145855194124,0.504685770807405,0.247610457087372,0.249553621885351,0.235213009041776,0.500586930769129,0.289683069922834,0.406785688433653,0.346698623140696,0.404776256685488,0.509646976016823,0.342498601561878,0.347484436110578,0.499784412761560,0.394552352434955,0.520991460451928,0.419210560307761,0.321466798465405,0.415447497148198,0.269324446448609,0.559290985569315,0.613537046434217,0.306815047962039,0.428858571672658,0.333869593846402,0.323159971168995,0.298767969032440,0.328956093228590,0.306662488854281,0.291349267883362,0.107142857142857,0.000000000000000,0.000000000000000,0.000000000000000,0.000000000000000,0.000000000000000,0.000000000000000,0.000000000000000,0.000000000000000,0.000000000000000,0.000000000000000,0.000000000000000,0.000000000000000,0.000000000000000,0.000000000000000
1,14,55,0.002894356005789,0.052576862914051,0.176297747306562,0.105589067511622,0.144207664768017,0.098639530040476,0.331992560378744,0.333727654600401,0.281973816717019,0.260737134839271,0.400741445698418,0.693625513337270,0.487569788694634,0.558026965028255,0.370891835318471,0.236380407380214,0.332386921947408,0.647132632427058,0.340695754479253,0.750698419278538,0.382515563887974,0.420599233864551,0.224617860190703,0.419737129722826,0.394908255318961,0.357051375560773,0.445023019133263,0.241685711147936,0.682493391601427,0.367751822007111,0.339705282460925,0.534082961513186,0.383581198999391,0.256562891327332,0.464417699417463,0.251743246826241,0.128755364806867,0.000000000000000,0.000000000000000,0.000000000000000,0.000000000000000,0.000000000000000,0.000000000000000,0.000000000000000,0.000000000000000,0.000000000000000,0.000000000000000,0.000000000000000,0.000000000000000,0.000000000000000
1,14,56,0.015981117219769,0.030389248407410,0.049431382212880,0.159831627993680,0.170968962858292,0.194052898022609,0.330881981897465,0.238901422453991,0.309021278176572,0.189126428656507,0.421328001635489,0.463015558245728,0.278227401768698,0.350967970785259,0.597504278328296,0.416774798868179,0.464823249241286,0.292854144353348,0.384279874723672,0.517217462839575,0.548748828070786,0.400634834119218,0.388761659807978,0.368321131681282,0.512126658510107,0.392686448186934,0.391022501557302,0.225423711281492,0.219705551046965,0.402993681815170,0.540304131768453,0.502677335051039,0.410320264997868,0.373208099769167,0.327064520351500,0.353006681514477,0.232422829077704,0.420886075949367,0.000000000000000,0.000000000000000,0.000000000000000,0.000000000000000,0.000000000000000,0.000000000000000,0.000000000000000,0.000000000000000,0.000000000000000,0.000000000000000,0.000000000000000,0.000000000000000
1,14,57,0.009541676338263,0.033330032276966,0.100838285946064,0.094188376753507,0.188276003193663,0.303436714165968,0.400152731359637,0.371577999847947,0.212166368097959,0.346299379702350,0.498759724647330,0.495391705069124,0.329188426216127,0.614278649008884,0.422420582612511,0.296769227541745,0.398179359751724,0.660725396675939,0.316758471751095,0.413003550357696,0.469677436083034,0.249117277959497,0.366153633983279,0.372024800126021,0.455275894468084,0.545389762668208,0.414468597227405,0.432676649885809,0.391271230603627,0.331613135822896,0.398488125533470,0.506429855696899,0.313233345875316,0.399379400925814,0.260177062587160,0.327668266170885,0.236055776892430,0.266642832909941,0.030405405405405,0.000000000000000,0.000000000000000,0.000000000000000,0.000000000000000,0.000000000000000,0.000000000000000,0.000000000000000,0.000000000000000,0.000000000000000,0.000000000000000,0.000000000000000
1,14,58,0.020242914979757,0.075408261287224,0.072665443234382,0.210397679296249,0.174831068501096,0.296493603657913,0.264069036798324,0.246539576908241,0.490802202580277,0.588129128317291,0.336190594857526,0.611915425863877,0.560137457044674,0.330609945702184,0.577266577198340,0.311046951696180,0.489760757111022,0.549570953757571,0.571379199320480,0.228264939255486,0.747106148117100,0.457526451601092,0.412031377823797,0.263993842808313,0.355187234900916,0.635198248329251,0.556030761726319,0.401949014666031,0.484294454807288,0.440472836728781,0.345932785538714,0.237185954975934,0.345848036298125,0.373527880202891,0.351823220109196,0.392365785206197,0.358680234190829,0.347647033564350,0.231715134417879,0.204633204633205,0.000000000000000,0.000000000000000,0.000000000000000,0.000000000000000,0.000000000000000,0.000000000000000,0.000000000000000,0.000000000000000,0.000000000000000,0.000000000000000
1,14,59,0.036053130929791,0.043428571428571,0.112791396892310,0.185246302412390,0.195533143923305,0.180166514087880,0.330249712404803,0.322962962962963,0.273134103451443,0.353417316328984,0.285813838847267,0.394200538917669,0.341407003883701,0.439425051334702,0.392458786858850,0.399760872589776,0.396586178208643,0.414807663150560,0.579154492786914,0.315640302875905,0.443081103960585,0.551205584465755,0.579495886877835,0.627361481248225,0.343008560880788,0.624812850472083,0.653603753279636,0.313116934960029,0.420060022395304,0.487529121255961,0.282269564221830,0.401723446624184,0.476315013887479,0.467239020321942,0.314124984186375,0.559799266473317,0.290250925184051,0.281231394679673,0.383878154494618,0.254321827937433,0.433628318584071,0.000000000000000,0.000000000000000,0.000000000000000,0.000000000000000,0.000000000000000,0.000000000000000,0.000000000000000,0.000000000000000,0.000000000000000
1,14,60,0.000000000000000,0.000000000000000,0.000000000000000,0.030612244897959,0.000000000000000,0.000000000000000,0.101694915254237,0.000000000000000,0.397727272727273,0.066666666666667,0.000000000000000,0.819444444444445,0.451612903225806,0.173913043478261,0.000000000000000,0.210526315789474,0.140625000000000,0.911111111111111,0.000000000000000,0.220338983050847,0.785714285714286,0.220338983050847,0.000000000000000,0.000000000000000,0.705882352941177,0.000000000000000,0.000000000000000,0.000000000000000,0.384615384615385,0.214285714285714,0.326923076923077,0.000000000000000,0.741935483870968,0.000000000000000,0.444444444444444,0.203389830508475,0.000000000000000,0.333333333333333,0.058823529411765,0.000000000000000,0.340540540540541,0.000000000000000,0.000000000000000,0.000000000000000,0.000000000000000,0.000000000000000,0.000000000000000,0.000000000000000,0.000000000000000,0.000000000000000
1,14,61,0.000000000000000,0.011904761904762,0.000000000000000,0.000000000000000,0.072727272727273,0.000000000000000,0.000000000000000,0.036697247706422,0.351063829787234,0.123711340206186,0.000000000000000,0.315789473684211,0.647887323943662,0.347826086956522,0.200000000000000,0.000000000000000,0.318181818181818,0.347826086956522,0.500000000000000,0.218750000000000,0.938775510204082,0.230769230769231,0.612903225806452,0.941176470588235,0.446808510638298,0.553191489361702,0.244897959183673,0.000000000000000,0.558139534883721,0.071428571428571,0.414634146341463,0.000000000000000,0.280000000000000,0.000000000000000,0.540000000000000,0.166666666666667,0.000000000000000,0.171428571428571,0.096774193548387,0.666666666666667,0.692307692307692,0.673333333333333,0.000000000000000,0.000000000000000,0.000000000000000,0.000000000000000,0.000000000000000,0.000000000000000,0.000000000000000,0.000000000000000
1,14,62,0.000000000000000,0.000000000000000,0.000000000000000,0.000000000000000,0.015000000000000,0.000000000000000,0.006622516556291,0.000000000000000,0.000000000000000,0.000000000000000,0.134831460674157,0.000000000000000,0.311688311688312,0.154929577464789,0.000000000000000,0.016129032258065,0.000000000000000,0.000000000000000,0.000000000000000,0.275000000000000,0.385964912280702,0.000000000000000,0.240000000000000,0.135135135135135,0.348837209302326,0.140350877192982,0.533333333333333,0.000000000000000,0.421052631578947,0.209677419354839,0.466666666666667,0.721311475409836,0.421875000000000,0.096153846153846,0.272727272727273,0.000000000000000,0.000000000000000,0.868421052631579,0.000000000000000,0.362318840579710,0.235955056179775,0.830769230769231,0.308333333333333,0.000000000000000,0.000000000000000,0.000000000000000,0.000000000000000,0.000000000000000,0.000000000000000,0.000000000000000
1,14,63,0.000000000000000,0.000000000000000,0.000000000000000,0.000000000000000,0.000000000000000,0.000000000000000,0.000000000000000,0.000000000000000,0.000000000000000,0.000000000000000,0.000000000000000,0.083333333333333,0.000000000000000,0.000000000000000,0.000000000000000,0.000000000000000,0.383333333333333,0.200000000000000,0.056603773584906,0.210526315789474,0.000000000000000,0.000000000000000,0.888888888888889,0.300000000000000,0.244897959183673,0.000000000000000,0.137254901960784,0.420000000000000,0.300000000000000,0.000000000000000,0.000000000000000,0.653846153846154,0.500000000000000,0.189655172413793,0.243902439024390,0.260869565217391,0.107692307692308,0.000000000000000,0.492063492063492,0.250000000000000,0.564705882352941,0.292682926829268,0.584615384615385,0.110091743119266,0.000000000000000,0.000000000000000,0.000000000000000,0.000000000000000,0.000000000000000,0.000000000000000
1,14,64,0.000000000000000,0.000000000000000,0.000000000000000,0.000000000000000,0.000000000000000,0.000000000000000,0.000000000000000,0.000000000000000,0.296296296296296,0.000000000000000,0.282352941176471,0.000000000000000,0.000000000000000,0.000000000000000,0.000000000000000,0.000000000000000,0.000000000000000,0.250000000000000,0.000000000000000,0.415094339622642,0.255319148936170,0.000000000000000,0.410256410256410,0.000000000000000,0.000000000000000,0.058823529411765,0.000000000000000,0.000000000000000,0.000000000000000,0.000000000000000,0.000000000000000,0.300000000000000,0.000000000000000,0.000000000000000,0.000000000000000,0.000000000000000,0.260869565217391,0.189655172413793,0.212121212121212,0.333333333333333,0.015873015873016,0.000000000000000,0.309090909090909,0.310344827586207,0.090909090909091,0.000000000000000,0.000000000000000,0.000000000000000,0.000000000000000,0.000000000000000
1,14,65,0.000000000000000,0.000000000000000,0.000000000000000,0.000000000000000,0.000000000000000,0.000000000000000,0.000000000000000,0.000000000000000,0.000000000000000,0.000000000000000,0.000000000000000,0.000000000000000,0.000000000000000,0.000000000000000,0.000000000000000,0.000000000000000,0.000000000000000,0.000000000000000,0.000000000000000,0.000000000000000,0.000000000000000,0.000000000000000,0.000000000000000,0.000000000000000,0.000000000000000,0.000000000000000,0.000000000000000,0.000000000000000,0.000000000000000,0.000000000000000,0.000000000000000,0.000000000000000,0.000000000000000,0.000000000000000,0.000000000000000,0.000000000000000,0.000000000000000,0.000000000000000,0.000000000000000,0.000000000000000,0.000000000000000,0.000000000000000,0.000000000000000,0.000000000000000,0.000000000000000,0.000000000000000,0.000000000000000,0.000000000000000,0.000000000000000,0.000000000000000
1,14,66,0.000000000000000,0.000000000000000,0.000000000000000,0.000000000000000,0.000000000000000,0.000000000000000,0.000000000000000,0.000000000000000,0.000000000000000,0.000000000000000,0.000000000000000,0.000000000000000,0.000000000000000,0.000000000000000,0.000000000000000,0.000000000000000,0.000000000000000,0.000000000000000,0.000000000000000,0.000000000000000,0.000000000000000,0.000000000000000,0.000000000000000,0.000000000000000,0.000000000000000,0.000000000000000,0.000000000000000,0.000000000000000,0.000000000000000,0.000000000000000,0.000000000000000,0.000000000000000,0.000000000000000,0.000000000000000,0.000000000000000,0.000000000000000,0.000000000000000,0.000000000000000,0.000000000000000,0.000000000000000,0.000000000000000,0.000000000000000,0.000000000000000,0.000000000000000,0.000000000000000,0.000000000000000,0.000000000000000,0.000000000000000,0.000000000000000,0.000000000000000
1,14,67,0.000000000000000,0.000000000000000,0.000000000000000,0.000000000000000,0.000000000000000,0.000000000000000,0.000000000000000,0.000000000000000,0.000000000000000,0.000000000000000,0.000000000000000,0.000000000000000,0.000000000000000,0.000000000000000,0.000000000000000,0.000000000000000,0.000000000000000,0.000000000000000,0.000000000000000,0.000000000000000,0.000000000000000,0.000000000000000,0.000000000000000,0.000000000000000,0.000000000000000,0.000000000000000,0.000000000000000,0.000000000000000,0.000000000000000,0.000000000000000,0.000000000000000,0.000000000000000,0.000000000000000,0.000000000000000,0.000000000000000,0.000000000000000,0.000000000000000,0.000000000000000,0.000000000000000,0.000000000000000,0.000000000000000,0.000000000000000,0.000000000000000,0.000000000000000,0.000000000000000,0.000000000000000,0.000000000000000,0.000000000000000,0.000000000000000,0.000000000000000
1,14,68,0.000000000000000,0.000000000000000,0.000000000000000,0.000000000000000,0.000000000000000,0.000000000000000,0.000000000000000,0.000000000000000,0.000000000000000,0.000000000000000,0.000000000000000,0.000000000000000,0.000000000000000,0.000000000000000,0.000000000000000,0.000000000000000,0.000000000000000,0.000000000000000,0.000000000000000,0.000000000000000,0.000000000000000,0.000000000000000,0.000000000000000,0.000000000000000,0.000000000000000,0.000000000000000,0.000000000000000,0.000000000000000,0.000000000000000,0.000000000000000,0.000000000000000,0.000000000000000,0.000000000000000,0.000000000000000,0.000000000000000,0.000000000000000,0.000000000000000,0.000000000000000,0.000000000000000,0.000000000000000,0.000000000000000,0.000000000000000,0.000000000000000,0.000000000000000,0.000000000000000,0.000000000000000,0.000000000000000,0.000000000000000,0.000000000000000,0.000000000000000
1,14,69,0.000000000000000,0.000000000000000,0.000000000000000,0.000000000000000,0.000000000000000,0.000000000000000,0.000000000000000,0.000000000000000,0.000000000000000,0.000000000000000,0.000000000000000,0.000000000000000,0.000000000000000,0.000000000000000,0.000000000000000,0.000000000000000,0.000000000000000,0.000000000000000,0.000000000000000,0.000000000000000,0.000000000000000,0.000000000000000,0.000000000000000,0.000000000000000,0.000000000000000,0.000000000000000,0.000000000000000,0.000000000000000,0.000000000000000,0.000000000000000,0.000000000000000,0.000000000000000,0.000000000000000,0.000000000000000,0.000000000000000,0.000000000000000,0.000000000000000,0.000000000000000,0.000000000000000,0.000000000000000,0.000000000000000,0.000000000000000,0.000000000000000,0.000000000000000,0.000000000000000,0.000000000000000,0.000000000000000,0.000000000000000,0.000000000000000,0.000000000000000
