01_1m_Hihokensha.csv,,,,,,,,,,,,,,,,,,,,,,,,,,,,,,,,,,,,,,,,,,,,,,,,,,,,
1,1,20,434178.786790692000000,37679.338060202300000,0.000000000000000,0.000000000000000,0.000000000000000,0.000000000000000,0.000000000000000,0.000000000000000,0.000000000000000,0.000000000000000,0.000000000000000,0.000000000000000,0.000000000000000,0.000000000000000,0.000000000000000,0.000000000000000,0.000000000000000,0.000000000000000,0.000000000000000,0.000000000000000,0.000000000000000,0.000000000000000,0.000000000000000,0.000000000000000,0.000000000000000,0.000000000000000,0.000000000000000,0.000000000000000,0.000000000000000,0.000000000000000,0.000000000000000,0.000000000000000,0.000000000000000,0.000000000000000,0.000000000000000,0.000000000000000,0.000000000000000,0.000000000000000,0.000000000000000,0.000000000000000,0.000000000000000,0.000000000000000,0.000000000000000,0.000000000000000,0.000000000000000,0.000000000000000,0.000000000000000,0.000000000000000,0.000000000000000,0.000000000000000
1,1,21,13031.035144898500000,389854.957263166000000,34130.509637028400000,0.000000000000000,0.000000000000000,0.000000000000000,0.000000000000000,0.000000000000000,0.000000000000000,0.000000000000000,0.000000000000000,0.000000000000000,0.000000000000000,0.000000000000000,0.000000000000000,0.000000000000000,0.000000000000000,0.000000000000000,0.000000000000000,0.000000000000000,0.000000000000000,0.000000000000000,0.000000000000000,0.000000000000000,0.000000000000000,0.000000000000000,0.000000000000000,0.000000000000000,0.000000000000000,0.000000000000000,0.000000000000000,0.000000000000000,0.000000000000000,0.000000000000000,0.000000000000000,0.000000000000000,0.000000000000000,0.000000000000000,0.000000000000000,0.000000000000000,0.000000000000000,0.000000000000000,0.000000000000000,0.000000000000000,0.000000000000000,0.000000000000000,0.000000000000000,0.000000000000000,0.000000000000000,0.000000000000000
1,1,22,10164.499916615600000,14478.927938776100000,359684.072238697000000,31687.889428297900000,0.000000000000000,0.000000000000000,0.000000000000000,0.000000000000000,0.000000000000000,0.000000000000000,0.000000000000000,0.000000000000000,0.000000000000000,0.000000000000000,0.000000000000000,0.000000000000000,0.000000000000000,0.000000000000000,0.000000000000000,0.000000000000000,0.000000000000000,0.000000000000000,0.000000000000000,0.000000000000000,0.000000000000000,0.000000000000000,0.000000000000000,0.000000000000000,0.000000000000000,0.000000000000000,0.000000000000000,0.000000000000000,0.000000000000000,0.000000000000000,0.000000000000000,0.000000000000000,0.000000000000000,0.000000000000000,0.000000000000000,0.000000000000000,0.000000000000000,0.000000000000000,0.000000000000000,0.000000000000000,0.000000000000000,0.000000000000000,0.000000000000000,0.000000000000000,0.000000000000000,0.000000000000000
1,1,23,8906.734459307740000,10676.381207380400000,18749.695614523800000,196559.262136140000000,16053.787483162500000,0.000000000000000,0.000000000000000,0.000000000000000,0.000000000000000,0.000000000000000,0.000000000000000,0.000000000000000,0.000000000000000,0.000000000000000,0.000000000000000,0.000000000000000,0.000000000000000,0.000000000000000,0.000000000000000,0.000000000000000,0.000000000000000,0.000000000000000,0.000000000000000,0.000000000000000,0.000000000000000,0.000000000000000,0.000000000000000,0.000000000000000,0.000000000000000,0.000000000000000,0.000000000000000,0.000000000000000,0.000000000000000,0.000000000000000,0.000000000000000,0.000000000000000,0.000000000000000,0.000000000000000,0.000000000000000,0.000000000000000,0.000000000000000,0.000000000000000,0.000000000000000,0.000000000000000,0.000000000000000,0.000000000000000,0.000000000000000,0.000000000000000,0.000000000000000,0.000000000000000
1,1,24,7029.836393170090000,9569.742607345970000,15220.152238202600000,21431.193758944600000,138585.910433273000000,10769.222538504800000,0.000000000000000,0.000000000000000,0.000000000000000,0.000000000000000,0.000000000000000,0.000000000000000,0.000000000000000,0.000000000000000,0.000000000000000,0.000000000000000,0.000000000000000,0.000000000000000,0.000000000000000,0.000000000000000,0.000000000000000,0.000000000000000,0.000000000000000,0.000000000000000,0.000000000000000,0.000000000000000,0.000000000000000,0.000000000000000,0.000000000000000,0.000000000000000,0.000000000000000,0.000000000000000,0.000000000000000,0.000000000000000,0.000000000000000,0.000000000000000,0.000000000000000,0.000000000000000,0.000000000000000,0.000000000000000,0.000000000000000,0.000000000000000,0.000000000000000,0.000000000000000,0.000000000000000,0.000000000000000,0.000000000000000,0.000000000000000,0.000000000000000,0.000000000000000
1,1,25,5850.071894455000000,7965.847896282890000,12109.648821521900000,17175.266455728500000,18433.892684218500000,90624.425440179800000,7102.962291850780000,0.000000000000000,0.000000000000000,0.000000000000000,0.000000000000000,0.000000000000000,0.000000000000000,0.000000000000000,0.000000000000000,0.000000000000000,0.000000000000000,0.000000000000000,0.000000000000000,0.000000000000000,0.000000000000000,0.000000000000000,0.000000000000000,0.000000000000000,0.000000000000000,0.000000000000000,0.000000000000000,0.000000000000000,0.000000000000000,0.000000000000000,0.000000000000000,0.000000000000000,0.000000000000000,0.000000000000000,0.000000000000000,0.000000000000000,0.000000000000000,0.000000000000000,0.000000000000000,0.000000000000000,0.000000000000000,0.000000000000000,0.000000000000000,0.000000000000000,0.000000000000000,0.000000000000000,0.000000000000000,0.000000000000000,0.000000000000000,0.000000000000000
1,1,26,5094.652800883430000,6137.700429265700000,9511.241888401420000,13246.183359415100000,14528.969694669800000,15006.295180459200000,68691.100510294500000,5065.402441411160000,0.000000000000000,0.000000000000000,0.000000000000000,0.000000000000000,0.000000000000000,0.000000000000000,0.000000000000000,0.000000000000000,0.000000000000000,0.000000000000000,0.000000000000000,0.000000000000000,0.000000000000000,0.000000000000000,0.000000000000000,0.000000000000000,0.000000000000000,0.000000000000000,0.000000000000000,0.000000000000000,0.000000000000000,0.000000000000000,0.000000000000000,0.000000000000000,0.000000000000000,0.000000000000000,0.000000000000000,0.000000000000000,0.000000000000000,0.000000000000000,0.000000000000000,0.000000000000000,0.000000000000000,0.000000000000000,0.000000000000000,0.000000000000000,0.000000000000000,0.000000000000000,0.000000000000000,0.000000000000000,0.000000000000000,0.000000000000000
1,1,27,3973.173828317350000,5226.064225713130000,7776.581330895250000,10940.280021017500000,12402.582801835700000,12670.926289793700000,13509.221401870100000,62247.347270547600000,4631.306916443540000,0.000000000000000,0.000000000000000,0.000000000000000,0.000000000000000,0.000000000000000,0.000000000000000,0.000000000000000,0.000000000000000,0.000000000000000,0.000000000000000,0.000000000000000,0.000000000000000,0.000000000000000,0.000000000000000,0.000000000000000,0.000000000000000,0.000000000000000,0.000000000000000,0.000000000000000,0.000000000000000,0.000000000000000,0.000000000000000,0.000000000000000,0.000000000000000,0.000000000000000,0.000000000000000,0.000000000000000,0.000000000000000,0.000000000000000,0.000000000000000,0.000000000000000,0.000000000000000,0.000000000000000,0.000000000000000,0.000000000000000,0.000000000000000,0.000000000000000,0.000000000000000,0.000000000000000,0.000000000000000,0.000000000000000
1,1,28,3636.794694386180000,4304.893095132010000,5918.322733223640000,8951.255576902760000,9901.892259751700000,10243.146453594900000,10341.078037426900000,11960.028313817200000,54880.486165059800000,4236.857449158900000,0.000000000000000,0.000000000000000,0.000000000000000,0.000000000000000,0.000000000000000,0.000000000000000,0.000000000000000,0.000000000000000,0.000000000000000,0.000000000000000,0.000000000000000,0.000000000000000,0.000000000000000,0.000000000000000,0.000000000000000,0.000000000000000,0.000000000000000,0.000000000000000,0.000000000000000,0.000000000000000,0.000000000000000,0.000000000000000,0.000000000000000,0.000000000000000,0.000000000000000,0.000000000000000,0.000000000000000,0.000000000000000,0.000000000000000,0.000000000000000,0.000000000000000,0.000000000000000,0.000000000000000,0.000000000000000,0.000000000000000,0.000000000000000,0.000000000000000,0.000000000000000,0.000000000000000,0.000000000000000
1,1,29,3178.754255449420000,3461.292537552540000,5070.492694118740000,7585.808415938850000,7772.136656574270000,8814.538706569940000,9497.907865438500000,9640.790952456570000,11159.442524264000000,50765.505213702000000,3783.261684543100000,0.000000000000000,0.000000000000000,0.000000000000000,0.000000000000000,0.000000000000000,0.000000000000000,0.000000000000000,0.000000000000000,0.000000000000000,0.000000000000000,0.000000000000000,0.000000000000000,0.000000000000000,0.000000000000000,0.000000000000000,0.000000000000000,0.000000000000000,0.000000000000000,0.000000000000000,0.000000000000000,0.000000000000000,0.000000000000000,0.000000000000000,0.000000000000000,0.000000000000000,0.000000000000000,0.000000000000000,0.000000000000000,0.000000000000000,0.000000000000000,0.000000000000000,0.000000000000000,0.000000000000000,0.000000000000000,0.000000000000000,0.000000000000000,0.000000000000000,0.000000000000000,0.000000000000000
1,1,30,2647.157532240890000,2759.283910217940000,3973.173828317350000,5704.250482684690000,6913.480533667600000,7605.954233973640000,8200.711543243230000,8459.089718581660000,9058.722087763300000,10394.918889254900000,49775.868051556700000,3807.636984103330000,0.000000000000000,0.000000000000000,0.000000000000000,0.000000000000000,0.000000000000000,0.000000000000000,0.000000000000000,0.000000000000000,0.000000000000000,0.000000000000000,0.000000000000000,0.000000000000000,0.000000000000000,0.000000000000000,0.000000000000000,0.000000000000000,0.000000000000000,0.000000000000000,0.000000000000000,0.000000000000000,0.000000000000000,0.000000000000000,0.000000000000000,0.000000000000000,0.000000000000000,0.000000000000000,0.000000000000000,0.000000000000000,0.000000000000000,0.000000000000000,0.000000000000000,0.000000000000000,0.000000000000000,0.000000000000000,0.000000000000000,0.000000000000000,0.000000000000000,0.000000000000000
1,1,31,2403.404536638600000,2696.123324156880000,3554.349061472480000,4733.683174596500000,5495.053292057800000,6568.427243890020000,7093.857750413290000,7445.507642467200000,7601.724752448200000,8088.369972470640000,10092.234789117000000,47255.677269824500000,3685.975679097720000,0.000000000000000,0.000000000000000,0.000000000000000,0.000000000000000,0.000000000000000,0.000000000000000,0.000000000000000,0.000000000000000,0.000000000000000,0.000000000000000,0.000000000000000,0.000000000000000,0.000000000000000,0.000000000000000,0.000000000000000,0.000000000000000,0.000000000000000,0.000000000000000,0.000000000000000,0.000000000000000,0.000000000000000,0.000000000000000,0.000000000000000,0.000000000000000,0.000000000000000,0.000000000000000,0.000000000000000,0.000000000000000,0.000000000000000,0.000000000000000,0.000000000000000,0.000000000000000,0.000000000000000,0.000000000000000,0.000000000000000,0.000000000000000,0.000000000000000
1,1,32,2047.525163059250000,2588.656813296340000,3417.847383935200000,4212.266956803140000,4715.043706130460000,5646.610534922290000,5997.830041385120000,6318.723224398010000,7030.266778761160000,7274.450159954530000,7839.741916956310000,9613.833339349920000,47642.098159649400000,3510.043136673000000,0.000000000000000,0.000000000000000,0.000000000000000,0.000000000000000,0.000000000000000,0.000000000000000,0.000000000000000,0.000000000000000,0.000000000000000,0.000000000000000,0.000000000000000,0.000000000000000,0.000000000000000,0.000000000000000,0.000000000000000,0.000000000000000,0.000000000000000,0.000000000000000,0.000000000000000,0.000000000000000,0.000000000000000,0.000000000000000,0.000000000000000,0.000000000000000,0.000000000000000,0.000000000000000,0.000000000000000,0.000000000000000,0.000000000000000,0.000000000000000,0.000000000000000,0.000000000000000,0.000000000000000,0.000000000000000,0.000000000000000,0.000000000000000
1,1,33,2262.027799189270000,2247.402619453130000,3042.252577912140000,4173.481670302310000,4348.768634340420000,5060.527381499110000,5626.679909683030000,6382.099003254600000,6782.499494428970000,6303.882851866330000,7343.561769905310000,7880.248745821420000,9375.170596455210000,49757.013390295100000,3695.940991717350000,0.000000000000000,0.000000000000000,0.000000000000000,0.000000000000000,0.000000000000000,0.000000000000000,0.000000000000000,0.000000000000000,0.000000000000000,0.000000000000000,0.000000000000000,0.000000000000000,0.000000000000000,0.000000000000000,0.000000000000000,0.000000000000000,0.000000000000000,0.000000000000000,0.000000000000000,0.000000000000000,0.000000000000000,0.000000000000000,0.000000000000000,0.000000000000000,0.000000000000000,0.000000000000000,0.000000000000000,0.000000000000000,0.000000000000000,0.000000000000000,0.000000000000000,0.000000000000000,0.000000000000000,0.000000000000000,0.000000000000000
1,1,34,1998.774563938790000,2530.371287147320000,3129.788463533430000,3612.634587621500000,4256.788074398150000,4997.366795438050000,5256.390549163090000,5528.963518646580000,6606.997337595320000,6728.228257009860000,6699.408283128650000,7142.393156738220000,7649.399387590980000,10068.289875147900000,49634.921699698500000,3593.134347973320000,0.000000000000000,0.000000000000000,0.000000000000000,0.000000000000000,0.000000000000000,0.000000000000000,0.000000000000000,0.000000000000000,0.000000000000000,0.000000000000000,0.000000000000000,0.000000000000000,0.000000000000000,0.000000000000000,0.000000000000000,0.000000000000000,0.000000000000000,0.000000000000000,0.000000000000000,0.000000000000000,0.000000000000000,0.000000000000000,0.000000000000000,0.000000000000000,0.000000000000000,0.000000000000000,0.000000000000000,0.000000000000000,0.000000000000000,0.000000000000000,0.000000000000000,0.000000000000000,0.000000000000000,0.000000000000000
1,1,35,1711.146029128090000,2106.025882003800000,2983.751858967590000,3544.168556057320000,4081.501110360040000,4626.862242122570000,4914.705969728810000,4861.510696287370000,6133.901333331340000,5718.660469625300000,6031.955460769440000,6947.821145847450000,7245.199800482250000,7995.313448550700000,10107.075161648700000,51015.424425989600000,3763.546252099380000,0.000000000000000,0.000000000000000,0.000000000000000,0.000000000000000,0.000000000000000,0.000000000000000,0.000000000000000,0.000000000000000,0.000000000000000,0.000000000000000,0.000000000000000,0.000000000000000,0.000000000000000,0.000000000000000,0.000000000000000,0.000000000000000,0.000000000000000,0.000000000000000,0.000000000000000,0.000000000000000,0.000000000000000,0.000000000000000,0.000000000000000,0.000000000000000,0.000000000000000,0.000000000000000,0.000000000000000,0.000000000000000,0.000000000000000,0.000000000000000,0.000000000000000,0.000000000000000,0.000000000000000
1,1,36,1603.894711063080000,1925.648665258100000,2584.427331770900000,3291.526211813080000,3768.421312011430000,4197.856969862530000,4588.292148417270000,4618.403279071690000,5591.908911912110000,5344.356820375450000,5646.825727717820000,6318.938417193540000,6679.692850684930000,7844.832169663890000,8375.998507281350000,10442.593524397700000,50780.345586233700000,3934.388541816520000,0.000000000000000,0.000000000000000,0.000000000000000,0.000000000000000,0.000000000000000,0.000000000000000,0.000000000000000,0.000000000000000,0.000000000000000,0.000000000000000,0.000000000000000,0.000000000000000,0.000000000000000,0.000000000000000,0.000000000000000,0.000000000000000,0.000000000000000,0.000000000000000,0.000000000000000,0.000000000000000,0.000000000000000,0.000000000000000,0.000000000000000,0.000000000000000,0.000000000000000,0.000000000000000,0.000000000000000,0.000000000000000,0.000000000000000,0.000000000000000,0.000000000000000,0.000000000000000
1,1,37,1306.516056428280000,1657.520370095580000,2257.583124868290000,2857.215494049930000,3485.883029908310000,3705.691111541440000,4344.323960019440000,4330.559551465450000,5368.301734344600000,5110.353944597250000,5460.927872673480000,5822.327884551470000,6050.594929235490000,6708.943210157210000,7639.864460562430000,8566.341036646670000,10658.387317300900000,52248.169005350600000,4124.300685590780000,0.000000000000000,0.000000000000000,0.000000000000000,0.000000000000000,0.000000000000000,0.000000000000000,0.000000000000000,0.000000000000000,0.000000000000000,0.000000000000000,0.000000000000000,0.000000000000000,0.000000000000000,0.000000000000000,0.000000000000000,0.000000000000000,0.000000000000000,0.000000000000000,0.000000000000000,0.000000000000000,0.000000000000000,0.000000000000000,0.000000000000000,0.000000000000000,0.000000000000000,0.000000000000000,0.000000000000000,0.000000000000000,0.000000000000000,0.000000000000000,0.000000000000000
1,1,38,1101.763540122360000,1555.144111942620000,2023.149863499020000,2603.497185828010000,3207.789422126160000,3798.102057074780000,3930.589445882150000,3818.032682314030000,4710.383839013950000,5012.637553560790000,4929.761535056010000,5085.978645037020000,5973.669934620430000,6225.881893273600000,7021.162237323680000,7967.139053056100000,8658.536789384470000,10808.868596187800000,52998.713039010100000,4061.140099529710000,0.000000000000000,0.000000000000000,0.000000000000000,0.000000000000000,0.000000000000000,0.000000000000000,0.000000000000000,0.000000000000000,0.000000000000000,0.000000000000000,0.000000000000000,0.000000000000000,0.000000000000000,0.000000000000000,0.000000000000000,0.000000000000000,0.000000000000000,0.000000000000000,0.000000000000000,0.000000000000000,0.000000000000000,0.000000000000000,0.000000000000000,0.000000000000000,0.000000000000000,0.000000000000000,0.000000000000000,0.000000000000000,0.000000000000000,0.000000000000000
1,1,39,1048.353073885390000,1335.766415900560000,1979.489517086140000,2320.743710929350000,3022.537145468420000,3512.410257423890000,3578.939553828250000,3857.033161610400000,4344.754345610510000,4422.755304203250000,4549.076476325370000,5036.582467529950000,5275.460403220200000,5753.001081805160000,6508.850560967790000,7162.969360364080000,7294.380785193780000,8162.141449537940000,10711.367397946800000,54300.999613912900000,3943.923468845080000,0.000000000000000,0.000000000000000,0.000000000000000,0.000000000000000,0.000000000000000,0.000000000000000,0.000000000000000,0.000000000000000,0.000000000000000,0.000000000000000,0.000000000000000,0.000000000000000,0.000000000000000,0.000000000000000,0.000000000000000,0.000000000000000,0.000000000000000,0.000000000000000,0.000000000000000,0.000000000000000,0.000000000000000,0.000000000000000,0.000000000000000,0.000000000000000,0.000000000000000,0.000000000000000,0.000000000000000,0.000000000000000,0.000000000000000
1,1,40,1072.728373445620000,1311.391116340330000,1803.987360252490000,2315.868651017310000,2881.805986405690000,2989.057304470700000,3254.032082085460000,3613.710551599180000,3768.851697602500000,4041.855052677070000,4070.890219353810000,4353.858887048000000,4695.328273686740000,4997.366795438050000,5461.573451060080000,6464.975021759380000,6596.601639384620000,7366.861105487860000,8751.808506099950000,10643.546944769300000,54437.716484245700000,4368.053681193070000,0.000000000000000,0.000000000000000,0.000000000000000,0.000000000000000,0.000000000000000,0.000000000000000,0.000000000000000,0.000000000000000,0.000000000000000,0.000000000000000,0.000000000000000,0.000000000000000,0.000000000000000,0.000000000000000,0.000000000000000,0.000000000000000,0.000000000000000,0.000000000000000,0.000000000000000,0.000000000000000,0.000000000000000,0.000000000000000,0.000000000000000,0.000000000000000,0.000000000000000,0.000000000000000,0.000000000000000,0.000000000000000
1,1,41,882.385844080296000,1253.105590191310000,1716.236281835670000,2145.241554095700000,2520.836360118770000,2623.643003862800000,2935.216452642660000,3452.187996115060000,3803.192309782360000,3793.657382753800000,4008.160018883820000,3968.729153996380000,4334.573840195350000,5062.033731067860000,4968.762014352380000,5680.520761511070000,5939.114129645040000,6806.444408398130000,7571.828814589320000,8990.040863403590000,11238.304254038900000,54184.213368819400000,4134.265998210400000,0.000000000000000,0.000000000000000,0.000000000000000,0.000000000000000,0.000000000000000,0.000000000000000,0.000000000000000,0.000000000000000,0.000000000000000,0.000000000000000,0.000000000000000,0.000000000000000,0.000000000000000,0.000000000000000,0.000000000000000,0.000000000000000,0.000000000000000,0.000000000000000,0.000000000000000,0.000000000000000,0.000000000000000,0.000000000000000,0.000000000000000,0.000000000000000,0.000000000000000,0.000000000000000,0.000000000000000
1,1,42,1023.762581529630000,1306.516056428280000,1701.395909304000000,2154.776481124260000,2394.299995201110000,2554.531393912020000,2950.487210765410000,3184.490086543610000,3607.544334913920000,3842.623174669790000,3939.693987319640000,3944.784240027220000,4413.435569970230000,4515.166249736580000,5105.694077480740000,5134.298858566400000,5758.306527308270000,5957.968790906610000,6933.626351702390000,7655.350411480710000,8786.149118279800000,11491.376983874200000,55870.553712796100000,4202.301644183510000,0.000000000000000,0.000000000000000,0.000000000000000,0.000000000000000,0.000000000000000,0.000000000000000,0.000000000000000,0.000000000000000,0.000000000000000,0.000000000000000,0.000000000000000,0.000000000000000,0.000000000000000,0.000000000000000,0.000000000000000,0.000000000000000,0.000000000000000,0.000000000000000,0.000000000000000,0.000000000000000,0.000000000000000,0.000000000000000,0.000000000000000,0.000000000000000,0.000000000000000,0.000000000000000
1,1,43,1067.638120738040000,1404.017254669200000,1701.395909304000000,2199.512791514810000,2384.334682581480000,2540.551792562490000,2945.612150853360000,3164.129075713280000,3807.852176898870000,3656.940512420980000,3736.232627786930000,3930.804638677690000,4285.177662688290000,4505.416129912490000,4681.348672337210000,5125.194317128920000,5241.765369426950000,5822.112691755940000,6430.849602375060000,7065.252969327630000,7923.263513847690000,9219.599064860810000,11358.889595066800000,55957.659212826400000,4353.643694252470000,0.000000000000000,0.000000000000000,0.000000000000000,0.000000000000000,0.000000000000000,0.000000000000000,0.000000000000000,0.000000000000000,0.000000000000000,0.000000000000000,0.000000000000000,0.000000000000000,0.000000000000000,0.000000000000000,0.000000000000000,0.000000000000000,0.000000000000000,0.000000000000000,0.000000000000000,0.000000000000000,0.000000000000000,0.000000000000000,0.000000000000000,0.000000000000000,0.000000000000000
1,1,44,975.011982409167000,1443.017733965570000,1789.362180516360000,2140.366494183660000,2394.084802405570000,2671.963217392190000,3160.114786983380000,3091.648755419200000,4504.770551525890000,3788.351937250680000,3959.624612558890000,4008.375211679350000,3895.603255315690000,4388.414692023390000,4676.258419629630000,4817.419964283420000,5016.867035086230000,5427.017646084690000,6119.491346390730000,6865.375512933750000,7630.975111920480000,8200.496350447700000,9497.477479847430000,11945.187941285500000,56074.875843511000000,4255.927303216010000,0.000000000000000,0.000000000000000,0.000000000000000,0.000000000000000,0.000000000000000,0.000000000000000,0.000000000000000,0.000000000000000,0.000000000000000,0.000000000000000,0.000000000000000,0.000000000000000,0.000000000000000,0.000000000000000,0.000000000000000,0.000000000000000,0.000000000000000,0.000000000000000,0.000000000000000,0.000000000000000,0.000000000000000,0.000000000000000,0.000000000000000,0.000000000000000
1,1,45,1238.480410455180000,1574.644351590800000,1921.419183732660000,2169.616853655930000,2769.464415633100000,2642.928050715450000,2828.610712964260000,3286.866344696570000,4334.358647399820000,3651.850259713400000,3676.225559273630000,3852.373294493890000,4134.481191005940000,4441.609965464830000,4549.291669120900000,4719.273187655900000,4729.453693071060000,5007.977686444280000,5657.006233132990000,6051.025314826560000,7108.913315740500000,7489.167988880080000,7781.671583602830000,9200.098825212630000,11642.934226738700000,54714.518935254700000,4388.199499227860000,0.000000000000000,0.000000000000000,0.000000000000000,0.000000000000000,0.000000000000000,0.000000000000000,0.000000000000000,0.000000000000000,0.000000000000000,0.000000000000000,0.000000000000000,0.000000000000000,0.000000000000000,0.000000000000000,0.000000000000000,0.000000000000000,0.000000000000000,0.000000000000000,0.000000000000000,0.000000000000000,0.000000000000000,0.000000000000000,0.000000000000000
1,1,46,1482.018213261930000,1672.360742627260000,2101.796400478360000,2271.777919013360000,2594.607837186060000,2720.713816512650000,2969.126679231450000,3310.596065870190000,4241.947701866480000,3861.693028726910000,3710.781364249020000,3954.534359851310000,4203.377608161190000,4563.916848857040000,4583.632281300760000,4720.349151633580000,4773.974810666080000,5197.244251831930000,5641.520282214710000,6006.719390027070000,6445.474782111200000,7054.857271116930000,7665.315724100330000,8098.120092294740000,9356.315935193630000,11676.414067736400000,54694.588310015400000,4402.824678963990000,0.000000000000000,0.000000000000000,0.000000000000000,0.000000000000000,0.000000000000000,0.000000000000000,0.000000000000000,0.000000000000000,0.000000000000000,0.000000000000000,0.000000000000000,0.000000000000000,0.000000000000000,0.000000000000000,0.000000000000000,0.000000000000000,0.000000000000000,0.000000000000000,0.000000000000000,0.000000000000000,0.000000000000000,0.000000000000000
1,1,47,1730.646268776270000,2091.400702267660000,2335.368890665490000,2588.872006091870000,2901.521418849410000,2949.626439583260000,2901.306226053880000,3496.063535323470000,4168.606610390260000,3681.531004776750000,3535.064014619840000,3828.428380524730000,4163.946743273750000,4280.948181162850000,4466.415650616130000,4880.795743140020000,5129.638991449890000,4929.976727851550000,5499.497966378770000,6113.540322501010000,6251.763542402580000,7030.481971556700000,7425.792210023480000,7951.868294933360000,8742.273579071390000,9751.195788069340000,11335.159873893200000,56976.977120035000000,4709.307875036280000,0.000000000000000,0.000000000000000,0.000000000000000,0.000000000000000,0.000000000000000,0.000000000000000,0.000000000000000,0.000000000000000,0.000000000000000,0.000000000000000,0.000000000000000,0.000000000000000,0.000000000000000,0.000000000000000,0.000000000000000,0.000000000000000,0.000000000000000,0.000000000000000,0.000000000000000,0.000000000000000,0.000000000000000
1,1,48,1925.648665258100000,2140.796879774730000,2486.280555143380000,2628.302870979310000,2794.054907988870000,3027.842590971530000,3208.435000512760000,3461.722923143610000,3871.873534142070000,3992.889260761070000,3735.371856604790000,3842.192789078720000,4134.696383801470000,4637.042747537730000,4563.916848857040000,4675.828034038560000,5037.012853121020000,5104.618113503060000,5471.108378088640000,5913.878058902670000,6333.133211338610000,6806.659601193660000,7211.504766689000000,7454.612183904690000,8273.837441923920000,8907.810423285420000,9804.606254306310000,11584.003122203000000,56157.751862015800000,4553.521150646340000,0.000000000000000,0.000000000000000,0.000000000000000,0.000000000000000,0.000000000000000,0.000000000000000,0.000000000000000,0.000000000000000,0.000000000000000,0.000000000000000,0.000000000000000,0.000000000000000,0.000000000000000,0.000000000000000,0.000000000000000,0.000000000000000,0.000000000000000,0.000000000000000,0.000000000000000,0.000000000000000
1,1,49,1959.989277437960000,2384.119489785950000,2232.777439716990000,2584.212138975360000,2794.054907988870000,3004.112869797910000,3256.755214042150000,3257.615985224290000,3373.971844726790000,3705.260725950370000,3852.373294493890000,3930.159060291080000,4163.731550478210000,4315.503986138240000,4354.074079843540000,4617.972893480620000,4919.150644049780000,4792.614279132130000,5309.585822604520000,5777.591574160920000,6260.222505453460000,6319.368802784610000,6581.976459648480000,7352.020732956190000,8000.618894053820000,8298.212741484150000,8917.560543109510000,9642.868506026660000,11047.100953491400000,54213.894113882700000,4197.641777067000000,0.000000000000000,0.000000000000000,0.000000000000000,0.000000000000000,0.000000000000000,0.000000000000000,0.000000000000000,0.000000000000000,0.000000000000000,0.000000000000000,0.000000000000000,0.000000000000000,0.000000000000000,0.000000000000000,0.000000000000000,0.000000000000000,0.000000000000000,0.000000000000000,0.000000000000000
1,1,50,2008.955069353950000,2296.153218573590000,2588.656813296340000,2720.498623717110000,2910.841153082430000,2920.591272906520000,3061.752817560320000,2969.341872026980000,3476.348102879750000,3583.599420944760000,3637.225079977260000,3817.387103927420000,4149.536756333150000,4252.128207281640000,4222.877847809370000,4324.823720371260000,4514.735864145510000,4632.167687625680000,4807.454651663800000,5309.585822604520000,5923.628178726760000,6172.471427036630000,6352.633450986790000,6971.766059816610000,7474.973194735010000,7410.521451900740000,8035.174699029210000,8624.626562795690000,9302.475083365590000,10652.221100615700000,51600.001229844000000,3973.389021112890000,0.000000000000000,0.000000000000000,0.000000000000000,0.000000000000000,0.000000000000000,0.000000000000000,0.000000000000000,0.000000000000000,0.000000000000000,0.000000000000000,0.000000000000000,0.000000000000000,0.000000000000000,0.000000000000000,0.000000000000000,0.000000000000000,0.000000000000000,0.000000000000000
1,1,51,2188.901900508580000,2666.657771889070000,2593.531873208380000,2788.749462485750000,2871.410288195000000,3052.863468918370000,2989.057304470700000,3091.003177032590000,3276.255453690340000,3383.506771755340000,3705.906304336980000,3648.051163779030000,3779.032203017660000,4300.233228015500000,4090.820844593060000,4320.163853254750000,4314.858407751630000,4865.955370608350000,4699.988140803260000,5211.869431568070000,5319.335942428610000,5860.467592665700000,5836.307485901000000,6299.222984749820000,6640.692371388570000,6714.033462864790000,7054.426885525860000,7860.318120582170000,7912.222237250390000,9029.471728291030000,10062.338851258100000,48485.698717228900000,3261.415081158660000,0.000000000000000,0.000000000000000,0.000000000000000,0.000000000000000,0.000000000000000,0.000000000000000,0.000000000000000,0.000000000000000,0.000000000000000,0.000000000000000,0.000000000000000,0.000000000000000,0.000000000000000,0.000000000000000,0.000000000000000,0.000000000000000,0.000000000000000
1,1,52,2345.334203285120000,3124.913403621380000,2949.411246787730000,3003.252098615770000,2910.410767491360000,2822.659689074540000,3027.627398176000000,2930.126199935080000,3334.756172634890000,3359.992243377260000,3447.958514589620000,3823.122935021610000,3749.781843545390000,3939.478794524100000,4159.071683361700000,3934.603734612060000,4183.446982921930000,4242.162894662020000,4514.951056941050000,5119.458486034730000,5036.367274734420000,5168.639470746260000,5528.533133055510000,6075.400614386790000,6216.777351836110000,6381.668617663530000,6469.634888875890000,6766.798350715150000,7347.145673044140000,7703.240239419020000,8541.535351495370000,13841.586247071300000,39670.944817863400000,3217.754734745790000,0.000000000000000,0.000000000000000,0.000000000000000,0.000000000000000,0.000000000000000,0.000000000000000,0.000000000000000,0.000000000000000,0.000000000000000,0.000000000000000,0.000000000000000,0.000000000000000,0.000000000000000,0.000000000000000,0.000000000000000,0.000000000000000
1,1,53,2793.624522397800000,3358.916279399580000,3227.504854569880000,3178.969448244950000,3115.163283797290000,3066.412684676830000,3076.593190091990000,3296.186078929590000,3578.939553828250000,3481.438355587330000,3329.881112722840000,3773.726757514550000,3852.373294493890000,3988.229393644560000,3652.065452508940000,3866.137703047880000,4047.160498180180000,4354.074079843540000,4393.074559139900000,5031.922600413430000,5163.118832447610000,5255.960163572010000,5279.905077541170000,5558.644263709930000,5831.432425988960000,5996.754077407450000,5675.000123212420000,6064.789723380550000,6586.205941173920000,7352.451118547260000,7336.965167628980000,11482.057249641100000,8029.869253526090000,38320.122836635600000,3202.914362214110000,0.000000000000000,0.000000000000000,0.000000000000000,0.000000000000000,0.000000000000000,0.000000000000000,0.000000000000000,0.000000000000000,0.000000000000000,0.000000000000000,0.000000000000000,0.000000000000000,0.000000000000000,0.000000000000000,0.000000000000000
1,1,54,3330.311498313910000,3846.852656195230000,3485.883029908310000,3251.664961334570000,2960.022137793960000,3369.527170405810000,2979.091991851070000,3017.662085556370000,4329.268394692240000,3534.848821824300000,3339.631232546930000,3549.474001560440000,3841.762403487650000,3666.905825040610000,3705.906304336980000,3895.603255315690000,3715.010845774460000,4134.050805414870000,4135.126769392540000,4870.400044929320000,4929.115956669410000,5012.637553560790000,4992.276542730470000,5089.562548175850000,5279.689884745640000,5704.035289889160000,5309.585822604520000,6123.290442325100000,5762.751201629250000,6333.348404134140000,6743.068629541530000,9477.977240199240000,7157.233529269890000,7849.492036780400000,40064.318321170300000,3115.163283797290000,0.000000000000000,0.000000000000000,0.000000000000000,0.000000000000000,0.000000000000000,0.000000000000000,0.000000000000000,0.000000000000000,0.000000000000000,0.000000000000000,0.000000000000000,0.000000000000000,0.000000000000000,0.000000000000000
1,1,55,4046.299726998040000,3451.542417728450000,3125.774174803520000,2804.235413404030000,2525.496227235280000,3085.912924325010000,2643.143243510980000,2613.677691243170000,3588.259288061270000,3207.789422126160000,3032.717650883580000,2935.216452642660000,3022.967531059490000,3111.364187862920000,3139.968968948590000,3423.368022233850000,3290.880633426470000,3330.741883904980000,3632.350020065220000,3866.352895843420000,3959.194226967820000,3992.674067965540000,4202.301644183510000,4163.301164887140000,4368.268873988600000,4236.642256363370000,4119.640818474260000,4290.698300986940000,4758.488859747800000,5157.813386944490000,5114.153040531620000,6879.785499874350000,5533.623385763090000,6060.345049059580000,5996.538884611910000,33180.518532566100000,2179.151780684490000,0.000000000000000,0.000000000000000,0.000000000000000,0.000000000000000,0.000000000000000,0.000000000000000,0.000000000000000,0.000000000000000,0.000000000000000,0.000000000000000,0.000000000000000,0.000000000000000,0.000000000000000
1,1,56,4051.605172501160000,4733.898367392040000,3925.068807583500000,3559.439314180060000,3164.559461304350000,2627.657292592700000,3037.377518000090000,2876.500540902580000,4012.389500409260000,3530.188954707790000,3027.627398176000000,3213.094867629280000,3115.163283797290000,3354.901990669680000,3135.093909036540000,3359.131472195110000,3281.345706397920000,3364.436917698230000,3744.476398042270000,4232.197582042390000,4188.106850038440000,4187.676464447370000,4358.303561368980000,4246.392376187460000,4217.787595101790000,4500.541070000450000,4222.447462218300000,4573.236583090060000,4987.616675613960000,5192.153999124350000,4811.684133189240000,6114.616286478690000,5373.176794256650000,5670.125063300380000,5733.285649361440000,6098.699949969340000,34945.935799113300000,3056.662564852740000,0.000000000000000,0.000000000000000,0.000000000000000,0.000000000000000,0.000000000000000,0.000000000000000,0.000000000000000,0.000000000000000,0.000000000000000,0.000000000000000,0.000000000000000,0.000000000000000
1,1,57,4236.857449158900000,4500.110684409380000,4109.890698650170000,3588.474480856800000,3500.938595235510000,3027.627398176000000,3300.845946046100000,3100.753296856690000,3822.046971043930000,3427.812696554830000,3135.093909036540000,3438.423587561060000,3310.596065870190000,3691.065931805300000,3490.542897024820000,3486.313415499380000,3749.566650749850000,3637.009887181730000,3749.566650749850000,3973.173828317350000,4056.480232413200000,4261.663134310200000,4295.142975307920000,4592.736822738250000,4514.520671349980000,4387.769113636790000,4217.787595101790000,4198.287355453600000,4460.895012317470000,4850.899805281140000,4626.862242122570000,5401.781575342320000,5202.980082926120000,5362.996288841490000,5577.068539380430000,6323.383091514520000,6196.201148210250000,35032.610913552400000,2720.498623717110000,0.000000000000000,0.000000000000000,0.000000000000000,0.000000000000000,0.000000000000000,0.000000000000000,0.000000000000000,0.000000000000000,0.000000000000000,0.000000000000000,0.000000000000000
1,1,58,4519.395731262020000,5299.620509984890000,4490.360564585280000,4124.946263977380000,3550.119579947040000,3169.219328420860000,3207.789422126160000,3105.413163973200000,3105.843549564270000,3394.117662761580000,3203.559940600720000,3037.807903591160000,3212.664482038200000,3354.686797874140000,3144.413643269560000,3198.254495097600000,3130.218849124500000,3154.809341480260000,3539.293496145280000,3247.220287013600000,3778.817010222130000,3671.350499361580000,3588.689673652340000,3768.851697602500000,3607.974720504990000,3919.978554875920000,3749.136265158780000,3837.102536371140000,3997.549127877580000,4169.036995981330000,4143.800925238960000,4446.269832581340000,4305.323480723080000,4602.486942562340000,4714.398127743860000,5035.936889143350000,5484.442401051560000,5041.027141850930000,27602.589222003500000,2110.900941915850000,0.000000000000000,0.000000000000000,0.000000000000000,0.000000000000000,0.000000000000000,0.000000000000000,0.000000000000000,0.000000000000000,0.000000000000000,0.000000000000000
1,1,59,4826.309312925380000,5977.253837759260000,4729.023307479990000,4280.732988367310000,3949.228914348200000,3520.223642088160000,3276.255453690340000,2974.432124734560000,3037.162325204550000,3291.095826222010000,3101.183682447760000,3266.935719457310000,3198.254495097600000,3266.290141070710000,3184.274893748070000,3305.505813162610000,3232.810300072990000,3091.218369828130000,3253.386503698850000,3539.939074531880000,3446.667357816400000,3529.758569116720000,3398.131951491480000,3393.256891579440000,3685.760486302190000,3417.416998344130000,3500.723402439980000,3593.134347973320000,3646.760007005820000,3934.388541816520000,3690.420353418700000,4095.911097300640000,3949.444107143730000,4168.176224799190000,4451.360085288920000,4656.327794390380000,4904.310271518110000,5084.902681059340000,4694.897888095670000,25516.278772443400000,1993.899504026750000,0.000000000000000,0.000000000000000,0.000000000000000,0.000000000000000,0.000000000000000,0.000000000000000,0.000000000000000,0.000000000000000,0.000000000000000
1,1,60,1198.879668049790000,494.537863070539000,339.682572614108000,204.808609958506000,264.752593360996000,269.747925311203000,204.808609958506000,144.864626556017000,129.878630705394000,169.841286307054000,209.803941908714000,124.883298755187000,179.831950207469000,134.873962655602000,139.869294605809000,174.836618257261000,179.831950207469000,159.850622406639000,189.822614107884000,139.869294605809000,154.855290456432000,169.841286307054000,209.803941908714000,159.850622406639000,209.803941908714000,224.789937759336000,229.785269709544000,239.775933609958000,194.817946058091000,279.738589211618000,224.789937759336000,259.757261410788000,329.691908713693000,239.775933609958000,219.794605809129000,314.705912863071000,324.696576763485000,274.743257261411000,329.691908713693000,274.743257261411000,1448.646265560170000,39.962655601659700,0.000000000000000,0.000000000000000,0.000000000000000,0.000000000000000,0.000000000000000,0.000000000000000,0.000000000000000,0.000000000000000
1,1,61,759.290456431535000,1423.669605809130000,424.603215767635000,289.729253112033000,204.808609958506000,204.808609958506000,159.850622406639000,179.831950207469000,194.817946058091000,184.827282157676000,129.878630705394000,174.836618257261000,164.845954356846000,159.850622406639000,184.827282157676000,179.831950207469000,169.841286307054000,139.869294605809000,119.887966804979000,169.841286307054000,184.827282157676000,144.864626556017000,169.841286307054000,239.775933609958000,214.799273858921000,239.775933609958000,184.827282157676000,169.841286307054000,229.785269709544000,219.794605809129000,244.771265560166000,269.747925311203000,259.757261410788000,244.771265560166000,264.752593360996000,279.738589211618000,329.691908713693000,414.612551867220000,344.677904564315000,329.691908713693000,434.593879668050000,1308.776970954360000,49.953319502074700,0.000000000000000,0.000000000000000,0.000000000000000,0.000000000000000,0.000000000000000,0.000000000000000,0.000000000000000
1,1,62,574.463174273859000,749.299792531120000,1019.047717842320000,334.687240663900000,279.738589211618000,229.785269709544000,234.780601659751000,164.845954356846000,184.827282157676000,169.841286307054000,179.831950207469000,169.841286307054000,209.803941908714000,164.845954356846000,124.883298755187000,134.873962655602000,114.892634854772000,169.841286307054000,234.780601659751000,174.836618257261000,144.864626556017000,194.817946058091000,134.873962655602000,129.878630705394000,124.883298755187000,164.845954356846000,219.794605809129000,174.836618257261000,219.794605809129000,179.831950207469000,174.836618257261000,269.747925311203000,179.831950207469000,209.803941908714000,274.743257261411000,339.682572614108000,319.701244813278000,319.701244813278000,319.701244813278000,329.691908713693000,454.575207468880000,524.509854771784000,1014.052385892120000,54.948651452282100,0.000000000000000,0.000000000000000,0.000000000000000,0.000000000000000,0.000000000000000,0.000000000000000
1,1,63,789.262448132780000,709.337136929460000,579.458506224066000,744.304460580913000,319.701244813278000,264.752593360996000,204.808609958506000,179.831950207469000,169.841286307054000,159.850622406639000,164.845954356846000,134.873962655602000,134.873962655602000,139.869294605809000,159.850622406639000,84.920643153527000,179.831950207469000,134.873962655602000,139.869294605809000,164.845954356846000,84.920643153527000,104.901970954357000,149.859958506224000,139.869294605809000,164.845954356846000,154.855290456432000,234.780601659751000,199.813278008299000,204.808609958506000,184.827282157676000,184.827282157676000,209.803941908714000,214.799273858921000,244.771265560166000,204.808609958506000,269.747925311203000,289.729253112033000,289.729253112033000,299.719917012448000,384.640560165975000,399.626556016597000,424.603215767635000,374.649896265560000,794.257780082987000,39.962655601659700,0.000000000000000,0.000000000000000,0.000000000000000,0.000000000000000,0.000000000000000
1,1,64,389.635892116183000,749.299792531120000,489.542531120332000,434.593879668050000,394.631224066390000,184.827282157676000,174.836618257261000,99.906639004149400,99.906639004149400,84.920643153527000,74.929979253112000,154.855290456432000,79.925311203319500,144.864626556017000,124.883298755187000,74.929979253112000,79.925311203319500,64.939315352697100,154.855290456432000,134.873962655602000,194.817946058091000,144.864626556017000,94.911307053941900,134.873962655602000,164.845954356846000,189.822614107884000,179.831950207469000,129.878630705394000,219.794605809129000,169.841286307054000,154.855290456432000,164.845954356846000,179.831950207469000,269.747925311203000,274.743257261411000,194.817946058091000,194.817946058091000,224.789937759336000,279.738589211618000,259.757261410788000,339.682572614108000,279.738589211618000,269.747925311203000,359.663900414938000,804.248443983402000,14.985995850622400,0.000000000000000,0.000000000000000,0.000000000000000,0.000000000000000
1,1,65,29.380434782608700,4.896739130434780,9.793478260869560,4.896739130434780,0.000000000000000,0.000000000000000,4.896739130434780,0.000000000000000,4.896739130434780,9.793478260869560,4.896739130434780,0.000000000000000,0.000000000000000,0.000000000000000,0.000000000000000,9.793478260869560,0.000000000000000,0.000000000000000,4.896739130434780,0.000000000000000,4.896739130434780,0.000000000000000,0.000000000000000,0.000000000000000,0.000000000000000,0.000000000000000,0.000000000000000,0.000000000000000,0.000000000000000,4.896739130434780,0.000000000000000,4.896739130434780,4.896739130434780,0.000000000000000,9.793478260869560,14.690217391304300,4.896739130434780,24.483695652173900,14.690217391304300,9.793478260869560,24.483695652173900,9.793478260869560,14.690217391304300,9.793478260869560,9.793478260869560,9.793478260869560,0.000000000000000,0.000000000000000,0.000000000000000,0.000000000000000
1,1,66,24.483695652173900,29.380434782608700,34.277173913043500,0.000000000000000,0.000000000000000,0.000000000000000,0.000000000000000,9.793478260869560,0.000000000000000,0.000000000000000,0.000000000000000,0.000000000000000,0.000000000000000,0.000000000000000,0.000000000000000,0.000000000000000,4.896739130434780,0.000000000000000,0.000000000000000,0.000000000000000,0.000000000000000,0.000000000000000,0.000000000000000,0.000000000000000,4.896739130434780,0.000000000000000,0.000000000000000,4.896739130434780,0.000000000000000,4.896739130434780,0.000000000000000,0.000000000000000,4.896739130434780,4.896739130434780,9.793478260869560,9.793478260869560,4.896739130434780,4.896739130434780,0.000000000000000,14.690217391304300,9.793478260869560,19.586956521739100,9.793478260869560,0.000000000000000,24.483695652173900,4.896739130434780,0.000000000000000,0.000000000000000,0.000000000000000,0.000000000000000
1,1,67,4.896739130434780,14.690217391304300,4.896739130434780,9.793478260869560,0.000000000000000,0.000000000000000,0.000000000000000,0.000000000000000,4.896739130434780,0.000000000000000,0.000000000000000,0.000000000000000,0.000000000000000,0.000000000000000,0.000000000000000,0.000000000000000,0.000000000000000,0.000000000000000,0.000000000000000,0.000000000000000,0.000000000000000,0.000000000000000,0.000000000000000,0.000000000000000,0.000000000000000,0.000000000000000,0.000000000000000,0.000000000000000,4.896739130434780,0.000000000000000,0.000000000000000,0.000000000000000,0.000000000000000,4.896739130434780,14.690217391304300,4.896739130434780,4.896739130434780,9.793478260869560,14.690217391304300,4.896739130434780,0.000000000000000,24.483695652173900,19.586956521739100,14.690217391304300,9.793478260869560,4.896739130434780,4.896739130434780,0.000000000000000,0.000000000000000,0.000000000000000
1,1,68,4.896739130434780,14.690217391304300,0.000000000000000,4.896739130434780,9.793478260869560,0.000000000000000,0.000000000000000,0.000000000000000,0.000000000000000,0.000000000000000,0.000000000000000,0.000000000000000,0.000000000000000,0.000000000000000,0.000000000000000,0.000000000000000,0.000000000000000,0.000000000000000,0.000000000000000,0.000000000000000,0.000000000000000,0.000000000000000,0.000000000000000,0.000000000000000,0.000000000000000,0.000000000000000,0.000000000000000,0.000000000000000,0.000000000000000,0.000000000000000,0.000000000000000,0.000000000000000,9.793478260869560,4.896739130434780,0.000000000000000,4.896739130434780,14.690217391304300,0.000000000000000,4.896739130434780,14.690217391304300,4.896739130434780,9.793478260869560,19.586956521739100,19.586956521739100,4.896739130434780,4.896739130434780,0.000000000000000,0.000000000000000,0.000000000000000,0.000000000000000
1,1,69,4.896739130434780,0.000000000000000,4.896739130434780,4.896739130434780,4.896739130434780,0.000000000000000,9.793478260869560,0.000000000000000,0.000000000000000,0.000000000000000,0.000000000000000,0.000000000000000,0.000000000000000,0.000000000000000,0.000000000000000,0.000000000000000,0.000000000000000,0.000000000000000,0.000000000000000,0.000000000000000,0.000000000000000,0.000000000000000,0.000000000000000,0.000000000000000,0.000000000000000,0.000000000000000,0.000000000000000,0.000000000000000,0.000000000000000,0.000000000000000,0.000000000000000,0.000000000000000,0.000000000000000,0.000000000000000,0.000000000000000,0.000000000000000,4.896739130434780,4.896739130434780,4.896739130434780,0.000000000000000,9.793478260869560,4.896739130434780,0.000000000000000,0.000000000000000,0.000000000000000,4.896739130434780,0.000000000000000,0.000000000000000,0.000000000000000,0.000000000000000
1,2,20,6.043959517419840,12.000000000000000,0.000000000000000,0.000000000000000,0.000000000000000,0.000000000000000,0.000000000000000,0.000000000000000,0.000000000000000,0.000000000000000,0.000000000000000,0.000000000000000,0.000000000000000,0.000000000000000,0.000000000000000,0.000000000000000,0.000000000000000,0.000000000000000,0.000000000000000,0.000000000000000,0.000000000000000,0.000000000000000,0.000000000000000,0.000000000000000,0.000000000000000,0.000000000000000,0.000000000000000,0.000000000000000,0.000000000000000,0.000000000000000,0.000000000000000,0.000000000000000,0.000000000000000,0.000000000000000,0.000000000000000,0.000000000000000,0.000000000000000,0.000000000000000,0.000000000000000,0.000000000000000,0.000000000000000,0.000000000000000,0.000000000000000,0.000000000000000,0.000000000000000,0.000000000000000,0.000000000000000,0.000000000000000,0.000000000000000,0.000000000000000
1,2,21,5.762439206883650,18.051968310364200,24.000000000000000,0.000000000000000,0.000000000000000,0.000000000000000,0.000000000000000,0.000000000000000,0.000000000000000,0.000000000000000,0.000000000000000,0.000000000000000,0.000000000000000,0.000000000000000,0.000000000000000,0.000000000000000,0.000000000000000,0.000000000000000,0.000000000000000,0.000000000000000,0.000000000000000,0.000000000000000,0.000000000000000,0.000000000000000,0.000000000000000,0.000000000000000,0.000000000000000,0.000000000000000,0.000000000000000,0.000000000000000,0.000000000000000,0.000000000000000,0.000000000000000,0.000000000000000,0.000000000000000,0.000000000000000,0.000000000000000,0.000000000000000,0.000000000000000,0.000000000000000,0.000000000000000,0.000000000000000,0.000000000000000,0.000000000000000,0.000000000000000,0.000000000000000,0.000000000000000,0.000000000000000,0.000000000000000,0.000000000000000
1,2,22,5.373621103117510,17.598989898989900,30.005244095988500,36.000000000000000,0.000000000000000,0.000000000000000,0.000000000000000,0.000000000000000,0.000000000000000,0.000000000000000,0.000000000000000,0.000000000000000,0.000000000000000,0.000000000000000,0.000000000000000,0.000000000000000,0.000000000000000,0.000000000000000,0.000000000000000,0.000000000000000,0.000000000000000,0.000000000000000,0.000000000000000,0.000000000000000,0.000000000000000,0.000000000000000,0.000000000000000,0.000000000000000,0.000000000000000,0.000000000000000,0.000000000000000,0.000000000000000,0.000000000000000,0.000000000000000,0.000000000000000,0.000000000000000,0.000000000000000,0.000000000000000,0.000000000000000,0.000000000000000,0.000000000000000,0.000000000000000,0.000000000000000,0.000000000000000,0.000000000000000,0.000000000000000,0.000000000000000,0.000000000000000,0.000000000000000,0.000000000000000
1,2,23,5.525451559934320,17.373515981735200,30.176839474450400,41.901548877924400,48.000000000000000,0.000000000000000,0.000000000000000,0.000000000000000,0.000000000000000,0.000000000000000,0.000000000000000,0.000000000000000,0.000000000000000,0.000000000000000,0.000000000000000,0.000000000000000,0.000000000000000,0.000000000000000,0.000000000000000,0.000000000000000,0.000000000000000,0.000000000000000,0.000000000000000,0.000000000000000,0.000000000000000,0.000000000000000,0.000000000000000,0.000000000000000,0.000000000000000,0.000000000000000,0.000000000000000,0.000000000000000,0.000000000000000,0.000000000000000,0.000000000000000,0.000000000000000,0.000000000000000,0.000000000000000,0.000000000000000,0.000000000000000,0.000000000000000,0.000000000000000,0.000000000000000,0.000000000000000,0.000000000000000,0.000000000000000,0.000000000000000,0.000000000000000,0.000000000000000,0.000000000000000
1,2,24,5.537447988904300,17.309220580743800,30.057320092322800,41.633805481137200,53.780234253897100,60.000000000000000,0.000000000000000,0.000000000000000,0.000000000000000,0.000000000000000,0.000000000000000,0.000000000000000,0.000000000000000,0.000000000000000,0.000000000000000,0.000000000000000,0.000000000000000,0.000000000000000,0.000000000000000,0.000000000000000,0.000000000000000,0.000000000000000,0.000000000000000,0.000000000000000,0.000000000000000,0.000000000000000,0.000000000000000,0.000000000000000,0.000000000000000,0.000000000000000,0.000000000000000,0.000000000000000,0.000000000000000,0.000000000000000,0.000000000000000,0.000000000000000,0.000000000000000,0.000000000000000,0.000000000000000,0.000000000000000,0.000000000000000,0.000000000000000,0.000000000000000,0.000000000000000,0.000000000000000,0.000000000000000,0.000000000000000,0.000000000000000,0.000000000000000,0.000000000000000
1,2,25,5.510833333333330,17.317013463892300,30.121175523349400,41.376103019589600,53.636629526172400,65.807239097742400,72.000000000000000,0.000000000000000,0.000000000000000,0.000000000000000,0.000000000000000,0.000000000000000,0.000000000000000,0.000000000000000,0.000000000000000,0.000000000000000,0.000000000000000,0.000000000000000,0.000000000000000,0.000000000000000,0.000000000000000,0.000000000000000,0.000000000000000,0.000000000000000,0.000000000000000,0.000000000000000,0.000000000000000,0.000000000000000,0.000000000000000,0.000000000000000,0.000000000000000,0.000000000000000,0.000000000000000,0.000000000000000,0.000000000000000,0.000000000000000,0.000000000000000,0.000000000000000,0.000000000000000,0.000000000000000,0.000000000000000,0.000000000000000,0.000000000000000,0.000000000000000,0.000000000000000,0.000000000000000,0.000000000000000,0.000000000000000,0.000000000000000,0.000000000000000
1,2,26,5.602099646147150,17.462271644162000,30.067145053818600,41.300349101765400,53.447774149175000,65.525664544674100,77.725672933430500,84.000000000000000,0.000000000000000,0.000000000000000,0.000000000000000,0.000000000000000,0.000000000000000,0.000000000000000,0.000000000000000,0.000000000000000,0.000000000000000,0.000000000000000,0.000000000000000,0.000000000000000,0.000000000000000,0.000000000000000,0.000000000000000,0.000000000000000,0.000000000000000,0.000000000000000,0.000000000000000,0.000000000000000,0.000000000000000,0.000000000000000,0.000000000000000,0.000000000000000,0.000000000000000,0.000000000000000,0.000000000000000,0.000000000000000,0.000000000000000,0.000000000000000,0.000000000000000,0.000000000000000,0.000000000000000,0.000000000000000,0.000000000000000,0.000000000000000,0.000000000000000,0.000000000000000,0.000000000000000,0.000000000000000,0.000000000000000,0.000000000000000
1,2,27,5.485889570552150,17.385261194029900,29.973559938649200,41.645434912729100,53.317442885621400,65.370208419817300,77.662178779938400,89.699478264267400,96.000000000000000,0.000000000000000,0.000000000000000,0.000000000000000,0.000000000000000,0.000000000000000,0.000000000000000,0.000000000000000,0.000000000000000,0.000000000000000,0.000000000000000,0.000000000000000,0.000000000000000,0.000000000000000,0.000000000000000,0.000000000000000,0.000000000000000,0.000000000000000,0.000000000000000,0.000000000000000,0.000000000000000,0.000000000000000,0.000000000000000,0.000000000000000,0.000000000000000,0.000000000000000,0.000000000000000,0.000000000000000,0.000000000000000,0.000000000000000,0.000000000000000,0.000000000000000,0.000000000000000,0.000000000000000,0.000000000000000,0.000000000000000,0.000000000000000,0.000000000000000,0.000000000000000,0.000000000000000,0.000000000000000,0.000000000000000
1,2,28,5.257372654155500,17.314720073186000,30.091433278418500,41.409156136729000,53.445455589771700,65.434156694323400,77.493195527654200,89.721408797799900,101.693967234094000,108.000000000000000,0.000000000000000,0.000000000000000,0.000000000000000,0.000000000000000,0.000000000000000,0.000000000000000,0.000000000000000,0.000000000000000,0.000000000000000,0.000000000000000,0.000000000000000,0.000000000000000,0.000000000000000,0.000000000000000,0.000000000000000,0.000000000000000,0.000000000000000,0.000000000000000,0.000000000000000,0.000000000000000,0.000000000000000,0.000000000000000,0.000000000000000,0.000000000000000,0.000000000000000,0.000000000000000,0.000000000000000,0.000000000000000,0.000000000000000,0.000000000000000,0.000000000000000,0.000000000000000,0.000000000000000,0.000000000000000,0.000000000000000,0.000000000000000,0.000000000000000,0.000000000000000,0.000000000000000,0.000000000000000
1,2,29,5.332528765921340,17.567605633802800,30.020275474188800,41.625360333388400,53.562346776422500,65.439520025888600,77.535189560765500,89.424257230177200,101.749643433431000,113.755981106124000,120.000000000000000,0.000000000000000,0.000000000000000,0.000000000000000,0.000000000000000,0.000000000000000,0.000000000000000,0.000000000000000,0.000000000000000,0.000000000000000,0.000000000000000,0.000000000000000,0.000000000000000,0.000000000000000,0.000000000000000,0.000000000000000,0.000000000000000,0.000000000000000,0.000000000000000,0.000000000000000,0.000000000000000,0.000000000000000,0.000000000000000,0.000000000000000,0.000000000000000,0.000000000000000,0.000000000000000,0.000000000000000,0.000000000000000,0.000000000000000,0.000000000000000,0.000000000000000,0.000000000000000,0.000000000000000,0.000000000000000,0.000000000000000,0.000000000000000,0.000000000000000,0.000000000000000,0.000000000000000
1,2,30,5.335174953959490,17.570671378091900,30.078527607362000,41.353857181151100,53.315109906173700,65.569590739118400,77.483634477269000,89.586683810618700,101.526931854850000,113.677110675322000,125.721738839910000,132.000000000000000,0.000000000000000,0.000000000000000,0.000000000000000,0.000000000000000,0.000000000000000,0.000000000000000,0.000000000000000,0.000000000000000,0.000000000000000,0.000000000000000,0.000000000000000,0.000000000000000,0.000000000000000,0.000000000000000,0.000000000000000,0.000000000000000,0.000000000000000,0.000000000000000,0.000000000000000,0.000000000000000,0.000000000000000,0.000000000000000,0.000000000000000,0.000000000000000,0.000000000000000,0.000000000000000,0.000000000000000,0.000000000000000,0.000000000000000,0.000000000000000,0.000000000000000,0.000000000000000,0.000000000000000,0.000000000000000,0.000000000000000,0.000000000000000,0.000000000000000,0.000000000000000
1,2,31,5.415821501014200,17.237110231990000,30.109726080983800,41.545829042224500,53.474715585071000,65.407956986375800,77.411050165986200,89.565919520321700,101.526486965173000,113.527091406155000,125.768199687356000,137.714138562731000,144.000000000000000,0.000000000000000,0.000000000000000,0.000000000000000,0.000000000000000,0.000000000000000,0.000000000000000,0.000000000000000,0.000000000000000,0.000000000000000,0.000000000000000,0.000000000000000,0.000000000000000,0.000000000000000,0.000000000000000,0.000000000000000,0.000000000000000,0.000000000000000,0.000000000000000,0.000000000000000,0.000000000000000,0.000000000000000,0.000000000000000,0.000000000000000,0.000000000000000,0.000000000000000,0.000000000000000,0.000000000000000,0.000000000000000,0.000000000000000,0.000000000000000,0.000000000000000,0.000000000000000,0.000000000000000,0.000000000000000,0.000000000000000,0.000000000000000,0.000000000000000
1,2,32,5.504761904761900,17.621468926553700,29.945861513673200,41.362352185584100,53.557337884688400,65.436187550802100,77.623671774007800,89.567775099852800,101.474913764503000,113.360487980456000,125.696652199640000,137.800759167313000,149.687737923696000,156.000000000000000,0.000000000000000,0.000000000000000,0.000000000000000,0.000000000000000,0.000000000000000,0.000000000000000,0.000000000000000,0.000000000000000,0.000000000000000,0.000000000000000,0.000000000000000,0.000000000000000,0.000000000000000,0.000000000000000,0.000000000000000,0.000000000000000,0.000000000000000,0.000000000000000,0.000000000000000,0.000000000000000,0.000000000000000,0.000000000000000,0.000000000000000,0.000000000000000,0.000000000000000,0.000000000000000,0.000000000000000,0.000000000000000,0.000000000000000,0.000000000000000,0.000000000000000,0.000000000000000,0.000000000000000,0.000000000000000,0.000000000000000,0.000000000000000
1,2,33,5.323275862068970,17.281995661605200,29.860940458579300,41.516456577453900,53.691966709551500,65.476065079015400,77.575977117865800,89.651812585862800,101.594232759442000,113.615580552681000,125.632995293155000,137.420577376463000,149.785310129071000,161.777437233225000,168.000000000000000,0.000000000000000,0.000000000000000,0.000000000000000,0.000000000000000,0.000000000000000,0.000000000000000,0.000000000000000,0.000000000000000,0.000000000000000,0.000000000000000,0.000000000000000,0.000000000000000,0.000000000000000,0.000000000000000,0.000000000000000,0.000000000000000,0.000000000000000,0.000000000000000,0.000000000000000,0.000000000000000,0.000000000000000,0.000000000000000,0.000000000000000,0.000000000000000,0.000000000000000,0.000000000000000,0.000000000000000,0.000000000000000,0.000000000000000,0.000000000000000,0.000000000000000,0.000000000000000,0.000000000000000,0.000000000000000,0.000000000000000
1,2,34,5.778048780487810,17.410624853724000,29.705607476635500,41.425373726293200,53.696662066389600,65.342667900115800,77.466836825607300,89.536014757727700,102.028527356522000,113.447527249115000,125.533393213924000,137.629815391470000,149.618718171663000,161.728300016888000,173.741142632207000,180.000000000000000,0.000000000000000,0.000000000000000,0.000000000000000,0.000000000000000,0.000000000000000,0.000000000000000,0.000000000000000,0.000000000000000,0.000000000000000,0.000000000000000,0.000000000000000,0.000000000000000,0.000000000000000,0.000000000000000,0.000000000000000,0.000000000000000,0.000000000000000,0.000000000000000,0.000000000000000,0.000000000000000,0.000000000000000,0.000000000000000,0.000000000000000,0.000000000000000,0.000000000000000,0.000000000000000,0.000000000000000,0.000000000000000,0.000000000000000,0.000000000000000,0.000000000000000,0.000000000000000,0.000000000000000,0.000000000000000
1,2,35,5.490028490028490,17.648148148148100,29.647084278192500,41.370013755158200,53.646536486515300,65.463509796376700,77.365979557236600,89.622509427720500,101.915789131613000,113.429726610684000,125.415453330829000,137.393057660035000,149.514189621622000,161.531137096289000,173.693819722256000,185.725508036973000,192.000000000000000,0.000000000000000,0.000000000000000,0.000000000000000,0.000000000000000,0.000000000000000,0.000000000000000,0.000000000000000,0.000000000000000,0.000000000000000,0.000000000000000,0.000000000000000,0.000000000000000,0.000000000000000,0.000000000000000,0.000000000000000,0.000000000000000,0.000000000000000,0.000000000000000,0.000000000000000,0.000000000000000,0.000000000000000,0.000000000000000,0.000000000000000,0.000000000000000,0.000000000000000,0.000000000000000,0.000000000000000,0.000000000000000,0.000000000000000,0.000000000000000,0.000000000000000,0.000000000000000,0.000000000000000
1,2,36,5.550151975683890,17.167088607594900,29.930039587449800,41.487410700512200,53.566623544631300,65.328756398945400,77.642531032168800,89.530300688058100,101.908498849672000,113.767941775876000,125.490217582822000,137.574438590987000,149.627119796502000,161.526548179201000,173.523371013151000,185.767388150530000,197.685213535752000,204.000000000000000,0.000000000000000,0.000000000000000,0.000000000000000,0.000000000000000,0.000000000000000,0.000000000000000,0.000000000000000,0.000000000000000,0.000000000000000,0.000000000000000,0.000000000000000,0.000000000000000,0.000000000000000,0.000000000000000,0.000000000000000,0.000000000000000,0.000000000000000,0.000000000000000,0.000000000000000,0.000000000000000,0.000000000000000,0.000000000000000,0.000000000000000,0.000000000000000,0.000000000000000,0.000000000000000,0.000000000000000,0.000000000000000,0.000000000000000,0.000000000000000,0.000000000000000,0.000000000000000
1,2,37,5.772388059701490,17.473529411764700,30.088440714053400,41.547548425883000,53.545420873100200,65.448373760470900,77.504925918926000,89.284331063813900,101.788247794751000,113.653629249000000,125.662198544840000,137.638900106529000,149.557555331102000,161.449230660510000,173.451198808723000,185.569337298708000,197.735129716098000,209.747124667058000,216.000000000000000,0.000000000000000,0.000000000000000,0.000000000000000,0.000000000000000,0.000000000000000,0.000000000000000,0.000000000000000,0.000000000000000,0.000000000000000,0.000000000000000,0.000000000000000,0.000000000000000,0.000000000000000,0.000000000000000,0.000000000000000,0.000000000000000,0.000000000000000,0.000000000000000,0.000000000000000,0.000000000000000,0.000000000000000,0.000000000000000,0.000000000000000,0.000000000000000,0.000000000000000,0.000000000000000,0.000000000000000,0.000000000000000,0.000000000000000,0.000000000000000,0.000000000000000
1,2,38,5.579646017699120,17.341692789968700,29.665060240963900,41.542860962783300,53.797872340425500,65.541375478596100,77.599332475174600,89.689894225964800,101.768975446258000,113.534689962921000,125.620129985742000,137.600617116762000,149.396416668611000,161.460733437064000,173.405738599210000,185.678646599745000,197.659852254844000,209.881811784612000,221.741247612513000,228.000000000000000,0.000000000000000,0.000000000000000,0.000000000000000,0.000000000000000,0.000000000000000,0.000000000000000,0.000000000000000,0.000000000000000,0.000000000000000,0.000000000000000,0.000000000000000,0.000000000000000,0.000000000000000,0.000000000000000,0.000000000000000,0.000000000000000,0.000000000000000,0.000000000000000,0.000000000000000,0.000000000000000,0.000000000000000,0.000000000000000,0.000000000000000,0.000000000000000,0.000000000000000,0.000000000000000,0.000000000000000,0.000000000000000,0.000000000000000,0.000000000000000
1,2,39,5.368187506526990,17.065693430656900,29.840353727376100,41.563436632079600,53.780645161290300,65.305104566644200,77.449389927154200,89.430892080721100,101.513406589722000,113.649235621393000,125.446645386139000,137.518639644742000,149.649316896344000,161.619183343699000,173.566103721050000,185.558506064420000,197.629538185568000,209.521422880200000,221.826910136935000,233.727018011875000,240.000000000000000,0.000000000000000,0.000000000000000,0.000000000000000,0.000000000000000,0.000000000000000,0.000000000000000,0.000000000000000,0.000000000000000,0.000000000000000,0.000000000000000,0.000000000000000,0.000000000000000,0.000000000000000,0.000000000000000,0.000000000000000,0.000000000000000,0.000000000000000,0.000000000000000,0.000000000000000,0.000000000000000,0.000000000000000,0.000000000000000,0.000000000000000,0.000000000000000,0.000000000000000,0.000000000000000,0.000000000000000,0.000000000000000,0.000000000000000
1,2,40,5.863061908881790,16.888475836431200,29.616261996750600,41.467789597642300,53.466601766699600,65.613172364207400,77.671770751060100,89.334920574760700,101.764637671532000,113.727730863921000,125.548368276676000,137.743487528093000,149.644679486364000,161.405990950363000,173.485737926461000,185.606008006796000,197.457913778916000,209.623947683125000,221.569313921738000,233.899388237941000,245.728517471683000,252.000000000000000,0.000000000000000,0.000000000000000,0.000000000000000,0.000000000000000,0.000000000000000,0.000000000000000,0.000000000000000,0.000000000000000,0.000000000000000,0.000000000000000,0.000000000000000,0.000000000000000,0.000000000000000,0.000000000000000,0.000000000000000,0.000000000000000,0.000000000000000,0.000000000000000,0.000000000000000,0.000000000000000,0.000000000000000,0.000000000000000,0.000000000000000,0.000000000000000,0.000000000000000,0.000000000000000,0.000000000000000,0.000000000000000
1,2,41,5.392265193370170,17.852508924616300,29.579723560315500,41.254118673921000,53.533757984854400,65.538938630449000,77.636852479000600,89.577450915384400,101.523987055538000,113.875519799118000,125.768906086852000,137.690342818635000,149.628802040733000,161.321988604817000,173.594500257199000,185.738953689864000,197.413317103481000,209.442921969227000,221.557481740384000,233.602537543819000,245.895061204389000,257.739697830763000,264.000000000000000,0.000000000000000,0.000000000000000,0.000000000000000,0.000000000000000,0.000000000000000,0.000000000000000,0.000000000000000,0.000000000000000,0.000000000000000,0.000000000000000,0.000000000000000,0.000000000000000,0.000000000000000,0.000000000000000,0.000000000000000,0.000000000000000,0.000000000000000,0.000000000000000,0.000000000000000,0.000000000000000,0.000000000000000,0.000000000000000,0.000000000000000,0.000000000000000,0.000000000000000,0.000000000000000,0.000000000000000
1,2,42,6.004761904761900,17.078358208955200,29.369627507163300,41.556561085972900,53.602868530447200,65.503816793893100,77.658048946859800,89.248001935722400,101.660810810811000,113.842739657565000,125.753480120639000,137.466923350809000,149.399148949313000,161.512765852811000,173.521757590546000,185.604264559716000,197.422136703527000,209.691522790511000,221.664681499331000,233.633492706125000,245.666555191028000,257.786091243626000,269.727584381962000,276.000000000000000,0.000000000000000,0.000000000000000,0.000000000000000,0.000000000000000,0.000000000000000,0.000000000000000,0.000000000000000,0.000000000000000,0.000000000000000,0.000000000000000,0.000000000000000,0.000000000000000,0.000000000000000,0.000000000000000,0.000000000000000,0.000000000000000,0.000000000000000,0.000000000000000,0.000000000000000,0.000000000000000,0.000000000000000,0.000000000000000,0.000000000000000,0.000000000000000,0.000000000000000,0.000000000000000
1,2,43,5.968036529680370,17.958333333333300,30.000000000000000,41.583800874894400,53.590353849269200,65.542455229440600,77.787353270758600,89.606842508953800,101.985747546150000,113.485129964889000,125.391001029960000,137.782268849450000,149.482366325370000,161.535038778530000,173.588930959179000,185.551945103097000,197.507884826951000,209.448626862303000,221.623861443337000,233.622171309390000,245.563664155762000,257.805800867055000,269.848497854077000,281.770770550802000,288.000000000000000,0.000000000000000,0.000000000000000,0.000000000000000,0.000000000000000,0.000000000000000,0.000000000000000,0.000000000000000,0.000000000000000,0.000000000000000,0.000000000000000,0.000000000000000,0.000000000000000,0.000000000000000,0.000000000000000,0.000000000000000,0.000000000000000,0.000000000000000,0.000000000000000,0.000000000000000,0.000000000000000,0.000000000000000,0.000000000000000,0.000000000000000,0.000000000000000,0.000000000000000
1,2,44,6.265000000000000,17.662162162162200,29.526543888127900,41.653692813151100,53.519075134987700,65.455111746351700,77.447446584254800,89.617522000648000,102.284331817890000,113.615343940519000,125.457894896385000,137.541109841451000,149.764731877607000,161.587172121678000,173.546736961998000,185.469953741034000,197.525665161380000,209.381894103938000,221.662597340290000,233.607871553369000,245.485498941619000,257.633929360669000,269.686260106796000,281.624884458949000,293.716576982704000,300.000000000000000,0.000000000000000,0.000000000000000,0.000000000000000,0.000000000000000,0.000000000000000,0.000000000000000,0.000000000000000,0.000000000000000,0.000000000000000,0.000000000000000,0.000000000000000,0.000000000000000,0.000000000000000,0.000000000000000,0.000000000000000,0.000000000000000,0.000000000000000,0.000000000000000,0.000000000000000,0.000000000000000,0.000000000000000,0.000000000000000,0.000000000000000,0.000000000000000
1,2,45,5.732503737300270,17.588235294117600,29.609044388436500,41.570630718865400,53.570489293227800,65.671504091948200,77.346343823501600,89.519379725662600,102.523884186741000,113.504966981771000,125.665353330375000,137.470419399153000,149.548291975311000,161.275591605979000,173.457482251793000,185.558676418253000,197.469190138052000,209.556431699381000,221.531765638739000,233.429522663728000,245.604160944402000,257.467495694212000,269.588918648247000,281.716507713396000,293.798450689976000,305.737905971089000,312.000000000000000,0.000000000000000,0.000000000000000,0.000000000000000,0.000000000000000,0.000000000000000,0.000000000000000,0.000000000000000,0.000000000000000,0.000000000000000,0.000000000000000,0.000000000000000,0.000000000000000,0.000000000000000,0.000000000000000,0.000000000000000,0.000000000000000,0.000000000000000,0.000000000000000,0.000000000000000,0.000000000000000,0.000000000000000,0.000000000000000,0.000000000000000
1,2,46,5.976973684210530,16.987696312702500,29.775113508346800,41.508583690987100,53.293277358128800,65.458550599596600,77.338669786536300,89.557646212453700,101.996146411213000,113.823874849224000,125.595653221883000,137.571102357582000,149.344664148719000,161.733835928762000,173.440556886686000,185.330807207531000,197.457846651825000,209.446574913793000,221.469952435288000,233.699277698239000,245.357299515008000,257.361759873387000,269.331547017138000,281.604778985124000,293.370079817560000,305.554586868468000,317.692826143631000,324.000000000000000,0.000000000000000,0.000000000000000,0.000000000000000,0.000000000000000,0.000000000000000,0.000000000000000,0.000000000000000,0.000000000000000,0.000000000000000,0.000000000000000,0.000000000000000,0.000000000000000,0.000000000000000,0.000000000000000,0.000000000000000,0.000000000000000,0.000000000000000,0.000000000000000,0.000000000000000,0.000000000000000,0.000000000000000,0.000000000000000
1,2,47,5.554929577464790,17.167832167832200,29.312847110082100,41.497383181608300,53.486311847767100,65.489074592299300,77.409054196322000,89.383779478328700,102.141402612158000,113.534293005479000,125.517268667568000,137.582723472193000,149.653139442028000,161.452983264210000,173.424927907257000,185.628348988908000,197.479238666998000,209.427929841455000,221.465663014888000,233.499079382093000,245.421315411215000,257.496966157015000,269.531024539730000,281.669185212861000,293.587098684316000,305.408388720348000,317.762537213433000,329.765638330434000,336.000000000000000,0.000000000000000,0.000000000000000,0.000000000000000,0.000000000000000,0.000000000000000,0.000000000000000,0.000000000000000,0.000000000000000,0.000000000000000,0.000000000000000,0.000000000000000,0.000000000000000,0.000000000000000,0.000000000000000,0.000000000000000,0.000000000000000,0.000000000000000,0.000000000000000,0.000000000000000,0.000000000000000,0.000000000000000
1,2,48,5.954430379746840,17.123170779690800,29.915686274509800,40.948719709337500,53.458650678201600,65.524956194507000,77.317565268255300,89.309509813598700,101.757105657212000,113.904605355508000,125.716446126826000,137.444647884934000,149.415341801768000,161.541759552596000,173.675652138301000,185.515953337145000,197.446519440669000,209.559436392886000,221.290602013311000,233.512813693600000,245.429565987787000,257.468375705041000,269.515856429253000,281.433011826843000,293.454491976782000,305.369461817196000,317.524392977289000,329.543749214560000,341.702999665000000,348.000000000000000,0.000000000000000,0.000000000000000,0.000000000000000,0.000000000000000,0.000000000000000,0.000000000000000,0.000000000000000,0.000000000000000,0.000000000000000,0.000000000000000,0.000000000000000,0.000000000000000,0.000000000000000,0.000000000000000,0.000000000000000,0.000000000000000,0.000000000000000,0.000000000000000,0.000000000000000,0.000000000000000
1,2,49,6.096784688142110,17.413592214329400,29.626637554585200,41.479082195378500,53.435455803306700,65.586402125007800,77.332709824974100,89.234159611232500,101.555352751837000,113.712091151350000,125.529133722460000,137.314374575367000,149.730913726064000,161.550726432871000,173.354403994387000,185.254819988493000,197.575704959703000,209.200164416083000,221.655770310060000,233.500254286299000,245.500326558929000,257.509960708930000,269.553573309141000,281.593008380865000,293.355350096980000,305.467869955387000,317.439579696255000,329.500505561173000,341.486829248398000,353.660080273754000,360.000000000000000,0.000000000000000,0.000000000000000,0.000000000000000,0.000000000000000,0.000000000000000,0.000000000000000,0.000000000000000,0.000000000000000,0.000000000000000,0.000000000000000,0.000000000000000,0.000000000000000,0.000000000000000,0.000000000000000,0.000000000000000,0.000000000000000,0.000000000000000,0.000000000000000,0.000000000000000
1,2,50,6.009385307590600,17.785562632696400,29.465160075329600,41.543205101760900,53.523053290116800,65.482768092762200,77.232467736479700,89.486479545229400,101.562404615322000,113.510262905480000,125.708164361371000,137.265348121674000,149.575777462110000,161.351367834322000,173.563825442754000,185.655167922690000,197.357417328376000,209.435801405586000,221.412589186906000,233.356611616102000,245.483879127623000,257.346109695396000,269.247804942335000,281.505532327587000,293.472354139756000,305.230791486004000,317.532990244014000,329.425632354867000,341.476895071495000,353.602356969014000,365.643197222957000,372.000000000000000,0.000000000000000,0.000000000000000,0.000000000000000,0.000000000000000,0.000000000000000,0.000000000000000,0.000000000000000,0.000000000000000,0.000000000000000,0.000000000000000,0.000000000000000,0.000000000000000,0.000000000000000,0.000000000000000,0.000000000000000,0.000000000000000,0.000000000000000,0.000000000000000
1,2,51,5.748329621380850,17.180987202925000,29.131578947368400,41.208411727668500,53.275042444821700,65.619801325386800,77.386827635792600,89.504487864993100,101.734873715495000,113.365780157322000,125.461502563069000,137.502466233240000,149.384485489545000,161.470774702889000,173.244089523526000,185.268619314286000,197.438474094090000,209.397919711299000,221.280103125712000,233.287325725221000,245.392617123663000,257.482011302403000,269.364878035560000,281.382245431982000,293.434404147915000,305.300071620374000,317.436599875570000,329.180080359999000,341.513247073321000,353.515165013774000,365.432645786015000,376.803949307578000,384.000000000000000,0.000000000000000,0.000000000000000,0.000000000000000,0.000000000000000,0.000000000000000,0.000000000000000,0.000000000000000,0.000000000000000,0.000000000000000,0.000000000000000,0.000000000000000,0.000000000000000,0.000000000000000,0.000000000000000,0.000000000000000,0.000000000000000,0.000000000000000
1,2,52,6.151739301409950,16.981279251170000,28.942148760330600,41.509847041705000,53.457286432160800,65.445595854922300,77.193649438689800,89.421154466371300,101.509126280385000,113.614120911629000,125.436479015415000,137.336921360534000,149.558637675474000,161.476706216245000,173.513453865875000,185.307714952309000,197.246533726281000,209.448337084481000,221.287263607743000,233.312215457382000,245.399686767917000,257.404840902154000,269.363418327031000,281.565333005941000,293.369889703101000,305.172476454371000,317.397043454875000,329.418447379538000,341.251536879014000,353.355331168697000,365.400144381927000,375.166230041774000,389.493864703240000,396.000000000000000,0.000000000000000,0.000000000000000,0.000000000000000,0.000000000000000,0.000000000000000,0.000000000000000,0.000000000000000,0.000000000000000,0.000000000000000,0.000000000000000,0.000000000000000,0.000000000000000,0.000000000000000,0.000000000000000,0.000000000000000,0.000000000000000
1,2,53,6.062437235733550,16.677793904209000,28.926253506893700,41.452460424759100,53.278560250391200,65.089030206677300,77.582234570838000,89.438175775321500,101.555697915935000,113.492061782895000,125.305983152889000,137.268874273441000,149.607816254644000,161.355869202271000,173.252586460826000,185.228067475455000,197.456263531807000,209.267745765457000,221.426473379992000,233.257322956704000,245.338804082186000,257.156588773191000,269.298437243175000,281.498304023394000,293.579997394793000,305.395870658314000,317.276573403490000,329.317548331582000,341.317542561066000,353.411872575246000,365.293687707641000,375.213932448156000,389.238703676996000,401.538259320906000,408.000000000000000,0.000000000000000,0.000000000000000,0.000000000000000,0.000000000000000,0.000000000000000,0.000000000000000,0.000000000000000,0.000000000000000,0.000000000000000,0.000000000000000,0.000000000000000,0.000000000000000,0.000000000000000,0.000000000000000,0.000000000000000
1,2,54,5.966331564469620,16.941592995202600,29.122822394614100,41.169415292353800,52.943930409274300,65.350830119385400,77.475357759719400,89.114701130856200,102.363670952054000,113.537987293699000,125.330227928567000,137.475035216610000,149.635975245345000,161.186243881316000,173.228217449682000,185.510471402808000,197.612941242717000,209.408018867925000,221.207545206030000,233.538293824844000,245.353128552198000,257.397946241653000,269.348747100062000,281.442528735632000,293.286241920591000,305.407601474096000,317.381118286190000,329.270831696928000,341.201226573924000,353.259437864192000,365.316726218344000,375.710212907666000,388.714302736841000,401.231064312388000,413.467417219982000,420.000000000000000,0.000000000000000,0.000000000000000,0.000000000000000,0.000000000000000,0.000000000000000,0.000000000000000,0.000000000000000,0.000000000000000,0.000000000000000,0.000000000000000,0.000000000000000,0.000000000000000,0.000000000000000,0.000000000000000
1,2,55,5.644578313253010,16.600282485875700,28.793990781812800,40.878384318442900,53.040792710529000,65.107424960505500,77.180834340079600,89.078915187808200,102.063614980513000,113.478723404255000,125.453524736529000,137.326340111187000,149.443841167993000,161.418073920889000,173.419334259308000,185.445121935183000,197.379299849894000,209.365849359599000,221.286977313375000,233.372241923281000,245.163875101018000,257.234432234432000,269.451276102088000,281.200234192037000,293.191708515444000,305.369523720773000,317.426222191907000,329.242944615741000,341.386190332311000,353.470699432892000,365.192766633771000,375.867063511162000,388.860764890346000,400.458164048323000,413.245376099542000,425.040186210286000,432.000000000000000,0.000000000000000,0.000000000000000,0.000000000000000,0.000000000000000,0.000000000000000,0.000000000000000,0.000000000000000,0.000000000000000,0.000000000000000,0.000000000000000,0.000000000000000,0.000000000000000,0.000000000000000
1,2,56,5.799271103796260,16.670457823387100,29.233940562788300,40.852746653760300,53.092091058584500,65.217068645640100,77.062666734127500,89.551105490875200,102.144477933631000,113.675900427869000,125.061187277130000,137.331228754282000,149.405320813772000,161.331117893950000,173.703270237189000,185.337082685135000,197.246296505682000,209.541797057310000,221.381006811156000,233.438974829522000,245.437416386102000,257.381839348079000,269.408277404922000,281.577366510904000,293.408858913164000,305.275280411128000,317.344465954679000,329.224047746950000,341.297987554267000,353.340140690209000,365.378926038500000,376.360476038947000,388.809734418670000,400.706587320701000,412.638431337042000,425.235011990408000,437.691243101797000,444.000000000000000,0.000000000000000,0.000000000000000,0.000000000000000,0.000000000000000,0.000000000000000,0.000000000000000,0.000000000000000,0.000000000000000,0.000000000000000,0.000000000000000,0.000000000000000,0.000000000000000
1,2,57,5.892686564499890,16.376151137642500,28.825579546409400,40.993027433222600,53.251612380665700,65.130780893676700,77.132987298424400,89.239393525488400,102.116071428571000,113.748332103296000,125.516396102753000,137.643814681143000,149.477110278655000,161.277362312255000,173.357541899441000,185.296633766529000,197.509320811344000,209.468904471237000,221.303225686962000,233.552147239264000,245.429147111400000,257.323783721148000,269.456377001069000,281.443367162600000,293.092868143255000,305.327516483401000,317.196083521049000,329.198514294426000,341.446780013280000,353.284675661695000,365.424711051964000,376.660902362562000,389.169881909898000,400.778079242866000,412.730769230769000,424.520566500079000,437.116443745083000,449.358844882975000,456.000000000000000,0.000000000000000,0.000000000000000,0.000000000000000,0.000000000000000,0.000000000000000,0.000000000000000,0.000000000000000,0.000000000000000,0.000000000000000,0.000000000000000,0.000000000000000
1,2,58,5.880121755022240,16.692040382234400,28.714516118330700,40.963675720624900,53.006845100461500,65.195561784461700,77.174772036474200,89.174254317111500,101.099233826018000,113.076990996204000,125.165670679453000,137.264720389904000,149.493171471927000,161.174128451763000,173.370542635659000,185.230167439098000,197.255416590376000,209.239518210001000,221.297520661157000,233.460966135183000,245.236430374443000,257.135090603401000,269.231896136321000,281.147175031150000,293.517505828326000,305.412944882461000,317.489989343074000,329.293879347388000,341.175609756098000,353.275571306364000,365.250588235294000,376.679694861911000,389.137794746982000,400.970014466346000,412.895466733323000,424.677637947725000,436.087111111111000,449.241939929081000,461.386259272342000,468.000000000000000,0.000000000000000,0.000000000000000,0.000000000000000,0.000000000000000,0.000000000000000,0.000000000000000,0.000000000000000,0.000000000000000,0.000000000000000,0.000000000000000
1,2,59,5.900000000000000,16.118046271686900,28.686521190008100,40.890872665582300,52.659350882892200,65.028960055646200,76.952646810300300,89.212008290851300,101.202247191011000,113.317823001324000,125.338743237876000,137.402006027752000,149.498105647847000,161.368656716418000,173.433020264996000,185.100028050630000,197.450757202821000,209.449185770020000,221.143785731646000,233.400814137568000,245.401697312588000,257.258576372763000,269.332960668196000,281.434134199587000,293.414113761253000,305.299572039943000,317.103420221664000,329.206109387882000,341.302239227039000,353.521437938827000,365.006605019815000,376.994206485295000,389.046742451156000,401.001169590643000,412.777532547006000,424.615390365721000,436.531809145129000,448.180326292668000,461.156611132566000,473.304884568985000,480.000000000000000,0.000000000000000,0.000000000000000,0.000000000000000,0.000000000000000,0.000000000000000,0.000000000000000,0.000000000000000,0.000000000000000,0.000000000000000
1,2,60,5.512500000000000,15.878787878787900,29.426470588235300,40.756097560975600,53.094339622641500,64.092592592592600,77.609756097561000,89.344827586206900,102.115384615385000,112.911764705882000,125.357142857143000,138.560000000000000,149.555555555556000,161.555555555556000,173.321428571429000,185.742857142857000,197.305555555556000,208.906250000000000,222.289473684211000,232.642857142857000,245.354838709677000,257.205882352941000,268.666666666667000,280.437500000000000,294.261904761905000,306.177777777778000,317.586956521739000,328.708333333333000,341.358974358974000,352.857142857143000,365.311111111111000,376.865384615385000,389.727272727273000,400.708333333333000,412.931818181818000,424.873015873016000,436.815384615385000,449.545454545455000,459.575757575758000,474.581818181818000,484.868965517241000,492.000000000000000,0.000000000000000,0.000000000000000,0.000000000000000,0.000000000000000,0.000000000000000,0.000000000000000,0.000000000000000,0.000000000000000
1,2,61,6.236842105263160,15.578947368421100,27.976470588235300,40.120689655172400,53.048780487804900,65.926829268292700,76.500000000000000,88.500000000000000,101.538461538462000,113.378378378378000,126.038461538462000,136.314285714286000,150.000000000000000,161.156250000000000,174.324324324324000,185.083333333333000,197.970588235294000,210.071428571429000,222.500000000000000,234.558823529412000,246.270270270270000,256.344827586207000,270.117647058824000,281.666666666667000,293.697674418605000,305.437500000000000,317.432432432432000,329.117647058823000,341.500000000000000,353.454545454545000,365.755102040816000,376.462962962963000,388.423076923077000,401.816326530612000,413.603773584906000,424.232142857143000,437.121212121212000,449.602409638554000,461.028985507246000,472.136363636364000,485.160919540230000,496.599236641221000,504.000000000000000,0.000000000000000,0.000000000000000,0.000000000000000,0.000000000000000,0.000000000000000,0.000000000000000,0.000000000000000
1,2,62,6.295652173913040,17.246666666666700,28.254901960784300,40.940298507462700,52.910714285714300,65.565217391304300,76.936170212766000,89.151515151515200,100.216216216216000,112.735294117647000,124.111111111111000,136.764705882353000,149.404761904762000,160.181818181818000,173.160000000000000,183.962962962963000,197.304347826087000,209.264705882353000,220.553191489362000,233.914285714286000,245.137931034483000,257.205128205128000,270.370370370370000,281.653846153846000,293.560000000000000,304.696969696970000,316.568181818182000,329.057142857143000,341.522727272727000,353.777777777778000,364.657142857143000,377.555555555556000,389.611111111111000,400.904761904762000,413.636363636364000,424.867647058824000,437.125000000000000,448.265625000000000,459.593750000000000,472.742424242424000,484.659340659341000,497.095238095238000,509.137931034483000,516.000000000000000,0.000000000000000,0.000000000000000,0.000000000000000,0.000000000000000,0.000000000000000,0.000000000000000
1,2,63,5.930379746835440,16.380281690140800,29.068965517241400,39.979865771812100,53.000000000000000,65.471698113207500,76.243902439024400,89.416666666666700,100.000000000000000,111.625000000000000,124.909090909091000,137.111111111111000,149.111111111111000,161.714285714286000,174.093750000000000,185.176470588235000,197.944444444444000,209.518518518519000,221.892857142857000,232.606060606061000,247.294117647059000,258.190476190476000,270.066666666667000,280.678571428571000,292.454545454545000,305.064516129032000,317.404255319149000,329.725000000000000,341.512195121951000,353.162162162162000,364.945945945946000,377.285714285714000,388.581395348837000,401.673469387755000,413.170731707317000,425.444444444444000,436.534482758621000,448.034482758621000,461.266666666667000,472.922077922078000,484.650000000000000,496.305882352941000,510.426666666667000,520.704402515723000,528.000000000000000,0.000000000000000,0.000000000000000,0.000000000000000,0.000000000000000,0.000000000000000
1,2,64,7.102564102564100,17.046666666666700,28.867346938775500,39.862068965517200,52.645569620253200,65.405405405405400,76.714285714285700,89.350000000000000,101.250000000000000,113.411764705882000,125.866666666667000,137.387096774194000,147.562500000000000,159.448275862069000,174.360000000000000,184.600000000000000,197.625000000000000,209.769230769231000,221.290322580645000,233.888888888889000,245.358974358974000,258.034482758621000,270.526315789474000,281.740740740741000,292.878787878788000,305.500000000000000,317.166666666667000,329.307692307692000,340.750000000000000,352.470588235294000,364.870967741935000,378.151515151515000,389.138888888889000,401.629629629630000,413.854545454545000,425.666666666667000,437.461538461538000,449.688888888889000,461.625000000000000,473.596153846154000,485.176470588235000,497.339285714286000,509.611111111111000,522.222222222222000,532.881987577640000,540.000000000000000,0.000000000000000,0.000000000000000,0.000000000000000,0.000000000000000
1,2,65,5.333333333333330,18.000000000000000,30.500000000000000,46.000000000000000,0.000000000000000,0.000000000000000,80.000000000000000,0.000000000000000,105.000000000000000,114.000000000000000,121.000000000000000,0.000000000000000,0.000000000000000,0.000000000000000,0.000000000000000,189.500000000000000,0.000000000000000,0.000000000000000,218.000000000000000,0.000000000000000,245.000000000000000,0.000000000000000,0.000000000000000,0.000000000000000,0.000000000000000,0.000000000000000,0.000000000000000,0.000000000000000,0.000000000000000,357.000000000000000,0.000000000000000,378.000000000000000,392.000000000000000,0.000000000000000,414.500000000000000,424.000000000000000,439.000000000000000,449.400000000000000,460.333333333333000,471.500000000000000,485.200000000000000,494.500000000000000,508.666666666667000,524.500000000000000,532.000000000000000,545.500000000000000,0.000000000000000,0.000000000000000,0.000000000000000,0.000000000000000
1,2,66,6.600000000000000,17.666666666666700,28.857142857142900,0.000000000000000,0.000000000000000,0.000000000000000,0.000000000000000,88.500000000000000,0.000000000000000,0.000000000000000,0.000000000000000,0.000000000000000,0.000000000000000,0.000000000000000,0.000000000000000,0.000000000000000,200.000000000000000,0.000000000000000,0.000000000000000,0.000000000000000,0.000000000000000,0.000000000000000,0.000000000000000,0.000000000000000,295.000000000000000,0.000000000000000,0.000000000000000,325.000000000000000,0.000000000000000,357.000000000000000,0.000000000000000,0.000000000000000,393.000000000000000,407.000000000000000,416.000000000000000,425.500000000000000,434.000000000000000,448.000000000000000,0.000000000000000,471.000000000000000,486.000000000000000,495.000000000000000,505.000000000000000,0.000000000000000,534.200000000000000,542.000000000000000,0.000000000000000,0.000000000000000,0.000000000000000,0.000000000000000
1,2,67,8.000000000000000,17.333333333333300,24.000000000000000,39.500000000000000,0.000000000000000,0.000000000000000,0.000000000000000,0.000000000000000,105.000000000000000,0.000000000000000,0.000000000000000,0.000000000000000,0.000000000000000,0.000000000000000,0.000000000000000,0.000000000000000,0.000000000000000,0.000000000000000,0.000000000000000,0.000000000000000,0.000000000000000,0.000000000000000,0.000000000000000,0.000000000000000,0.000000000000000,0.000000000000000,0.000000000000000,0.000000000000000,347.000000000000000,0.000000000000000,0.000000000000000,0.000000000000000,0.000000000000000,396.000000000000000,413.333333333333000,424.000000000000000,440.000000000000000,446.500000000000000,466.333333333333000,468.000000000000000,0.000000000000000,499.600000000000000,508.000000000000000,520.333333333333000,534.000000000000000,543.000000000000000,554.000000000000000,0.000000000000000,0.000000000000000,0.000000000000000
1,2,68,10.000000000000000,14.333333333333300,0.000000000000000,43.000000000000000,48.500000000000000,0.000000000000000,0.000000000000000,0.000000000000000,0.000000000000000,0.000000000000000,0.000000000000000,0.000000000000000,0.000000000000000,0.000000000000000,0.000000000000000,0.000000000000000,0.000000000000000,0.000000000000000,0.000000000000000,0.000000000000000,0.000000000000000,0.000000000000000,0.000000000000000,0.000000000000000,0.000000000000000,0.000000000000000,0.000000000000000,0.000000000000000,0.000000000000000,0.000000000000000,0.000000000000000,0.000000000000000,394.500000000000000,404.000000000000000,0.000000000000000,430.000000000000000,436.000000000000000,0.000000000000000,465.000000000000000,471.666666666667000,488.000000000000000,498.000000000000000,508.500000000000000,521.250000000000000,536.000000000000000,543.000000000000000,0.000000000000000,0.000000000000000,0.000000000000000,0.000000000000000
1,2,69,1.000000000000000,0.000000000000000,29.000000000000000,43.000000000000000,50.000000000000000,0.000000000000000,79.500000000000000,0.000000000000000,0.000000000000000,0.000000000000000,0.000000000000000,0.000000000000000,0.000000000000000,0.000000000000000,0.000000000000000,0.000000000000000,0.000000000000000,0.000000000000000,0.000000000000000,0.000000000000000,0.000000000000000,0.000000000000000,0.000000000000000,0.000000000000000,0.000000000000000,0.000000000000000,0.000000000000000,0.000000000000000,0.000000000000000,0.000000000000000,0.000000000000000,0.000000000000000,0.000000000000000,0.000000000000000,0.000000000000000,0.000000000000000,439.000000000000000,451.000000000000000,460.000000000000000,0.000000000000000,486.000000000000000,492.000000000000000,0.000000000000000,0.000000000000000,0.000000000000000,544.000000000000000,0.000000000000000,0.000000000000000,0.000000000000000,0.000000000000000
1,3,20,2.190003808391950,4.171561650925090,0.000000000000000,0.000000000000000,0.000000000000000,0.000000000000000,0.000000000000000,0.000000000000000,0.000000000000000,0.000000000000000,0.000000000000000,0.000000000000000,0.000000000000000,0.000000000000000,0.000000000000000,0.000000000000000,0.000000000000000,0.000000000000000,0.000000000000000,0.000000000000000,0.000000000000000,0.000000000000000,0.000000000000000,0.000000000000000,0.000000000000000,0.000000000000000,0.000000000000000,0.000000000000000,0.000000000000000,0.000000000000000,0.000000000000000,0.000000000000000,0.000000000000000,0.000000000000000,0.000000000000000,0.000000000000000,0.000000000000000,0.000000000000000,0.000000000000000,0.000000000000000,0.000000000000000,0.000000000000000,0.000000000000000,0.000000000000000,0.000000000000000,0.000000000000000,0.000000000000000,0.000000000000000,0.000000000000000,0.000000000000000
1,3,21,2.125701459034790,6.188335428575590,7.628870539544000,0.000000000000000,0.000000000000000,0.000000000000000,0.000000000000000,0.000000000000000,0.000000000000000,0.000000000000000,0.000000000000000,0.000000000000000,0.000000000000000,0.000000000000000,0.000000000000000,0.000000000000000,0.000000000000000,0.000000000000000,0.000000000000000,0.000000000000000,0.000000000000000,0.000000000000000,0.000000000000000,0.000000000000000,0.000000000000000,0.000000000000000,0.000000000000000,0.000000000000000,0.000000000000000,0.000000000000000,0.000000000000000,0.000000000000000,0.000000000000000,0.000000000000000,0.000000000000000,0.000000000000000,0.000000000000000,0.000000000000000,0.000000000000000,0.000000000000000,0.000000000000000,0.000000000000000,0.000000000000000,0.000000000000000,0.000000000000000,0.000000000000000,0.000000000000000,0.000000000000000,0.000000000000000,0.000000000000000
1,3,22,2.238848920863310,5.714478114478110,9.041986500570530,10.316153846153800,0.000000000000000,0.000000000000000,0.000000000000000,0.000000000000000,0.000000000000000,0.000000000000000,0.000000000000000,0.000000000000000,0.000000000000000,0.000000000000000,0.000000000000000,0.000000000000000,0.000000000000000,0.000000000000000,0.000000000000000,0.000000000000000,0.000000000000000,0.000000000000000,0.000000000000000,0.000000000000000,0.000000000000000,0.000000000000000,0.000000000000000,0.000000000000000,0.000000000000000,0.000000000000000,0.000000000000000,0.000000000000000,0.000000000000000,0.000000000000000,0.000000000000000,0.000000000000000,0.000000000000000,0.000000000000000,0.000000000000000,0.000000000000000,0.000000000000000,0.000000000000000,0.000000000000000,0.000000000000000,0.000000000000000,0.000000000000000,0.000000000000000,0.000000000000000,0.000000000000000,0.000000000000000
1,3,23,2.212370005473450,5.761643835616440,8.466013629852560,12.804659307156000,14.957566572272900,0.000000000000000,0.000000000000000,0.000000000000000,0.000000000000000,0.000000000000000,0.000000000000000,0.000000000000000,0.000000000000000,0.000000000000000,0.000000000000000,0.000000000000000,0.000000000000000,0.000000000000000,0.000000000000000,0.000000000000000,0.000000000000000,0.000000000000000,0.000000000000000,0.000000000000000,0.000000000000000,0.000000000000000,0.000000000000000,0.000000000000000,0.000000000000000,0.000000000000000,0.000000000000000,0.000000000000000,0.000000000000000,0.000000000000000,0.000000000000000,0.000000000000000,0.000000000000000,0.000000000000000,0.000000000000000,0.000000000000000,0.000000000000000,0.000000000000000,0.000000000000000,0.000000000000000,0.000000000000000,0.000000000000000,0.000000000000000,0.000000000000000,0.000000000000000,0.000000000000000
1,3,24,2.008321775312070,5.669383596535910,8.648434590894840,11.778593477275000,17.043843996839000,18.447551999951800,0.000000000000000,0.000000000000000,0.000000000000000,0.000000000000000,0.000000000000000,0.000000000000000,0.000000000000000,0.000000000000000,0.000000000000000,0.000000000000000,0.000000000000000,0.000000000000000,0.000000000000000,0.000000000000000,0.000000000000000,0.000000000000000,0.000000000000000,0.000000000000000,0.000000000000000,0.000000000000000,0.000000000000000,0.000000000000000,0.000000000000000,0.000000000000000,0.000000000000000,0.000000000000000,0.000000000000000,0.000000000000000,0.000000000000000,0.000000000000000,0.000000000000000,0.000000000000000,0.000000000000000,0.000000000000000,0.000000000000000,0.000000000000000,0.000000000000000,0.000000000000000,0.000000000000000,0.000000000000000,0.000000000000000,0.000000000000000,0.000000000000000,0.000000000000000
1,3,25,1.935000000000000,5.757649938800490,8.307568438003220,11.723321143917600,14.764967992680200,20.125374680554900,21.801647220315700,0.000000000000000,0.000000000000000,0.000000000000000,0.000000000000000,0.000000000000000,0.000000000000000,0.000000000000000,0.000000000000000,0.000000000000000,0.000000000000000,0.000000000000000,0.000000000000000,0.000000000000000,0.000000000000000,0.000000000000000,0.000000000000000,0.000000000000000,0.000000000000000,0.000000000000000,0.000000000000000,0.000000000000000,0.000000000000000,0.000000000000000,0.000000000000000,0.000000000000000,0.000000000000000,0.000000000000000,0.000000000000000,0.000000000000000,0.000000000000000,0.000000000000000,0.000000000000000,0.000000000000000,0.000000000000000,0.000000000000000,0.000000000000000,0.000000000000000,0.000000000000000,0.000000000000000,0.000000000000000,0.000000000000000,0.000000000000000,0.000000000000000
1,3,26,2.235650188944830,5.712470214455920,8.238851870835470,11.464953232198400,15.311752549823900,18.394480857770300,23.049098732445900,24.403127796533300,0.000000000000000,0.000000000000000,0.000000000000000,0.000000000000000,0.000000000000000,0.000000000000000,0.000000000000000,0.000000000000000,0.000000000000000,0.000000000000000,0.000000000000000,0.000000000000000,0.000000000000000,0.000000000000000,0.000000000000000,0.000000000000000,0.000000000000000,0.000000000000000,0.000000000000000,0.000000000000000,0.000000000000000,0.000000000000000,0.000000000000000,0.000000000000000,0.000000000000000,0.000000000000000,0.000000000000000,0.000000000000000,0.000000000000000,0.000000000000000,0.000000000000000,0.000000000000000,0.000000000000000,0.000000000000000,0.000000000000000,0.000000000000000,0.000000000000000,0.000000000000000,0.000000000000000,0.000000000000000,0.000000000000000,0.000000000000000
1,3,27,2.078527607361960,5.335820895522390,8.819041664149870,12.215090976994100,15.725649805805400,19.293684872131500,21.816249604160400,26.994823011757400,30.501052631578900,0.000000000000000,0.000000000000000,0.000000000000000,0.000000000000000,0.000000000000000,0.000000000000000,0.000000000000000,0.000000000000000,0.000000000000000,0.000000000000000,0.000000000000000,0.000000000000000,0.000000000000000,0.000000000000000,0.000000000000000,0.000000000000000,0.000000000000000,0.000000000000000,0.000000000000000,0.000000000000000,0.000000000000000,0.000000000000000,0.000000000000000,0.000000000000000,0.000000000000000,0.000000000000000,0.000000000000000,0.000000000000000,0.000000000000000,0.000000000000000,0.000000000000000,0.000000000000000,0.000000000000000,0.000000000000000,0.000000000000000,0.000000000000000,0.000000000000000,0.000000000000000,0.000000000000000,0.000000000000000,0.000000000000000
1,3,28,1.772117962466490,5.374207132054480,9.823723228995060,12.584173338621200,16.307522037644400,20.237288931083100,24.562455161863300,26.061403342271600,30.259056493919400,34.239944498527900,0.000000000000000,0.000000000000000,0.000000000000000,0.000000000000000,0.000000000000000,0.000000000000000,0.000000000000000,0.000000000000000,0.000000000000000,0.000000000000000,0.000000000000000,0.000000000000000,0.000000000000000,0.000000000000000,0.000000000000000,0.000000000000000,0.000000000000000,0.000000000000000,0.000000000000000,0.000000000000000,0.000000000000000,0.000000000000000,0.000000000000000,0.000000000000000,0.000000000000000,0.000000000000000,0.000000000000000,0.000000000000000,0.000000000000000,0.000000000000000,0.000000000000000,0.000000000000000,0.000000000000000,0.000000000000000,0.000000000000000,0.000000000000000,0.000000000000000,0.000000000000000,0.000000000000000,0.000000000000000
1,3,29,1.907846295506600,5.816901408450700,9.288988776505940,13.050798135771200,15.884699094790700,21.105750963741200,24.194179898724200,27.308071288750300,29.066441970674600,33.472021129186400,34.220085644387100,0.000000000000000,0.000000000000000,0.000000000000000,0.000000000000000,0.000000000000000,0.000000000000000,0.000000000000000,0.000000000000000,0.000000000000000,0.000000000000000,0.000000000000000,0.000000000000000,0.000000000000000,0.000000000000000,0.000000000000000,0.000000000000000,0.000000000000000,0.000000000000000,0.000000000000000,0.000000000000000,0.000000000000000,0.000000000000000,0.000000000000000,0.000000000000000,0.000000000000000,0.000000000000000,0.000000000000000,0.000000000000000,0.000000000000000,0.000000000000000,0.000000000000000,0.000000000000000,0.000000000000000,0.000000000000000,0.000000000000000,0.000000000000000,0.000000000000000,0.000000000000000,0.000000000000000
1,3,30,1.777163904235730,5.819787985865720,8.731288343558280,12.302227826023400,16.439767459864300,21.753829289644200,26.447530345823800,28.525376640700400,32.285481579606500,32.590634954178200,37.221937359949800,37.475778938497800,0.000000000000000,0.000000000000000,0.000000000000000,0.000000000000000,0.000000000000000,0.000000000000000,0.000000000000000,0.000000000000000,0.000000000000000,0.000000000000000,0.000000000000000,0.000000000000000,0.000000000000000,0.000000000000000,0.000000000000000,0.000000000000000,0.000000000000000,0.000000000000000,0.000000000000000,0.000000000000000,0.000000000000000,0.000000000000000,0.000000000000000,0.000000000000000,0.000000000000000,0.000000000000000,0.000000000000000,0.000000000000000,0.000000000000000,0.000000000000000,0.000000000000000,0.000000000000000,0.000000000000000,0.000000000000000,0.000000000000000,0.000000000000000,0.000000000000000,0.000000000000000
1,3,31,1.624746450304260,5.597016660081980,10.345576611581100,12.317198764160700,16.462257452717200,21.119367325995400,25.289534210462700,30.375588335155300,33.171120632374400,34.954931619153700,35.194388751017200,41.860853267300000,42.491698255068900,0.000000000000000,0.000000000000000,0.000000000000000,0.000000000000000,0.000000000000000,0.000000000000000,0.000000000000000,0.000000000000000,0.000000000000000,0.000000000000000,0.000000000000000,0.000000000000000,0.000000000000000,0.000000000000000,0.000000000000000,0.000000000000000,0.000000000000000,0.000000000000000,0.000000000000000,0.000000000000000,0.000000000000000,0.000000000000000,0.000000000000000,0.000000000000000,0.000000000000000,0.000000000000000,0.000000000000000,0.000000000000000,0.000000000000000,0.000000000000000,0.000000000000000,0.000000000000000,0.000000000000000,0.000000000000000,0.000000000000000,0.000000000000000,0.000000000000000
1,3,32,2.009523809523810,5.645951035781550,8.861350625751100,13.307072560668800,17.204949480249100,21.855324787101800,24.874307705060000,31.496116080931000,33.586547963675700,37.572153242059700,37.908474381070500,42.179822537689100,45.511642203522000,45.951388888888900,0.000000000000000,0.000000000000000,0.000000000000000,0.000000000000000,0.000000000000000,0.000000000000000,0.000000000000000,0.000000000000000,0.000000000000000,0.000000000000000,0.000000000000000,0.000000000000000,0.000000000000000,0.000000000000000,0.000000000000000,0.000000000000000,0.000000000000000,0.000000000000000,0.000000000000000,0.000000000000000,0.000000000000000,0.000000000000000,0.000000000000000,0.000000000000000,0.000000000000000,0.000000000000000,0.000000000000000,0.000000000000000,0.000000000000000,0.000000000000000,0.000000000000000,0.000000000000000,0.000000000000000,0.000000000000000,0.000000000000000,0.000000000000000
1,3,33,1.924568965517240,6.253796095444690,8.578555453884120,14.126758036051000,17.487480300190700,22.922889462630800,28.455035943129700,31.795341295364400,34.213573501116300,36.636304429032100,42.262533432757600,47.075174672379500,47.716167249749500,50.626113061576200,47.864146267219900,0.000000000000000,0.000000000000000,0.000000000000000,0.000000000000000,0.000000000000000,0.000000000000000,0.000000000000000,0.000000000000000,0.000000000000000,0.000000000000000,0.000000000000000,0.000000000000000,0.000000000000000,0.000000000000000,0.000000000000000,0.000000000000000,0.000000000000000,0.000000000000000,0.000000000000000,0.000000000000000,0.000000000000000,0.000000000000000,0.000000000000000,0.000000000000000,0.000000000000000,0.000000000000000,0.000000000000000,0.000000000000000,0.000000000000000,0.000000000000000,0.000000000000000,0.000000000000000,0.000000000000000,0.000000000000000,0.000000000000000
1,3,34,2.331707317073170,5.698711524697560,9.242990654205610,14.383540860663400,17.994715011019600,22.087969561023100,26.526415738270900,30.598101120314700,35.144582152559000,41.689513260942100,43.478446026661500,46.703893743473000,48.153023125121000,50.537572926050700,55.961099100802500,63.684035779117100,0.000000000000000,0.000000000000000,0.000000000000000,0.000000000000000,0.000000000000000,0.000000000000000,0.000000000000000,0.000000000000000,0.000000000000000,0.000000000000000,0.000000000000000,0.000000000000000,0.000000000000000,0.000000000000000,0.000000000000000,0.000000000000000,0.000000000000000,0.000000000000000,0.000000000000000,0.000000000000000,0.000000000000000,0.000000000000000,0.000000000000000,0.000000000000000,0.000000000000000,0.000000000000000,0.000000000000000,0.000000000000000,0.000000000000000,0.000000000000000,0.000000000000000,0.000000000000000,0.000000000000000,0.000000000000000
1,3,35,2.025641025641030,6.046296296296300,9.800307364214450,13.392022008253100,18.836154387640700,23.985157696424500,26.553193828574700,32.795421039365100,34.104283737991600,44.218875315584100,48.166676610024700,46.998546565828700,50.914768373483100,54.418273114263500,56.266952367359100,60.805618921762500,64.620466321243500,0.000000000000000,0.000000000000000,0.000000000000000,0.000000000000000,0.000000000000000,0.000000000000000,0.000000000000000,0.000000000000000,0.000000000000000,0.000000000000000,0.000000000000000,0.000000000000000,0.000000000000000,0.000000000000000,0.000000000000000,0.000000000000000,0.000000000000000,0.000000000000000,0.000000000000000,0.000000000000000,0.000000000000000,0.000000000000000,0.000000000000000,0.000000000000000,0.000000000000000,0.000000000000000,0.000000000000000,0.000000000000000,0.000000000000000,0.000000000000000,0.000000000000000,0.000000000000000,0.000000000000000
1,3,36,2.249240121580550,6.643037974683540,10.873645261483100,14.002569921217900,17.842173350582100,24.614955906290300,28.742970555357800,34.783971140616800,34.610649050293600,46.267156319323700,49.541288423908800,51.183257887215900,51.810237048557400,57.912364649830800,60.487846389385800,68.099411516150700,69.908259942568800,73.247548473873500,0.000000000000000,0.000000000000000,0.000000000000000,0.000000000000000,0.000000000000000,0.000000000000000,0.000000000000000,0.000000000000000,0.000000000000000,0.000000000000000,0.000000000000000,0.000000000000000,0.000000000000000,0.000000000000000,0.000000000000000,0.000000000000000,0.000000000000000,0.000000000000000,0.000000000000000,0.000000000000000,0.000000000000000,0.000000000000000,0.000000000000000,0.000000000000000,0.000000000000000,0.000000000000000,0.000000000000000,0.000000000000000,0.000000000000000,0.000000000000000,0.000000000000000,0.000000000000000
1,3,37,2.104477611940300,7.400000000000000,11.749159470428300,15.818514095928000,19.232853894858600,24.528973500918300,29.723982817518300,34.851488929127900,37.575043077268500,46.050284186579200,51.340875115615400,55.652242639057000,60.173431308178900,62.158905670361200,68.057488145328100,66.670624358611800,70.087592869397800,76.182722997019800,77.826241134751800,0.000000000000000,0.000000000000000,0.000000000000000,0.000000000000000,0.000000000000000,0.000000000000000,0.000000000000000,0.000000000000000,0.000000000000000,0.000000000000000,0.000000000000000,0.000000000000000,0.000000000000000,0.000000000000000,0.000000000000000,0.000000000000000,0.000000000000000,0.000000000000000,0.000000000000000,0.000000000000000,0.000000000000000,0.000000000000000,0.000000000000000,0.000000000000000,0.000000000000000,0.000000000000000,0.000000000000000,0.000000000000000,0.000000000000000,0.000000000000000,0.000000000000000
1,3,38,2.194690265486730,6.836990595611280,11.734939759036100,15.541649700652900,21.686930091185400,27.772471421720900,31.621114198338700,37.707997669822500,39.891987919900000,47.190108556573800,52.820504503946400,56.281281571196200,58.814527981827400,62.523908891842200,68.321218902807100,71.558660601869100,77.848736548779700,74.492125976330300,82.670401493323500,93.565557127070400,0.000000000000000,0.000000000000000,0.000000000000000,0.000000000000000,0.000000000000000,0.000000000000000,0.000000000000000,0.000000000000000,0.000000000000000,0.000000000000000,0.000000000000000,0.000000000000000,0.000000000000000,0.000000000000000,0.000000000000000,0.000000000000000,0.000000000000000,0.000000000000000,0.000000000000000,0.000000000000000,0.000000000000000,0.000000000000000,0.000000000000000,0.000000000000000,0.000000000000000,0.000000000000000,0.000000000000000,0.000000000000000,0.000000000000000,0.000000000000000
1,3,39,2.629214960233000,6.591240875912410,12.140307687501800,17.271478950497500,22.985483870967700,27.529465058725600,34.293204894370300,37.401136773888200,42.879844544954100,48.205354515037800,53.702302387686000,57.516437385576700,62.139771451799200,66.681630057887800,69.052983531398100,74.634711187291700,74.976166577430400,79.668546336537600,87.593036775869900,88.096126683054200,99.201483312731800,0.000000000000000,0.000000000000000,0.000000000000000,0.000000000000000,0.000000000000000,0.000000000000000,0.000000000000000,0.000000000000000,0.000000000000000,0.000000000000000,0.000000000000000,0.000000000000000,0.000000000000000,0.000000000000000,0.000000000000000,0.000000000000000,0.000000000000000,0.000000000000000,0.000000000000000,0.000000000000000,0.000000000000000,0.000000000000000,0.000000000000000,0.000000000000000,0.000000000000000,0.000000000000000,0.000000000000000,0.000000000000000,0.000000000000000
1,3,40,2.191071397173080,7.193308550185870,12.007551932149800,16.760611942058400,22.052568007546000,27.549902310356600,33.413214460607500,40.359981919377600,42.415162785611000,49.289882128775000,53.064774910890100,57.294947500616900,62.299087661256900,67.206299481524800,72.550899423598900,76.997685168129600,83.432117922323200,85.960163024839000,85.421616247586700,91.215417408319400,96.383998053999100,102.774553571429000,0.000000000000000,0.000000000000000,0.000000000000000,0.000000000000000,0.000000000000000,0.000000000000000,0.000000000000000,0.000000000000000,0.000000000000000,0.000000000000000,0.000000000000000,0.000000000000000,0.000000000000000,0.000000000000000,0.000000000000000,0.000000000000000,0.000000000000000,0.000000000000000,0.000000000000000,0.000000000000000,0.000000000000000,0.000000000000000,0.000000000000000,0.000000000000000,0.000000000000000,0.000000000000000,0.000000000000000,0.000000000000000
1,3,41,2.464088397790060,7.485954342699640,11.436316665263800,17.095178704661400,23.504010611862800,29.445871299842800,34.395000313248200,39.533884639645500,43.193672131902400,46.555850502104500,53.417296661875600,57.989597351267900,63.460151566605700,68.342011349050100,75.481128884528600,77.905101489605900,80.738981027131500,88.205589072850200,90.816389961836000,95.708538532554900,99.690326170661300,101.812318964785000,104.803098114500000,0.000000000000000,0.000000000000000,0.000000000000000,0.000000000000000,0.000000000000000,0.000000000000000,0.000000000000000,0.000000000000000,0.000000000000000,0.000000000000000,0.000000000000000,0.000000000000000,0.000000000000000,0.000000000000000,0.000000000000000,0.000000000000000,0.000000000000000,0.000000000000000,0.000000000000000,0.000000000000000,0.000000000000000,0.000000000000000,0.000000000000000,0.000000000000000,0.000000000000000,0.000000000000000,0.000000000000000
1,3,42,3.219047619047620,7.414179104477610,12.163323782235000,17.762443438914000,25.468004773522400,30.309160305343500,35.008536043588300,37.953699090070500,44.956756756756800,45.772223127025200,55.005279426993200,59.298037009069100,65.611487605843400,71.436892661382200,71.945699103021900,79.774472822397600,86.405661147374800,91.061940212931500,98.272801603095600,98.101733509409200,102.762849358234000,106.456545802824000,109.309074105926000,121.053364269142000,0.000000000000000,0.000000000000000,0.000000000000000,0.000000000000000,0.000000000000000,0.000000000000000,0.000000000000000,0.000000000000000,0.000000000000000,0.000000000000000,0.000000000000000,0.000000000000000,0.000000000000000,0.000000000000000,0.000000000000000,0.000000000000000,0.000000000000000,0.000000000000000,0.000000000000000,0.000000000000000,0.000000000000000,0.000000000000000,0.000000000000000,0.000000000000000,0.000000000000000,0.000000000000000
1,3,43,2.904109589041100,8.500000000000000,12.366762177650400,19.393974436365800,23.446119504180400,29.956376685109100,34.257680491836400,41.936694162219100,44.709005866462000,51.649064674545100,58.184198781167500,63.967983365672400,67.655290102389100,73.010965492740900,73.527501434822800,85.557272255809600,87.417432034232200,92.827754387293000,96.497569180427700,107.414162027329000,104.587615934502000,111.572687881822000,114.131759656652000,115.271508522231000,122.246715128926000,0.000000000000000,0.000000000000000,0.000000000000000,0.000000000000000,0.000000000000000,0.000000000000000,0.000000000000000,0.000000000000000,0.000000000000000,0.000000000000000,0.000000000000000,0.000000000000000,0.000000000000000,0.000000000000000,0.000000000000000,0.000000000000000,0.000000000000000,0.000000000000000,0.000000000000000,0.000000000000000,0.000000000000000,0.000000000000000,0.000000000000000,0.000000000000000,0.000000000000000
1,3,44,3.615000000000000,7.672297297297300,13.904444661908500,19.330730871915000,24.334100878957000,30.420609840869800,33.852240266757900,40.061223780928000,35.917372447483800,52.137184352034200,60.490976054932800,62.872464054810100,70.221580837616200,69.604414238613600,80.318463525182700,82.266691036227100,85.473153377606900,97.551468560331800,98.493650011961900,106.254580720888000,109.022748618548000,113.103923481421000,114.802225713351000,113.883916416427000,119.256820325957000,120.017182130584000,0.000000000000000,0.000000000000000,0.000000000000000,0.000000000000000,0.000000000000000,0.000000000000000,0.000000000000000,0.000000000000000,0.000000000000000,0.000000000000000,0.000000000000000,0.000000000000000,0.000000000000000,0.000000000000000,0.000000000000000,0.000000000000000,0.000000000000000,0.000000000000000,0.000000000000000,0.000000000000000,0.000000000000000,0.000000000000000,0.000000000000000,0.000000000000000
1,3,45,2.842894559132140,8.263157894736840,14.184958361492400,20.453624286967300,26.389517108662300,32.477855617151200,37.918241176829000,41.230398594067700,35.537333340641300,53.418865568398200,59.561138119059000,65.025762438917300,66.441410129957700,69.292834192501700,80.324451506692100,80.779363529113800,93.649189133741900,93.169492122365400,102.289700095776000,104.855121917547000,111.526232338321000,117.399336945806000,118.338387138856000,119.459930731669000,120.851395270337000,124.532208935924000,126.368422867472000,0.000000000000000,0.000000000000000,0.000000000000000,0.000000000000000,0.000000000000000,0.000000000000000,0.000000000000000,0.000000000000000,0.000000000000000,0.000000000000000,0.000000000000000,0.000000000000000,0.000000000000000,0.000000000000000,0.000000000000000,0.000000000000000,0.000000000000000,0.000000000000000,0.000000000000000,0.000000000000000,0.000000000000000,0.000000000000000,0.000000000000000
1,3,46,3.687500000000000,8.542718979038460,13.868609122863000,19.839055793991400,25.202317155365000,30.598474536756200,36.242159060726800,42.198560805549900,39.360544570342400,49.411124916521900,59.827706132986100,61.753142877293600,68.414789092509600,74.193344809816600,75.484737427286800,85.315798977939900,89.823216585047200,95.996308258673800,107.615542693351000,108.205938322130000,110.023553282356000,112.380343239534000,119.235922193817000,126.815554054593000,130.091819413075000,130.853599280708000,125.585245511978000,134.780745473985000,0.000000000000000,0.000000000000000,0.000000000000000,0.000000000000000,0.000000000000000,0.000000000000000,0.000000000000000,0.000000000000000,0.000000000000000,0.000000000000000,0.000000000000000,0.000000000000000,0.000000000000000,0.000000000000000,0.000000000000000,0.000000000000000,0.000000000000000,0.000000000000000,0.000000000000000,0.000000000000000,0.000000000000000,0.000000000000000
1,3,47,3.371830985915490,9.223776223776220,14.938909910638600,21.664756897709800,25.918490043519000,31.605790013737400,37.684426238886700,43.944224564527700,43.198950711180700,48.836429221737900,59.928415194726800,61.721197515092400,67.336363082281000,73.938039781644200,81.594831972991200,85.433837198564300,88.350221746194000,97.493744787967300,100.031018184754000,110.045689769946000,112.985440168391000,114.184884368264000,126.285511790664000,128.246885163925000,128.170272543863000,134.469031027951000,136.601721765392000,132.190711405541000,140.665631469979000,0.000000000000000,0.000000000000000,0.000000000000000,0.000000000000000,0.000000000000000,0.000000000000000,0.000000000000000,0.000000000000000,0.000000000000000,0.000000000000000,0.000000000000000,0.000000000000000,0.000000000000000,0.000000000000000,0.000000000000000,0.000000000000000,0.000000000000000,0.000000000000000,0.000000000000000,0.000000000000000,0.000000000000000
1,3,48,3.516455696202530,8.977564127263840,15.798039215686300,21.534166296489700,27.258771989356600,31.987050931297200,37.081160196545100,44.084642347525900,45.629812754779600,53.190934330412300,58.960046626909700,63.255894821778500,69.931135726405900,72.075809709736000,76.238712243073800,82.497329532266400,89.209917361648000,98.786541816794400,102.344886416156000,109.269562617978000,110.293534708513000,124.794674566593000,125.281290347559000,126.679146996520000,128.741905976957000,135.857009150651000,144.471635722344000,144.147060115415000,135.420417168505000,137.041019336713000,0.000000000000000,0.000000000000000,0.000000000000000,0.000000000000000,0.000000000000000,0.000000000000000,0.000000000000000,0.000000000000000,0.000000000000000,0.000000000000000,0.000000000000000,0.000000000000000,0.000000000000000,0.000000000000000,0.000000000000000,0.000000000000000,0.000000000000000,0.000000000000000,0.000000000000000,0.000000000000000
1,3,49,3.629393928193150,9.526327282643140,15.244541484716200,22.187955933450500,28.662845218848800,33.778897455304100,37.685629112946500,43.990342384972600,47.020569578030100,52.517481774379300,62.005108723468700,64.180046547613900,71.693639550775100,73.812051944028200,81.688216678086000,85.784128166772300,91.831074368972000,99.749693866499500,101.851117115881000,108.136213503566000,114.679327142027000,118.833015868031000,127.489730911278000,128.815265311648000,127.072231274023000,143.445620165432000,144.983203905681000,157.084428715875000,146.862654447867000,140.208510479108000,142.759785327613000,0.000000000000000,0.000000000000000,0.000000000000000,0.000000000000000,0.000000000000000,0.000000000000000,0.000000000000000,0.000000000000000,0.000000000000000,0.000000000000000,0.000000000000000,0.000000000000000,0.000000000000000,0.000000000000000,0.000000000000000,0.000000000000000,0.000000000000000,0.000000000000000,0.000000000000000
1,3,50,3.460744901178780,10.222929936305700,16.384180790960500,22.843967491895400,29.009949286398100,32.864893698287900,38.572764710946100,44.477356142696400,47.935041712594700,53.241311520722100,59.161512307329000,63.536426678894600,70.391212897509500,75.383665933015300,77.996293153125400,82.754451755352200,92.670853676576700,98.974517815842300,103.347876478429000,109.745919769991000,114.177370609699000,113.584474221288000,122.750033326279000,130.415927509372000,136.562640528112000,139.860392432440000,153.294606466185000,155.811951400152000,158.650522415353000,153.626991855266000,143.482970653904000,150.829156844327000,0.000000000000000,0.000000000000000,0.000000000000000,0.000000000000000,0.000000000000000,0.000000000000000,0.000000000000000,0.000000000000000,0.000000000000000,0.000000000000000,0.000000000000000,0.000000000000000,0.000000000000000,0.000000000000000,0.000000000000000,0.000000000000000,0.000000000000000,0.000000000000000
1,3,51,3.752783964365260,10.193784277879300,15.575187969924800,21.444202677329000,30.728353140916800,34.453402806456400,40.922676937526400,47.034258689235100,49.274033989004800,53.210659624819300,59.251129771839200,63.163535246814400,67.294040725372600,74.203778249996100,79.392302143740100,83.960827910683400,90.860817761030200,101.146191246904000,97.023021829228400,113.243559771720000,113.582051065150000,121.993200987954000,126.754149473265000,128.056810767259000,140.088287091455000,147.069631157393000,149.759553051011000,159.937906423170000,155.588416512631000,167.750970310343000,153.047168571038000,145.653302016929000,119.221225710015000,0.000000000000000,0.000000000000000,0.000000000000000,0.000000000000000,0.000000000000000,0.000000000000000,0.000000000000000,0.000000000000000,0.000000000000000,0.000000000000000,0.000000000000000,0.000000000000000,0.000000000000000,0.000000000000000,0.000000000000000,0.000000000000000,0.000000000000000
1,3,52,3.728067719985270,9.641185647425900,16.669421487603300,22.814758130284500,29.048576214405400,34.395509499136400,41.427862535722300,43.839642363410400,49.823800739180500,54.471962912158500,61.550953801062900,62.443628897025500,66.494522210128000,72.244749610011300,74.875467063071900,85.952210200832900,95.890382279644200,96.755352294360600,104.095909675629000,111.503317317564000,112.622860903244000,122.148090046196000,121.503212667007000,135.325362061827000,137.133103360578000,144.548806955708000,158.573031341121000,152.923339865878000,162.561956610783000,161.060818508247000,163.952230429487000,190.938388467825000,130.160033259347000,126.003752488498000,0.000000000000000,0.000000000000000,0.000000000000000,0.000000000000000,0.000000000000000,0.000000000000000,0.000000000000000,0.000000000000000,0.000000000000000,0.000000000000000,0.000000000000000,0.000000000000000,0.000000000000000,0.000000000000000,0.000000000000000,0.000000000000000
1,3,53,3.984063313720910,10.307692307692300,16.692930241165900,23.770263963485800,28.981220657277000,33.648648648648600,41.896841829813200,47.165391694107400,48.022400140059000,53.453352416050200,57.334468386283100,62.910430600064900,70.830364307070800,75.606314159194000,85.158682334729200,81.240049708955500,92.652052555201100,98.854748702306300,99.839460199913100,108.358755107555000,120.771284924101000,126.473469832624000,124.799248342878000,128.209195536952000,136.573087490970000,145.668214124612000,158.383795779178000,153.079061813572000,165.609918578831000,161.163579836563000,166.158803986711000,202.460503886607000,162.300237371643000,135.738908975587000,118.019786910198000,0.000000000000000,0.000000000000000,0.000000000000000,0.000000000000000,0.000000000000000,0.000000000000000,0.000000000000000,0.000000000000000,0.000000000000000,0.000000000000000,0.000000000000000,0.000000000000000,0.000000000000000,0.000000000000000,0.000000000000000
1,3,54,3.700234852356260,10.280741336003400,16.757152240890300,22.000000000000000,29.059995375877900,33.703345139097400,40.207420166444100,47.064620355412000,39.951183163307400,47.046183595519200,57.044117353516000,63.288629395186800,70.645476215645600,71.886495385560400,76.376469212358500,82.840393011061300,87.566822618550000,93.445754716981100,102.134968780970000,107.560331772819000,116.076697761871000,118.853029818336000,124.520029294302000,115.730842911877000,131.509695290859000,130.496251783057000,153.895107833423000,161.587234417589000,164.651109262652000,163.045026447246000,168.595094981530000,191.382998838313000,178.118177485102000,153.817233996926000,130.836126525152000,122.061032863850000,0.000000000000000,0.000000000000000,0.000000000000000,0.000000000000000,0.000000000000000,0.000000000000000,0.000000000000000,0.000000000000000,0.000000000000000,0.000000000000000,0.000000000000000,0.000000000000000,0.000000000000000,0.000000000000000
1,3,55,3.902409638554220,10.481638418079100,16.830436887115200,24.195708300461500,28.932808471648400,34.331753554502400,37.824867744393100,43.057992270467300,37.541669464122800,50.582066869300900,57.709120698952200,63.111944592601200,66.572528975617400,66.575692754224700,69.657661940186200,87.219318169633100,96.360720766370500,98.468625028879100,104.115627319495000,108.701452641497000,118.650024805102000,112.840048840049000,122.430394431555000,124.374707259953000,126.972169508470000,133.252682619255000,154.266698070558000,158.418783829682000,160.360434929202000,162.417769376181000,168.992252428449000,196.657841129076000,179.230374431198000,189.015578506308000,154.117277173499000,132.948361679085000,117.268456375839000,0.000000000000000,0.000000000000000,0.000000000000000,0.000000000000000,0.000000000000000,0.000000000000000,0.000000000000000,0.000000000000000,0.000000000000000,0.000000000000000,0.000000000000000,0.000000000000000,0.000000000000000
1,3,56,4.124358789134920,11.056912808646600,17.645784734409200,23.524383233856900,29.945676380729600,34.309833024118700,42.373310783266900,44.992723027674100,40.052979360879300,48.914265124915300,56.652201254594300,63.145547420781900,67.843505477308300,73.013667143271900,84.995387516079400,81.715274309587300,89.786963467415600,98.862888481865400,106.253615935417000,113.614835392725000,116.727847181654000,109.288707799767000,129.412751677852000,133.053320683670000,134.179693299812000,147.293849107147000,157.759100651881000,156.947688263542000,155.201632882045000,163.388540757736000,174.973657548126000,193.963718249167000,189.747999182645000,193.774031076736000,192.296361817278000,163.517985611511000,141.810455037183000,140.315789473684000,0.000000000000000,0.000000000000000,0.000000000000000,0.000000000000000,0.000000000000000,0.000000000000000,0.000000000000000,0.000000000000000,0.000000000000000,0.000000000000000,0.000000000000000,0.000000000000000
1,3,57,4.391112989848990,11.257464131960600,19.057407758073800,25.598134918865600,29.968669863850200,35.026640545852200,39.975351246345400,45.110380827182500,41.117346938775500,54.002829657679200,60.859643538310500,63.103516881221100,70.044139132882500,73.132978401814600,82.121508379888300,83.962583812103300,88.719212226677000,98.703340618457400,102.784980116201000,111.916564417178000,110.348171611622000,116.918028867229000,125.422145250312000,124.390394197251000,136.696670549323000,135.724723742790000,151.505473273915000,163.346346930705000,159.762953005690000,177.967830195066000,172.195800085858000,187.194623787551000,196.277190644887000,202.846691973905000,188.215034965035000,195.782088281753000,170.538945712038000,150.016154500606000,143.380910891010000,0.000000000000000,0.000000000000000,0.000000000000000,0.000000000000000,0.000000000000000,0.000000000000000,0.000000000000000,0.000000000000000,0.000000000000000,0.000000000000000,0.000000000000000
1,3,58,4.400149077909690,11.149509199348300,18.556870587051500,26.270887950606600,30.928373798082900,38.386895250968900,42.247720364741600,45.923076923076900,52.171740965636600,54.949820909119200,61.108295620405200,64.214366505846200,62.819423368740500,71.927218364985000,75.891472868217100,91.583377698171100,95.664083956619600,100.574213771019000,102.539944903581000,115.407545904686000,113.900177687477000,126.523577714061000,127.904241342086000,134.969706367014000,142.988166912822000,148.964839716604000,152.380307889754000,166.167324486259000,170.952439024390000,174.729053753506000,172.118823529412000,193.756981483789000,196.165585270703000,207.952403050674000,206.888324518814000,206.915779283640000,222.330666666667000,181.745420597346000,181.751677852349000,162.221709006928000,0.000000000000000,0.000000000000000,0.000000000000000,0.000000000000000,0.000000000000000,0.000000000000000,0.000000000000000,0.000000000000000,0.000000000000000,0.000000000000000
1,3,59,4.411111111111110,11.573512181747200,19.187984365598400,25.910602170479800,32.749066264722400,37.512934018453600,44.105102081395400,48.102899867392000,49.746388443017700,58.276133006005200,56.876582988816100,67.280044655031800,66.479301654401700,72.614925373134300,82.460296674084500,92.187198136370000,94.198622125966700,103.884255243450000,105.982800651241000,110.547189971368000,125.816124469590000,128.799557564332000,125.254567334482000,141.480366640602000,146.320850437833000,149.543509272468000,162.912072723251000,163.405999044708000,173.445834741920000,174.694788234951000,186.883751651255000,196.328347902327000,191.039607928962000,205.188304093567000,218.048808772089000,212.608139055149000,218.460238568588000,233.840021802338000,204.204733935396000,206.768513014213000,207.757946210269000,0.000000000000000,0.000000000000000,0.000000000000000,0.000000000000000,0.000000000000000,0.000000000000000,0.000000000000000,0.000000000000000,0.000000000000000
1,3,60,5.441666666666670,14.454545454545500,28.117647058823500,35.878048780487800,48.169811320754700,53.574074074074100,70.219512195122000,77.586206896551700,78.884615384615400,98.029411764705900,112.095238095238000,115.520000000000000,132.750000000000000,135.962962962963000,139.642857142857000,144.828571428571000,162.500000000000000,174.718750000000000,175.736842105263000,193.785714285714000,178.870967741935000,225.911764705882000,209.476190476190000,240.843750000000000,239.619047619048000,255.333333333333000,223.478260869565000,272.854166666667000,268.205128205128000,260.035714285714000,288.911111111111000,279.346153846154000,305.984848484848000,296.708333333333000,308.522727272727000,326.412698412698000,295.692307692308000,318.690909090909000,311.000000000000000,285.745454545455000,283.965517241379000,337.625000000000000,0.000000000000000,0.000000000000000,0.000000000000000,0.000000000000000,0.000000000000000,0.000000000000000,0.000000000000000,0.000000000000000
1,3,61,6.197368421052630,15.463157894736800,25.647058823529400,37.137931034482800,46.926829268292700,56.902439024390200,64.343750000000000,73.583333333333300,87.538461538461500,96.567567567567600,104.961538461538000,112.000000000000000,119.939393939394000,135.093750000000000,127.972972972973000,160.388888888889000,166.588235294118000,162.250000000000000,177.791666666667000,190.764705882353000,178.486486486486000,210.379310344828000,228.000000000000000,216.729166666667000,235.837209302326000,231.479166666667000,227.378378378378000,227.970588235294000,226.043478260870000,266.204545454545000,288.959183673469000,303.574074074074000,276.788461538462000,312.714285714286000,301.716981132075000,288.517857142857000,295.757575757576000,286.397590361446000,334.536231884058000,309.909090909091000,244.494252873563000,286.881679389313000,310.900000000000000,0.000000000000000,0.000000000000000,0.000000000000000,0.000000000000000,0.000000000000000,0.000000000000000,0.000000000000000
1,3,62,6.252173913043480,17.060000000000000,27.892156862745100,40.194029850746300,48.982142857142900,60.065217391304400,69.978723404255300,75.696969696969700,92.702702702702700,95.735294117647100,101.583333333333000,111.941176470588000,123.500000000000000,139.060606060606000,137.480000000000000,144.333333333333000,141.217391304348000,170.500000000000000,173.042553191489000,183.485714285714000,186.000000000000000,197.307692307692000,206.259259259259000,243.000000000000000,220.040000000000000,246.939393939394000,214.295454545455000,228.657142857143000,257.181818181818000,271.638888888889000,280.600000000000000,277.074074074074000,295.277777777778000,288.142857142857000,254.381818181818000,307.000000000000000,310.921875000000000,325.781250000000000,286.890625000000000,334.742424242424000,289.879120879121000,254.809523809524000,318.684729064039000,335.454545454545000,0.000000000000000,0.000000000000000,0.000000000000000,0.000000000000000,0.000000000000000,0.000000000000000
1,3,63,5.879746835443040,16.232394366197200,28.568965517241400,38.315436241610700,48.984375000000000,57.207547169811300,65.658536585365900,79.972222222222200,83.970588235294100,97.937500000000000,112.121212121212000,112.925925925926000,107.703703703704000,144.535714285714000,144.750000000000000,168.352941176471000,152.500000000000000,167.740740740741000,188.535714285714000,174.636363636364000,198.941176470588000,182.428571428571000,216.866666666667000,213.714285714286000,191.363636363636000,232.419354838710000,208.191489361702000,227.175000000000000,244.707317073171000,222.459459459459000,290.891891891892000,277.904761904762000,268.883720930233000,297.591836734694000,256.707317073171000,298.592592592593000,289.655172413793000,292.293103448276000,295.533333333333000,315.220779220779000,292.675000000000000,264.423529411765000,274.746666666667000,318.811320754717000,342.875000000000000,0.000000000000000,0.000000000000000,0.000000000000000,0.000000000000000,0.000000000000000
1,3,64,7.000000000000000,16.913333333333300,28.173469387755100,39.195402298850600,51.481012658227800,60.189189189189200,64.600000000000000,76.500000000000000,91.800000000000000,100.705882352941000,115.533333333333000,114.129032258065000,107.250000000000000,119.000000000000000,146.720000000000000,155.933333333333000,169.625000000000000,168.153846153846000,160.580645161290000,175.333333333333000,179.794871794872000,174.413793103448000,201.526315789474000,170.185185185185000,226.212121212121000,226.131578947368000,207.638888888889000,257.038461538461000,211.022727272727000,238.352941176471000,253.000000000000000,258.545454545455000,246.444444444444000,280.555555555556000,264.436363636364000,275.512820512820000,301.205128205128000,325.733333333333000,276.660714285714000,311.269230769231000,295.000000000000000,251.678571428571000,284.611111111111000,304.555555555556000,326.142857142857000,312.666666666667000,0.000000000000000,0.000000000000000,0.000000000000000,0.000000000000000
1,3,65,5.333333333333330,18.000000000000000,30.500000000000000,34.000000000000000,0.000000000000000,0.000000000000000,79.000000000000000,0.000000000000000,12.000000000000000,63.000000000000000,58.000000000000000,0.000000000000000,0.000000000000000,0.000000000000000,0.000000000000000,37.000000000000000,0.000000000000000,0.000000000000000,42.000000000000000,0.000000000000000,30.000000000000000,0.000000000000000,0.000000000000000,0.000000000000000,0.000000000000000,0.000000000000000,0.000000000000000,0.000000000000000,0.000000000000000,24.000000000000000,0.000000000000000,0.000000000000000,20.000000000000000,0.000000000000000,30.000000000000000,37.000000000000000,42.000000000000000,34.800000000000000,42.333333333333300,13.500000000000000,81.200000000000000,38.500000000000000,45.000000000000000,87.000000000000000,77.500000000000000,43.000000000000000,0.000000000000000,0.000000000000000,0.000000000000000,0.000000000000000
1,3,66,6.600000000000000,17.666666666666700,28.000000000000000,0.000000000000000,0.000000000000000,0.000000000000000,0.000000000000000,6.500000000000000,0.000000000000000,0.000000000000000,0.000000000000000,0.000000000000000,0.000000000000000,0.000000000000000,0.000000000000000,0.000000000000000,63.000000000000000,0.000000000000000,0.000000000000000,0.000000000000000,0.000000000000000,0.000000000000000,0.000000000000000,0.000000000000000,19.000000000000000,0.000000000000000,0.000000000000000,9.000000000000000,0.000000000000000,15.000000000000000,0.000000000000000,0.000000000000000,55.000000000000000,17.000000000000000,44.500000000000000,12.000000000000000,19.000000000000000,19.000000000000000,0.000000000000000,63.000000000000000,82.000000000000000,37.250000000000000,32.000000000000000,0.000000000000000,73.600000000000000,101.000000000000000,0.000000000000000,0.000000000000000,0.000000000000000,0.000000000000000
1,3,67,8.000000000000000,17.000000000000000,19.000000000000000,39.500000000000000,0.000000000000000,0.000000000000000,0.000000000000000,0.000000000000000,7.000000000000000,0.000000000000000,0.000000000000000,0.000000000000000,0.000000000000000,0.000000000000000,0.000000000000000,0.000000000000000,0.000000000000000,0.000000000000000,0.000000000000000,0.000000000000000,0.000000000000000,0.000000000000000,0.000000000000000,0.000000000000000,0.000000000000000,0.000000000000000,0.000000000000000,0.000000000000000,70.000000000000000,0.000000000000000,0.000000000000000,0.000000000000000,0.000000000000000,11.000000000000000,17.000000000000000,27.000000000000000,32.000000000000000,8.500000000000000,51.333333333333300,89.000000000000000,0.000000000000000,60.400000000000000,60.250000000000000,77.666666666666700,94.500000000000000,94.000000000000000,76.000000000000000,0.000000000000000,0.000000000000000,0.000000000000000
1,3,68,0.000000000000000,14.333333333333300,0.000000000000000,25.000000000000000,48.500000000000000,0.000000000000000,0.000000000000000,0.000000000000000,0.000000000000000,0.000000000000000,0.000000000000000,0.000000000000000,0.000000000000000,0.000000000000000,0.000000000000000,0.000000000000000,0.000000000000000,0.000000000000000,0.000000000000000,0.000000000000000,0.000000000000000,0.000000000000000,0.000000000000000,0.000000000000000,0.000000000000000,0.000000000000000,0.000000000000000,0.000000000000000,0.000000000000000,0.000000000000000,0.000000000000000,0.000000000000000,15.500000000000000,49.000000000000000,0.000000000000000,17.000000000000000,22.000000000000000,0.000000000000000,32.000000000000000,41.000000000000000,13.000000000000000,62.500000000000000,98.250000000000000,85.000000000000000,65.000000000000000,92.000000000000000,0.000000000000000,0.000000000000000,0.000000000000000,0.000000000000000
1,3,69,1.000000000000000,0.000000000000000,29.000000000000000,0.000000000000000,50.000000000000000,0.000000000000000,62.000000000000000,0.000000000000000,0.000000000000000,0.000000000000000,0.000000000000000,0.000000000000000,0.000000000000000,0.000000000000000,0.000000000000000,0.000000000000000,0.000000000000000,0.000000000000000,0.000000000000000,0.000000000000000,0.000000000000000,0.000000000000000,0.000000000000000,0.000000000000000,0.000000000000000,0.000000000000000,0.000000000000000,0.000000000000000,0.000000000000000,0.000000000000000,0.000000000000000,0.000000000000000,0.000000000000000,0.000000000000000,0.000000000000000,0.000000000000000,13.000000000000000,67.000000000000000,91.000000000000000,0.000000000000000,27.500000000000000,53.000000000000000,0.000000000000000,0.000000000000000,0.000000000000000,77.000000000000000,0.000000000000000,0.000000000000000,0.000000000000000,0.000000000000000
1,4,20,0.000000000000000,0.000000000000000,0.000000000000000,0.000000000000000,0.000000000000000,0.000000000000000,0.000000000000000,0.000000000000000,0.000000000000000,0.000000000000000,0.000000000000000,0.000000000000000,0.000000000000000,0.000000000000000,0.000000000000000,0.000000000000000,0.000000000000000,0.000000000000000,0.000000000000000,0.000000000000000,0.000000000000000,0.000000000000000,0.000000000000000,0.000000000000000,0.000000000000000,0.000000000000000,0.000000000000000,0.000000000000000,0.000000000000000,0.000000000000000,0.000000000000000,0.000000000000000,0.000000000000000,0.000000000000000,0.000000000000000,0.000000000000000,0.000000000000000,0.000000000000000,0.000000000000000,0.000000000000000,0.000000000000000,0.000000000000000,0.000000000000000,0.000000000000000,0.000000000000000,0.000000000000000,0.000000000000000,0.000000000000000,0.000000000000000,0.000000000000000
1,4,21,0.000000000000000,0.000000000000000,0.000000000000000,0.000000000000000,0.000000000000000,0.000000000000000,0.000000000000000,0.000000000000000,0.000000000000000,0.000000000000000,0.000000000000000,0.000000000000000,0.000000000000000,0.000000000000000,0.000000000000000,0.000000000000000,0.000000000000000,0.000000000000000,0.000000000000000,0.000000000000000,0.000000000000000,0.000000000000000,0.000000000000000,0.000000000000000,0.000000000000000,0.000000000000000,0.000000000000000,0.000000000000000,0.000000000000000,0.000000000000000,0.000000000000000,0.000000000000000,0.000000000000000,0.000000000000000,0.000000000000000,0.000000000000000,0.000000000000000,0.000000000000000,0.000000000000000,0.000000000000000,0.000000000000000,0.000000000000000,0.000000000000000,0.000000000000000,0.000000000000000,0.000000000000000,0.000000000000000,0.000000000000000,0.000000000000000,0.000000000000000
1,4,22,0.000000000000000,0.000000000000000,0.000000000000000,0.000000000000000,0.000000000000000,0.000000000000000,0.000000000000000,0.000000000000000,0.000000000000000,0.000000000000000,0.000000000000000,0.000000000000000,0.000000000000000,0.000000000000000,0.000000000000000,0.000000000000000,0.000000000000000,0.000000000000000,0.000000000000000,0.000000000000000,0.000000000000000,0.000000000000000,0.000000000000000,0.000000000000000,0.000000000000000,0.000000000000000,0.000000000000000,0.000000000000000,0.000000000000000,0.000000000000000,0.000000000000000,0.000000000000000,0.000000000000000,0.000000000000000,0.000000000000000,0.000000000000000,0.000000000000000,0.000000000000000,0.000000000000000,0.000000000000000,0.000000000000000,0.000000000000000,0.000000000000000,0.000000000000000,0.000000000000000,0.000000000000000,0.000000000000000,0.000000000000000,0.000000000000000,0.000000000000000
1,4,23,0.000000000000000,0.000000000000000,0.000000000000000,0.000000000000000,0.000000000000000,0.000000000000000,0.000000000000000,0.000000000000000,0.000000000000000,0.000000000000000,0.000000000000000,0.000000000000000,0.000000000000000,0.000000000000000,0.000000000000000,0.000000000000000,0.000000000000000,0.000000000000000,0.000000000000000,0.000000000000000,0.000000000000000,0.000000000000000,0.000000000000000,0.000000000000000,0.000000000000000,0.000000000000000,0.000000000000000,0.000000000000000,0.000000000000000,0.000000000000000,0.000000000000000,0.000000000000000,0.000000000000000,0.000000000000000,0.000000000000000,0.000000000000000,0.000000000000000,0.000000000000000,0.000000000000000,0.000000000000000,0.000000000000000,0.000000000000000,0.000000000000000,0.000000000000000,0.000000000000000,0.000000000000000,0.000000000000000,0.000000000000000,0.000000000000000,0.000000000000000
1,4,24,0.000000000000000,0.000000000000000,0.000000000000000,0.000000000000000,0.000000000000000,0.000000000000000,0.000000000000000,0.000000000000000,0.000000000000000,0.000000000000000,0.000000000000000,0.000000000000000,0.000000000000000,0.000000000000000,0.000000000000000,0.000000000000000,0.000000000000000,0.000000000000000,0.000000000000000,0.000000000000000,0.000000000000000,0.000000000000000,0.000000000000000,0.000000000000000,0.000000000000000,0.000000000000000,0.000000000000000,0.000000000000000,0.000000000000000,0.000000000000000,0.000000000000000,0.000000000000000,0.000000000000000,0.000000000000000,0.000000000000000,0.000000000000000,0.000000000000000,0.000000000000000,0.000000000000000,0.000000000000000,0.000000000000000,0.000000000000000,0.000000000000000,0.000000000000000,0.000000000000000,0.000000000000000,0.000000000000000,0.000000000000000,0.000000000000000,0.000000000000000
1,4,25,0.000000000000000,0.000000000000000,0.000000000000000,0.000000000000000,0.000000000000000,0.000000000000000,0.000000000000000,0.000000000000000,0.000000000000000,0.000000000000000,0.000000000000000,0.000000000000000,0.000000000000000,0.000000000000000,0.000000000000000,0.000000000000000,0.000000000000000,0.000000000000000,0.000000000000000,0.000000000000000,0.000000000000000,0.000000000000000,0.000000000000000,0.000000000000000,0.000000000000000,0.000000000000000,0.000000000000000,0.000000000000000,0.000000000000000,0.000000000000000,0.000000000000000,0.000000000000000,0.000000000000000,0.000000000000000,0.000000000000000,0.000000000000000,0.000000000000000,0.000000000000000,0.000000000000000,0.000000000000000,0.000000000000000,0.000000000000000,0.000000000000000,0.000000000000000,0.000000000000000,0.000000000000000,0.000000000000000,0.000000000000000,0.000000000000000,0.000000000000000
1,4,26,0.000000000000000,0.000000000000000,0.000000000000000,0.000000000000000,0.000000000000000,0.000000000000000,0.000000000000000,0.000000000000000,0.000000000000000,0.000000000000000,0.000000000000000,0.000000000000000,0.000000000000000,0.000000000000000,0.000000000000000,0.000000000000000,0.000000000000000,0.000000000000000,0.000000000000000,0.000000000000000,0.000000000000000,0.000000000000000,0.000000000000000,0.000000000000000,0.000000000000000,0.000000000000000,0.000000000000000,0.000000000000000,0.000000000000000,0.000000000000000,0.000000000000000,0.000000000000000,0.000000000000000,0.000000000000000,0.000000000000000,0.000000000000000,0.000000000000000,0.000000000000000,0.000000000000000,0.000000000000000,0.000000000000000,0.000000000000000,0.000000000000000,0.000000000000000,0.000000000000000,0.000000000000000,0.000000000000000,0.000000000000000,0.000000000000000,0.000000000000000
1,4,27,0.000000000000000,0.000000000000000,0.000000000000000,0.000000000000000,0.000000000000000,0.000000000000000,0.000000000000000,0.000000000000000,0.000000000000000,0.000000000000000,0.000000000000000,0.000000000000000,0.000000000000000,0.000000000000000,0.000000000000000,0.000000000000000,0.000000000000000,0.000000000000000,0.000000000000000,0.000000000000000,0.000000000000000,0.000000000000000,0.000000000000000,0.000000000000000,0.000000000000000,0.000000000000000,0.000000000000000,0.000000000000000,0.000000000000000,0.000000000000000,0.000000000000000,0.000000000000000,0.000000000000000,0.000000000000000,0.000000000000000,0.000000000000000,0.000000000000000,0.000000000000000,0.000000000000000,0.000000000000000,0.000000000000000,0.000000000000000,0.000000000000000,0.000000000000000,0.000000000000000,0.000000000000000,0.000000000000000,0.000000000000000,0.000000000000000,0.000000000000000
1,4,28,0.000000000000000,0.000000000000000,0.000000000000000,0.000000000000000,0.000000000000000,0.000000000000000,0.000000000000000,0.000000000000000,0.000000000000000,0.000000000000000,0.000000000000000,0.000000000000000,0.000000000000000,0.000000000000000,0.000000000000000,0.000000000000000,0.000000000000000,0.000000000000000,0.000000000000000,0.000000000000000,0.000000000000000,0.000000000000000,0.000000000000000,0.000000000000000,0.000000000000000,0.000000000000000,0.000000000000000,0.000000000000000,0.000000000000000,0.000000000000000,0.000000000000000,0.000000000000000,0.000000000000000,0.000000000000000,0.000000000000000,0.000000000000000,0.000000000000000,0.000000000000000,0.000000000000000,0.000000000000000,0.000000000000000,0.000000000000000,0.000000000000000,0.000000000000000,0.000000000000000,0.000000000000000,0.000000000000000,0.000000000000000,0.000000000000000,0.000000000000000
1,4,29,0.000000000000000,0.000000000000000,0.000000000000000,0.000000000000000,0.000000000000000,0.000000000000000,0.000000000000000,0.000000000000000,0.000000000000000,0.000000000000000,0.000000000000000,0.000000000000000,0.000000000000000,0.000000000000000,0.000000000000000,0.000000000000000,0.000000000000000,0.000000000000000,0.000000000000000,0.000000000000000,0.000000000000000,0.000000000000000,0.000000000000000,0.000000000000000,0.000000000000000,0.000000000000000,0.000000000000000,0.000000000000000,0.000000000000000,0.000000000000000,0.000000000000000,0.000000000000000,0.000000000000000,0.000000000000000,0.000000000000000,0.000000000000000,0.000000000000000,0.000000000000000,0.000000000000000,0.000000000000000,0.000000000000000,0.000000000000000,0.000000000000000,0.000000000000000,0.000000000000000,0.000000000000000,0.000000000000000,0.000000000000000,0.000000000000000,0.000000000000000
1,4,30,0.000000000000000,0.000000000000000,0.000000000000000,0.000000000000000,0.000000000000000,0.000000000000000,0.000000000000000,0.000000000000000,0.000000000000000,0.000000000000000,0.000000000000000,0.000000000000000,0.000000000000000,0.000000000000000,0.000000000000000,0.000000000000000,0.000000000000000,0.000000000000000,0.000000000000000,0.000000000000000,0.000000000000000,0.000000000000000,0.000000000000000,0.000000000000000,0.000000000000000,0.000000000000000,0.000000000000000,0.000000000000000,0.000000000000000,0.000000000000000,0.000000000000000,0.000000000000000,0.000000000000000,0.000000000000000,0.000000000000000,0.000000000000000,0.000000000000000,0.000000000000000,0.000000000000000,0.000000000000000,0.000000000000000,0.000000000000000,0.000000000000000,0.000000000000000,0.000000000000000,0.000000000000000,0.000000000000000,0.000000000000000,0.000000000000000,0.000000000000000
1,4,31,0.000000000000000,0.000000000000000,0.000000000000000,0.000000000000000,0.000000000000000,0.000000000000000,0.000000000000000,0.000000000000000,0.000000000000000,0.000000000000000,0.000000000000000,0.000000000000000,0.000000000000000,0.000000000000000,0.000000000000000,0.000000000000000,0.000000000000000,0.000000000000000,0.000000000000000,0.000000000000000,0.000000000000000,0.000000000000000,0.000000000000000,0.000000000000000,0.000000000000000,0.000000000000000,0.000000000000000,0.000000000000000,0.000000000000000,0.000000000000000,0.000000000000000,0.000000000000000,0.000000000000000,0.000000000000000,0.000000000000000,0.000000000000000,0.000000000000000,0.000000000000000,0.000000000000000,0.000000000000000,0.000000000000000,0.000000000000000,0.000000000000000,0.000000000000000,0.000000000000000,0.000000000000000,0.000000000000000,0.000000000000000,0.000000000000000,0.000000000000000
1,4,32,0.000000000000000,0.000000000000000,0.000000000000000,0.000000000000000,0.000000000000000,0.000000000000000,0.000000000000000,0.000000000000000,0.000000000000000,0.000000000000000,0.000000000000000,0.000000000000000,0.000000000000000,0.000000000000000,0.000000000000000,0.000000000000000,0.000000000000000,0.000000000000000,0.000000000000000,0.000000000000000,0.000000000000000,0.000000000000000,0.000000000000000,0.000000000000000,0.000000000000000,0.000000000000000,0.000000000000000,0.000000000000000,0.000000000000000,0.000000000000000,0.000000000000000,0.000000000000000,0.000000000000000,0.000000000000000,0.000000000000000,0.000000000000000,0.000000000000000,0.000000000000000,0.000000000000000,0.000000000000000,0.000000000000000,0.000000000000000,0.000000000000000,0.000000000000000,0.000000000000000,0.000000000000000,0.000000000000000,0.000000000000000,0.000000000000000,0.000000000000000
1,4,33,0.004310344827586,0.010845986984816,0.068905382064574,0.114474175070688,0.105375951278174,0.178219781405729,0.175882967936780,0.230687128589990,0.260913657203542,0.255202992945662,0.315994961415534,0.365617952040772,0.394157671619112,1.208844444159370,2.437568872893330,0.000000000000000,0.000000000000000,0.000000000000000,0.000000000000000,0.000000000000000,0.000000000000000,0.000000000000000,0.000000000000000,0.000000000000000,0.000000000000000,0.000000000000000,0.000000000000000,0.000000000000000,0.000000000000000,0.000000000000000,0.000000000000000,0.000000000000000,0.000000000000000,0.000000000000000,0.000000000000000,0.000000000000000,0.000000000000000,0.000000000000000,0.000000000000000,0.000000000000000,0.000000000000000,0.000000000000000,0.000000000000000,0.000000000000000,0.000000000000000,0.000000000000000,0.000000000000000,0.000000000000000,0.000000000000000,0.000000000000000
1,4,34,0.048780487804878,0.055871933959824,0.183800623052959,0.215911564540736,0.398544822937142,0.383381613529545,0.366344290297208,0.469962756013352,0.574057535938418,0.794126694205941,0.919794027831398,1.101640098125780,1.046467568233510,1.266665629223810,3.727091574791930,5.102815133964080,0.000000000000000,0.000000000000000,0.000000000000000,0.000000000000000,0.000000000000000,0.000000000000000,0.000000000000000,0.000000000000000,0.000000000000000,0.000000000000000,0.000000000000000,0.000000000000000,0.000000000000000,0.000000000000000,0.000000000000000,0.000000000000000,0.000000000000000,0.000000000000000,0.000000000000000,0.000000000000000,0.000000000000000,0.000000000000000,0.000000000000000,0.000000000000000,0.000000000000000,0.000000000000000,0.000000000000000,0.000000000000000,0.000000000000000,0.000000000000000,0.000000000000000,0.000000000000000,0.000000000000000,0.000000000000000
1,4,35,0.011396011396011,0.280092592592593,0.343112507312810,0.514442916093535,0.532714964906782,0.729167300728527,0.641780766239349,0.820279797203549,0.841664736079586,1.226722805226030,1.359401743827720,1.531740032536200,1.814723809536970,2.096285040663630,2.563161741481070,6.139380444902010,8.251295336787560,0.000000000000000,0.000000000000000,0.000000000000000,0.000000000000000,0.000000000000000,0.000000000000000,0.000000000000000,0.000000000000000,0.000000000000000,0.000000000000000,0.000000000000000,0.000000000000000,0.000000000000000,0.000000000000000,0.000000000000000,0.000000000000000,0.000000000000000,0.000000000000000,0.000000000000000,0.000000000000000,0.000000000000000,0.000000000000000,0.000000000000000,0.000000000000000,0.000000000000000,0.000000000000000,0.000000000000000,0.000000000000000,0.000000000000000,0.000000000000000,0.000000000000000,0.000000000000000,0.000000000000000
1,4,36,0.048632218844985,0.278481012658228,0.316901951606625,0.659086855536666,0.675291073738680,1.100932411418200,1.195438598500150,1.339521617009950,1.468121355552980,1.215451423531510,1.762051417957760,2.255094001887550,2.524492160449780,2.921369909626680,3.312317443148380,3.452309808415930,8.734246894496450,10.625193292803800,0.000000000000000,0.000000000000000,0.000000000000000,0.000000000000000,0.000000000000000,0.000000000000000,0.000000000000000,0.000000000000000,0.000000000000000,0.000000000000000,0.000000000000000,0.000000000000000,0.000000000000000,0.000000000000000,0.000000000000000,0.000000000000000,0.000000000000000,0.000000000000000,0.000000000000000,0.000000000000000,0.000000000000000,0.000000000000000,0.000000000000000,0.000000000000000,0.000000000000000,0.000000000000000,0.000000000000000,0.000000000000000,0.000000000000000,0.000000000000000,0.000000000000000,0.000000000000000
1,4,37,0.022388059701493,0.350000000000000,0.639186977467221,0.556230194970086,1.071262535371230,1.198475384535320,1.526148036241910,1.733630995100860,1.484775512002410,2.199825741828080,2.104132572449940,2.190387931217370,2.674597514937480,2.740927358037060,3.856200325510260,4.122522539294580,4.932971526196020,10.817507229871800,13.734042553191500,0.000000000000000,0.000000000000000,0.000000000000000,0.000000000000000,0.000000000000000,0.000000000000000,0.000000000000000,0.000000000000000,0.000000000000000,0.000000000000000,0.000000000000000,0.000000000000000,0.000000000000000,0.000000000000000,0.000000000000000,0.000000000000000,0.000000000000000,0.000000000000000,0.000000000000000,0.000000000000000,0.000000000000000,0.000000000000000,0.000000000000000,0.000000000000000,0.000000000000000,0.000000000000000,0.000000000000000,0.000000000000000,0.000000000000000,0.000000000000000,0.000000000000000
1,4,38,0.026548672566372,0.206896551724138,0.351807228915663,0.627288970936972,0.794832826747720,0.847144045525816,1.526793585123860,1.805467707902100,1.781166545099900,1.802142269513160,2.317001601943330,2.647458122973030,3.239066269592840,2.829874839284780,3.788308257389140,3.936938374644180,4.806365640646320,6.095139289104090,12.974045234802200,14.499831878348800,0.000000000000000,0.000000000000000,0.000000000000000,0.000000000000000,0.000000000000000,0.000000000000000,0.000000000000000,0.000000000000000,0.000000000000000,0.000000000000000,0.000000000000000,0.000000000000000,0.000000000000000,0.000000000000000,0.000000000000000,0.000000000000000,0.000000000000000,0.000000000000000,0.000000000000000,0.000000000000000,0.000000000000000,0.000000000000000,0.000000000000000,0.000000000000000,0.000000000000000,0.000000000000000,0.000000000000000,0.000000000000000,0.000000000000000,0.000000000000000
1,4,39,0.055802496698689,0.127737226277372,0.226576351143515,0.640696887886231,0.775806451612903,0.968791106168704,1.415636763121470,1.983122436729660,2.427008238200730,2.024865596773390,2.454099696209740,2.974449283079820,3.121791515751960,3.943884954377340,4.134421348658480,4.224434777217930,5.636034291180810,5.933174950529840,6.908679679856340,14.785973055066200,14.463535228677400,0.000000000000000,0.000000000000000,0.000000000000000,0.000000000000000,0.000000000000000,0.000000000000000,0.000000000000000,0.000000000000000,0.000000000000000,0.000000000000000,0.000000000000000,0.000000000000000,0.000000000000000,0.000000000000000,0.000000000000000,0.000000000000000,0.000000000000000,0.000000000000000,0.000000000000000,0.000000000000000,0.000000000000000,0.000000000000000,0.000000000000000,0.000000000000000,0.000000000000000,0.000000000000000,0.000000000000000,0.000000000000000,0.000000000000000
1,4,40,0.027267256275065,0.185873605947955,0.383738003249433,0.692567218939004,0.947334263175251,1.578778027374090,1.483178159027940,2.068444025942160,2.008826202480540,2.929724191498720,2.757938036271510,2.757846056767830,3.501076190038350,3.638710988461080,4.328270181722440,5.363717730953460,5.517567877075810,6.225794540684490,7.176276400827500,8.179493204762840,16.771445903925500,19.304687500000000,0.000000000000000,0.000000000000000,0.000000000000000,0.000000000000000,0.000000000000000,0.000000000000000,0.000000000000000,0.000000000000000,0.000000000000000,0.000000000000000,0.000000000000000,0.000000000000000,0.000000000000000,0.000000000000000,0.000000000000000,0.000000000000000,0.000000000000000,0.000000000000000,0.000000000000000,0.000000000000000,0.000000000000000,0.000000000000000,0.000000000000000,0.000000000000000,0.000000000000000,0.000000000000000,0.000000000000000,0.000000000000000
1,4,41,0.027624309392265,0.287888296337673,0.940223003071135,0.515857339198752,1.007564891699760,1.467919730255190,1.989741427543680,1.779328210424910,2.262436407075430,3.253760277197160,3.292480120487580,3.573539414006690,3.648500391901030,4.459947059246810,4.737933563183080,5.301520453672540,6.061514212094200,6.938950440794880,6.841462993139350,8.317931489641780,9.258601979826850,19.971525961085500,21.938716498375800,0.000000000000000,0.000000000000000,0.000000000000000,0.000000000000000,0.000000000000000,0.000000000000000,0.000000000000000,0.000000000000000,0.000000000000000,0.000000000000000,0.000000000000000,0.000000000000000,0.000000000000000,0.000000000000000,0.000000000000000,0.000000000000000,0.000000000000000,0.000000000000000,0.000000000000000,0.000000000000000,0.000000000000000,0.000000000000000,0.000000000000000,0.000000000000000,0.000000000000000,0.000000000000000,0.000000000000000
1,4,42,0.095238095238095,0.850746268656716,1.303724928366760,1.977375565610860,2.646255995647850,2.158396946564890,2.887060816543260,3.667259274018240,3.614864864864860,4.669471131322290,3.702363509396530,4.496310376019220,5.355175229022030,5.231183962548450,6.394778473811310,7.405216038526740,8.093077195630770,7.603922301806500,8.256032520408380,9.707287867035250,11.382892130013800,13.048661877956500,22.648964664520200,22.560324825986100,0.000000000000000,0.000000000000000,0.000000000000000,0.000000000000000,0.000000000000000,0.000000000000000,0.000000000000000,0.000000000000000,0.000000000000000,0.000000000000000,0.000000000000000,0.000000000000000,0.000000000000000,0.000000000000000,0.000000000000000,0.000000000000000,0.000000000000000,0.000000000000000,0.000000000000000,0.000000000000000,0.000000000000000,0.000000000000000,0.000000000000000,0.000000000000000,0.000000000000000,0.000000000000000
1,4,43,0.196347031963470,0.680555555555556,1.936962750716330,2.874706039590160,3.636508789349940,4.513248242645220,4.673010478064480,4.372539451114820,4.675527822955250,5.787213594940970,5.712078668607870,6.315453672722090,6.687144482366330,7.347845111959230,7.212425503263270,8.794750239250680,9.277795067407250,9.988399603385780,10.752521683436700,10.694387576045800,12.299950612243100,13.545894041009700,15.856223175965700,26.050898511052500,27.995256713810000,0.000000000000000,0.000000000000000,0.000000000000000,0.000000000000000,0.000000000000000,0.000000000000000,0.000000000000000,0.000000000000000,0.000000000000000,0.000000000000000,0.000000000000000,0.000000000000000,0.000000000000000,0.000000000000000,0.000000000000000,0.000000000000000,0.000000000000000,0.000000000000000,0.000000000000000,0.000000000000000,0.000000000000000,0.000000000000000,0.000000000000000,0.000000000000000,0.000000000000000
1,4,44,0.060000000000000,0.722972972972973,1.517528648239310,2.820299479495460,4.694587003899400,5.460799094006210,5.355930500853130,5.775276397277070,5.066857511858660,6.468188031677370,7.065090159338430,7.225520696022890,7.616179749368900,8.127345281318050,8.544207659224010,9.428105822386550,10.986423793996900,10.877897552570100,11.228988659905400,12.444392123584600,13.245186684379300,14.253197495396400,16.303450390375400,18.970776892704900,30.051507994975800,31.037800687285200,0.000000000000000,0.000000000000000,0.000000000000000,0.000000000000000,0.000000000000000,0.000000000000000,0.000000000000000,0.000000000000000,0.000000000000000,0.000000000000000,0.000000000000000,0.000000000000000,0.000000000000000,0.000000000000000,0.000000000000000,0.000000000000000,0.000000000000000,0.000000000000000,0.000000000000000,0.000000000000000,0.000000000000000,0.000000000000000,0.000000000000000,0.000000000000000
1,4,45,0.169261923279777,0.705882352941177,1.532479852290980,2.990714573404590,5.055889916448750,5.151877793516970,5.836523726381600,6.176240597566820,4.606288657484470,5.844496890572730,7.510845139993710,7.908793801115980,7.920808586185810,7.550667014816900,8.961327486734060,10.726783577415400,10.903212738412800,11.653820548640500,11.979380360940700,13.310283896774200,13.236356879974400,14.656251849526100,15.987885211384800,19.052022127294000,20.521372217097800,32.269072134230800,36.417974844784200,0.000000000000000,0.000000000000000,0.000000000000000,0.000000000000000,0.000000000000000,0.000000000000000,0.000000000000000,0.000000000000000,0.000000000000000,0.000000000000000,0.000000000000000,0.000000000000000,0.000000000000000,0.000000000000000,0.000000000000000,0.000000000000000,0.000000000000000,0.000000000000000,0.000000000000000,0.000000000000000,0.000000000000000,0.000000000000000,0.000000000000000
1,4,46,0.052631578947368,0.352724286286970,1.346353552933650,3.096566523605150,4.010804552689060,4.594255205608990,5.273935300303630,5.566286584313180,3.913856952916440,6.527059365754470,6.308134755220700,6.703842573946440,8.490268779953470,8.006505086838090,9.271368256362460,10.186658795568600,10.617704659903700,11.940849741373700,11.691285147580000,13.444171801519000,14.312151988256200,15.156871358488000,16.793246247850800,18.209797128860200,19.340969459493900,22.136145564668700,35.624176808211200,38.365359333868100,0.000000000000000,0.000000000000000,0.000000000000000,0.000000000000000,0.000000000000000,0.000000000000000,0.000000000000000,0.000000000000000,0.000000000000000,0.000000000000000,0.000000000000000,0.000000000000000,0.000000000000000,0.000000000000000,0.000000000000000,0.000000000000000,0.000000000000000,0.000000000000000,0.000000000000000,0.000000000000000,0.000000000000000,0.000000000000000
1,4,47,0.050704225352113,0.300699300699301,1.177344530615180,2.269114571980410,3.892172222641340,4.346863246617620,4.763919455894900,5.567251645907730,4.134076059402660,6.058363375839370,6.853920512518190,6.123704242787780,7.261652117164340,7.154069854480350,7.761109422979030,8.333195443256140,9.810863226800310,9.940493762526800,12.343892058921600,12.297812723481600,12.913258088652600,14.963258318226500,16.440165152031100,18.293425811418700,19.307874370020700,20.186831701583800,24.201632303614100,35.623492837207400,37.719461697722600,0.000000000000000,0.000000000000000,0.000000000000000,0.000000000000000,0.000000000000000,0.000000000000000,0.000000000000000,0.000000000000000,0.000000000000000,0.000000000000000,0.000000000000000,0.000000000000000,0.000000000000000,0.000000000000000,0.000000000000000,0.000000000000000,0.000000000000000,0.000000000000000,0.000000000000000,0.000000000000000,0.000000000000000
1,4,48,0.045569620253165,0.280097740634196,0.833333333333333,1.795477243877160,3.041181976202500,4.773878497619630,4.521886307788610,5.933997537482850,4.425721924990010,4.959439661233100,5.651594043731000,5.950179883246070,6.777243544222690,6.058812006432030,7.311154297279700,8.590638788520370,9.451260042021370,9.449059987894150,11.192467936701700,12.687368513412300,13.970794438818100,14.514034966733400,16.187174869177100,16.291457673931000,19.335902974237100,22.083812769145000,23.153611065678400,25.683128669922900,38.790402723706400,40.000250884527600,0.000000000000000,0.000000000000000,0.000000000000000,0.000000000000000,0.000000000000000,0.000000000000000,0.000000000000000,0.000000000000000,0.000000000000000,0.000000000000000,0.000000000000000,0.000000000000000,0.000000000000000,0.000000000000000,0.000000000000000,0.000000000000000,0.000000000000000,0.000000000000000,0.000000000000000,0.000000000000000
1,4,49,0.067156804958288,0.280138311360494,1.161572052401750,1.778948960003720,2.495036590107100,3.128749124215380,3.436898637575150,5.159511812859770,5.009476514002020,4.895692270413520,5.158052629504950,5.934714535810700,5.330830652854030,6.921437722464890,8.357103374046800,7.142235986763860,9.237455147901210,10.666447334908500,11.079460794891200,11.284306289583500,13.911612843678400,14.190421782407800,16.630220553996200,16.784826381195100,19.390878835178100,19.933397985321900,23.790949829506700,23.168351870576300,28.896405192478900,40.889626723334500,43.926422898087600,0.000000000000000,0.000000000000000,0.000000000000000,0.000000000000000,0.000000000000000,0.000000000000000,0.000000000000000,0.000000000000000,0.000000000000000,0.000000000000000,0.000000000000000,0.000000000000000,0.000000000000000,0.000000000000000,0.000000000000000,0.000000000000000,0.000000000000000,0.000000000000000,0.000000000000000
1,4,50,0.080079927894678,0.358811040339703,0.740112994350283,1.709542183019810,2.668689182842760,3.500318832832210,3.576181754338900,4.302380740815690,4.176200998411550,4.429399943768410,4.329897185454740,4.734088160815850,5.726813791585070,6.048236675263100,7.259119925253400,10.056629190034200,8.883602297737520,11.187410459657800,12.033269545553500,12.745006654005600,13.413840151512400,16.909091726687700,15.441778013329000,17.751382513148500,19.035935539489000,20.753053559144300,19.932457924747200,22.817997586768000,24.869815948203000,29.326638661850600,41.674014066493400,45.174240414884300,0.000000000000000,0.000000000000000,0.000000000000000,0.000000000000000,0.000000000000000,0.000000000000000,0.000000000000000,0.000000000000000,0.000000000000000,0.000000000000000,0.000000000000000,0.000000000000000,0.000000000000000,0.000000000000000,0.000000000000000,0.000000000000000,0.000000000000000,0.000000000000000
1,4,51,0.017817371937639,0.252285191956124,1.005639097744360,2.347720922926400,1.993208828522920,2.606109921868750,2.956946863253330,3.021871624359490,3.868793490154140,4.538616222416350,4.602878009162240,4.579658992850970,4.538320884612230,5.952385718297330,7.131700837057750,7.434251421631180,9.118864359357850,9.778792329771170,11.670154688567900,11.608021709455300,14.514278598433500,14.722246523010500,14.939735137792400,18.498138181902000,18.366194676483700,19.181407880665400,21.438876056920700,21.645382326815800,25.991373998767700,25.346395616238300,32.317138309494100,44.564311917192200,50.502242152466400,0.000000000000000,0.000000000000000,0.000000000000000,0.000000000000000,0.000000000000000,0.000000000000000,0.000000000000000,0.000000000000000,0.000000000000000,0.000000000000000,0.000000000000000,0.000000000000000,0.000000000000000,0.000000000000000,0.000000000000000,0.000000000000000,0.000000000000000
1,4,52,0.066515858152307,0.324492979719189,0.897520661157025,1.550213589511720,2.103852596314910,2.297063903281520,2.271980211316880,2.457390227851360,2.508610038034880,3.665008858904420,3.440761549001980,4.232395793041710,4.586723198125040,5.740200907853230,6.367434517887600,6.766336008441210,8.526656014061650,10.785776200548800,12.541974979973300,12.754360282912300,13.466547488505900,13.773353453831500,17.166880270690300,16.013462836339200,17.682107071933400,19.404234886645300,19.921809525338100,24.651233325556800,25.092093424839000,26.732569586880600,31.045239285861800,30.343604513167500,49.159636253907300,49.966355161613600,0.000000000000000,0.000000000000000,0.000000000000000,0.000000000000000,0.000000000000000,0.000000000000000,0.000000000000000,0.000000000000000,0.000000000000000,0.000000000000000,0.000000000000000,0.000000000000000,0.000000000000000,0.000000000000000,0.000000000000000,0.000000000000000
1,4,53,0.026175993980008,0.226415094339623,0.663097779189347,1.243696629689820,1.366197183098590,2.114467408585060,1.723400688985070,1.542597221912610,2.257807505902950,2.276313244232280,3.509958618900190,3.943994588860630,4.398175932774360,4.813661411810820,5.507704464410030,7.333765795798250,8.358462864246900,9.825037312392320,12.043734863401100,12.308827042262500,12.934710182422200,13.682920262779300,15.351174861541200,19.448866212815400,18.460092198217400,19.270161601339700,22.523205825337600,27.759465155660600,25.971132494448600,27.293886485450800,30.382724252491700,27.321899278940000,31.242175327290100,48.443208194354400,57.716894977168900,0.000000000000000,0.000000000000000,0.000000000000000,0.000000000000000,0.000000000000000,0.000000000000000,0.000000000000000,0.000000000000000,0.000000000000000,0.000000000000000,0.000000000000000,0.000000000000000,0.000000000000000,0.000000000000000,0.000000000000000
1,4,54,0.039523815622616,0.348503463904068,0.558007508633316,0.805097451274363,1.248571801581690,1.362893428336440,1.911344125272040,1.541195476575120,1.615910665728800,2.614104676447960,3.863984580520290,3.427206629707710,2.772687321358020,4.163915947952780,5.462818046924380,7.328351727292850,9.393156655280090,9.975235849056600,11.748451804255500,12.867299316530500,11.688395758392100,14.794604581718100,15.365548574776300,18.604406130268200,19.567867036011100,21.826526959696600,22.681142099055900,23.118614258028500,23.483515988152900,26.340655770857700,30.270177373432000,27.575654988836700,30.647780297435500,38.315482039421800,47.764596979634100,48.272300469483600,0.000000000000000,0.000000000000000,0.000000000000000,0.000000000000000,0.000000000000000,0.000000000000000,0.000000000000000,0.000000000000000,0.000000000000000,0.000000000000000,0.000000000000000,0.000000000000000,0.000000000000000,0.000000000000000
1,4,55,0.037349397590361,0.048022598870057,0.341559582053027,0.613677489673808,0.783716999037995,1.475513428120060,1.491266404935230,2.328359437810940,2.089548592453460,2.302431610942250,2.710226258390580,3.630696795167350,3.437461659561440,4.554850640628900,5.978493135867080,6.584824327064440,7.639500415499370,9.718739589279840,10.586664934214400,11.622917897005800,12.709749895416300,14.333333333333300,14.262180974478000,18.370023419203700,19.251283725583700,19.814873809404100,23.055600342741900,23.804372401056200,25.835777803730600,25.215500945179600,28.770953293582400,25.942079645253100,32.058299376832700,32.958676956411400,41.354613449154100,50.656193920716700,56.378076062639800,0.000000000000000,0.000000000000000,0.000000000000000,0.000000000000000,0.000000000000000,0.000000000000000,0.000000000000000,0.000000000000000,0.000000000000000,0.000000000000000,0.000000000000000,0.000000000000000,0.000000000000000
1,4,56,0.036097248160805,0.151383437381555,0.294361514611558,0.471147408824436,0.881176133293717,1.296846011131730,1.585762442948700,2.477731768743000,1.958582679327700,2.426351783249950,3.091567686554500,3.303047642771410,3.061032863849770,4.407299156385650,4.748959171039120,7.095336430644970,8.269346145863420,9.214173646004440,9.160405326386370,10.879676569129400,11.937073524657400,15.249126891734600,13.875838926174500,17.239080413243600,19.429559994121200,22.535234060244100,18.753483343463500,22.587426344460500,28.934941869510800,28.946798333205400,24.655521783181400,30.116458476588100,30.278270307184400,28.222277256043500,30.060946481840200,39.546762589928100,51.445047983245200,50.033492822966500,0.000000000000000,0.000000000000000,0.000000000000000,0.000000000000000,0.000000000000000,0.000000000000000,0.000000000000000,0.000000000000000,0.000000000000000,0.000000000000000,0.000000000000000,0.000000000000000
1,4,57,0.005753155458433,0.138664960153922,0.348736187707427,0.574659330530621,1.005385601817530,1.144846158927210,1.391251367743490,2.053316609091760,1.904336734693880,2.532951030865860,2.951383270017110,2.723628969077310,3.784485852297590,4.507797960594680,5.241620111731840,7.140244983200410,9.384599801182300,8.321223442543900,12.046040060675300,11.371779141104300,13.281042677722800,14.858554325367300,16.946937497822900,17.686240555381600,16.691428956943800,21.946701375730800,22.801738359267400,22.390298058554700,27.186666598764000,23.973810812427900,28.596918202634200,29.370671058199100,29.863252797489400,29.902145586117800,34.604895104895100,38.794583725812400,43.837136113296600,52.157861861987100,52.945632431345000,0.000000000000000,0.000000000000000,0.000000000000000,0.000000000000000,0.000000000000000,0.000000000000000,0.000000000000000,0.000000000000000,0.000000000000000,0.000000000000000,0.000000000000000
1,4,58,0.009708275578727,0.114066172842894,0.206277729809489,0.452647822983566,0.711322809717134,1.053703039674230,1.041033434650460,1.968602825745680,2.013849624857090,2.662843767877370,3.054178921228890,3.309087953440060,4.066767830045520,3.904771674055580,6.215503875968990,6.343368433833780,7.964636848690460,9.806339101090310,10.907713498622600,12.459309388978000,14.406570598827600,15.034093948202700,16.647819860478000,17.212781890797500,20.231370150189300,21.328503796937900,22.589080471438500,21.166621784231600,24.513414634146300,26.681728658465300,31.409411764705900,28.891145503832400,30.139307826674800,31.971586279671100,35.281740029600000,36.008712487899300,38.509333333333300,43.857895593478800,62.179795125397400,75.556581986143200,0.000000000000000,0.000000000000000,0.000000000000000,0.000000000000000,0.000000000000000,0.000000000000000,0.000000000000000,0.000000000000000,0.000000000000000,0.000000000000000
1,4,59,0.025252525252525,0.140283536157504,0.311326038742318,0.637749086001020,0.603637912284420,1.199299338074830,1.593645318444260,1.760273600462290,2.009630818619580,1.949374671237400,2.458607578001190,2.703943180765870,4.493600069269200,4.729850746268660,6.024404737029620,6.998069460517850,8.792140024099070,9.331508178498240,11.680472630962500,14.064927625430400,14.272984441301300,14.233938800555700,17.304499501053100,18.668356249219300,18.468498374995900,22.318116975748900,21.936021475167800,27.766315266305500,26.531856740914200,27.402466433860700,27.682959048877100,28.814181413385000,33.710538138051600,31.350877192982500,34.505973389222800,37.371781207095800,40.937375745526800,38.858374621629000,46.067462627103200,62.008265735161100,63.457212713936400,0.000000000000000,0.000000000000000,0.000000000000000,0.000000000000000,0.000000000000000,0.000000000000000,0.000000000000000,0.000000000000000,0.000000000000000
1,4,60,0.000000000000000,0.191919191919192,0.176470588235294,0.439024390243902,0.000000000000000,0.888888888888889,0.048780487804878,0.827586206896552,4.192307692307690,3.176470588235290,1.238095238095240,2.360000000000000,1.194444444444440,3.666666666666670,2.464285714285710,2.171428571428570,2.861111111111110,7.281250000000000,4.500000000000000,6.464285714285710,3.806451612903230,3.323529411764710,4.023809523809520,4.031250000000000,0.000000000000000,2.622222222222220,8.173913043478260,4.875000000000000,4.000000000000000,13.410714285714300,4.444444444444440,13.153846153846200,5.909090909090910,12.375000000000000,8.477272727272730,13.634920634920600,11.923076923076900,10.800000000000000,11.848484848484800,10.418181818181800,12.693103448275900,15.000000000000000,0.000000000000000,0.000000000000000,0.000000000000000,0.000000000000000,0.000000000000000,0.000000000000000,0.000000000000000,0.000000000000000
1,4,61,0.000000000000000,0.073684210526316,0.411764705882353,0.603448275862069,0.268292682926829,0.512195121951220,1.093750000000000,0.916666666666667,0.564102564102564,0.729729729729730,1.846153846153850,1.942857142857140,4.151515151515150,1.562500000000000,1.810810810810810,2.444444444444440,1.705882352941180,3.035714285714290,0.875000000000000,3.235294117647060,4.135135135135140,5.655172413793100,4.058823529411760,7.229166666666670,1.790697674418600,5.270833333333330,5.297297297297300,16.558823529411800,8.630434782608700,13.363636363636400,5.897959183673470,13.055555555555600,6.192307692307690,3.224489795918370,9.490566037735850,11.946428571428600,12.045454545454500,6.722891566265060,8.710144927536230,12.636363636363600,17.091954022988500,17.679389312977100,4.800000000000000,0.000000000000000,0.000000000000000,0.000000000000000,0.000000000000000,0.000000000000000,0.000000000000000,0.000000000000000
1,4,62,0.034782608695652,0.000000000000000,0.000000000000000,0.000000000000000,0.000000000000000,0.891304347826087,0.170212765957447,0.484848484848485,0.648648648648649,3.500000000000000,1.777777777777780,3.323529411764710,2.857142857142860,7.090909090909090,7.640000000000000,3.925925925925930,4.217391304347830,3.764705882352940,5.148936170212770,5.714285714285710,5.551724137931030,5.641025641025640,8.037037037037040,4.461538461538460,4.240000000000000,0.696969696969697,8.568181818181820,9.971428571428570,9.704545454545460,15.916666666666700,12.314285714285700,5.425925925925930,11.333333333333300,3.976190476190480,19.109090909090900,5.367647058823530,9.312500000000000,15.890625000000000,15.062500000000000,9.530303030303030,10.736263736263700,9.171428571428570,15.157635467980300,16.272727272727300,0.000000000000000,0.000000000000000,0.000000000000000,0.000000000000000,0.000000000000000,0.000000000000000
1,4,63,0.000000000000000,0.035211267605634,0.000000000000000,0.241610738255034,0.718750000000000,1.566037735849060,1.048780487804880,0.472222222222222,0.705882352941176,1.500000000000000,0.727272727272727,2.555555555555560,4.259259259259260,0.428571428571429,2.593750000000000,5.176470588235290,5.722222222222220,7.777777777777780,1.035714285714290,10.151515151515200,3.647058823529410,4.952380952380950,2.200000000000000,6.714285714285720,10.545454545454500,11.451612903225800,12.808510638297900,10.975000000000000,8.487804878048780,5.945945945945950,7.891891891891890,8.404761904761910,9.069767441860470,9.326530612244900,10.390243902439000,15.629629629629600,11.379310344827600,12.206896551724100,12.900000000000000,9.181818181818180,21.500000000000000,27.035294117647100,27.840000000000000,13.672955974842800,13.875000000000000,0.000000000000000,0.000000000000000,0.000000000000000,0.000000000000000,0.000000000000000
1,4,64,0.000000000000000,0.000000000000000,0.040816326530612,0.218390804597701,0.000000000000000,2.108108108108110,1.057142857142860,0.000000000000000,0.100000000000000,0.352941176470588,0.000000000000000,2.064516129032260,4.000000000000000,1.758620689655170,3.480000000000000,2.133333333333330,0.750000000000000,4.461538461538460,5.225806451612900,7.296296296296300,5.025641025641030,13.758620689655200,7.210526315789470,17.851851851851900,8.666666666666670,8.868421052631580,18.833333333333300,5.076923076923080,14.727272727272700,5.441176470588240,6.419354838709680,14.424242424242400,6.444444444444440,14.500000000000000,7.309090909090910,19.897435897435900,10.230769230769200,9.777777777777780,8.982142857142860,18.038461538461500,19.867647058823500,31.678571428571400,21.648148148148100,23.277777777777800,24.173913043478300,10.000000000000000,0.000000000000000,0.000000000000000,0.000000000000000,0.000000000000000
1,4,65,0.000000000000000,0.000000000000000,0.000000000000000,0.000000000000000,0.000000000000000,0.000000000000000,0.000000000000000,0.000000000000000,0.000000000000000,0.000000000000000,0.000000000000000,0.000000000000000,0.000000000000000,0.000000000000000,0.000000000000000,5.500000000000000,0.000000000000000,0.000000000000000,0.000000000000000,0.000000000000000,0.000000000000000,0.000000000000000,0.000000000000000,0.000000000000000,0.000000000000000,0.000000000000000,0.000000000000000,0.000000000000000,0.000000000000000,0.000000000000000,0.000000000000000,0.000000000000000,0.000000000000000,0.000000000000000,0.000000000000000,0.000000000000000,36.000000000000000,12.000000000000000,0.000000000000000,24.000000000000000,9.600000000000000,42.000000000000000,0.000000000000000,18.000000000000000,1.000000000000000,6.000000000000000,0.000000000000000,0.000000000000000,0.000000000000000,0.000000000000000
1,4,66,0.000000000000000,0.000000000000000,0.000000000000000,0.000000000000000,0.000000000000000,0.000000000000000,0.000000000000000,0.000000000000000,0.000000000000000,0.000000000000000,0.000000000000000,0.000000000000000,0.000000000000000,0.000000000000000,0.000000000000000,0.000000000000000,0.000000000000000,0.000000000000000,0.000000000000000,0.000000000000000,0.000000000000000,0.000000000000000,0.000000000000000,0.000000000000000,12.000000000000000,0.000000000000000,0.000000000000000,0.000000000000000,0.000000000000000,0.000000000000000,0.000000000000000,0.000000000000000,0.000000000000000,0.000000000000000,0.000000000000000,6.000000000000000,0.000000000000000,0.000000000000000,0.000000000000000,31.000000000000000,20.000000000000000,32.250000000000000,0.000000000000000,0.000000000000000,1.400000000000000,0.000000000000000,0.000000000000000,0.000000000000000,0.000000000000000,0.000000000000000
1,4,67,0.000000000000000,0.000000000000000,0.000000000000000,0.000000000000000,0.000000000000000,0.000000000000000,0.000000000000000,0.000000000000000,0.000000000000000,0.000000000000000,0.000000000000000,0.000000000000000,0.000000000000000,0.000000000000000,0.000000000000000,0.000000000000000,0.000000000000000,0.000000000000000,0.000000000000000,0.000000000000000,0.000000000000000,0.000000000000000,0.000000000000000,0.000000000000000,0.000000000000000,0.000000000000000,0.000000000000000,0.000000000000000,0.000000000000000,0.000000000000000,0.000000000000000,0.000000000000000,0.000000000000000,0.000000000000000,4.000000000000000,0.000000000000000,0.000000000000000,23.000000000000000,4.000000000000000,0.000000000000000,0.000000000000000,17.200000000000000,0.000000000000000,10.000000000000000,0.000000000000000,0.000000000000000,0.000000000000000,0.000000000000000,0.000000000000000,0.000000000000000
1,4,68,0.000000000000000,0.000000000000000,0.000000000000000,0.000000000000000,0.000000000000000,0.000000000000000,0.000000000000000,0.000000000000000,0.000000000000000,0.000000000000000,0.000000000000000,0.000000000000000,0.000000000000000,0.000000000000000,0.000000000000000,0.000000000000000,0.000000000000000,0.000000000000000,0.000000000000000,0.000000000000000,0.000000000000000,0.000000000000000,0.000000000000000,0.000000000000000,0.000000000000000,0.000000000000000,0.000000000000000,0.000000000000000,0.000000000000000,0.000000000000000,0.000000000000000,0.000000000000000,0.000000000000000,0.000000000000000,0.000000000000000,12.000000000000000,0.000000000000000,0.000000000000000,45.000000000000000,4.000000000000000,24.000000000000000,0.000000000000000,3.000000000000000,6.250000000000000,0.000000000000000,12.000000000000000,0.000000000000000,0.000000000000000,0.000000000000000,0.000000000000000
1,4,69,0.000000000000000,0.000000000000000,0.000000000000000,0.000000000000000,0.000000000000000,0.000000000000000,0.000000000000000,0.000000000000000,0.000000000000000,0.000000000000000,0.000000000000000,0.000000000000000,0.000000000000000,0.000000000000000,0.000000000000000,0.000000000000000,0.000000000000000,0.000000000000000,0.000000000000000,0.000000000000000,0.000000000000000,0.000000000000000,0.000000000000000,0.000000000000000,0.000000000000000,0.000000000000000,0.000000000000000,0.000000000000000,0.000000000000000,0.000000000000000,0.000000000000000,0.000000000000000,0.000000000000000,0.000000000000000,0.000000000000000,0.000000000000000,18.000000000000000,0.000000000000000,0.000000000000000,0.000000000000000,24.000000000000000,29.000000000000000,0.000000000000000,0.000000000000000,0.000000000000000,0.000000000000000,0.000000000000000,0.000000000000000,0.000000000000000,0.000000000000000
1,5,20,0.000000000000000,0.000000000000000,0.000000000000000,0.000000000000000,0.000000000000000,0.000000000000000,0.000000000000000,0.000000000000000,0.000000000000000,0.000000000000000,0.000000000000000,0.000000000000000,0.000000000000000,0.000000000000000,0.000000000000000,0.000000000000000,0.000000000000000,0.000000000000000,0.000000000000000,0.000000000000000,0.000000000000000,0.000000000000000,0.000000000000000,0.000000000000000,0.000000000000000,0.000000000000000,0.000000000000000,0.000000000000000,0.000000000000000,0.000000000000000,0.000000000000000,0.000000000000000,0.000000000000000,0.000000000000000,0.000000000000000,0.000000000000000,0.000000000000000,0.000000000000000,0.000000000000000,0.000000000000000,0.000000000000000,0.000000000000000,0.000000000000000,0.000000000000000,0.000000000000000,0.000000000000000,0.000000000000000,0.000000000000000,0.000000000000000,0.000000000000000
1,5,21,0.000000000000000,0.000000000000000,0.000000000000000,0.000000000000000,0.000000000000000,0.000000000000000,0.000000000000000,0.000000000000000,0.000000000000000,0.000000000000000,0.000000000000000,0.000000000000000,0.000000000000000,0.000000000000000,0.000000000000000,0.000000000000000,0.000000000000000,0.000000000000000,0.000000000000000,0.000000000000000,0.000000000000000,0.000000000000000,0.000000000000000,0.000000000000000,0.000000000000000,0.000000000000000,0.000000000000000,0.000000000000000,0.000000000000000,0.000000000000000,0.000000000000000,0.000000000000000,0.000000000000000,0.000000000000000,0.000000000000000,0.000000000000000,0.000000000000000,0.000000000000000,0.000000000000000,0.000000000000000,0.000000000000000,0.000000000000000,0.000000000000000,0.000000000000000,0.000000000000000,0.000000000000000,0.000000000000000,0.000000000000000,0.000000000000000,0.000000000000000
1,5,22,0.000000000000000,0.000000000000000,0.000000000000000,0.000000000000000,0.000000000000000,0.000000000000000,0.000000000000000,0.000000000000000,0.000000000000000,0.000000000000000,0.000000000000000,0.000000000000000,0.000000000000000,0.000000000000000,0.000000000000000,0.000000000000000,0.000000000000000,0.000000000000000,0.000000000000000,0.000000000000000,0.000000000000000,0.000000000000000,0.000000000000000,0.000000000000000,0.000000000000000,0.000000000000000,0.000000000000000,0.000000000000000,0.000000000000000,0.000000000000000,0.000000000000000,0.000000000000000,0.000000000000000,0.000000000000000,0.000000000000000,0.000000000000000,0.000000000000000,0.000000000000000,0.000000000000000,0.000000000000000,0.000000000000000,0.000000000000000,0.000000000000000,0.000000000000000,0.000000000000000,0.000000000000000,0.000000000000000,0.000000000000000,0.000000000000000,0.000000000000000
1,5,23,0.000000000000000,0.000000000000000,0.000000000000000,0.000000000000000,0.000000000000000,0.000000000000000,0.000000000000000,0.000000000000000,0.000000000000000,0.000000000000000,0.000000000000000,0.000000000000000,0.000000000000000,0.000000000000000,0.000000000000000,0.000000000000000,0.000000000000000,0.000000000000000,0.000000000000000,0.000000000000000,0.000000000000000,0.000000000000000,0.000000000000000,0.000000000000000,0.000000000000000,0.000000000000000,0.000000000000000,0.000000000000000,0.000000000000000,0.000000000000000,0.000000000000000,0.000000000000000,0.000000000000000,0.000000000000000,0.000000000000000,0.000000000000000,0.000000000000000,0.000000000000000,0.000000000000000,0.000000000000000,0.000000000000000,0.000000000000000,0.000000000000000,0.000000000000000,0.000000000000000,0.000000000000000,0.000000000000000,0.000000000000000,0.000000000000000,0.000000000000000
1,5,24,0.000000000000000,0.000000000000000,0.000000000000000,0.000000000000000,0.000000000000000,0.000000000000000,0.000000000000000,0.000000000000000,0.000000000000000,0.000000000000000,0.000000000000000,0.000000000000000,0.000000000000000,0.000000000000000,0.000000000000000,0.000000000000000,0.000000000000000,0.000000000000000,0.000000000000000,0.000000000000000,0.000000000000000,0.000000000000000,0.000000000000000,0.000000000000000,0.000000000000000,0.000000000000000,0.000000000000000,0.000000000000000,0.000000000000000,0.000000000000000,0.000000000000000,0.000000000000000,0.000000000000000,0.000000000000000,0.000000000000000,0.000000000000000,0.000000000000000,0.000000000000000,0.000000000000000,0.000000000000000,0.000000000000000,0.000000000000000,0.000000000000000,0.000000000000000,0.000000000000000,0.000000000000000,0.000000000000000,0.000000000000000,0.000000000000000,0.000000000000000
1,5,25,0.000000000000000,0.000000000000000,0.000000000000000,0.000000000000000,0.000000000000000,0.000000000000000,0.000000000000000,0.000000000000000,0.000000000000000,0.000000000000000,0.000000000000000,0.000000000000000,0.000000000000000,0.000000000000000,0.000000000000000,0.000000000000000,0.000000000000000,0.000000000000000,0.000000000000000,0.000000000000000,0.000000000000000,0.000000000000000,0.000000000000000,0.000000000000000,0.000000000000000,0.000000000000000,0.000000000000000,0.000000000000000,0.000000000000000,0.000000000000000,0.000000000000000,0.000000000000000,0.000000000000000,0.000000000000000,0.000000000000000,0.000000000000000,0.000000000000000,0.000000000000000,0.000000000000000,0.000000000000000,0.000000000000000,0.000000000000000,0.000000000000000,0.000000000000000,0.000000000000000,0.000000000000000,0.000000000000000,0.000000000000000,0.000000000000000,0.000000000000000
1,5,26,0.000000000000000,0.000000000000000,0.000000000000000,0.000000000000000,0.000000000000000,0.000000000000000,0.000000000000000,0.000000000000000,0.000000000000000,0.000000000000000,0.000000000000000,0.000000000000000,0.000000000000000,0.000000000000000,0.000000000000000,0.000000000000000,0.000000000000000,0.000000000000000,0.000000000000000,0.000000000000000,0.000000000000000,0.000000000000000,0.000000000000000,0.000000000000000,0.000000000000000,0.000000000000000,0.000000000000000,0.000000000000000,0.000000000000000,0.000000000000000,0.000000000000000,0.000000000000000,0.000000000000000,0.000000000000000,0.000000000000000,0.000000000000000,0.000000000000000,0.000000000000000,0.000000000000000,0.000000000000000,0.000000000000000,0.000000000000000,0.000000000000000,0.000000000000000,0.000000000000000,0.000000000000000,0.000000000000000,0.000000000000000,0.000000000000000,0.000000000000000
1,5,27,0.000000000000000,0.000000000000000,0.000000000000000,0.000000000000000,0.000000000000000,0.000000000000000,0.000000000000000,0.000000000000000,0.000000000000000,0.000000000000000,0.000000000000000,0.000000000000000,0.000000000000000,0.000000000000000,0.000000000000000,0.000000000000000,0.000000000000000,0.000000000000000,0.000000000000000,0.000000000000000,0.000000000000000,0.000000000000000,0.000000000000000,0.000000000000000,0.000000000000000,0.000000000000000,0.000000000000000,0.000000000000000,0.000000000000000,0.000000000000000,0.000000000000000,0.000000000000000,0.000000000000000,0.000000000000000,0.000000000000000,0.000000000000000,0.000000000000000,0.000000000000000,0.000000000000000,0.000000000000000,0.000000000000000,0.000000000000000,0.000000000000000,0.000000000000000,0.000000000000000,0.000000000000000,0.000000000000000,0.000000000000000,0.000000000000000,0.000000000000000
1,5,28,0.000000000000000,0.000000000000000,0.000000000000000,0.000000000000000,0.000000000000000,0.000000000000000,0.000000000000000,0.000000000000000,0.000000000000000,0.000000000000000,0.000000000000000,0.000000000000000,0.000000000000000,0.000000000000000,0.000000000000000,0.000000000000000,0.000000000000000,0.000000000000000,0.000000000000000,0.000000000000000,0.000000000000000,0.000000000000000,0.000000000000000,0.000000000000000,0.000000000000000,0.000000000000000,0.000000000000000,0.000000000000000,0.000000000000000,0.000000000000000,0.000000000000000,0.000000000000000,0.000000000000000,0.000000000000000,0.000000000000000,0.000000000000000,0.000000000000000,0.000000000000000,0.000000000000000,0.000000000000000,0.000000000000000,0.000000000000000,0.000000000000000,0.000000000000000,0.000000000000000,0.000000000000000,0.000000000000000,0.000000000000000,0.000000000000000,0.000000000000000
1,5,29,0.000000000000000,0.000000000000000,0.000000000000000,0.000000000000000,0.000000000000000,0.000000000000000,0.000000000000000,0.000000000000000,0.000000000000000,0.000000000000000,0.000000000000000,0.000000000000000,0.000000000000000,0.000000000000000,0.000000000000000,0.000000000000000,0.000000000000000,0.000000000000000,0.000000000000000,0.000000000000000,0.000000000000000,0.000000000000000,0.000000000000000,0.000000000000000,0.000000000000000,0.000000000000000,0.000000000000000,0.000000000000000,0.000000000000000,0.000000000000000,0.000000000000000,0.000000000000000,0.000000000000000,0.000000000000000,0.000000000000000,0.000000000000000,0.000000000000000,0.000000000000000,0.000000000000000,0.000000000000000,0.000000000000000,0.000000000000000,0.000000000000000,0.000000000000000,0.000000000000000,0.000000000000000,0.000000000000000,0.000000000000000,0.000000000000000,0.000000000000000
1,5,30,0.000000000000000,0.000000000000000,0.000000000000000,0.000000000000000,0.000000000000000,0.000000000000000,0.000000000000000,0.000000000000000,0.000000000000000,0.000000000000000,0.000000000000000,0.000000000000000,0.000000000000000,0.000000000000000,0.000000000000000,0.000000000000000,0.000000000000000,0.000000000000000,0.000000000000000,0.000000000000000,0.000000000000000,0.000000000000000,0.000000000000000,0.000000000000000,0.000000000000000,0.000000000000000,0.000000000000000,0.000000000000000,0.000000000000000,0.000000000000000,0.000000000000000,0.000000000000000,0.000000000000000,0.000000000000000,0.000000000000000,0.000000000000000,0.000000000000000,0.000000000000000,0.000000000000000,0.000000000000000,0.000000000000000,0.000000000000000,0.000000000000000,0.000000000000000,0.000000000000000,0.000000000000000,0.000000000000000,0.000000000000000,0.000000000000000,0.000000000000000
1,5,31,0.000000000000000,0.000000000000000,0.000000000000000,0.000000000000000,0.000000000000000,0.000000000000000,0.000000000000000,0.000000000000000,0.000000000000000,0.000000000000000,0.000000000000000,0.000000000000000,0.000000000000000,0.000000000000000,0.000000000000000,0.000000000000000,0.000000000000000,0.000000000000000,0.000000000000000,0.000000000000000,0.000000000000000,0.000000000000000,0.000000000000000,0.000000000000000,0.000000000000000,0.000000000000000,0.000000000000000,0.000000000000000,0.000000000000000,0.000000000000000,0.000000000000000,0.000000000000000,0.000000000000000,0.000000000000000,0.000000000000000,0.000000000000000,0.000000000000000,0.000000000000000,0.000000000000000,0.000000000000000,0.000000000000000,0.000000000000000,0.000000000000000,0.000000000000000,0.000000000000000,0.000000000000000,0.000000000000000,0.000000000000000,0.000000000000000,0.000000000000000
1,5,32,0.000000000000000,0.000000000000000,0.000000000000000,0.000000000000000,0.000000000000000,0.000000000000000,0.000000000000000,0.000000000000000,0.000000000000000,0.000000000000000,0.000000000000000,0.000000000000000,0.000000000000000,0.000000000000000,0.000000000000000,0.000000000000000,0.000000000000000,0.000000000000000,0.000000000000000,0.000000000000000,0.000000000000000,0.000000000000000,0.000000000000000,0.000000000000000,0.000000000000000,0.000000000000000,0.000000000000000,0.000000000000000,0.000000000000000,0.000000000000000,0.000000000000000,0.000000000000000,0.000000000000000,0.000000000000000,0.000000000000000,0.000000000000000,0.000000000000000,0.000000000000000,0.000000000000000,0.000000000000000,0.000000000000000,0.000000000000000,0.000000000000000,0.000000000000000,0.000000000000000,0.000000000000000,0.000000000000000,0.000000000000000,0.000000000000000,0.000000000000000
1,5,33,0.002155172413793,0.000000000000000,0.004807352237063,0.000000000000000,0.022420415165569,0.000000000000000,0.005198511367590,0.010694105298874,0.012219096893830,0.000773342402866,0.000663854960957,0.009279643452811,0.013519920134693,0.008034142034452,0.023742553956753,0.000000000000000,0.000000000000000,0.000000000000000,0.000000000000000,0.000000000000000,0.000000000000000,0.000000000000000,0.000000000000000,0.000000000000000,0.000000000000000,0.000000000000000,0.000000000000000,0.000000000000000,0.000000000000000,0.000000000000000,0.000000000000000,0.000000000000000,0.000000000000000,0.000000000000000,0.000000000000000,0.000000000000000,0.000000000000000,0.000000000000000,0.000000000000000,0.000000000000000,0.000000000000000,0.000000000000000,0.000000000000000,0.000000000000000,0.000000000000000,0.000000000000000,0.000000000000000,0.000000000000000,0.000000000000000,0.000000000000000
1,5,34,0.000000000000000,0.000000000000000,0.014018691588785,0.000000000000000,0.042374018530673,0.000975525734172,0.005564723396920,0.007935581246004,0.008854357880798,0.014491363032955,0.039294998024443,0.038905505324145,0.012108942628768,0.016946978984264,0.031233434020709,0.028492187666378,0.000000000000000,0.000000000000000,0.000000000000000,0.000000000000000,0.000000000000000,0.000000000000000,0.000000000000000,0.000000000000000,0.000000000000000,0.000000000000000,0.000000000000000,0.000000000000000,0.000000000000000,0.000000000000000,0.000000000000000,0.000000000000000,0.000000000000000,0.000000000000000,0.000000000000000,0.000000000000000,0.000000000000000,0.000000000000000,0.000000000000000,0.000000000000000,0.000000000000000,0.000000000000000,0.000000000000000,0.000000000000000,0.000000000000000,0.000000000000000,0.000000000000000,0.000000000000000,0.000000000000000,0.000000000000000
1,5,35,0.000000000000000,0.000000000000000,0.000000000000000,0.016506189821183,0.029860704310918,0.003160928285911,0.013887064493587,0.030083611144384,0.065966169116719,0.079280904020862,0.062231827749545,0.060343400273987,0.039699186044746,0.020731149325935,0.045822424810068,0.061923209667474,0.055699481865285,0.000000000000000,0.000000000000000,0.000000000000000,0.000000000000000,0.000000000000000,0.000000000000000,0.000000000000000,0.000000000000000,0.000000000000000,0.000000000000000,0.000000000000000,0.000000000000000,0.000000000000000,0.000000000000000,0.000000000000000,0.000000000000000,0.000000000000000,0.000000000000000,0.000000000000000,0.000000000000000,0.000000000000000,0.000000000000000,0.000000000000000,0.000000000000000,0.000000000000000,0.000000000000000,0.000000000000000,0.000000000000000,0.000000000000000,0.000000000000000,0.000000000000000,0.000000000000000,0.000000000000000
1,5,36,0.000000000000000,0.000000000000000,0.003772642281031,0.016292034631243,0.034928848641656,0.037162275490910,0.018062498163585,0.010555725902364,0.047077525653124,0.063853182957802,0.033669772317664,0.043975490286552,0.056197136847249,0.026100305510385,0.057620704071638,0.089634007196195,0.069986106531045,0.089214450971647,0.000000000000000,0.000000000000000,0.000000000000000,0.000000000000000,0.000000000000000,0.000000000000000,0.000000000000000,0.000000000000000,0.000000000000000,0.000000000000000,0.000000000000000,0.000000000000000,0.000000000000000,0.000000000000000,0.000000000000000,0.000000000000000,0.000000000000000,0.000000000000000,0.000000000000000,0.000000000000000,0.000000000000000,0.000000000000000,0.000000000000000,0.000000000000000,0.000000000000000,0.000000000000000,0.000000000000000,0.000000000000000,0.000000000000000,0.000000000000000,0.000000000000000,0.000000000000000
1,5,37,0.000000000000000,0.000000000000000,0.000000000000000,0.000000000000000,0.000000000000000,0.024995644682954,0.039275868579755,0.037149235609304,0.024519228638572,0.038158295608466,0.037494089114509,0.020932606376313,0.052371526765388,0.028339386787764,0.040454318425952,0.066584088500479,0.102455783205184,0.101143543309939,0.027186761229314,0.000000000000000,0.000000000000000,0.000000000000000,0.000000000000000,0.000000000000000,0.000000000000000,0.000000000000000,0.000000000000000,0.000000000000000,0.000000000000000,0.000000000000000,0.000000000000000,0.000000000000000,0.000000000000000,0.000000000000000,0.000000000000000,0.000000000000000,0.000000000000000,0.000000000000000,0.000000000000000,0.000000000000000,0.000000000000000,0.000000000000000,0.000000000000000,0.000000000000000,0.000000000000000,0.000000000000000,0.000000000000000,0.000000000000000,0.000000000000000,0.000000000000000
1,5,38,0.000000000000000,0.000000000000000,0.012048192771084,0.007490017563427,0.013677811550152,0.008984861088910,0.007441723404341,0.000000000000000,0.027943926041660,0.028204061422494,0.015822460790053,0.072848232203458,0.061206845608330,0.023490936684710,0.034716901185751,0.061189592394221,0.070942419471020,0.116364210196008,0.090144806163281,0.034812080840477,0.000000000000000,0.000000000000000,0.000000000000000,0.000000000000000,0.000000000000000,0.000000000000000,0.000000000000000,0.000000000000000,0.000000000000000,0.000000000000000,0.000000000000000,0.000000000000000,0.000000000000000,0.000000000000000,0.000000000000000,0.000000000000000,0.000000000000000,0.000000000000000,0.000000000000000,0.000000000000000,0.000000000000000,0.000000000000000,0.000000000000000,0.000000000000000,0.000000000000000,0.000000000000000,0.000000000000000,0.000000000000000,0.000000000000000,0.000000000000000
1,5,39,0.000000000000000,0.000000000000000,0.000000000000000,0.000000000000000,0.009677419354839,0.008327717245003,0.008172912403895,0.039182151394914,0.011220565132690,0.014329478910209,0.009644933303881,0.025166183325765,0.042508660631255,0.103382095850914,0.080141863098996,0.037432562066536,0.142354476938398,0.124830907172683,0.106500316629732,0.102437218452588,0.121137206427689,0.000000000000000,0.000000000000000,0.000000000000000,0.000000000000000,0.000000000000000,0.000000000000000,0.000000000000000,0.000000000000000,0.000000000000000,0.000000000000000,0.000000000000000,0.000000000000000,0.000000000000000,0.000000000000000,0.000000000000000,0.000000000000000,0.000000000000000,0.000000000000000,0.000000000000000,0.000000000000000,0.000000000000000,0.000000000000000,0.000000000000000,0.000000000000000,0.000000000000000,0.000000000000000,0.000000000000000,0.000000000000000,0.000000000000000
1,5,40,0.000000000000000,0.000000000000000,0.000000000000000,0.023155742882459,0.000000000000000,0.024464535548152,0.019476076835721,0.013490454873007,0.006467566653189,0.019298306736920,0.010777873350605,0.067182607960239,0.077870911700141,0.066335749923687,0.041952711598465,0.073145033024390,0.101246557615776,0.109189636395933,0.152627472935398,0.088857749004591,0.108985980605501,0.147321428571429,0.000000000000000,0.000000000000000,0.000000000000000,0.000000000000000,0.000000000000000,0.000000000000000,0.000000000000000,0.000000000000000,0.000000000000000,0.000000000000000,0.000000000000000,0.000000000000000,0.000000000000000,0.000000000000000,0.000000000000000,0.000000000000000,0.000000000000000,0.000000000000000,0.000000000000000,0.000000000000000,0.000000000000000,0.000000000000000,0.000000000000000,0.000000000000000,0.000000000000000,0.000000000000000,0.000000000000000,0.000000000000000
1,5,41,0.000000000000000,0.000000000000000,0.000000000000000,0.004544998583249,0.013537340195582,0.003716252481659,0.000000000000000,0.012709487217321,0.007691001950398,0.017990775624313,0.094870132766173,0.119151696454839,0.040488906938482,0.011556761976023,0.040226812195176,0.081529618689600,0.138721888004026,0.072340420573935,0.103014688396602,0.125265152494116,0.105410881557277,0.113724558237694,0.156831458977908,0.000000000000000,0.000000000000000,0.000000000000000,0.000000000000000,0.000000000000000,0.000000000000000,0.000000000000000,0.000000000000000,0.000000000000000,0.000000000000000,0.000000000000000,0.000000000000000,0.000000000000000,0.000000000000000,0.000000000000000,0.000000000000000,0.000000000000000,0.000000000000000,0.000000000000000,0.000000000000000,0.000000000000000,0.000000000000000,0.000000000000000,0.000000000000000,0.000000000000000,0.000000000000000,0.000000000000000
1,5,42,0.000000000000000,0.007462686567164,0.000000000000000,0.000000000000000,0.012216664382451,0.000000000000000,0.000000000000000,0.004592628439303,0.009459459459459,0.012686801933070,0.028460682057527,0.054376265741859,0.075112476156835,0.096093988166525,0.051560714616958,0.020889184875957,0.137151383311406,0.074460016083546,0.033045884540620,0.170030230695145,0.075460607270918,0.140422234267625,0.127481509635866,0.074245939675174,0.000000000000000,0.000000000000000,0.000000000000000,0.000000000000000,0.000000000000000,0.000000000000000,0.000000000000000,0.000000000000000,0.000000000000000,0.000000000000000,0.000000000000000,0.000000000000000,0.000000000000000,0.000000000000000,0.000000000000000,0.000000000000000,0.000000000000000,0.000000000000000,0.000000000000000,0.000000000000000,0.000000000000000,0.000000000000000,0.000000000000000,0.000000000000000,0.000000000000000,0.000000000000000
1,5,43,0.000000000000000,0.000000000000000,0.008595988538682,0.000000000000000,0.008178482572367,0.000000000000000,0.008275121880241,0.040058908685518,0.003840795035286,0.011997881578710,0.054801865061386,0.031005483356238,0.071672354948806,0.056266304402676,0.115593109617046,0.094168318590290,0.119975367902182,0.072848162652116,0.191792723202868,0.166981211265443,0.158128073767340,0.114214613194549,0.163948497854077,0.157775246944056,0.203797316983857,0.000000000000000,0.000000000000000,0.000000000000000,0.000000000000000,0.000000000000000,0.000000000000000,0.000000000000000,0.000000000000000,0.000000000000000,0.000000000000000,0.000000000000000,0.000000000000000,0.000000000000000,0.000000000000000,0.000000000000000,0.000000000000000,0.000000000000000,0.000000000000000,0.000000000000000,0.000000000000000,0.000000000000000,0.000000000000000,0.000000000000000,0.000000000000000,0.000000000000000
1,5,44,0.000000000000000,0.000000000000000,0.005448935900321,0.006833025921440,0.000000000000000,0.005473570759111,0.003085368880983,0.063073916834836,0.015150791363952,0.012868550738672,0.057866044962803,0.045000082881494,0.022525671292908,0.041103047319926,0.148036837443500,0.086017016493503,0.161307832107155,0.211997493701325,0.085240975280823,0.210897829426797,0.207626738153016,0.284757604671389,0.158609853618349,0.187734807569696,0.185874296379029,0.134020618556701,0.000000000000000,0.000000000000000,0.000000000000000,0.000000000000000,0.000000000000000,0.000000000000000,0.000000000000000,0.000000000000000,0.000000000000000,0.000000000000000,0.000000000000000,0.000000000000000,0.000000000000000,0.000000000000000,0.000000000000000,0.000000000000000,0.000000000000000,0.000000000000000,0.000000000000000,0.000000000000000,0.000000000000000,0.000000000000000,0.000000000000000,0.000000000000000
1,5,45,0.000000000000000,0.000000000000000,0.000000000000000,0.071902979976669,0.007041159127414,0.018445677742632,0.003446964186130,0.038563039813806,0.014621720077229,0.022694254312411,0.034478721631606,0.041760484978818,0.000000000000000,0.051586658362105,0.048222385372898,0.114664192709274,0.156679640973457,0.170355288706120,0.168045896304847,0.234446620299092,0.216016682731836,0.317662688380171,0.277530543127394,0.289850992098168,0.197214308168154,0.246183111888854,0.306621550811764,0.000000000000000,0.000000000000000,0.000000000000000,0.000000000000000,0.000000000000000,0.000000000000000,0.000000000000000,0.000000000000000,0.000000000000000,0.000000000000000,0.000000000000000,0.000000000000000,0.000000000000000,0.000000000000000,0.000000000000000,0.000000000000000,0.000000000000000,0.000000000000000,0.000000000000000,0.000000000000000,0.000000000000000,0.000000000000000,0.000000000000000
1,5,46,0.000000000000000,0.037895997700253,0.000000000000000,0.000000000000000,0.000000000000000,0.041212117679020,0.019703005383284,0.013253063295984,0.003447751071920,0.008836906281899,0.023647601354866,0.057940529785856,0.071907342790234,0.100408409466766,0.110612326586741,0.136326336827722,0.238954762993306,0.151957396551653,0.267883211817671,0.249161529916470,0.239007828636929,0.348965990518668,0.292555145835729,0.243809580726912,0.318879427205908,0.304367304487891,0.207411094330394,0.441795675898680,0.000000000000000,0.000000000000000,0.000000000000000,0.000000000000000,0.000000000000000,0.000000000000000,0.000000000000000,0.000000000000000,0.000000000000000,0.000000000000000,0.000000000000000,0.000000000000000,0.000000000000000,0.000000000000000,0.000000000000000,0.000000000000000,0.000000000000000,0.000000000000000,0.000000000000000,0.000000000000000,0.000000000000000,0.000000000000000
1,5,47,0.000000000000000,0.018648018648019,0.006262470907528,0.013181578426442,0.008400868386453,0.033055439472767,0.003360596594918,0.032072179708450,0.049117735359240,0.011917742686802,0.022064935251568,0.034662417162608,0.101857741824654,0.097935115001102,0.075312993739121,0.109870729804408,0.217634948915372,0.158217701418493,0.182609821482071,0.285476394436936,0.265128448773447,0.233681730072864,0.307243722192738,0.321249208257092,0.349083962808775,0.243473131784628,0.270092143280311,0.206974299503372,0.241200828157350,0.000000000000000,0.000000000000000,0.000000000000000,0.000000000000000,0.000000000000000,0.000000000000000,0.000000000000000,0.000000000000000,0.000000000000000,0.000000000000000,0.000000000000000,0.000000000000000,0.000000000000000,0.000000000000000,0.000000000000000,0.000000000000000,0.000000000000000,0.000000000000000,0.000000000000000,0.000000000000000,0.000000000000000
1,5,48,0.000000000000000,0.000000000000000,0.000000000000000,0.001854831863509,0.000000000000000,0.035421695429218,0.033427922974244,0.007041377978944,0.041550163164913,0.037848997906998,0.043068530597042,0.046946425296099,0.058953057969926,0.048361157781689,0.058749601283746,0.212692215115187,0.161630519725039,0.253082767009496,0.296302338085283,0.292641520765039,0.264801095094809,0.264284864080679,0.234575978829531,0.242621236725643,0.302855937451061,0.319611088847658,0.263527334639212,0.283648955033603,0.240898020440122,0.235534906980249,0.000000000000000,0.000000000000000,0.000000000000000,0.000000000000000,0.000000000000000,0.000000000000000,0.000000000000000,0.000000000000000,0.000000000000000,0.000000000000000,0.000000000000000,0.000000000000000,0.000000000000000,0.000000000000000,0.000000000000000,0.000000000000000,0.000000000000000,0.000000000000000,0.000000000000000,0.000000000000000
1,5,49,0.000000000000000,0.002044805192412,0.000000000000000,0.011318869310734,0.000000000000000,0.009736771133450,0.005987628288458,0.056867438488145,0.056351192398638,0.030261400281972,0.049353300429513,0.038453114735318,0.046833566025513,0.101669560147191,0.010076893135909,0.109789780613162,0.075318806055197,0.173941651968453,0.217604392839084,0.298700797159560,0.190011555899645,0.121888671185614,0.241457796312419,0.259931732367893,0.417394714580556,0.252617741613212,0.239992909612684,0.320020222446916,0.226385704757148,0.208800516930063,0.099878735419125,0.000000000000000,0.000000000000000,0.000000000000000,0.000000000000000,0.000000000000000,0.000000000000000,0.000000000000000,0.000000000000000,0.000000000000000,0.000000000000000,0.000000000000000,0.000000000000000,0.000000000000000,0.000000000000000,0.000000000000000,0.000000000000000,0.000000000000000,0.000000000000000,0.000000000000000
1,5,50,0.000000000000000,0.006369426751592,0.009416195856874,0.000000000000000,0.030146295796286,0.005007609202907,0.000000000000000,0.022985173722031,0.040668176277346,0.000000000000000,0.079079113468695,0.011493604922402,0.029371109344949,0.089426906857700,0.047332047858682,0.191628662491855,0.158732166982790,0.151550780255632,0.191657829379167,0.305747944368839,0.195047556040765,0.241680881105709,0.283940854036961,0.413960457532485,0.279787050439290,0.398003199360718,0.168666731752887,0.384934440457333,0.309719766212660,0.243473342198885,0.207001085517701,0.204896877951212,0.000000000000000,0.000000000000000,0.000000000000000,0.000000000000000,0.000000000000000,0.000000000000000,0.000000000000000,0.000000000000000,0.000000000000000,0.000000000000000,0.000000000000000,0.000000000000000,0.000000000000000,0.000000000000000,0.000000000000000,0.000000000000000,0.000000000000000,0.000000000000000
1,5,51,0.000000000000000,0.001828153564899,0.000000000000000,0.003496233690136,0.000000000000000,0.000000000000000,0.022833566511609,0.037852254167342,0.022319962443197,0.018730797108385,0.014470322406626,0.081517128264928,0.063211405158044,0.125754955686635,0.077460956204378,0.172651823374957,0.288106853132976,0.204470146532403,0.341255054909344,0.316157239145520,0.190627640871009,0.278671461741247,0.325766483395684,0.232174345495381,0.182061566862577,0.310044713651957,0.331019618710796,0.249325034251575,0.221195317313617,0.255375221030135,0.211720278262907,0.214867544609397,0.183856502242152,0.000000000000000,0.000000000000000,0.000000000000000,0.000000000000000,0.000000000000000,0.000000000000000,0.000000000000000,0.000000000000000,0.000000000000000,0.000000000000000,0.000000000000000,0.000000000000000,0.000000000000000,0.000000000000000,0.000000000000000,0.000000000000000,0.000000000000000
1,5,52,0.010393102836298,0.000000000000000,0.008264462809917,0.006493041212615,0.005025125628141,0.000000000000000,0.003220383006828,0.078197251664871,0.024852197346499,0.034821936901705,0.063625387345524,0.034429083203021,0.033802381845593,0.087861687245626,0.072673360201028,0.164789903135195,0.308810146744067,0.170080424749995,0.368197884991898,0.286630517178461,0.281679702257248,0.235799959526968,0.316566160734427,0.222272024735112,0.291714208929395,0.231466602521693,0.342102334688839,0.202443129569555,0.185788717975326,0.275926240853198,0.297930192801041,0.237033188410832,0.221566011643381,0.096963211957043,0.000000000000000,0.000000000000000,0.000000000000000,0.000000000000000,0.000000000000000,0.000000000000000,0.000000000000000,0.000000000000000,0.000000000000000,0.000000000000000,0.000000000000000,0.000000000000000,0.000000000000000,0.000000000000000,0.000000000000000,0.000000000000000
1,5,53,0.000000000000000,0.040638606676343,0.010573313107803,0.024536554963055,0.000000000000000,0.019077901430843,0.000000000000000,0.000000000000000,0.024518737211686,0.103622237892686,0.010248239570456,0.033587900199927,0.065804400572683,0.089232423327118,0.125478482708324,0.214363855791902,0.224048723555256,0.195939588753777,0.335133873467900,0.219923613281229,0.377683339876551,0.189216088232577,0.412725560153310,0.321867509925292,0.352790726634279,0.395093593412551,0.329871888208156,0.217034099496970,0.300518134715026,0.294395238546792,0.241860465116279,0.199977510009833,0.231311092104499,0.228740334659845,0.216133942161339,0.000000000000000,0.000000000000000,0.000000000000000,0.000000000000000,0.000000000000000,0.000000000000000,0.000000000000000,0.000000000000000,0.000000000000000,0.000000000000000,0.000000000000000,0.000000000000000,0.000000000000000,0.000000000000000,0.000000000000000
1,5,54,0.000000000000000,0.000000000000000,0.013985150592314,0.008995502248876,0.019763608588465,0.044851057620414,0.024546371471816,0.033925686591276,0.011260701503337,0.056544838681594,0.026275679051517,0.043950714138738,0.038068933474023,0.093063255541729,0.143387740211113,0.180205370343267,0.198151251040415,0.364386792452830,0.115535967341256,0.274262155793804,0.285830629055282,0.229522706748573,0.441387223120361,0.205938697318008,0.304709141274238,0.211103146645981,0.171696293084003,0.167191576354638,0.313005386549917,0.257094653052790,0.280513717091204,0.177967374980993,0.187993940706572,0.254637440814402,0.162443921556559,0.143974960876369,0.000000000000000,0.000000000000000,0.000000000000000,0.000000000000000,0.000000000000000,0.000000000000000,0.000000000000000,0.000000000000000,0.000000000000000,0.000000000000000,0.000000000000000,0.000000000000000,0.000000000000000,0.000000000000000
1,5,55,0.000000000000000,0.000000000000000,0.034311921484779,0.000000000000000,0.025094386668704,0.028436018957346,0.025821846370302,0.039169427238853,0.027172283386911,0.007598784194529,0.025719822143683,0.041522149990478,0.075795658905357,0.045438826480302,0.108680753605497,0.196519411145089,0.263686459949367,0.144901931195791,0.261713953115088,0.398442401329336,0.455590724792097,0.334554334554335,0.215777262180974,0.346604215456674,0.263379881694942,0.253151697913409,0.239040767296303,0.181790825457925,0.285834800826427,0.341209829867675,0.242125178469615,0.230297074152070,0.301298150179362,0.149622032458570,0.304867107875930,0.164115636601959,0.060402684563758,0.000000000000000,0.000000000000000,0.000000000000000,0.000000000000000,0.000000000000000,0.000000000000000,0.000000000000000,0.000000000000000,0.000000000000000,0.000000000000000,0.000000000000000,0.000000000000000,0.000000000000000
1,5,56,0.000000000000000,0.000000000000000,0.001242031707222,0.000000000000000,0.013864659439936,0.016697588126160,0.073831044914616,0.000000000000000,0.024300033242279,0.016571554581104,0.030593638564862,0.025793206213649,0.017214397496088,0.062483964300885,0.113514741154504,0.329441883770998,0.303080598950079,0.239084549707616,0.291633142852551,0.252265661052340,0.275873859126650,0.343422584400466,0.269574944071588,0.205500492406141,0.271620856550773,0.155983162116668,0.352140147740957,0.256905457974184,0.325485107676489,0.342708800277654,0.298885511651469,0.218454659019954,0.231360389797795,0.300063206774080,0.206624897323768,0.363709032773781,0.155685253161290,0.167464114832536,0.000000000000000,0.000000000000000,0.000000000000000,0.000000000000000,0.000000000000000,0.000000000000000,0.000000000000000,0.000000000000000,0.000000000000000,0.000000000000000,0.000000000000000,0.000000000000000
1,5,57,0.000000000000000,0.005416600006013,0.007117065055254,0.012226794266609,0.059877535842319,0.016101915034138,0.001476912279982,0.018866615091195,0.000000000000000,0.021333108064564,0.096409780158620,0.026938547846158,0.064792753891476,0.088491785338366,0.145251396648045,0.151020980546447,0.235330086452479,0.247974603233025,0.260033244698872,0.332515337423313,0.185076515461886,0.361483036940186,0.360935377691225,0.264306439700517,0.393069815638711,0.353316004530065,0.239257520451106,0.243852431920781,0.242611246730940,0.315563889964467,0.321361042400923,0.276162283179969,0.287651186270998,0.358153073747695,0.297202797202797,0.228974391227470,0.266719118804091,0.174364682234699,0.166653483250358,0.000000000000000,0.000000000000000,0.000000000000000,0.000000000000000,0.000000000000000,0.000000000000000,0.000000000000000,0.000000000000000,0.000000000000000,0.000000000000000,0.000000000000000
1,5,58,0.000000000000000,0.000000000000000,0.000000000000000,0.004727392407139,0.000000000000000,0.035379810091252,0.024316109422492,0.036106750392465,0.051798158706379,0.005745304549141,0.042609372094872,0.030491111113172,0.066767830045524,0.039236633866580,0.240310077519380,0.283517507762575,0.225825643930410,0.171525943936499,0.276859504132231,0.307767011054403,0.218027261681908,0.268228844509534,0.300217722494136,0.172037272974831,0.233755896345606,0.237536106426538,0.149536279888063,0.254101101851519,0.318292682926829,0.273627703596381,0.223529411764706,0.283977483320402,0.126821297538700,0.335773683098852,0.234735923875823,0.168441432720232,0.221333333333333,0.187612880534826,0.196043800777111,0.161662817551963,0.000000000000000,0.000000000000000,0.000000000000000,0.000000000000000,0.000000000000000,0.000000000000000,0.000000000000000,0.000000000000000,0.000000000000000,0.000000000000000
1,5,59,0.000000000000000,0.004893611726425,0.000000000000000,0.000000000000000,0.000000000000000,0.016618466578404,0.022319962443197,0.036057746005745,0.000000000000000,0.000000000000000,0.025151995682877,0.023875877975858,0.050301493312715,0.047761194029851,0.188310491144763,0.112087097787009,0.265407018933556,0.462080766655397,0.362626603809227,0.275431854018025,0.305516265912306,0.382573359960598,0.474862322570765,0.379286289810213,0.396802228210182,0.330955777460770,0.317509706471449,0.364971356297883,0.271374359772539,0.168516185168667,0.186261558784676,0.274942207711675,0.344388141359077,0.245614035087719,0.194942814716782,0.282683314915699,0.200795228628231,0.220508404998018,0.087223416221722,0.239967406851749,0.229828850855746,0.000000000000000,0.000000000000000,0.000000000000000,0.000000000000000,0.000000000000000,0.000000000000000,0.000000000000000,0.000000000000000,0.000000000000000
1,5,60,0.000000000000000,0.000000000000000,0.000000000000000,0.000000000000000,0.000000000000000,0.203703703703704,0.000000000000000,0.000000000000000,0.000000000000000,0.000000000000000,0.000000000000000,0.000000000000000,0.000000000000000,0.000000000000000,0.250000000000000,0.114285714285714,0.666666666666667,0.281250000000000,0.000000000000000,0.000000000000000,0.000000000000000,0.000000000000000,0.000000000000000,0.000000000000000,0.000000000000000,0.266666666666667,0.717391304347826,0.625000000000000,0.846153846153846,0.000000000000000,0.466666666666667,0.000000000000000,0.363636363636364,0.354166666666667,0.204545454545455,0.333333333333333,0.000000000000000,0.309090909090909,0.015151515151515,0.181818181818182,0.213793103448276,0.000000000000000,0.000000000000000,0.000000000000000,0.000000000000000,0.000000000000000,0.000000000000000,0.000000000000000,0.000000000000000,0.000000000000000
1,5,61,0.000000000000000,0.000000000000000,0.000000000000000,0.000000000000000,0.000000000000000,0.000000000000000,0.000000000000000,0.000000000000000,0.000000000000000,0.000000000000000,0.000000000000000,0.342857142857143,0.000000000000000,0.375000000000000,0.000000000000000,0.000000000000000,0.000000000000000,0.000000000000000,0.000000000000000,0.000000000000000,0.324324324324324,0.000000000000000,0.000000000000000,0.000000000000000,0.000000000000000,0.000000000000000,0.000000000000000,0.000000000000000,0.456521739130435,0.477272727272727,0.000000000000000,0.000000000000000,0.230769230769231,0.102040816326531,0.264150943396226,0.053571428571429,0.272727272727273,0.000000000000000,0.000000000000000,0.000000000000000,0.241379310344828,0.396946564885496,0.000000000000000,0.000000000000000,0.000000000000000,0.000000000000000,0.000000000000000,0.000000000000000,0.000000000000000,0.000000000000000
1,5,62,0.000000000000000,0.000000000000000,0.000000000000000,0.000000000000000,0.000000000000000,0.000000000000000,0.000000000000000,0.000000000000000,0.000000000000000,0.000000000000000,0.666666666666667,0.000000000000000,0.571428571428571,0.000000000000000,0.000000000000000,0.000000000000000,0.000000000000000,0.000000000000000,0.000000000000000,0.000000000000000,0.310344827586207,0.461538461538462,0.000000000000000,0.000000000000000,0.000000000000000,0.000000000000000,0.477272727272727,0.000000000000000,0.204545454545455,0.250000000000000,0.314285714285714,0.000000000000000,0.388888888888889,0.000000000000000,0.236363636363636,0.000000000000000,0.000000000000000,0.000000000000000,0.515625000000000,0.045454545454546,0.153846153846154,0.142857142857143,0.374384236453202,0.000000000000000,0.000000000000000,0.000000000000000,0.000000000000000,0.000000000000000,0.000000000000000,0.000000000000000
1,5,63,0.000000000000000,0.000000000000000,0.000000000000000,0.000000000000000,0.000000000000000,0.000000000000000,0.024390243902439,0.000000000000000,0.000000000000000,0.000000000000000,0.000000000000000,0.000000000000000,0.000000000000000,0.607142857142857,0.375000000000000,0.000000000000000,0.333333333333333,0.444444444444444,0.000000000000000,0.363636363636364,0.000000000000000,0.000000000000000,0.000000000000000,0.000000000000000,0.969696969696970,0.677419354838710,0.042553191489362,0.825000000000000,0.146341463414634,0.567567567567568,0.864864864864865,1.547619047619050,0.000000000000000,0.000000000000000,0.000000000000000,0.222222222222222,0.000000000000000,0.224137931034483,0.000000000000000,0.311688311688312,0.262500000000000,0.635294117647059,0.226666666666667,0.276729559748428,0.000000000000000,0.000000000000000,0.000000000000000,0.000000000000000,0.000000000000000,0.000000000000000
1,5,64,0.000000000000000,0.000000000000000,0.000000000000000,0.000000000000000,0.000000000000000,0.000000000000000,0.314285714285714,0.000000000000000,0.000000000000000,0.000000000000000,0.000000000000000,0.000000000000000,0.000000000000000,0.000000000000000,0.000000000000000,0.000000000000000,0.000000000000000,0.000000000000000,0.000000000000000,0.000000000000000,0.000000000000000,0.000000000000000,0.000000000000000,0.000000000000000,0.272727272727273,0.289473684210526,1.000000000000000,0.000000000000000,0.000000000000000,0.352941176470588,0.000000000000000,0.454545454545455,0.111111111111111,0.000000000000000,0.436363636363636,0.000000000000000,0.000000000000000,0.000000000000000,0.000000000000000,0.923076923076923,0.441176470588235,0.107142857142857,0.611111111111111,0.777777777777778,0.273291925465838,0.000000000000000,0.000000000000000,0.000000000000000,0.000000000000000,0.000000000000000
1,5,65,0.000000000000000,0.000000000000000,0.000000000000000,0.000000000000000,0.000000000000000,0.000000000000000,0.000000000000000,0.000000000000000,0.000000000000000,0.000000000000000,0.000000000000000,0.000000000000000,0.000000000000000,0.000000000000000,0.000000000000000,0.000000000000000,0.000000000000000,0.000000000000000,0.000000000000000,0.000000000000000,0.000000000000000,0.000000000000000,0.000000000000000,0.000000000000000,0.000000000000000,0.000000000000000,0.000000000000000,0.000000000000000,0.000000000000000,0.000000000000000,0.000000000000000,0.000000000000000,0.000000000000000,0.000000000000000,0.000000000000000,0.000000000000000,0.000000000000000,0.000000000000000,0.000000000000000,0.000000000000000,0.000000000000000,0.000000000000000,0.000000000000000,0.000000000000000,0.000000000000000,0.000000000000000,0.000000000000000,0.000000000000000,0.000000000000000,0.000000000000000
1,5,66,0.000000000000000,0.000000000000000,0.000000000000000,0.000000000000000,0.000000000000000,0.000000000000000,0.000000000000000,0.000000000000000,0.000000000000000,0.000000000000000,0.000000000000000,0.000000000000000,0.000000000000000,0.000000000000000,0.000000000000000,0.000000000000000,0.000000000000000,0.000000000000000,0.000000000000000,0.000000000000000,0.000000000000000,0.000000000000000,0.000000000000000,0.000000000000000,0.000000000000000,0.000000000000000,0.000000000000000,0.000000000000000,0.000000000000000,0.000000000000000,0.000000000000000,0.000000000000000,0.000000000000000,0.000000000000000,0.000000000000000,0.000000000000000,0.000000000000000,0.000000000000000,0.000000000000000,0.000000000000000,0.000000000000000,0.000000000000000,0.000000000000000,0.000000000000000,0.000000000000000,0.000000000000000,0.000000000000000,0.000000000000000,0.000000000000000,0.000000000000000
1,5,67,0.000000000000000,0.000000000000000,0.000000000000000,0.000000000000000,0.000000000000000,0.000000000000000,0.000000000000000,0.000000000000000,0.000000000000000,0.000000000000000,0.000000000000000,0.000000000000000,0.000000000000000,0.000000000000000,0.000000000000000,0.000000000000000,0.000000000000000,0.000000000000000,0.000000000000000,0.000000000000000,0.000000000000000,0.000000000000000,0.000000000000000,0.000000000000000,0.000000000000000,0.000000000000000,0.000000000000000,0.000000000000000,0.000000000000000,0.000000000000000,0.000000000000000,0.000000000000000,0.000000000000000,0.000000000000000,0.000000000000000,0.000000000000000,0.000000000000000,0.000000000000000,0.000000000000000,0.000000000000000,0.000000000000000,0.000000000000000,0.000000000000000,0.000000000000000,0.000000000000000,0.000000000000000,0.000000000000000,0.000000000000000,0.000000000000000,0.000000000000000
1,5,68,0.000000000000000,0.000000000000000,0.000000000000000,0.000000000000000,0.000000000000000,0.000000000000000,0.000000000000000,0.000000000000000,0.000000000000000,0.000000000000000,0.000000000000000,0.000000000000000,0.000000000000000,0.000000000000000,0.000000000000000,0.000000000000000,0.000000000000000,0.000000000000000,0.000000000000000,0.000000000000000,0.000000000000000,0.000000000000000,0.000000000000000,0.000000000000000,0.000000000000000,0.000000000000000,0.000000000000000,0.000000000000000,0.000000000000000,0.000000000000000,0.000000000000000,0.000000000000000,0.000000000000000,0.000000000000000,0.000000000000000,0.000000000000000,0.000000000000000,0.000000000000000,0.000000000000000,0.000000000000000,0.000000000000000,0.000000000000000,0.000000000000000,0.000000000000000,0.000000000000000,0.000000000000000,0.000000000000000,0.000000000000000,0.000000000000000,0.000000000000000
1,5,69,0.000000000000000,0.000000000000000,0.000000000000000,0.000000000000000,0.000000000000000,0.000000000000000,0.000000000000000,0.000000000000000,0.000000000000000,0.000000000000000,0.000000000000000,0.000000000000000,0.000000000000000,0.000000000000000,0.000000000000000,0.000000000000000,0.000000000000000,0.000000000000000,0.000000000000000,0.000000000000000,0.000000000000000,0.000000000000000,0.000000000000000,0.000000000000000,0.000000000000000,0.000000000000000,0.000000000000000,0.000000000000000,0.000000000000000,0.000000000000000,0.000000000000000,0.000000000000000,0.000000000000000,0.000000000000000,0.000000000000000,0.000000000000000,0.000000000000000,0.000000000000000,0.000000000000000,0.000000000000000,0.000000000000000,0.000000000000000,0.000000000000000,0.000000000000000,0.000000000000000,0.000000000000000,0.000000000000000,0.000000000000000,0.000000000000000,0.000000000000000
1,6,20,0.000000000000000,0.000000000000000,0.000000000000000,0.000000000000000,0.000000000000000,0.000000000000000,0.000000000000000,0.000000000000000,0.000000000000000,0.000000000000000,0.000000000000000,0.000000000000000,0.000000000000000,0.000000000000000,0.000000000000000,0.000000000000000,0.000000000000000,0.000000000000000,0.000000000000000,0.000000000000000,0.000000000000000,0.000000000000000,0.000000000000000,0.000000000000000,0.000000000000000,0.000000000000000,0.000000000000000,0.000000000000000,0.000000000000000,0.000000000000000,0.000000000000000,0.000000000000000,0.000000000000000,0.000000000000000,0.000000000000000,0.000000000000000,0.000000000000000,0.000000000000000,0.000000000000000,0.000000000000000,0.000000000000000,0.000000000000000,0.000000000000000,0.000000000000000,0.000000000000000,0.000000000000000,0.000000000000000,0.000000000000000,0.000000000000000,0.000000000000000
1,6,21,0.000000000000000,0.000000000000000,0.000000000000000,0.000000000000000,0.000000000000000,0.000000000000000,0.000000000000000,0.000000000000000,0.000000000000000,0.000000000000000,0.000000000000000,0.000000000000000,0.000000000000000,0.000000000000000,0.000000000000000,0.000000000000000,0.000000000000000,0.000000000000000,0.000000000000000,0.000000000000000,0.000000000000000,0.000000000000000,0.000000000000000,0.000000000000000,0.000000000000000,0.000000000000000,0.000000000000000,0.000000000000000,0.000000000000000,0.000000000000000,0.000000000000000,0.000000000000000,0.000000000000000,0.000000000000000,0.000000000000000,0.000000000000000,0.000000000000000,0.000000000000000,0.000000000000000,0.000000000000000,0.000000000000000,0.000000000000000,0.000000000000000,0.000000000000000,0.000000000000000,0.000000000000000,0.000000000000000,0.000000000000000,0.000000000000000,0.000000000000000
1,6,22,0.000000000000000,0.000000000000000,0.000000000000000,0.000000000000000,0.000000000000000,0.000000000000000,0.000000000000000,0.000000000000000,0.000000000000000,0.000000000000000,0.000000000000000,0.000000000000000,0.000000000000000,0.000000000000000,0.000000000000000,0.000000000000000,0.000000000000000,0.000000000000000,0.000000000000000,0.000000000000000,0.000000000000000,0.000000000000000,0.000000000000000,0.000000000000000,0.000000000000000,0.000000000000000,0.000000000000000,0.000000000000000,0.000000000000000,0.000000000000000,0.000000000000000,0.000000000000000,0.000000000000000,0.000000000000000,0.000000000000000,0.000000000000000,0.000000000000000,0.000000000000000,0.000000000000000,0.000000000000000,0.000000000000000,0.000000000000000,0.000000000000000,0.000000000000000,0.000000000000000,0.000000000000000,0.000000000000000,0.000000000000000,0.000000000000000,0.000000000000000
1,6,23,0.000000000000000,0.000000000000000,0.000000000000000,0.000000000000000,0.000000000000000,0.000000000000000,0.000000000000000,0.000000000000000,0.000000000000000,0.000000000000000,0.000000000000000,0.000000000000000,0.000000000000000,0.000000000000000,0.000000000000000,0.000000000000000,0.000000000000000,0.000000000000000,0.000000000000000,0.000000000000000,0.000000000000000,0.000000000000000,0.000000000000000,0.000000000000000,0.000000000000000,0.000000000000000,0.000000000000000,0.000000000000000,0.000000000000000,0.000000000000000,0.000000000000000,0.000000000000000,0.000000000000000,0.000000000000000,0.000000000000000,0.000000000000000,0.000000000000000,0.000000000000000,0.000000000000000,0.000000000000000,0.000000000000000,0.000000000000000,0.000000000000000,0.000000000000000,0.000000000000000,0.000000000000000,0.000000000000000,0.000000000000000,0.000000000000000,0.000000000000000
1,6,24,0.000000000000000,0.000000000000000,0.000000000000000,0.000000000000000,0.000000000000000,0.000000000000000,0.000000000000000,0.000000000000000,0.000000000000000,0.000000000000000,0.000000000000000,0.000000000000000,0.000000000000000,0.000000000000000,0.000000000000000,0.000000000000000,0.000000000000000,0.000000000000000,0.000000000000000,0.000000000000000,0.000000000000000,0.000000000000000,0.000000000000000,0.000000000000000,0.000000000000000,0.000000000000000,0.000000000000000,0.000000000000000,0.000000000000000,0.000000000000000,0.000000000000000,0.000000000000000,0.000000000000000,0.000000000000000,0.000000000000000,0.000000000000000,0.000000000000000,0.000000000000000,0.000000000000000,0.000000000000000,0.000000000000000,0.000000000000000,0.000000000000000,0.000000000000000,0.000000000000000,0.000000000000000,0.000000000000000,0.000000000000000,0.000000000000000,0.000000000000000
1,6,25,0.000000000000000,0.000000000000000,0.000000000000000,0.000000000000000,0.000000000000000,0.000000000000000,0.000000000000000,0.000000000000000,0.000000000000000,0.000000000000000,0.000000000000000,0.000000000000000,0.000000000000000,0.000000000000000,0.000000000000000,0.000000000000000,0.000000000000000,0.000000000000000,0.000000000000000,0.000000000000000,0.000000000000000,0.000000000000000,0.000000000000000,0.000000000000000,0.000000000000000,0.000000000000000,0.000000000000000,0.000000000000000,0.000000000000000,0.000000000000000,0.000000000000000,0.000000000000000,0.000000000000000,0.000000000000000,0.000000000000000,0.000000000000000,0.000000000000000,0.000000000000000,0.000000000000000,0.000000000000000,0.000000000000000,0.000000000000000,0.000000000000000,0.000000000000000,0.000000000000000,0.000000000000000,0.000000000000000,0.000000000000000,0.000000000000000,0.000000000000000
1,6,26,0.000000000000000,0.000000000000000,0.000000000000000,0.000000000000000,0.000000000000000,0.000000000000000,0.000000000000000,0.000000000000000,0.000000000000000,0.000000000000000,0.000000000000000,0.000000000000000,0.000000000000000,0.000000000000000,0.000000000000000,0.000000000000000,0.000000000000000,0.000000000000000,0.000000000000000,0.000000000000000,0.000000000000000,0.000000000000000,0.000000000000000,0.000000000000000,0.000000000000000,0.000000000000000,0.000000000000000,0.000000000000000,0.000000000000000,0.000000000000000,0.000000000000000,0.000000000000000,0.000000000000000,0.000000000000000,0.000000000000000,0.000000000000000,0.000000000000000,0.000000000000000,0.000000000000000,0.000000000000000,0.000000000000000,0.000000000000000,0.000000000000000,0.000000000000000,0.000000000000000,0.000000000000000,0.000000000000000,0.000000000000000,0.000000000000000,0.000000000000000
1,6,27,0.000000000000000,0.000000000000000,0.000000000000000,0.000000000000000,0.000000000000000,0.000000000000000,0.000000000000000,0.000000000000000,0.000000000000000,0.000000000000000,0.000000000000000,0.000000000000000,0.000000000000000,0.000000000000000,0.000000000000000,0.000000000000000,0.000000000000000,0.000000000000000,0.000000000000000,0.000000000000000,0.000000000000000,0.000000000000000,0.000000000000000,0.000000000000000,0.000000000000000,0.000000000000000,0.000000000000000,0.000000000000000,0.000000000000000,0.000000000000000,0.000000000000000,0.000000000000000,0.000000000000000,0.000000000000000,0.000000000000000,0.000000000000000,0.000000000000000,0.000000000000000,0.000000000000000,0.000000000000000,0.000000000000000,0.000000000000000,0.000000000000000,0.000000000000000,0.000000000000000,0.000000000000000,0.000000000000000,0.000000000000000,0.000000000000000,0.000000000000000
1,6,28,0.000000000000000,0.000000000000000,0.000000000000000,0.000000000000000,0.000000000000000,0.000000000000000,0.000000000000000,0.000000000000000,0.000000000000000,0.000000000000000,0.000000000000000,0.000000000000000,0.000000000000000,0.000000000000000,0.000000000000000,0.000000000000000,0.000000000000000,0.000000000000000,0.000000000000000,0.000000000000000,0.000000000000000,0.000000000000000,0.000000000000000,0.000000000000000,0.000000000000000,0.000000000000000,0.000000000000000,0.000000000000000,0.000000000000000,0.000000000000000,0.000000000000000,0.000000000000000,0.000000000000000,0.000000000000000,0.000000000000000,0.000000000000000,0.000000000000000,0.000000000000000,0.000000000000000,0.000000000000000,0.000000000000000,0.000000000000000,0.000000000000000,0.000000000000000,0.000000000000000,0.000000000000000,0.000000000000000,0.000000000000000,0.000000000000000,0.000000000000000
1,6,29,0.000000000000000,0.000000000000000,0.000000000000000,0.000000000000000,0.000000000000000,0.000000000000000,0.000000000000000,0.000000000000000,0.000000000000000,0.000000000000000,0.000000000000000,0.000000000000000,0.000000000000000,0.000000000000000,0.000000000000000,0.000000000000000,0.000000000000000,0.000000000000000,0.000000000000000,0.000000000000000,0.000000000000000,0.000000000000000,0.000000000000000,0.000000000000000,0.000000000000000,0.000000000000000,0.000000000000000,0.000000000000000,0.000000000000000,0.000000000000000,0.000000000000000,0.000000000000000,0.000000000000000,0.000000000000000,0.000000000000000,0.000000000000000,0.000000000000000,0.000000000000000,0.000000000000000,0.000000000000000,0.000000000000000,0.000000000000000,0.000000000000000,0.000000000000000,0.000000000000000,0.000000000000000,0.000000000000000,0.000000000000000,0.000000000000000,0.000000000000000
1,6,30,0.000000000000000,0.000000000000000,0.000000000000000,0.000000000000000,0.000000000000000,0.000000000000000,0.000000000000000,0.000000000000000,0.000000000000000,0.000000000000000,0.000000000000000,0.000000000000000,0.000000000000000,0.000000000000000,0.000000000000000,0.000000000000000,0.000000000000000,0.000000000000000,0.000000000000000,0.000000000000000,0.000000000000000,0.000000000000000,0.000000000000000,0.000000000000000,0.000000000000000,0.000000000000000,0.000000000000000,0.000000000000000,0.000000000000000,0.000000000000000,0.000000000000000,0.000000000000000,0.000000000000000,0.000000000000000,0.000000000000000,0.000000000000000,0.000000000000000,0.000000000000000,0.000000000000000,0.000000000000000,0.000000000000000,0.000000000000000,0.000000000000000,0.000000000000000,0.000000000000000,0.000000000000000,0.000000000000000,0.000000000000000,0.000000000000000,0.000000000000000
1,6,31,0.000000000000000,0.000000000000000,0.000000000000000,0.000000000000000,0.000000000000000,0.000000000000000,0.000000000000000,0.000000000000000,0.000000000000000,0.000000000000000,0.000000000000000,0.000000000000000,0.000000000000000,0.000000000000000,0.000000000000000,0.000000000000000,0.000000000000000,0.000000000000000,0.000000000000000,0.000000000000000,0.000000000000000,0.000000000000000,0.000000000000000,0.000000000000000,0.000000000000000,0.000000000000000,0.000000000000000,0.000000000000000,0.000000000000000,0.000000000000000,0.000000000000000,0.000000000000000,0.000000000000000,0.000000000000000,0.000000000000000,0.000000000000000,0.000000000000000,0.000000000000000,0.000000000000000,0.000000000000000,0.000000000000000,0.000000000000000,0.000000000000000,0.000000000000000,0.000000000000000,0.000000000000000,0.000000000000000,0.000000000000000,0.000000000000000,0.000000000000000
1,6,32,0.000000000000000,0.000000000000000,0.000000000000000,0.000000000000000,0.000000000000000,0.000000000000000,0.000000000000000,0.000000000000000,0.000000000000000,0.000000000000000,0.000000000000000,0.000000000000000,0.000000000000000,0.000000000000000,0.000000000000000,0.000000000000000,0.000000000000000,0.000000000000000,0.000000000000000,0.000000000000000,0.000000000000000,0.000000000000000,0.000000000000000,0.000000000000000,0.000000000000000,0.000000000000000,0.000000000000000,0.000000000000000,0.000000000000000,0.000000000000000,0.000000000000000,0.000000000000000,0.000000000000000,0.000000000000000,0.000000000000000,0.000000000000000,0.000000000000000,0.000000000000000,0.000000000000000,0.000000000000000,0.000000000000000,0.000000000000000,0.000000000000000,0.000000000000000,0.000000000000000,0.000000000000000,0.000000000000000,0.000000000000000,0.000000000000000,0.000000000000000
1,6,33,0.000000000000000,0.000000000000000,0.000000000000000,0.000000000000000,0.000000000000000,0.002890050509282,0.000866418561265,0.003819323321026,0.010781556082791,0.013146820848716,0.005310839687656,0.004949143174833,0.003119981569544,0.005584708487363,0.027699646282879,0.000000000000000,0.000000000000000,0.000000000000000,0.000000000000000,0.000000000000000,0.000000000000000,0.000000000000000,0.000000000000000,0.000000000000000,0.000000000000000,0.000000000000000,0.000000000000000,0.000000000000000,0.000000000000000,0.000000000000000,0.000000000000000,0.000000000000000,0.000000000000000,0.000000000000000,0.000000000000000,0.000000000000000,0.000000000000000,0.000000000000000,0.000000000000000,0.000000000000000,0.000000000000000,0.000000000000000,0.000000000000000,0.000000000000000,0.000000000000000,0.000000000000000,0.000000000000000,0.000000000000000,0.000000000000000,0.000000000000000
1,6,34,0.000000000000000,0.000000000000000,0.000000000000000,0.000000000000000,0.006871462464433,0.010730783075891,0.000927453899487,0.000000000000000,0.006640768410599,0.002173704454943,0.006549166337407,0.005460421799880,0.026767136337276,0.020820574180667,0.017286428891965,0.040703125237682,0.000000000000000,0.000000000000000,0.000000000000000,0.000000000000000,0.000000000000000,0.000000000000000,0.000000000000000,0.000000000000000,0.000000000000000,0.000000000000000,0.000000000000000,0.000000000000000,0.000000000000000,0.000000000000000,0.000000000000000,0.000000000000000,0.000000000000000,0.000000000000000,0.000000000000000,0.000000000000000,0.000000000000000,0.000000000000000,0.000000000000000,0.000000000000000,0.000000000000000,0.000000000000000,0.000000000000000,0.000000000000000,0.000000000000000,0.000000000000000,0.000000000000000,0.000000000000000,0.000000000000000,0.000000000000000
1,6,35,0.000000000000000,0.023148148148148,0.004901607247326,0.034387895460798,0.002388856344873,0.029501997335167,0.012895131315474,0.053147713021746,0.027817059266086,0.018754622456548,0.033944633317933,0.059641732828940,0.047773596765712,0.038413600221585,0.024117065689510,0.043957834023207,0.029792746113990,0.000000000000000,0.000000000000000,0.000000000000000,0.000000000000000,0.000000000000000,0.000000000000000,0.000000000000000,0.000000000000000,0.000000000000000,0.000000000000000,0.000000000000000,0.000000000000000,0.000000000000000,0.000000000000000,0.000000000000000,0.000000000000000,0.000000000000000,0.000000000000000,0.000000000000000,0.000000000000000,0.000000000000000,0.000000000000000,0.000000000000000,0.000000000000000,0.000000000000000,0.000000000000000,0.000000000000000,0.000000000000000,0.000000000000000,0.000000000000000,0.000000000000000,0.000000000000000,0.000000000000000
1,6,36,0.000000000000000,0.000000000000000,0.016976890264641,0.031102975205101,0.040103492884864,0.045291523254546,0.027624997191366,0.053834202102055,0.025282374887789,0.046521604726398,0.071656182111952,0.132697970689244,0.080281624067498,0.054064918557226,0.060530840640912,0.098970882945798,0.081794461953978,0.149929841216240,0.000000000000000,0.000000000000000,0.000000000000000,0.000000000000000,0.000000000000000,0.000000000000000,0.000000000000000,0.000000000000000,0.000000000000000,0.000000000000000,0.000000000000000,0.000000000000000,0.000000000000000,0.000000000000000,0.000000000000000,0.000000000000000,0.000000000000000,0.000000000000000,0.000000000000000,0.000000000000000,0.000000000000000,0.000000000000000,0.000000000000000,0.000000000000000,0.000000000000000,0.000000000000000,0.000000000000000,0.000000000000000,0.000000000000000,0.000000000000000,0.000000000000000,0.000000000000000
1,6,37,0.000000000000000,0.032352941176471,0.045347724752742,0.020474731103193,0.037759906599247,0.069724693062977,0.042642371600877,0.129459457426363,0.160737165519527,0.174574202408733,0.083022625896413,0.087079642525461,0.130525959015276,0.083564858476740,0.172289205266277,0.145119167244633,0.166033255819115,0.232891405997793,0.186761229314421,0.000000000000000,0.000000000000000,0.000000000000000,0.000000000000000,0.000000000000000,0.000000000000000,0.000000000000000,0.000000000000000,0.000000000000000,0.000000000000000,0.000000000000000,0.000000000000000,0.000000000000000,0.000000000000000,0.000000000000000,0.000000000000000,0.000000000000000,0.000000000000000,0.000000000000000,0.000000000000000,0.000000000000000,0.000000000000000,0.000000000000000,0.000000000000000,0.000000000000000,0.000000000000000,0.000000000000000,0.000000000000000,0.000000000000000,0.000000000000000,0.000000000000000
1,6,38,0.000000000000000,0.056426332288401,0.077108433734940,0.043067600989703,0.182370820668693,0.080863749800192,0.153795617023037,0.188973989228791,0.140754590432066,0.118651568742906,0.208019011995122,0.195539991704018,0.164850437505103,0.122152870760494,0.127063858339848,0.217834948923427,0.186364609880220,0.248514262860467,0.321945736297432,0.152452905749673,0.000000000000000,0.000000000000000,0.000000000000000,0.000000000000000,0.000000000000000,0.000000000000000,0.000000000000000,0.000000000000000,0.000000000000000,0.000000000000000,0.000000000000000,0.000000000000000,0.000000000000000,0.000000000000000,0.000000000000000,0.000000000000000,0.000000000000000,0.000000000000000,0.000000000000000,0.000000000000000,0.000000000000000,0.000000000000000,0.000000000000000,0.000000000000000,0.000000000000000,0.000000000000000,0.000000000000000,0.000000000000000,0.000000000000000,0.000000000000000
1,6,39,0.009300416116448,0.040145985401460,0.032016223531149,0.039912265147011,0.004838709677419,0.069397643708360,0.197512049760807,0.139033440433564,0.131280612052467,0.127863042583404,0.091091036758877,0.281667667222983,0.124753677939551,0.290656220302159,0.260648302415426,0.239568397225828,0.268669012813315,0.376881829789297,0.325872763704650,0.385239355284886,0.883807169344870,0.000000000000000,0.000000000000000,0.000000000000000,0.000000000000000,0.000000000000000,0.000000000000000,0.000000000000000,0.000000000000000,0.000000000000000,0.000000000000000,0.000000000000000,0.000000000000000,0.000000000000000,0.000000000000000,0.000000000000000,0.000000000000000,0.000000000000000,0.000000000000000,0.000000000000000,0.000000000000000,0.000000000000000,0.000000000000000,0.000000000000000,0.000000000000000,0.000000000000000,0.000000000000000,0.000000000000000,0.000000000000000,0.000000000000000
1,6,40,0.000000000000000,0.000000000000000,0.013511901522867,0.069467228647377,0.065975064756848,0.097858142192609,0.052435591480786,0.133555503242770,0.064675666531891,0.137500435500557,0.122149231306858,0.188111302288670,0.175469121030985,0.103405727822218,0.299917257384768,0.315956379765148,0.353254412703220,0.260731616606047,0.496874838899180,0.319246654928867,0.420182597371415,0.268973214285714,0.000000000000000,0.000000000000000,0.000000000000000,0.000000000000000,0.000000000000000,0.000000000000000,0.000000000000000,0.000000000000000,0.000000000000000,0.000000000000000,0.000000000000000,0.000000000000000,0.000000000000000,0.000000000000000,0.000000000000000,0.000000000000000,0.000000000000000,0.000000000000000,0.000000000000000,0.000000000000000,0.000000000000000,0.000000000000000,0.000000000000000,0.000000000000000,0.000000000000000,0.000000000000000,0.000000000000000,0.000000000000000
1,6,41,0.000000000000000,0.000000000000000,0.036927187431797,0.000000000000000,0.054149360782329,0.068750670910686,0.068096325984383,0.152513846607849,0.153820039007961,0.186333033251812,0.156900604190210,0.261642384998770,0.133838331268872,0.238839747504472,0.205058628019313,0.289215594719950,0.290191167382333,0.295091616598626,0.282646551288178,0.319399025190626,0.334018019749398,0.466774531754079,0.755856881239393,0.000000000000000,0.000000000000000,0.000000000000000,0.000000000000000,0.000000000000000,0.000000000000000,0.000000000000000,0.000000000000000,0.000000000000000,0.000000000000000,0.000000000000000,0.000000000000000,0.000000000000000,0.000000000000000,0.000000000000000,0.000000000000000,0.000000000000000,0.000000000000000,0.000000000000000,0.000000000000000,0.000000000000000,0.000000000000000,0.000000000000000,0.000000000000000,0.000000000000000,0.000000000000000,0.000000000000000
1,6,42,0.000000000000000,0.000000000000000,0.042979942693410,0.000000000000000,0.000000000000000,0.026717557251908,0.019827477553910,0.151556738496987,0.128378378378378,0.204257511122419,0.105180781516947,0.122346597919182,0.106041142809650,0.251571901604497,0.165185252383957,0.212689882373380,0.238745000579113,0.274929290154631,0.267882595956937,0.492259806469465,0.470519080630429,0.429751429948955,0.376772866945700,0.487238979118329,0.000000000000000,0.000000000000000,0.000000000000000,0.000000000000000,0.000000000000000,0.000000000000000,0.000000000000000,0.000000000000000,0.000000000000000,0.000000000000000,0.000000000000000,0.000000000000000,0.000000000000000,0.000000000000000,0.000000000000000,0.000000000000000,0.000000000000000,0.000000000000000,0.000000000000000,0.000000000000000,0.000000000000000,0.000000000000000,0.000000000000000,0.000000000000000,0.000000000000000,0.000000000000000
1,6,43,0.000000000000000,0.000000000000000,0.000000000000000,0.006649281510232,0.047026274791111,0.040296859309332,0.077786145674262,0.095525089942390,0.070414575646917,0.077319681285017,0.186587302470908,0.159988294118190,0.079635949943117,0.174209134785209,0.145793111228707,0.201653369102438,0.185078280717319,0.203472454304187,0.430586034700511,0.413312998132232,0.308872735529979,0.439969177126487,0.467381974248927,0.458689494842879,0.519571181761043,0.000000000000000,0.000000000000000,0.000000000000000,0.000000000000000,0.000000000000000,0.000000000000000,0.000000000000000,0.000000000000000,0.000000000000000,0.000000000000000,0.000000000000000,0.000000000000000,0.000000000000000,0.000000000000000,0.000000000000000,0.000000000000000,0.000000000000000,0.000000000000000,0.000000000000000,0.000000000000000,0.000000000000000,0.000000000000000,0.000000000000000,0.000000000000000,0.000000000000000
1,6,44,0.000000000000000,0.000000000000000,0.000000000000000,0.081996311057274,0.048871049919175,0.021894283036443,0.027768319928844,0.054100061103360,0.156918910555213,0.119677521869653,0.171135749996375,0.097297476500527,0.254039515136689,0.183297373183454,0.141781759805042,0.229716032282648,0.309983123145676,0.356622902539940,0.345743768896049,0.471502217977756,0.528969043663684,0.529684813699807,0.343398032591182,0.462398993427098,0.441386250101182,0.387170675830470,0.000000000000000,0.000000000000000,0.000000000000000,0.000000000000000,0.000000000000000,0.000000000000000,0.000000000000000,0.000000000000000,0.000000000000000,0.000000000000000,0.000000000000000,0.000000000000000,0.000000000000000,0.000000000000000,0.000000000000000,0.000000000000000,0.000000000000000,0.000000000000000,0.000000000000000,0.000000000000000,0.000000000000000,0.000000000000000,0.000000000000000,0.000000000000000
1,6,45,0.000000000000000,0.000000000000000,0.005074436596990,0.008987872497084,0.001760289781854,0.005533703322789,0.037916606047431,0.034113458296828,0.073108600386144,0.154854911778803,0.078240176010184,0.102503008584372,0.097867169786630,0.212932164303156,0.123234984841850,0.191106987848790,0.272127797480216,0.273541920722398,0.256808600506894,0.427804657659169,0.450549081126400,0.730363804021624,0.585758595539760,0.437690894831969,0.424576026502141,0.509027911046335,0.581025619835335,0.000000000000000,0.000000000000000,0.000000000000000,0.000000000000000,0.000000000000000,0.000000000000000,0.000000000000000,0.000000000000000,0.000000000000000,0.000000000000000,0.000000000000000,0.000000000000000,0.000000000000000,0.000000000000000,0.000000000000000,0.000000000000000,0.000000000000000,0.000000000000000,0.000000000000000,0.000000000000000,0.000000000000000,0.000000000000000,0.000000000000000
1,6,46,0.000000000000000,0.032065844207906,0.023194729570078,0.000000000000000,0.030062716020055,0.021501974441228,0.049257513458211,0.014725625884426,0.059761018579942,0.122454272763452,0.202318367147183,0.156562708144759,0.162371419203755,0.137794519374604,0.309501798430207,0.229640818510919,0.300225215042871,0.246696267241264,0.392319284403944,0.504815868430112,0.456081394519204,0.487170343199329,0.480172032839078,0.459600126055544,0.517397501986056,0.684304543286219,0.449316427382688,0.429615845234807,0.000000000000000,0.000000000000000,0.000000000000000,0.000000000000000,0.000000000000000,0.000000000000000,0.000000000000000,0.000000000000000,0.000000000000000,0.000000000000000,0.000000000000000,0.000000000000000,0.000000000000000,0.000000000000000,0.000000000000000,0.000000000000000,0.000000000000000,0.000000000000000,0.000000000000000,0.000000000000000,0.000000000000000,0.000000000000000
1,6,47,0.000000000000000,0.000000000000000,0.035487335142656,0.009415413161744,0.026882778836651,0.014874947762745,0.045368054031396,0.082272113165155,0.061981904143802,0.025159679005471,0.091017857912716,0.068762742589008,0.056197374799809,0.184482425932308,0.115698222265895,0.165804919523016,0.345935027970285,0.351045525022280,0.416634058721231,0.475262377330764,0.558329321534670,0.391087524513635,0.467430620088097,0.513753504808098,0.569352597488433,0.556438594817847,0.679531188507788,0.469221603338772,0.678053830227743,0.000000000000000,0.000000000000000,0.000000000000000,0.000000000000000,0.000000000000000,0.000000000000000,0.000000000000000,0.000000000000000,0.000000000000000,0.000000000000000,0.000000000000000,0.000000000000000,0.000000000000000,0.000000000000000,0.000000000000000,0.000000000000000,0.000000000000000,0.000000000000000,0.000000000000000,0.000000000000000,0.000000000000000
1,6,48,0.000000000000000,0.000000000000000,0.054901960784314,0.031532141679661,0.015703177157672,0.022541078909502,0.007597255221419,0.049289645852608,0.059177505113664,0.064709577066803,0.104408559023132,0.106581073645199,0.153277950721808,0.140878155277094,0.062331332205183,0.166817423619754,0.334875208532117,0.410662603072012,0.348520605373691,0.503673152640672,0.568090721453398,0.483447922098802,0.388706593161327,0.636308526506876,0.602765805471664,0.697781058699938,0.658818336598030,0.522688430492189,0.484139913511554,0.322254577277523,0.000000000000000,0.000000000000000,0.000000000000000,0.000000000000000,0.000000000000000,0.000000000000000,0.000000000000000,0.000000000000000,0.000000000000000,0.000000000000000,0.000000000000000,0.000000000000000,0.000000000000000,0.000000000000000,0.000000000000000,0.000000000000000,0.000000000000000,0.000000000000000,0.000000000000000,0.000000000000000
1,6,49,0.000000000000000,0.000000000000000,0.002183406113537,0.030183651495291,0.041875139087126,0.073025783500878,0.029938141442292,0.034419765400720,0.096808458736122,0.138730647244350,0.103768477826154,0.119080613373887,0.114742236762507,0.136689075309001,0.306785413248770,0.286086832174682,0.328033221108819,0.358055330367809,0.325947508261075,0.485177848493636,0.698526088696645,0.570870991628826,0.593275137565178,0.651818604381731,0.734249096451927,0.555759031549067,0.498026288512883,0.652679474216380,0.597958342974534,0.524069514499745,0.292667922390925,0.000000000000000,0.000000000000000,0.000000000000000,0.000000000000000,0.000000000000000,0.000000000000000,0.000000000000000,0.000000000000000,0.000000000000000,0.000000000000000,0.000000000000000,0.000000000000000,0.000000000000000,0.000000000000000,0.000000000000000,0.000000000000000,0.000000000000000,0.000000000000000,0.000000000000000
1,6,50,0.000000000000000,0.000000000000000,0.000000000000000,0.014335783505407,0.000000000000000,0.115175011666868,0.025475916326546,0.124776657348170,0.067312843493537,0.089785133995306,0.107225916567722,0.074069898388810,0.164478212331714,0.180000312521268,0.166239387601223,0.418201375202812,0.398450133446596,0.296786944667280,0.262642210630710,0.496725639349976,0.439474240193116,0.531539977072360,0.754361782481981,0.727227830800311,0.506747175271161,0.772323563718154,0.442295134704512,0.496288456272450,0.546595120405761,0.477335894574129,0.514904571461192,0.247839337402065,0.000000000000000,0.000000000000000,0.000000000000000,0.000000000000000,0.000000000000000,0.000000000000000,0.000000000000000,0.000000000000000,0.000000000000000,0.000000000000000,0.000000000000000,0.000000000000000,0.000000000000000,0.000000000000000,0.000000000000000,0.000000000000000,0.000000000000000,0.000000000000000
1,6,51,0.008908685968820,0.010968921389397,0.022556390977444,0.020977402140817,0.008488964346350,0.000000000000000,0.084810389900261,0.036275076910370,0.016367972458344,0.034579933123172,0.139441288645669,0.163034256529856,0.248975534602092,0.052399185807829,0.053626815833800,0.240358420776901,0.390921455623568,0.332621195125525,0.330882560839151,0.593028667509644,0.647034204110253,0.592280838088858,0.676591927052574,0.750697050435065,0.638683722461461,0.681081829989545,0.780211168109579,0.559430798246071,0.444855206407887,0.655984975796225,0.521306680574113,0.495894585874378,0.339312406576981,0.000000000000000,0.000000000000000,0.000000000000000,0.000000000000000,0.000000000000000,0.000000000000000,0.000000000000000,0.000000000000000,0.000000000000000,0.000000000000000,0.000000000000000,0.000000000000000,0.000000000000000,0.000000000000000,0.000000000000000,0.000000000000000,0.000000000000000
1,6,52,0.000000000000000,0.003120124804992,0.013223140495868,0.022725644244151,0.041876046901173,0.029360967184801,0.078899383667276,0.207971414002315,0.029237879231176,0.071094787840980,0.059383694855823,0.118589064365962,0.124808794506804,0.207898076862891,0.179339098560602,0.106555877215239,0.314636753286408,0.321773776554044,0.616542499502563,0.439944514739033,0.607886092843820,0.768707868057916,0.517616535796960,0.614658378870383,0.490111238120623,0.861697450971848,0.815318780029347,0.602286321424014,0.529497846229679,0.618935466867954,0.684326247449135,0.571979046031489,0.449399281519603,0.345431442596965,0.000000000000000,0.000000000000000,0.000000000000000,0.000000000000000,0.000000000000000,0.000000000000000,0.000000000000000,0.000000000000000,0.000000000000000,0.000000000000000,0.000000000000000,0.000000000000000,0.000000000000000,0.000000000000000,0.000000000000000,0.000000000000000
1,6,53,0.008725331326669,0.005805515239478,0.004531419903344,0.032204228389009,0.065727699530516,0.074721780604134,0.041198673299216,0.070992010212661,0.043588866154109,0.128827647109826,0.083449950788000,0.169231343315015,0.159449124464579,0.083120613510192,0.132152870086426,0.220668675079899,0.284276875048605,0.395238141886190,0.463860791753583,0.479569112661712,0.682662636826867,0.519416712795308,0.698032490997545,0.870884025492683,0.722301392919472,0.746287898668152,0.765405865607987,0.702547418371673,0.566987416728349,0.614649518317289,0.710299003322259,0.744714548953815,0.573117246579127,0.482033997789852,0.535768645357687,0.000000000000000,0.000000000000000,0.000000000000000,0.000000000000000,0.000000000000000,0.000000000000000,0.000000000000000,0.000000000000000,0.000000000000000,0.000000000000000,0.000000000000000,0.000000000000000,0.000000000000000,0.000000000000000,0.000000000000000
1,6,54,0.000000000000000,0.000000000000000,0.020977725888471,0.044977511244378,0.034586315029813,0.081021265378812,0.173461025067497,0.109854604200323,0.031529964209342,0.063440550715935,0.132838155204891,0.122237923698366,0.110399907074667,0.118323282045912,0.173643868879513,0.306599414820141,0.271637807717655,0.423349056603774,0.463322807807283,0.402384622733976,0.588474824525581,0.648693412717364,0.870079680973985,0.522030651340996,0.622345337026777,0.690572236801427,0.563751464992394,0.748381341777905,0.732601796627643,0.631960210048924,0.683932928784224,0.480409041133664,0.442739353113303,0.644667472110609,0.406779048512041,0.237871674491393,0.000000000000000,0.000000000000000,0.000000000000000,0.000000000000000,0.000000000000000,0.000000000000000,0.000000000000000,0.000000000000000,0.000000000000000,0.000000000000000,0.000000000000000,0.000000000000000,0.000000000000000,0.000000000000000
1,6,55,0.000000000000000,0.000000000000000,0.004678898384288,0.029553873440382,0.007721349744217,0.036334913112164,0.081154374306663,0.050360692164239,0.065213480128587,0.147416413373860,0.032149777679604,0.126227335971051,0.146753297029521,0.122214774671157,0.253070897681372,0.279114525974185,0.256279536917082,0.491788372543289,0.448269027386869,0.527053556188805,0.881629618786870,0.566544566544567,0.590487238979118,0.775175644028103,0.868260796435022,0.788222332139479,0.743156444861774,0.503333347986631,0.829842970141241,0.670132325141777,0.798822439202903,0.425872435585827,0.709195938287678,0.547005279956062,0.567459310126397,0.380389779017433,0.154362416107383,0.000000000000000,0.000000000000000,0.000000000000000,0.000000000000000,0.000000000000000,0.000000000000000,0.000000000000000,0.000000000000000,0.000000000000000,0.000000000000000,0.000000000000000,0.000000000000000,0.000000000000000
1,6,56,0.000000000000000,0.000000000000000,0.000000000000000,0.006848072802681,0.036972425173163,0.051948051948052,0.036915522457308,0.113550826590348,0.026730036566507,0.020714443226380,0.049915936605828,0.066758886670621,0.120500782472613,0.190358123800370,0.155499645417129,0.219144160570135,0.365479545792742,0.284003465107229,0.630135897949262,0.754493187165674,0.971960642914568,0.684516880093131,1.036912751677850,0.766895692331296,0.641487554832676,0.712756393560884,0.721598663403600,1.000971888123480,0.736006865106295,0.451624473790552,0.529888551165147,0.607527190413156,0.629663178508510,0.660311010895397,0.495729691933155,0.762589928057554,0.358801497429067,0.296650717703349,0.000000000000000,0.000000000000000,0.000000000000000,0.000000000000000,0.000000000000000,0.000000000000000,0.000000000000000,0.000000000000000,0.000000000000000,0.000000000000000,0.000000000000000,0.000000000000000
1,6,57,0.004602524366746,0.000000000000000,0.024909727693388,0.017660925051769,0.013925008335423,0.016101915034138,0.057599578919316,0.081755332061846,0.015306122448980,0.132265270000295,0.141504677329587,0.117678919538478,0.228247201208609,0.180945889423226,0.255586592178771,0.241913237356809,0.252232247357906,0.470481544512389,0.439456183541094,0.667484662576687,0.584072639704394,0.840791240984294,0.611774115017517,0.832193769980746,0.780740320623043,0.623302762708700,0.558267547719248,0.742008114273233,0.620735081726009,0.711526223231983,0.825002282622697,0.335726697199178,0.667125878257167,0.791754637650361,0.723776223776224,0.318405466589041,0.608182533438238,0.338292531933403,0.349434722944300,0.000000000000000,0.000000000000000,0.000000000000000,0.000000000000000,0.000000000000000,0.000000000000000,0.000000000000000,0.000000000000000,0.000000000000000,0.000000000000000,0.000000000000000
1,6,58,0.000000000000000,0.006439219434680,0.003257016786466,0.017727721526772,0.026090991090011,0.032303304865925,0.074468085106383,0.097331240188383,0.083190982164790,0.043089784118556,0.059348768275001,0.059377426904599,0.103186646433991,0.167118996098397,0.127131782945736,0.321624699666147,0.236796318453522,0.245699325098229,0.655647382920110,0.795690321262603,0.461856566166409,0.523179033350279,0.876201045288315,0.385466972530072,0.849898605788358,0.589487510189419,0.501921774232977,0.706401063147224,0.495121951219512,0.680561211508947,0.469411764705882,0.673213029956473,0.603533496322564,0.503130913160740,0.669049086994086,0.345595353339787,0.400888888888889,0.615060783609016,0.447191805015895,0.140877598152425,0.000000000000000,0.000000000000000,0.000000000000000,0.000000000000000,0.000000000000000,0.000000000000000,0.000000000000000,0.000000000000000,0.000000000000000,0.000000000000000
1,6,59,0.000000000000000,0.000000000000000,0.011339690152866,0.015943727150026,0.023454233810642,0.037391549801409,0.038687934901541,0.031140780641326,0.052969502407705,0.090358552390184,0.113183980572945,0.076104361048046,0.109748712682287,0.117910447761194,0.142381103060675,0.417376956233204,0.491606182797381,0.507815723082041,0.331159005958013,0.549486548765959,0.762376237623762,0.551071374094869,1.091752953100760,0.840463937647631,0.742020166753040,0.771754636233951,0.891255316411085,1.147828131702630,0.803428523267468,0.732301951725603,0.597093791281374,0.772456678808991,0.791228668857233,0.474853801169591,0.487357036791956,0.722412915895674,0.405566600397614,0.376781752887918,0.476613667211549,0.421280359958683,0.300733496332518,0.000000000000000,0.000000000000000,0.000000000000000,0.000000000000000,0.000000000000000,0.000000000000000,0.000000000000000,0.000000000000000,0.000000000000000
1,6,60,0.000000000000000,0.000000000000000,0.000000000000000,0.000000000000000,0.000000000000000,0.000000000000000,0.000000000000000,0.000000000000000,0.000000000000000,0.000000000000000,0.000000000000000,0.000000000000000,0.000000000000000,0.000000000000000,0.000000000000000,0.457142857142857,1.111111111111110,0.718750000000000,0.026315789473684,2.035714285714290,0.870967741935484,0.441176470588235,1.166666666666670,1.250000000000000,0.000000000000000,0.511111111111111,0.891304347826087,0.750000000000000,1.051282051282050,0.000000000000000,0.533333333333333,0.211538461538462,0.000000000000000,1.104166666666670,0.022727272727273,1.539682539682540,0.861538461538461,1.400000000000000,0.000000000000000,1.090909090909090,0.820689655172414,0.000000000000000,0.000000000000000,0.000000000000000,0.000000000000000,0.000000000000000,0.000000000000000,0.000000000000000,0.000000000000000,0.000000000000000
1,6,61,0.000000000000000,0.000000000000000,0.000000000000000,0.000000000000000,0.000000000000000,0.000000000000000,0.000000000000000,0.000000000000000,0.000000000000000,0.000000000000000,0.923076923076923,0.000000000000000,0.000000000000000,0.000000000000000,0.000000000000000,0.000000000000000,0.000000000000000,0.642857142857143,0.000000000000000,0.000000000000000,0.000000000000000,1.482758620689660,0.588235294117647,0.687500000000000,0.279069767441860,0.625000000000000,1.621621621621620,0.000000000000000,2.000000000000000,0.977272727272727,0.244897959183673,0.314814814814815,0.173076923076923,0.000000000000000,0.000000000000000,0.214285714285714,0.424242424242424,0.000000000000000,0.333333333333333,0.000000000000000,1.563218390804600,0.454198473282443,1.500000000000000,0.000000000000000,0.000000000000000,0.000000000000000,0.000000000000000,0.000000000000000,0.000000000000000,0.000000000000000
1,6,62,0.000000000000000,0.000000000000000,0.000000000000000,0.000000000000000,0.000000000000000,0.000000000000000,0.000000000000000,0.000000000000000,0.000000000000000,0.000000000000000,1.000000000000000,0.000000000000000,0.095238095238095,0.000000000000000,0.000000000000000,0.000000000000000,0.000000000000000,0.352941176470588,0.510638297872340,0.685714285714286,1.827586206896550,0.641025641025641,0.000000000000000,0.115384615384615,1.320000000000000,0.000000000000000,0.272727272727273,0.428571428571429,0.000000000000000,0.000000000000000,0.685714285714286,0.000000000000000,0.250000000000000,0.261904761904762,1.000000000000000,0.132352941176471,0.000000000000000,0.000000000000000,0.796875000000000,0.136363636363636,1.098901098901100,0.295238095238095,0.359605911330049,0.000000000000000,0.000000000000000,0.000000000000000,0.000000000000000,0.000000000000000,0.000000000000000,0.000000000000000
1,6,63,0.000000000000000,0.000000000000000,0.000000000000000,0.000000000000000,0.000000000000000,0.000000000000000,0.219512195121951,0.000000000000000,0.000000000000000,0.000000000000000,0.000000000000000,0.000000000000000,0.000000000000000,0.000000000000000,0.000000000000000,0.000000000000000,1.000000000000000,0.000000000000000,2.892857142857140,1.454545454545450,0.000000000000000,4.428571428571430,0.000000000000000,0.392857142857143,2.333333333333330,0.096774193548387,1.276595744680850,0.625000000000000,0.512195121951220,0.837837837837838,0.000000000000000,1.095238095238100,0.372093023255814,0.081632653061225,0.000000000000000,1.111111111111110,0.000000000000000,0.672413793103448,0.050000000000000,0.571428571428571,0.112500000000000,1.047058823529410,1.120000000000000,0.119496855345912,0.000000000000000,0.000000000000000,0.000000000000000,0.000000000000000,0.000000000000000,0.000000000000000
1,6,64,0.000000000000000,0.000000000000000,0.000000000000000,0.000000000000000,0.000000000000000,0.000000000000000,0.114285714285714,0.000000000000000,0.000000000000000,0.000000000000000,0.000000000000000,0.000000000000000,0.000000000000000,0.000000000000000,0.000000000000000,0.000000000000000,0.000000000000000,0.000000000000000,0.000000000000000,0.333333333333333,0.000000000000000,0.310344827586207,2.684210526315790,0.000000000000000,0.151515151515152,0.605263157894737,0.916666666666667,0.000000000000000,2.568181818181820,0.794117647058823,2.258064516129030,0.333333333333333,0.000000000000000,0.833333333333333,0.200000000000000,0.000000000000000,0.564102564102564,0.044444444444444,1.267857142857140,0.000000000000000,0.838235294117647,2.000000000000000,2.722222222222220,2.083333333333330,0.869565217391304,0.000000000000000,0.000000000000000,0.000000000000000,0.000000000000000,0.000000000000000
1,6,65,0.000000000000000,0.000000000000000,0.000000000000000,0.000000000000000,0.000000000000000,0.000000000000000,0.000000000000000,0.000000000000000,0.000000000000000,0.000000000000000,0.000000000000000,0.000000000000000,0.000000000000000,0.000000000000000,0.000000000000000,0.000000000000000,0.000000000000000,0.000000000000000,0.000000000000000,0.000000000000000,0.000000000000000,0.000000000000000,0.000000000000000,0.000000000000000,0.000000000000000,0.000000000000000,0.000000000000000,0.000000000000000,0.000000000000000,0.000000000000000,0.000000000000000,0.000000000000000,0.000000000000000,0.000000000000000,0.000000000000000,0.000000000000000,0.000000000000000,0.000000000000000,0.000000000000000,0.000000000000000,0.000000000000000,0.000000000000000,0.000000000000000,0.000000000000000,0.000000000000000,0.000000000000000,0.000000000000000,0.000000000000000,0.000000000000000,0.000000000000000
1,6,66,0.000000000000000,0.000000000000000,0.000000000000000,0.000000000000000,0.000000000000000,0.000000000000000,0.000000000000000,0.000000000000000,0.000000000000000,0.000000000000000,0.000000000000000,0.000000000000000,0.000000000000000,0.000000000000000,0.000000000000000,0.000000000000000,0.000000000000000,0.000000000000000,0.000000000000000,0.000000000000000,0.000000000000000,0.000000000000000,0.000000000000000,0.000000000000000,0.000000000000000,0.000000000000000,0.000000000000000,0.000000000000000,0.000000000000000,0.000000000000000,0.000000000000000,0.000000000000000,0.000000000000000,0.000000000000000,0.000000000000000,0.000000000000000,0.000000000000000,0.000000000000000,0.000000000000000,0.000000000000000,0.000000000000000,0.000000000000000,0.000000000000000,0.000000000000000,0.000000000000000,0.000000000000000,0.000000000000000,0.000000000000000,0.000000000000000,0.000000000000000
1,6,67,0.000000000000000,0.000000000000000,0.000000000000000,0.000000000000000,0.000000000000000,0.000000000000000,0.000000000000000,0.000000000000000,0.000000000000000,0.000000000000000,0.000000000000000,0.000000000000000,0.000000000000000,0.000000000000000,0.000000000000000,0.000000000000000,0.000000000000000,0.000000000000000,0.000000000000000,0.000000000000000,0.000000000000000,0.000000000000000,0.000000000000000,0.000000000000000,0.000000000000000,0.000000000000000,0.000000000000000,0.000000000000000,0.000000000000000,0.000000000000000,0.000000000000000,0.000000000000000,0.000000000000000,0.000000000000000,0.000000000000000,0.000000000000000,0.000000000000000,0.000000000000000,0.000000000000000,0.000000000000000,0.000000000000000,0.000000000000000,0.000000000000000,0.000000000000000,0.000000000000000,0.000000000000000,0.000000000000000,0.000000000000000,0.000000000000000,0.000000000000000
1,6,68,0.000000000000000,0.000000000000000,0.000000000000000,0.000000000000000,0.000000000000000,0.000000000000000,0.000000000000000,0.000000000000000,0.000000000000000,0.000000000000000,0.000000000000000,0.000000000000000,0.000000000000000,0.000000000000000,0.000000000000000,0.000000000000000,0.000000000000000,0.000000000000000,0.000000000000000,0.000000000000000,0.000000000000000,0.000000000000000,0.000000000000000,0.000000000000000,0.000000000000000,0.000000000000000,0.000000000000000,0.000000000000000,0.000000000000000,0.000000000000000,0.000000000000000,0.000000000000000,0.000000000000000,0.000000000000000,0.000000000000000,0.000000000000000,0.000000000000000,0.000000000000000,0.000000000000000,0.000000000000000,0.000000000000000,0.000000000000000,0.000000000000000,0.000000000000000,0.000000000000000,0.000000000000000,0.000000000000000,0.000000000000000,0.000000000000000,0.000000000000000
1,6,69,0.000000000000000,0.000000000000000,0.000000000000000,0.000000000000000,0.000000000000000,0.000000000000000,0.000000000000000,0.000000000000000,0.000000000000000,0.000000000000000,0.000000000000000,0.000000000000000,0.000000000000000,0.000000000000000,0.000000000000000,0.000000000000000,0.000000000000000,0.000000000000000,0.000000000000000,0.000000000000000,0.000000000000000,0.000000000000000,0.000000000000000,0.000000000000000,0.000000000000000,0.000000000000000,0.000000000000000,0.000000000000000,0.000000000000000,0.000000000000000,0.000000000000000,0.000000000000000,0.000000000000000,0.000000000000000,0.000000000000000,0.000000000000000,0.000000000000000,0.000000000000000,0.000000000000000,0.000000000000000,0.000000000000000,0.000000000000000,0.000000000000000,0.000000000000000,0.000000000000000,0.000000000000000,0.000000000000000,0.000000000000000,0.000000000000000,0.000000000000000
1,7,20,0.000000000000000,0.000000000000000,0.000000000000000,0.000000000000000,0.000000000000000,0.000000000000000,0.000000000000000,0.000000000000000,0.000000000000000,0.000000000000000,0.000000000000000,0.000000000000000,0.000000000000000,0.000000000000000,0.000000000000000,0.000000000000000,0.000000000000000,0.000000000000000,0.000000000000000,0.000000000000000,0.000000000000000,0.000000000000000,0.000000000000000,0.000000000000000,0.000000000000000,0.000000000000000,0.000000000000000,0.000000000000000,0.000000000000000,0.000000000000000,0.000000000000000,0.000000000000000,0.000000000000000,0.000000000000000,0.000000000000000,0.000000000000000,0.000000000000000,0.000000000000000,0.000000000000000,0.000000000000000,0.000000000000000,0.000000000000000,0.000000000000000,0.000000000000000,0.000000000000000,0.000000000000000,0.000000000000000,0.000000000000000,0.000000000000000,0.000000000000000
1,7,21,0.000000000000000,0.000000000000000,0.000000000000000,0.000000000000000,0.000000000000000,0.000000000000000,0.000000000000000,0.000000000000000,0.000000000000000,0.000000000000000,0.000000000000000,0.000000000000000,0.000000000000000,0.000000000000000,0.000000000000000,0.000000000000000,0.000000000000000,0.000000000000000,0.000000000000000,0.000000000000000,0.000000000000000,0.000000000000000,0.000000000000000,0.000000000000000,0.000000000000000,0.000000000000000,0.000000000000000,0.000000000000000,0.000000000000000,0.000000000000000,0.000000000000000,0.000000000000000,0.000000000000000,0.000000000000000,0.000000000000000,0.000000000000000,0.000000000000000,0.000000000000000,0.000000000000000,0.000000000000000,0.000000000000000,0.000000000000000,0.000000000000000,0.000000000000000,0.000000000000000,0.000000000000000,0.000000000000000,0.000000000000000,0.000000000000000,0.000000000000000
1,7,22,0.000000000000000,0.000000000000000,0.000000000000000,0.000000000000000,0.000000000000000,0.000000000000000,0.000000000000000,0.000000000000000,0.000000000000000,0.000000000000000,0.000000000000000,0.000000000000000,0.000000000000000,0.000000000000000,0.000000000000000,0.000000000000000,0.000000000000000,0.000000000000000,0.000000000000000,0.000000000000000,0.000000000000000,0.000000000000000,0.000000000000000,0.000000000000000,0.000000000000000,0.000000000000000,0.000000000000000,0.000000000000000,0.000000000000000,0.000000000000000,0.000000000000000,0.000000000000000,0.000000000000000,0.000000000000000,0.000000000000000,0.000000000000000,0.000000000000000,0.000000000000000,0.000000000000000,0.000000000000000,0.000000000000000,0.000000000000000,0.000000000000000,0.000000000000000,0.000000000000000,0.000000000000000,0.000000000000000,0.000000000000000,0.000000000000000,0.000000000000000
1,7,23,0.000000000000000,0.000000000000000,0.000000000000000,0.000000000000000,0.000000000000000,0.000000000000000,0.000000000000000,0.000000000000000,0.000000000000000,0.000000000000000,0.000000000000000,0.000000000000000,0.000000000000000,0.000000000000000,0.000000000000000,0.000000000000000,0.000000000000000,0.000000000000000,0.000000000000000,0.000000000000000,0.000000000000000,0.000000000000000,0.000000000000000,0.000000000000000,0.000000000000000,0.000000000000000,0.000000000000000,0.000000000000000,0.000000000000000,0.000000000000000,0.000000000000000,0.000000000000000,0.000000000000000,0.000000000000000,0.000000000000000,0.000000000000000,0.000000000000000,0.000000000000000,0.000000000000000,0.000000000000000,0.000000000000000,0.000000000000000,0.000000000000000,0.000000000000000,0.000000000000000,0.000000000000000,0.000000000000000,0.000000000000000,0.000000000000000,0.000000000000000
1,7,24,0.000000000000000,0.000000000000000,0.000000000000000,0.000000000000000,0.000000000000000,0.000000000000000,0.000000000000000,0.000000000000000,0.000000000000000,0.000000000000000,0.000000000000000,0.000000000000000,0.000000000000000,0.000000000000000,0.000000000000000,0.000000000000000,0.000000000000000,0.000000000000000,0.000000000000000,0.000000000000000,0.000000000000000,0.000000000000000,0.000000000000000,0.000000000000000,0.000000000000000,0.000000000000000,0.000000000000000,0.000000000000000,0.000000000000000,0.000000000000000,0.000000000000000,0.000000000000000,0.000000000000000,0.000000000000000,0.000000000000000,0.000000000000000,0.000000000000000,0.000000000000000,0.000000000000000,0.000000000000000,0.000000000000000,0.000000000000000,0.000000000000000,0.000000000000000,0.000000000000000,0.000000000000000,0.000000000000000,0.000000000000000,0.000000000000000,0.000000000000000
1,7,25,0.000000000000000,0.000000000000000,0.000000000000000,0.000000000000000,0.000000000000000,0.000000000000000,0.000000000000000,0.000000000000000,0.000000000000000,0.000000000000000,0.000000000000000,0.000000000000000,0.000000000000000,0.000000000000000,0.000000000000000,0.000000000000000,0.000000000000000,0.000000000000000,0.000000000000000,0.000000000000000,0.000000000000000,0.000000000000000,0.000000000000000,0.000000000000000,0.000000000000000,0.000000000000000,0.000000000000000,0.000000000000000,0.000000000000000,0.000000000000000,0.000000000000000,0.000000000000000,0.000000000000000,0.000000000000000,0.000000000000000,0.000000000000000,0.000000000000000,0.000000000000000,0.000000000000000,0.000000000000000,0.000000000000000,0.000000000000000,0.000000000000000,0.000000000000000,0.000000000000000,0.000000000000000,0.000000000000000,0.000000000000000,0.000000000000000,0.000000000000000
1,7,26,0.000000000000000,0.000000000000000,0.000000000000000,0.000000000000000,0.000000000000000,0.000000000000000,0.000000000000000,0.000000000000000,0.000000000000000,0.000000000000000,0.000000000000000,0.000000000000000,0.000000000000000,0.000000000000000,0.000000000000000,0.000000000000000,0.000000000000000,0.000000000000000,0.000000000000000,0.000000000000000,0.000000000000000,0.000000000000000,0.000000000000000,0.000000000000000,0.000000000000000,0.000000000000000,0.000000000000000,0.000000000000000,0.000000000000000,0.000000000000000,0.000000000000000,0.000000000000000,0.000000000000000,0.000000000000000,0.000000000000000,0.000000000000000,0.000000000000000,0.000000000000000,0.000000000000000,0.000000000000000,0.000000000000000,0.000000000000000,0.000000000000000,0.000000000000000,0.000000000000000,0.000000000000000,0.000000000000000,0.000000000000000,0.000000000000000,0.000000000000000
1,7,27,0.000000000000000,0.000000000000000,0.000000000000000,0.000000000000000,0.000000000000000,0.000000000000000,0.000000000000000,0.000000000000000,0.000000000000000,0.000000000000000,0.000000000000000,0.000000000000000,0.000000000000000,0.000000000000000,0.000000000000000,0.000000000000000,0.000000000000000,0.000000000000000,0.000000000000000,0.000000000000000,0.000000000000000,0.000000000000000,0.000000000000000,0.000000000000000,0.000000000000000,0.000000000000000,0.000000000000000,0.000000000000000,0.000000000000000,0.000000000000000,0.000000000000000,0.000000000000000,0.000000000000000,0.000000000000000,0.000000000000000,0.000000000000000,0.000000000000000,0.000000000000000,0.000000000000000,0.000000000000000,0.000000000000000,0.000000000000000,0.000000000000000,0.000000000000000,0.000000000000000,0.000000000000000,0.000000000000000,0.000000000000000,0.000000000000000,0.000000000000000
1,7,28,0.000000000000000,0.000000000000000,0.000000000000000,0.000000000000000,0.000000000000000,0.000000000000000,0.000000000000000,0.000000000000000,0.000000000000000,0.000000000000000,0.000000000000000,0.000000000000000,0.000000000000000,0.000000000000000,0.000000000000000,0.000000000000000,0.000000000000000,0.000000000000000,0.000000000000000,0.000000000000000,0.000000000000000,0.000000000000000,0.000000000000000,0.000000000000000,0.000000000000000,0.000000000000000,0.000000000000000,0.000000000000000,0.000000000000000,0.000000000000000,0.000000000000000,0.000000000000000,0.000000000000000,0.000000000000000,0.000000000000000,0.000000000000000,0.000000000000000,0.000000000000000,0.000000000000000,0.000000000000000,0.000000000000000,0.000000000000000,0.000000000000000,0.000000000000000,0.000000000000000,0.000000000000000,0.000000000000000,0.000000000000000,0.000000000000000,0.000000000000000
1,7,29,0.000000000000000,0.000000000000000,0.000000000000000,0.000000000000000,0.000000000000000,0.000000000000000,0.000000000000000,0.000000000000000,0.000000000000000,0.000000000000000,0.000000000000000,0.000000000000000,0.000000000000000,0.000000000000000,0.000000000000000,0.000000000000000,0.000000000000000,0.000000000000000,0.000000000000000,0.000000000000000,0.000000000000000,0.000000000000000,0.000000000000000,0.000000000000000,0.000000000000000,0.000000000000000,0.000000000000000,0.000000000000000,0.000000000000000,0.000000000000000,0.000000000000000,0.000000000000000,0.000000000000000,0.000000000000000,0.000000000000000,0.000000000000000,0.000000000000000,0.000000000000000,0.000000000000000,0.000000000000000,0.000000000000000,0.000000000000000,0.000000000000000,0.000000000000000,0.000000000000000,0.000000000000000,0.000000000000000,0.000000000000000,0.000000000000000,0.000000000000000
1,7,30,0.000000000000000,0.000000000000000,0.000000000000000,0.000000000000000,0.000000000000000,0.000000000000000,0.000000000000000,0.000000000000000,0.000000000000000,0.000000000000000,0.000000000000000,0.000000000000000,0.000000000000000,0.000000000000000,0.000000000000000,0.000000000000000,0.000000000000000,0.000000000000000,0.000000000000000,0.000000000000000,0.000000000000000,0.000000000000000,0.000000000000000,0.000000000000000,0.000000000000000,0.000000000000000,0.000000000000000,0.000000000000000,0.000000000000000,0.000000000000000,0.000000000000000,0.000000000000000,0.000000000000000,0.000000000000000,0.000000000000000,0.000000000000000,0.000000000000000,0.000000000000000,0.000000000000000,0.000000000000000,0.000000000000000,0.000000000000000,0.000000000000000,0.000000000000000,0.000000000000000,0.000000000000000,0.000000000000000,0.000000000000000,0.000000000000000,0.000000000000000
1,7,31,0.000000000000000,0.000000000000000,0.000000000000000,0.000000000000000,0.000000000000000,0.000000000000000,0.000000000000000,0.000000000000000,0.000000000000000,0.000000000000000,0.000000000000000,0.000000000000000,0.000000000000000,0.000000000000000,0.000000000000000,0.000000000000000,0.000000000000000,0.000000000000000,0.000000000000000,0.000000000000000,0.000000000000000,0.000000000000000,0.000000000000000,0.000000000000000,0.000000000000000,0.000000000000000,0.000000000000000,0.000000000000000,0.000000000000000,0.000000000000000,0.000000000000000,0.000000000000000,0.000000000000000,0.000000000000000,0.000000000000000,0.000000000000000,0.000000000000000,0.000000000000000,0.000000000000000,0.000000000000000,0.000000000000000,0.000000000000000,0.000000000000000,0.000000000000000,0.000000000000000,0.000000000000000,0.000000000000000,0.000000000000000,0.000000000000000,0.000000000000000
1,7,32,0.000000000000000,0.000000000000000,0.000000000000000,0.000000000000000,0.000000000000000,0.000000000000000,0.000000000000000,0.000000000000000,0.000000000000000,0.000000000000000,0.000000000000000,0.000000000000000,0.000000000000000,0.000000000000000,0.000000000000000,0.000000000000000,0.000000000000000,0.000000000000000,0.000000000000000,0.000000000000000,0.000000000000000,0.000000000000000,0.000000000000000,0.000000000000000,0.000000000000000,0.000000000000000,0.000000000000000,0.000000000000000,0.000000000000000,0.000000000000000,0.000000000000000,0.000000000000000,0.000000000000000,0.000000000000000,0.000000000000000,0.000000000000000,0.000000000000000,0.000000000000000,0.000000000000000,0.000000000000000,0.000000000000000,0.000000000000000,0.000000000000000,0.000000000000000,0.000000000000000,0.000000000000000,0.000000000000000,0.000000000000000,0.000000000000000,0.000000000000000
1,7,33,0.000000000000000,0.000000000000000,0.000000000000000,0.000000000000000,0.000000000000000,0.001926700339521,0.002599255683795,0.000000000000000,0.000000000000000,0.000000000000000,0.000000000000000,0.000618642896854,0.000000000000000,0.000685841393185,0.015828369304502,0.000000000000000,0.000000000000000,0.000000000000000,0.000000000000000,0.000000000000000,0.000000000000000,0.000000000000000,0.000000000000000,0.000000000000000,0.000000000000000,0.000000000000000,0.000000000000000,0.000000000000000,0.000000000000000,0.000000000000000,0.000000000000000,0.000000000000000,0.000000000000000,0.000000000000000,0.000000000000000,0.000000000000000,0.000000000000000,0.000000000000000,0.000000000000000,0.000000000000000,0.000000000000000,0.000000000000000,0.000000000000000,0.000000000000000,0.000000000000000,0.000000000000000,0.000000000000000,0.000000000000000,0.000000000000000,0.000000000000000
1,7,34,0.000000000000000,0.000000000000000,0.009345794392523,0.005397789113518,0.000000000000000,0.001951051468344,0.000000000000000,0.000000000000000,0.012543673664464,0.006521113364830,0.000000000000000,0.006142974524865,0.000000000000000,0.001936797598202,0.002848332033335,0.012210937571305,0.000000000000000,0.000000000000000,0.000000000000000,0.000000000000000,0.000000000000000,0.000000000000000,0.000000000000000,0.000000000000000,0.000000000000000,0.000000000000000,0.000000000000000,0.000000000000000,0.000000000000000,0.000000000000000,0.000000000000000,0.000000000000000,0.000000000000000,0.000000000000000,0.000000000000000,0.000000000000000,0.000000000000000,0.000000000000000,0.000000000000000,0.000000000000000,0.000000000000000,0.000000000000000,0.000000000000000,0.000000000000000,0.000000000000000,0.000000000000000,0.000000000000000,0.000000000000000,0.000000000000000,0.000000000000000
1,7,35,0.000000000000000,0.011574074074074,0.009803214494652,0.008253094910591,0.010749853551931,0.009482784857732,0.015870930849814,0.000000000000000,0.014305916193987,0.007672345550406,0.007273849996700,0.009121676785603,0.018167424122172,0.011585054035081,0.008199802334433,0.011085019014548,0.029792746113990,0.000000000000000,0.000000000000000,0.000000000000000,0.000000000000000,0.000000000000000,0.000000000000000,0.000000000000000,0.000000000000000,0.000000000000000,0.000000000000000,0.000000000000000,0.000000000000000,0.000000000000000,0.000000000000000,0.000000000000000,0.000000000000000,0.000000000000000,0.000000000000000,0.000000000000000,0.000000000000000,0.000000000000000,0.000000000000000,0.000000000000000,0.000000000000000,0.000000000000000,0.000000000000000,0.000000000000000,0.000000000000000,0.000000000000000,0.000000000000000,0.000000000000000,0.000000000000000,0.000000000000000
1,7,36,0.000000000000000,0.000000000000000,0.000000000000000,0.000000000000000,0.000000000000000,0.003483963327273,0.000000000000000,0.022167024394964,0.013948896489815,0.007297506623749,0.025036497364417,0.007714998295886,0.021894988382045,0.011185845218737,0.025609201809617,0.007936344387163,0.018144546137678,0.000000000000000,0.000000000000000,0.000000000000000,0.000000000000000,0.000000000000000,0.000000000000000,0.000000000000000,0.000000000000000,0.000000000000000,0.000000000000000,0.000000000000000,0.000000000000000,0.000000000000000,0.000000000000000,0.000000000000000,0.000000000000000,0.000000000000000,0.000000000000000,0.000000000000000,0.000000000000000,0.000000000000000,0.000000000000000,0.000000000000000,0.000000000000000,0.000000000000000,0.000000000000000,0.000000000000000,0.000000000000000,0.000000000000000,0.000000000000000,0.000000000000000,0.000000000000000,0.000000000000000
1,7,37,0.000000000000000,0.000000000000000,0.000000000000000,0.015356048327395,0.041955451776941,0.000000000000000,0.013466012084487,0.001125734412403,0.000000000000000,0.008585616511905,0.003570865629953,0.033492170202100,0.019337179113374,0.039965801880180,0.008933514347140,0.041543918466111,0.013264364789957,0.026498861900390,0.035460992907801,0.000000000000000,0.000000000000000,0.000000000000000,0.000000000000000,0.000000000000000,0.000000000000000,0.000000000000000,0.000000000000000,0.000000000000000,0.000000000000000,0.000000000000000,0.000000000000000,0.000000000000000,0.000000000000000,0.000000000000000,0.000000000000000,0.000000000000000,0.000000000000000,0.000000000000000,0.000000000000000,0.000000000000000,0.000000000000000,0.000000000000000,0.000000000000000,0.000000000000000,0.000000000000000,0.000000000000000,0.000000000000000,0.000000000000000,0.000000000000000,0.000000000000000
1,7,38,0.000000000000000,0.028213166144201,0.000000000000000,0.000000000000000,0.000000000000000,0.003850654752390,0.001240287234057,0.011491661507156,0.021734164699069,0.005835323052930,0.010877941793161,0.005751176226589,0.013057460396444,0.005481218559766,0.013886760474300,0.011626022554902,0.027588718683175,0.018040962821087,0.033574341071018,0.069624161680953,0.000000000000000,0.000000000000000,0.000000000000000,0.000000000000000,0.000000000000000,0.000000000000000,0.000000000000000,0.000000000000000,0.000000000000000,0.000000000000000,0.000000000000000,0.000000000000000,0.000000000000000,0.000000000000000,0.000000000000000,0.000000000000000,0.000000000000000,0.000000000000000,0.000000000000000,0.000000000000000,0.000000000000000,0.000000000000000,0.000000000000000,0.000000000000000,0.000000000000000,0.000000000000000,0.000000000000000,0.000000000000000,0.000000000000000,0.000000000000000
1,7,39,0.000000000000000,0.000000000000000,0.000000000000000,0.010503227670266,0.000000000000000,0.009715670119170,0.000000000000000,0.000000000000000,0.006732339079614,0.000000000000000,0.022504844375723,0.008711371151226,0.026798938224052,0.016947884565724,0.041194415611634,0.053086178930723,0.025396573350512,0.073465079340861,0.049153992290646,0.020469487999290,0.035846724351051,0.000000000000000,0.000000000000000,0.000000000000000,0.000000000000000,0.000000000000000,0.000000000000000,0.000000000000000,0.000000000000000,0.000000000000000,0.000000000000000,0.000000000000000,0.000000000000000,0.000000000000000,0.000000000000000,0.000000000000000,0.000000000000000,0.000000000000000,0.000000000000000,0.000000000000000,0.000000000000000,0.000000000000000,0.000000000000000,0.000000000000000,0.000000000000000,0.000000000000000,0.000000000000000,0.000000000000000,0.000000000000000,0.000000000000000
1,7,40,0.000000000000000,0.000000000000000,0.000000000000000,0.008420270139076,0.013533346616789,0.000000000000000,0.016479757322533,0.002698090974601,0.003880539991913,0.003618432513173,0.000000000000000,0.036950434378132,0.000000000000000,0.019510514683437,0.011603941505958,0.024884392678401,0.047297661951896,0.055587451256112,0.030079866928874,0.049009170842739,0.023194222659675,0.000000000000000,0.000000000000000,0.000000000000000,0.000000000000000,0.000000000000000,0.000000000000000,0.000000000000000,0.000000000000000,0.000000000000000,0.000000000000000,0.000000000000000,0.000000000000000,0.000000000000000,0.000000000000000,0.000000000000000,0.000000000000000,0.000000000000000,0.000000000000000,0.000000000000000,0.000000000000000,0.000000000000000,0.000000000000000,0.000000000000000,0.000000000000000,0.000000000000000,0.000000000000000,0.000000000000000,0.000000000000000,0.000000000000000
1,7,41,0.000000000000000,0.000000000000000,0.000000000000000,0.000000000000000,0.000000000000000,0.007432504963317,0.000000000000000,0.025418974434642,0.000000000000000,0.003855166205210,0.015811688794362,0.018425520070336,0.001124691859402,0.011556761976023,0.011773701130296,0.032611847475840,0.017237631053755,0.035095847605176,0.037342824543768,0.015183654847772,0.042511384331742,0.030770410535832,0.054242459496119,0.000000000000000,0.000000000000000,0.000000000000000,0.000000000000000,0.000000000000000,0.000000000000000,0.000000000000000,0.000000000000000,0.000000000000000,0.000000000000000,0.000000000000000,0.000000000000000,0.000000000000000,0.000000000000000,0.000000000000000,0.000000000000000,0.000000000000000,0.000000000000000,0.000000000000000,0.000000000000000,0.000000000000000,0.000000000000000,0.000000000000000,0.000000000000000,0.000000000000000,0.000000000000000,0.000000000000000
1,7,42,0.000000000000000,0.000000000000000,0.000000000000000,0.000000000000000,0.000000000000000,0.019083969465649,0.000000000000000,0.015308761464342,0.009459459459459,0.011418121739763,0.024748419180458,0.021009011763900,0.041974619028820,0.058304217539240,0.037238293890025,0.008545575631073,0.049950195156623,0.068732322538658,0.027421053129450,0.071323542463881,0.038840018448267,0.023757236009024,0.025566106997473,0.015081206496520,0.000000000000000,0.000000000000000,0.000000000000000,0.000000000000000,0.000000000000000,0.000000000000000,0.000000000000000,0.000000000000000,0.000000000000000,0.000000000000000,0.000000000000000,0.000000000000000,0.000000000000000,0.000000000000000,0.000000000000000,0.000000000000000,0.000000000000000,0.000000000000000,0.000000000000000,0.000000000000000,0.000000000000000,0.000000000000000,0.000000000000000,0.000000000000000,0.000000000000000,0.000000000000000
1,7,43,0.000000000000000,0.000000000000000,0.000000000000000,0.000000000000000,0.000000000000000,0.000000000000000,0.000000000000000,0.003081454514271,0.001280265011762,0.018663371344659,0.015657675731824,0.014882632010994,0.026166097838453,0.027051107885902,0.053110347661886,0.020926293020064,0.044641997358951,0.050240112173873,0.026532590166405,0.091080660690241,0.036917060023503,0.052877135738217,0.043347639484979,0.033018673987740,0.054868508418731,0.000000000000000,0.000000000000000,0.000000000000000,0.000000000000000,0.000000000000000,0.000000000000000,0.000000000000000,0.000000000000000,0.000000000000000,0.000000000000000,0.000000000000000,0.000000000000000,0.000000000000000,0.000000000000000,0.000000000000000,0.000000000000000,0.000000000000000,0.000000000000000,0.000000000000000,0.000000000000000,0.000000000000000,0.000000000000000,0.000000000000000,0.000000000000000,0.000000000000000
1,7,44,0.000000000000000,0.000000000000000,0.000000000000000,0.000000000000000,0.020362937466323,0.003649047172741,0.000000000000000,0.000000000000000,0.005410996915697,0.000000000000000,0.050478890286701,0.030405461406415,0.022525671292908,0.013330718049706,0.047955595228176,0.039466631097019,0.064134439271519,0.053897667890167,0.017526181833440,0.026273466965628,0.042803050634622,0.036857978057675,0.036957635794567,0.037138842367049,0.037296573033959,0.080183276059565,0.000000000000000,0.000000000000000,0.000000000000000,0.000000000000000,0.000000000000000,0.000000000000000,0.000000000000000,0.000000000000000,0.000000000000000,0.000000000000000,0.000000000000000,0.000000000000000,0.000000000000000,0.000000000000000,0.000000000000000,0.000000000000000,0.000000000000000,0.000000000000000,0.000000000000000,0.000000000000000,0.000000000000000,0.000000000000000,0.000000000000000,0.000000000000000
1,7,45,0.000000000000000,0.000000000000000,0.000000000000000,0.000000000000000,0.000000000000000,0.000000000000000,0.000000000000000,0.014831938389925,0.003374243094745,0.014684517496266,0.005304418712555,0.018982038626736,0.022403328023445,0.001097588475789,0.067511339522057,0.028924300863601,0.075247459151726,0.070089033067661,0.051706429632261,0.046728192362018,0.076805931637986,0.067698605720364,0.067033336601876,0.090611553288458,0.068669100933285,0.044104466299306,0.024440848253112,0.000000000000000,0.000000000000000,0.000000000000000,0.000000000000000,0.000000000000000,0.000000000000000,0.000000000000000,0.000000000000000,0.000000000000000,0.000000000000000,0.000000000000000,0.000000000000000,0.000000000000000,0.000000000000000,0.000000000000000,0.000000000000000,0.000000000000000,0.000000000000000,0.000000000000000,0.000000000000000,0.000000000000000,0.000000000000000,0.000000000000000
1,7,46,0.000000000000000,0.000000000000000,0.000000000000000,0.015021459227468,0.000000000000000,0.014334649627485,0.011493419806916,0.005890250353771,0.000000000000000,0.008836906281899,0.002627511261652,0.012327772294863,0.023195917029108,0.011749920256749,0.000000000000000,0.028917707811941,0.032677574426435,0.017822163793095,0.035429715111369,0.100638533256164,0.038574048292669,0.040770284040795,0.060418997509553,0.084279855066093,0.043767764518458,0.038828750778291,0.055796882273668,0.019930631995429,0.000000000000000,0.000000000000000,0.000000000000000,0.000000000000000,0.000000000000000,0.000000000000000,0.000000000000000,0.000000000000000,0.000000000000000,0.000000000000000,0.000000000000000,0.000000000000000,0.000000000000000,0.000000000000000,0.000000000000000,0.000000000000000,0.000000000000000,0.000000000000000,0.000000000000000,0.000000000000000,0.000000000000000,0.000000000000000
1,7,47,0.000000000000000,0.000000000000000,0.004174980605018,0.007532330529396,0.020162084127488,0.000000000000000,0.013442386379673,0.000000000000000,0.014033638674068,0.000000000000000,0.000000000000000,0.000000000000000,0.005853893208313,0.053522679128509,0.094959861671065,0.075910686046682,0.094086724640270,0.058342777398069,0.035458217763509,0.068578128272560,0.027292634432561,0.034670879832769,0.048581272312527,0.024522840324969,0.039592590031027,0.047994703596149,0.061071790359561,0.037476123680230,0.025879917184265,0.000000000000000,0.000000000000000,0.000000000000000,0.000000000000000,0.000000000000000,0.000000000000000,0.000000000000000,0.000000000000000,0.000000000000000,0.000000000000000,0.000000000000000,0.000000000000000,0.000000000000000,0.000000000000000,0.000000000000000,0.000000000000000,0.000000000000000,0.000000000000000,0.000000000000000,0.000000000000000,0.000000000000000
1,7,48,0.000000000000000,0.000000000000000,0.000000000000000,0.016693486771585,0.000000000000000,0.001610077064964,0.022791765664257,0.011266204766310,0.000000000000000,0.003662806249064,0.002610213975578,0.000000000000000,0.004716244637594,0.028385896958817,0.039522459045429,0.058386098266914,0.069685014492233,0.096457960256449,0.091778692038293,0.098096735129689,0.048495549392363,0.073770571816558,0.085177444762308,0.047085523030314,0.053618463634332,0.033384034965252,0.038783268116714,0.049659609338227,0.043405048727950,0.048177594609596,0.000000000000000,0.000000000000000,0.000000000000000,0.000000000000000,0.000000000000000,0.000000000000000,0.000000000000000,0.000000000000000,0.000000000000000,0.000000000000000,0.000000000000000,0.000000000000000,0.000000000000000,0.000000000000000,0.000000000000000,0.000000000000000,0.000000000000000,0.000000000000000,0.000000000000000,0.000000000000000
1,7,49,0.000000000000000,0.012268831154474,0.000000000000000,0.013205347529190,0.000000000000000,0.009736771133450,0.007484535360573,0.017958138469941,0.036122559229896,0.021051408891807,0.010123753934259,0.017365922783692,0.007025034903827,0.015815264911785,0.050384465679543,0.077063980622700,0.040632513792935,0.061032158585422,0.114770249387702,0.065815429882615,0.086439683216642,0.035486575155305,0.065919459729464,0.053047292319978,0.077385589418585,0.035836470321874,0.056854812300044,0.046511627906977,0.024712669525147,0.041004752678772,0.016259329021718,0.000000000000000,0.000000000000000,0.000000000000000,0.000000000000000,0.000000000000000,0.000000000000000,0.000000000000000,0.000000000000000,0.000000000000000,0.000000000000000,0.000000000000000,0.000000000000000,0.000000000000000,0.000000000000000,0.000000000000000,0.000000000000000,0.000000000000000,0.000000000000000,0.000000000000000
1,7,50,0.000000000000000,0.000000000000000,0.000000000000000,0.000000000000000,0.006699176843619,0.020030436811629,0.019106937244910,0.004925394369007,0.001402350906115,0.031288758816546,0.012062915613869,0.026818411485604,0.003524533121394,0.006878992835208,0.033478765558580,0.033816822792680,0.037793373091141,0.048102917639590,0.033464065447156,0.064271339657113,0.085590488726749,0.068713191686917,0.037602977967057,0.090204221320423,0.034565766138187,0.058549230980337,0.047323759268796,0.031088684618434,0.046117325595117,0.056291768967035,0.032972788154120,0.000000000000000,0.000000000000000,0.000000000000000,0.000000000000000,0.000000000000000,0.000000000000000,0.000000000000000,0.000000000000000,0.000000000000000,0.000000000000000,0.000000000000000,0.000000000000000,0.000000000000000,0.000000000000000,0.000000000000000,0.000000000000000,0.000000000000000,0.000000000000000,0.000000000000000
1,7,51,0.000000000000000,0.000000000000000,0.000000000000000,0.000000000000000,0.000000000000000,0.000000000000000,0.000000000000000,0.000000000000000,0.000000000000000,0.000000000000000,0.007892903130887,0.000000000000000,0.002580057353390,0.020406120729717,0.022642433352049,0.056422164501620,0.036154585491197,0.058108522040001,0.039415477466733,0.079506998009968,0.069652407241330,0.054902437238574,0.082694568861981,0.107574113412860,0.038908318724664,0.046470402046195,0.077399159281021,0.081247710166558,0.034504004929144,0.029154887813166,0.040212318297074,0.036096138752819,0.031390134529148,0.000000000000000,0.000000000000000,0.000000000000000,0.000000000000000,0.000000000000000,0.000000000000000,0.000000000000000,0.000000000000000,0.000000000000000,0.000000000000000,0.000000000000000,0.000000000000000,0.000000000000000,0.000000000000000,0.000000000000000,0.000000000000000,0.000000000000000
1,7,52,0.000000000000000,0.000000000000000,0.000000000000000,0.000000000000000,0.005025125628141,0.000000000000000,0.000000000000000,0.003327542624037,0.000000000000000,0.002901828075142,0.004241692489702,0.048455746730178,0.035102473455039,0.040837122240925,0.032820227187561,0.042126742154862,0.043116888413323,0.050564450601350,0.109055678545987,0.040947216739780,0.036782916445964,0.059421589800796,0.082007389828138,0.044935860596268,0.042345610973622,0.025209233938006,0.059528820353344,0.115990547546969,0.025877714289420,0.038604359385425,0.052508769612444,0.018314599996082,0.021873960106779,0.022725752802432,0.000000000000000,0.000000000000000,0.000000000000000,0.000000000000000,0.000000000000000,0.000000000000000,0.000000000000000,0.000000000000000,0.000000000000000,0.000000000000000,0.000000000000000,0.000000000000000,0.000000000000000,0.000000000000000,0.000000000000000,0.000000000000000
1,7,53,0.000000000000000,0.000000000000000,0.000000000000000,0.000000000000000,0.000000000000000,0.000000000000000,0.003169128715324,0.000000000000000,0.004086456201948,0.018203906656823,0.020496479140912,0.020669477046109,0.012654692417824,0.001222361963385,0.045385834171096,0.020175421721591,0.087933101180289,0.035828953372119,0.062144029517227,0.027127141726319,0.018884166993828,0.040811313148203,0.041549553035568,0.017540463756147,0.027587900424008,0.024388493420528,0.036079737772767,0.041799159903120,0.048112509252406,0.043761454378577,0.031229235880399,0.058592136690779,0.070425424367774,0.026716056884632,0.003044140030441,0.000000000000000,0.000000000000000,0.000000000000000,0.000000000000000,0.000000000000000,0.000000000000000,0.000000000000000,0.000000000000000,0.000000000000000,0.000000000000000,0.000000000000000,0.000000000000000,0.000000000000000,0.000000000000000,0.000000000000000
1,7,54,0.000000000000000,0.000000000000000,0.000000000000000,0.000000000000000,0.000000000000000,0.000000000000000,0.006545699059151,0.000000000000000,0.001126070150334,0.004137427220604,0.000000000000000,0.037083415054561,0.038068933474023,0.014624225870843,0.055250321916209,0.096359816086330,0.039367798219950,0.038915094339623,0.042441783921278,0.021020092232372,0.057363932474763,0.082667076583172,0.051755581472078,0.044061302681992,0.069252077562327,0.062390808522901,0.045908099755081,0.065284329814668,0.071060682351873,0.039256967981115,0.041932462864149,0.057607936410033,0.028607773585783,0.018632007864469,0.023606082982751,0.006259780907668,0.000000000000000,0.000000000000000,0.000000000000000,0.000000000000000,0.000000000000000,0.000000000000000,0.000000000000000,0.000000000000000,0.000000000000000,0.000000000000000,0.000000000000000,0.000000000000000,0.000000000000000,0.000000000000000
1,7,55,0.000000000000000,0.000000000000000,0.000000000000000,0.000000000000000,0.000000000000000,0.018957345971564,0.000000000000000,0.000000000000000,0.004075842508037,0.001519756838906,0.001607488883980,0.003321771999238,0.020964756718503,0.004700568256583,0.017078404138007,0.039873503710598,0.096289999419713,0.077573761145221,0.032210948075703,0.074392726830477,0.032014483363769,0.010989010989011,0.038283062645012,0.067915690866511,0.074773102006615,0.027616548863281,0.040234584594427,0.013634311909344,0.039955402266060,0.042533081285444,0.000953248734132,0.023384010606210,0.037882515958224,0.043438654584746,0.031706179219097,0.018806447166563,0.053691275167785,0.000000000000000,0.000000000000000,0.000000000000000,0.000000000000000,0.000000000000000,0.000000000000000,0.000000000000000,0.000000000000000,0.000000000000000,0.000000000000000,0.000000000000000,0.000000000000000,0.000000000000000
1,7,56,0.000000000000000,0.000000000000000,0.000000000000000,0.005478458242145,0.007702588577742,0.000000000000000,0.033705477026238,0.010168730739434,0.010935014959026,0.002761925763517,0.000000000000000,0.000000000000000,0.029733959311424,0.013078039039720,0.001554996454171,0.039184717452938,0.017828270526475,0.040571923586747,0.046869612244160,0.038012633857202,0.039576840549815,0.053550640279395,0.133109619686801,0.107916459699314,0.065882505631464,0.084490879479862,0.050800545903613,0.053299887546511,0.084059216997532,0.028167846598163,0.067882472137791,0.041458548427145,0.021775095510381,0.066203057081960,0.051868801385802,0.087130295763389,0.022459969318072,0.019138755980861,0.000000000000000,0.000000000000000,0.000000000000000,0.000000000000000,0.000000000000000,0.000000000000000,0.000000000000000,0.000000000000000,0.000000000000000,0.000000000000000,0.000000000000000,0.000000000000000
1,7,57,0.000000000000000,0.001083320001203,0.000000000000000,0.000000000000000,0.000000000000000,0.000000000000000,0.000000000000000,0.000000000000000,0.001275510204082,0.015644279247347,0.000000000000000,0.000000000000000,0.036814064711066,0.054151689535418,0.041899441340782,0.047543642023882,0.035104488034348,0.073722179339548,0.048106150269291,0.046625766871166,0.066098755522102,0.043469479125719,0.054480811726977,0.012737659744603,0.065871589983410,0.018887962506324,0.028895835803274,0.029030051419141,0.017485495259888,0.051254007605694,0.025287426287286,0.022562278037579,0.032794109183990,0.028179556563905,0.126748251748252,0.017732023563070,0.026750590086546,0.017951351961912,0.043007350516222,0.000000000000000,0.000000000000000,0.000000000000000,0.000000000000000,0.000000000000000,0.000000000000000,0.000000000000000,0.000000000000000,0.000000000000000,0.000000000000000,0.000000000000000
1,7,58,0.000000000000000,0.000000000000000,0.000000000000000,0.000000000000000,0.001373210057369,0.004614757837989,0.010638297872340,0.000000000000000,0.025114258766729,0.000000000000000,0.000000000000000,0.064191812869836,0.013657056145675,0.000000000000000,0.040310077519380,0.003048575352286,0.057624474658105,0.000000000000000,0.022038567493113,0.031527352351915,0.032252553503241,0.039835967006366,0.024452122194093,0.037511886588497,0.035130943959455,0.026116535261557,0.074117982205388,0.153731166620169,0.007317073170732,0.064314203836756,0.055294117647059,0.017543010552612,0.054351984659443,0.052961148753762,0.041363158392216,0.023233301064860,0.027555555555556,0.027078147706057,0.030731190392088,0.000000000000000,0.000000000000000,0.000000000000000,0.000000000000000,0.000000000000000,0.000000000000000,0.000000000000000,0.000000000000000,0.000000000000000,0.000000000000000,0.000000000000000
1,7,59,0.000000000000000,0.000000000000000,0.001030880922988,0.000000000000000,0.004937733433819,0.000000000000000,0.000000000000000,0.000000000000000,0.006420545746388,0.007406438720507,0.009431998381079,0.008953454240947,0.018291452113715,0.025373134328358,0.035212530864468,0.017697962808475,0.087463676694013,0.064659765982496,0.089907422432040,0.019280229781262,0.015558698727016,0.031766019058100,0.074600727412930,0.038790643276045,0.038357548726984,0.024251069900143,0.019496210046493,0.037989583555170,0.097587823957613,0.022303612742912,0.067371202113606,0.024994746155607,0.024687321961224,0.053801169590643,0.062425508083464,0.038738083895855,0.017892644135189,0.019174643912871,0.050880326129338,0.017577230438185,0.004889975550122,0.000000000000000,0.000000000000000,0.000000000000000,0.000000000000000,0.000000000000000,0.000000000000000,0.000000000000000,0.000000000000000,0.000000000000000
1,7,60,0.000000000000000,0.000000000000000,0.000000000000000,0.000000000000000,0.000000000000000,0.000000000000000,0.000000000000000,0.000000000000000,0.000000000000000,0.000000000000000,0.000000000000000,0.000000000000000,0.000000000000000,0.000000000000000,0.000000000000000,0.000000000000000,0.000000000000000,0.000000000000000,0.000000000000000,0.428571428571429,0.000000000000000,0.000000000000000,0.000000000000000,0.000000000000000,0.000000000000000,0.000000000000000,0.000000000000000,0.000000000000000,0.000000000000000,0.000000000000000,0.000000000000000,0.000000000000000,0.000000000000000,0.000000000000000,0.000000000000000,0.190476190476190,0.000000000000000,0.000000000000000,0.000000000000000,0.000000000000000,0.000000000000000,0.000000000000000,0.000000000000000,0.000000000000000,0.000000000000000,0.000000000000000,0.000000000000000,0.000000000000000,0.000000000000000,0.000000000000000
1,7,61,0.000000000000000,0.000000000000000,0.094117647058824,0.000000000000000,0.000000000000000,0.000000000000000,0.000000000000000,0.000000000000000,0.000000000000000,0.000000000000000,0.000000000000000,0.000000000000000,0.000000000000000,0.000000000000000,0.000000000000000,0.000000000000000,0.000000000000000,1.178571428571430,0.000000000000000,0.000000000000000,0.000000000000000,0.000000000000000,0.000000000000000,0.000000000000000,0.209302325581395,0.187500000000000,0.000000000000000,0.000000000000000,0.260869565217391,0.000000000000000,0.000000000000000,0.037037037037037,0.000000000000000,0.000000000000000,0.000000000000000,0.000000000000000,0.000000000000000,0.000000000000000,0.000000000000000,0.000000000000000,0.000000000000000,0.000000000000000,0.000000000000000,0.000000000000000,0.000000000000000,0.000000000000000,0.000000000000000,0.000000000000000,0.000000000000000,0.000000000000000
1,7,62,0.000000000000000,0.000000000000000,0.000000000000000,0.000000000000000,0.000000000000000,0.000000000000000,0.000000000000000,0.000000000000000,0.000000000000000,0.000000000000000,0.000000000000000,0.000000000000000,0.000000000000000,0.000000000000000,0.000000000000000,0.000000000000000,0.000000000000000,0.000000000000000,0.148936170212766,0.257142857142857,0.413793103448276,0.205128205128205,0.000000000000000,0.000000000000000,0.000000000000000,0.000000000000000,0.000000000000000,0.200000000000000,0.000000000000000,0.000000000000000,0.000000000000000,0.000000000000000,0.000000000000000,0.000000000000000,0.000000000000000,0.000000000000000,0.000000000000000,0.000000000000000,0.000000000000000,0.000000000000000,0.230769230769231,0.000000000000000,0.014778325123153,0.000000000000000,0.000000000000000,0.000000000000000,0.000000000000000,0.000000000000000,0.000000000000000,0.000000000000000
1,7,63,0.000000000000000,0.000000000000000,0.000000000000000,0.000000000000000,0.000000000000000,0.000000000000000,0.000000000000000,0.000000000000000,0.000000000000000,0.000000000000000,0.000000000000000,0.000000000000000,0.000000000000000,0.071428571428571,0.000000000000000,0.000000000000000,0.166666666666667,0.333333333333333,0.428571428571429,0.000000000000000,0.000000000000000,0.000000000000000,0.000000000000000,0.000000000000000,0.000000000000000,0.000000000000000,0.000000000000000,0.000000000000000,0.000000000000000,0.459459459459459,0.000000000000000,0.214285714285714,0.000000000000000,0.244897959183673,0.000000000000000,0.000000000000000,0.000000000000000,0.000000000000000,0.000000000000000,0.116883116883117,0.000000000000000,0.035294117647059,0.000000000000000,0.000000000000000,0.000000000000000,0.000000000000000,0.000000000000000,0.000000000000000,0.000000000000000,0.000000000000000
1,7,64,0.000000000000000,0.000000000000000,0.000000000000000,0.000000000000000,0.000000000000000,0.000000000000000,0.000000000000000,0.000000000000000,0.000000000000000,0.000000000000000,0.000000000000000,0.000000000000000,0.000000000000000,0.000000000000000,0.000000000000000,0.000000000000000,0.000000000000000,0.000000000000000,0.000000000000000,0.000000000000000,0.000000000000000,0.482758620689655,0.631578947368421,0.000000000000000,0.000000000000000,0.000000000000000,0.000000000000000,0.000000000000000,0.000000000000000,0.000000000000000,0.000000000000000,0.363636363636364,0.000000000000000,0.000000000000000,0.000000000000000,0.000000000000000,0.000000000000000,0.000000000000000,0.000000000000000,0.307692307692308,0.000000000000000,0.000000000000000,0.000000000000000,0.208333333333333,0.062111801242236,0.000000000000000,0.000000000000000,0.000000000000000,0.000000000000000,0.000000000000000
1,7,65,0.000000000000000,0.000000000000000,0.000000000000000,0.000000000000000,0.000000000000000,0.000000000000000,0.000000000000000,0.000000000000000,0.000000000000000,0.000000000000000,0.000000000000000,0.000000000000000,0.000000000000000,0.000000000000000,0.000000000000000,0.000000000000000,0.000000000000000,0.000000000000000,0.000000000000000,0.000000000000000,0.000000000000000,0.000000000000000,0.000000000000000,0.000000000000000,0.000000000000000,0.000000000000000,0.000000000000000,0.000000000000000,0.000000000000000,0.000000000000000,0.000000000000000,0.000000000000000,0.000000000000000,0.000000000000000,0.000000000000000,0.000000000000000,0.000000000000000,0.000000000000000,0.000000000000000,0.000000000000000,0.000000000000000,0.000000000000000,0.000000000000000,0.000000000000000,0.000000000000000,0.000000000000000,0.000000000000000,0.000000000000000,0.000000000000000,0.000000000000000
1,7,66,0.000000000000000,0.000000000000000,0.000000000000000,0.000000000000000,0.000000000000000,0.000000000000000,0.000000000000000,0.000000000000000,0.000000000000000,0.000000000000000,0.000000000000000,0.000000000000000,0.000000000000000,0.000000000000000,0.000000000000000,0.000000000000000,0.000000000000000,0.000000000000000,0.000000000000000,0.000000000000000,0.000000000000000,0.000000000000000,0.000000000000000,0.000000000000000,0.000000000000000,0.000000000000000,0.000000000000000,0.000000000000000,0.000000000000000,0.000000000000000,0.000000000000000,0.000000000000000,0.000000000000000,0.000000000000000,0.000000000000000,0.000000000000000,0.000000000000000,0.000000000000000,0.000000000000000,0.000000000000000,0.000000000000000,0.000000000000000,0.000000000000000,0.000000000000000,0.000000000000000,0.000000000000000,0.000000000000000,0.000000000000000,0.000000000000000,0.000000000000000
1,7,67,0.000000000000000,0.000000000000000,0.000000000000000,0.000000000000000,0.000000000000000,0.000000000000000,0.000000000000000,0.000000000000000,0.000000000000000,0.000000000000000,0.000000000000000,0.000000000000000,0.000000000000000,0.000000000000000,0.000000000000000,0.000000000000000,0.000000000000000,0.000000000000000,0.000000000000000,0.000000000000000,0.000000000000000,0.000000000000000,0.000000000000000,0.000000000000000,0.000000000000000,0.000000000000000,0.000000000000000,0.000000000000000,0.000000000000000,0.000000000000000,0.000000000000000,0.000000000000000,0.000000000000000,0.000000000000000,0.000000000000000,0.000000000000000,0.000000000000000,0.000000000000000,0.000000000000000,0.000000000000000,0.000000000000000,0.000000000000000,0.000000000000000,0.000000000000000,0.000000000000000,0.000000000000000,0.000000000000000,0.000000000000000,0.000000000000000,0.000000000000000
1,7,68,0.000000000000000,0.000000000000000,0.000000000000000,0.000000000000000,0.000000000000000,0.000000000000000,0.000000000000000,0.000000000000000,0.000000000000000,0.000000000000000,0.000000000000000,0.000000000000000,0.000000000000000,0.000000000000000,0.000000000000000,0.000000000000000,0.000000000000000,0.000000000000000,0.000000000000000,0.000000000000000,0.000000000000000,0.000000000000000,0.000000000000000,0.000000000000000,0.000000000000000,0.000000000000000,0.000000000000000,0.000000000000000,0.000000000000000,0.000000000000000,0.000000000000000,0.000000000000000,0.000000000000000,0.000000000000000,0.000000000000000,0.000000000000000,0.000000000000000,0.000000000000000,0.000000000000000,0.000000000000000,0.000000000000000,0.000000000000000,0.000000000000000,0.000000000000000,0.000000000000000,0.000000000000000,0.000000000000000,0.000000000000000,0.000000000000000,0.000000000000000
1,7,69,0.000000000000000,0.000000000000000,0.000000000000000,0.000000000000000,0.000000000000000,0.000000000000000,0.000000000000000,0.000000000000000,0.000000000000000,0.000000000000000,0.000000000000000,0.000000000000000,0.000000000000000,0.000000000000000,0.000000000000000,0.000000000000000,0.000000000000000,0.000000000000000,0.000000000000000,0.000000000000000,0.000000000000000,0.000000000000000,0.000000000000000,0.000000000000000,0.000000000000000,0.000000000000000,0.000000000000000,0.000000000000000,0.000000000000000,0.000000000000000,0.000000000000000,0.000000000000000,0.000000000000000,0.000000000000000,0.000000000000000,0.000000000000000,0.000000000000000,0.000000000000000,0.000000000000000,0.000000000000000,0.000000000000000,0.000000000000000,0.000000000000000,0.000000000000000,0.000000000000000,0.000000000000000,0.000000000000000,0.000000000000000,0.000000000000000,0.000000000000000
1,8,20,2.959874094525780,6.399146073230690,0.000000000000000,0.000000000000000,0.000000000000000,0.000000000000000,0.000000000000000,0.000000000000000,0.000000000000000,0.000000000000000,0.000000000000000,0.000000000000000,0.000000000000000,0.000000000000000,0.000000000000000,0.000000000000000,0.000000000000000,0.000000000000000,0.000000000000000,0.000000000000000,0.000000000000000,0.000000000000000,0.000000000000000,0.000000000000000,0.000000000000000,0.000000000000000,0.000000000000000,0.000000000000000,0.000000000000000,0.000000000000000,0.000000000000000,0.000000000000000,0.000000000000000,0.000000000000000,0.000000000000000,0.000000000000000,0.000000000000000,0.000000000000000,0.000000000000000,0.000000000000000,0.000000000000000,0.000000000000000,0.000000000000000,0.000000000000000,0.000000000000000,0.000000000000000,0.000000000000000,0.000000000000000,0.000000000000000,0.000000000000000
1,8,21,0.372615039281706,9.410652972952660,13.637394375662000,0.000000000000000,0.000000000000000,0.000000000000000,0.000000000000000,0.000000000000000,0.000000000000000,0.000000000000000,0.000000000000000,0.000000000000000,0.000000000000000,0.000000000000000,0.000000000000000,0.000000000000000,0.000000000000000,0.000000000000000,0.000000000000000,0.000000000000000,0.000000000000000,0.000000000000000,0.000000000000000,0.000000000000000,0.000000000000000,0.000000000000000,0.000000000000000,0.000000000000000,0.000000000000000,0.000000000000000,0.000000000000000,0.000000000000000,0.000000000000000,0.000000000000000,0.000000000000000,0.000000000000000,0.000000000000000,0.000000000000000,0.000000000000000,0.000000000000000,0.000000000000000,0.000000000000000,0.000000000000000,0.000000000000000,0.000000000000000,0.000000000000000,0.000000000000000,0.000000000000000,0.000000000000000,0.000000000000000
1,8,22,0.322781774580336,2.375084175084170,16.637439147815700,21.324461538461500,0.000000000000000,0.000000000000000,0.000000000000000,0.000000000000000,0.000000000000000,0.000000000000000,0.000000000000000,0.000000000000000,0.000000000000000,0.000000000000000,0.000000000000000,0.000000000000000,0.000000000000000,0.000000000000000,0.000000000000000,0.000000000000000,0.000000000000000,0.000000000000000,0.000000000000000,0.000000000000000,0.000000000000000,0.000000000000000,0.000000000000000,0.000000000000000,0.000000000000000,0.000000000000000,0.000000000000000,0.000000000000000,0.000000000000000,0.000000000000000,0.000000000000000,0.000000000000000,0.000000000000000,0.000000000000000,0.000000000000000,0.000000000000000,0.000000000000000,0.000000000000000,0.000000000000000,0.000000000000000,0.000000000000000,0.000000000000000,0.000000000000000,0.000000000000000,0.000000000000000,0.000000000000000
1,8,23,0.368910782703886,2.361187214611870,7.513300548202260,18.823386455820300,22.970780620085700,0.000000000000000,0.000000000000000,0.000000000000000,0.000000000000000,0.000000000000000,0.000000000000000,0.000000000000000,0.000000000000000,0.000000000000000,0.000000000000000,0.000000000000000,0.000000000000000,0.000000000000000,0.000000000000000,0.000000000000000,0.000000000000000,0.000000000000000,0.000000000000000,0.000000000000000,0.000000000000000,0.000000000000000,0.000000000000000,0.000000000000000,0.000000000000000,0.000000000000000,0.000000000000000,0.000000000000000,0.000000000000000,0.000000000000000,0.000000000000000,0.000000000000000,0.000000000000000,0.000000000000000,0.000000000000000,0.000000000000000,0.000000000000000,0.000000000000000,0.000000000000000,0.000000000000000,0.000000000000000,0.000000000000000,0.000000000000000,0.000000000000000,0.000000000000000,0.000000000000000
1,8,24,0.355755894590846,2.288843606724400,7.359436483083670,11.648992627471900,20.554961585102500,25.177405445817000,0.000000000000000,0.000000000000000,0.000000000000000,0.000000000000000,0.000000000000000,0.000000000000000,0.000000000000000,0.000000000000000,0.000000000000000,0.000000000000000,0.000000000000000,0.000000000000000,0.000000000000000,0.000000000000000,0.000000000000000,0.000000000000000,0.000000000000000,0.000000000000000,0.000000000000000,0.000000000000000,0.000000000000000,0.000000000000000,0.000000000000000,0.000000000000000,0.000000000000000,0.000000000000000,0.000000000000000,0.000000000000000,0.000000000000000,0.000000000000000,0.000000000000000,0.000000000000000,0.000000000000000,0.000000000000000,0.000000000000000,0.000000000000000,0.000000000000000,0.000000000000000,0.000000000000000,0.000000000000000,0.000000000000000,0.000000000000000,0.000000000000000,0.000000000000000
1,8,25,0.353333333333333,2.175642594859240,7.449275362318840,11.761376683906100,12.445054570105600,18.704031046462900,22.199039121482500,0.000000000000000,0.000000000000000,0.000000000000000,0.000000000000000,0.000000000000000,0.000000000000000,0.000000000000000,0.000000000000000,0.000000000000000,0.000000000000000,0.000000000000000,0.000000000000000,0.000000000000000,0.000000000000000,0.000000000000000,0.000000000000000,0.000000000000000,0.000000000000000,0.000000000000000,0.000000000000000,0.000000000000000,0.000000000000000,0.000000000000000,0.000000000000000,0.000000000000000,0.000000000000000,0.000000000000000,0.000000000000000,0.000000000000000,0.000000000000000,0.000000000000000,0.000000000000000,0.000000000000000,0.000000000000000,0.000000000000000,0.000000000000000,0.000000000000000,0.000000000000000,0.000000000000000,0.000000000000000,0.000000000000000,0.000000000000000,0.000000000000000
1,8,26,0.277500239908034,2.091342335186660,7.594566888774990,11.683874127510400,12.582730973079300,12.636831599261900,15.017259394084900,17.830811280082800,0.000000000000000,0.000000000000000,0.000000000000000,0.000000000000000,0.000000000000000,0.000000000000000,0.000000000000000,0.000000000000000,0.000000000000000,0.000000000000000,0.000000000000000,0.000000000000000,0.000000000000000,0.000000000000000,0.000000000000000,0.000000000000000,0.000000000000000,0.000000000000000,0.000000000000000,0.000000000000000,0.000000000000000,0.000000000000000,0.000000000000000,0.000000000000000,0.000000000000000,0.000000000000000,0.000000000000000,0.000000000000000,0.000000000000000,0.000000000000000,0.000000000000000,0.000000000000000,0.000000000000000,0.000000000000000,0.000000000000000,0.000000000000000,0.000000000000000,0.000000000000000,0.000000000000000,0.000000000000000,0.000000000000000,0.000000000000000
1,8,27,0.294478527607362,2.180037313432840,6.480907531445470,11.269650943075200,12.241332472067300,13.458331725652700,12.718107977447700,12.987282382913400,16.907368421052600,0.000000000000000,0.000000000000000,0.000000000000000,0.000000000000000,0.000000000000000,0.000000000000000,0.000000000000000,0.000000000000000,0.000000000000000,0.000000000000000,0.000000000000000,0.000000000000000,0.000000000000000,0.000000000000000,0.000000000000000,0.000000000000000,0.000000000000000,0.000000000000000,0.000000000000000,0.000000000000000,0.000000000000000,0.000000000000000,0.000000000000000,0.000000000000000,0.000000000000000,0.000000000000000,0.000000000000000,0.000000000000000,0.000000000000000,0.000000000000000,0.000000000000000,0.000000000000000,0.000000000000000,0.000000000000000,0.000000000000000,0.000000000000000,0.000000000000000,0.000000000000000,0.000000000000000,0.000000000000000,0.000000000000000
1,8,28,0.261394101876676,2.082568598135510,6.485172981878090,10.742809419631700,12.733704608282500,13.191745568556600,12.592853839183400,12.789935497546800,11.822953445237400,12.505058704449000,0.000000000000000,0.000000000000000,0.000000000000000,0.000000000000000,0.000000000000000,0.000000000000000,0.000000000000000,0.000000000000000,0.000000000000000,0.000000000000000,0.000000000000000,0.000000000000000,0.000000000000000,0.000000000000000,0.000000000000000,0.000000000000000,0.000000000000000,0.000000000000000,0.000000000000000,0.000000000000000,0.000000000000000,0.000000000000000,0.000000000000000,0.000000000000000,0.000000000000000,0.000000000000000,0.000000000000000,0.000000000000000,0.000000000000000,0.000000000000000,0.000000000000000,0.000000000000000,0.000000000000000,0.000000000000000,0.000000000000000,0.000000000000000,0.000000000000000,0.000000000000000,0.000000000000000,0.000000000000000
1,8,29,0.268386737711941,2.033802816901410,5.936996022457550,10.658618006032500,11.639314079035700,13.140048862773200,13.590253996971500,12.842536525796300,11.460894799577600,10.750322605106900,12.639744925028300,0.000000000000000,0.000000000000000,0.000000000000000,0.000000000000000,0.000000000000000,0.000000000000000,0.000000000000000,0.000000000000000,0.000000000000000,0.000000000000000,0.000000000000000,0.000000000000000,0.000000000000000,0.000000000000000,0.000000000000000,0.000000000000000,0.000000000000000,0.000000000000000,0.000000000000000,0.000000000000000,0.000000000000000,0.000000000000000,0.000000000000000,0.000000000000000,0.000000000000000,0.000000000000000,0.000000000000000,0.000000000000000,0.000000000000000,0.000000000000000,0.000000000000000,0.000000000000000,0.000000000000000,0.000000000000000,0.000000000000000,0.000000000000000,0.000000000000000,0.000000000000000,0.000000000000000
1,8,30,0.373848987108656,1.743816254416960,6.116564417177910,9.980418813527730,11.575041895281000,12.716547489878700,12.474718425541600,12.888908114711500,11.454153874717900,11.311275365904500,9.800067215110920,11.267723074928100,0.000000000000000,0.000000000000000,0.000000000000000,0.000000000000000,0.000000000000000,0.000000000000000,0.000000000000000,0.000000000000000,0.000000000000000,0.000000000000000,0.000000000000000,0.000000000000000,0.000000000000000,0.000000000000000,0.000000000000000,0.000000000000000,0.000000000000000,0.000000000000000,0.000000000000000,0.000000000000000,0.000000000000000,0.000000000000000,0.000000000000000,0.000000000000000,0.000000000000000,0.000000000000000,0.000000000000000,0.000000000000000,0.000000000000000,0.000000000000000,0.000000000000000,0.000000000000000,0.000000000000000,0.000000000000000,0.000000000000000,0.000000000000000,0.000000000000000,0.000000000000000
1,8,31,0.241379310344828,1.461004537010500,4.480435790306730,9.574665293511840,12.093479931897400,12.459822531480000,13.041274180030800,12.006856654817600,12.538862311202200,11.555809347372100,11.045044270541400,9.362444096176740,11.840201455708100,0.000000000000000,0.000000000000000,0.000000000000000,0.000000000000000,0.000000000000000,0.000000000000000,0.000000000000000,0.000000000000000,0.000000000000000,0.000000000000000,0.000000000000000,0.000000000000000,0.000000000000000,0.000000000000000,0.000000000000000,0.000000000000000,0.000000000000000,0.000000000000000,0.000000000000000,0.000000000000000,0.000000000000000,0.000000000000000,0.000000000000000,0.000000000000000,0.000000000000000,0.000000000000000,0.000000000000000,0.000000000000000,0.000000000000000,0.000000000000000,0.000000000000000,0.000000000000000,0.000000000000000,0.000000000000000,0.000000000000000,0.000000000000000,0.000000000000000
1,8,32,0.221428571428571,1.231638418079100,4.481751606471020,7.726457108862450,10.638320251107900,12.912332916310400,13.192586256029900,12.566141649002200,13.154474358734800,12.774205443342600,10.843744145909600,10.630445561501300,9.012758327403130,11.975000000000000,0.000000000000000,0.000000000000000,0.000000000000000,0.000000000000000,0.000000000000000,0.000000000000000,0.000000000000000,0.000000000000000,0.000000000000000,0.000000000000000,0.000000000000000,0.000000000000000,0.000000000000000,0.000000000000000,0.000000000000000,0.000000000000000,0.000000000000000,0.000000000000000,0.000000000000000,0.000000000000000,0.000000000000000,0.000000000000000,0.000000000000000,0.000000000000000,0.000000000000000,0.000000000000000,0.000000000000000,0.000000000000000,0.000000000000000,0.000000000000000,0.000000000000000,0.000000000000000,0.000000000000000,0.000000000000000,0.000000000000000,0.000000000000000
1,8,33,0.303879310344828,1.342733188720170,4.286792395930760,8.330916495960650,10.049951097966300,10.649865520631200,12.444499158259600,12.024591438182500,12.965426938074000,11.421493947922700,11.723641338878400,10.769110666490700,10.406309161936500,8.755033685552870,10.567998370650900,0.000000000000000,0.000000000000000,0.000000000000000,0.000000000000000,0.000000000000000,0.000000000000000,0.000000000000000,0.000000000000000,0.000000000000000,0.000000000000000,0.000000000000000,0.000000000000000,0.000000000000000,0.000000000000000,0.000000000000000,0.000000000000000,0.000000000000000,0.000000000000000,0.000000000000000,0.000000000000000,0.000000000000000,0.000000000000000,0.000000000000000,0.000000000000000,0.000000000000000,0.000000000000000,0.000000000000000,0.000000000000000,0.000000000000000,0.000000000000000,0.000000000000000,0.000000000000000,0.000000000000000,0.000000000000000,0.000000000000000
1,8,34,0.307317073170732,1.333219941386140,3.727414330218070,6.995793545300830,9.135727924126040,10.042924719211300,10.738648547371900,11.491955098804300,10.882040806533100,11.062569908314600,11.317239787365800,10.754874295207500,10.111370665728600,9.194634959947820,8.275516805656270,9.467546930284850,0.000000000000000,0.000000000000000,0.000000000000000,0.000000000000000,0.000000000000000,0.000000000000000,0.000000000000000,0.000000000000000,0.000000000000000,0.000000000000000,0.000000000000000,0.000000000000000,0.000000000000000,0.000000000000000,0.000000000000000,0.000000000000000,0.000000000000000,0.000000000000000,0.000000000000000,0.000000000000000,0.000000000000000,0.000000000000000,0.000000000000000,0.000000000000000,0.000000000000000,0.000000000000000,0.000000000000000,0.000000000000000,0.000000000000000,0.000000000000000,0.000000000000000,0.000000000000000,0.000000000000000,0.000000000000000
1,8,35,0.361823361823362,1.349537037037040,3.772772880914180,7.228335625859700,9.148707278968820,9.195140383714270,10.319097598539900,10.967629928601400,9.574598009727800,10.537867422627700,10.099457288811900,9.470502989564870,10.342984247060300,9.502444105806070,8.650296758125480,7.630707949556170,9.247409326424870,0.000000000000000,0.000000000000000,0.000000000000000,0.000000000000000,0.000000000000000,0.000000000000000,0.000000000000000,0.000000000000000,0.000000000000000,0.000000000000000,0.000000000000000,0.000000000000000,0.000000000000000,0.000000000000000,0.000000000000000,0.000000000000000,0.000000000000000,0.000000000000000,0.000000000000000,0.000000000000000,0.000000000000000,0.000000000000000,0.000000000000000,0.000000000000000,0.000000000000000,0.000000000000000,0.000000000000000,0.000000000000000,0.000000000000000,0.000000000000000,0.000000000000000,0.000000000000000,0.000000000000000
1,8,36,0.300911854103343,1.162025316455700,4.369497925912010,7.557743686513200,9.316946959896510,9.172114119600140,9.378937258133360,9.878843842398320,9.168439096168230,10.670995788007500,10.381883855362900,9.604097391658520,9.186247399535970,9.524985614352890,8.950416032461050,7.946148106700150,6.909191206487790,8.588129995617860,0.000000000000000,0.000000000000000,0.000000000000000,0.000000000000000,0.000000000000000,0.000000000000000,0.000000000000000,0.000000000000000,0.000000000000000,0.000000000000000,0.000000000000000,0.000000000000000,0.000000000000000,0.000000000000000,0.000000000000000,0.000000000000000,0.000000000000000,0.000000000000000,0.000000000000000,0.000000000000000,0.000000000000000,0.000000000000000,0.000000000000000,0.000000000000000,0.000000000000000,0.000000000000000,0.000000000000000,0.000000000000000,0.000000000000000,0.000000000000000,0.000000000000000,0.000000000000000
1,8,37,0.380597014925373,1.144117647058820,3.573832593608950,6.133888192998340,8.971474104969220,9.043375487553900,9.483439010500260,8.957026988104490,9.328566567275640,10.131016034025900,10.202319210106000,10.653739773702000,9.186703000674920,8.515357078406010,8.713245663899930,7.831297665435190,8.650949418469840,6.683267668153010,7.511820330969270,0.000000000000000,0.000000000000000,0.000000000000000,0.000000000000000,0.000000000000000,0.000000000000000,0.000000000000000,0.000000000000000,0.000000000000000,0.000000000000000,0.000000000000000,0.000000000000000,0.000000000000000,0.000000000000000,0.000000000000000,0.000000000000000,0.000000000000000,0.000000000000000,0.000000000000000,0.000000000000000,0.000000000000000,0.000000000000000,0.000000000000000,0.000000000000000,0.000000000000000,0.000000000000000,0.000000000000000,0.000000000000000,0.000000000000000,0.000000000000000,0.000000000000000
1,8,38,0.362831858407080,1.072100313479620,3.756626506024100,6.508825262617650,7.837386018237080,9.010930814442030,9.791779085012420,9.334441790313930,8.925848342037420,9.440555217267470,9.613498134693970,8.698274803057970,10.415332189682400,9.423827276910090,8.821444253606900,8.354216044966690,8.273858725797790,8.005677251857160,6.048051196325240,6.340107123914030,0.000000000000000,0.000000000000000,0.000000000000000,0.000000000000000,0.000000000000000,0.000000000000000,0.000000000000000,0.000000000000000,0.000000000000000,0.000000000000000,0.000000000000000,0.000000000000000,0.000000000000000,0.000000000000000,0.000000000000000,0.000000000000000,0.000000000000000,0.000000000000000,0.000000000000000,0.000000000000000,0.000000000000000,0.000000000000000,0.000000000000000,0.000000000000000,0.000000000000000,0.000000000000000,0.000000000000000,0.000000000000000,0.000000000000000,0.000000000000000
1,8,39,0.265061859318773,0.817518248175182,2.706602281594810,6.673750861687070,7.738709677419350,8.979797886691960,8.076322078016910,8.873215417061860,8.025792006874970,8.717834515449520,9.270516573676060,9.305468194542680,8.396059748985600,8.146912750384630,8.918262191848480,8.595669352013140,8.070843073030380,7.049828531983220,7.940973788358860,5.597227474703480,6.336217552533990,0.000000000000000,0.000000000000000,0.000000000000000,0.000000000000000,0.000000000000000,0.000000000000000,0.000000000000000,0.000000000000000,0.000000000000000,0.000000000000000,0.000000000000000,0.000000000000000,0.000000000000000,0.000000000000000,0.000000000000000,0.000000000000000,0.000000000000000,0.000000000000000,0.000000000000000,0.000000000000000,0.000000000000000,0.000000000000000,0.000000000000000,0.000000000000000,0.000000000000000,0.000000000000000,0.000000000000000,0.000000000000000,0.000000000000000
1,8,40,0.127247195950302,0.654275092936803,2.580773190867670,5.506856670955730,6.392814608105850,7.849568651882870,8.268791069693760,8.616694629171560,7.929104891613250,7.848984174186590,8.667805256853330,7.969653713942280,8.591593150616480,7.301810120276450,7.759795251666530,8.229828137760150,6.632020239006100,7.293382297891510,6.547770190235450,7.209494518335860,5.033133383248250,5.741071428571430,0.000000000000000,0.000000000000000,0.000000000000000,0.000000000000000,0.000000000000000,0.000000000000000,0.000000000000000,0.000000000000000,0.000000000000000,0.000000000000000,0.000000000000000,0.000000000000000,0.000000000000000,0.000000000000000,0.000000000000000,0.000000000000000,0.000000000000000,0.000000000000000,0.000000000000000,0.000000000000000,0.000000000000000,0.000000000000000,0.000000000000000,0.000000000000000,0.000000000000000,0.000000000000000,0.000000000000000,0.000000000000000
1,8,41,0.121546961325967,0.455174738804159,2.655333345648730,5.803963190808870,7.199990086013380,7.408787772982460,6.875019003978020,8.878637668132030,8.078570457615290,8.142111025403310,8.231684488559470,8.402706557272820,8.789354090612370,7.732580618085060,8.384104425047580,7.647290216234930,6.808504605315970,6.981726655043480,7.076465251044100,5.904679567805880,7.080832145263670,4.674337685125100,6.024450555775440,0.000000000000000,0.000000000000000,0.000000000000000,0.000000000000000,0.000000000000000,0.000000000000000,0.000000000000000,0.000000000000000,0.000000000000000,0.000000000000000,0.000000000000000,0.000000000000000,0.000000000000000,0.000000000000000,0.000000000000000,0.000000000000000,0.000000000000000,0.000000000000000,0.000000000000000,0.000000000000000,0.000000000000000,0.000000000000000,0.000000000000000,0.000000000000000,0.000000000000000,0.000000000000000,0.000000000000000
1,8,42,0.019047619047619,0.305970149253731,0.988538681948424,2.968325791855200,4.215232972846560,4.851145038167940,4.966881269412080,6.177085250862060,5.485135135135140,7.011790777375870,6.246702622684640,5.432485936612090,6.158834773189390,5.916211736832100,5.354468064209830,5.339588706107180,5.959312266228290,5.362806243546500,5.459137590558160,5.310308422297980,5.230731176915320,4.965762158191830,3.704813282100540,3.583526682134570,0.000000000000000,0.000000000000000,0.000000000000000,0.000000000000000,0.000000000000000,0.000000000000000,0.000000000000000,0.000000000000000,0.000000000000000,0.000000000000000,0.000000000000000,0.000000000000000,0.000000000000000,0.000000000000000,0.000000000000000,0.000000000000000,0.000000000000000,0.000000000000000,0.000000000000000,0.000000000000000,0.000000000000000,0.000000000000000,0.000000000000000,0.000000000000000,0.000000000000000,0.000000000000000
1,8,43,0.077625570776256,0.041666666666667,0.446991404011461,1.436244806210040,2.562992698962690,3.041567406889780,3.546717237871110,2.918228940617440,3.453552891605150,3.335411078881270,3.809575781045700,3.467800590829480,3.565415244596130,3.198778319873050,3.253330994635840,2.917371984795570,3.813227362962670,3.474129305756940,3.343106360966990,3.045887016515750,3.088167391094010,2.701897725411290,2.957510729613730,2.254765966956990,2.514993263438150,0.000000000000000,0.000000000000000,0.000000000000000,0.000000000000000,0.000000000000000,0.000000000000000,0.000000000000000,0.000000000000000,0.000000000000000,0.000000000000000,0.000000000000000,0.000000000000000,0.000000000000000,0.000000000000000,0.000000000000000,0.000000000000000,0.000000000000000,0.000000000000000,0.000000000000000,0.000000000000000,0.000000000000000,0.000000000000000,0.000000000000000,0.000000000000000,0.000000000000000
1,8,44,0.000000000000000,0.027027027027027,0.125325525707376,0.165199104066794,0.633287355202637,1.023557731953720,1.595772115421900,1.315091166006320,1.078952784989980,1.804852459192790,1.660391491581700,2.149130252743140,2.097390282606360,1.567536248472850,1.966211213711580,1.824632822915390,1.722884254975810,2.049009674291190,1.816514721599120,2.012405550826750,1.784650644007020,1.703895692692180,1.953532730575410,1.646568818792700,1.285517214059030,1.309278350515460,0.000000000000000,0.000000000000000,0.000000000000000,0.000000000000000,0.000000000000000,0.000000000000000,0.000000000000000,0.000000000000000,0.000000000000000,0.000000000000000,0.000000000000000,0.000000000000000,0.000000000000000,0.000000000000000,0.000000000000000,0.000000000000000,0.000000000000000,0.000000000000000,0.000000000000000,0.000000000000000,0.000000000000000,0.000000000000000,0.000000000000000,0.000000000000000
1,8,45,0.000000000000000,0.030959752321981,0.060893239163880,0.029210585615522,0.424229837426694,0.479587621308418,0.775566941879267,0.781731251401450,0.771643728386588,0.670147980284129,0.822887336546499,0.900418948487890,1.037627824243780,1.046001817427360,1.234887833980520,1.146641927092740,1.027694750332480,1.137973328556880,1.168160016452500,0.930535554795367,1.209007656051510,0.860142284179873,0.755387808746751,0.900816611639645,0.894791882283111,0.801275687736687,1.349801392160480,0.000000000000000,0.000000000000000,0.000000000000000,0.000000000000000,0.000000000000000,0.000000000000000,0.000000000000000,0.000000000000000,0.000000000000000,0.000000000000000,0.000000000000000,0.000000000000000,0.000000000000000,0.000000000000000,0.000000000000000,0.000000000000000,0.000000000000000,0.000000000000000,0.000000000000000,0.000000000000000,0.000000000000000,0.000000000000000,0.000000000000000
1,8,46,0.000000000000000,0.000000000000000,0.097417864194326,0.025751072961373,0.248017407165453,0.320737785414980,0.316890003247821,0.387283960760415,0.390745121484234,0.270156849189472,0.565610816079674,0.717495154929600,0.562500987955865,0.696449818854587,0.596762311716798,0.907734049715290,0.570836378261786,0.531850887930786,0.699088768904825,0.775079026287390,0.676581015725734,0.420141232149208,0.581930344434114,0.553237048612425,0.477967043254562,0.476382845570211,0.446375058189347,0.177161173292704,0.000000000000000,0.000000000000000,0.000000000000000,0.000000000000000,0.000000000000000,0.000000000000000,0.000000000000000,0.000000000000000,0.000000000000000,0.000000000000000,0.000000000000000,0.000000000000000,0.000000000000000,0.000000000000000,0.000000000000000,0.000000000000000,0.000000000000000,0.000000000000000,0.000000000000000,0.000000000000000,0.000000000000000,0.000000000000000
1,8,47,0.000000000000000,0.000000000000000,0.062624709075275,0.097920296882142,0.100810420637440,0.059499791050980,0.112679791726957,0.150599800370114,0.133319567403650,0.350911312444722,0.180656657372210,0.462238436292777,0.496410144064982,0.558002399424883,0.579582603992363,0.341598087210068,0.604435927992036,0.434109818266989,0.637361464299074,0.529486943871858,0.472232052202727,0.790496060187135,0.377489615941932,0.472064676255651,0.410982237364324,0.457949463479917,0.454597763451096,0.281498737232779,0.429606625258799,0.000000000000000,0.000000000000000,0.000000000000000,0.000000000000000,0.000000000000000,0.000000000000000,0.000000000000000,0.000000000000000,0.000000000000000,0.000000000000000,0.000000000000000,0.000000000000000,0.000000000000000,0.000000000000000,0.000000000000000,0.000000000000000,0.000000000000000,0.000000000000000,0.000000000000000,0.000000000000000,0.000000000000000
1,8,48,0.000000000000000,0.000000000000000,0.000000000000000,0.011128991181057,0.000000000000000,0.053132543143827,0.072933650125623,0.073230330981018,0.135982352176080,0.112326058304639,0.190545620217216,0.366092917620851,0.211051947532335,0.257575731663343,0.266541278452626,0.313825278184663,0.369605888856704,0.311339554887153,0.403204680531628,0.517686971944913,0.563472097701744,0.257122672642178,0.375186363833977,0.339139428423322,0.261610965424652,0.351900565289459,0.288388403944798,0.255873241335951,0.201312616000232,0.124191132771404,0.000000000000000,0.000000000000000,0.000000000000000,0.000000000000000,0.000000000000000,0.000000000000000,0.000000000000000,0.000000000000000,0.000000000000000,0.000000000000000,0.000000000000000,0.000000000000000,0.000000000000000,0.000000000000000,0.000000000000000,0.000000000000000,0.000000000000000,0.000000000000000,0.000000000000000,0.000000000000000
1,8,49,0.000000000000000,0.024537662308948,0.117903930131004,0.000000000000000,0.020937569543563,0.058420626800702,0.000000000000000,0.125706969289585,0.040457266337484,0.165779845022977,0.099972070100807,0.276614341483091,0.193188459855241,0.120873810397216,0.204896827096806,0.315645619262841,0.284427596550547,0.386537004374340,0.470098941492029,0.306294885222939,0.278008710885956,0.260386370104051,0.102212195985012,0.246006818133899,0.077994924768337,0.176244936009218,0.260083654552587,0.257836198179980,0.239624634859905,0.137175785067179,0.012775187088493,0.000000000000000,0.000000000000000,0.000000000000000,0.000000000000000,0.000000000000000,0.000000000000000,0.000000000000000,0.000000000000000,0.000000000000000,0.000000000000000,0.000000000000000,0.000000000000000,0.000000000000000,0.000000000000000,0.000000000000000,0.000000000000000,0.000000000000000,0.000000000000000,0.000000000000000
1,8,50,0.000000000000000,0.025477707006369,0.000000000000000,0.034047485825342,0.020097530530857,0.093475371787603,0.042990608801047,0.054179338059074,0.112188072489229,0.114271988721298,0.203729241478671,0.183897678758425,0.224395275395410,0.260255228932025,0.424833990536459,0.120613334627226,0.198685161393425,0.178914115579566,0.232220332951477,0.135887975275040,0.195870541509291,0.229021158346892,0.147342281013774,0.209777258884705,0.123262826417309,0.146044149186908,0.255426957079012,0.185966858899358,0.231110688493711,0.145992473987677,0.167981711570275,0.142323579894255,0.000000000000000,0.000000000000000,0.000000000000000,0.000000000000000,0.000000000000000,0.000000000000000,0.000000000000000,0.000000000000000,0.000000000000000,0.000000000000000,0.000000000000000,0.000000000000000,0.000000000000000,0.000000000000000,0.000000000000000,0.000000000000000,0.000000000000000,0.000000000000000
1,8,51,0.000000000000000,0.000000000000000,0.045112781954887,0.031466103211225,0.044142614601019,0.193222610628749,0.097858142192609,0.152986193926341,0.059519899848525,0.051869899684758,0.093399353715496,0.149691180309191,0.301866710346578,0.116768357508936,0.126320943964062,0.094789236362722,0.188681743032184,0.110205817662072,0.058085966793080,0.123469691027245,0.231492613343118,0.145574644193188,0.010023584104483,0.192704706761166,0.135477998593090,0.133602405882810,0.263295354339902,0.150711401301325,0.146025878003697,0.219741469258489,0.076548750493225,0.075208667930664,0.080717488789238,0.000000000000000,0.000000000000000,0.000000000000000,0.000000000000000,0.000000000000000,0.000000000000000,0.000000000000000,0.000000000000000,0.000000000000000,0.000000000000000,0.000000000000000,0.000000000000000,0.000000000000000,0.000000000000000,0.000000000000000,0.000000000000000,0.000000000000000
1,8,52,0.000000000000000,0.000000000000000,0.000000000000000,0.045451288488302,0.060301507537688,0.084628670120898,0.049915936605828,0.009982627872111,0.052628182616116,0.056585647465270,0.000000000000000,0.054831502878886,0.097506870708440,0.086624198692871,0.181683400502571,0.161455684227205,0.206261871598867,0.075846675902025,0.150086527899923,0.153818409023907,0.178106753317298,0.164116771830770,0.092588988515640,0.256776346264390,0.189771071400305,0.019097904498490,0.088916465844236,0.158496400374741,0.109482637378317,0.065817268460396,0.053650264604019,0.153560876890227,0.024700370682374,0.054541806725837,0.000000000000000,0.000000000000000,0.000000000000000,0.000000000000000,0.000000000000000,0.000000000000000,0.000000000000000,0.000000000000000,0.000000000000000,0.000000000000000,0.000000000000000,0.000000000000000,0.000000000000000,0.000000000000000,0.000000000000000,0.000000000000000
1,8,53,0.000000000000000,0.000000000000000,0.018125679613376,0.038338367129773,0.255086071987480,0.028616852146264,0.107750376321026,0.088740012765826,0.000000000000000,0.100821636868559,0.081985916563649,0.147270023953525,0.113892231760413,0.106345490814510,0.082762403488469,0.022697349436790,0.086728538150422,0.016794821893181,0.219723532935908,0.046503671530833,0.090644001570372,0.170665491347030,0.180048063154129,0.111381944851531,0.030095891371645,0.137388512935640,0.084186054803123,0.275713689360965,0.048112509252406,0.064316076889727,0.069102990033223,0.089586527838800,0.090460243368951,0.035494189861011,0.000000000000000,0.000000000000000,0.000000000000000,0.000000000000000,0.000000000000000,0.000000000000000,0.000000000000000,0.000000000000000,0.000000000000000,0.000000000000000,0.000000000000000,0.000000000000000,0.000000000000000,0.000000000000000,0.000000000000000,0.000000000000000
1,8,54,0.000000000000000,0.030414847758901,0.000000000000000,0.035982008995502,0.100465010324695,0.005787233241344,0.132550405947804,0.051696284329564,0.076572770222689,0.073094547564012,0.087585596838390,0.173055936921282,0.060910293558437,0.000000000000000,0.092083869860348,0.015017114195272,0.164032492583125,0.179245283018868,0.136756859301895,0.027025832870192,0.063298132385945,0.058353230529298,0.110346805780090,0.137931034482759,0.022160664819945,0.199137786107342,0.099647844808324,0.079615036359352,0.053295511763905,0.014625144934141,0.118567653615870,0.147620337050708,0.008173649595938,0.007452803145787,0.004380510244222,0.000000000000000,0.000000000000000,0.000000000000000,0.000000000000000,0.000000000000000,0.000000000000000,0.000000000000000,0.000000000000000,0.000000000000000,0.000000000000000,0.000000000000000,0.000000000000000,0.000000000000000,0.000000000000000,0.000000000000000
1,8,55,0.000000000000000,0.016949152542373,0.004678898384288,0.031292336583934,0.000000000000000,0.000000000000000,0.000000000000000,0.022382529850773,0.069289322636623,0.036474164133739,0.115739199646573,0.033217719992382,0.000000000000000,0.189589586348847,0.017078404138007,0.136709155579192,0.087401691780970,0.051227955473259,0.080527370189258,0.030261448202228,0.029551830797325,0.095238095238095,0.103248259860789,0.005854800936768,0.013392197374319,0.080548267517903,0.124253864188672,0.028404816477801,0.000000000000000,0.075614366729679,0.027644213289838,0.081489733930732,0.020262741093934,0.028959103056497,0.057721505757843,0.019687999377496,0.000000000000000,0.000000000000000,0.000000000000000,0.000000000000000,0.000000000000000,0.000000000000000,0.000000000000000,0.000000000000000,0.000000000000000,0.000000000000000,0.000000000000000,0.000000000000000,0.000000000000000,0.000000000000000
1,8,56,0.000000000000000,0.000000000000000,0.000000000000000,0.000000000000000,0.036972425173163,0.020408163265306,0.027285386164097,0.022032249935441,0.000000000000000,0.037285997807484,0.000000000000000,0.022758711364984,0.150234741784038,0.145311544885778,0.107294755337819,0.226400589728087,0.053484811579426,0.015938969980508,0.177062979589049,0.180847985320627,0.121058571093551,0.000000000000000,0.013422818791946,0.063142609398535,0.062415005335071,0.035746141318403,0.041564083012047,0.143909696375580,0.171050732262419,0.042251769897245,0.000000000000000,0.009567357329341,0.040828304081964,0.030952078635722,0.068024657555150,0.019184652278178,0.016740349802289,0.000000000000000,0.000000000000000,0.000000000000000,0.000000000000000,0.000000000000000,0.000000000000000,0.000000000000000,0.000000000000000,0.000000000000000,0.000000000000000,0.000000000000000,0.000000000000000,0.000000000000000
1,8,57,0.000000000000000,0.000000000000000,0.040330035313104,0.040755980888697,0.036205021672100,0.000000000000000,0.000000000000000,0.000000000000000,0.109693877551020,0.068265945806604,0.093299787250278,0.136110557538481,0.106024506367870,0.000000000000000,0.050279329608939,0.148224295721513,0.062407978727729,0.000000000000000,0.136517453466908,0.234355828220859,0.115372373274942,0.058340616721359,0.122581826385699,0.105085692892977,0.085309108339171,0.098884039003698,0.000000000000000,0.000000000000000,0.139883962079101,0.096478131963659,0.126437131436429,0.051441993925681,0.000000000000000,0.029997592471254,0.083916083916084,0.017732023563070,0.019669551534225,0.014889881084687,0.000000000000000,0.000000000000000,0.000000000000000,0.000000000000000,0.000000000000000,0.000000000000000,0.000000000000000,0.000000000000000,0.000000000000000,0.000000000000000,0.000000000000000,0.000000000000000
1,8,58,0.000000000000000,0.022077323776044,0.000000000000000,0.000000000000000,0.032957041376856,0.000000000000000,0.036474164133739,0.000000000000000,0.000000000000000,0.051707740942268,0.036522318938462,0.134802807026656,0.000000000000000,0.000000000000000,0.018604651162791,0.065544370074144,0.065411565828119,0.233337094904607,0.019283746556474,0.000000000000000,0.077406128407778,0.205819162866227,0.032602829592123,0.168156732982917,0.037833324264029,0.119389875481401,0.122229654865025,0.000000000000000,0.029268292682927,0.024556332374034,0.057647058823529,0.048243279019682,0.000000000000000,0.000000000000000,0.000000000000000,0.159728944820910,0.042666666666667,0.000000000000000,0.000000000000000,0.000000000000000,0.000000000000000,0.000000000000000,0.000000000000000,0.000000000000000,0.000000000000000,0.000000000000000,0.000000000000000,0.000000000000000,0.000000000000000,0.000000000000000
1,8,59,0.000000000000000,0.008156019544041,0.000000000000000,0.000000000000000,0.013578766943003,0.000000000000000,0.002975994992426,0.026223815276906,0.000000000000000,0.000000000000000,0.007859998650899,0.000000000000000,0.006097150704572,0.002985074626866,0.000000000000000,0.000000000000000,0.241279108121414,0.029964281796766,0.026972226729612,0.049577733723245,0.050919377652051,0.000000000000000,0.000000000000000,0.025860428850696,0.000000000000000,0.000000000000000,0.066844148730831,0.000000000000000,0.048125502225672,0.014869075161941,0.015852047556143,0.028565424177836,0.044437179530203,0.000000000000000,0.039426636684293,0.037691108655427,0.000000000000000,0.000000000000000,0.000000000000000,0.039548768485917,0.029339853300734,0.000000000000000,0.000000000000000,0.000000000000000,0.000000000000000,0.000000000000000,0.000000000000000,0.000000000000000,0.000000000000000,0.000000000000000
1,8,60,0.000000000000000,0.000000000000000,0.000000000000000,0.000000000000000,0.000000000000000,0.000000000000000,0.878048780487805,0.000000000000000,0.000000000000000,0.000000000000000,0.000000000000000,0.000000000000000,0.000000000000000,0.000000000000000,0.000000000000000,0.000000000000000,0.000000000000000,0.000000000000000,0.000000000000000,0.000000000000000,0.000000000000000,0.000000000000000,0.000000000000000,0.000000000000000,0.000000000000000,0.000000000000000,0.000000000000000,0.000000000000000,0.000000000000000,0.642857142857143,0.000000000000000,0.000000000000000,0.000000000000000,0.250000000000000,0.000000000000000,0.000000000000000,0.000000000000000,0.000000000000000,0.000000000000000,0.000000000000000,0.000000000000000,0.000000000000000,0.000000000000000,0.000000000000000,0.000000000000000,0.000000000000000,0.000000000000000,0.000000000000000,0.000000000000000,0.000000000000000
1,8,61,0.000000000000000,0.000000000000000,0.000000000000000,0.000000000000000,0.000000000000000,0.000000000000000,0.000000000000000,0.000000000000000,0.000000000000000,0.000000000000000,0.000000000000000,0.000000000000000,0.000000000000000,0.000000000000000,0.000000000000000,0.000000000000000,0.000000000000000,0.000000000000000,0.000000000000000,0.000000000000000,0.000000000000000,0.000000000000000,0.000000000000000,0.625000000000000,0.000000000000000,0.000000000000000,0.000000000000000,0.000000000000000,0.000000000000000,0.000000000000000,0.000000000000000,0.000000000000000,0.000000000000000,0.000000000000000,0.000000000000000,0.000000000000000,0.000000000000000,0.000000000000000,0.000000000000000,0.000000000000000,0.000000000000000,0.000000000000000,0.000000000000000,0.000000000000000,0.000000000000000,0.000000000000000,0.000000000000000,0.000000000000000,0.000000000000000,0.000000000000000
1,8,62,0.000000000000000,0.000000000000000,0.000000000000000,0.000000000000000,0.000000000000000,0.000000000000000,0.000000000000000,0.000000000000000,0.000000000000000,0.000000000000000,0.000000000000000,0.000000000000000,0.000000000000000,0.000000000000000,0.000000000000000,0.000000000000000,0.000000000000000,0.000000000000000,0.000000000000000,0.000000000000000,0.000000000000000,0.000000000000000,0.000000000000000,0.000000000000000,0.000000000000000,0.000000000000000,0.000000000000000,0.000000000000000,0.000000000000000,0.000000000000000,0.000000000000000,1.037037037037040,0.000000000000000,0.000000000000000,0.000000000000000,0.000000000000000,0.000000000000000,0.000000000000000,0.000000000000000,0.000000000000000,0.000000000000000,0.000000000000000,0.000000000000000,0.000000000000000,0.000000000000000,0.000000000000000,0.000000000000000,0.000000000000000,0.000000000000000,0.000000000000000
1,8,63,0.000000000000000,0.000000000000000,0.000000000000000,0.000000000000000,0.000000000000000,0.000000000000000,0.000000000000000,0.000000000000000,0.000000000000000,0.000000000000000,0.000000000000000,0.000000000000000,0.000000000000000,0.000000000000000,0.000000000000000,0.000000000000000,0.000000000000000,0.000000000000000,0.000000000000000,0.242424242424242,0.000000000000000,2.047619047619050,0.000000000000000,0.000000000000000,0.000000000000000,0.774193548387097,0.000000000000000,0.000000000000000,0.000000000000000,0.000000000000000,0.000000000000000,0.000000000000000,0.000000000000000,0.000000000000000,0.000000000000000,0.000000000000000,0.000000000000000,0.000000000000000,0.000000000000000,0.000000000000000,0.000000000000000,0.000000000000000,0.000000000000000,0.000000000000000,0.000000000000000,0.000000000000000,0.000000000000000,0.000000000000000,0.000000000000000,0.000000000000000
1,8,64,0.000000000000000,0.000000000000000,0.000000000000000,0.000000000000000,0.000000000000000,0.000000000000000,0.000000000000000,0.000000000000000,0.000000000000000,0.000000000000000,0.000000000000000,0.000000000000000,0.000000000000000,0.000000000000000,0.000000000000000,0.000000000000000,0.000000000000000,0.000000000000000,0.000000000000000,0.000000000000000,0.000000000000000,0.000000000000000,0.000000000000000,0.000000000000000,0.000000000000000,0.000000000000000,0.000000000000000,0.000000000000000,0.000000000000000,0.000000000000000,0.000000000000000,0.000000000000000,0.000000000000000,1.018518518518520,0.000000000000000,0.000000000000000,0.000000000000000,0.000000000000000,0.000000000000000,0.000000000000000,0.000000000000000,0.000000000000000,0.000000000000000,0.000000000000000,0.000000000000000,0.000000000000000,0.000000000000000,0.000000000000000,0.000000000000000,0.000000000000000
1,8,65,0.000000000000000,0.000000000000000,0.000000000000000,0.000000000000000,0.000000000000000,0.000000000000000,0.000000000000000,0.000000000000000,0.000000000000000,0.000000000000000,0.000000000000000,0.000000000000000,0.000000000000000,0.000000000000000,0.000000000000000,0.000000000000000,0.000000000000000,0.000000000000000,0.000000000000000,0.000000000000000,0.000000000000000,0.000000000000000,0.000000000000000,0.000000000000000,0.000000000000000,0.000000000000000,0.000000000000000,0.000000000000000,0.000000000000000,0.000000000000000,0.000000000000000,0.000000000000000,0.000000000000000,0.000000000000000,0.000000000000000,0.000000000000000,0.000000000000000,0.000000000000000,0.000000000000000,0.000000000000000,0.000000000000000,0.000000000000000,0.000000000000000,0.000000000000000,0.000000000000000,0.000000000000000,0.000000000000000,0.000000000000000,0.000000000000000,0.000000000000000
1,8,66,0.000000000000000,0.000000000000000,0.000000000000000,0.000000000000000,0.000000000000000,0.000000000000000,0.000000000000000,0.000000000000000,0.000000000000000,0.000000000000000,0.000000000000000,0.000000000000000,0.000000000000000,0.000000000000000,0.000000000000000,0.000000000000000,0.000000000000000,0.000000000000000,0.000000000000000,0.000000000000000,0.000000000000000,0.000000000000000,0.000000000000000,0.000000000000000,0.000000000000000,0.000000000000000,0.000000000000000,0.000000000000000,0.000000000000000,0.000000000000000,0.000000000000000,0.000000000000000,0.000000000000000,0.000000000000000,0.000000000000000,0.000000000000000,0.000000000000000,0.000000000000000,0.000000000000000,0.000000000000000,0.000000000000000,0.000000000000000,0.000000000000000,0.000000000000000,0.000000000000000,0.000000000000000,0.000000000000000,0.000000000000000,0.000000000000000,0.000000000000000
1,8,67,0.000000000000000,0.000000000000000,0.000000000000000,0.000000000000000,0.000000000000000,0.000000000000000,0.000000000000000,0.000000000000000,0.000000000000000,0.000000000000000,0.000000000000000,0.000000000000000,0.000000000000000,0.000000000000000,0.000000000000000,0.000000000000000,0.000000000000000,0.000000000000000,0.000000000000000,0.000000000000000,0.000000000000000,0.000000000000000,0.000000000000000,0.000000000000000,0.000000000000000,0.000000000000000,0.000000000000000,0.000000000000000,0.000000000000000,0.000000000000000,0.000000000000000,0.000000000000000,0.000000000000000,0.000000000000000,0.000000000000000,0.000000000000000,0.000000000000000,0.000000000000000,0.000000000000000,0.000000000000000,0.000000000000000,0.000000000000000,0.000000000000000,0.000000000000000,0.000000000000000,0.000000000000000,0.000000000000000,0.000000000000000,0.000000000000000,0.000000000000000
1,8,68,0.000000000000000,0.000000000000000,0.000000000000000,0.000000000000000,0.000000000000000,0.000000000000000,0.000000000000000,0.000000000000000,0.000000000000000,0.000000000000000,0.000000000000000,0.000000000000000,0.000000000000000,0.000000000000000,0.000000000000000,0.000000000000000,0.000000000000000,0.000000000000000,0.000000000000000,0.000000000000000,0.000000000000000,0.000000000000000,0.000000000000000,0.000000000000000,0.000000000000000,0.000000000000000,0.000000000000000,0.000000000000000,0.000000000000000,0.000000000000000,0.000000000000000,0.000000000000000,0.000000000000000,0.000000000000000,0.000000000000000,0.000000000000000,0.000000000000000,0.000000000000000,0.000000000000000,0.000000000000000,0.000000000000000,0.000000000000000,0.000000000000000,0.000000000000000,0.000000000000000,0.000000000000000,0.000000000000000,0.000000000000000,0.000000000000000,0.000000000000000
1,8,69,0.000000000000000,0.000000000000000,0.000000000000000,0.000000000000000,0.000000000000000,0.000000000000000,0.000000000000000,0.000000000000000,0.000000000000000,0.000000000000000,0.000000000000000,0.000000000000000,0.000000000000000,0.000000000000000,0.000000000000000,0.000000000000000,0.000000000000000,0.000000000000000,0.000000000000000,0.000000000000000,0.000000000000000,0.000000000000000,0.000000000000000,0.000000000000000,0.000000000000000,0.000000000000000,0.000000000000000,0.000000000000000,0.000000000000000,0.000000000000000,0.000000000000000,0.000000000000000,0.000000000000000,0.000000000000000,0.000000000000000,0.000000000000000,0.000000000000000,0.000000000000000,0.000000000000000,0.000000000000000,0.000000000000000,0.000000000000000,0.000000000000000,0.000000000000000,0.000000000000000,0.000000000000000,0.000000000000000,0.000000000000000,0.000000000000000,0.000000000000000
1,9,20,0.211214261948047,0.389830508474576,0.000000000000000,0.000000000000000,0.000000000000000,0.000000000000000,0.000000000000000,0.000000000000000,0.000000000000000,0.000000000000000,0.000000000000000,0.000000000000000,0.000000000000000,0.000000000000000,0.000000000000000,0.000000000000000,0.000000000000000,0.000000000000000,0.000000000000000,0.000000000000000,0.000000000000000,0.000000000000000,0.000000000000000,0.000000000000000,0.000000000000000,0.000000000000000,0.000000000000000,0.000000000000000,0.000000000000000,0.000000000000000,0.000000000000000,0.000000000000000,0.000000000000000,0.000000000000000,0.000000000000000,0.000000000000000,0.000000000000000,0.000000000000000,0.000000000000000,0.000000000000000,0.000000000000000,0.000000000000000,0.000000000000000,0.000000000000000,0.000000000000000,0.000000000000000,0.000000000000000,0.000000000000000,0.000000000000000,0.000000000000000
1,9,21,0.780022446689113,0.624677494460730,0.663329627137440,0.000000000000000,0.000000000000000,0.000000000000000,0.000000000000000,0.000000000000000,0.000000000000000,0.000000000000000,0.000000000000000,0.000000000000000,0.000000000000000,0.000000000000000,0.000000000000000,0.000000000000000,0.000000000000000,0.000000000000000,0.000000000000000,0.000000000000000,0.000000000000000,0.000000000000000,0.000000000000000,0.000000000000000,0.000000000000000,0.000000000000000,0.000000000000000,0.000000000000000,0.000000000000000,0.000000000000000,0.000000000000000,0.000000000000000,0.000000000000000,0.000000000000000,0.000000000000000,0.000000000000000,0.000000000000000,0.000000000000000,0.000000000000000,0.000000000000000,0.000000000000000,0.000000000000000,0.000000000000000,0.000000000000000,0.000000000000000,0.000000000000000,0.000000000000000,0.000000000000000,0.000000000000000,0.000000000000000
1,9,22,0.633093525179856,2.395959595959600,1.148684391005370,1.338615384615380,0.000000000000000,0.000000000000000,0.000000000000000,0.000000000000000,0.000000000000000,0.000000000000000,0.000000000000000,0.000000000000000,0.000000000000000,0.000000000000000,0.000000000000000,0.000000000000000,0.000000000000000,0.000000000000000,0.000000000000000,0.000000000000000,0.000000000000000,0.000000000000000,0.000000000000000,0.000000000000000,0.000000000000000,0.000000000000000,0.000000000000000,0.000000000000000,0.000000000000000,0.000000000000000,0.000000000000000,0.000000000000000,0.000000000000000,0.000000000000000,0.000000000000000,0.000000000000000,0.000000000000000,0.000000000000000,0.000000000000000,0.000000000000000,0.000000000000000,0.000000000000000,0.000000000000000,0.000000000000000,0.000000000000000,0.000000000000000,0.000000000000000,0.000000000000000,0.000000000000000,0.000000000000000
1,9,23,0.567049808429119,1.848858447488580,3.385636906827710,2.940300148423700,2.828689686364360,0.000000000000000,0.000000000000000,0.000000000000000,0.000000000000000,0.000000000000000,0.000000000000000,0.000000000000000,0.000000000000000,0.000000000000000,0.000000000000000,0.000000000000000,0.000000000000000,0.000000000000000,0.000000000000000,0.000000000000000,0.000000000000000,0.000000000000000,0.000000000000000,0.000000000000000,0.000000000000000,0.000000000000000,0.000000000000000,0.000000000000000,0.000000000000000,0.000000000000000,0.000000000000000,0.000000000000000,0.000000000000000,0.000000000000000,0.000000000000000,0.000000000000000,0.000000000000000,0.000000000000000,0.000000000000000,0.000000000000000,0.000000000000000,0.000000000000000,0.000000000000000,0.000000000000000,0.000000000000000,0.000000000000000,0.000000000000000,0.000000000000000,0.000000000000000,0.000000000000000
1,9,24,0.454230235783634,1.850738665308200,2.788557626101850,4.322057806181880,4.533422403047930,5.117684888968560,0.000000000000000,0.000000000000000,0.000000000000000,0.000000000000000,0.000000000000000,0.000000000000000,0.000000000000000,0.000000000000000,0.000000000000000,0.000000000000000,0.000000000000000,0.000000000000000,0.000000000000000,0.000000000000000,0.000000000000000,0.000000000000000,0.000000000000000,0.000000000000000,0.000000000000000,0.000000000000000,0.000000000000000,0.000000000000000,0.000000000000000,0.000000000000000,0.000000000000000,0.000000000000000,0.000000000000000,0.000000000000000,0.000000000000000,0.000000000000000,0.000000000000000,0.000000000000000,0.000000000000000,0.000000000000000,0.000000000000000,0.000000000000000,0.000000000000000,0.000000000000000,0.000000000000000,0.000000000000000,0.000000000000000,0.000000000000000,0.000000000000000,0.000000000000000
1,9,25,0.350000000000000,1.691554467564260,2.544685990338160,3.549442703393990,6.292867849146230,7.427273066621440,7.708304735758410,0.000000000000000,0.000000000000000,0.000000000000000,0.000000000000000,0.000000000000000,0.000000000000000,0.000000000000000,0.000000000000000,0.000000000000000,0.000000000000000,0.000000000000000,0.000000000000000,0.000000000000000,0.000000000000000,0.000000000000000,0.000000000000000,0.000000000000000,0.000000000000000,0.000000000000000,0.000000000000000,0.000000000000000,0.000000000000000,0.000000000000000,0.000000000000000,0.000000000000000,0.000000000000000,0.000000000000000,0.000000000000000,0.000000000000000,0.000000000000000,0.000000000000000,0.000000000000000,0.000000000000000,0.000000000000000,0.000000000000000,0.000000000000000,0.000000000000000,0.000000000000000,0.000000000000000,0.000000000000000,0.000000000000000,0.000000000000000,0.000000000000000
1,9,26,0.336827877405614,1.610802223987290,2.253716043054840,3.380066499381210,5.412606199465170,8.826329294311540,10.573579337068500,11.702853066960900,0.000000000000000,0.000000000000000,0.000000000000000,0.000000000000000,0.000000000000000,0.000000000000000,0.000000000000000,0.000000000000000,0.000000000000000,0.000000000000000,0.000000000000000,0.000000000000000,0.000000000000000,0.000000000000000,0.000000000000000,0.000000000000000,0.000000000000000,0.000000000000000,0.000000000000000,0.000000000000000,0.000000000000000,0.000000000000000,0.000000000000000,0.000000000000000,0.000000000000000,0.000000000000000,0.000000000000000,0.000000000000000,0.000000000000000,0.000000000000000,0.000000000000000,0.000000000000000,0.000000000000000,0.000000000000000,0.000000000000000,0.000000000000000,0.000000000000000,0.000000000000000,0.000000000000000,0.000000000000000,0.000000000000000,0.000000000000000
1,9,27,0.382822085889571,1.597014925373130,2.372778086147690,3.304617819496140,4.963664226470890,6.986562064854490,10.606302288828000,12.689542051428000,13.744210526315800,0.000000000000000,0.000000000000000,0.000000000000000,0.000000000000000,0.000000000000000,0.000000000000000,0.000000000000000,0.000000000000000,0.000000000000000,0.000000000000000,0.000000000000000,0.000000000000000,0.000000000000000,0.000000000000000,0.000000000000000,0.000000000000000,0.000000000000000,0.000000000000000,0.000000000000000,0.000000000000000,0.000000000000000,0.000000000000000,0.000000000000000,0.000000000000000,0.000000000000000,0.000000000000000,0.000000000000000,0.000000000000000,0.000000000000000,0.000000000000000,0.000000000000000,0.000000000000000,0.000000000000000,0.000000000000000,0.000000000000000,0.000000000000000,0.000000000000000,0.000000000000000,0.000000000000000,0.000000000000000,0.000000000000000
1,9,28,0.316353887399464,1.288723798084940,1.877265238879740,2.996115517262110,4.318280725226380,6.139070459488530,9.056335102800780,12.112620183264300,14.992630702297200,14.538223843459100,0.000000000000000,0.000000000000000,0.000000000000000,0.000000000000000,0.000000000000000,0.000000000000000,0.000000000000000,0.000000000000000,0.000000000000000,0.000000000000000,0.000000000000000,0.000000000000000,0.000000000000000,0.000000000000000,0.000000000000000,0.000000000000000,0.000000000000000,0.000000000000000,0.000000000000000,0.000000000000000,0.000000000000000,0.000000000000000,0.000000000000000,0.000000000000000,0.000000000000000,0.000000000000000,0.000000000000000,0.000000000000000,0.000000000000000,0.000000000000000,0.000000000000000,0.000000000000000,0.000000000000000,0.000000000000000,0.000000000000000,0.000000000000000,0.000000000000000,0.000000000000000,0.000000000000000,0.000000000000000
1,9,29,0.294458592232530,1.059154929577460,1.852727341745050,2.798121135309550,4.757051504193700,5.760780652766480,8.535287183865250,10.977139308647800,15.251602616891700,17.180910753688200,18.773416639080100,0.000000000000000,0.000000000000000,0.000000000000000,0.000000000000000,0.000000000000000,0.000000000000000,0.000000000000000,0.000000000000000,0.000000000000000,0.000000000000000,0.000000000000000,0.000000000000000,0.000000000000000,0.000000000000000,0.000000000000000,0.000000000000000,0.000000000000000,0.000000000000000,0.000000000000000,0.000000000000000,0.000000000000000,0.000000000000000,0.000000000000000,0.000000000000000,0.000000000000000,0.000000000000000,0.000000000000000,0.000000000000000,0.000000000000000,0.000000000000000,0.000000000000000,0.000000000000000,0.000000000000000,0.000000000000000,0.000000000000000,0.000000000000000,0.000000000000000,0.000000000000000,0.000000000000000
1,9,30,0.285451197053407,0.915194346289753,1.788957055214720,2.655355193939100,4.150653679249020,5.121997651145860,7.730460797450790,9.627838644592750,11.408496041076500,16.566457334523400,19.397766707866200,18.794072215309400,0.000000000000000,0.000000000000000,0.000000000000000,0.000000000000000,0.000000000000000,0.000000000000000,0.000000000000000,0.000000000000000,0.000000000000000,0.000000000000000,0.000000000000000,0.000000000000000,0.000000000000000,0.000000000000000,0.000000000000000,0.000000000000000,0.000000000000000,0.000000000000000,0.000000000000000,0.000000000000000,0.000000000000000,0.000000000000000,0.000000000000000,0.000000000000000,0.000000000000000,0.000000000000000,0.000000000000000,0.000000000000000,0.000000000000000,0.000000000000000,0.000000000000000,0.000000000000000,0.000000000000000,0.000000000000000,0.000000000000000,0.000000000000000,0.000000000000000,0.000000000000000
1,9,31,0.288032454361055,0.741351312096912,1.726814199481860,2.436663233779610,3.590386919916700,5.423225599469750,6.649869971548630,8.706847491855500,11.185723997507100,14.644400674811900,17.928422437287700,20.659930290521300,18.712100578077600,0.000000000000000,0.000000000000000,0.000000000000000,0.000000000000000,0.000000000000000,0.000000000000000,0.000000000000000,0.000000000000000,0.000000000000000,0.000000000000000,0.000000000000000,0.000000000000000,0.000000000000000,0.000000000000000,0.000000000000000,0.000000000000000,0.000000000000000,0.000000000000000,0.000000000000000,0.000000000000000,0.000000000000000,0.000000000000000,0.000000000000000,0.000000000000000,0.000000000000000,0.000000000000000,0.000000000000000,0.000000000000000,0.000000000000000,0.000000000000000,0.000000000000000,0.000000000000000,0.000000000000000,0.000000000000000,0.000000000000000,0.000000000000000,0.000000000000000
1,9,32,0.166666666666667,1.054613935969870,1.681671236497500,2.336686174774310,2.748205542478860,4.550810761653280,6.366693292002040,8.023099956272330,9.276743308856370,12.808135734014400,15.406691401359400,17.598490453860000,21.482644442556700,21.711111111111100,0.000000000000000,0.000000000000000,0.000000000000000,0.000000000000000,0.000000000000000,0.000000000000000,0.000000000000000,0.000000000000000,0.000000000000000,0.000000000000000,0.000000000000000,0.000000000000000,0.000000000000000,0.000000000000000,0.000000000000000,0.000000000000000,0.000000000000000,0.000000000000000,0.000000000000000,0.000000000000000,0.000000000000000,0.000000000000000,0.000000000000000,0.000000000000000,0.000000000000000,0.000000000000000,0.000000000000000,0.000000000000000,0.000000000000000,0.000000000000000,0.000000000000000,0.000000000000000,0.000000000000000,0.000000000000000,0.000000000000000,0.000000000000000
1,9,33,0.219827586206897,0.856832971800434,1.261128736856270,1.967086845092220,2.932590303656420,4.652981319944180,5.520960243935960,6.482155540445880,8.537554876759430,11.342613022830400,12.301896281494200,14.478282438438400,18.142792573946200,22.424456320522400,23.983687860420700,0.000000000000000,0.000000000000000,0.000000000000000,0.000000000000000,0.000000000000000,0.000000000000000,0.000000000000000,0.000000000000000,0.000000000000000,0.000000000000000,0.000000000000000,0.000000000000000,0.000000000000000,0.000000000000000,0.000000000000000,0.000000000000000,0.000000000000000,0.000000000000000,0.000000000000000,0.000000000000000,0.000000000000000,0.000000000000000,0.000000000000000,0.000000000000000,0.000000000000000,0.000000000000000,0.000000000000000,0.000000000000000,0.000000000000000,0.000000000000000,0.000000000000000,0.000000000000000,0.000000000000000,0.000000000000000,0.000000000000000
1,9,34,0.178048780487805,0.606884799908429,1.394080996884740,1.925661266247690,2.471435999707910,3.926491080041780,4.931818743415560,6.838707571556400,7.110787241437710,8.721626841384040,12.298179203468800,14.377973151808900,17.278186505711800,17.721249971451700,22.760654418068300,23.218419406415100,0.000000000000000,0.000000000000000,0.000000000000000,0.000000000000000,0.000000000000000,0.000000000000000,0.000000000000000,0.000000000000000,0.000000000000000,0.000000000000000,0.000000000000000,0.000000000000000,0.000000000000000,0.000000000000000,0.000000000000000,0.000000000000000,0.000000000000000,0.000000000000000,0.000000000000000,0.000000000000000,0.000000000000000,0.000000000000000,0.000000000000000,0.000000000000000,0.000000000000000,0.000000000000000,0.000000000000000,0.000000000000000,0.000000000000000,0.000000000000000,0.000000000000000,0.000000000000000,0.000000000000000,0.000000000000000
1,9,35,0.153846153846154,0.680555555555556,1.445974137961130,1.753782668500690,2.354745167213710,3.488797222663950,4.296062594408990,5.959078088426630,7.305554536396180,9.170157898413070,9.800300562220500,12.076398396692800,14.503423740660600,16.248343154044300,19.194290240966900,23.673369341114000,22.091968911917100,0.000000000000000,0.000000000000000,0.000000000000000,0.000000000000000,0.000000000000000,0.000000000000000,0.000000000000000,0.000000000000000,0.000000000000000,0.000000000000000,0.000000000000000,0.000000000000000,0.000000000000000,0.000000000000000,0.000000000000000,0.000000000000000,0.000000000000000,0.000000000000000,0.000000000000000,0.000000000000000,0.000000000000000,0.000000000000000,0.000000000000000,0.000000000000000,0.000000000000000,0.000000000000000,0.000000000000000,0.000000000000000,0.000000000000000,0.000000000000000,0.000000000000000,0.000000000000000,0.000000000000000
1,9,36,0.185410334346505,0.518987341772152,1.322311119501450,1.830632254928810,2.252263906856400,3.403832170745510,4.012484805828320,4.897034219260360,6.052077464518280,7.619509103521670,9.140556776207940,9.826593329470320,12.660197738044800,13.527415484525300,15.170541935628600,17.555193784404700,21.044985438797500,18.628472998718600,0.000000000000000,0.000000000000000,0.000000000000000,0.000000000000000,0.000000000000000,0.000000000000000,0.000000000000000,0.000000000000000,0.000000000000000,0.000000000000000,0.000000000000000,0.000000000000000,0.000000000000000,0.000000000000000,0.000000000000000,0.000000000000000,0.000000000000000,0.000000000000000,0.000000000000000,0.000000000000000,0.000000000000000,0.000000000000000,0.000000000000000,0.000000000000000,0.000000000000000,0.000000000000000,0.000000000000000,0.000000000000000,0.000000000000000,0.000000000000000,0.000000000000000,0.000000000000000
1,9,37,0.070895522388060,0.417647058823529,0.928548649699003,2.141315627875640,1.732760158387660,3.444136725261770,3.565126699368040,4.149888926213780,5.147221774941690,6.188953227948480,7.618441821505220,8.138671278958210,8.467244030787030,11.351014384914400,12.446422213493200,13.233763666064800,16.069549247088100,17.726225276181500,15.365248226950400,0.000000000000000,0.000000000000000,0.000000000000000,0.000000000000000,0.000000000000000,0.000000000000000,0.000000000000000,0.000000000000000,0.000000000000000,0.000000000000000,0.000000000000000,0.000000000000000,0.000000000000000,0.000000000000000,0.000000000000000,0.000000000000000,0.000000000000000,0.000000000000000,0.000000000000000,0.000000000000000,0.000000000000000,0.000000000000000,0.000000000000000,0.000000000000000,0.000000000000000,0.000000000000000,0.000000000000000,0.000000000000000,0.000000000000000,0.000000000000000,0.000000000000000
1,9,38,0.141592920353982,0.235109717868339,0.587951807228916,1.024259901798580,1.712765957446810,2.004907574411100,2.040346170190330,3.404085508675380,3.410193937306310,5.356497959541490,5.695912886026260,5.342842714500960,6.257968012743990,8.425415957582790,8.537948129640760,10.527057475501800,10.461390522614500,13.047224312209800,14.723271136434400,11.292318774702100,0.000000000000000,0.000000000000000,0.000000000000000,0.000000000000000,0.000000000000000,0.000000000000000,0.000000000000000,0.000000000000000,0.000000000000000,0.000000000000000,0.000000000000000,0.000000000000000,0.000000000000000,0.000000000000000,0.000000000000000,0.000000000000000,0.000000000000000,0.000000000000000,0.000000000000000,0.000000000000000,0.000000000000000,0.000000000000000,0.000000000000000,0.000000000000000,0.000000000000000,0.000000000000000,0.000000000000000,0.000000000000000,0.000000000000000,0.000000000000000
1,9,39,0.051152288640465,0.182481751824818,0.687117412706963,0.747829810122945,1.283870967741940,1.653256847130790,2.748822871843510,2.456153661354030,3.029552585826150,4.370491067613770,4.088380061589590,4.906437818396220,4.662091149666930,5.821598348326050,6.472017187274990,7.436148602526680,8.680281438854060,9.327675968018140,10.630916221526800,12.460435441577200,10.519159456118700,0.000000000000000,0.000000000000000,0.000000000000000,0.000000000000000,0.000000000000000,0.000000000000000,0.000000000000000,0.000000000000000,0.000000000000000,0.000000000000000,0.000000000000000,0.000000000000000,0.000000000000000,0.000000000000000,0.000000000000000,0.000000000000000,0.000000000000000,0.000000000000000,0.000000000000000,0.000000000000000,0.000000000000000,0.000000000000000,0.000000000000000,0.000000000000000,0.000000000000000,0.000000000000000,0.000000000000000,0.000000000000000,0.000000000000000
1,9,40,0.045445427125108,0.275092936802974,0.943130726296143,0.673621611126083,0.795084113736372,1.583670934483720,1.703407643247240,1.635043130608460,2.271409408600020,3.473695212645660,3.675254812556350,4.325440242506750,4.792695045438030,4.475712068380540,4.749582519477230,5.339587410780460,6.318672026386040,6.893505711129920,7.484464049843660,8.932493923131640,10.016053410700300,9.234375000000000,0.000000000000000,0.000000000000000,0.000000000000000,0.000000000000000,0.000000000000000,0.000000000000000,0.000000000000000,0.000000000000000,0.000000000000000,0.000000000000000,0.000000000000000,0.000000000000000,0.000000000000000,0.000000000000000,0.000000000000000,0.000000000000000,0.000000000000000,0.000000000000000,0.000000000000000,0.000000000000000,0.000000000000000,0.000000000000000,0.000000000000000,0.000000000000000,0.000000000000000,0.000000000000000,0.000000000000000,0.000000000000000
1,9,41,0.044198895027624,0.167286442466486,0.403358508870396,0.631754803071599,0.901200075877327,1.230079571429040,1.433344617671280,1.546320944774030,1.898735140986430,2.467306371334340,2.432567506824950,2.675385514212770,3.200873031858920,3.765040325031970,4.266004376210400,3.613049417718070,4.494640164791610,5.913292200578300,5.403120406401790,6.376592762676680,6.955504531104780,8.014300051256630,7.407633272926470,0.000000000000000,0.000000000000000,0.000000000000000,0.000000000000000,0.000000000000000,0.000000000000000,0.000000000000000,0.000000000000000,0.000000000000000,0.000000000000000,0.000000000000000,0.000000000000000,0.000000000000000,0.000000000000000,0.000000000000000,0.000000000000000,0.000000000000000,0.000000000000000,0.000000000000000,0.000000000000000,0.000000000000000,0.000000000000000,0.000000000000000,0.000000000000000,0.000000000000000,0.000000000000000,0.000000000000000
1,9,42,0.119047619047619,0.093283582089552,0.573065902578797,0.470588235294118,0.574183225975177,0.772900763358779,1.136775379757510,0.962921096107121,1.643243243243240,2.524673584680830,1.658144085090690,2.215832828980750,2.366042998940310,2.699269330520360,3.446227312551520,3.591040781857690,3.354282596788820,3.820371594440390,4.132452136538000,4.763094232898020,5.521386051124290,6.369060432204990,6.367967538142000,6.344547563805100,0.000000000000000,0.000000000000000,0.000000000000000,0.000000000000000,0.000000000000000,0.000000000000000,0.000000000000000,0.000000000000000,0.000000000000000,0.000000000000000,0.000000000000000,0.000000000000000,0.000000000000000,0.000000000000000,0.000000000000000,0.000000000000000,0.000000000000000,0.000000000000000,0.000000000000000,0.000000000000000,0.000000000000000,0.000000000000000,0.000000000000000,0.000000000000000,0.000000000000000,0.000000000000000
1,9,43,0.091324200913242,0.239583333333333,0.687679083094556,0.434419725335136,0.513199781416042,0.575669418704748,1.112176380704330,1.238744714736800,1.149677980562380,1.465074650555760,1.616041367380160,2.526326783866310,1.905574516496020,1.720450461543370,2.261875982776790,2.508301576995890,2.918470577341440,3.014406730432400,3.229395260253830,3.455545066187340,4.078719848263400,4.096391705639670,4.509012875536480,4.837279299459830,4.059149857508150,0.000000000000000,0.000000000000000,0.000000000000000,0.000000000000000,0.000000000000000,0.000000000000000,0.000000000000000,0.000000000000000,0.000000000000000,0.000000000000000,0.000000000000000,0.000000000000000,0.000000000000000,0.000000000000000,0.000000000000000,0.000000000000000,0.000000000000000,0.000000000000000,0.000000000000000,0.000000000000000,0.000000000000000,0.000000000000000,0.000000000000000,0.000000000000000,0.000000000000000
1,9,44,0.105000000000000,0.226351351351351,0.329660621969401,0.507921593493669,0.568125955310404,0.578373976879375,0.893214291044481,0.876936257630106,0.576812271213298,1.237954581060290,1.321033931000480,1.666434028237190,1.610585497442950,1.989609668918580,1.865055649200150,2.209119376533130,1.809368574599530,2.366107620378340,2.568382283227800,2.260938346447550,2.436579628663400,2.777567268376090,3.196835496230020,3.554309650270610,3.495793010945150,3.099656357388320,0.000000000000000,0.000000000000000,0.000000000000000,0.000000000000000,0.000000000000000,0.000000000000000,0.000000000000000,0.000000000000000,0.000000000000000,0.000000000000000,0.000000000000000,0.000000000000000,0.000000000000000,0.000000000000000,0.000000000000000,0.000000000000000,0.000000000000000,0.000000000000000,0.000000000000000,0.000000000000000,0.000000000000000,0.000000000000000,0.000000000000000,0.000000000000000
1,9,45,0.039363237972041,0.198142414860681,0.545501934176424,0.528037509203665,0.450634184154497,0.881703396097785,0.558408198153072,0.808340642250926,1.124747698248360,1.112018461308130,1.429540843033520,1.209788595143950,1.248690756675190,1.795654746391560,1.879601420979180,1.511294720123140,1.776228195646460,2.156211225623170,1.224580608457370,1.786950528602700,2.177311008487550,2.008825935125430,2.065946299843770,2.717286814404760,2.524845601388470,2.470117412556900,1.771961498350590,0.000000000000000,0.000000000000000,0.000000000000000,0.000000000000000,0.000000000000000,0.000000000000000,0.000000000000000,0.000000000000000,0.000000000000000,0.000000000000000,0.000000000000000,0.000000000000000,0.000000000000000,0.000000000000000,0.000000000000000,0.000000000000000,0.000000000000000,0.000000000000000,0.000000000000000,0.000000000000000,0.000000000000000,0.000000000000000,0.000000000000000
1,9,46,0.046052631578947,0.198225218739785,0.347920943551166,0.375536480686695,0.526097530350961,0.783030235901376,0.975298766472569,0.871757052358043,0.489580652212598,1.750969858999050,0.966924144287836,0.864176837869888,0.930156272867225,1.342695432975790,1.648549098167770,1.308526278490330,1.111037530498790,1.671531362068190,1.546923946805820,1.352127390361040,1.258572869784340,1.558945098237850,1.222371718035370,1.379179628260140,1.413594584983050,1.722660491518570,1.602778813171100,1.066288811755460,0.000000000000000,0.000000000000000,0.000000000000000,0.000000000000000,0.000000000000000,0.000000000000000,0.000000000000000,0.000000000000000,0.000000000000000,0.000000000000000,0.000000000000000,0.000000000000000,0.000000000000000,0.000000000000000,0.000000000000000,0.000000000000000,0.000000000000000,0.000000000000000,0.000000000000000,0.000000000000000,0.000000000000000,0.000000000000000
1,9,47,0.070422535211268,0.102564102564103,0.304773584166340,0.312591716969916,0.552777139828627,0.775150055636377,0.749413040666761,0.679093544261533,0.584734944752851,0.864698441609071,0.773651792258089,1.158779551036990,1.203560443629250,1.039706511581470,1.185361031893990,1.249529845321040,1.369484547541710,1.318151224942820,1.527362730163150,1.531844004785900,1.207114231474400,1.259939773122830,1.473194257693380,1.074100406233640,1.320496523851720,1.272859534956190,1.397339766747980,1.315685739339950,1.187370600414080,0.000000000000000,0.000000000000000,0.000000000000000,0.000000000000000,0.000000000000000,0.000000000000000,0.000000000000000,0.000000000000000,0.000000000000000,0.000000000000000,0.000000000000000,0.000000000000000,0.000000000000000,0.000000000000000,0.000000000000000,0.000000000000000,0.000000000000000,0.000000000000000,0.000000000000000,0.000000000000000,0.000000000000000
1,9,48,0.032911392405063,0.132078609404743,0.368627450980392,0.393224355064007,0.502501669045508,0.569967280997419,0.755167169009052,0.794267436024886,0.838557838419160,0.614130514426452,1.001017059634280,1.110219517137480,0.688571717088736,1.165924434345500,1.362990749782900,1.155210658566800,1.018175489525400,1.336086003948240,1.713577934957760,1.528330646474310,1.131562819155140,1.168153423619480,1.176935962945860,1.062040130572630,1.073547700458820,1.021223102379670,1.255981221318210,1.218343805374310,1.334010767604810,1.125214487437460,0.000000000000000,0.000000000000000,0.000000000000000,0.000000000000000,0.000000000000000,0.000000000000000,0.000000000000000,0.000000000000000,0.000000000000000,0.000000000000000,0.000000000000000,0.000000000000000,0.000000000000000,0.000000000000000,0.000000000000000,0.000000000000000,0.000000000000000,0.000000000000000,0.000000000000000,0.000000000000000
1,9,49,0.052233070523113,0.167674025777814,0.613537117903930,0.181101908971747,0.528673630974962,0.486838556672518,0.911616406917798,0.588129034890556,0.741234915397472,0.917051999849325,0.669433228902874,0.564392490469983,1.045559361519580,1.095771926030840,1.105099280571300,1.397708360882950,1.117889647766610,1.330501057162200,1.346025484818970,1.188896675700060,1.020922745018170,1.299117229598570,1.296909820070690,1.241969731441490,1.144331786835450,1.194940666142500,1.208711442263430,1.204246713852380,1.050729752488830,1.049757637657860,0.861744438151058,0.000000000000000,0.000000000000000,0.000000000000000,0.000000000000000,0.000000000000000,0.000000000000000,0.000000000000000,0.000000000000000,0.000000000000000,0.000000000000000,0.000000000000000,0.000000000000000,0.000000000000000,0.000000000000000,0.000000000000000,0.000000000000000,0.000000000000000,0.000000000000000,0.000000000000000
1,9,50,0.009706657926628,0.023354564755839,0.216572504708098,0.215036752581108,0.353381578500907,0.497422514155460,1.055658282781250,0.682988019168928,0.847019947293678,0.463889858975746,0.741199148274376,0.707495236334497,0.991568651485478,0.795670171272358,0.820806976281038,0.769896332246687,0.868167770436486,0.816690315822018,1.164143852525310,1.112812338063160,0.770314398540743,1.195767496712560,1.285407920302460,0.783168433169566,0.899362103859628,1.139407506269030,1.082379314558090,0.717300741468952,0.931255540710486,1.053525627334270,0.952809651960756,0.574202029228547,0.000000000000000,0.000000000000000,0.000000000000000,0.000000000000000,0.000000000000000,0.000000000000000,0.000000000000000,0.000000000000000,0.000000000000000,0.000000000000000,0.000000000000000,0.000000000000000,0.000000000000000,0.000000000000000,0.000000000000000,0.000000000000000,0.000000000000000,0.000000000000000
1,9,51,0.000000000000000,0.003656307129799,0.050751879699248,0.083909608563267,0.089983022071307,0.300213642960370,0.583886915082566,0.343824642020025,0.546095081110219,0.296811092640561,0.747194829723965,0.606701249709466,0.648884424377474,0.569104033684330,0.442123303874218,0.747029458001448,0.656431692824546,0.747395817962777,0.472985729600793,0.631379101843864,0.589296024423361,0.723713945417566,0.622297513153294,0.919410408161708,0.562335323454573,0.917064340380379,0.550777945955123,0.739292141362879,0.903881700554529,0.854670137189650,0.640490178177489,0.576733849265092,0.560538116591928,0.000000000000000,0.000000000000000,0.000000000000000,0.000000000000000,0.000000000000000,0.000000000000000,0.000000000000000,0.000000000000000,0.000000000000000,0.000000000000000,0.000000000000000,0.000000000000000,0.000000000000000,0.000000000000000,0.000000000000000,0.000000000000000,0.000000000000000
1,9,52,0.000000000000000,0.045241809672387,0.049586776859504,0.131484084555445,0.169179229480737,0.295336787564767,0.233477767995002,0.331090491091686,0.168117805579261,0.143640489719532,0.318126936727621,0.525362306653508,0.514836277340565,0.628644184799693,0.494647709755386,0.732261900397744,0.356588320391262,0.393023684219583,0.382234754507718,0.375190776638916,0.397836280507659,0.458395121320426,0.469117541812577,0.607436544131697,0.474427678500763,0.432376557845803,0.434786447390881,0.339326384438649,0.421342271122614,0.480339488090774,0.636954205298778,0.437437176829501,0.412901718869528,0.298464886805272,0.000000000000000,0.000000000000000,0.000000000000000,0.000000000000000,0.000000000000000,0.000000000000000,0.000000000000000,0.000000000000000,0.000000000000000,0.000000000000000,0.000000000000000,0.000000000000000,0.000000000000000,0.000000000000000,0.000000000000000,0.000000000000000
1,9,53,0.000000000000000,0.008708272859216,0.012083786408918,0.018402416222291,0.010954616588419,0.104928457869634,0.342265901255022,0.418557060212146,0.106247861250641,0.193241470664739,0.279630536851018,0.237698986030251,0.168307409157055,0.367930950978938,0.204236253769931,0.345504096982242,0.331254833213416,0.368366426857100,0.224162392187138,0.387530596090272,0.389958048422539,0.263418475774764,0.226214233193649,0.304327046169145,0.263339049501891,0.288597172142913,0.295510233186473,0.306259229290169,0.352331606217617,0.233394423352412,0.190697674418605,0.287016553644686,0.195491264193304,0.244642749472126,0.140030441400304,0.000000000000000,0.000000000000000,0.000000000000000,0.000000000000000,0.000000000000000,0.000000000000000,0.000000000000000,0.000000000000000,0.000000000000000,0.000000000000000,0.000000000000000,0.000000000000000,0.000000000000000,0.000000000000000,0.000000000000000
1,9,54,0.000000000000000,0.005069141293150,0.013985150592314,0.000000000000000,0.034586315029813,0.076680840447804,0.034364920060542,0.087237479806139,0.052925297065682,0.009653996848077,0.172251673782166,0.153827499485584,0.083751653642851,0.082427454908388,0.173643868879513,0.166439682330934,0.223084189913050,0.103773584905660,0.099030829149648,0.085081325702458,0.114727864949525,0.148800737849710,0.243153580878252,0.156130268199234,0.149584487534626,0.085466860990276,0.097325171480772,0.139326313628865,0.101515260502676,0.208600751429060,0.156162275494072,0.165622817178843,0.165516404317742,0.115518448759705,0.109391075265428,0.020344287949922,0.000000000000000,0.000000000000000,0.000000000000000,0.000000000000000,0.000000000000000,0.000000000000000,0.000000000000000,0.000000000000000,0.000000000000000,0.000000000000000,0.000000000000000,0.000000000000000,0.000000000000000,0.000000000000000
1,9,55,0.000000000000000,0.000000000000000,0.000000000000000,0.024338484009726,0.005791012308163,0.012638230647709,0.020288593576666,0.050360692164239,0.033965354233639,0.031914893617021,0.014467399955822,0.043183035990097,0.001612673593731,0.037604546052664,0.045024883636563,0.014240537039499,0.050367076619542,0.038055052637278,0.032210948075703,0.058001109054270,0.030783157080547,0.000000000000000,0.033642691415313,0.040983606557377,0.036828542779378,0.029917927935221,0.039051214459297,0.032949587114249,0.009220477446014,0.045368620037807,0.020971472150912,0.021966797842197,0.026429662296435,0.017697229645637,0.069916190072880,0.024536536537625,0.000000000000000,0.000000000000000,0.000000000000000,0.000000000000000,0.000000000000000,0.000000000000000,0.000000000000000,0.000000000000000,0.000000000000000,0.000000000000000,0.000000000000000,0.000000000000000,0.000000000000000,0.000000000000000
1,9,56,0.000000000000000,0.000000000000000,0.000000000000000,0.000000000000000,0.000000000000000,0.000000000000000,0.000000000000000,0.000000000000000,0.000000000000000,0.000000000000000,0.000000000000000,0.000000000000000,0.000000000000000,0.000000000000000,0.000000000000000,0.000000000000000,0.000000000000000,0.000000000000000,0.000000000000000,0.000000000000000,0.000000000000000,0.000000000000000,0.000000000000000,0.000000000000000,0.000000000000000,0.000000000000000,0.000000000000000,0.000000000000000,0.000000000000000,0.000000000000000,0.000000000000000,0.000000000000000,0.000000000000000,0.000000000000000,0.000000000000000,0.000000000000000,0.000000000000000,0.000000000000000,0.000000000000000,0.000000000000000,0.000000000000000,0.000000000000000,0.000000000000000,0.000000000000000,0.000000000000000,0.000000000000000,0.000000000000000,0.000000000000000,0.000000000000000,0.000000000000000
1,9,57,0.000000000000000,0.000000000000000,0.000000000000000,0.000000000000000,0.000000000000000,0.000000000000000,0.000000000000000,0.000000000000000,0.000000000000000,0.000000000000000,0.000000000000000,0.000000000000000,0.000000000000000,0.000000000000000,0.000000000000000,0.000000000000000,0.000000000000000,0.000000000000000,0.000000000000000,0.000000000000000,0.000000000000000,0.000000000000000,0.000000000000000,0.000000000000000,0.000000000000000,0.000000000000000,0.000000000000000,0.000000000000000,0.000000000000000,0.000000000000000,0.000000000000000,0.000000000000000,0.000000000000000,0.000000000000000,0.000000000000000,0.000000000000000,0.000000000000000,0.000000000000000,0.000000000000000,0.000000000000000,0.000000000000000,0.000000000000000,0.000000000000000,0.000000000000000,0.000000000000000,0.000000000000000,0.000000000000000,0.000000000000000,0.000000000000000,0.000000000000000
1,9,58,0.000000000000000,0.000000000000000,0.000000000000000,0.000000000000000,0.000000000000000,0.000000000000000,0.000000000000000,0.000000000000000,0.000000000000000,0.000000000000000,0.000000000000000,0.000000000000000,0.000000000000000,0.000000000000000,0.000000000000000,0.000000000000000,0.000000000000000,0.000000000000000,0.000000000000000,0.000000000000000,0.000000000000000,0.000000000000000,0.000000000000000,0.000000000000000,0.000000000000000,0.000000000000000,0.000000000000000,0.000000000000000,0.000000000000000,0.000000000000000,0.000000000000000,0.000000000000000,0.000000000000000,0.000000000000000,0.000000000000000,0.000000000000000,0.000000000000000,0.000000000000000,0.000000000000000,0.000000000000000,0.000000000000000,0.000000000000000,0.000000000000000,0.000000000000000,0.000000000000000,0.000000000000000,0.000000000000000,0.000000000000000,0.000000000000000,0.000000000000000
1,9,59,0.000000000000000,0.000000000000000,0.000000000000000,0.000000000000000,0.000000000000000,0.000000000000000,0.000000000000000,0.000000000000000,0.000000000000000,0.000000000000000,0.000000000000000,0.000000000000000,0.000000000000000,0.000000000000000,0.000000000000000,0.000000000000000,0.000000000000000,0.000000000000000,0.000000000000000,0.000000000000000,0.000000000000000,0.000000000000000,0.000000000000000,0.000000000000000,0.000000000000000,0.000000000000000,0.000000000000000,0.000000000000000,0.000000000000000,0.000000000000000,0.000000000000000,0.000000000000000,0.000000000000000,0.000000000000000,0.000000000000000,0.000000000000000,0.000000000000000,0.000000000000000,0.000000000000000,0.000000000000000,0.000000000000000,0.000000000000000,0.000000000000000,0.000000000000000,0.000000000000000,0.000000000000000,0.000000000000000,0.000000000000000,0.000000000000000,0.000000000000000
1,9,60,0.000000000000000,0.000000000000000,0.000000000000000,0.000000000000000,0.000000000000000,0.000000000000000,0.000000000000000,0.000000000000000,0.000000000000000,0.000000000000000,0.000000000000000,0.000000000000000,0.000000000000000,0.000000000000000,0.000000000000000,0.000000000000000,0.000000000000000,0.000000000000000,0.000000000000000,0.000000000000000,0.000000000000000,0.000000000000000,0.000000000000000,0.000000000000000,0.000000000000000,0.000000000000000,0.000000000000000,0.000000000000000,0.000000000000000,0.000000000000000,0.000000000000000,0.000000000000000,0.000000000000000,0.000000000000000,0.000000000000000,0.000000000000000,0.000000000000000,0.000000000000000,0.000000000000000,0.000000000000000,0.000000000000000,0.000000000000000,0.000000000000000,0.000000000000000,0.000000000000000,0.000000000000000,0.000000000000000,0.000000000000000,0.000000000000000,0.000000000000000
1,9,61,0.000000000000000,0.000000000000000,0.000000000000000,0.000000000000000,0.000000000000000,0.000000000000000,0.000000000000000,0.000000000000000,0.000000000000000,0.000000000000000,0.000000000000000,0.000000000000000,0.000000000000000,0.000000000000000,0.000000000000000,0.000000000000000,0.000000000000000,0.000000000000000,0.000000000000000,0.000000000000000,0.000000000000000,0.000000000000000,0.000000000000000,0.000000000000000,0.000000000000000,0.000000000000000,0.000000000000000,0.000000000000000,0.000000000000000,0.000000000000000,0.000000000000000,0.000000000000000,0.000000000000000,0.000000000000000,0.000000000000000,0.000000000000000,0.000000000000000,0.000000000000000,0.000000000000000,0.000000000000000,0.000000000000000,0.000000000000000,0.000000000000000,0.000000000000000,0.000000000000000,0.000000000000000,0.000000000000000,0.000000000000000,0.000000000000000,0.000000000000000
1,9,62,0.000000000000000,0.000000000000000,0.000000000000000,0.000000000000000,0.000000000000000,0.000000000000000,0.000000000000000,0.000000000000000,0.000000000000000,0.000000000000000,0.000000000000000,0.000000000000000,0.000000000000000,0.000000000000000,0.000000000000000,0.000000000000000,0.000000000000000,0.000000000000000,0.000000000000000,0.000000000000000,0.000000000000000,0.000000000000000,0.000000000000000,0.000000000000000,0.000000000000000,0.000000000000000,0.000000000000000,0.000000000000000,0.000000000000000,0.000000000000000,0.000000000000000,0.000000000000000,0.000000000000000,0.000000000000000,0.000000000000000,0.000000000000000,0.000000000000000,0.000000000000000,0.000000000000000,0.000000000000000,0.000000000000000,0.000000000000000,0.000000000000000,0.000000000000000,0.000000000000000,0.000000000000000,0.000000000000000,0.000000000000000,0.000000000000000,0.000000000000000
1,9,63,0.000000000000000,0.000000000000000,0.000000000000000,0.000000000000000,0.000000000000000,0.000000000000000,0.000000000000000,0.000000000000000,0.000000000000000,0.000000000000000,0.000000000000000,0.000000000000000,0.000000000000000,0.000000000000000,0.000000000000000,0.000000000000000,0.000000000000000,0.000000000000000,0.000000000000000,0.000000000000000,0.000000000000000,0.000000000000000,0.000000000000000,0.000000000000000,0.000000000000000,0.000000000000000,0.000000000000000,0.000000000000000,0.000000000000000,0.000000000000000,0.000000000000000,0.000000000000000,0.000000000000000,0.000000000000000,0.000000000000000,0.000000000000000,0.000000000000000,0.000000000000000,0.000000000000000,0.000000000000000,0.000000000000000,0.000000000000000,0.000000000000000,0.000000000000000,0.000000000000000,0.000000000000000,0.000000000000000,0.000000000000000,0.000000000000000,0.000000000000000
1,9,64,0.000000000000000,0.000000000000000,0.000000000000000,0.000000000000000,0.000000000000000,0.000000000000000,0.000000000000000,0.000000000000000,0.000000000000000,0.000000000000000,0.000000000000000,0.000000000000000,0.000000000000000,0.000000000000000,0.000000000000000,0.000000000000000,0.000000000000000,0.000000000000000,0.000000000000000,0.000000000000000,0.000000000000000,0.000000000000000,0.000000000000000,0.000000000000000,0.000000000000000,0.000000000000000,0.000000000000000,0.000000000000000,0.000000000000000,0.000000000000000,0.000000000000000,0.000000000000000,0.000000000000000,0.000000000000000,0.000000000000000,0.000000000000000,0.000000000000000,0.000000000000000,0.000000000000000,0.000000000000000,0.000000000000000,0.000000000000000,0.000000000000000,0.000000000000000,0.000000000000000,0.000000000000000,0.000000000000000,0.000000000000000,0.000000000000000,0.000000000000000
1,9,65,0.000000000000000,0.000000000000000,0.000000000000000,0.000000000000000,0.000000000000000,0.000000000000000,0.000000000000000,0.000000000000000,0.000000000000000,0.000000000000000,0.000000000000000,0.000000000000000,0.000000000000000,0.000000000000000,0.000000000000000,0.000000000000000,0.000000000000000,0.000000000000000,0.000000000000000,0.000000000000000,0.000000000000000,0.000000000000000,0.000000000000000,0.000000000000000,0.000000000000000,0.000000000000000,0.000000000000000,0.000000000000000,0.000000000000000,0.000000000000000,0.000000000000000,0.000000000000000,0.000000000000000,0.000000000000000,0.000000000000000,0.000000000000000,0.000000000000000,0.000000000000000,0.000000000000000,0.000000000000000,0.000000000000000,0.000000000000000,0.000000000000000,0.000000000000000,0.000000000000000,0.000000000000000,0.000000000000000,0.000000000000000,0.000000000000000,0.000000000000000
1,9,66,0.000000000000000,0.000000000000000,0.000000000000000,0.000000000000000,0.000000000000000,0.000000000000000,0.000000000000000,0.000000000000000,0.000000000000000,0.000000000000000,0.000000000000000,0.000000000000000,0.000000000000000,0.000000000000000,0.000000000000000,0.000000000000000,0.000000000000000,0.000000000000000,0.000000000000000,0.000000000000000,0.000000000000000,0.000000000000000,0.000000000000000,0.000000000000000,0.000000000000000,0.000000000000000,0.000000000000000,0.000000000000000,0.000000000000000,0.000000000000000,0.000000000000000,0.000000000000000,0.000000000000000,0.000000000000000,0.000000000000000,0.000000000000000,0.000000000000000,0.000000000000000,0.000000000000000,0.000000000000000,0.000000000000000,0.000000000000000,0.000000000000000,0.000000000000000,0.000000000000000,0.000000000000000,0.000000000000000,0.000000000000000,0.000000000000000,0.000000000000000
1,9,67,0.000000000000000,0.000000000000000,0.000000000000000,0.000000000000000,0.000000000000000,0.000000000000000,0.000000000000000,0.000000000000000,0.000000000000000,0.000000000000000,0.000000000000000,0.000000000000000,0.000000000000000,0.000000000000000,0.000000000000000,0.000000000000000,0.000000000000000,0.000000000000000,0.000000000000000,0.000000000000000,0.000000000000000,0.000000000000000,0.000000000000000,0.000000000000000,0.000000000000000,0.000000000000000,0.000000000000000,0.000000000000000,0.000000000000000,0.000000000000000,0.000000000000000,0.000000000000000,0.000000000000000,0.000000000000000,0.000000000000000,0.000000000000000,0.000000000000000,0.000000000000000,0.000000000000000,0.000000000000000,0.000000000000000,0.000000000000000,0.000000000000000,0.000000000000000,0.000000000000000,0.000000000000000,0.000000000000000,0.000000000000000,0.000000000000000,0.000000000000000
1,9,68,0.000000000000000,0.000000000000000,0.000000000000000,0.000000000000000,0.000000000000000,0.000000000000000,0.000000000000000,0.000000000000000,0.000000000000000,0.000000000000000,0.000000000000000,0.000000000000000,0.000000000000000,0.000000000000000,0.000000000000000,0.000000000000000,0.000000000000000,0.000000000000000,0.000000000000000,0.000000000000000,0.000000000000000,0.000000000000000,0.000000000000000,0.000000000000000,0.000000000000000,0.000000000000000,0.000000000000000,0.000000000000000,0.000000000000000,0.000000000000000,0.000000000000000,0.000000000000000,0.000000000000000,0.000000000000000,0.000000000000000,0.000000000000000,0.000000000000000,0.000000000000000,0.000000000000000,0.000000000000000,0.000000000000000,0.000000000000000,0.000000000000000,0.000000000000000,0.000000000000000,0.000000000000000,0.000000000000000,0.000000000000000,0.000000000000000,0.000000000000000
1,9,69,0.000000000000000,0.000000000000000,0.000000000000000,0.000000000000000,0.000000000000000,0.000000000000000,0.000000000000000,0.000000000000000,0.000000000000000,0.000000000000000,0.000000000000000,0.000000000000000,0.000000000000000,0.000000000000000,0.000000000000000,0.000000000000000,0.000000000000000,0.000000000000000,0.000000000000000,0.000000000000000,0.000000000000000,0.000000000000000,0.000000000000000,0.000000000000000,0.000000000000000,0.000000000000000,0.000000000000000,0.000000000000000,0.000000000000000,0.000000000000000,0.000000000000000,0.000000000000000,0.000000000000000,0.000000000000000,0.000000000000000,0.000000000000000,0.000000000000000,0.000000000000000,0.000000000000000,0.000000000000000,0.000000000000000,0.000000000000000,0.000000000000000,0.000000000000000,0.000000000000000,0.000000000000000,0.000000000000000,0.000000000000000,0.000000000000000,0.000000000000000
1,10,20,0.087001293650711,0.141544831155389,0.000000000000000,0.000000000000000,0.000000000000000,0.000000000000000,0.000000000000000,0.000000000000000,0.000000000000000,0.000000000000000,0.000000000000000,0.000000000000000,0.000000000000000,0.000000000000000,0.000000000000000,0.000000000000000,0.000000000000000,0.000000000000000,0.000000000000000,0.000000000000000,0.000000000000000,0.000000000000000,0.000000000000000,0.000000000000000,0.000000000000000,0.000000000000000,0.000000000000000,0.000000000000000,0.000000000000000,0.000000000000000,0.000000000000000,0.000000000000000,0.000000000000000,0.000000000000000,0.000000000000000,0.000000000000000,0.000000000000000,0.000000000000000,0.000000000000000,0.000000000000000,0.000000000000000,0.000000000000000,0.000000000000000,0.000000000000000,0.000000000000000,0.000000000000000,0.000000000000000,0.000000000000000,0.000000000000000,0.000000000000000
1,10,21,0.032547699214366,0.198926425420504,0.251819580672547,0.000000000000000,0.000000000000000,0.000000000000000,0.000000000000000,0.000000000000000,0.000000000000000,0.000000000000000,0.000000000000000,0.000000000000000,0.000000000000000,0.000000000000000,0.000000000000000,0.000000000000000,0.000000000000000,0.000000000000000,0.000000000000000,0.000000000000000,0.000000000000000,0.000000000000000,0.000000000000000,0.000000000000000,0.000000000000000,0.000000000000000,0.000000000000000,0.000000000000000,0.000000000000000,0.000000000000000,0.000000000000000,0.000000000000000,0.000000000000000,0.000000000000000,0.000000000000000,0.000000000000000,0.000000000000000,0.000000000000000,0.000000000000000,0.000000000000000,0.000000000000000,0.000000000000000,0.000000000000000,0.000000000000000,0.000000000000000,0.000000000000000,0.000000000000000,0.000000000000000,0.000000000000000,0.000000000000000
1,10,22,0.023021582733813,0.073063973063973,0.454328539757097,0.636000000000000,0.000000000000000,0.000000000000000,0.000000000000000,0.000000000000000,0.000000000000000,0.000000000000000,0.000000000000000,0.000000000000000,0.000000000000000,0.000000000000000,0.000000000000000,0.000000000000000,0.000000000000000,0.000000000000000,0.000000000000000,0.000000000000000,0.000000000000000,0.000000000000000,0.000000000000000,0.000000000000000,0.000000000000000,0.000000000000000,0.000000000000000,0.000000000000000,0.000000000000000,0.000000000000000,0.000000000000000,0.000000000000000,0.000000000000000,0.000000000000000,0.000000000000000,0.000000000000000,0.000000000000000,0.000000000000000,0.000000000000000,0.000000000000000,0.000000000000000,0.000000000000000,0.000000000000000,0.000000000000000,0.000000000000000,0.000000000000000,0.000000000000000,0.000000000000000,0.000000000000000,0.000000000000000
1,10,23,0.048713738368911,0.093150684931507,0.268847668393651,0.811592874682901,1.003023299416150,0.000000000000000,0.000000000000000,0.000000000000000,0.000000000000000,0.000000000000000,0.000000000000000,0.000000000000000,0.000000000000000,0.000000000000000,0.000000000000000,0.000000000000000,0.000000000000000,0.000000000000000,0.000000000000000,0.000000000000000,0.000000000000000,0.000000000000000,0.000000000000000,0.000000000000000,0.000000000000000,0.000000000000000,0.000000000000000,0.000000000000000,0.000000000000000,0.000000000000000,0.000000000000000,0.000000000000000,0.000000000000000,0.000000000000000,0.000000000000000,0.000000000000000,0.000000000000000,0.000000000000000,0.000000000000000,0.000000000000000,0.000000000000000,0.000000000000000,0.000000000000000,0.000000000000000,0.000000000000000,0.000000000000000,0.000000000000000,0.000000000000000,0.000000000000000,0.000000000000000
1,10,24,0.013869625520111,0.130412633723892,0.176807237492329,0.351221336005011,1.111139723352320,0.996358541951224,0.000000000000000,0.000000000000000,0.000000000000000,0.000000000000000,0.000000000000000,0.000000000000000,0.000000000000000,0.000000000000000,0.000000000000000,0.000000000000000,0.000000000000000,0.000000000000000,0.000000000000000,0.000000000000000,0.000000000000000,0.000000000000000,0.000000000000000,0.000000000000000,0.000000000000000,0.000000000000000,0.000000000000000,0.000000000000000,0.000000000000000,0.000000000000000,0.000000000000000,0.000000000000000,0.000000000000000,0.000000000000000,0.000000000000000,0.000000000000000,0.000000000000000,0.000000000000000,0.000000000000000,0.000000000000000,0.000000000000000,0.000000000000000,0.000000000000000,0.000000000000000,0.000000000000000,0.000000000000000,0.000000000000000,0.000000000000000,0.000000000000000,0.000000000000000
1,10,25,0.031666666666667,0.141982864137087,0.231481481481482,0.342880990459811,0.687982235049259,1.308541618713950,0.946465339739190,0.000000000000000,0.000000000000000,0.000000000000000,0.000000000000000,0.000000000000000,0.000000000000000,0.000000000000000,0.000000000000000,0.000000000000000,0.000000000000000,0.000000000000000,0.000000000000000,0.000000000000000,0.000000000000000,0.000000000000000,0.000000000000000,0.000000000000000,0.000000000000000,0.000000000000000,0.000000000000000,0.000000000000000,0.000000000000000,0.000000000000000,0.000000000000000,0.000000000000000,0.000000000000000,0.000000000000000,0.000000000000000,0.000000000000000,0.000000000000000,0.000000000000000,0.000000000000000,0.000000000000000,0.000000000000000,0.000000000000000,0.000000000000000,0.000000000000000,0.000000000000000,0.000000000000000,0.000000000000000,0.000000000000000,0.000000000000000,0.000000000000000
1,10,26,0.038571567824309,0.128673550436855,0.242952332137365,0.471133616112107,0.726470553174706,0.855095214571065,1.426249443817460,1.920033923666280,0.000000000000000,0.000000000000000,0.000000000000000,0.000000000000000,0.000000000000000,0.000000000000000,0.000000000000000,0.000000000000000,0.000000000000000,0.000000000000000,0.000000000000000,0.000000000000000,0.000000000000000,0.000000000000000,0.000000000000000,0.000000000000000,0.000000000000000,0.000000000000000,0.000000000000000,0.000000000000000,0.000000000000000,0.000000000000000,0.000000000000000,0.000000000000000,0.000000000000000,0.000000000000000,0.000000000000000,0.000000000000000,0.000000000000000,0.000000000000000,0.000000000000000,0.000000000000000,0.000000000000000,0.000000000000000,0.000000000000000,0.000000000000000,0.000000000000000,0.000000000000000,0.000000000000000,0.000000000000000,0.000000000000000,0.000000000000000
1,10,27,0.079754601226994,0.143656716417910,0.168043715870023,0.348018678131943,0.547700047737981,0.724897093093280,0.818090139456743,1.626860607440990,1.477894736842110,0.000000000000000,0.000000000000000,0.000000000000000,0.000000000000000,0.000000000000000,0.000000000000000,0.000000000000000,0.000000000000000,0.000000000000000,0.000000000000000,0.000000000000000,0.000000000000000,0.000000000000000,0.000000000000000,0.000000000000000,0.000000000000000,0.000000000000000,0.000000000000000,0.000000000000000,0.000000000000000,0.000000000000000,0.000000000000000,0.000000000000000,0.000000000000000,0.000000000000000,0.000000000000000,0.000000000000000,0.000000000000000,0.000000000000000,0.000000000000000,0.000000000000000,0.000000000000000,0.000000000000000,0.000000000000000,0.000000000000000,0.000000000000000,0.000000000000000,0.000000000000000,0.000000000000000,0.000000000000000,0.000000000000000
1,10,28,0.012064343163539,0.089763179081450,0.252059308072488,0.493428462897469,0.360520486261106,0.931585092748484,0.718211712542567,0.898042836989834,1.678223567401600,1.578548594085580,0.000000000000000,0.000000000000000,0.000000000000000,0.000000000000000,0.000000000000000,0.000000000000000,0.000000000000000,0.000000000000000,0.000000000000000,0.000000000000000,0.000000000000000,0.000000000000000,0.000000000000000,0.000000000000000,0.000000000000000,0.000000000000000,0.000000000000000,0.000000000000000,0.000000000000000,0.000000000000000,0.000000000000000,0.000000000000000,0.000000000000000,0.000000000000000,0.000000000000000,0.000000000000000,0.000000000000000,0.000000000000000,0.000000000000000,0.000000000000000,0.000000000000000,0.000000000000000,0.000000000000000,0.000000000000000,0.000000000000000,0.000000000000000,0.000000000000000,0.000000000000000,0.000000000000000,0.000000000000000
1,10,29,0.075148286559344,0.077464788732394,0.183638257536744,0.345503040440513,0.741860125461744,0.825734016376763,0.790839943161859,0.927935527309161,1.038841541200520,1.536789065946160,2.483106174995360,0.000000000000000,0.000000000000000,0.000000000000000,0.000000000000000,0.000000000000000,0.000000000000000,0.000000000000000,0.000000000000000,0.000000000000000,0.000000000000000,0.000000000000000,0.000000000000000,0.000000000000000,0.000000000000000,0.000000000000000,0.000000000000000,0.000000000000000,0.000000000000000,0.000000000000000,0.000000000000000,0.000000000000000,0.000000000000000,0.000000000000000,0.000000000000000,0.000000000000000,0.000000000000000,0.000000000000000,0.000000000000000,0.000000000000000,0.000000000000000,0.000000000000000,0.000000000000000,0.000000000000000,0.000000000000000,0.000000000000000,0.000000000000000,0.000000000000000,0.000000000000000,0.000000000000000
1,10,30,0.049723756906077,0.127208480565371,0.343558282208589,0.319671726449582,0.624153576412549,0.859124089183831,0.936881437771643,1.435733554991860,1.118300616696870,1.542595581157640,1.962722187711660,1.617066094961220,0.000000000000000,0.000000000000000,0.000000000000000,0.000000000000000,0.000000000000000,0.000000000000000,0.000000000000000,0.000000000000000,0.000000000000000,0.000000000000000,0.000000000000000,0.000000000000000,0.000000000000000,0.000000000000000,0.000000000000000,0.000000000000000,0.000000000000000,0.000000000000000,0.000000000000000,0.000000000000000,0.000000000000000,0.000000000000000,0.000000000000000,0.000000000000000,0.000000000000000,0.000000000000000,0.000000000000000,0.000000000000000,0.000000000000000,0.000000000000000,0.000000000000000,0.000000000000000,0.000000000000000,0.000000000000000,0.000000000000000,0.000000000000000,0.000000000000000,0.000000000000000
1,10,31,0.038539553752536,0.229638089356848,0.222376944545392,0.504634397528321,0.544607846168697,1.002632258436630,0.913318937461277,1.722948643681980,1.652118311248050,1.608238176637630,1.927854882048100,2.644890121645350,3.380557610797740,0.000000000000000,0.000000000000000,0.000000000000000,0.000000000000000,0.000000000000000,0.000000000000000,0.000000000000000,0.000000000000000,0.000000000000000,0.000000000000000,0.000000000000000,0.000000000000000,0.000000000000000,0.000000000000000,0.000000000000000,0.000000000000000,0.000000000000000,0.000000000000000,0.000000000000000,0.000000000000000,0.000000000000000,0.000000000000000,0.000000000000000,0.000000000000000,0.000000000000000,0.000000000000000,0.000000000000000,0.000000000000000,0.000000000000000,0.000000000000000,0.000000000000000,0.000000000000000,0.000000000000000,0.000000000000000,0.000000000000000,0.000000000000000,0.000000000000000
1,10,32,0.109523809523810,0.203389830508475,0.362293888100393,0.409701290673653,0.816750794629669,1.184530464419380,1.220605174968240,1.274198274304250,1.917358342293520,2.211693753438960,1.552478318862720,2.516111443347090,2.885944791454240,2.559722222222220,0.000000000000000,0.000000000000000,0.000000000000000,0.000000000000000,0.000000000000000,0.000000000000000,0.000000000000000,0.000000000000000,0.000000000000000,0.000000000000000,0.000000000000000,0.000000000000000,0.000000000000000,0.000000000000000,0.000000000000000,0.000000000000000,0.000000000000000,0.000000000000000,0.000000000000000,0.000000000000000,0.000000000000000,0.000000000000000,0.000000000000000,0.000000000000000,0.000000000000000,0.000000000000000,0.000000000000000,0.000000000000000,0.000000000000000,0.000000000000000,0.000000000000000,0.000000000000000,0.000000000000000,0.000000000000000,0.000000000000000,0.000000000000000
1,10,33,0.060344827586207,0.290672451193059,0.205113695448034,0.436390853440217,1.029097056099620,0.797653940561859,1.497247764015930,1.886465564107390,1.841977828616380,1.603138801140480,1.341602396729870,2.814136064978250,2.419545707181700,3.493542463946480,2.912419952028390,0.000000000000000,0.000000000000000,0.000000000000000,0.000000000000000,0.000000000000000,0.000000000000000,0.000000000000000,0.000000000000000,0.000000000000000,0.000000000000000,0.000000000000000,0.000000000000000,0.000000000000000,0.000000000000000,0.000000000000000,0.000000000000000,0.000000000000000,0.000000000000000,0.000000000000000,0.000000000000000,0.000000000000000,0.000000000000000,0.000000000000000,0.000000000000000,0.000000000000000,0.000000000000000,0.000000000000000,0.000000000000000,0.000000000000000,0.000000000000000,0.000000000000000,0.000000000000000,0.000000000000000,0.000000000000000,0.000000000000000
1,10,34,0.121951219512195,0.148349617755394,0.305295950155763,0.636939115395170,0.748839613046117,0.869193429147137,1.290363817171020,1.093346749449450,1.690218899605800,2.430202759296490,2.696342730257320,2.851705284987300,2.890850724425830,3.079274649919220,3.884824564264390,4.185638045274970,0.000000000000000,0.000000000000000,0.000000000000000,0.000000000000000,0.000000000000000,0.000000000000000,0.000000000000000,0.000000000000000,0.000000000000000,0.000000000000000,0.000000000000000,0.000000000000000,0.000000000000000,0.000000000000000,0.000000000000000,0.000000000000000,0.000000000000000,0.000000000000000,0.000000000000000,0.000000000000000,0.000000000000000,0.000000000000000,0.000000000000000,0.000000000000000,0.000000000000000,0.000000000000000,0.000000000000000,0.000000000000000,0.000000000000000,0.000000000000000,0.000000000000000,0.000000000000000,0.000000000000000,0.000000000000000
1,10,35,0.037037037037037,0.414351851851852,0.416636616022697,0.650618982118294,0.544044781733715,1.071554688923730,1.180051811655080,1.487284532476320,1.148564533862800,1.976231751491870,3.062198781737140,1.758937267343280,2.842847099809820,2.445056141088180,3.608686872689470,4.153401849913570,4.524611398963730,0.000000000000000,0.000000000000000,0.000000000000000,0.000000000000000,0.000000000000000,0.000000000000000,0.000000000000000,0.000000000000000,0.000000000000000,0.000000000000000,0.000000000000000,0.000000000000000,0.000000000000000,0.000000000000000,0.000000000000000,0.000000000000000,0.000000000000000,0.000000000000000,0.000000000000000,0.000000000000000,0.000000000000000,0.000000000000000,0.000000000000000,0.000000000000000,0.000000000000000,0.000000000000000,0.000000000000000,0.000000000000000,0.000000000000000,0.000000000000000,0.000000000000000,0.000000000000000,0.000000000000000
1,10,36,0.048632218844985,0.270886075949367,0.203335135195485,0.294825690950030,0.830530401034929,1.251119389472520,1.601923262600450,2.036185139770130,2.049615977972120,2.147681545724320,2.634012188235730,2.445769650526420,2.363199079368710,2.408549192236170,3.704741190146960,4.036331386553640,4.167181943376600,3.857285914926910,0.000000000000000,0.000000000000000,0.000000000000000,0.000000000000000,0.000000000000000,0.000000000000000,0.000000000000000,0.000000000000000,0.000000000000000,0.000000000000000,0.000000000000000,0.000000000000000,0.000000000000000,0.000000000000000,0.000000000000000,0.000000000000000,0.000000000000000,0.000000000000000,0.000000000000000,0.000000000000000,0.000000000000000,0.000000000000000,0.000000000000000,0.000000000000000,0.000000000000000,0.000000000000000,0.000000000000000,0.000000000000000,0.000000000000000,0.000000000000000,0.000000000000000,0.000000000000000
1,10,37,0.115671641791045,0.347058823529412,0.351984720699855,0.650851898536425,0.994242077695289,1.252587567322480,1.512352404360030,1.776013200557800,1.752860317139050,2.364975247841860,2.078243796632780,3.153401428419580,3.011031062231150,2.851552128953410,5.237593916142190,3.764613093988900,4.132254548061440,4.767406352267360,5.143026004728130,0.000000000000000,0.000000000000000,0.000000000000000,0.000000000000000,0.000000000000000,0.000000000000000,0.000000000000000,0.000000000000000,0.000000000000000,0.000000000000000,0.000000000000000,0.000000000000000,0.000000000000000,0.000000000000000,0.000000000000000,0.000000000000000,0.000000000000000,0.000000000000000,0.000000000000000,0.000000000000000,0.000000000000000,0.000000000000000,0.000000000000000,0.000000000000000,0.000000000000000,0.000000000000000,0.000000000000000,0.000000000000000,0.000000000000000,0.000000000000000,0.000000000000000
1,10,38,0.106194690265487,0.247648902821317,0.542168674698795,0.837009462712914,0.768996960486322,1.441428428978020,1.448655489378280,2.064332421216530,1.945101423371880,2.942406255121510,2.754855856767720,2.880666991446910,2.453170371981880,3.089058174039420,3.853445101037940,4.636947311634070,4.040339699397160,4.585555577872990,4.841323282445680,6.260172468382240,0.000000000000000,0.000000000000000,0.000000000000000,0.000000000000000,0.000000000000000,0.000000000000000,0.000000000000000,0.000000000000000,0.000000000000000,0.000000000000000,0.000000000000000,0.000000000000000,0.000000000000000,0.000000000000000,0.000000000000000,0.000000000000000,0.000000000000000,0.000000000000000,0.000000000000000,0.000000000000000,0.000000000000000,0.000000000000000,0.000000000000000,0.000000000000000,0.000000000000000,0.000000000000000,0.000000000000000,0.000000000000000,0.000000000000000,0.000000000000000
1,10,39,0.032551456407569,0.525547445255474,0.362029604544529,0.623891723613805,0.906451612903226,1.640583729820340,1.706836667876880,1.945725639302060,2.486181882663560,2.320907634614870,3.375775704369980,2.855140670720490,3.439221070136580,3.104005058212270,3.765918576278050,4.840565637336080,3.697859789707130,5.080545169399360,4.818968791457760,5.676281879449890,5.909765142150800,0.000000000000000,0.000000000000000,0.000000000000000,0.000000000000000,0.000000000000000,0.000000000000000,0.000000000000000,0.000000000000000,0.000000000000000,0.000000000000000,0.000000000000000,0.000000000000000,0.000000000000000,0.000000000000000,0.000000000000000,0.000000000000000,0.000000000000000,0.000000000000000,0.000000000000000,0.000000000000000,0.000000000000000,0.000000000000000,0.000000000000000,0.000000000000000,0.000000000000000,0.000000000000000,0.000000000000000,0.000000000000000,0.000000000000000
1,10,40,0.014235437880415,0.524163568773234,0.775583147412587,0.858867554185756,0.732492385633721,0.925792235402717,1.677613145945260,2.017523593726710,2.421610618299790,1.838163716691660,3.348325987588000,2.921323736137740,3.333349173415420,4.222176382684590,3.876442207221270,5.255877538473140,5.484311708515880,4.828897467833960,5.536680487820040,4.896917616621240,6.156424705827830,6.252232142857140,0.000000000000000,0.000000000000000,0.000000000000000,0.000000000000000,0.000000000000000,0.000000000000000,0.000000000000000,0.000000000000000,0.000000000000000,0.000000000000000,0.000000000000000,0.000000000000000,0.000000000000000,0.000000000000000,0.000000000000000,0.000000000000000,0.000000000000000,0.000000000000000,0.000000000000000,0.000000000000000,0.000000000000000,0.000000000000000,0.000000000000000,0.000000000000000,0.000000000000000,0.000000000000000,0.000000000000000,0.000000000000000
1,10,41,0.160220994475138,0.708049593695358,0.687413796807295,0.652207296696219,1.543827983809690,1.563204639941740,1.716112485454510,1.662931149647870,2.228808350616940,2.985244603448550,3.238393594222650,3.611401933785840,4.067649436522620,4.344184709675550,4.289308488085140,6.584528889135960,5.356403165783600,5.179860609808900,5.865230394157240,5.893915065555100,6.425600576446410,6.184596767107290,6.004404429439920,0.000000000000000,0.000000000000000,0.000000000000000,0.000000000000000,0.000000000000000,0.000000000000000,0.000000000000000,0.000000000000000,0.000000000000000,0.000000000000000,0.000000000000000,0.000000000000000,0.000000000000000,0.000000000000000,0.000000000000000,0.000000000000000,0.000000000000000,0.000000000000000,0.000000000000000,0.000000000000000,0.000000000000000,0.000000000000000,0.000000000000000,0.000000000000000,0.000000000000000,0.000000000000000,0.000000000000000
1,10,42,0.123809523809524,0.500000000000000,0.759312320916905,0.764705882352941,1.560649467847550,1.509541984732820,1.475982810944280,1.737544426202830,2.320270270270270,2.942316857102130,3.359179808335630,3.022865763607040,4.116096868894500,4.233534017988130,4.888049906104280,4.314748322244970,6.045666840905840,6.275664142996200,6.336017740496090,5.718583990362860,5.936974248520740,6.665085157538130,6.963794370371280,8.262180974477960,0.000000000000000,0.000000000000000,0.000000000000000,0.000000000000000,0.000000000000000,0.000000000000000,0.000000000000000,0.000000000000000,0.000000000000000,0.000000000000000,0.000000000000000,0.000000000000000,0.000000000000000,0.000000000000000,0.000000000000000,0.000000000000000,0.000000000000000,0.000000000000000,0.000000000000000,0.000000000000000,0.000000000000000,0.000000000000000,0.000000000000000,0.000000000000000,0.000000000000000,0.000000000000000
1,10,43,0.173515981735160,0.378472222222222,0.452722063037249,0.862190169160041,1.222263073678800,0.959393602896880,1.734884013651300,1.873095284810240,2.024929227985960,2.542217796733240,3.591983136909410,2.961376096519630,4.154721274175200,3.483950920767860,4.462131792585770,5.556014771319450,7.882190817353870,5.386779027490060,6.711987238095640,7.052036145755130,5.291210220327590,7.135156260474870,6.527896995708160,7.239520585988460,7.344541769764400,0.000000000000000,0.000000000000000,0.000000000000000,0.000000000000000,0.000000000000000,0.000000000000000,0.000000000000000,0.000000000000000,0.000000000000000,0.000000000000000,0.000000000000000,0.000000000000000,0.000000000000000,0.000000000000000,0.000000000000000,0.000000000000000,0.000000000000000,0.000000000000000,0.000000000000000,0.000000000000000,0.000000000000000,0.000000000000000,0.000000000000000,0.000000000000000,0.000000000000000
1,10,44,0.135000000000000,0.550675675675676,0.836411660699224,1.040998155528640,1.107923568571510,1.921948172458810,1.197102099994850,1.867036051399750,2.307249084853190,2.074410379073990,3.506256265571290,3.939657651458770,4.905590637122260,3.949211888557280,5.789601546432880,4.943242272350640,5.150189820288670,7.389629191344450,5.442728606416490,7.241535570688480,6.897863809186440,6.308064599515890,7.299344821394670,5.889205529351320,7.293414867139090,6.709049255441010,0.000000000000000,0.000000000000000,0.000000000000000,0.000000000000000,0.000000000000000,0.000000000000000,0.000000000000000,0.000000000000000,0.000000000000000,0.000000000000000,0.000000000000000,0.000000000000000,0.000000000000000,0.000000000000000,0.000000000000000,0.000000000000000,0.000000000000000,0.000000000000000,0.000000000000000,0.000000000000000,0.000000000000000,0.000000000000000,0.000000000000000,0.000000000000000
1,10,45,0.229001802278458,0.656346749226006,0.769375836479893,0.957208420939410,0.849263549540514,1.775206997889270,3.452596702883570,1.943444635348800,2.440190694303540,2.131924949230590,3.221108263198910,3.916315567776920,3.370993057025430,3.848145196117860,5.408408421711470,4.346909215501140,6.358899270708880,5.453659916172010,5.503215786024150,7.089794703202790,6.894098059986000,8.031609119742860,7.476347902428880,7.856180637746690,6.355560522289860,7.839154178279830,8.203714487267840,0.000000000000000,0.000000000000000,0.000000000000000,0.000000000000000,0.000000000000000,0.000000000000000,0.000000000000000,0.000000000000000,0.000000000000000,0.000000000000000,0.000000000000000,0.000000000000000,0.000000000000000,0.000000000000000,0.000000000000000,0.000000000000000,0.000000000000000,0.000000000000000,0.000000000000000,0.000000000000000,0.000000000000000,0.000000000000000,0.000000000000000
1,10,46,0.174342105263158,0.335233825809930,0.794795528944910,0.881974248927039,1.216324586794050,1.763161904180670,2.172256343507080,2.482870526561740,2.310654573982980,3.256572273833850,3.524500632772630,4.047864655831520,4.158860417061700,4.919183119055230,4.441510344482970,6.391926662352200,5.544510601553130,5.735922715514570,6.884002821317530,7.004071707485850,6.661054528568450,6.740097099098400,7.496970123340870,7.286970431788130,8.141794884265650,8.008025583207580,8.133997762435810,9.592777284205530,0.000000000000000,0.000000000000000,0.000000000000000,0.000000000000000,0.000000000000000,0.000000000000000,0.000000000000000,0.000000000000000,0.000000000000000,0.000000000000000,0.000000000000000,0.000000000000000,0.000000000000000,0.000000000000000,0.000000000000000,0.000000000000000,0.000000000000000,0.000000000000000,0.000000000000000,0.000000000000000,0.000000000000000,0.000000000000000
1,10,47,0.261971830985916,0.554778554778555,0.841258591911200,1.145911707141000,1.740463066056120,2.016213369690320,2.013368215375730,2.294208382377550,2.711454475511430,2.997198612899970,2.746274283656040,3.844000339662140,3.257917104230180,4.159964826732850,4.311396018398930,6.245651576972390,5.170145399019600,6.415643709999120,6.456941454734990,6.229950748217790,6.234174797461470,6.638354934794920,8.169805824115890,6.413948886995610,6.166326855151780,8.577995613582330,8.207704557900400,8.573275348338960,8.667701863354040,0.000000000000000,0.000000000000000,0.000000000000000,0.000000000000000,0.000000000000000,0.000000000000000,0.000000000000000,0.000000000000000,0.000000000000000,0.000000000000000,0.000000000000000,0.000000000000000,0.000000000000000,0.000000000000000,0.000000000000000,0.000000000000000,0.000000000000000,0.000000000000000,0.000000000000000,0.000000000000000,0.000000000000000
1,10,48,0.384810126582278,0.645960324450547,1.229411764705880,1.275935291514530,1.617222811744100,1.875244900529340,2.428554737164060,3.057925789912260,2.754420730103940,2.875302905515500,4.137773738176190,4.037579956163900,3.163421090666230,5.588994315594600,4.664536688808090,4.969074006073430,5.635182158052000,6.521937310861790,6.794736282465840,7.325105784558120,6.361384447277620,7.880532285099020,7.074672176030950,6.230542295184340,8.238338454653560,8.633617239182420,6.278373781529070,7.077665348724220,8.544631082486770,7.582082778336930,0.000000000000000,0.000000000000000,0.000000000000000,0.000000000000000,0.000000000000000,0.000000000000000,0.000000000000000,0.000000000000000,0.000000000000000,0.000000000000000,0.000000000000000,0.000000000000000,0.000000000000000,0.000000000000000,0.000000000000000,0.000000000000000,0.000000000000000,0.000000000000000,0.000000000000000,0.000000000000000
1,10,49,0.311350305439203,0.891535063891793,1.168122270742360,1.508711722403180,1.676060036360300,2.559271800509890,2.949194072334530,2.871322838556790,2.505460708185610,3.134028498767710,3.151022529167810,3.823202875405900,5.380508670778310,4.279158820417330,5.546047397051940,5.587019196848430,5.216818356244180,4.114930034831830,5.939589946312370,6.732580961966470,6.127093941878710,6.274582662084660,9.523685031653250,7.165619558888230,7.133488939554110,9.497839601536750,7.944255229907890,10.406976744186000,7.788462579452060,8.704847365443110,8.393423833329180,0.000000000000000,0.000000000000000,0.000000000000000,0.000000000000000,0.000000000000000,0.000000000000000,0.000000000000000,0.000000000000000,0.000000000000000,0.000000000000000,0.000000000000000,0.000000000000000,0.000000000000000,0.000000000000000,0.000000000000000,0.000000000000000,0.000000000000000,0.000000000000000,0.000000000000000
1,10,50,0.288773073317172,1.063694267515920,0.775894538606403,1.612775644358310,1.868874106057330,2.284994352434170,2.501932815034340,2.420498028188740,3.382470385550250,3.592765740630340,3.864235760756680,3.759685876838910,5.124671158506700,6.197941292395320,4.002073576576810,5.536020256248730,5.300790528697400,6.702055074981070,6.572139641303600,6.495057406177600,6.996130828505030,5.002743437053130,7.970076092600750,6.801556800265830,8.149063373638350,6.562963131558550,8.722753767897230,8.742703363514800,9.127422071966120,10.564030271202700,8.515391528305650,8.652292115640410,0.000000000000000,0.000000000000000,0.000000000000000,0.000000000000000,0.000000000000000,0.000000000000000,0.000000000000000,0.000000000000000,0.000000000000000,0.000000000000000,0.000000000000000,0.000000000000000,0.000000000000000,0.000000000000000,0.000000000000000,0.000000000000000,0.000000000000000,0.000000000000000
1,10,51,0.258351893095768,0.936014625228519,1.233082706766920,1.602972651745910,2.397283531409170,1.900787101913790,3.586173785308320,3.693749135829810,3.359898346449250,3.156859728036260,3.380793507729910,3.585106315457580,3.316873921057820,4.782967964370900,5.151856587310890,6.403086095190770,5.123552374784720,6.075346166389110,7.186063891829590,8.568983632580210,7.964920067257400,6.318771413094060,8.632811809985620,7.671548548908360,7.519586765577700,7.703921339220760,6.997073802310830,10.326991387533900,8.728897104128160,9.800897607720130,8.476508500562850,9.152507210136720,6.297458893871450,0.000000000000000,0.000000000000000,0.000000000000000,0.000000000000000,0.000000000000000,0.000000000000000,0.000000000000000,0.000000000000000,0.000000000000000,0.000000000000000,0.000000000000000,0.000000000000000,0.000000000000000,0.000000000000000,0.000000000000000,0.000000000000000,0.000000000000000
1,10,52,0.468148395503749,1.063962558502340,1.363636363636360,2.165429244406950,1.822445561139030,2.072538860103630,3.447420008808950,3.627021460200380,3.887176043784820,4.111599370342700,3.622405386205180,4.956237617066890,4.932264855589030,4.634394630068600,4.123627115922860,6.087314241377530,6.015752459397070,5.314642520679180,5.779065365738400,6.992451453958270,5.763302224191250,8.919800768987610,6.088828244766620,6.831953597915920,6.882218570304490,8.004313733406930,8.752225561977790,10.635108465145100,8.941082052562550,7.752514794613950,10.645582291427200,11.301766908129800,9.631726160598810,8.213087062798880,0.000000000000000,0.000000000000000,0.000000000000000,0.000000000000000,0.000000000000000,0.000000000000000,0.000000000000000,0.000000000000000,0.000000000000000,0.000000000000000,0.000000000000000,0.000000000000000,0.000000000000000,0.000000000000000,0.000000000000000,0.000000000000000
1,10,53,0.450304126419832,1.275761973875180,1.916790619114540,2.584005944546680,2.555555555555560,2.682034976152620,3.798200765316150,3.870741818894550,3.735307472629210,3.541359995008140,3.979140489271250,4.255045568597890,4.105182220342010,4.630649507628100,5.308807720542580,5.492758563703090,5.885691231697870,5.720316336817400,6.291368760625780,7.717846035244840,8.408263319568010,7.104878607164400,7.419176239636960,4.694705124332660,8.781072182912750,7.466943735584940,9.332165749578350,7.310833833055340,8.492227979274610,9.941279536747860,8.782059800664450,12.199859963963100,9.943948497584240,9.128213704285910,4.561643835616440,0.000000000000000,0.000000000000000,0.000000000000000,0.000000000000000,0.000000000000000,0.000000000000000,0.000000000000000,0.000000000000000,0.000000000000000,0.000000000000000,0.000000000000000,0.000000000000000,0.000000000000000,0.000000000000000,0.000000000000000
1,10,54,0.601145705705129,1.532614809386590,1.756534914394600,2.161919040479760,2.937031972862520,3.107999708159450,3.261394556221900,4.077544426494350,3.428883607765980,2.975971331268850,3.783697783418430,5.319409870604180,6.806412708606870,6.107299130881860,6.338644236692580,5.714011951301090,4.097846647457930,5.834905660377360,6.251982503288030,7.831485791717980,4.946462837231540,6.805796070232960,7.268576084242790,5.833333333333330,7.105263157894740,5.887941052382370,9.431478048601080,8.336490457187710,7.117067097883110,9.765947729687700,11.928575335978400,9.800006110316020,10.845070738876900,10.159144734690400,10.487793290547800,10.345852895148700,0.000000000000000,0.000000000000000,0.000000000000000,0.000000000000000,0.000000000000000,0.000000000000000,0.000000000000000,0.000000000000000,0.000000000000000,0.000000000000000,0.000000000000000,0.000000000000000,0.000000000000000,0.000000000000000
1,10,55,0.608433734939759,1.634180790960450,1.441675253383640,3.290225740307390,2.422743898495860,3.423380726698260,2.722958421494180,4.857568991819000,3.812714095950050,4.627659574468090,3.976010286769310,6.263984922984860,5.651032323740870,4.586605292096510,5.239674662828640,6.071040463877090,6.886571920966950,6.125635020281230,8.001230185796280,4.743482005699250,7.598593640741070,6.424908424908430,5.611368909512760,7.711943793911010,7.006800070462930,6.020407652195260,8.478847018207980,8.405553292110820,7.394822911703060,9.700378071833650,8.673610231870190,11.068674566468200,11.667844662276800,12.259353627250600,11.730143243681800,10.262736988940800,7.583892617449670,0.000000000000000,0.000000000000000,0.000000000000000,0.000000000000000,0.000000000000000,0.000000000000000,0.000000000000000,0.000000000000000,0.000000000000000,0.000000000000000,0.000000000000000,0.000000000000000,0.000000000000000
1,10,56,0.715044191421051,1.715678956990950,2.836528313588910,2.457190768482320,3.840510664862300,3.803339517625230,5.033351235918140,3.799715719635230,3.163437247971230,3.375073283018150,3.465254941532640,4.805122592860380,6.776212832550860,6.494128123033710,5.640439014169470,5.009838690649710,3.050119949237800,6.463747801946660,8.119554374021680,6.348657214572810,6.442876836565430,4.538998835855650,7.781879194630870,9.301480388125990,8.749946857990470,8.671067539791250,7.227532212650460,7.764481282983830,8.771378156047770,7.764936378893700,11.035460992907800,9.676804896594820,11.801209788686700,10.467672027704700,14.020732230335800,11.069544364508400,12.080370251346100,17.355661881977700,0.000000000000000,0.000000000000000,0.000000000000000,0.000000000000000,0.000000000000000,0.000000000000000,0.000000000000000,0.000000000000000,0.000000000000000,0.000000000000000,0.000000000000000,0.000000000000000
1,10,57,0.841111328022840,1.736482850272220,3.021474011078240,3.740702368257690,4.399075555759170,4.602072088848360,4.755657541543550,4.941480935968910,4.026785714285710,4.699353900836900,5.639058625856690,4.397533064702250,6.073697921541580,4.069888659599670,5.819832402234640,5.674952800911010,5.705561538833870,5.824921411517910,5.712930386034220,6.788957055214720,6.056027238499980,6.600497225142010,7.083640541418040,6.716992571987450,6.919756534650710,6.955657630223570,5.251457013207340,7.796310609124390,7.349372226421500,9.342285414556520,8.768885301514630,9.889497709431700,13.627362400357300,9.755963069801920,12.783216783216800,16.826919403807300,11.685287175452400,13.847778160405600,12.353861435784600,0.000000000000000,0.000000000000000,0.000000000000000,0.000000000000000,0.000000000000000,0.000000000000000,0.000000000000000,0.000000000000000,0.000000000000000,0.000000000000000,0.000000000000000
1,10,58,0.844619975349217,1.900219418377170,3.377526407564850,4.600798107283520,4.751553728743100,4.683441003097640,3.910334346504560,4.254317111459970,6.813076680940450,4.891941291526280,3.743653772031560,7.282803388654920,5.465857359635810,4.624109961609550,6.179844961240310,6.897401734546520,6.258171532748740,5.984864692487040,7.132231404958680,7.436616388254760,7.902125177385380,7.368888935750950,10.198954246376100,5.529718703322480,8.342248000218320,7.198516123417540,9.241823233798130,8.239228227535510,6.648780487804880,10.387369980237100,9.837647058823530,13.915993120859200,12.482839143452100,16.540908499875300,15.483514999145700,18.021297192642800,20.143111111111100,16.417094123501000,19.882197103497000,27.976905311778300,0.000000000000000,0.000000000000000,0.000000000000000,0.000000000000000,0.000000000000000,0.000000000000000,0.000000000000000,0.000000000000000,0.000000000000000,0.000000000000000
1,10,59,0.764646464646465,1.999052833146690,3.745190393214710,3.827366481606290,4.070182407398070,5.223312334247400,4.696120098048640,4.602524294407460,4.024077046548960,6.526553800510640,4.919947926660040,6.782750636008460,4.479881480183910,7.470149253731340,6.889667627590250,5.782794044926680,5.621803219228950,9.741545718875050,7.132807301999990,5.923250541464060,7.666195190947670,8.686532084697240,6.230595368352970,8.631636474165750,9.144968686150650,13.514978601997100,9.823304690568430,6.190945348651450,9.926111349800370,11.519815981713900,13.795244385733200,10.539964330345900,12.295520702787700,10.299415204678400,11.840038033163700,15.038286151410300,18.645129224652100,21.762262108913100,20.949195503252700,26.874100606891900,28.738386308068500,0.000000000000000,0.000000000000000,0.000000000000000,0.000000000000000,0.000000000000000,0.000000000000000,0.000000000000000,0.000000000000000,0.000000000000000
1,10,60,4.166666666666670,7.404040404040400,14.264705882352900,14.439024390243900,17.905660377358500,16.592592592592600,28.439024390243900,17.379310344827600,34.115384615384600,17.411764705882400,35.880952380952400,28.440000000000000,17.250000000000000,30.074074074074100,22.964285714285700,19.942857142857100,21.277777777777800,41.750000000000000,28.605263157894700,12.071428571428600,25.709677419354800,23.058823529411800,18.476190476190500,29.406250000000000,21.785714285714300,33.733333333333300,21.260869565217400,40.666666666666700,20.615384615384600,16.732142857142900,22.177777777777800,27.730769230769200,25.045454545454500,27.854166666666700,21.318181818181800,29.761904761904800,17.123076923076900,61.781818181818200,44.121212121212100,40.618181818181800,32.172413793103500,70.125000000000000,0.000000000000000,0.000000000000000,0.000000000000000,0.000000000000000,0.000000000000000,0.000000000000000,0.000000000000000,0.000000000000000
1,10,61,4.710526315789470,12.600000000000000,15.329411764705900,18.293103448275900,21.048780487804900,20.682926829268300,19.593750000000000,23.277777777777800,28.153846153846100,24.540540540540500,46.230769230769200,30.885714285714300,33.454545454545500,24.406250000000000,26.891891891891900,30.722222222222200,33.058823529411800,39.107142857142900,33.541666666666700,23.382352941176500,31.351351351351400,27.965517241379300,25.088235294117600,33.937500000000000,26.418604651162800,27.979166666666700,30.216216216216200,20.529411764705900,24.913043478260900,21.386363636363600,25.571428571428600,34.240740740740700,30.461538461538500,26.367346938775500,36.207547169811300,29.642857142857100,26.939393939393900,19.493975903614500,48.202898550724600,42.378787878787900,35.827586206896600,36.500000000000000,58.900000000000000,0.000000000000000,0.000000000000000,0.000000000000000,0.000000000000000,0.000000000000000,0.000000000000000,0.000000000000000
1,10,62,5.060869565217390,13.606666666666700,22.078431372549000,24.343283582089600,30.285714285714300,21.739130434782600,31.851063829787200,32.939393939393900,34.783783783783800,34.764705882352900,39.833333333333300,29.088235294117600,32.619047619047600,42.909090909090900,32.800000000000000,31.814814814814800,27.260869565217400,19.029411764705900,37.425531914893600,36.657142857142900,29.517241379310300,38.333333333333300,24.259259259259300,31.192307692307700,31.520000000000000,46.363636363636400,31.068181818181800,32.628571428571400,30.000000000000000,35.083333333333300,36.800000000000000,40.925925925925900,47.472222222222200,27.047619047619000,27.472727272727300,46.014705882352900,41.765625000000000,59.125000000000000,48.296875000000000,48.333333333333300,50.494505494505500,44.761904761904800,48.083743842364500,62.363636363636400,0.000000000000000,0.000000000000000,0.000000000000000,0.000000000000000,0.000000000000000,0.000000000000000
1,10,63,4.898734177215190,12.281690140845100,20.293103448275900,27.785234899328900,29.171875000000000,31.566037735849100,30.878048780487800,32.722222222222200,34.000000000000000,33.250000000000000,46.060606060606100,33.259259259259300,30.037037037037000,26.107142857142900,42.218750000000000,47.352941176470600,35.611111111111100,41.259259259259300,40.607142857142900,33.878787878787900,13.000000000000000,25.285714285714300,62.666666666666700,35.214285714285700,26.666666666666700,34.064516129032300,26.957446808510600,30.625000000000000,32.048780487804900,38.297297297297300,37.837837837837800,41.119047619047600,32.279069767441900,49.204081632653100,43.487804878048800,36.148148148148100,34.017241379310300,43.379310344827600,47.016666666666700,57.649350649350700,44.787500000000000,42.458823529411800,43.466666666666700,56.308176100628900,72.750000000000000,0.000000000000000,0.000000000000000,0.000000000000000,0.000000000000000,0.000000000000000
1,10,64,5.205128205128210,13.393333333333300,24.122448979591800,29.287356321839100,41.708860759493700,35.945945945945900,37.971428571428600,35.250000000000000,33.800000000000000,36.411764705882400,42.533333333333300,46.290322580645200,26.500000000000000,42.793103448275900,40.960000000000000,62.066666666666700,61.062500000000000,39.153846153846200,31.193548387096800,38.333333333333300,31.897435897435900,35.793103448275900,53.842105263157900,32.666666666666700,30.090909090909100,30.605263157894700,36.166666666666700,58.653846153846100,39.772727272727300,38.411764705882400,43.419354838709700,52.242424242424200,34.333333333333300,24.814814814814800,45.363636363636400,29.128205128205100,90.974358974359000,30.600000000000000,71.410714285714300,65.519230769230800,61.588235294117600,45.410714285714300,61.444444444444400,64.750000000000000,60.807453416149100,83.666666666666700,0.000000000000000,0.000000000000000,0.000000000000000,0.000000000000000
1,10,65,0.166666666666667,9.000000000000000,14.000000000000000,0.000000000000000,0.000000000000000,0.000000000000000,0.000000000000000,0.000000000000000,0.000000000000000,18.000000000000000,37.000000000000000,0.000000000000000,0.000000000000000,0.000000000000000,0.000000000000000,0.000000000000000,0.000000000000000,0.000000000000000,0.000000000000000,0.000000000000000,18.000000000000000,0.000000000000000,0.000000000000000,0.000000000000000,0.000000000000000,0.000000000000000,0.000000000000000,0.000000000000000,0.000000000000000,22.000000000000000,0.000000000000000,0.000000000000000,0.000000000000000,0.000000000000000,7.000000000000000,18.333333333333300,0.000000000000000,5.400000000000000,17.333333333333300,2.500000000000000,12.400000000000000,0.000000000000000,34.333333333333300,19.000000000000000,50.000000000000000,29.500000000000000,0.000000000000000,0.000000000000000,0.000000000000000,0.000000000000000
1,10,66,0.000000000000000,0.333333333333333,5.571428571428570,0.000000000000000,0.000000000000000,0.000000000000000,0.000000000000000,0.000000000000000,0.000000000000000,0.000000000000000,0.000000000000000,0.000000000000000,0.000000000000000,0.000000000000000,0.000000000000000,0.000000000000000,20.000000000000000,0.000000000000000,0.000000000000000,0.000000000000000,0.000000000000000,0.000000000000000,0.000000000000000,0.000000000000000,8.000000000000000,0.000000000000000,0.000000000000000,0.000000000000000,0.000000000000000,0.000000000000000,0.000000000000000,0.000000000000000,32.000000000000000,2.000000000000000,0.000000000000000,2.500000000000000,0.000000000000000,0.000000000000000,0.000000000000000,0.000000000000000,0.000000000000000,4.750000000000000,13.500000000000000,0.000000000000000,14.200000000000000,39.000000000000000,0.000000000000000,0.000000000000000,0.000000000000000,0.000000000000000
1,10,67,0.000000000000000,0.000000000000000,0.000000000000000,2.500000000000000,0.000000000000000,0.000000000000000,0.000000000000000,0.000000000000000,0.000000000000000,0.000000000000000,0.000000000000000,0.000000000000000,0.000000000000000,0.000000000000000,0.000000000000000,0.000000000000000,0.000000000000000,0.000000000000000,0.000000000000000,0.000000000000000,0.000000000000000,0.000000000000000,0.000000000000000,0.000000000000000,0.000000000000000,0.000000000000000,0.000000000000000,0.000000000000000,0.000000000000000,0.000000000000000,0.000000000000000,0.000000000000000,0.000000000000000,5.000000000000000,0.000000000000000,1.000000000000000,7.000000000000000,0.000000000000000,0.000000000000000,0.000000000000000,0.000000000000000,4.600000000000000,2.750000000000000,17.666666666666700,0.000000000000000,0.000000000000000,39.000000000000000,0.000000000000000,0.000000000000000,0.000000000000000
1,10,68,0.000000000000000,0.000000000000000,0.000000000000000,0.000000000000000,0.000000000000000,0.000000000000000,0.000000000000000,0.000000000000000,0.000000000000000,0.000000000000000,0.000000000000000,0.000000000000000,0.000000000000000,0.000000000000000,0.000000000000000,0.000000000000000,0.000000000000000,0.000000000000000,0.000000000000000,0.000000000000000,0.000000000000000,0.000000000000000,0.000000000000000,0.000000000000000,0.000000000000000,0.000000000000000,0.000000000000000,0.000000000000000,0.000000000000000,0.000000000000000,0.000000000000000,0.000000000000000,0.000000000000000,0.000000000000000,0.000000000000000,0.000000000000000,0.000000000000000,0.000000000000000,0.000000000000000,0.000000000000000,0.000000000000000,2.000000000000000,2.500000000000000,10.750000000000000,16.000000000000000,26.000000000000000,0.000000000000000,0.000000000000000,0.000000000000000,0.000000000000000
1,10,69,0.000000000000000,0.000000000000000,0.000000000000000,0.000000000000000,0.000000000000000,0.000000000000000,0.000000000000000,0.000000000000000,0.000000000000000,0.000000000000000,0.000000000000000,0.000000000000000,0.000000000000000,0.000000000000000,0.000000000000000,0.000000000000000,0.000000000000000,0.000000000000000,0.000000000000000,0.000000000000000,0.000000000000000,0.000000000000000,0.000000000000000,0.000000000000000,0.000000000000000,0.000000000000000,0.000000000000000,0.000000000000000,0.000000000000000,0.000000000000000,0.000000000000000,0.000000000000000,0.000000000000000,0.000000000000000,0.000000000000000,0.000000000000000,0.000000000000000,0.000000000000000,0.000000000000000,0.000000000000000,0.000000000000000,0.000000000000000,0.000000000000000,0.000000000000000,0.000000000000000,0.000000000000000,0.000000000000000,0.000000000000000,0.000000000000000,0.000000000000000
1,11,20,0.312661333167046,0.600207012550136,0.000000000000000,0.000000000000000,0.000000000000000,0.000000000000000,0.000000000000000,0.000000000000000,0.000000000000000,0.000000000000000,0.000000000000000,0.000000000000000,0.000000000000000,0.000000000000000,0.000000000000000,0.000000000000000,0.000000000000000,0.000000000000000,0.000000000000000,0.000000000000000,0.000000000000000,0.000000000000000,0.000000000000000,0.000000000000000,0.000000000000000,0.000000000000000,0.000000000000000,0.000000000000000,0.000000000000000,0.000000000000000,0.000000000000000,0.000000000000000,0.000000000000000,0.000000000000000,0.000000000000000,0.000000000000000,0.000000000000000,0.000000000000000,0.000000000000000,0.000000000000000,0.000000000000000,0.000000000000000,0.000000000000000,0.000000000000000,0.000000000000000,0.000000000000000,0.000000000000000,0.000000000000000,0.000000000000000,0.000000000000000
1,11,21,1.011597456041900,1.057606321119220,1.224674466640050,0.000000000000000,0.000000000000000,0.000000000000000,0.000000000000000,0.000000000000000,0.000000000000000,0.000000000000000,0.000000000000000,0.000000000000000,0.000000000000000,0.000000000000000,0.000000000000000,0.000000000000000,0.000000000000000,0.000000000000000,0.000000000000000,0.000000000000000,0.000000000000000,0.000000000000000,0.000000000000000,0.000000000000000,0.000000000000000,0.000000000000000,0.000000000000000,0.000000000000000,0.000000000000000,0.000000000000000,0.000000000000000,0.000000000000000,0.000000000000000,0.000000000000000,0.000000000000000,0.000000000000000,0.000000000000000,0.000000000000000,0.000000000000000,0.000000000000000,0.000000000000000,0.000000000000000,0.000000000000000,0.000000000000000,0.000000000000000,0.000000000000000,0.000000000000000,0.000000000000000,0.000000000000000,0.000000000000000
1,11,22,0.928537170263789,3.839057239057240,1.944937579379010,1.882923076923080,0.000000000000000,0.000000000000000,0.000000000000000,0.000000000000000,0.000000000000000,0.000000000000000,0.000000000000000,0.000000000000000,0.000000000000000,0.000000000000000,0.000000000000000,0.000000000000000,0.000000000000000,0.000000000000000,0.000000000000000,0.000000000000000,0.000000000000000,0.000000000000000,0.000000000000000,0.000000000000000,0.000000000000000,0.000000000000000,0.000000000000000,0.000000000000000,0.000000000000000,0.000000000000000,0.000000000000000,0.000000000000000,0.000000000000000,0.000000000000000,0.000000000000000,0.000000000000000,0.000000000000000,0.000000000000000,0.000000000000000,0.000000000000000,0.000000000000000,0.000000000000000,0.000000000000000,0.000000000000000,0.000000000000000,0.000000000000000,0.000000000000000,0.000000000000000,0.000000000000000,0.000000000000000
1,11,23,1.049808429118770,4.063013698630140,5.745903891519630,4.658457673725480,4.681503378444700,0.000000000000000,0.000000000000000,0.000000000000000,0.000000000000000,0.000000000000000,0.000000000000000,0.000000000000000,0.000000000000000,0.000000000000000,0.000000000000000,0.000000000000000,0.000000000000000,0.000000000000000,0.000000000000000,0.000000000000000,0.000000000000000,0.000000000000000,0.000000000000000,0.000000000000000,0.000000000000000,0.000000000000000,0.000000000000000,0.000000000000000,0.000000000000000,0.000000000000000,0.000000000000000,0.000000000000000,0.000000000000000,0.000000000000000,0.000000000000000,0.000000000000000,0.000000000000000,0.000000000000000,0.000000000000000,0.000000000000000,0.000000000000000,0.000000000000000,0.000000000000000,0.000000000000000,0.000000000000000,0.000000000000000,0.000000000000000,0.000000000000000,0.000000000000000,0.000000000000000
1,11,24,1.156033287101250,4.091186958736630,5.835599746146280,6.895903368518080,7.563866660928900,8.102599519484300,0.000000000000000,0.000000000000000,0.000000000000000,0.000000000000000,0.000000000000000,0.000000000000000,0.000000000000000,0.000000000000000,0.000000000000000,0.000000000000000,0.000000000000000,0.000000000000000,0.000000000000000,0.000000000000000,0.000000000000000,0.000000000000000,0.000000000000000,0.000000000000000,0.000000000000000,0.000000000000000,0.000000000000000,0.000000000000000,0.000000000000000,0.000000000000000,0.000000000000000,0.000000000000000,0.000000000000000,0.000000000000000,0.000000000000000,0.000000000000000,0.000000000000000,0.000000000000000,0.000000000000000,0.000000000000000,0.000000000000000,0.000000000000000,0.000000000000000,0.000000000000000,0.000000000000000,0.000000000000000,0.000000000000000,0.000000000000000,0.000000000000000,0.000000000000000
1,11,25,1.255833333333330,4.323133414932680,6.451288244766510,6.742947689870250,9.637515871342170,12.912582849516300,14.809196980096100,0.000000000000000,0.000000000000000,0.000000000000000,0.000000000000000,0.000000000000000,0.000000000000000,0.000000000000000,0.000000000000000,0.000000000000000,0.000000000000000,0.000000000000000,0.000000000000000,0.000000000000000,0.000000000000000,0.000000000000000,0.000000000000000,0.000000000000000,0.000000000000000,0.000000000000000,0.000000000000000,0.000000000000000,0.000000000000000,0.000000000000000,0.000000000000000,0.000000000000000,0.000000000000000,0.000000000000000,0.000000000000000,0.000000000000000,0.000000000000000,0.000000000000000,0.000000000000000,0.000000000000000,0.000000000000000,0.000000000000000,0.000000000000000,0.000000000000000,0.000000000000000,0.000000000000000,0.000000000000000,0.000000000000000,0.000000000000000,0.000000000000000
1,11,26,1.092861284714430,4.628276409849090,6.057406458226550,7.173739425708280,9.129843992852660,11.881881663163100,19.735834052887000,20.131964719424200,0.000000000000000,0.000000000000000,0.000000000000000,0.000000000000000,0.000000000000000,0.000000000000000,0.000000000000000,0.000000000000000,0.000000000000000,0.000000000000000,0.000000000000000,0.000000000000000,0.000000000000000,0.000000000000000,0.000000000000000,0.000000000000000,0.000000000000000,0.000000000000000,0.000000000000000,0.000000000000000,0.000000000000000,0.000000000000000,0.000000000000000,0.000000000000000,0.000000000000000,0.000000000000000,0.000000000000000,0.000000000000000,0.000000000000000,0.000000000000000,0.000000000000000,0.000000000000000,0.000000000000000,0.000000000000000,0.000000000000000,0.000000000000000,0.000000000000000,0.000000000000000,0.000000000000000,0.000000000000000,0.000000000000000,0.000000000000000
1,11,27,1.141104294478530,4.574626865671640,6.376723564674850,7.313293912293780,9.569561703381180,12.205226520368900,15.587738673945300,24.849309604519500,24.354736842105300,0.000000000000000,0.000000000000000,0.000000000000000,0.000000000000000,0.000000000000000,0.000000000000000,0.000000000000000,0.000000000000000,0.000000000000000,0.000000000000000,0.000000000000000,0.000000000000000,0.000000000000000,0.000000000000000,0.000000000000000,0.000000000000000,0.000000000000000,0.000000000000000,0.000000000000000,0.000000000000000,0.000000000000000,0.000000000000000,0.000000000000000,0.000000000000000,0.000000000000000,0.000000000000000,0.000000000000000,0.000000000000000,0.000000000000000,0.000000000000000,0.000000000000000,0.000000000000000,0.000000000000000,0.000000000000000,0.000000000000000,0.000000000000000,0.000000000000000,0.000000000000000,0.000000000000000,0.000000000000000,0.000000000000000
1,11,28,1.274798927613940,4.730227859930400,6.225700164744650,7.221156721365940,9.112650546484440,11.254883186757500,13.764306711083100,18.690674582157700,29.693013047508100,34.193304151648100,0.000000000000000,0.000000000000000,0.000000000000000,0.000000000000000,0.000000000000000,0.000000000000000,0.000000000000000,0.000000000000000,0.000000000000000,0.000000000000000,0.000000000000000,0.000000000000000,0.000000000000000,0.000000000000000,0.000000000000000,0.000000000000000,0.000000000000000,0.000000000000000,0.000000000000000,0.000000000000000,0.000000000000000,0.000000000000000,0.000000000000000,0.000000000000000,0.000000000000000,0.000000000000000,0.000000000000000,0.000000000000000,0.000000000000000,0.000000000000000,0.000000000000000,0.000000000000000,0.000000000000000,0.000000000000000,0.000000000000000,0.000000000000000,0.000000000000000,0.000000000000000,0.000000000000000,0.000000000000000
1,11,29,1.331198219051230,4.643661971830990,6.718717546338570,7.172033043191220,9.525393478729620,11.240048502896800,14.368682989062700,16.759424767297200,21.243828976888100,34.518767224486800,37.845785344895500,0.000000000000000,0.000000000000000,0.000000000000000,0.000000000000000,0.000000000000000,0.000000000000000,0.000000000000000,0.000000000000000,0.000000000000000,0.000000000000000,0.000000000000000,0.000000000000000,0.000000000000000,0.000000000000000,0.000000000000000,0.000000000000000,0.000000000000000,0.000000000000000,0.000000000000000,0.000000000000000,0.000000000000000,0.000000000000000,0.000000000000000,0.000000000000000,0.000000000000000,0.000000000000000,0.000000000000000,0.000000000000000,0.000000000000000,0.000000000000000,0.000000000000000,0.000000000000000,0.000000000000000,0.000000000000000,0.000000000000000,0.000000000000000,0.000000000000000,0.000000000000000,0.000000000000000
1,11,30,1.176795580110500,5.120141342756180,6.661349693251530,7.430208579371260,9.231154842745450,10.789804413075600,13.577603820446700,16.108803291375700,19.498685247430700,23.288382779272600,37.999051717258700,45.573608590771700,0.000000000000000,0.000000000000000,0.000000000000000,0.000000000000000,0.000000000000000,0.000000000000000,0.000000000000000,0.000000000000000,0.000000000000000,0.000000000000000,0.000000000000000,0.000000000000000,0.000000000000000,0.000000000000000,0.000000000000000,0.000000000000000,0.000000000000000,0.000000000000000,0.000000000000000,0.000000000000000,0.000000000000000,0.000000000000000,0.000000000000000,0.000000000000000,0.000000000000000,0.000000000000000,0.000000000000000,0.000000000000000,0.000000000000000,0.000000000000000,0.000000000000000,0.000000000000000,0.000000000000000,0.000000000000000,0.000000000000000,0.000000000000000,0.000000000000000,0.000000000000000
1,11,31,1.547667342799190,4.965963957833630,7.144721078608100,7.331616889804330,8.899226882551120,11.091932801860400,13.057564545077800,15.516627655677200,18.576262044377200,21.757756923078400,27.172561469548900,40.429902726939000,45.279103992824900,0.000000000000000,0.000000000000000,0.000000000000000,0.000000000000000,0.000000000000000,0.000000000000000,0.000000000000000,0.000000000000000,0.000000000000000,0.000000000000000,0.000000000000000,0.000000000000000,0.000000000000000,0.000000000000000,0.000000000000000,0.000000000000000,0.000000000000000,0.000000000000000,0.000000000000000,0.000000000000000,0.000000000000000,0.000000000000000,0.000000000000000,0.000000000000000,0.000000000000000,0.000000000000000,0.000000000000000,0.000000000000000,0.000000000000000,0.000000000000000,0.000000000000000,0.000000000000000,0.000000000000000,0.000000000000000,0.000000000000000,0.000000000000000,0.000000000000000
1,11,32,1.607142857142860,5.135593220338980,7.193102668071980,7.635026594842060,9.433690248187700,10.102180003040200,13.459125270732600,14.317243969686400,16.919213813244000,21.079945035235500,24.383408856266100,29.457758462631800,44.925730322205000,46.473611111111100,0.000000000000000,0.000000000000000,0.000000000000000,0.000000000000000,0.000000000000000,0.000000000000000,0.000000000000000,0.000000000000000,0.000000000000000,0.000000000000000,0.000000000000000,0.000000000000000,0.000000000000000,0.000000000000000,0.000000000000000,0.000000000000000,0.000000000000000,0.000000000000000,0.000000000000000,0.000000000000000,0.000000000000000,0.000000000000000,0.000000000000000,0.000000000000000,0.000000000000000,0.000000000000000,0.000000000000000,0.000000000000000,0.000000000000000,0.000000000000000,0.000000000000000,0.000000000000000,0.000000000000000,0.000000000000000,0.000000000000000,0.000000000000000
1,11,33,1.178879310344830,4.774403470715830,7.105266606379560,7.510907609229810,8.304521777326750,10.048705620773900,11.321045617313300,14.763212365095200,15.224275959306400,20.503627127176800,24.049083675862500,25.737427745689400,30.822053370367100,45.427135670215300,46.056597583775100,0.000000000000000,0.000000000000000,0.000000000000000,0.000000000000000,0.000000000000000,0.000000000000000,0.000000000000000,0.000000000000000,0.000000000000000,0.000000000000000,0.000000000000000,0.000000000000000,0.000000000000000,0.000000000000000,0.000000000000000,0.000000000000000,0.000000000000000,0.000000000000000,0.000000000000000,0.000000000000000,0.000000000000000,0.000000000000000,0.000000000000000,0.000000000000000,0.000000000000000,0.000000000000000,0.000000000000000,0.000000000000000,0.000000000000000,0.000000000000000,0.000000000000000,0.000000000000000,0.000000000000000,0.000000000000000,0.000000000000000
1,11,34,1.702439024390240,4.290579204431970,5.842679127725860,6.470599699830180,8.156425945282550,8.906549952989180,10.469345253028900,12.989664768459100,14.930660976496000,17.823375164286600,21.404858646092200,25.007698156433600,27.401262543361700,32.032211277255800,46.493520216820300,44.981023700162500,0.000000000000000,0.000000000000000,0.000000000000000,0.000000000000000,0.000000000000000,0.000000000000000,0.000000000000000,0.000000000000000,0.000000000000000,0.000000000000000,0.000000000000000,0.000000000000000,0.000000000000000,0.000000000000000,0.000000000000000,0.000000000000000,0.000000000000000,0.000000000000000,0.000000000000000,0.000000000000000,0.000000000000000,0.000000000000000,0.000000000000000,0.000000000000000,0.000000000000000,0.000000000000000,0.000000000000000,0.000000000000000,0.000000000000000,0.000000000000000,0.000000000000000,0.000000000000000,0.000000000000000,0.000000000000000
1,11,35,1.330484330484330,4.645833333333330,5.916239947522300,6.730398899587350,7.606118602077110,9.371517309969400,10.650386533403200,13.150033341740700,13.942704877284400,16.292652017706700,20.493181136524100,23.958434911107900,26.286916969662800,29.930534203275300,35.148757751112700,45.883192829494100,47.922279792746100,0.000000000000000,0.000000000000000,0.000000000000000,0.000000000000000,0.000000000000000,0.000000000000000,0.000000000000000,0.000000000000000,0.000000000000000,0.000000000000000,0.000000000000000,0.000000000000000,0.000000000000000,0.000000000000000,0.000000000000000,0.000000000000000,0.000000000000000,0.000000000000000,0.000000000000000,0.000000000000000,0.000000000000000,0.000000000000000,0.000000000000000,0.000000000000000,0.000000000000000,0.000000000000000,0.000000000000000,0.000000000000000,0.000000000000000,0.000000000000000,0.000000000000000,0.000000000000000,0.000000000000000
1,11,36,1.340425531914890,4.189873417721520,6.049431897633610,6.630858094916070,8.012936610608020,9.016497090981950,11.424327141410800,12.196178896852500,15.269682626193800,15.775425209313300,19.210166858884400,23.246061365334900,25.585023757365500,27.487350317508500,30.721147707204600,31.092263089967500,45.449508710019000,46.816522236968600,0.000000000000000,0.000000000000000,0.000000000000000,0.000000000000000,0.000000000000000,0.000000000000000,0.000000000000000,0.000000000000000,0.000000000000000,0.000000000000000,0.000000000000000,0.000000000000000,0.000000000000000,0.000000000000000,0.000000000000000,0.000000000000000,0.000000000000000,0.000000000000000,0.000000000000000,0.000000000000000,0.000000000000000,0.000000000000000,0.000000000000000,0.000000000000000,0.000000000000000,0.000000000000000,0.000000000000000,0.000000000000000,0.000000000000000,0.000000000000000,0.000000000000000,0.000000000000000
1,11,37,1.470149253731340,4.111764705882350,5.530263004370110,6.482410515134800,7.442897145229340,9.101045785088210,11.406455249194900,13.458221766276500,14.153043641931200,16.711425561727800,18.048047610191100,20.638712582789300,22.452076382220200,25.983104479025300,27.133082936079700,31.579638076752600,34.533645984687200,45.070551940937500,46.494089834515400,0.000000000000000,0.000000000000000,0.000000000000000,0.000000000000000,0.000000000000000,0.000000000000000,0.000000000000000,0.000000000000000,0.000000000000000,0.000000000000000,0.000000000000000,0.000000000000000,0.000000000000000,0.000000000000000,0.000000000000000,0.000000000000000,0.000000000000000,0.000000000000000,0.000000000000000,0.000000000000000,0.000000000000000,0.000000000000000,0.000000000000000,0.000000000000000,0.000000000000000,0.000000000000000,0.000000000000000,0.000000000000000,0.000000000000000,0.000000000000000,0.000000000000000
1,11,38,1.327433628318580,4.561128526645770,6.045783132530120,6.432052582592530,7.749240121580550,9.109365592570790,9.774703691601250,11.936005752099600,13.049555142297200,15.065460035721600,16.338799528625200,19.530994465495400,23.695210163171600,23.821375860742000,23.907089635402600,29.953529268819100,31.386953300250000,33.981506545728100,45.836350562986300,44.098503508818800,0.000000000000000,0.000000000000000,0.000000000000000,0.000000000000000,0.000000000000000,0.000000000000000,0.000000000000000,0.000000000000000,0.000000000000000,0.000000000000000,0.000000000000000,0.000000000000000,0.000000000000000,0.000000000000000,0.000000000000000,0.000000000000000,0.000000000000000,0.000000000000000,0.000000000000000,0.000000000000000,0.000000000000000,0.000000000000000,0.000000000000000,0.000000000000000,0.000000000000000,0.000000000000000,0.000000000000000,0.000000000000000,0.000000000000000,0.000000000000000
1,11,39,0.869588906887905,4.470802919708030,6.358914550571250,6.398566296726100,7.401612903225810,8.887858716728480,9.389314200008580,12.238734579256400,15.055920001251800,15.417417039776500,18.081034967009100,21.433844752528300,22.545599494128500,22.173764771564400,26.388393651437600,26.933379510075800,30.679208113288100,32.909764630574100,32.458314724785800,45.218984338010800,43.998763906056900,0.000000000000000,0.000000000000000,0.000000000000000,0.000000000000000,0.000000000000000,0.000000000000000,0.000000000000000,0.000000000000000,0.000000000000000,0.000000000000000,0.000000000000000,0.000000000000000,0.000000000000000,0.000000000000000,0.000000000000000,0.000000000000000,0.000000000000000,0.000000000000000,0.000000000000000,0.000000000000000,0.000000000000000,0.000000000000000,0.000000000000000,0.000000000000000,0.000000000000000,0.000000000000000,0.000000000000000,0.000000000000000,0.000000000000000
1,11,40,1.917797024679550,4.267657992565060,5.534474863766480,6.447821858997480,7.499837750082440,7.942819207966750,11.072898760985400,12.520491167637900,13.563780785068200,14.016654652956100,17.999048495510600,20.050649345733400,21.567677679551900,23.941352568046100,24.056755963621600,28.319192940525400,28.732590609808500,31.140884300120200,33.515803703920400,35.906317101633600,46.030937022024900,46.641741071428600,0.000000000000000,0.000000000000000,0.000000000000000,0.000000000000000,0.000000000000000,0.000000000000000,0.000000000000000,0.000000000000000,0.000000000000000,0.000000000000000,0.000000000000000,0.000000000000000,0.000000000000000,0.000000000000000,0.000000000000000,0.000000000000000,0.000000000000000,0.000000000000000,0.000000000000000,0.000000000000000,0.000000000000000,0.000000000000000,0.000000000000000,0.000000000000000,0.000000000000000,0.000000000000000,0.000000000000000,0.000000000000000
1,11,41,1.082872928176800,4.587791194992230,7.010609892744780,6.949302833787590,7.213468418503070,8.571536348945840,10.946899623489500,11.990695106919000,14.097606575079600,16.753607618613800,19.526595198000100,19.721827869923700,22.202541996460600,24.443146735167800,24.384316182602800,26.318619119515400,29.590567024953900,27.600377295213800,31.783250579364200,32.144339586120100,34.884928740554300,46.403496498293400,47.655538219046500,0.000000000000000,0.000000000000000,0.000000000000000,0.000000000000000,0.000000000000000,0.000000000000000,0.000000000000000,0.000000000000000,0.000000000000000,0.000000000000000,0.000000000000000,0.000000000000000,0.000000000000000,0.000000000000000,0.000000000000000,0.000000000000000,0.000000000000000,0.000000000000000,0.000000000000000,0.000000000000000,0.000000000000000,0.000000000000000,0.000000000000000,0.000000000000000,0.000000000000000,0.000000000000000,0.000000000000000
1,11,42,1.409523809523810,3.753731343283580,5.899713467048710,6.622171945701360,7.568313462051290,8.421755725190840,9.816253678981670,14.503520611317700,13.462162162162200,17.289573674387100,17.849797333905400,19.544560061534000,22.216724013859200,22.810985258361400,26.460194878983900,28.205189037350200,27.735904127561500,30.294589400848400,30.368464788903000,30.410884629324000,34.153692793780000,38.204180920654600,46.528744121319800,42.645011600928100,0.000000000000000,0.000000000000000,0.000000000000000,0.000000000000000,0.000000000000000,0.000000000000000,0.000000000000000,0.000000000000000,0.000000000000000,0.000000000000000,0.000000000000000,0.000000000000000,0.000000000000000,0.000000000000000,0.000000000000000,0.000000000000000,0.000000000000000,0.000000000000000,0.000000000000000,0.000000000000000,0.000000000000000,0.000000000000000,0.000000000000000,0.000000000000000,0.000000000000000,0.000000000000000
1,11,43,1.232876712328770,4.236111111111110,6.040114613180520,6.744587878545000,8.853207384587490,10.204699895572800,10.443203812863600,13.624651134847600,12.107466216234300,16.574406852010700,18.657425440779800,19.576862191128900,21.393629124004600,23.829861958848800,26.255256573558200,25.396910165259900,29.857125858633600,29.020363462035000,31.870947307885300,29.900423829029500,35.626193491348300,35.274500636547600,37.846351931330500,46.604072363202300,43.428984296164400,0.000000000000000,0.000000000000000,0.000000000000000,0.000000000000000,0.000000000000000,0.000000000000000,0.000000000000000,0.000000000000000,0.000000000000000,0.000000000000000,0.000000000000000,0.000000000000000,0.000000000000000,0.000000000000000,0.000000000000000,0.000000000000000,0.000000000000000,0.000000000000000,0.000000000000000,0.000000000000000,0.000000000000000,0.000000000000000,0.000000000000000,0.000000000000000,0.000000000000000
1,11,44,1.350000000000000,4.347972972972970,5.933891195449220,6.944632011489670,8.251062261353970,9.326964573524810,11.032145013027500,13.482119327988100,11.086050480880000,15.223495523849500,18.469770043904200,21.403066078994800,20.006550386651400,25.916664257183000,25.551992153099800,27.281561737039200,30.994425378854200,28.034871953070500,29.377863975989900,30.526218145550800,31.649342261041800,33.044445020045700,35.494563776506200,40.046691288644300,46.766077295042000,47.413516609392900,0.000000000000000,0.000000000000000,0.000000000000000,0.000000000000000,0.000000000000000,0.000000000000000,0.000000000000000,0.000000000000000,0.000000000000000,0.000000000000000,0.000000000000000,0.000000000000000,0.000000000000000,0.000000000000000,0.000000000000000,0.000000000000000,0.000000000000000,0.000000000000000,0.000000000000000,0.000000000000000,0.000000000000000,0.000000000000000,0.000000000000000,0.000000000000000
1,11,45,1.354095386238220,4.015479876160990,5.752209873081130,6.794831607795250,8.623659641300310,10.086096589670900,11.437027169579600,13.796888129568500,13.552085016194500,17.441201917155700,18.678184391583600,19.109479307688000,24.447926486216600,25.533200712290300,23.926876013468100,29.696992900956900,28.042563372913900,29.773237171866700,31.718612791584700,30.394272156026000,30.889699863405700,32.350820260487200,34.361163046165500,36.786171066616100,40.964468418945200,46.729795793263800,47.932947214943300,0.000000000000000,0.000000000000000,0.000000000000000,0.000000000000000,0.000000000000000,0.000000000000000,0.000000000000000,0.000000000000000,0.000000000000000,0.000000000000000,0.000000000000000,0.000000000000000,0.000000000000000,0.000000000000000,0.000000000000000,0.000000000000000,0.000000000000000,0.000000000000000,0.000000000000000,0.000000000000000,0.000000000000000,0.000000000000000,0.000000000000000
1,11,46,1.292763157894740,4.130663749327570,6.603539508601130,7.675965665236050,10.260780761595000,10.923003016143700,12.936664951241400,15.226297164496900,14.722455103955900,18.821515140223200,21.565298680006600,23.203768347164200,25.711514230914600,27.465972687435600,29.603687482839800,29.728436405954300,29.881599464573100,30.881119810330400,30.148095141596500,32.052561241013500,34.104753167936000,34.777743308561400,34.767635124786600,37.668881221790300,35.961471089701500,39.129777975184700,48.191749393287500,50.318202244460200,0.000000000000000,0.000000000000000,0.000000000000000,0.000000000000000,0.000000000000000,0.000000000000000,0.000000000000000,0.000000000000000,0.000000000000000,0.000000000000000,0.000000000000000,0.000000000000000,0.000000000000000,0.000000000000000,0.000000000000000,0.000000000000000,0.000000000000000,0.000000000000000,0.000000000000000,0.000000000000000,0.000000000000000,0.000000000000000
1,11,47,1.250704225352110,4.058275058275060,7.244789235982190,7.999335022218080,9.989522497529150,11.708236661253900,13.862460954037600,14.966552383078100,15.985483919653400,21.238800113498000,19.862578901770500,25.875165359419300,25.803961262245800,26.967458817919700,29.695583008263600,29.285543616956700,29.498648003845500,31.402301938895600,32.409697491291300,32.860087323902900,33.114073252461300,33.647395460105700,33.508604325725500,34.579657142238600,38.502399699891100,38.202284228046800,41.741278461667600,47.201263337176100,45.423395445134600,0.000000000000000,0.000000000000000,0.000000000000000,0.000000000000000,0.000000000000000,0.000000000000000,0.000000000000000,0.000000000000000,0.000000000000000,0.000000000000000,0.000000000000000,0.000000000000000,0.000000000000000,0.000000000000000,0.000000000000000,0.000000000000000,0.000000000000000,0.000000000000000,0.000000000000000,0.000000000000000,0.000000000000000
1,11,48,1.329113924050630,4.577206981095400,6.817647058823530,8.871660803165770,8.959534967182930,12.127100453312300,14.418070959209000,15.108167082107200,17.828797285308300,19.511768888765700,24.560808403204000,26.076836018525200,26.600798817190000,30.375012404968600,31.496195335500500,32.702118409855400,33.377186246932400,30.920028923394100,31.087385587860100,33.932402589440200,35.829743524078400,31.432709566148400,35.130963884187600,36.214652900689900,38.526928369868700,39.910340161327800,38.906579020469900,42.585640072411500,48.269192108598900,47.443153945103400,0.000000000000000,0.000000000000000,0.000000000000000,0.000000000000000,0.000000000000000,0.000000000000000,0.000000000000000,0.000000000000000,0.000000000000000,0.000000000000000,0.000000000000000,0.000000000000000,0.000000000000000,0.000000000000000,0.000000000000000,0.000000000000000,0.000000000000000,0.000000000000000,0.000000000000000,0.000000000000000
1,11,49,1.136691106145840,4.018042203090300,6.589519650655020,8.921155495077000,10.407716860612700,13.544421708441300,14.696633634021300,17.391819355382300,18.630571148411300,20.631696427026200,24.293213034496200,27.976665867188800,28.391678563816700,30.386772204436600,31.463419334685000,31.279530765076900,33.121444962772900,31.071516836759400,32.270639641836600,32.733050915849800,36.006411107097800,33.230863291085500,37.708152969514000,35.485986197449400,39.937057493487300,36.882268072809800,39.339204927234900,38.422143579373100,44.335853021123600,48.593779218958500,47.469111078905900,0.000000000000000,0.000000000000000,0.000000000000000,0.000000000000000,0.000000000000000,0.000000000000000,0.000000000000000,0.000000000000000,0.000000000000000,0.000000000000000,0.000000000000000,0.000000000000000,0.000000000000000,0.000000000000000,0.000000000000000,0.000000000000000,0.000000000000000,0.000000000000000,0.000000000000000
1,11,50,1.482691998292370,4.380042462845010,6.730696798493410,8.877433935723390,10.929707020364500,13.747556465048200,16.064157488657700,17.659180611012000,20.352318700452200,21.428718646879600,26.288602066576000,28.583318374799100,29.779955187030700,31.431264762869900,33.507626563371500,35.790598016346300,31.183852042829900,34.267315313356800,35.655454702650200,35.117859988646700,35.283033006665300,38.646826386485400,36.048977346989900,35.849535028336900,37.883427503186500,38.056342280691200,34.560905422918800,37.954761928617600,38.874285174092900,45.375284697354900,48.405092267181900,50.110169396906600,0.000000000000000,0.000000000000000,0.000000000000000,0.000000000000000,0.000000000000000,0.000000000000000,0.000000000000000,0.000000000000000,0.000000000000000,0.000000000000000,0.000000000000000,0.000000000000000,0.000000000000000,0.000000000000000,0.000000000000000,0.000000000000000,0.000000000000000,0.000000000000000
1,11,51,1.046770601336300,4.171846435100550,6.744360902255640,8.646185915706610,8.937181663837010,14.506067726872400,16.660348708291700,17.106064529124700,20.245693933475900,22.198876234529700,24.767988092245200,28.303816010675100,30.387915508222200,32.096695236202200,32.925025726894500,35.100228536457700,34.176251766350600,34.811012186239500,37.096187792637600,33.500507455611800,36.927690065459500,36.225626316142700,36.232750641678400,38.083557891607300,36.236858878643900,34.958086039282100,38.645676654582700,37.326190388961500,39.584103512014800,39.470858951057300,45.378874469603900,49.538783228297300,51.482810164424500,0.000000000000000,0.000000000000000,0.000000000000000,0.000000000000000,0.000000000000000,0.000000000000000,0.000000000000000,0.000000000000000,0.000000000000000,0.000000000000000,0.000000000000000,0.000000000000000,0.000000000000000,0.000000000000000,0.000000000000000,0.000000000000000,0.000000000000000
1,11,52,1.349024748151480,4.063962558502340,6.193388429752070,9.083764656447760,11.177554438861000,14.174438687392100,15.145461281110200,20.509308963252300,22.203245488154900,25.347468236365900,26.059544759230100,30.354975023997000,33.480819947710600,33.675775986130000,36.255801683516200,35.800296700664000,34.650829107301300,39.093215467198100,36.245356608234700,35.625983085317600,37.450816770903500,38.144818973664200,41.109510900944200,40.386907136978100,37.057898847786000,37.638914101803100,38.475963241292500,39.366903662168000,39.957181456271900,41.030738301551100,43.731814622224900,41.627324771864300,52.828071406196900,52.494973923430800,0.000000000000000,0.000000000000000,0.000000000000000,0.000000000000000,0.000000000000000,0.000000000000000,0.000000000000000,0.000000000000000,0.000000000000000,0.000000000000000,0.000000000000000,0.000000000000000,0.000000000000000,0.000000000000000,0.000000000000000,0.000000000000000
1,11,53,1.265173042367050,3.782293178519590,6.898331566190770,9.046321107941150,12.374021909233200,15.623211446740900,16.715569408977900,19.602668819971000,20.448626834546500,25.618497868198500,28.996661847493600,32.965232203912700,32.351721166166300,36.268701815601500,35.721321247603600,37.291745124645400,37.071631807185800,38.037653973472500,39.263929506759000,38.241519222188100,34.973477272568700,37.698522990808100,38.810975828823800,42.286550023318400,38.968327347402000,39.120769346088000,39.552842054083700,43.668064648788500,40.079200592154000,42.380979408634800,43.091029900332200,37.715154025367300,46.976793631941900,51.062399523596300,56.745814307458100,0.000000000000000,0.000000000000000,0.000000000000000,0.000000000000000,0.000000000000000,0.000000000000000,0.000000000000000,0.000000000000000,0.000000000000000,0.000000000000000,0.000000000000000,0.000000000000000,0.000000000000000,0.000000000000000,0.000000000000000
1,11,54,1.286784391686320,3.785381260659820,6.710075254192100,10.944527736131900,11.994863445815600,16.075487136142500,18.188861260615400,18.849757673667200,16.910195447560500,28.887516854260400,30.548396417283000,30.827305588874500,34.066619601454200,36.613745842958900,37.333219608156500,37.989544635489900,37.674982896492200,38.685141509434000,35.850339090614900,37.975299009712200,36.942372513747100,39.200727715740300,38.471974401046100,41.936781609195400,37.892890120036900,43.475282848533400,38.594021302101400,40.871175065436800,38.240798631357900,40.323064072366500,43.827376401509900,37.490089324605700,42.147424141453800,49.963592289358700,48.936018427443100,46.223787167449100,0.000000000000000,0.000000000000000,0.000000000000000,0.000000000000000,0.000000000000000,0.000000000000000,0.000000000000000,0.000000000000000,0.000000000000000,0.000000000000000,0.000000000000000,0.000000000000000,0.000000000000000,0.000000000000000
1,11,55,0.846987951807229,3.774011299435030,7.077613622633050,8.690884208581910,14.106905982683900,14.380726698262200,19.951065156253900,20.998543421666900,19.540947597697100,28.294832826747700,30.162921419004100,32.412190282566700,38.610631181107600,38.952042286217600,40.567420156543400,37.355776762014300,38.213797308167900,36.058626029691900,38.771244500454700,39.937546264890500,36.576547243106100,41.106227106227100,39.839907192575400,43.021077283372400,41.509115761702000,36.864640663872200,40.989574740640300,44.099045678115400,42.285109567419200,42.751417769376200,42.704590040394800,38.340565511218500,41.034693681445300,41.533789139252000,50.678669076431600,49.342093424953100,46.863534675615200,0.000000000000000,0.000000000000000,0.000000000000000,0.000000000000000,0.000000000000000,0.000000000000000,0.000000000000000,0.000000000000000,0.000000000000000,0.000000000000000,0.000000000000000,0.000000000000000,0.000000000000000
1,11,56,1.026365089372220,3.802092862671430,7.118083714087930,9.755764514699020,12.359573631845300,15.580705009276400,18.027615140890500,23.520274200311200,20.797183450404600,28.537597951542500,34.776916090731300,34.562450657785500,36.228482003129900,37.544143852138500,34.328101722285400,37.938062923602000,38.708146691398800,40.099550476415600,34.367143178030300,37.577216414837600,37.440855184846800,42.194412107101300,35.089485458613000,39.159898301527700,39.977966750545200,40.559955015947900,37.110953340451100,39.722274192913000,42.338477249594000,44.380320171846200,40.595744680851100,40.477894300887100,40.464478527811300,40.062307114169200,41.642144430604400,48.220623501199000,47.606067264835200,45.902711323764000,0.000000000000000,0.000000000000000,0.000000000000000,0.000000000000000,0.000000000000000,0.000000000000000,0.000000000000000,0.000000000000000,0.000000000000000,0.000000000000000,0.000000000000000,0.000000000000000
1,11,57,0.989542738850400,3.548956323939450,6.022223214253760,8.971749926298390,13.652078172048600,16.794297380606000,18.898569534655700,23.564402248903000,25.008928571428600,26.266744856295100,31.480903214697800,31.998741386312300,35.796523962452200,39.616312245255100,39.917597765363100,42.231339198919100,40.401365228863800,39.343516508625700,38.596734510653600,35.706748466257700,41.970306165425000,39.623574156753700,41.429252267633400,42.643561881640900,41.316604989430500,46.037742024238300,42.486125298269400,39.765364433938800,43.743244922970000,40.206256515313500,43.437476504985100,40.409039965304300,38.056158246198200,37.611526851230000,41.919580419580400,43.865942464850400,51.576711250983500,48.346052304307300,47.600177156766300,0.000000000000000,0.000000000000000,0.000000000000000,0.000000000000000,0.000000000000000,0.000000000000000,0.000000000000000,0.000000000000000,0.000000000000000,0.000000000000000,0.000000000000000
1,11,58,0.982693228024441,3.823976455708960,6.504262522571840,9.498513194044170,13.587913517666100,14.371894160111500,20.088145896656500,21.951334379905800,24.459718397621200,29.563900883741400,32.583011167134400,35.910504914708100,41.514415781487100,41.166494969351100,42.744186046511600,39.163523263138900,38.751680498458300,41.303756355663900,42.661157024793400,41.884838250764900,46.087608853991100,45.130167021512500,42.943360377758500,43.107625256836200,42.335489851448100,43.017664509392400,43.681497828519100,40.255967060827000,44.393902439024400,42.597051224824600,46.625882352941200,42.390492124067000,40.684725183620500,41.613693021781000,42.143888006868600,43.958373668925500,43.544000000000000,51.372081581909700,51.417343694807500,55.944572748267900,0.000000000000000,0.000000000000000,0.000000000000000,0.000000000000000,0.000000000000000,0.000000000000000,0.000000000000000,0.000000000000000,0.000000000000000,0.000000000000000
1,11,59,1.026262626262630,2.835847995463040,6.141988539161360,9.337329921647070,13.026975231774000,15.901102771103000,17.579202420261900,22.662293364610900,26.900481540931000,29.409486871388600,34.659450051004000,33.027800452478500,41.056688556908400,43.347761194029900,41.025660416310700,39.009259690347100,42.433455146428000,40.316152623817700,45.194962799545900,45.358117719688300,41.786421499292800,40.805523177024800,45.028712140569800,42.646720555781700,41.866603098456300,46.626248216833100,42.957113664582400,43.517067962447200,42.264885510190100,44.985147812856200,44.003963011889000,42.011407383545400,44.219931096944700,39.545029239766100,39.675243532274600,43.414922294849200,42.809145129224700,39.911062572445700,48.784887392010900,49.212615146719900,50.904645476772600,0.000000000000000,0.000000000000000,0.000000000000000,0.000000000000000,0.000000000000000,0.000000000000000,0.000000000000000,0.000000000000000,0.000000000000000
1,11,60,0.033333333333333,0.262626262626263,0.338235294117647,1.121951219512200,2.754716981132080,3.481481481481480,1.707317073170730,0.344827586206897,9.576923076923080,4.852941176470590,2.880952380952380,6.000000000000000,5.138888888888890,3.629629629629630,5.535714285714290,2.257142857142860,3.666666666666670,8.343750000000000,7.342105263157900,3.178571428571430,7.451612903225810,1.500000000000000,4.761904761904760,1.562500000000000,1.857142857142860,0.733333333333333,6.956521739130430,1.208333333333330,7.384615384615390,7.410714285714290,5.022222222222220,5.192307692307690,3.393939393939390,5.270833333333330,2.454545454545450,2.555555555555560,4.676923076923080,8.327272727272730,7.166666666666670,0.945454545454546,5.186206896551720,0.125000000000000,0.000000000000000,0.000000000000000,0.000000000000000,0.000000000000000,0.000000000000000,0.000000000000000,0.000000000000000,0.000000000000000
1,11,61,0.006578947368421,0.000000000000000,0.564705882352941,0.465517241379310,0.195121951219512,4.926829268292680,1.281250000000000,4.472222222222220,2.461538461538460,1.540540540540540,4.653846153846150,3.771428571428570,4.636363636363640,1.062500000000000,2.810810810810810,6.277777777777780,5.588235294117650,6.214285714285710,1.458333333333330,4.000000000000000,5.891891891891890,3.103448275862070,0.852941176470588,2.500000000000000,2.348837209302330,2.062500000000000,4.432432432432430,3.852941176470590,6.391304347826090,7.136363636363640,2.653061224489800,0.944444444444444,4.942307692307690,3.836734693877550,3.433962264150940,1.321428571428570,6.545454545454550,3.867469879518070,3.000000000000000,8.303030303030300,5.080459770114940,7.645038167938930,0.000000000000000,0.000000000000000,0.000000000000000,0.000000000000000,0.000000000000000,0.000000000000000,0.000000000000000,0.000000000000000
1,11,62,0.000000000000000,0.000000000000000,0.068627450980392,0.104477611940298,1.821428571428570,0.086956521739130,2.234042553191490,0.909090909090909,0.000000000000000,3.882352941176470,4.444444444444440,4.735294117647060,6.523809523809520,2.939393939393940,5.120000000000000,3.370370370370370,5.434782608695650,4.058823529411760,8.000000000000000,5.057142857142860,9.172413793103450,0.384615384615385,1.629629629629630,4.653846153846150,8.320000000000000,1.878787878787880,10.522727272727300,0.771428571428571,3.568181818181820,6.222222222222220,4.457142857142860,7.500000000000000,3.527777777777780,3.000000000000000,6.109090909090910,1.544117647058820,3.390625000000000,1.906250000000000,7.109375000000000,7.136363636363640,5.571428571428570,6.009523809523810,1.911330049261080,0.000000000000000,0.000000000000000,0.000000000000000,0.000000000000000,0.000000000000000,0.000000000000000,0.000000000000000
1,11,63,0.044303797468354,0.000000000000000,0.224137931034483,0.926174496644295,0.843750000000000,1.094339622641510,0.878048780487805,4.722222222222220,2.382352941176470,1.468750000000000,1.606060606060610,3.962962962962960,1.925925925925930,5.000000000000000,7.562500000000000,1.529411764705880,5.972222222222220,4.851851851851850,3.035714285714290,4.727272727272730,4.000000000000000,2.095238095238090,1.600000000000000,3.285714285714290,6.787878787878790,9.483870967741930,6.531914893617020,1.325000000000000,4.536585365853660,7.054054054054050,0.837837837837838,4.952380952380950,8.372093023255810,5.571428571428570,10.292682926829300,2.703703703703700,1.862068965517240,6.000000000000000,5.133333333333330,3.857142857142860,7.050000000000000,7.047058823529410,6.533333333333330,5.471698113207550,6.000000000000000,0.000000000000000,0.000000000000000,0.000000000000000,0.000000000000000,0.000000000000000
1,11,64,0.000000000000000,0.000000000000000,0.051020408163265,0.022988505747126,0.898734177215190,1.324324324324320,1.657142857142860,6.200000000000000,0.900000000000000,3.058823529411760,1.400000000000000,1.483870967741940,7.250000000000000,2.310344827586210,3.840000000000000,3.133333333333330,7.125000000000000,3.769230769230770,9.838709677419350,5.000000000000000,4.487179487179490,12.793103448275900,11.210526315789500,8.740740740740740,5.515151515151520,1.552631578947370,7.055555555555550,0.500000000000000,5.477272727272730,3.323529411764710,3.096774193548390,0.515151515151515,2.194444444444440,5.425925925925930,6.290909090909090,8.307692307692310,3.512820512820510,4.222222222222220,2.964285714285710,2.653846153846150,12.338235294117600,7.142857142857140,1.962962962962960,1.388888888888890,5.732919254658380,0.000000000000000,0.000000000000000,0.000000000000000,0.000000000000000,0.000000000000000
1,11,65,0.000000000000000,0.000000000000000,0.000000000000000,0.000000000000000,0.000000000000000,0.000000000000000,0.000000000000000,0.000000000000000,12.000000000000000,0.000000000000000,0.000000000000000,0.000000000000000,0.000000000000000,0.000000000000000,0.000000000000000,0.000000000000000,0.000000000000000,0.000000000000000,0.000000000000000,0.000000000000000,0.000000000000000,0.000000000000000,0.000000000000000,0.000000000000000,0.000000000000000,0.000000000000000,0.000000000000000,0.000000000000000,0.000000000000000,0.000000000000000,0.000000000000000,0.000000000000000,0.000000000000000,0.000000000000000,0.000000000000000,1.333333333333330,0.000000000000000,15.000000000000000,0.000000000000000,0.000000000000000,0.000000000000000,0.000000000000000,3.666666666666670,0.000000000000000,16.000000000000000,41.500000000000000,0.000000000000000,0.000000000000000,0.000000000000000,0.000000000000000
1,11,66,0.000000000000000,0.000000000000000,0.000000000000000,0.000000000000000,0.000000000000000,0.000000000000000,0.000000000000000,0.000000000000000,0.000000000000000,0.000000000000000,0.000000000000000,0.000000000000000,0.000000000000000,0.000000000000000,0.000000000000000,0.000000000000000,0.000000000000000,0.000000000000000,0.000000000000000,0.000000000000000,0.000000000000000,0.000000000000000,0.000000000000000,0.000000000000000,0.000000000000000,0.000000000000000,0.000000000000000,0.000000000000000,0.000000000000000,0.000000000000000,0.000000000000000,0.000000000000000,0.000000000000000,0.000000000000000,0.000000000000000,0.000000000000000,12.000000000000000,81.000000000000000,0.000000000000000,12.666666666666700,3.000000000000000,20.000000000000000,52.500000000000000,0.000000000000000,0.000000000000000,0.000000000000000,0.000000000000000,0.000000000000000,0.000000000000000,0.000000000000000
1,11,67,0.000000000000000,0.000000000000000,0.000000000000000,0.000000000000000,0.000000000000000,0.000000000000000,0.000000000000000,0.000000000000000,24.000000000000000,0.000000000000000,0.000000000000000,0.000000000000000,0.000000000000000,0.000000000000000,0.000000000000000,0.000000000000000,0.000000000000000,0.000000000000000,0.000000000000000,0.000000000000000,0.000000000000000,0.000000000000000,0.000000000000000,0.000000000000000,0.000000000000000,0.000000000000000,0.000000000000000,0.000000000000000,0.000000000000000,0.000000000000000,0.000000000000000,0.000000000000000,0.000000000000000,48.000000000000000,0.000000000000000,0.000000000000000,0.000000000000000,0.000000000000000,4.000000000000000,0.000000000000000,0.000000000000000,1.200000000000000,6.000000000000000,7.666666666666670,0.000000000000000,0.000000000000000,0.000000000000000,0.000000000000000,0.000000000000000,0.000000000000000
1,11,68,0.000000000000000,0.000000000000000,0.000000000000000,0.000000000000000,0.000000000000000,0.000000000000000,0.000000000000000,0.000000000000000,0.000000000000000,0.000000000000000,0.000000000000000,0.000000000000000,0.000000000000000,0.000000000000000,0.000000000000000,0.000000000000000,0.000000000000000,0.000000000000000,0.000000000000000,0.000000000000000,0.000000000000000,0.000000000000000,0.000000000000000,0.000000000000000,0.000000000000000,0.000000000000000,0.000000000000000,0.000000000000000,0.000000000000000,0.000000000000000,0.000000000000000,0.000000000000000,0.000000000000000,0.000000000000000,0.000000000000000,21.000000000000000,0.000000000000000,0.000000000000000,0.000000000000000,0.000000000000000,0.000000000000000,17.000000000000000,6.750000000000000,0.000000000000000,0.000000000000000,0.000000000000000,0.000000000000000,0.000000000000000,0.000000000000000,0.000000000000000
1,11,69,0.000000000000000,0.000000000000000,0.000000000000000,0.000000000000000,0.000000000000000,0.000000000000000,0.000000000000000,0.000000000000000,0.000000000000000,0.000000000000000,0.000000000000000,0.000000000000000,0.000000000000000,0.000000000000000,0.000000000000000,0.000000000000000,0.000000000000000,0.000000000000000,0.000000000000000,0.000000000000000,0.000000000000000,0.000000000000000,0.000000000000000,0.000000000000000,0.000000000000000,0.000000000000000,0.000000000000000,0.000000000000000,0.000000000000000,0.000000000000000,0.000000000000000,0.000000000000000,0.000000000000000,0.000000000000000,0.000000000000000,0.000000000000000,29.000000000000000,0.000000000000000,0.000000000000000,0.000000000000000,0.000000000000000,37.000000000000000,0.000000000000000,0.000000000000000,0.000000000000000,0.000000000000000,0.000000000000000,0.000000000000000,0.000000000000000,0.000000000000000
1,12,20,0.001796517033209,0.003881485315047,0.000000000000000,0.000000000000000,0.000000000000000,0.000000000000000,0.000000000000000,0.000000000000000,0.000000000000000,0.000000000000000,0.000000000000000,0.000000000000000,0.000000000000000,0.000000000000000,0.000000000000000,0.000000000000000,0.000000000000000,0.000000000000000,0.000000000000000,0.000000000000000,0.000000000000000,0.000000000000000,0.000000000000000,0.000000000000000,0.000000000000000,0.000000000000000,0.000000000000000,0.000000000000000,0.000000000000000,0.000000000000000,0.000000000000000,0.000000000000000,0.000000000000000,0.000000000000000,0.000000000000000,0.000000000000000,0.000000000000000,0.000000000000000,0.000000000000000,0.000000000000000,0.000000000000000,0.000000000000000,0.000000000000000,0.000000000000000,0.000000000000000,0.000000000000000,0.000000000000000,0.000000000000000,0.000000000000000,0.000000000000000
1,12,21,0.009352787130565,0.008665829319613,0.007427463525225,0.000000000000000,0.000000000000000,0.000000000000000,0.000000000000000,0.000000000000000,0.000000000000000,0.000000000000000,0.000000000000000,0.000000000000000,0.000000000000000,0.000000000000000,0.000000000000000,0.000000000000000,0.000000000000000,0.000000000000000,0.000000000000000,0.000000000000000,0.000000000000000,0.000000000000000,0.000000000000000,0.000000000000000,0.000000000000000,0.000000000000000,0.000000000000000,0.000000000000000,0.000000000000000,0.000000000000000,0.000000000000000,0.000000000000000,0.000000000000000,0.000000000000000,0.000000000000000,0.000000000000000,0.000000000000000,0.000000000000000,0.000000000000000,0.000000000000000,0.000000000000000,0.000000000000000,0.000000000000000,0.000000000000000,0.000000000000000,0.000000000000000,0.000000000000000,0.000000000000000,0.000000000000000,0.000000000000000
1,12,22,0.012470023980815,0.055555555555556,0.019015879724753,0.014307692307692,0.000000000000000,0.000000000000000,0.000000000000000,0.000000000000000,0.000000000000000,0.000000000000000,0.000000000000000,0.000000000000000,0.000000000000000,0.000000000000000,0.000000000000000,0.000000000000000,0.000000000000000,0.000000000000000,0.000000000000000,0.000000000000000,0.000000000000000,0.000000000000000,0.000000000000000,0.000000000000000,0.000000000000000,0.000000000000000,0.000000000000000,0.000000000000000,0.000000000000000,0.000000000000000,0.000000000000000,0.000000000000000,0.000000000000000,0.000000000000000,0.000000000000000,0.000000000000000,0.000000000000000,0.000000000000000,0.000000000000000,0.000000000000000,0.000000000000000,0.000000000000000,0.000000000000000,0.000000000000000,0.000000000000000,0.000000000000000,0.000000000000000,0.000000000000000,0.000000000000000,0.000000000000000
1,12,23,0.014778325123153,0.050684931506849,0.096982766258058,0.047743821525889,0.047068910508478,0.000000000000000,0.000000000000000,0.000000000000000,0.000000000000000,0.000000000000000,0.000000000000000,0.000000000000000,0.000000000000000,0.000000000000000,0.000000000000000,0.000000000000000,0.000000000000000,0.000000000000000,0.000000000000000,0.000000000000000,0.000000000000000,0.000000000000000,0.000000000000000,0.000000000000000,0.000000000000000,0.000000000000000,0.000000000000000,0.000000000000000,0.000000000000000,0.000000000000000,0.000000000000000,0.000000000000000,0.000000000000000,0.000000000000000,0.000000000000000,0.000000000000000,0.000000000000000,0.000000000000000,0.000000000000000,0.000000000000000,0.000000000000000,0.000000000000000,0.000000000000000,0.000000000000000,0.000000000000000,0.000000000000000,0.000000000000000,0.000000000000000,0.000000000000000,0.000000000000000
1,12,24,0.021497919556172,0.043301069791136,0.071747864489641,0.158550046111071,0.090968157535903,0.066544618658260,0.000000000000000,0.000000000000000,0.000000000000000,0.000000000000000,0.000000000000000,0.000000000000000,0.000000000000000,0.000000000000000,0.000000000000000,0.000000000000000,0.000000000000000,0.000000000000000,0.000000000000000,0.000000000000000,0.000000000000000,0.000000000000000,0.000000000000000,0.000000000000000,0.000000000000000,0.000000000000000,0.000000000000000,0.000000000000000,0.000000000000000,0.000000000000000,0.000000000000000,0.000000000000000,0.000000000000000,0.000000000000000,0.000000000000000,0.000000000000000,0.000000000000000,0.000000000000000,0.000000000000000,0.000000000000000,0.000000000000000,0.000000000000000,0.000000000000000,0.000000000000000,0.000000000000000,0.000000000000000,0.000000000000000,0.000000000000000,0.000000000000000,0.000000000000000
1,12,25,0.011666666666667,0.058139534883721,0.111916264090177,0.161222187567196,0.221354502615482,0.189409045816725,0.234728894989705,0.000000000000000,0.000000000000000,0.000000000000000,0.000000000000000,0.000000000000000,0.000000000000000,0.000000000000000,0.000000000000000,0.000000000000000,0.000000000000000,0.000000000000000,0.000000000000000,0.000000000000000,0.000000000000000,0.000000000000000,0.000000000000000,0.000000000000000,0.000000000000000,0.000000000000000,0.000000000000000,0.000000000000000,0.000000000000000,0.000000000000000,0.000000000000000,0.000000000000000,0.000000000000000,0.000000000000000,0.000000000000000,0.000000000000000,0.000000000000000,0.000000000000000,0.000000000000000,0.000000000000000,0.000000000000000,0.000000000000000,0.000000000000000,0.000000000000000,0.000000000000000,0.000000000000000,0.000000000000000,0.000000000000000,0.000000000000000,0.000000000000000
1,12,26,0.012439665926912,0.066719618745036,0.112762685802153,0.128812271649800,0.217094799519804,0.330390404222269,0.232429253474507,0.346472286977375,0.000000000000000,0.000000000000000,0.000000000000000,0.000000000000000,0.000000000000000,0.000000000000000,0.000000000000000,0.000000000000000,0.000000000000000,0.000000000000000,0.000000000000000,0.000000000000000,0.000000000000000,0.000000000000000,0.000000000000000,0.000000000000000,0.000000000000000,0.000000000000000,0.000000000000000,0.000000000000000,0.000000000000000,0.000000000000000,0.000000000000000,0.000000000000000,0.000000000000000,0.000000000000000,0.000000000000000,0.000000000000000,0.000000000000000,0.000000000000000,0.000000000000000,0.000000000000000,0.000000000000000,0.000000000000000,0.000000000000000,0.000000000000000,0.000000000000000,0.000000000000000,0.000000000000000,0.000000000000000,0.000000000000000,0.000000000000000
1,12,27,0.008588957055215,0.095149253731343,0.099048596462704,0.196958073923583,0.249598256557572,0.305101807226698,0.412473325716390,0.382111340544237,0.288421052631579,0.000000000000000,0.000000000000000,0.000000000000000,0.000000000000000,0.000000000000000,0.000000000000000,0.000000000000000,0.000000000000000,0.000000000000000,0.000000000000000,0.000000000000000,0.000000000000000,0.000000000000000,0.000000000000000,0.000000000000000,0.000000000000000,0.000000000000000,0.000000000000000,0.000000000000000,0.000000000000000,0.000000000000000,0.000000000000000,0.000000000000000,0.000000000000000,0.000000000000000,0.000000000000000,0.000000000000000,0.000000000000000,0.000000000000000,0.000000000000000,0.000000000000000,0.000000000000000,0.000000000000000,0.000000000000000,0.000000000000000,0.000000000000000,0.000000000000000,0.000000000000000,0.000000000000000,0.000000000000000,0.000000000000000
1,12,28,0.014745308310992,0.057754757207673,0.128500823723229,0.139423495035046,0.233367354207879,0.375987724862078,0.430412543410739,0.508293086839768,0.469735576637640,0.566110497109764,0.000000000000000,0.000000000000000,0.000000000000000,0.000000000000000,0.000000000000000,0.000000000000000,0.000000000000000,0.000000000000000,0.000000000000000,0.000000000000000,0.000000000000000,0.000000000000000,0.000000000000000,0.000000000000000,0.000000000000000,0.000000000000000,0.000000000000000,0.000000000000000,0.000000000000000,0.000000000000000,0.000000000000000,0.000000000000000,0.000000000000000,0.000000000000000,0.000000000000000,0.000000000000000,0.000000000000000,0.000000000000000,0.000000000000000,0.000000000000000,0.000000000000000,0.000000000000000,0.000000000000000,0.000000000000000,0.000000000000000,0.000000000000000,0.000000000000000,0.000000000000000,0.000000000000000,0.000000000000000
1,12,29,0.033740047026644,0.085915492957747,0.158640379547449,0.149096027421180,0.255290079404910,0.311931671290351,0.381878264766116,0.469261870803843,0.576648794947302,0.539309839443098,0.704856812518143,0.000000000000000,0.000000000000000,0.000000000000000,0.000000000000000,0.000000000000000,0.000000000000000,0.000000000000000,0.000000000000000,0.000000000000000,0.000000000000000,0.000000000000000,0.000000000000000,0.000000000000000,0.000000000000000,0.000000000000000,0.000000000000000,0.000000000000000,0.000000000000000,0.000000000000000,0.000000000000000,0.000000000000000,0.000000000000000,0.000000000000000,0.000000000000000,0.000000000000000,0.000000000000000,0.000000000000000,0.000000000000000,0.000000000000000,0.000000000000000,0.000000000000000,0.000000000000000,0.000000000000000,0.000000000000000,0.000000000000000,0.000000000000000,0.000000000000000,0.000000000000000,0.000000000000000
1,12,30,0.011049723756906,0.098939929328622,0.141104294478528,0.146142818848917,0.245393162117135,0.327527031904575,0.472007526390028,0.547494715213882,0.699610587923931,0.645323211315204,0.586466090819234,0.655532732082458,0.000000000000000,0.000000000000000,0.000000000000000,0.000000000000000,0.000000000000000,0.000000000000000,0.000000000000000,0.000000000000000,0.000000000000000,0.000000000000000,0.000000000000000,0.000000000000000,0.000000000000000,0.000000000000000,0.000000000000000,0.000000000000000,0.000000000000000,0.000000000000000,0.000000000000000,0.000000000000000,0.000000000000000,0.000000000000000,0.000000000000000,0.000000000000000,0.000000000000000,0.000000000000000,0.000000000000000,0.000000000000000,0.000000000000000,0.000000000000000,0.000000000000000,0.000000000000000,0.000000000000000,0.000000000000000,0.000000000000000,0.000000000000000,0.000000000000000,0.000000000000000
1,12,31,0.040567951318458,0.047012522230536,0.207168521374601,0.197734294541710,0.226228975680444,0.302073740110057,0.538782578607706,0.404644944350092,0.720190806627706,0.646723542991859,0.895092732757487,0.645184376807215,0.674524405910346,0.000000000000000,0.000000000000000,0.000000000000000,0.000000000000000,0.000000000000000,0.000000000000000,0.000000000000000,0.000000000000000,0.000000000000000,0.000000000000000,0.000000000000000,0.000000000000000,0.000000000000000,0.000000000000000,0.000000000000000,0.000000000000000,0.000000000000000,0.000000000000000,0.000000000000000,0.000000000000000,0.000000000000000,0.000000000000000,0.000000000000000,0.000000000000000,0.000000000000000,0.000000000000000,0.000000000000000,0.000000000000000,0.000000000000000,0.000000000000000,0.000000000000000,0.000000000000000,0.000000000000000,0.000000000000000,0.000000000000000,0.000000000000000,0.000000000000000
1,12,32,0.047619047619048,0.086629001883239,0.171162466819084,0.124993614103826,0.215058973978782,0.385058736975980,0.601474918432467,0.498405863232227,0.422997681301645,0.727125746724862,0.971313043627841,1.053221860615680,0.790064649436147,0.568055555555556,0.000000000000000,0.000000000000000,0.000000000000000,0.000000000000000,0.000000000000000,0.000000000000000,0.000000000000000,0.000000000000000,0.000000000000000,0.000000000000000,0.000000000000000,0.000000000000000,0.000000000000000,0.000000000000000,0.000000000000000,0.000000000000000,0.000000000000000,0.000000000000000,0.000000000000000,0.000000000000000,0.000000000000000,0.000000000000000,0.000000000000000,0.000000000000000,0.000000000000000,0.000000000000000,0.000000000000000,0.000000000000000,0.000000000000000,0.000000000000000,0.000000000000000,0.000000000000000,0.000000000000000,0.000000000000000,0.000000000000000,0.000000000000000
1,12,33,0.028017241379310,0.127982646420824,0.392600432693503,0.275672503231452,0.510064445016695,0.251434394307542,0.561439227699672,0.635535400618781,0.669894017944081,1.016171917365460,0.859028319478363,1.091086483255280,0.934434480078553,0.780683460128208,1.003782420060510,0.000000000000000,0.000000000000000,0.000000000000000,0.000000000000000,0.000000000000000,0.000000000000000,0.000000000000000,0.000000000000000,0.000000000000000,0.000000000000000,0.000000000000000,0.000000000000000,0.000000000000000,0.000000000000000,0.000000000000000,0.000000000000000,0.000000000000000,0.000000000000000,0.000000000000000,0.000000000000000,0.000000000000000,0.000000000000000,0.000000000000000,0.000000000000000,0.000000000000000,0.000000000000000,0.000000000000000,0.000000000000000,0.000000000000000,0.000000000000000,0.000000000000000,0.000000000000000,0.000000000000000,0.000000000000000,0.000000000000000
1,12,34,0.036585365853659,0.119450341569278,0.157320872274143,0.222658800932634,0.345863610709819,0.304364029061624,0.314406871925959,0.706266730894363,0.619067188499143,0.841223624063045,0.945263008032426,0.962399342228840,1.142701796493720,1.241003061047640,0.895554878618937,1.043356776925920,0.000000000000000,0.000000000000000,0.000000000000000,0.000000000000000,0.000000000000000,0.000000000000000,0.000000000000000,0.000000000000000,0.000000000000000,0.000000000000000,0.000000000000000,0.000000000000000,0.000000000000000,0.000000000000000,0.000000000000000,0.000000000000000,0.000000000000000,0.000000000000000,0.000000000000000,0.000000000000000,0.000000000000000,0.000000000000000,0.000000000000000,0.000000000000000,0.000000000000000,0.000000000000000,0.000000000000000,0.000000000000000,0.000000000000000,0.000000000000000,0.000000000000000,0.000000000000000,0.000000000000000,0.000000000000000
1,12,35,0.039886039886040,0.182870370370370,0.117638573935820,0.251719394773040,0.335634316454722,0.417242533740215,0.420579667520068,0.571588611743304,0.773314247597202,0.867827530034815,0.927011771801658,0.995666104520780,1.135127573855710,1.253015054846930,1.169677685941210,1.044667481612380,0.997409326424870,0.000000000000000,0.000000000000000,0.000000000000000,0.000000000000000,0.000000000000000,0.000000000000000,0.000000000000000,0.000000000000000,0.000000000000000,0.000000000000000,0.000000000000000,0.000000000000000,0.000000000000000,0.000000000000000,0.000000000000000,0.000000000000000,0.000000000000000,0.000000000000000,0.000000000000000,0.000000000000000,0.000000000000000,0.000000000000000,0.000000000000000,0.000000000000000,0.000000000000000,0.000000000000000,0.000000000000000,0.000000000000000,0.000000000000000,0.000000000000000,0.000000000000000,0.000000000000000,0.000000000000000
1,12,36,0.030395136778116,0.232911392405063,0.301811382482500,0.371754608403827,0.263906856403622,0.472657691400007,0.495124949660628,0.597454086073784,0.606776997306932,1.049928765491850,0.855557547866800,1.104787755970910,1.302021975785600,1.151520621684370,1.427713000886130,1.324902668868750,1.149730606057330,1.605860117489650,0.000000000000000,0.000000000000000,0.000000000000000,0.000000000000000,0.000000000000000,0.000000000000000,0.000000000000000,0.000000000000000,0.000000000000000,0.000000000000000,0.000000000000000,0.000000000000000,0.000000000000000,0.000000000000000,0.000000000000000,0.000000000000000,0.000000000000000,0.000000000000000,0.000000000000000,0.000000000000000,0.000000000000000,0.000000000000000,0.000000000000000,0.000000000000000,0.000000000000000,0.000000000000000,0.000000000000000,0.000000000000000,0.000000000000000,0.000000000000000,0.000000000000000,0.000000000000000
1,12,37,0.078358208955224,0.073529411764706,0.207303884583964,0.233753180094791,0.276905981727811,0.570953146968529,0.475799093651888,0.834169199590739,0.807318305914461,0.850929992068798,0.809693781591896,0.972947544371018,1.281893832057430,1.666937263875140,1.611345526747330,1.658342170003370,1.684574328324520,1.463875508293020,1.369976359338060,0.000000000000000,0.000000000000000,0.000000000000000,0.000000000000000,0.000000000000000,0.000000000000000,0.000000000000000,0.000000000000000,0.000000000000000,0.000000000000000,0.000000000000000,0.000000000000000,0.000000000000000,0.000000000000000,0.000000000000000,0.000000000000000,0.000000000000000,0.000000000000000,0.000000000000000,0.000000000000000,0.000000000000000,0.000000000000000,0.000000000000000,0.000000000000000,0.000000000000000,0.000000000000000,0.000000000000000,0.000000000000000,0.000000000000000,0.000000000000000,0.000000000000000
1,12,38,0.026548672566372,0.131661442006270,0.279518072289157,0.234063048857079,0.249240121580547,0.515987736820270,0.506037191495154,0.577136777914956,0.945953644521387,1.016318765051940,1.196573597247730,1.457923173440250,1.169458796756500,1.674903785619850,1.245642414544740,1.936038703353150,1.684037909823980,1.758091826914890,1.642475162093410,1.367274485424230,0.000000000000000,0.000000000000000,0.000000000000000,0.000000000000000,0.000000000000000,0.000000000000000,0.000000000000000,0.000000000000000,0.000000000000000,0.000000000000000,0.000000000000000,0.000000000000000,0.000000000000000,0.000000000000000,0.000000000000000,0.000000000000000,0.000000000000000,0.000000000000000,0.000000000000000,0.000000000000000,0.000000000000000,0.000000000000000,0.000000000000000,0.000000000000000,0.000000000000000,0.000000000000000,0.000000000000000,0.000000000000000,0.000000000000000,0.000000000000000
1,12,39,0.018600832232896,0.193430656934307,0.246278642547299,0.357109740789047,0.453225806451613,0.412222003627658,0.730113508081328,0.808921835249829,0.807880689553641,1.145256045208250,0.995571448811724,1.176035105415550,1.275259818937630,1.502429966751400,1.775853807548780,1.402700189438720,2.222200168169830,1.788844818096580,1.817332326079140,1.799250039446380,1.887515451174290,0.000000000000000,0.000000000000000,0.000000000000000,0.000000000000000,0.000000000000000,0.000000000000000,0.000000000000000,0.000000000000000,0.000000000000000,0.000000000000000,0.000000000000000,0.000000000000000,0.000000000000000,0.000000000000000,0.000000000000000,0.000000000000000,0.000000000000000,0.000000000000000,0.000000000000000,0.000000000000000,0.000000000000000,0.000000000000000,0.000000000000000,0.000000000000000,0.000000000000000,0.000000000000000,0.000000000000000,0.000000000000000,0.000000000000000
1,12,40,0.027267256275065,0.193308550185874,0.143226156142394,0.309444927611044,0.532875523036079,0.492552649036131,0.732600120974408,0.755465472888399,0.865360418196705,1.104828060688690,1.086170125444320,1.399637665838320,1.629059472766960,1.466215178460320,1.868234582459280,1.550373071114900,1.769967193356090,1.823136050126040,2.156837865714830,1.868302877266640,1.847119832349280,1.319196428571430,0.000000000000000,0.000000000000000,0.000000000000000,0.000000000000000,0.000000000000000,0.000000000000000,0.000000000000000,0.000000000000000,0.000000000000000,0.000000000000000,0.000000000000000,0.000000000000000,0.000000000000000,0.000000000000000,0.000000000000000,0.000000000000000,0.000000000000000,0.000000000000000,0.000000000000000,0.000000000000000,0.000000000000000,0.000000000000000,0.000000000000000,0.000000000000000,0.000000000000000,0.000000000000000,0.000000000000000,0.000000000000000
1,12,41,0.000000000000000,0.108930706722363,0.423242379025979,0.281789912161433,0.309424918756164,0.393922763055824,0.749059585828213,0.652420343822466,0.934456736973364,1.261924404505370,1.508191854231470,1.513349381776920,1.924347771437320,1.387774500620740,1.242125469246180,1.189474226355640,1.711595444353800,2.098588438431980,1.744167442914970,2.042201577025290,1.827989526264890,1.845234940582960,2.322992287116390,0.000000000000000,0.000000000000000,0.000000000000000,0.000000000000000,0.000000000000000,0.000000000000000,0.000000000000000,0.000000000000000,0.000000000000000,0.000000000000000,0.000000000000000,0.000000000000000,0.000000000000000,0.000000000000000,0.000000000000000,0.000000000000000,0.000000000000000,0.000000000000000,0.000000000000000,0.000000000000000,0.000000000000000,0.000000000000000,0.000000000000000,0.000000000000000,0.000000000000000,0.000000000000000,0.000000000000000
1,12,42,0.038095238095238,0.167910447761194,0.295128939828080,0.457013574660633,0.382788817316785,0.374045801526718,0.798055971544883,0.815956986049436,1.051351351351350,1.517341511195110,1.222571907514630,1.382887303753180,1.529864404076720,1.339917295670310,1.986997168849790,1.668286264866200,1.658515801895330,1.996510321361010,1.934238901515840,2.540545484102060,2.267147362565960,2.116515186589670,2.020856785192780,2.186774941995360,0.000000000000000,0.000000000000000,0.000000000000000,0.000000000000000,0.000000000000000,0.000000000000000,0.000000000000000,0.000000000000000,0.000000000000000,0.000000000000000,0.000000000000000,0.000000000000000,0.000000000000000,0.000000000000000,0.000000000000000,0.000000000000000,0.000000000000000,0.000000000000000,0.000000000000000,0.000000000000000,0.000000000000000,0.000000000000000,0.000000000000000,0.000000000000000,0.000000000000000,0.000000000000000
1,12,43,0.059360730593607,0.281250000000000,0.183381088825215,0.292568386450194,0.384388680901258,0.742613550129124,0.519677654079109,1.161708351880030,1.030613334468500,0.978493897641427,1.199116999795550,0.916522088010407,1.656427758816840,1.435872806583680,2.015069073053910,1.577081537603030,2.316733654607240,2.127668750563540,2.145349433455010,1.992044450096420,1.864311531186920,2.320777487550340,2.007725321888410,2.101695227652350,1.719959774105520,0.000000000000000,0.000000000000000,0.000000000000000,0.000000000000000,0.000000000000000,0.000000000000000,0.000000000000000,0.000000000000000,0.000000000000000,0.000000000000000,0.000000000000000,0.000000000000000,0.000000000000000,0.000000000000000,0.000000000000000,0.000000000000000,0.000000000000000,0.000000000000000,0.000000000000000,0.000000000000000,0.000000000000000,0.000000000000000,0.000000000000000,0.000000000000000,0.000000000000000
1,12,44,0.025000000000000,0.081081081081081,0.179814884710582,0.150326570271669,0.291190005768415,0.496270415492713,0.581592034065232,0.774232329147606,0.791087749074899,1.129858754855440,1.002190651057910,1.560408279377200,1.078729369693720,1.284192505454980,2.328973907385760,1.823560749662250,2.233044567362900,2.054399441080210,2.109514977043180,1.724817601608390,2.017493043345310,2.256659430756980,1.770373414659170,1.907957011713750,1.848571171144660,1.806414662084770,0.000000000000000,0.000000000000000,0.000000000000000,0.000000000000000,0.000000000000000,0.000000000000000,0.000000000000000,0.000000000000000,0.000000000000000,0.000000000000000,0.000000000000000,0.000000000000000,0.000000000000000,0.000000000000000,0.000000000000000,0.000000000000000,0.000000000000000,0.000000000000000,0.000000000000000,0.000000000000000,0.000000000000000,0.000000000000000,0.000000000000000,0.000000000000000
1,12,45,0.098408094930103,0.176470588235294,0.167456407700670,0.397713357995952,0.528086934556051,0.440851698048892,0.491192396523536,0.885466721878538,1.102252744283400,0.845027234103295,1.245212292772240,0.997189762524509,1.654308906152300,1.840655873898930,1.633131451295480,2.021602028216660,1.686367714688000,2.165945813549230,1.897625967503960,2.235702306975880,1.859800773234090,2.740491635410910,1.891342459823030,2.416837979816720,1.800470329348330,2.021588355282740,2.168569808639720,0.000000000000000,0.000000000000000,0.000000000000000,0.000000000000000,0.000000000000000,0.000000000000000,0.000000000000000,0.000000000000000,0.000000000000000,0.000000000000000,0.000000000000000,0.000000000000000,0.000000000000000,0.000000000000000,0.000000000000000,0.000000000000000,0.000000000000000,0.000000000000000,0.000000000000000,0.000000000000000,0.000000000000000,0.000000000000000,0.000000000000000
1,12,46,0.019736842105263,0.128263376831625,0.053347878011179,0.467811158798283,0.467851018062104,0.679104026102109,0.520487725541758,0.621421412322794,1.184877118383070,0.922825498866840,1.148222421341810,1.545902645775810,1.406832367815390,1.657806930770430,1.958050896597980,2.371252040579160,1.962696813987750,1.717493784481960,2.063564870389030,2.347961908952270,2.256960002065180,2.543173608820140,2.292741958125660,1.783120933612630,2.440573916719720,1.944360133059130,1.876415280551550,2.441502419440080,0.000000000000000,0.000000000000000,0.000000000000000,0.000000000000000,0.000000000000000,0.000000000000000,0.000000000000000,0.000000000000000,0.000000000000000,0.000000000000000,0.000000000000000,0.000000000000000,0.000000000000000,0.000000000000000,0.000000000000000,0.000000000000000,0.000000000000000,0.000000000000000,0.000000000000000,0.000000000000000,0.000000000000000,0.000000000000000
1,12,47,0.039436619718310,0.235431235431235,0.260936287813648,0.276813146955287,0.493971061123454,0.690858684980822,0.788059901508321,0.797621164923197,1.615037917407370,1.268577499328470,1.126690756283170,1.326866255143450,1.578209608961310,1.609096715076240,1.583755853847300,2.029612026932340,2.104121296500580,1.847191664060900,1.994524749197380,2.039003185964370,2.434502991384410,1.870840675776220,2.196004809262200,1.846569876470160,2.528906982967720,2.063272309805260,2.218798355387140,1.806725633862420,1.933747412008280,0.000000000000000,0.000000000000000,0.000000000000000,0.000000000000000,0.000000000000000,0.000000000000000,0.000000000000000,0.000000000000000,0.000000000000000,0.000000000000000,0.000000000000000,0.000000000000000,0.000000000000000,0.000000000000000,0.000000000000000,0.000000000000000,0.000000000000000,0.000000000000000,0.000000000000000,0.000000000000000,0.000000000000000
1,12,48,0.048101265822785,0.334750958318917,0.290196078431373,0.268950620208873,0.338490707620933,0.650471134245642,0.697428029326267,0.839332255090128,1.147036322522300,1.263668155927190,1.701859512077050,1.726867157513280,1.660118112433120,2.116326317707390,1.656738756201630,1.713006418795350,2.006347708922200,1.649335617454340,2.213381272069120,2.685707252542240,1.917498627561540,1.764047751302740,2.162560680909720,2.033179043072840,2.204249147868520,1.976225414090570,1.950102276330170,2.081074306589270,1.858430566335910,1.717263594528720,0.000000000000000,0.000000000000000,0.000000000000000,0.000000000000000,0.000000000000000,0.000000000000000,0.000000000000000,0.000000000000000,0.000000000000000,0.000000000000000,0.000000000000000,0.000000000000000,0.000000000000000,0.000000000000000,0.000000000000000,0.000000000000000,0.000000000000000,0.000000000000000,0.000000000000000,0.000000000000000
1,12,49,0.129339031771518,0.271959090590845,0.327510917030568,0.247128646617697,0.636851073616703,0.670214413019166,0.835274146239953,1.113404585136320,0.897284371270624,1.232823133226420,1.707118007164420,1.184604018458980,1.941251311757520,2.026613232267340,1.975071054638070,2.119787302607980,1.722422170051740,2.087299823621430,2.414766047117260,2.106093756243680,2.176566798112730,1.901617559952780,1.859817566075110,1.855329048891230,2.429420039463760,2.288246752519680,2.123308567051630,1.992922143579370,2.140734997615840,1.575175992706250,1.512117599019780,0.000000000000000,0.000000000000000,0.000000000000000,0.000000000000000,0.000000000000000,0.000000000000000,0.000000000000000,0.000000000000000,0.000000000000000,0.000000000000000,0.000000000000000,0.000000000000000,0.000000000000000,0.000000000000000,0.000000000000000,0.000000000000000,0.000000000000000,0.000000000000000,0.000000000000000
1,12,50,0.033973302743197,0.242038216560510,0.502824858757062,0.422905613409512,0.281365427432002,0.971476185364019,0.791345650893337,0.945675718849285,1.027923214182560,1.373984626291800,1.489099916334230,1.363907784124990,1.851554733105590,1.869939552370630,1.873656431088780,2.186821207259990,2.084034573311460,1.637590375540030,2.189361130315460,2.196243492283070,2.054171729441980,2.199611940782350,2.132626036131660,2.760668726922720,1.973509591210470,2.384729913524970,2.201768235723830,2.337303834494970,1.850981750022190,1.902021071764220,1.629743827101940,1.104234671593360,0.000000000000000,0.000000000000000,0.000000000000000,0.000000000000000,0.000000000000000,0.000000000000000,0.000000000000000,0.000000000000000,0.000000000000000,0.000000000000000,0.000000000000000,0.000000000000000,0.000000000000000,0.000000000000000,0.000000000000000,0.000000000000000,0.000000000000000,0.000000000000000
1,12,51,0.115812917594655,0.234003656307130,0.424812030075188,0.494717067154260,0.505942275042445,0.429561010406062,0.802436765979392,0.820132173625748,1.284141839231930,1.613730212414700,1.745647075781160,1.678451034438520,1.887311954004460,1.898369733326880,2.008078930039270,1.945436232015850,2.106004604862230,1.905912567775150,2.109765293877220,2.096178618121630,2.220628720338730,2.114575688794770,2.515919610225130,2.327160856348700,2.437275814450630,2.248005698984680,2.251486258371130,2.139109560034040,2.043746149106590,2.023565176365640,1.913718762330620,1.725375323115230,1.941704035874440,0.000000000000000,0.000000000000000,0.000000000000000,0.000000000000000,0.000000000000000,0.000000000000000,0.000000000000000,0.000000000000000,0.000000000000000,0.000000000000000,0.000000000000000,0.000000000000000,0.000000000000000,0.000000000000000,0.000000000000000,0.000000000000000,0.000000000000000
1,12,52,0.049886893614230,0.277691107644306,0.403305785123967,0.353870746087493,0.502512562814070,0.535405872193437,0.772891921638626,1.334344592238850,1.208986306209120,1.163633058131970,1.524181501299450,1.676823867110110,2.121749506615660,1.851282874921930,2.543567607035990,2.175722330115800,1.885489877101510,2.139795614084390,2.338758413174340,2.697755000553420,2.567060379334090,2.108994838009200,2.390559503484770,2.122416987091600,2.378411816351760,1.859371981972940,2.497196337354210,1.779482313298220,1.942819165113410,2.357397355913220,2.099780037001970,1.733195126552310,1.839010185381690,2.058953203900330,0.000000000000000,0.000000000000000,0.000000000000000,0.000000000000000,0.000000000000000,0.000000000000000,0.000000000000000,0.000000000000000,0.000000000000000,0.000000000000000,0.000000000000000,0.000000000000000,0.000000000000000,0.000000000000000,0.000000000000000,0.000000000000000
1,12,53,0.099468777124030,0.194484760522496,0.336835546148575,0.459068411894198,0.594679186228482,0.798092209856916,1.479983110056440,1.221654175742870,1.255904206065270,1.412903216671890,2.134561899103590,1.930012419180410,1.724834576549370,2.383605828601090,1.831451896551280,2.631631570810000,2.057393655012780,2.346796445873810,2.535698347265400,2.401720869269460,2.932711134141420,1.803118017275140,2.251985774527790,2.340774888257780,2.545610811851610,2.267316938328400,2.319411713963600,2.598782383976680,2.142116950407110,2.028940157552220,2.269102990033220,1.815507076012840,1.923342624113000,1.990091799268050,1.401826484018260,0.000000000000000,0.000000000000000,0.000000000000000,0.000000000000000,0.000000000000000,0.000000000000000,0.000000000000000,0.000000000000000,0.000000000000000,0.000000000000000,0.000000000000000,0.000000000000000,0.000000000000000,0.000000000000000,0.000000000000000
1,12,54,0.054162265853215,0.202765651726003,0.339839159393222,0.358320839580210,0.510559888535335,0.684340330788894,1.029311177051470,1.260096930533120,0.841174402299241,1.958382217752780,2.605671505942090,1.752534726282190,2.339970444203290,1.522248965646850,2.054785781740900,2.123670232448080,2.146857262927940,2.619103773584910,1.997121721184570,2.564451252349370,2.201588167048640,2.291336852117110,2.548718257398540,2.898467432950190,2.095106186518930,2.234958414895710,2.466183118842950,2.338293617874160,2.383070740300310,2.073691602767110,2.215913770320980,1.975643604919060,2.039325574186510,2.139575569769800,1.812557794386890,2.057902973395930,0.000000000000000,0.000000000000000,0.000000000000000,0.000000000000000,0.000000000000000,0.000000000000000,0.000000000000000,0.000000000000000,0.000000000000000,0.000000000000000,0.000000000000000,0.000000000000000,0.000000000000000,0.000000000000000
1,12,55,0.065060240963855,0.220338983050847,0.212110060087725,0.636277510539982,0.741249575444803,1.115323854660350,0.651079412051180,1.382121218285240,1.241773350781840,1.568389057750760,1.583376550720480,2.275413819478170,2.444813168096200,2.170095678455810,2.279190661326710,2.218675670753980,1.961353218949230,2.868765506502520,2.947301748926840,2.454959985405750,2.479891134408880,1.921855921855920,2.222737819025520,2.542154566744730,1.852587303447480,2.100008403145330,2.182134529180110,2.572340180229640,1.736523252332600,2.233459357277880,2.303048941663740,2.224315433117990,2.456196616082050,1.847751658910400,2.136508691994520,1.662901320555930,1.293064876957490,0.000000000000000,0.000000000000000,0.000000000000000,0.000000000000000,0.000000000000000,0.000000000000000,0.000000000000000,0.000000000000000,0.000000000000000,0.000000000000000,0.000000000000000,0.000000000000000,0.000000000000000
1,12,56,0.042113456187606,0.150353618079639,0.411112495090404,0.538258522290708,0.642395887383706,1.166975881261600,0.791276198758815,1.033820958509140,1.430056956308130,1.836680632739010,1.566716332821630,2.265250404528120,2.532081377151800,2.449952646774220,2.214314950739920,2.716807076737040,2.507843387390850,2.034392168421170,2.778326459139930,1.894872202881730,2.717997725994630,2.545983701979050,2.769574944071590,1.486721439474590,2.243472691766170,2.146934911911360,2.835594107710790,2.017933742510920,2.662526826759030,1.888184650296880,2.126646403242150,1.783514862144660,1.638575937156150,1.722139264093070,1.840917295086240,2.812949640287770,1.702075066147760,1.789473684210530,0.000000000000000,0.000000000000000,0.000000000000000,0.000000000000000,0.000000000000000,0.000000000000000,0.000000000000000,0.000000000000000,0.000000000000000,0.000000000000000,0.000000000000000,0.000000000000000
1,12,57,0.067887234409504,0.224247240248921,0.320267927486413,0.388540351138907,0.504085301742310,0.967725093551696,0.908301052189218,0.875725383816316,1.196428571428570,1.658293600218750,1.740041032217670,1.918308170307970,2.360517829273550,2.047198019021900,1.636871508379890,2.219169408585300,2.799257879183360,1.599101090037830,1.865738530714410,2.238036809815950,2.028630896751070,2.227238838362480,1.926123697930850,2.579376098282160,2.250432680744710,2.605427769254730,1.776515985185270,2.214412322252040,1.988975085812210,2.449137579119130,2.644643332545300,1.824837047679400,2.515776661686090,2.379809002719450,2.446678321678320,2.221128690661080,1.869394177812750,1.792908671916890,1.514217132758630,0.000000000000000,0.000000000000000,0.000000000000000,0.000000000000000,0.000000000000000,0.000000000000000,0.000000000000000,0.000000000000000,0.000000000000000,0.000000000000000,0.000000000000000
1,12,58,0.049620075180158,0.137063385109607,0.303988233403458,0.302553114056900,0.556150073234439,0.959869630301784,1.006079027355620,0.962323390894819,0.957481115481546,1.526899998354470,2.174599740127590,1.938592748669050,2.312594840667680,2.185625827234680,3.077519379844960,1.810853759257740,2.088497851797790,2.203567532013050,1.943526170798900,3.667681990272720,2.643419285125620,2.298535296267340,3.314621008532540,2.244245628656630,2.342963724065200,2.565638678313870,1.642298447814120,2.589290227866980,1.945121951219510,2.254505181768470,1.791764705882350,2.402296007548260,2.212578708844820,2.264618720710870,1.724843704955390,1.841239109390130,2.310222222222220,2.057939225660360,1.910279053338040,1.685912240184760,0.000000000000000,0.000000000000000,0.000000000000000,0.000000000000000,0.000000000000000,0.000000000000000,0.000000000000000,0.000000000000000,0.000000000000000,0.000000000000000
1,12,59,0.061616161616162,0.179432429968901,0.287615777513599,0.532976021872281,0.446864875760655,1.048348266654320,0.967198372538535,1.168598768277110,1.479935794542540,1.627935230767410,1.603439724783380,2.257762711092030,2.132478458923880,2.137313432835820,2.415885813223060,2.255015427846530,2.298183504856470,2.318289170591930,2.022917004720900,2.284707229079510,2.127298444130130,2.150421377107040,2.728665068065240,2.433753692948870,2.718095263239740,3.146932952924390,2.290804680462870,2.763742203638610,1.973145591252550,1.786767198626600,1.891677675033030,2.086466190989460,2.726714710617210,1.582456140350880,2.000901811727870,1.665737607521760,2.130218687872760,2.195496728023750,1.988486215054720,1.885731135053150,1.413202933985330,0.000000000000000,0.000000000000000,0.000000000000000,0.000000000000000,0.000000000000000,0.000000000000000,0.000000000000000,0.000000000000000,0.000000000000000
1,12,60,0.000000000000000,0.000000000000000,0.235294117647059,0.073170731707317,0.000000000000000,0.500000000000000,0.000000000000000,0.000000000000000,0.076923076923077,0.000000000000000,0.261904761904762,0.640000000000000,0.333333333333333,0.851851851851852,2.107142857142860,0.200000000000000,3.805555555555550,0.937500000000000,0.447368421052632,0.428571428571429,0.000000000000000,0.500000000000000,0.285714285714286,0.000000000000000,0.000000000000000,1.133333333333330,3.913043478260870,3.083333333333330,2.025641025641030,2.892857142857140,0.333333333333333,0.653846153846154,2.272727272727270,0.562500000000000,0.818181818181818,1.634920634920630,0.492307692307692,0.818181818181818,0.939393939393940,2.890909090909090,1.968965517241380,10.875000000000000,0.000000000000000,0.000000000000000,0.000000000000000,0.000000000000000,0.000000000000000,0.000000000000000,0.000000000000000,0.000000000000000
1,12,61,0.000000000000000,0.000000000000000,0.000000000000000,0.000000000000000,0.000000000000000,0.000000000000000,0.000000000000000,0.000000000000000,0.000000000000000,0.324324324324324,0.461538461538462,1.171428571428570,0.000000000000000,1.156250000000000,0.324324324324324,0.333333333333333,1.764705882352940,0.392857142857143,2.500000000000000,1.794117647058820,0.405405405405405,0.620689655172414,0.000000000000000,0.000000000000000,0.558139534883721,3.479166666666670,2.324324324324320,0.000000000000000,3.891304347826090,0.090909090909091,1.285714285714290,3.018518518518520,0.980769230769231,0.877551020408163,1.188679245283020,1.089285714285710,1.090909090909090,1.638554216867470,1.565217391304350,1.409090909090910,3.896551724137930,1.431297709923660,0.000000000000000,0.000000000000000,0.000000000000000,0.000000000000000,0.000000000000000,0.000000000000000,0.000000000000000,0.000000000000000
1,12,62,0.000000000000000,0.000000000000000,0.019607843137255,0.000000000000000,0.000000000000000,0.000000000000000,0.255319148936170,0.363636363636364,0.000000000000000,0.000000000000000,0.000000000000000,0.323529411764706,0.476190476190476,0.727272727272727,0.520000000000000,0.000000000000000,0.173913043478261,0.176470588235294,1.531914893617020,1.028571428571430,0.275862068965517,2.769230769230770,1.185185185185190,1.076923076923080,0.120000000000000,2.848484848484850,2.022727272727270,0.685714285714286,3.613636363636360,1.750000000000000,0.800000000000000,0.666666666666667,0.000000000000000,1.119047619047620,0.672727272727273,1.044117647058820,1.187500000000000,0.000000000000000,1.953125000000000,0.545454545454546,2.197802197802200,1.695238095238100,1.320197044334980,0.000000000000000,0.000000000000000,0.000000000000000,0.000000000000000,0.000000000000000,0.000000000000000,0.000000000000000
1,12,63,0.000000000000000,0.000000000000000,0.000000000000000,0.000000000000000,0.187500000000000,0.226415094339623,0.000000000000000,0.000000000000000,0.000000000000000,0.000000000000000,0.000000000000000,0.000000000000000,0.000000000000000,0.321428571428572,0.562500000000000,0.000000000000000,1.750000000000000,0.481481481481482,0.000000000000000,2.242424242424240,1.235294117647060,2.142857142857140,1.833333333333330,0.178571428571429,0.696969696969697,2.032258064516130,1.191489361702130,1.425000000000000,0.121951219512195,2.297297297297300,1.702702702702700,2.071428571428570,1.511627906976740,0.000000000000000,0.804878048780488,0.722222222222222,0.206896551724138,1.344827586206900,0.400000000000000,0.974025974025974,0.787500000000000,2.117647058823530,2.000000000000000,1.710691823899370,3.375000000000000,0.000000000000000,0.000000000000000,0.000000000000000,0.000000000000000,0.000000000000000
1,12,64,0.000000000000000,0.000000000000000,0.071428571428571,0.000000000000000,0.000000000000000,0.000000000000000,0.000000000000000,0.000000000000000,0.000000000000000,0.000000000000000,0.000000000000000,0.000000000000000,0.000000000000000,0.241379310344828,0.480000000000000,0.000000000000000,1.500000000000000,3.615384615384620,0.290322580645161,1.851851851851850,0.000000000000000,1.655172413793100,0.000000000000000,0.888888888888889,2.181818181818180,2.342105263157900,3.805555555555550,1.307692307692310,0.454545454545455,0.000000000000000,2.096774193548390,2.000000000000000,0.000000000000000,0.425925925925926,0.581818181818182,0.000000000000000,0.307692307692308,0.000000000000000,0.285714285714286,0.557692307692308,1.558823529411760,1.553571428571430,2.425925925925930,3.888888888888890,1.732919254658390,0.000000000000000,0.000000000000000,0.000000000000000,0.000000000000000,0.000000000000000
1,12,65,0.000000000000000,0.000000000000000,0.000000000000000,0.000000000000000,0.000000000000000,0.000000000000000,0.000000000000000,0.000000000000000,0.000000000000000,0.000000000000000,0.000000000000000,0.000000000000000,0.000000000000000,0.000000000000000,0.000000000000000,0.000000000000000,0.000000000000000,0.000000000000000,0.000000000000000,0.000000000000000,0.000000000000000,0.000000000000000,0.000000000000000,0.000000000000000,0.000000000000000,0.000000000000000,0.000000000000000,0.000000000000000,0.000000000000000,0.000000000000000,0.000000000000000,0.000000000000000,0.000000000000000,0.000000000000000,0.000000000000000,0.000000000000000,0.000000000000000,0.000000000000000,0.000000000000000,0.000000000000000,0.200000000000000,0.000000000000000,0.000000000000000,0.000000000000000,0.000000000000000,0.000000000000000,0.000000000000000,0.000000000000000,0.000000000000000,0.000000000000000
1,12,66,0.000000000000000,0.000000000000000,0.000000000000000,0.000000000000000,0.000000000000000,0.000000000000000,0.000000000000000,0.000000000000000,0.000000000000000,0.000000000000000,0.000000000000000,0.000000000000000,0.000000000000000,0.000000000000000,0.000000000000000,0.000000000000000,0.000000000000000,0.000000000000000,0.000000000000000,0.000000000000000,0.000000000000000,0.000000000000000,0.000000000000000,0.000000000000000,0.000000000000000,0.000000000000000,0.000000000000000,0.000000000000000,0.000000000000000,0.000000000000000,0.000000000000000,0.000000000000000,0.000000000000000,0.000000000000000,0.000000000000000,0.000000000000000,0.000000000000000,0.000000000000000,0.000000000000000,0.000000000000000,0.000000000000000,0.000000000000000,0.000000000000000,0.000000000000000,1.600000000000000,0.000000000000000,0.000000000000000,0.000000000000000,0.000000000000000,0.000000000000000
1,12,67,0.000000000000000,0.000000000000000,0.000000000000000,0.000000000000000,0.000000000000000,0.000000000000000,0.000000000000000,0.000000000000000,0.000000000000000,0.000000000000000,0.000000000000000,0.000000000000000,0.000000000000000,0.000000000000000,0.000000000000000,0.000000000000000,0.000000000000000,0.000000000000000,0.000000000000000,0.000000000000000,0.000000000000000,0.000000000000000,0.000000000000000,0.000000000000000,0.000000000000000,0.000000000000000,0.000000000000000,0.000000000000000,0.000000000000000,0.000000000000000,0.000000000000000,0.000000000000000,0.000000000000000,0.000000000000000,0.000000000000000,0.000000000000000,0.000000000000000,0.000000000000000,0.000000000000000,0.000000000000000,0.000000000000000,0.000000000000000,0.000000000000000,0.000000000000000,0.000000000000000,0.000000000000000,0.000000000000000,0.000000000000000,0.000000000000000,0.000000000000000
1,12,68,0.000000000000000,0.000000000000000,0.000000000000000,0.000000000000000,0.000000000000000,0.000000000000000,0.000000000000000,0.000000000000000,0.000000000000000,0.000000000000000,0.000000000000000,0.000000000000000,0.000000000000000,0.000000000000000,0.000000000000000,0.000000000000000,0.000000000000000,0.000000000000000,0.000000000000000,0.000000000000000,0.000000000000000,0.000000000000000,0.000000000000000,0.000000000000000,0.000000000000000,0.000000000000000,0.000000000000000,0.000000000000000,0.000000000000000,0.000000000000000,0.000000000000000,0.000000000000000,0.000000000000000,0.000000000000000,0.000000000000000,0.000000000000000,2.333333333333330,0.000000000000000,0.000000000000000,0.000000000000000,0.000000000000000,0.000000000000000,0.750000000000000,0.000000000000000,0.000000000000000,0.000000000000000,0.000000000000000,0.000000000000000,0.000000000000000,0.000000000000000
1,12,69,0.000000000000000,0.000000000000000,0.000000000000000,0.000000000000000,0.000000000000000,0.000000000000000,0.000000000000000,0.000000000000000,0.000000000000000,0.000000000000000,0.000000000000000,0.000000000000000,0.000000000000000,0.000000000000000,0.000000000000000,0.000000000000000,0.000000000000000,0.000000000000000,0.000000000000000,0.000000000000000,0.000000000000000,0.000000000000000,0.000000000000000,0.000000000000000,0.000000000000000,0.000000000000000,0.000000000000000,0.000000000000000,0.000000000000000,0.000000000000000,0.000000000000000,0.000000000000000,0.000000000000000,0.000000000000000,0.000000000000000,0.000000000000000,0.000000000000000,0.000000000000000,0.000000000000000,0.000000000000000,0.000000000000000,0.000000000000000,0.000000000000000,0.000000000000000,0.000000000000000,0.000000000000000,0.000000000000000,0.000000000000000,0.000000000000000,0.000000000000000
1,13,20,0.002133363976935,0.002975805408203,0.000000000000000,0.000000000000000,0.000000000000000,0.000000000000000,0.000000000000000,0.000000000000000,0.000000000000000,0.000000000000000,0.000000000000000,0.000000000000000,0.000000000000000,0.000000000000000,0.000000000000000,0.000000000000000,0.000000000000000,0.000000000000000,0.000000000000000,0.000000000000000,0.000000000000000,0.000000000000000,0.000000000000000,0.000000000000000,0.000000000000000,0.000000000000000,0.000000000000000,0.000000000000000,0.000000000000000,0.000000000000000,0.000000000000000,0.000000000000000,0.000000000000000,0.000000000000000,0.000000000000000,0.000000000000000,0.000000000000000,0.000000000000000,0.000000000000000,0.000000000000000,0.000000000000000,0.000000000000000,0.000000000000000,0.000000000000000,0.000000000000000,0.000000000000000,0.000000000000000,0.000000000000000,0.000000000000000,0.000000000000000
1,13,21,0.023569023569024,0.008540781277483,0.016283285420687,0.000000000000000,0.000000000000000,0.000000000000000,0.000000000000000,0.000000000000000,0.000000000000000,0.000000000000000,0.000000000000000,0.000000000000000,0.000000000000000,0.000000000000000,0.000000000000000,0.000000000000000,0.000000000000000,0.000000000000000,0.000000000000000,0.000000000000000,0.000000000000000,0.000000000000000,0.000000000000000,0.000000000000000,0.000000000000000,0.000000000000000,0.000000000000000,0.000000000000000,0.000000000000000,0.000000000000000,0.000000000000000,0.000000000000000,0.000000000000000,0.000000000000000,0.000000000000000,0.000000000000000,0.000000000000000,0.000000000000000,0.000000000000000,0.000000000000000,0.000000000000000,0.000000000000000,0.000000000000000,0.000000000000000,0.000000000000000,0.000000000000000,0.000000000000000,0.000000000000000,0.000000000000000,0.000000000000000
1,13,22,0.018225419664269,0.097979797979798,0.017443647331259,0.018769230769231,0.000000000000000,0.000000000000000,0.000000000000000,0.000000000000000,0.000000000000000,0.000000000000000,0.000000000000000,0.000000000000000,0.000000000000000,0.000000000000000,0.000000000000000,0.000000000000000,0.000000000000000,0.000000000000000,0.000000000000000,0.000000000000000,0.000000000000000,0.000000000000000,0.000000000000000,0.000000000000000,0.000000000000000,0.000000000000000,0.000000000000000,0.000000000000000,0.000000000000000,0.000000000000000,0.000000000000000,0.000000000000000,0.000000000000000,0.000000000000000,0.000000000000000,0.000000000000000,0.000000000000000,0.000000000000000,0.000000000000000,0.000000000000000,0.000000000000000,0.000000000000000,0.000000000000000,0.000000000000000,0.000000000000000,0.000000000000000,0.000000000000000,0.000000000000000,0.000000000000000,0.000000000000000
1,13,23,0.012588943623426,0.055251141552511,0.114403263146235,0.050273624017131,0.007591759759432,0.000000000000000,0.000000000000000,0.000000000000000,0.000000000000000,0.000000000000000,0.000000000000000,0.000000000000000,0.000000000000000,0.000000000000000,0.000000000000000,0.000000000000000,0.000000000000000,0.000000000000000,0.000000000000000,0.000000000000000,0.000000000000000,0.000000000000000,0.000000000000000,0.000000000000000,0.000000000000000,0.000000000000000,0.000000000000000,0.000000000000000,0.000000000000000,0.000000000000000,0.000000000000000,0.000000000000000,0.000000000000000,0.000000000000000,0.000000000000000,0.000000000000000,0.000000000000000,0.000000000000000,0.000000000000000,0.000000000000000,0.000000000000000,0.000000000000000,0.000000000000000,0.000000000000000,0.000000000000000,0.000000000000000,0.000000000000000,0.000000000000000,0.000000000000000,0.000000000000000
1,13,24,0.015950069348128,0.063168619460010,0.104098464103274,0.144219123722265,0.100536347346330,0.043005025663501,0.000000000000000,0.000000000000000,0.000000000000000,0.000000000000000,0.000000000000000,0.000000000000000,0.000000000000000,0.000000000000000,0.000000000000000,0.000000000000000,0.000000000000000,0.000000000000000,0.000000000000000,0.000000000000000,0.000000000000000,0.000000000000000,0.000000000000000,0.000000000000000,0.000000000000000,0.000000000000000,0.000000000000000,0.000000000000000,0.000000000000000,0.000000000000000,0.000000000000000,0.000000000000000,0.000000000000000,0.000000000000000,0.000000000000000,0.000000000000000,0.000000000000000,0.000000000000000,0.000000000000000,0.000000000000000,0.000000000000000,0.000000000000000,0.000000000000000,0.000000000000000,0.000000000000000,0.000000000000000,0.000000000000000,0.000000000000000,0.000000000000000,0.000000000000000
1,13,25,0.004166666666667,0.084455324357405,0.117954911433172,0.205501520772271,0.208660337590938,0.199845102303077,0.117364447494852,0.000000000000000,0.000000000000000,0.000000000000000,0.000000000000000,0.000000000000000,0.000000000000000,0.000000000000000,0.000000000000000,0.000000000000000,0.000000000000000,0.000000000000000,0.000000000000000,0.000000000000000,0.000000000000000,0.000000000000000,0.000000000000000,0.000000000000000,0.000000000000000,0.000000000000000,0.000000000000000,0.000000000000000,0.000000000000000,0.000000000000000,0.000000000000000,0.000000000000000,0.000000000000000,0.000000000000000,0.000000000000000,0.000000000000000,0.000000000000000,0.000000000000000,0.000000000000000,0.000000000000000,0.000000000000000,0.000000000000000,0.000000000000000,0.000000000000000,0.000000000000000,0.000000000000000,0.000000000000000,0.000000000000000,0.000000000000000,0.000000000000000
1,13,26,0.003827589515973,0.046862589356632,0.118913377754997,0.179601110186007,0.179178706249730,0.301845071165565,0.277779571938694,0.242530600884162,0.000000000000000,0.000000000000000,0.000000000000000,0.000000000000000,0.000000000000000,0.000000000000000,0.000000000000000,0.000000000000000,0.000000000000000,0.000000000000000,0.000000000000000,0.000000000000000,0.000000000000000,0.000000000000000,0.000000000000000,0.000000000000000,0.000000000000000,0.000000000000000,0.000000000000000,0.000000000000000,0.000000000000000,0.000000000000000,0.000000000000000,0.000000000000000,0.000000000000000,0.000000000000000,0.000000000000000,0.000000000000000,0.000000000000000,0.000000000000000,0.000000000000000,0.000000000000000,0.000000000000000,0.000000000000000,0.000000000000000,0.000000000000000,0.000000000000000,0.000000000000000,0.000000000000000,0.000000000000000,0.000000000000000,0.000000000000000
1,13,27,0.031901840490798,0.120335820895522,0.109705723930210,0.199631712936121,0.244488370990251,0.267781661828224,0.427629825873948,0.332301376906989,0.220000000000000,0.000000000000000,0.000000000000000,0.000000000000000,0.000000000000000,0.000000000000000,0.000000000000000,0.000000000000000,0.000000000000000,0.000000000000000,0.000000000000000,0.000000000000000,0.000000000000000,0.000000000000000,0.000000000000000,0.000000000000000,0.000000000000000,0.000000000000000,0.000000000000000,0.000000000000000,0.000000000000000,0.000000000000000,0.000000000000000,0.000000000000000,0.000000000000000,0.000000000000000,0.000000000000000,0.000000000000000,0.000000000000000,0.000000000000000,0.000000000000000,0.000000000000000,0.000000000000000,0.000000000000000,0.000000000000000,0.000000000000000,0.000000000000000,0.000000000000000,0.000000000000000,0.000000000000000,0.000000000000000,0.000000000000000
1,13,28,0.026809651474531,0.057754757207673,0.153212520593081,0.228197048514392,0.186103079937928,0.373608055717381,0.516933336911437,0.542940169743842,0.420434660405815,0.590273750035180,0.000000000000000,0.000000000000000,0.000000000000000,0.000000000000000,0.000000000000000,0.000000000000000,0.000000000000000,0.000000000000000,0.000000000000000,0.000000000000000,0.000000000000000,0.000000000000000,0.000000000000000,0.000000000000000,0.000000000000000,0.000000000000000,0.000000000000000,0.000000000000000,0.000000000000000,0.000000000000000,0.000000000000000,0.000000000000000,0.000000000000000,0.000000000000000,0.000000000000000,0.000000000000000,0.000000000000000,0.000000000000000,0.000000000000000,0.000000000000000,0.000000000000000,0.000000000000000,0.000000000000000,0.000000000000000,0.000000000000000,0.000000000000000,0.000000000000000,0.000000000000000,0.000000000000000,0.000000000000000
1,13,29,0.059811901547233,0.060563380281690,0.169216404850612,0.169660996720653,0.152421349620130,0.299211053489503,0.497878920461200,0.567867544086978,0.524226177224820,0.551121646824064,0.400750399804648,0.000000000000000,0.000000000000000,0.000000000000000,0.000000000000000,0.000000000000000,0.000000000000000,0.000000000000000,0.000000000000000,0.000000000000000,0.000000000000000,0.000000000000000,0.000000000000000,0.000000000000000,0.000000000000000,0.000000000000000,0.000000000000000,0.000000000000000,0.000000000000000,0.000000000000000,0.000000000000000,0.000000000000000,0.000000000000000,0.000000000000000,0.000000000000000,0.000000000000000,0.000000000000000,0.000000000000000,0.000000000000000,0.000000000000000,0.000000000000000,0.000000000000000,0.000000000000000,0.000000000000000,0.000000000000000,0.000000000000000,0.000000000000000,0.000000000000000,0.000000000000000,0.000000000000000
1,13,30,0.034990791896869,0.104240282685512,0.142331288343558,0.301686637740747,0.224943731940707,0.285224127588133,0.480924545150545,0.604549427641434,0.635031149038645,0.611556299095223,0.577651470215738,0.601758562653819,0.000000000000000,0.000000000000000,0.000000000000000,0.000000000000000,0.000000000000000,0.000000000000000,0.000000000000000,0.000000000000000,0.000000000000000,0.000000000000000,0.000000000000000,0.000000000000000,0.000000000000000,0.000000000000000,0.000000000000000,0.000000000000000,0.000000000000000,0.000000000000000,0.000000000000000,0.000000000000000,0.000000000000000,0.000000000000000,0.000000000000000,0.000000000000000,0.000000000000000,0.000000000000000,0.000000000000000,0.000000000000000,0.000000000000000,0.000000000000000,0.000000000000000,0.000000000000000,0.000000000000000,0.000000000000000,0.000000000000000,0.000000000000000,0.000000000000000,0.000000000000000
1,13,31,0.020283975659229,0.065094261549973,0.097381896873083,0.133882595262616,0.322043600674515,0.296878368658533,0.498923663353564,0.518574103438953,0.694538418145864,0.800418327207073,0.915863907883538,0.583698945311037,0.608394562193646,0.000000000000000,0.000000000000000,0.000000000000000,0.000000000000000,0.000000000000000,0.000000000000000,0.000000000000000,0.000000000000000,0.000000000000000,0.000000000000000,0.000000000000000,0.000000000000000,0.000000000000000,0.000000000000000,0.000000000000000,0.000000000000000,0.000000000000000,0.000000000000000,0.000000000000000,0.000000000000000,0.000000000000000,0.000000000000000,0.000000000000000,0.000000000000000,0.000000000000000,0.000000000000000,0.000000000000000,0.000000000000000,0.000000000000000,0.000000000000000,0.000000000000000,0.000000000000000,0.000000000000000,0.000000000000000,0.000000000000000,0.000000000000000,0.000000000000000
1,13,32,0.057142857142857,0.090395480225989,0.175441528489561,0.225682914354131,0.287434590221642,0.492978786576872,0.468175071644731,0.597932730657857,0.734351712292528,0.587732055186824,0.789114118030557,0.912758473330875,0.605671889653225,0.768055555555555,0.000000000000000,0.000000000000000,0.000000000000000,0.000000000000000,0.000000000000000,0.000000000000000,0.000000000000000,0.000000000000000,0.000000000000000,0.000000000000000,0.000000000000000,0.000000000000000,0.000000000000000,0.000000000000000,0.000000000000000,0.000000000000000,0.000000000000000,0.000000000000000,0.000000000000000,0.000000000000000,0.000000000000000,0.000000000000000,0.000000000000000,0.000000000000000,0.000000000000000,0.000000000000000,0.000000000000000,0.000000000000000,0.000000000000000,0.000000000000000,0.000000000000000,0.000000000000000,0.000000000000000,0.000000000000000,0.000000000000000,0.000000000000000
1,13,33,0.058189655172414,0.047722342733189,0.179474483517030,0.184560404705802,0.272408044261663,0.196523434631183,0.368304378687731,0.595814438080107,0.831617359185946,0.919504117007250,0.868322288931761,0.873605693963119,1.114353417255610,0.726795922092250,0.812522957631109,0.000000000000000,0.000000000000000,0.000000000000000,0.000000000000000,0.000000000000000,0.000000000000000,0.000000000000000,0.000000000000000,0.000000000000000,0.000000000000000,0.000000000000000,0.000000000000000,0.000000000000000,0.000000000000000,0.000000000000000,0.000000000000000,0.000000000000000,0.000000000000000,0.000000000000000,0.000000000000000,0.000000000000000,0.000000000000000,0.000000000000000,0.000000000000000,0.000000000000000,0.000000000000000,0.000000000000000,0.000000000000000,0.000000000000000,0.000000000000000,0.000000000000000,0.000000000000000,0.000000000000000,0.000000000000000,0.000000000000000
1,13,34,0.021951219512195,0.055871933959824,0.218068535825545,0.282034481181336,0.290891910994351,0.339482955491811,0.476711304336114,0.592523399701637,0.633086588477073,0.784707308234520,0.706710763949379,0.852508353506256,0.920916952556289,1.166920552916430,0.809122734159115,0.681098962310547,0.000000000000000,0.000000000000000,0.000000000000000,0.000000000000000,0.000000000000000,0.000000000000000,0.000000000000000,0.000000000000000,0.000000000000000,0.000000000000000,0.000000000000000,0.000000000000000,0.000000000000000,0.000000000000000,0.000000000000000,0.000000000000000,0.000000000000000,0.000000000000000,0.000000000000000,0.000000000000000,0.000000000000000,0.000000000000000,0.000000000000000,0.000000000000000,0.000000000000000,0.000000000000000,0.000000000000000,0.000000000000000,0.000000000000000,0.000000000000000,0.000000000000000,0.000000000000000,0.000000000000000,0.000000000000000
1,13,35,0.014245014245014,0.094907407407407,0.138878872007566,0.192572214580468,0.308162468488677,0.309770972019250,0.416611934807614,0.424178917135821,0.490375016205009,0.685396202502938,0.813862994075214,1.006892783641520,0.971620756756166,1.132896336693720,1.057292159828100,0.749481070095671,0.731865284974093,0.000000000000000,0.000000000000000,0.000000000000000,0.000000000000000,0.000000000000000,0.000000000000000,0.000000000000000,0.000000000000000,0.000000000000000,0.000000000000000,0.000000000000000,0.000000000000000,0.000000000000000,0.000000000000000,0.000000000000000,0.000000000000000,0.000000000000000,0.000000000000000,0.000000000000000,0.000000000000000,0.000000000000000,0.000000000000000,0.000000000000000,0.000000000000000,0.000000000000000,0.000000000000000,0.000000000000000,0.000000000000000,0.000000000000000,0.000000000000000,0.000000000000000,0.000000000000000,0.000000000000000
1,13,36,0.000000000000000,0.065822784810127,0.264084959672187,0.287332247132839,0.186287192755498,0.299620846145459,0.346374964784045,0.490841254459911,0.608520609368159,0.771711325461431,0.790807985717446,0.875652306583089,0.813763734866002,0.951418279438087,1.227495604920040,1.179714250962420,0.784055599504858,0.988793498269088,0.000000000000000,0.000000000000000,0.000000000000000,0.000000000000000,0.000000000000000,0.000000000000000,0.000000000000000,0.000000000000000,0.000000000000000,0.000000000000000,0.000000000000000,0.000000000000000,0.000000000000000,0.000000000000000,0.000000000000000,0.000000000000000,0.000000000000000,0.000000000000000,0.000000000000000,0.000000000000000,0.000000000000000,0.000000000000000,0.000000000000000,0.000000000000000,0.000000000000000,0.000000000000000,0.000000000000000,0.000000000000000,0.000000000000000,0.000000000000000,0.000000000000000,0.000000000000000
1,13,37,0.037313432835821,0.082352941176471,0.181390899010968,0.261052821565715,0.222363894417787,0.431503760842575,0.447744901809206,0.560615737376772,0.474038420345724,0.727869488731494,0.663288290763813,0.921034680557762,1.038567661547470,0.878520990420681,1.264730388288000,1.295828799278540,1.381323505712750,1.047731409434780,0.926713947990544,0.000000000000000,0.000000000000000,0.000000000000000,0.000000000000000,0.000000000000000,0.000000000000000,0.000000000000000,0.000000000000000,0.000000000000000,0.000000000000000,0.000000000000000,0.000000000000000,0.000000000000000,0.000000000000000,0.000000000000000,0.000000000000000,0.000000000000000,0.000000000000000,0.000000000000000,0.000000000000000,0.000000000000000,0.000000000000000,0.000000000000000,0.000000000000000,0.000000000000000,0.000000000000000,0.000000000000000,0.000000000000000,0.000000000000000,0.000000000000000,0.000000000000000
1,13,38,0.013274336283186,0.094043887147335,0.159036144578313,0.198485465430803,0.180851063829787,0.356827340388147,0.453945127664771,0.383055383571874,0.565088282175796,0.685650458719253,0.766400444518173,0.944151430531655,1.019298002197390,0.915363499480882,1.031786303240520,1.163214151414140,0.996009047970119,1.004881629134520,0.982026480203253,0.949529515338514,0.000000000000000,0.000000000000000,0.000000000000000,0.000000000000000,0.000000000000000,0.000000000000000,0.000000000000000,0.000000000000000,0.000000000000000,0.000000000000000,0.000000000000000,0.000000000000000,0.000000000000000,0.000000000000000,0.000000000000000,0.000000000000000,0.000000000000000,0.000000000000000,0.000000000000000,0.000000000000000,0.000000000000000,0.000000000000000,0.000000000000000,0.000000000000000,0.000000000000000,0.000000000000000,0.000000000000000,0.000000000000000,0.000000000000000,0.000000000000000
1,13,39,0.018600832232896,0.127737226277372,0.172395049783109,0.226869717677747,0.169354838709677,0.222072459866752,0.397748403656246,0.471449757106541,0.527366561236404,0.667974170737439,0.646210531360032,0.799510285656990,1.011890943287470,0.948234141452235,0.960953367813195,1.019206789055420,1.134157499363670,1.282353864592110,1.186977887907440,1.111457286979000,1.035846724351050,0.000000000000000,0.000000000000000,0.000000000000000,0.000000000000000,0.000000000000000,0.000000000000000,0.000000000000000,0.000000000000000,0.000000000000000,0.000000000000000,0.000000000000000,0.000000000000000,0.000000000000000,0.000000000000000,0.000000000000000,0.000000000000000,0.000000000000000,0.000000000000000,0.000000000000000,0.000000000000000,0.000000000000000,0.000000000000000,0.000000000000000,0.000000000000000,0.000000000000000,0.000000000000000,0.000000000000000,0.000000000000000,0.000000000000000
1,13,40,0.049989969837619,0.055762081784387,0.272940410761921,0.263133441846126,0.360325353672015,0.283788612358566,0.488400080649605,0.497797784813963,0.668746391939756,0.480045380080893,0.928094649635443,1.147702885987420,1.119264570836700,0.922847344526590,1.212796001855680,1.025538607352270,1.066414471821640,1.399612611984240,1.402613054201940,1.042933476718840,1.025043211233940,1.113839285714290,0.000000000000000,0.000000000000000,0.000000000000000,0.000000000000000,0.000000000000000,0.000000000000000,0.000000000000000,0.000000000000000,0.000000000000000,0.000000000000000,0.000000000000000,0.000000000000000,0.000000000000000,0.000000000000000,0.000000000000000,0.000000000000000,0.000000000000000,0.000000000000000,0.000000000000000,0.000000000000000,0.000000000000000,0.000000000000000,0.000000000000000,0.000000000000000,0.000000000000000,0.000000000000000,0.000000000000000,0.000000000000000
1,13,41,0.066298342541437,0.085588412424714,0.150549302606556,0.243157424203817,0.274614615396095,0.384632131851677,0.594597187863637,0.437771226374382,0.624252991640642,0.926524944652113,0.934105922620782,1.083420580135750,0.940242394460314,1.091150943236160,0.792762542773231,1.123392324891440,1.187754863561100,1.077943890730420,1.115777843695700,0.813410081130625,1.070159032106190,0.979212505590673,0.751140145631035,0.000000000000000,0.000000000000000,0.000000000000000,0.000000000000000,0.000000000000000,0.000000000000000,0.000000000000000,0.000000000000000,0.000000000000000,0.000000000000000,0.000000000000000,0.000000000000000,0.000000000000000,0.000000000000000,0.000000000000000,0.000000000000000,0.000000000000000,0.000000000000000,0.000000000000000,0.000000000000000,0.000000000000000,0.000000000000000,0.000000000000000,0.000000000000000,0.000000000000000,0.000000000000000,0.000000000000000
1,13,42,0.061904761904762,0.115671641791045,0.249283667621777,0.389140271493213,0.388897149508010,0.337786259541985,0.503948387828549,0.580202059498567,0.597297297297297,0.778969638690466,0.805561044323910,0.967650365360806,0.806354523448377,1.288091324524310,1.053175337453780,1.050156294218560,1.004930197473080,1.125900902538010,1.297929848127310,1.418829041156490,1.259526312536640,1.100044874489280,1.100476933283730,0.747099767981439,0.000000000000000,0.000000000000000,0.000000000000000,0.000000000000000,0.000000000000000,0.000000000000000,0.000000000000000,0.000000000000000,0.000000000000000,0.000000000000000,0.000000000000000,0.000000000000000,0.000000000000000,0.000000000000000,0.000000000000000,0.000000000000000,0.000000000000000,0.000000000000000,0.000000000000000,0.000000000000000,0.000000000000000,0.000000000000000,0.000000000000000,0.000000000000000,0.000000000000000,0.000000000000000
1,13,43,0.063926940639269,0.142361111111111,0.180515759312321,0.338070968737253,0.402790266689084,0.393374102781577,0.413756094012029,0.870510900281455,0.471137524328459,0.710541209050246,0.909449998756803,0.755293574557968,1.110352673492610,0.859143186456247,1.030965572260140,0.810418256958855,0.977473733838704,1.358157699100380,1.303129214172850,1.251669079485590,1.077978152686300,1.492721541889860,1.114592274678110,1.024450098738350,1.164556097050610,0.000000000000000,0.000000000000000,0.000000000000000,0.000000000000000,0.000000000000000,0.000000000000000,0.000000000000000,0.000000000000000,0.000000000000000,0.000000000000000,0.000000000000000,0.000000000000000,0.000000000000000,0.000000000000000,0.000000000000000,0.000000000000000,0.000000000000000,0.000000000000000,0.000000000000000,0.000000000000000,0.000000000000000,0.000000000000000,0.000000000000000,0.000000000000000,0.000000000000000
1,13,44,0.035000000000000,0.037162162162162,0.152570205208979,0.177658673957427,0.360423993153912,0.244486160573616,0.492116336516735,0.411557307347302,0.606031654558062,0.784981595059017,0.989878726597736,0.859866448573407,0.708307219543674,0.568777303454111,1.079000892633960,0.849038551035866,1.139843897962000,1.381576886917950,1.216476348166510,1.067980927467690,1.153126961126750,1.133680067032020,0.880823653103839,0.899902718893867,0.945715900847087,0.790378006872852,0.000000000000000,0.000000000000000,0.000000000000000,0.000000000000000,0.000000000000000,0.000000000000000,0.000000000000000,0.000000000000000,0.000000000000000,0.000000000000000,0.000000000000000,0.000000000000000,0.000000000000000,0.000000000000000,0.000000000000000,0.000000000000000,0.000000000000000,0.000000000000000,0.000000000000000,0.000000000000000,0.000000000000000,0.000000000000000,0.000000000000000,0.000000000000000
1,13,45,0.000000000000000,0.095975232198142,0.101488731939800,0.150546864326151,0.313331581169923,0.477743053534155,0.334355526054617,0.372281653587124,0.787323388773854,0.654128506651839,0.725437795283580,0.713724652365258,0.734593334663496,0.855021422639993,1.121974166342760,0.939006767321895,1.154481565067580,1.067884295489220,1.278010585744040,1.471938059403580,1.152774741816560,1.360481595726550,1.045622408833760,0.980300430313731,0.879718177200195,1.170238505808260,0.621019735158608,0.000000000000000,0.000000000000000,0.000000000000000,0.000000000000000,0.000000000000000,0.000000000000000,0.000000000000000,0.000000000000000,0.000000000000000,0.000000000000000,0.000000000000000,0.000000000000000,0.000000000000000,0.000000000000000,0.000000000000000,0.000000000000000,0.000000000000000,0.000000000000000,0.000000000000000,0.000000000000000,0.000000000000000,0.000000000000000,0.000000000000000
1,13,46,0.019736842105263,0.064131688415813,0.076542607581257,0.229613733905579,0.163466018359048,0.412121176790198,0.505710471504295,0.477110278655416,0.540147667934088,0.669080047058037,1.058887038445650,1.110732283767150,1.129641159317550,1.060697346813810,1.298631257330870,1.125725054107700,0.932332045354222,0.979280999999543,1.128566047206060,1.029921763726390,1.087636891075650,1.133275691981420,0.973699844075004,1.272678957856190,1.021768883579710,0.987419307426423,0.889987011984951,0.638887481186813,0.000000000000000,0.000000000000000,0.000000000000000,0.000000000000000,0.000000000000000,0.000000000000000,0.000000000000000,0.000000000000000,0.000000000000000,0.000000000000000,0.000000000000000,0.000000000000000,0.000000000000000,0.000000000000000,0.000000000000000,0.000000000000000,0.000000000000000,0.000000000000000,0.000000000000000,0.000000000000000,0.000000000000000,0.000000000000000
1,13,47,0.016901408450704,0.228438228438228,0.225448952670992,0.259865403264147,0.426764114031828,0.290887867360346,0.509130384130109,0.578693677348124,0.564853956631254,0.550864550856621,0.999817378586657,0.860807666484620,0.769201567572390,0.822199453846461,0.923402792801392,1.027790736079420,1.481628320345260,1.317162364308950,1.248129265275520,1.449709734878070,1.430913833821400,1.005455515150300,1.089796108632360,1.112110808737340,1.241868985902780,1.215365879606640,1.028758609437110,0.931084881023435,1.018633540372670,0.000000000000000,0.000000000000000,0.000000000000000,0.000000000000000,0.000000000000000,0.000000000000000,0.000000000000000,0.000000000000000,0.000000000000000,0.000000000000000,0.000000000000000,0.000000000000000,0.000000000000000,0.000000000000000,0.000000000000000,0.000000000000000,0.000000000000000,0.000000000000000,0.000000000000000,0.000000000000000,0.000000000000000
1,13,48,0.022784810126582,0.109306435369442,0.233333333333333,0.281934443253439,0.284401986300062,0.289813871693603,0.311487464078180,0.566126789507099,0.497342862125478,0.756979958139961,1.016678343487750,1.244714681499280,1.063513165777470,0.896784077995231,0.919698303732821,0.983180190458927,1.076246334935590,0.914918078472063,0.903608701338260,1.159025290691960,1.230093459190420,0.874503574640945,0.889631089739664,1.338667578375720,0.926244228935930,1.012466634192070,0.956156725492839,1.030226471694750,0.910985162702214,0.897173872952040,0.000000000000000,0.000000000000000,0.000000000000000,0.000000000000000,0.000000000000000,0.000000000000000,0.000000000000000,0.000000000000000,0.000000000000000,0.000000000000000,0.000000000000000,0.000000000000000,0.000000000000000,0.000000000000000,0.000000000000000,0.000000000000000,0.000000000000000,0.000000000000000,0.000000000000000,0.000000000000000
1,13,49,0.019898312580234,0.147225973853691,0.152838427947598,0.192420778282481,0.403048213713585,0.425172339493999,0.470028820643988,0.348687188624681,0.683438820629638,0.647330823423053,0.775732645212594,0.703319872739518,1.149764045926350,1.198571147957440,1.055834469684640,1.288974251237220,1.196181564587140,1.113836894183950,1.201874051588020,0.961917821361296,1.392379762084280,1.038368046935670,1.067302713147840,0.844778130195652,1.203437315761460,1.007533550852700,0.838608481425644,0.950960566228514,0.983652506634860,0.812271778393308,0.675923535045708,0.000000000000000,0.000000000000000,0.000000000000000,0.000000000000000,0.000000000000000,0.000000000000000,0.000000000000000,0.000000000000000,0.000000000000000,0.000000000000000,0.000000000000000,0.000000000000000,0.000000000000000,0.000000000000000,0.000000000000000,0.000000000000000,0.000000000000000,0.000000000000000,0.000000000000000
1,13,50,0.009706657926628,0.082802547770701,0.160075329566855,0.317179210057134,0.242845160581192,0.428985188382393,0.442644046173738,0.572987544927779,0.713796611212719,0.813507729230194,1.081641433376890,0.906717721656124,0.798894174182613,1.206116743773080,1.081710459599620,0.752987920850347,1.132721382074470,0.975608147895632,0.961331334663758,0.985187820744037,1.249291941223130,1.044124590920740,1.034465597950880,1.248174690364000,1.036320799878860,1.240717411560850,1.131523218414150,1.007273381637250,1.169703076457970,0.956502415781333,0.754689489326973,0.723887173600091,0.000000000000000,0.000000000000000,0.000000000000000,0.000000000000000,0.000000000000000,0.000000000000000,0.000000000000000,0.000000000000000,0.000000000000000,0.000000000000000,0.000000000000000,0.000000000000000,0.000000000000000,0.000000000000000,0.000000000000000,0.000000000000000,0.000000000000000,0.000000000000000
1,13,51,0.093541202672606,0.188299817184644,0.163533834586466,0.237743890929256,0.254668930390492,0.360895123984275,0.396325475880066,0.529931558342791,0.736558760625500,0.819832581128540,0.752456765144556,0.992905349194125,1.375170569356640,1.107598886274090,1.151767621897860,0.770726767092128,1.135479950582910,0.814521179629675,1.282040267075830,1.003658927819950,1.203336982998250,1.207853619248630,1.094241264739350,1.175576102691610,0.989592710204654,1.228561254096280,1.253589954783680,0.964428926022884,0.969192852741836,0.970749783112439,0.960250781503618,0.804069140964598,0.713004484304933,0.000000000000000,0.000000000000000,0.000000000000000,0.000000000000000,0.000000000000000,0.000000000000000,0.000000000000000,0.000000000000000,0.000000000000000,0.000000000000000,0.000000000000000,0.000000000000000,0.000000000000000,0.000000000000000,0.000000000000000,0.000000000000000,0.000000000000000
1,13,52,0.112245510632018,0.249609984399376,0.193388429752066,0.311665978205499,0.425460636515913,0.464594127806563,0.550685494167521,0.464192196053167,0.865441225242802,0.837177399678484,1.051939737446000,0.748513771858275,1.405399029810990,1.337725125528480,0.951786588439273,0.973871156874157,1.172313236318990,1.307780563280370,1.000936772397330,1.260793371243460,1.249651187677340,0.946029437622196,1.181611853437690,1.092101897705730,1.263310727379720,1.245183373301520,1.223731699415580,0.958182784083659,0.844675135652106,0.832208731013660,1.109533131810770,0.901641845960967,0.795204471072833,1.136287640121590,0.000000000000000,0.000000000000000,0.000000000000000,0.000000000000000,0.000000000000000,0.000000000000000,0.000000000000000,0.000000000000000,0.000000000000000,0.000000000000000,0.000000000000000,0.000000000000000,0.000000000000000,0.000000000000000,0.000000000000000,0.000000000000000
1,13,53,0.024430927714674,0.031930333817126,0.299073713620708,0.282170382075127,0.475743348982786,0.476947535771065,0.760590891677828,0.841551121062584,0.657919448513585,0.548917800728823,1.139018626544990,1.134237552905220,0.938978177402520,1.032895859060470,1.286821886498130,1.168913495994670,0.726351507009782,1.317833691218260,1.288378897669640,1.357325912806180,1.118886894384280,0.847762277669485,1.365595309769010,1.065583173185910,1.569166336238250,1.071467810941860,1.118471870955780,0.791772548164872,1.111769059955590,1.057568480815620,1.158139534883720,0.781653069911046,0.844497976685981,0.846135687331830,0.648401826484018,0.000000000000000,0.000000000000000,0.000000000000000,0.000000000000000,0.000000000000000,0.000000000000000,0.000000000000000,0.000000000000000,0.000000000000000,0.000000000000000,0.000000000000000,0.000000000000000,0.000000000000000,0.000000000000000,0.000000000000000
1,13,54,0.061481490968514,0.187558227846553,0.376200550933238,0.277361319340330,0.247045107355807,0.698808413892253,0.445107536022256,0.668820678513732,0.864821875456248,0.987465963317600,1.147371318582910,0.894122340759959,0.951723336850581,0.825604024163052,1.090768386005200,1.411608734355590,1.118045469446580,1.128537735849060,1.074012920896780,1.544476300692850,0.872327386943802,1.050358149527370,0.926717864471731,1.164750957854410,1.009233610341640,1.230722798259970,1.028341434513810,1.282598235749150,1.010922802505810,0.955252887540456,0.962277725382454,0.884178952578981,0.762873962287537,0.911726251501324,0.788248482279690,0.726134585289515,0.000000000000000,0.000000000000000,0.000000000000000,0.000000000000000,0.000000000000000,0.000000000000000,0.000000000000000,0.000000000000000,0.000000000000000,0.000000000000000,0.000000000000000,0.000000000000000,0.000000000000000,0.000000000000000
1,13,55,0.071084337349398,0.199152542372881,0.155963279476268,0.351169554997477,0.546285494403331,0.543443917851501,0.427904882707857,0.678936738806784,0.785278989881731,1.030395136778120,1.179896840841450,1.154315769735270,1.272399465453760,1.474411576481530,1.436138529786930,1.179116466870530,1.168812454494670,1.504638235043160,1.077724637699570,0.982236172897319,1.029388772773500,0.993894993894994,1.285382830626450,1.018735362997660,1.239894273572380,1.431457782746730,1.262655934183940,0.872595962198041,0.926145734577385,1.017013232514180,1.248755841713370,1.040942775167350,1.005208156007750,1.027243738976310,0.943055587029543,0.860101107133277,0.467561521252796,0.000000000000000,0.000000000000000,0.000000000000000,0.000000000000000,0.000000000000000,0.000000000000000,0.000000000000000,0.000000000000000,0.000000000000000,0.000000000000000,0.000000000000000,0.000000000000000,0.000000000000000
1,13,56,0.042113456187606,0.181248197137100,0.263310721931014,0.388970535192267,0.523776023286475,0.658627087198516,0.579413200308179,0.615208209735766,0.868726188411479,1.063341418954160,1.101370988335040,0.963452114451007,1.636932707355240,1.477818411488370,1.702721117317560,1.365659967526470,1.038496758167180,0.925909256140405,1.136588096920880,1.208340997460750,1.534184583666350,1.202561117578580,1.489932885906040,1.143455253835290,1.187040934798480,0.922900375856950,1.206512965210820,1.260009341599530,1.103521581281550,0.733302939772186,1.240121580547110,0.908101666509954,0.874633003000293,0.809052944339283,0.850308219439373,1.207833733013590,0.773264657950746,0.752791068580542,0.000000000000000,0.000000000000000,0.000000000000000,0.000000000000000,0.000000000000000,0.000000000000000,0.000000000000000,0.000000000000000,0.000000000000000,0.000000000000000,0.000000000000000,0.000000000000000
1,13,57,0.070188496592877,0.097498800108227,0.217070484185235,0.373596491479718,0.451170270067702,0.447633237949037,0.633595368112479,0.251554867882604,0.684948979591837,0.682659458066037,0.987422748398770,1.040678637846300,1.175104945577230,1.356433784216450,0.946927374301676,0.922905992228290,1.418481349832350,1.277404307465260,1.055734973477420,0.785276073619632,1.110459092771320,1.167956268088390,1.111181555848140,1.375667252417150,1.611154299266360,1.014394692251410,0.931601746297544,1.193715714355060,1.178085243134930,1.129598128407840,1.357091877417670,0.940395748606300,0.959461937268735,0.908108935720678,1.078671328671330,0.716219560438786,0.574350904799371,0.766898454744955,0.585975150783518,0.000000000000000,0.000000000000000,0.000000000000000,0.000000000000000,0.000000000000000,0.000000000000000,0.000000000000000,0.000000000000000,0.000000000000000,0.000000000000000,0.000000000000000
1,13,58,0.064721837191511,0.103947399445541,0.260561342917249,0.212732658321258,0.471011049677562,0.692213675698402,0.658054711246201,0.522762951334380,0.938645421406499,1.105971125709610,1.127626597225020,0.794373684264224,0.916540212443096,1.225054901834330,1.689922480620160,1.100535702175160,0.739773661151343,1.196045771232890,1.140495867768600,1.504305097934210,1.144320598294990,1.213669128127300,1.759194346741660,0.980483104623472,1.779517430561630,0.977504605503974,0.739879506576590,1.054519572683810,1.234146341463410,1.313179107430490,0.742352941176471,0.945129693521954,0.878690418660994,0.994610373595652,1.174713698338920,0.831558567279768,1.064888888888890,1.115039439467290,0.842988343341575,0.200923787528868,0.000000000000000,0.000000000000000,0.000000000000000,0.000000000000000,0.000000000000000,0.000000000000000,0.000000000000000,0.000000000000000,0.000000000000000,0.000000000000000
1,13,59,0.062626262626263,0.130496312704655,0.198960018136647,0.264210335628994,0.338234740216628,0.623192496690153,0.560975056072350,0.970281165245511,0.977528089887641,0.724349706865570,1.164851800063220,1.052030873311220,1.344421730358020,1.317910447761190,1.284491886751680,1.212310452380540,1.524582364442190,1.635418959118250,0.866108169428650,1.143042194174800,1.369165487977370,1.533055702369180,1.351420869672690,1.166592679264750,1.702281559021680,1.362339514978600,1.017980681713290,1.545361988190660,1.453122803314040,0.858689090602103,0.998678996036988,1.147377871143090,1.168944694863960,0.735672514619883,0.927621146433229,0.707755262529675,0.665009940357853,0.879157423405142,0.574220823459666,0.674812803344248,0.775061124694376,0.000000000000000,0.000000000000000,0.000000000000000,0.000000000000000,0.000000000000000,0.000000000000000,0.000000000000000,0.000000000000000,0.000000000000000
1,13,60,0.000000000000000,0.030303030303030,0.000000000000000,0.000000000000000,0.000000000000000,0.666666666666667,0.000000000000000,0.000000000000000,0.000000000000000,0.000000000000000,0.500000000000000,0.000000000000000,0.222222222222222,1.740740740740740,1.714285714285710,0.428571428571429,2.638888888888890,0.000000000000000,0.447368421052632,0.642857142857143,2.322580645161290,0.000000000000000,0.000000000000000,0.000000000000000,0.000000000000000,0.844444444444444,1.478260869565220,0.333333333333333,1.487179487179490,0.000000000000000,0.000000000000000,0.057692307692308,0.181818181818182,0.000000000000000,1.159090909090910,0.920634920634921,0.215384615384615,1.090909090909090,0.575757575757576,1.672727272727270,1.465517241379310,0.000000000000000,0.000000000000000,0.000000000000000,0.000000000000000,0.000000000000000,0.000000000000000,0.000000000000000,0.000000000000000,0.000000000000000
1,13,61,0.006578947368421,0.000000000000000,0.247058823529412,0.000000000000000,0.000000000000000,0.000000000000000,0.000000000000000,0.000000000000000,0.000000000000000,0.864864864864865,0.000000000000000,0.742857142857143,0.000000000000000,0.500000000000000,0.324324324324324,0.333333333333333,0.705882352941176,1.821428571428570,0.416666666666667,0.000000000000000,0.324324324324324,0.413793103448276,0.000000000000000,0.000000000000000,1.069767441860470,0.895833333333333,2.621621621621620,0.000000000000000,1.891304347826090,0.227272727272727,0.346938775510204,1.185185185185190,0.057692307692308,0.265306122448980,0.471698113207547,1.000000000000000,0.727272727272727,0.289156626506024,0.565217391304348,0.363636363636364,0.793103448275862,0.171755725190840,0.000000000000000,0.000000000000000,0.000000000000000,0.000000000000000,0.000000000000000,0.000000000000000,0.000000000000000,0.000000000000000
1,13,62,0.000000000000000,0.000000000000000,0.019607843137255,0.000000000000000,0.053571428571429,0.000000000000000,0.000000000000000,0.000000000000000,0.000000000000000,0.000000000000000,0.194444444444444,2.323529411764710,0.000000000000000,0.484848484848485,0.000000000000000,0.037037037037037,0.478260869565217,0.000000000000000,0.106382978723404,0.200000000000000,0.137931034482759,0.256410256410256,0.444444444444444,0.000000000000000,1.040000000000000,0.363636363636364,0.159090909090909,0.542857142857143,0.272727272727273,0.000000000000000,0.371428571428571,1.111111111111110,0.083333333333333,0.119047619047619,1.872727272727270,0.044117647058824,1.000000000000000,0.078125000000000,0.265625000000000,1.651515151515150,1.472527472527470,0.971428571428572,0.640394088669951,0.000000000000000,0.000000000000000,0.000000000000000,0.000000000000000,0.000000000000000,0.000000000000000,0.000000000000000
1,13,63,0.000000000000000,0.056338028169014,0.000000000000000,0.000000000000000,0.000000000000000,0.037735849056604,0.317073170731707,0.000000000000000,0.000000000000000,0.000000000000000,0.000000000000000,0.000000000000000,0.000000000000000,0.000000000000000,0.312500000000000,0.000000000000000,0.833333333333333,1.777777777777780,0.964285714285714,2.757575757575760,0.000000000000000,4.285714285714290,0.000000000000000,0.000000000000000,1.303030303030300,0.129032258064516,0.212765957446809,0.625000000000000,0.073170731707317,0.594594594594595,0.135135135135135,0.428571428571429,1.418604651162790,1.183673469387760,0.414634146341463,0.333333333333333,0.396551724137931,0.172413793103448,0.200000000000000,0.818181818181818,0.575000000000000,0.729411764705882,2.640000000000000,0.459119496855346,1.500000000000000,0.000000000000000,0.000000000000000,0.000000000000000,0.000000000000000,0.000000000000000
1,13,64,0.000000000000000,0.000000000000000,0.000000000000000,0.000000000000000,0.000000000000000,0.081081081081081,0.514285714285714,0.600000000000000,0.000000000000000,0.000000000000000,0.000000000000000,0.000000000000000,0.000000000000000,0.000000000000000,0.000000000000000,0.000000000000000,0.000000000000000,0.000000000000000,0.000000000000000,0.111111111111111,0.282051282051282,1.655172413793100,3.789473684210530,0.333333333333333,0.000000000000000,0.000000000000000,0.583333333333333,0.000000000000000,2.409090909090910,0.088235294117647,1.483870967741940,0.484848484848485,0.416666666666667,0.092592592592593,0.436363636363636,0.000000000000000,0.076923076923077,0.000000000000000,0.428571428571429,1.192307692307690,1.338235294117650,0.714285714285714,1.333333333333330,1.902777777777780,0.478260869565217,0.000000000000000,0.000000000000000,0.000000000000000,0.000000000000000,0.000000000000000
1,13,65,0.000000000000000,0.000000000000000,0.000000000000000,0.000000000000000,0.000000000000000,0.000000000000000,0.000000000000000,0.000000000000000,0.000000000000000,0.000000000000000,0.000000000000000,0.000000000000000,0.000000000000000,0.000000000000000,0.000000000000000,0.000000000000000,0.000000000000000,0.000000000000000,0.000000000000000,0.000000000000000,0.000000000000000,0.000000000000000,0.000000000000000,0.000000000000000,0.000000000000000,0.000000000000000,0.000000000000000,0.000000000000000,0.000000000000000,0.000000000000000,0.000000000000000,0.000000000000000,0.000000000000000,0.000000000000000,0.000000000000000,0.000000000000000,0.000000000000000,0.000000000000000,0.000000000000000,0.000000000000000,1.400000000000000,0.000000000000000,0.000000000000000,0.000000000000000,0.000000000000000,0.000000000000000,0.000000000000000,0.000000000000000,0.000000000000000,0.000000000000000
1,13,66,0.000000000000000,0.000000000000000,0.000000000000000,0.000000000000000,0.000000000000000,0.000000000000000,0.000000000000000,0.000000000000000,0.000000000000000,0.000000000000000,0.000000000000000,0.000000000000000,0.000000000000000,0.000000000000000,0.000000000000000,0.000000000000000,0.000000000000000,0.000000000000000,0.000000000000000,0.000000000000000,0.000000000000000,0.000000000000000,0.000000000000000,0.000000000000000,0.000000000000000,0.000000000000000,0.000000000000000,0.000000000000000,0.000000000000000,0.000000000000000,0.000000000000000,0.000000000000000,0.000000000000000,0.000000000000000,0.000000000000000,0.000000000000000,0.000000000000000,0.000000000000000,0.000000000000000,0.000000000000000,0.000000000000000,0.000000000000000,0.000000000000000,0.000000000000000,3.200000000000000,0.000000000000000,0.000000000000000,0.000000000000000,0.000000000000000,0.000000000000000
1,13,67,0.000000000000000,0.000000000000000,0.000000000000000,0.000000000000000,0.000000000000000,0.000000000000000,0.000000000000000,0.000000000000000,0.000000000000000,0.000000000000000,0.000000000000000,0.000000000000000,0.000000000000000,0.000000000000000,0.000000000000000,0.000000000000000,0.000000000000000,0.000000000000000,0.000000000000000,0.000000000000000,0.000000000000000,0.000000000000000,0.000000000000000,0.000000000000000,0.000000000000000,0.000000000000000,0.000000000000000,0.000000000000000,0.000000000000000,0.000000000000000,0.000000000000000,0.000000000000000,0.000000000000000,0.000000000000000,0.000000000000000,0.000000000000000,0.000000000000000,0.000000000000000,0.000000000000000,0.000000000000000,0.000000000000000,0.000000000000000,0.000000000000000,0.000000000000000,0.000000000000000,0.000000000000000,0.000000000000000,0.000000000000000,0.000000000000000,0.000000000000000
1,13,68,0.000000000000000,0.000000000000000,0.000000000000000,0.000000000000000,0.000000000000000,0.000000000000000,0.000000000000000,0.000000000000000,0.000000000000000,0.000000000000000,0.000000000000000,0.000000000000000,0.000000000000000,0.000000000000000,0.000000000000000,0.000000000000000,0.000000000000000,0.000000000000000,0.000000000000000,0.000000000000000,0.000000000000000,0.000000000000000,0.000000000000000,0.000000000000000,0.000000000000000,0.000000000000000,0.000000000000000,0.000000000000000,0.000000000000000,0.000000000000000,0.000000000000000,0.000000000000000,0.000000000000000,0.000000000000000,0.000000000000000,0.000000000000000,1.333333333333330,0.000000000000000,0.000000000000000,0.000000000000000,0.000000000000000,0.000000000000000,0.000000000000000,0.000000000000000,0.000000000000000,0.000000000000000,0.000000000000000,0.000000000000000,0.000000000000000,0.000000000000000
1,13,69,0.000000000000000,0.000000000000000,0.000000000000000,0.000000000000000,0.000000000000000,0.000000000000000,0.000000000000000,0.000000000000000,0.000000000000000,0.000000000000000,0.000000000000000,0.000000000000000,0.000000000000000,0.000000000000000,0.000000000000000,0.000000000000000,0.000000000000000,0.000000000000000,0.000000000000000,0.000000000000000,0.000000000000000,0.000000000000000,0.000000000000000,0.000000000000000,0.000000000000000,0.000000000000000,0.000000000000000,0.000000000000000,0.000000000000000,0.000000000000000,0.000000000000000,0.000000000000000,0.000000000000000,0.000000000000000,0.000000000000000,0.000000000000000,0.000000000000000,0.000000000000000,0.000000000000000,0.000000000000000,0.000000000000000,0.000000000000000,0.000000000000000,0.000000000000000,0.000000000000000,0.000000000000000,0.000000000000000,0.000000000000000,0.000000000000000,0.000000000000000
1,14,20,0.000583868035793,0.002328891189028,0.000000000000000,0.000000000000000,0.000000000000000,0.000000000000000,0.000000000000000,0.000000000000000,0.000000000000000,0.000000000000000,0.000000000000000,0.000000000000000,0.000000000000000,0.000000000000000,0.000000000000000,0.000000000000000,0.000000000000000,0.000000000000000,0.000000000000000,0.000000000000000,0.000000000000000,0.000000000000000,0.000000000000000,0.000000000000000,0.000000000000000,0.000000000000000,0.000000000000000,0.000000000000000,0.000000000000000,0.000000000000000,0.000000000000000,0.000000000000000,0.000000000000000,0.000000000000000,0.000000000000000,0.000000000000000,0.000000000000000,0.000000000000000,0.000000000000000,0.000000000000000,0.000000000000000,0.000000000000000,0.000000000000000,0.000000000000000,0.000000000000000,0.000000000000000,0.000000000000000,0.000000000000000,0.000000000000000,0.000000000000000
1,14,21,0.008978675645342,0.006077334847521,0.006427612666060,0.000000000000000,0.000000000000000,0.000000000000000,0.000000000000000,0.000000000000000,0.000000000000000,0.000000000000000,0.000000000000000,0.000000000000000,0.000000000000000,0.000000000000000,0.000000000000000,0.000000000000000,0.000000000000000,0.000000000000000,0.000000000000000,0.000000000000000,0.000000000000000,0.000000000000000,0.000000000000000,0.000000000000000,0.000000000000000,0.000000000000000,0.000000000000000,0.000000000000000,0.000000000000000,0.000000000000000,0.000000000000000,0.000000000000000,0.000000000000000,0.000000000000000,0.000000000000000,0.000000000000000,0.000000000000000,0.000000000000000,0.000000000000000,0.000000000000000,0.000000000000000,0.000000000000000,0.000000000000000,0.000000000000000,0.000000000000000,0.000000000000000,0.000000000000000,0.000000000000000,0.000000000000000,0.000000000000000
1,14,22,0.003836930455635,0.040404040404040,0.009528270453672,0.005846153846154,0.000000000000000,0.000000000000000,0.000000000000000,0.000000000000000,0.000000000000000,0.000000000000000,0.000000000000000,0.000000000000000,0.000000000000000,0.000000000000000,0.000000000000000,0.000000000000000,0.000000000000000,0.000000000000000,0.000000000000000,0.000000000000000,0.000000000000000,0.000000000000000,0.000000000000000,0.000000000000000,0.000000000000000,0.000000000000000,0.000000000000000,0.000000000000000,0.000000000000000,0.000000000000000,0.000000000000000,0.000000000000000,0.000000000000000,0.000000000000000,0.000000000000000,0.000000000000000,0.000000000000000,0.000000000000000,0.000000000000000,0.000000000000000,0.000000000000000,0.000000000000000,0.000000000000000,0.000000000000000,0.000000000000000,0.000000000000000,0.000000000000000,0.000000000000000,0.000000000000000,0.000000000000000
1,14,23,0.005473453749316,0.049315068493151,0.069161972720224,0.029737580264696,0.025508312791692,0.000000000000000,0.000000000000000,0.000000000000000,0.000000000000000,0.000000000000000,0.000000000000000,0.000000000000000,0.000000000000000,0.000000000000000,0.000000000000000,0.000000000000000,0.000000000000000,0.000000000000000,0.000000000000000,0.000000000000000,0.000000000000000,0.000000000000000,0.000000000000000,0.000000000000000,0.000000000000000,0.000000000000000,0.000000000000000,0.000000000000000,0.000000000000000,0.000000000000000,0.000000000000000,0.000000000000000,0.000000000000000,0.000000000000000,0.000000000000000,0.000000000000000,0.000000000000000,0.000000000000000,0.000000000000000,0.000000000000000,0.000000000000000,0.000000000000000,0.000000000000000,0.000000000000000,0.000000000000000,0.000000000000000,0.000000000000000,0.000000000000000,0.000000000000000,0.000000000000000
1,14,24,0.007628294036061,0.049414161996943,0.057654533964890,0.088487758876910,0.048052012062662,0.025350330917432,0.000000000000000,0.000000000000000,0.000000000000000,0.000000000000000,0.000000000000000,0.000000000000000,0.000000000000000,0.000000000000000,0.000000000000000,0.000000000000000,0.000000000000000,0.000000000000000,0.000000000000000,0.000000000000000,0.000000000000000,0.000000000000000,0.000000000000000,0.000000000000000,0.000000000000000,0.000000000000000,0.000000000000000,0.000000000000000,0.000000000000000,0.000000000000000,0.000000000000000,0.000000000000000,0.000000000000000,0.000000000000000,0.000000000000000,0.000000000000000,0.000000000000000,0.000000000000000,0.000000000000000,0.000000000000000,0.000000000000000,0.000000000000000,0.000000000000000,0.000000000000000,0.000000000000000,0.000000000000000,0.000000000000000,0.000000000000000,0.000000000000000,0.000000000000000
1,14,25,0.025833333333333,0.041003671970624,0.060789049919485,0.072095837398007,0.140429200584016,0.107749593516302,0.093342484557310,0.000000000000000,0.000000000000000,0.000000000000000,0.000000000000000,0.000000000000000,0.000000000000000,0.000000000000000,0.000000000000000,0.000000000000000,0.000000000000000,0.000000000000000,0.000000000000000,0.000000000000000,0.000000000000000,0.000000000000000,0.000000000000000,0.000000000000000,0.000000000000000,0.000000000000000,0.000000000000000,0.000000000000000,0.000000000000000,0.000000000000000,0.000000000000000,0.000000000000000,0.000000000000000,0.000000000000000,0.000000000000000,0.000000000000000,0.000000000000000,0.000000000000000,0.000000000000000,0.000000000000000,0.000000000000000,0.000000000000000,0.000000000000000,0.000000000000000,0.000000000000000,0.000000000000000,0.000000000000000,0.000000000000000,0.000000000000000,0.000000000000000
1,14,26,0.013396563305905,0.101667990468626,0.080471553049718,0.099737501763131,0.138578287792395,0.181601018643312,0.154219471084001,0.151100414042911,0.000000000000000,0.000000000000000,0.000000000000000,0.000000000000000,0.000000000000000,0.000000000000000,0.000000000000000,0.000000000000000,0.000000000000000,0.000000000000000,0.000000000000000,0.000000000000000,0.000000000000000,0.000000000000000,0.000000000000000,0.000000000000000,0.000000000000000,0.000000000000000,0.000000000000000,0.000000000000000,0.000000000000000,0.000000000000000,0.000000000000000,0.000000000000000,0.000000000000000,0.000000000000000,0.000000000000000,0.000000000000000,0.000000000000000,0.000000000000000,0.000000000000000,0.000000000000000,0.000000000000000,0.000000000000000,0.000000000000000,0.000000000000000,0.000000000000000,0.000000000000000,0.000000000000000,0.000000000000000,0.000000000000000,0.000000000000000
1,14,27,0.014723926380368,0.082089552238806,0.086510799442109,0.107391167003583,0.142290659643844,0.213532790681989,0.250803990702442,0.221012134252068,0.152631578947368,0.000000000000000,0.000000000000000,0.000000000000000,0.000000000000000,0.000000000000000,0.000000000000000,0.000000000000000,0.000000000000000,0.000000000000000,0.000000000000000,0.000000000000000,0.000000000000000,0.000000000000000,0.000000000000000,0.000000000000000,0.000000000000000,0.000000000000000,0.000000000000000,0.000000000000000,0.000000000000000,0.000000000000000,0.000000000000000,0.000000000000000,0.000000000000000,0.000000000000000,0.000000000000000,0.000000000000000,0.000000000000000,0.000000000000000,0.000000000000000,0.000000000000000,0.000000000000000,0.000000000000000,0.000000000000000,0.000000000000000,0.000000000000000,0.000000000000000,0.000000000000000,0.000000000000000,0.000000000000000,0.000000000000000
1,14,28,0.013404825737265,0.030576047933474,0.112026359143328,0.139423495035046,0.195457467553856,0.149443222286952,0.270127477956576,0.196061727963054,0.242063057174275,0.139226362094068,0.000000000000000,0.000000000000000,0.000000000000000,0.000000000000000,0.000000000000000,0.000000000000000,0.000000000000000,0.000000000000000,0.000000000000000,0.000000000000000,0.000000000000000,0.000000000000000,0.000000000000000,0.000000000000000,0.000000000000000,0.000000000000000,0.000000000000000,0.000000000000000,0.000000000000000,0.000000000000000,0.000000000000000,0.000000000000000,0.000000000000000,0.000000000000000,0.000000000000000,0.000000000000000,0.000000000000000,0.000000000000000,0.000000000000000,0.000000000000000,0.000000000000000,0.000000000000000,0.000000000000000,0.000000000000000,0.000000000000000,0.000000000000000,0.000000000000000,0.000000000000000,0.000000000000000,0.000000000000000
1,14,29,0.023004577518166,0.091549295774648,0.142295613169833,0.106038122950408,0.163711819962362,0.178088649211867,0.181186864868870,0.245250007909336,0.356473800512877,0.287900801041739,0.185556455215014,0.000000000000000,0.000000000000000,0.000000000000000,0.000000000000000,0.000000000000000,0.000000000000000,0.000000000000000,0.000000000000000,0.000000000000000,0.000000000000000,0.000000000000000,0.000000000000000,0.000000000000000,0.000000000000000,0.000000000000000,0.000000000000000,0.000000000000000,0.000000000000000,0.000000000000000,0.000000000000000,0.000000000000000,0.000000000000000,0.000000000000000,0.000000000000000,0.000000000000000,0.000000000000000,0.000000000000000,0.000000000000000,0.000000000000000,0.000000000000000,0.000000000000000,0.000000000000000,0.000000000000000,0.000000000000000,0.000000000000000,0.000000000000000,0.000000000000000,0.000000000000000,0.000000000000000
1,14,30,0.014732965009208,0.030035335689046,0.061349693251534,0.135887182438467,0.183339718823147,0.205104990625174,0.250270993211841,0.354430789322671,0.341732864101305,0.352207653850086,0.279555999243049,0.321364679204486,0.000000000000000,0.000000000000000,0.000000000000000,0.000000000000000,0.000000000000000,0.000000000000000,0.000000000000000,0.000000000000000,0.000000000000000,0.000000000000000,0.000000000000000,0.000000000000000,0.000000000000000,0.000000000000000,0.000000000000000,0.000000000000000,0.000000000000000,0.000000000000000,0.000000000000000,0.000000000000000,0.000000000000000,0.000000000000000,0.000000000000000,0.000000000000000,0.000000000000000,0.000000000000000,0.000000000000000,0.000000000000000,0.000000000000000,0.000000000000000,0.000000000000000,0.000000000000000,0.000000000000000,0.000000000000000,0.000000000000000,0.000000000000000,0.000000000000000,0.000000000000000
1,14,31,0.014198782961460,0.061477913686085,0.106982928959162,0.154479917610711,0.159691041656784,0.175158237508534,0.229532374049711,0.281549071311553,0.388633685499902,0.456865280137772,0.343932016040653,0.290198857044883,0.214260693642110,0.000000000000000,0.000000000000000,0.000000000000000,0.000000000000000,0.000000000000000,0.000000000000000,0.000000000000000,0.000000000000000,0.000000000000000,0.000000000000000,0.000000000000000,0.000000000000000,0.000000000000000,0.000000000000000,0.000000000000000,0.000000000000000,0.000000000000000,0.000000000000000,0.000000000000000,0.000000000000000,0.000000000000000,0.000000000000000,0.000000000000000,0.000000000000000,0.000000000000000,0.000000000000000,0.000000000000000,0.000000000000000,0.000000000000000,0.000000000000000,0.000000000000000,0.000000000000000,0.000000000000000,0.000000000000000,0.000000000000000,0.000000000000000,0.000000000000000
1,14,32,0.016666666666667,0.050847457627119,0.154046220137175,0.068283548445609,0.171633604233067,0.227927144757083,0.227585104271744,0.334842329168400,0.366135697913555,0.337091475209775,0.402330050721647,0.522300681961556,0.324989680949256,0.333333333333333,0.000000000000000,0.000000000000000,0.000000000000000,0.000000000000000,0.000000000000000,0.000000000000000,0.000000000000000,0.000000000000000,0.000000000000000,0.000000000000000,0.000000000000000,0.000000000000000,0.000000000000000,0.000000000000000,0.000000000000000,0.000000000000000,0.000000000000000,0.000000000000000,0.000000000000000,0.000000000000000,0.000000000000000,0.000000000000000,0.000000000000000,0.000000000000000,0.000000000000000,0.000000000000000,0.000000000000000,0.000000000000000,0.000000000000000,0.000000000000000,0.000000000000000,0.000000000000000,0.000000000000000,0.000000000000000,0.000000000000000,0.000000000000000
1,14,33,0.010775862068966,0.030368763557484,0.091339692504203,0.140172459270230,0.133401470235135,0.208083636668311,0.271189009675922,0.444569234567464,0.447793962638586,0.390537913447150,0.409598510910471,0.475117744783947,0.452397327583941,0.325480729737187,0.428685001996932,0.000000000000000,0.000000000000000,0.000000000000000,0.000000000000000,0.000000000000000,0.000000000000000,0.000000000000000,0.000000000000000,0.000000000000000,0.000000000000000,0.000000000000000,0.000000000000000,0.000000000000000,0.000000000000000,0.000000000000000,0.000000000000000,0.000000000000000,0.000000000000000,0.000000000000000,0.000000000000000,0.000000000000000,0.000000000000000,0.000000000000000,0.000000000000000,0.000000000000000,0.000000000000000,0.000000000000000,0.000000000000000,0.000000000000000,0.000000000000000,0.000000000000000,0.000000000000000,0.000000000000000,0.000000000000000,0.000000000000000
1,14,34,0.000000000000000,0.000000000000000,0.119937694704050,0.153836989735274,0.208434361421149,0.199982775505233,0.229081113173191,0.321831906087943,0.465591651898640,0.381847415918367,0.464990809955905,0.435468638540425,0.479896515761166,0.429969066800744,0.386096318035868,0.185877605252082,0.000000000000000,0.000000000000000,0.000000000000000,0.000000000000000,0.000000000000000,0.000000000000000,0.000000000000000,0.000000000000000,0.000000000000000,0.000000000000000,0.000000000000000,0.000000000000000,0.000000000000000,0.000000000000000,0.000000000000000,0.000000000000000,0.000000000000000,0.000000000000000,0.000000000000000,0.000000000000000,0.000000000000000,0.000000000000000,0.000000000000000,0.000000000000000,0.000000000000000,0.000000000000000,0.000000000000000,0.000000000000000,0.000000000000000,0.000000000000000,0.000000000000000,0.000000000000000,0.000000000000000,0.000000000000000
1,14,35,0.028490028490029,0.097222222222222,0.083327323204540,0.199449793672627,0.179164225865510,0.287644474017875,0.277741289871743,0.268746926223168,0.411692477138079,0.375092449130961,0.559278244190713,0.591505656174079,0.468988689376072,0.501815761624831,0.545528025896706,0.388835710087885,0.212435233160622,0.000000000000000,0.000000000000000,0.000000000000000,0.000000000000000,0.000000000000000,0.000000000000000,0.000000000000000,0.000000000000000,0.000000000000000,0.000000000000000,0.000000000000000,0.000000000000000,0.000000000000000,0.000000000000000,0.000000000000000,0.000000000000000,0.000000000000000,0.000000000000000,0.000000000000000,0.000000000000000,0.000000000000000,0.000000000000000,0.000000000000000,0.000000000000000,0.000000000000000,0.000000000000000,0.000000000000000,0.000000000000000,0.000000000000000,0.000000000000000,0.000000000000000,0.000000000000000,0.000000000000000
1,14,36,0.018237082066869,0.035443037974684,0.113179268430938,0.173288004714135,0.165588615782665,0.260135928436368,0.315562467916753,0.450729496030929,0.380979235378059,0.463391670608046,0.402310612821321,0.597140868101596,0.463443920753284,0.507713085761540,0.711237377530720,0.564880982851018,0.359914833175427,0.309772399207108,0.000000000000000,0.000000000000000,0.000000000000000,0.000000000000000,0.000000000000000,0.000000000000000,0.000000000000000,0.000000000000000,0.000000000000000,0.000000000000000,0.000000000000000,0.000000000000000,0.000000000000000,0.000000000000000,0.000000000000000,0.000000000000000,0.000000000000000,0.000000000000000,0.000000000000000,0.000000000000000,0.000000000000000,0.000000000000000,0.000000000000000,0.000000000000000,0.000000000000000,0.000000000000000,0.000000000000000,0.000000000000000,0.000000000000000,0.000000000000000,0.000000000000000,0.000000000000000
1,14,37,0.000000000000000,0.047058823529412,0.071260710325738,0.156972938457816,0.206980228766242,0.238116404611299,0.203112348941018,0.372618090505445,0.299679461138101,0.284279302283074,0.365121010662718,0.572716110455918,0.497268908612031,0.531908490478030,0.638108167652878,0.651044420893567,0.676939996177108,0.543226668957993,0.308510638297872,0.000000000000000,0.000000000000000,0.000000000000000,0.000000000000000,0.000000000000000,0.000000000000000,0.000000000000000,0.000000000000000,0.000000000000000,0.000000000000000,0.000000000000000,0.000000000000000,0.000000000000000,0.000000000000000,0.000000000000000,0.000000000000000,0.000000000000000,0.000000000000000,0.000000000000000,0.000000000000000,0.000000000000000,0.000000000000000,0.000000000000000,0.000000000000000,0.000000000000000,0.000000000000000,0.000000000000000,0.000000000000000,0.000000000000000,0.000000000000000,0.000000000000000
1,14,38,0.008849557522124,0.062695924764890,0.137349397590361,0.147927846877674,0.167173252279635,0.193816289203634,0.203407106385307,0.240048040371707,0.381900322569357,0.524206520921528,0.499396418686035,0.557864093979110,0.437424923280868,0.549687918422223,0.695726699762448,0.517663951655110,0.601321460278173,0.431179011423969,0.514469286603297,0.543788711059857,0.000000000000000,0.000000000000000,0.000000000000000,0.000000000000000,0.000000000000000,0.000000000000000,0.000000000000000,0.000000000000000,0.000000000000000,0.000000000000000,0.000000000000000,0.000000000000000,0.000000000000000,0.000000000000000,0.000000000000000,0.000000000000000,0.000000000000000,0.000000000000000,0.000000000000000,0.000000000000000,0.000000000000000,0.000000000000000,0.000000000000000,0.000000000000000,0.000000000000000,0.000000000000000,0.000000000000000,0.000000000000000,0.000000000000000,0.000000000000000
1,14,39,0.060452704756913,0.032846715328467,0.088660311317028,0.102931631168608,0.112903225806452,0.315065302435954,0.351435233367505,0.352639362554223,0.329884614901070,0.276669169727883,0.296849613908340,0.467510251782477,0.594197147519492,0.599107719398329,0.742997459758916,0.574249808485802,0.630904348496938,0.775265634019821,0.486988627323987,0.485701447702455,0.480840543881335,0.000000000000000,0.000000000000000,0.000000000000000,0.000000000000000,0.000000000000000,0.000000000000000,0.000000000000000,0.000000000000000,0.000000000000000,0.000000000000000,0.000000000000000,0.000000000000000,0.000000000000000,0.000000000000000,0.000000000000000,0.000000000000000,0.000000000000000,0.000000000000000,0.000000000000000,0.000000000000000,0.000000000000000,0.000000000000000,0.000000000000000,0.000000000000000,0.000000000000000,0.000000000000000,0.000000000000000,0.000000000000000,0.000000000000000
1,14,40,0.000000000000000,0.130111524163569,0.064857127309763,0.105253376738450,0.201308530924741,0.277264736212392,0.190266289087423,0.381779872906101,0.407456699150915,0.423356604041190,0.416744436223399,0.568812747396694,0.571053352467703,0.482885238415076,0.856906449670765,0.584406191689713,0.497364476462901,0.754401124190084,0.641146793243224,0.555131916461673,0.517795349105183,0.435267857142857,0.000000000000000,0.000000000000000,0.000000000000000,0.000000000000000,0.000000000000000,0.000000000000000,0.000000000000000,0.000000000000000,0.000000000000000,0.000000000000000,0.000000000000000,0.000000000000000,0.000000000000000,0.000000000000000,0.000000000000000,0.000000000000000,0.000000000000000,0.000000000000000,0.000000000000000,0.000000000000000,0.000000000000000,0.000000000000000,0.000000000000000,0.000000000000000,0.000000000000000,0.000000000000000,0.000000000000000,0.000000000000000
1,14,41,0.000000000000000,0.105040324339421,0.053970504708011,0.049994984415738,0.313292730240616,0.167477423499996,0.348786059920011,0.348804815853137,0.319176580941519,0.434348725786982,0.398941071119292,0.369738769411407,0.498238493715214,0.569170527319124,0.510193715646139,0.370745213409550,0.613988001343262,0.757067569768806,0.657362480330818,0.550407488231723,0.432054477494026,0.363624350952775,0.392668239395816,0.000000000000000,0.000000000000000,0.000000000000000,0.000000000000000,0.000000000000000,0.000000000000000,0.000000000000000,0.000000000000000,0.000000000000000,0.000000000000000,0.000000000000000,0.000000000000000,0.000000000000000,0.000000000000000,0.000000000000000,0.000000000000000,0.000000000000000,0.000000000000000,0.000000000000000,0.000000000000000,0.000000000000000,0.000000000000000,0.000000000000000,0.000000000000000,0.000000000000000,0.000000000000000,0.000000000000000
1,14,42,0.028571428571429,0.145522388059701,0.229226361031519,0.124434389140271,0.162888858432674,0.290076335877863,0.363503755155019,0.367410275144211,0.263513513513513,0.388216139151926,0.468982543469680,0.538819360532964,0.341319928418560,0.614353699626433,0.617773747355029,0.464309609288316,0.719621455646263,0.773238628559899,0.602560064921509,0.694767721679413,0.504920239827465,0.663505662823460,0.484970725911116,0.353828306264501,0.000000000000000,0.000000000000000,0.000000000000000,0.000000000000000,0.000000000000000,0.000000000000000,0.000000000000000,0.000000000000000,0.000000000000000,0.000000000000000,0.000000000000000,0.000000000000000,0.000000000000000,0.000000000000000,0.000000000000000,0.000000000000000,0.000000000000000,0.000000000000000,0.000000000000000,0.000000000000000,0.000000000000000,0.000000000000000,0.000000000000000,0.000000000000000,0.000000000000000,0.000000000000000
1,14,43,0.041095890410959,0.041666666666667,0.126074498567335,0.070925669442471,0.218774408810823,0.249456748105391,0.248253656407217,0.451433086340648,0.464736199269649,0.331941390344299,0.387527474362655,0.370825580940611,0.506257110352674,0.651390677892520,0.532144855984779,0.494621471383339,0.533843885084126,0.542593211477832,0.494264251099882,0.711395160391204,0.499610878984747,0.712923834536641,0.624463519313305,0.436038161764219,0.410953930401515,0.000000000000000,0.000000000000000,0.000000000000000,0.000000000000000,0.000000000000000,0.000000000000000,0.000000000000000,0.000000000000000,0.000000000000000,0.000000000000000,0.000000000000000,0.000000000000000,0.000000000000000,0.000000000000000,0.000000000000000,0.000000000000000,0.000000000000000,0.000000000000000,0.000000000000000,0.000000000000000,0.000000000000000,0.000000000000000,0.000000000000000,0.000000000000000,0.000000000000000
1,14,44,0.000000000000000,0.175675675675676,0.008173403850481,0.159437271500255,0.215847137143021,0.262731396437319,0.200548977263873,0.268064146548051,0.246741459355782,0.458120406296738,0.471546706824543,0.375811502983286,0.364165019235352,0.599882312236757,0.659910690857291,0.474611538064149,0.741432987335897,0.711449216150208,0.689894248534513,0.544641869260450,0.434419021366311,0.498771670812725,0.393188180814418,0.455052848783067,0.404437430661946,0.466208476517755,0.000000000000000,0.000000000000000,0.000000000000000,0.000000000000000,0.000000000000000,0.000000000000000,0.000000000000000,0.000000000000000,0.000000000000000,0.000000000000000,0.000000000000000,0.000000000000000,0.000000000000000,0.000000000000000,0.000000000000000,0.000000000000000,0.000000000000000,0.000000000000000,0.000000000000000,0.000000000000000,0.000000000000000,0.000000000000000,0.000000000000000,0.000000000000000
1,14,45,0.027554266580429,0.164086687306502,0.134472569820235,0.015728776869896,0.297488973133242,0.213969861814525,0.160283834655049,0.191332005230036,0.358794515741228,0.483254121240747,0.498615358980153,0.398622811161447,0.580128283554478,0.594892953877890,0.646179963996833,0.392544083148867,0.476223645590377,0.438056456672879,0.666151168428957,0.613106110129242,0.678909574300055,0.501230061583467,0.575108439257219,0.424973483844115,0.479846278472834,0.444252260542102,0.205525314855711,0.000000000000000,0.000000000000000,0.000000000000000,0.000000000000000,0.000000000000000,0.000000000000000,0.000000000000000,0.000000000000000,0.000000000000000,0.000000000000000,0.000000000000000,0.000000000000000,0.000000000000000,0.000000000000000,0.000000000000000,0.000000000000000,0.000000000000000,0.000000000000000,0.000000000000000,0.000000000000000,0.000000000000000,0.000000000000000,0.000000000000000
1,14,46,0.029605263157895,0.125348300085452,0.002319472957008,0.141630901287554,0.195407654130357,0.082424235358040,0.169117462873190,0.294512517688528,0.335581104333518,0.252483036625674,0.341576464014725,0.493110891794515,0.475516299096711,0.546905379223234,0.558379533250373,0.573190279843830,0.360474492891611,0.482136431034258,0.455401460090040,0.422032558816171,0.363049866283944,0.527249605476720,0.459184381072601,0.513505116938410,0.538239294613893,0.486820681800934,0.377475713145345,0.345464287920773,0.000000000000000,0.000000000000000,0.000000000000000,0.000000000000000,0.000000000000000,0.000000000000000,0.000000000000000,0.000000000000000,0.000000000000000,0.000000000000000,0.000000000000000,0.000000000000000,0.000000000000000,0.000000000000000,0.000000000000000,0.000000000000000,0.000000000000000,0.000000000000000,0.000000000000000,0.000000000000000,0.000000000000000,0.000000000000000
1,14,47,0.050704225352113,0.079254079254079,0.231711423578519,0.112984957940933,0.235224314820693,0.198332636836600,0.250364446321407,0.287255174780033,0.332129448619619,0.452874222098472,0.566793024274643,0.324712951114761,0.464799120740089,0.438430456690980,0.507544088241900,0.461457065178513,0.478986961805010,0.390599950376903,0.534532632784898,0.621987675030195,0.675297754817073,0.563055088484170,0.539646024876988,0.410757575443229,0.556526828886833,0.466448525575068,0.339765594253894,0.385627601431044,0.293995859213250,0.000000000000000,0.000000000000000,0.000000000000000,0.000000000000000,0.000000000000000,0.000000000000000,0.000000000000000,0.000000000000000,0.000000000000000,0.000000000000000,0.000000000000000,0.000000000000000,0.000000000000000,0.000000000000000,0.000000000000000,0.000000000000000,0.000000000000000,0.000000000000000,0.000000000000000,0.000000000000000,0.000000000000000
1,14,48,0.022784810126582,0.038712695860011,0.129411764705882,0.102015752493021,0.184948530968138,0.191599170730771,0.264384481705382,0.316862009052481,0.289592046300911,0.432211137389591,0.398057631275690,0.539249479752492,0.424462017383467,0.467841635061991,0.474269508545148,0.677695783455252,0.460695373587537,0.564422321896649,0.576512754842480,0.373427067342430,0.588874528335839,0.517110221859756,0.512416691506585,0.557832654789687,0.395362517567436,0.417026797434786,0.405732651067164,0.433890315489088,0.383613820657622,0.452869389330206,0.000000000000000,0.000000000000000,0.000000000000000,0.000000000000000,0.000000000000000,0.000000000000000,0.000000000000000,0.000000000000000,0.000000000000000,0.000000000000000,0.000000000000000,0.000000000000000,0.000000000000000,0.000000000000000,0.000000000000000,0.000000000000000,0.000000000000000,0.000000000000000,0.000000000000000,0.000000000000000
1,14,49,0.019898312580234,0.122688311544742,0.093886462882096,0.137712909947266,0.226823670055264,0.194735422669007,0.130230915273971,0.365148815555460,0.312098911746304,0.484182404511552,0.342942164523023,0.468879915159679,0.653328246055908,0.542237654118353,0.465776393837549,0.483497303084887,0.491554313202339,0.570650682773696,0.469180779496927,0.501209812182991,0.595732951898476,0.421981665433740,0.540687703398976,0.435650888177820,0.541089790580341,0.589245569390818,0.335662064925258,0.419110212335693,0.365394470836099,0.330106243604764,0.274085832080390,0.000000000000000,0.000000000000000,0.000000000000000,0.000000000000000,0.000000000000000,0.000000000000000,0.000000000000000,0.000000000000000,0.000000000000000,0.000000000000000,0.000000000000000,0.000000000000000,0.000000000000000,0.000000000000000,0.000000000000000,0.000000000000000,0.000000000000000,0.000000000000000,0.000000000000000
1,14,50,0.036399967224854,0.050955414012739,0.114877589453861,0.116478240981433,0.149056684770525,0.257057272415909,0.288196303444052,0.356270192691484,0.298700743002572,0.365942440071776,0.553553794280863,0.295002526341640,0.545127789442253,0.510191968611238,0.274756765618688,0.614338947400358,0.546384193831918,0.392558618301047,0.256557835094864,0.504070935310789,0.618885072331879,0.744787813342103,0.346100878839647,0.630031034183731,0.436311274461270,0.628252984114853,0.370096066076478,0.422806110810698,0.361077696989040,0.359718133399104,0.313005292706592,0.268697103421051,0.000000000000000,0.000000000000000,0.000000000000000,0.000000000000000,0.000000000000000,0.000000000000000,0.000000000000000,0.000000000000000,0.000000000000000,0.000000000000000,0.000000000000000,0.000000000000000,0.000000000000000,0.000000000000000,0.000000000000000,0.000000000000000,0.000000000000000,0.000000000000000
1,14,51,0.044543429844098,0.049360146252285,0.035714285714286,0.143345581295581,0.266553480475382,0.220369588981548,0.189192408239044,0.339093110249107,0.379439361534348,0.357325975606113,0.410430962806121,0.474402959574582,0.686295256001623,0.477276490400604,0.643521790005601,0.324991667529331,0.716312725044341,0.441825141717942,0.406601767551559,0.493878764108978,0.625038707086675,0.424246105934435,0.543779437668180,0.544061882944176,0.527831720057230,0.442194919470824,0.426386439967768,0.517256414342820,0.433148490449784,0.328802345892923,0.345922834507358,0.403090307131059,0.198804185351271,0.000000000000000,0.000000000000000,0.000000000000000,0.000000000000000,0.000000000000000,0.000000000000000,0.000000000000000,0.000000000000000,0.000000000000000,0.000000000000000,0.000000000000000,0.000000000000000,0.000000000000000,0.000000000000000,0.000000000000000,0.000000000000000,0.000000000000000
1,14,52,0.027022067374375,0.162246489859594,0.188429752066116,0.238619264563585,0.227805695142379,0.366148531951641,0.371954237288589,0.259548324674889,0.372782960197491,0.496212600849292,0.531625458709269,0.589119868140584,0.451131788477718,0.883566826667285,0.744315866575047,0.437374705313712,0.558188906756257,0.538971075728024,0.414627530313457,0.506602774547978,0.548839832233194,0.470656719215828,0.430318346625070,0.559290979207124,0.538730272942189,0.365151934011120,0.669134081946451,0.450994302884489,0.382857465256296,0.434140828498381,0.426348379353214,0.296907842244178,0.323316792364800,0.363612044838910,0.000000000000000,0.000000000000000,0.000000000000000,0.000000000000000,0.000000000000000,0.000000000000000,0.000000000000000,0.000000000000000,0.000000000000000,0.000000000000000,0.000000000000000,0.000000000000000,0.000000000000000,0.000000000000000,0.000000000000000,0.000000000000000
1,14,53,0.006980265061335,0.119013062409289,0.096670291271340,0.130350448241227,0.278560250391236,0.429252782193959,0.359696109189306,0.532440076594957,0.420904988800617,0.239451387562828,0.633926819143932,0.572286145714136,0.436586888414918,0.431493773074967,0.576667069468040,0.395942651286219,0.420392497423572,0.398597106264826,0.386180754857050,0.700461552433167,0.589186010207420,0.371939467555212,0.529987632053691,0.463068243162273,0.633685712769629,0.580446143408563,0.384850536242849,0.392269039090820,0.355292376017765,0.413081607240206,0.532890365448505,0.346033271036123,0.355162700475413,0.402903581683943,0.315068493150685,0.000000000000000,0.000000000000000,0.000000000000000,0.000000000000000,0.000000000000000,0.000000000000000,0.000000000000000,0.000000000000000,0.000000000000000,0.000000000000000,0.000000000000000,0.000000000000000,0.000000000000000,0.000000000000000,0.000000000000000
1,14,54,0.061481490968514,0.074769834073964,0.142648536041599,0.098950524737631,0.197636085884646,0.266212729101811,0.369831996842022,0.466882067851373,0.277013256982079,0.271691054153027,0.505076941768047,0.462855958273589,0.460634095035681,0.336357195029392,0.380174834137721,0.620707386737919,0.406800581606151,0.367924528301887,0.266440087950244,0.448428634290600,0.351106828078288,0.441539444338356,0.571264437003122,0.588122605363985,0.616805170821791,0.693136242631135,0.643631558566235,0.636124140511219,0.464432316799741,0.544979084914297,0.386067847749234,0.406341694320765,0.326264846371188,0.367671621858844,0.316735226825260,0.467918622848200,0.000000000000000,0.000000000000000,0.000000000000000,0.000000000000000,0.000000000000000,0.000000000000000,0.000000000000000,0.000000000000000,0.000000000000000,0.000000000000000,0.000000000000000,0.000000000000000,0.000000000000000,0.000000000000000
1,14,55,0.039759036144578,0.076271186440678,0.110733928428150,0.142553977771253,0.088795522058492,0.229067930489731,0.243463122919988,0.389829061567631,0.426604849174504,0.471124620060790,0.416339620950866,0.582970985866304,0.299957288433966,0.643977851151867,0.381935219813604,0.542564461204920,0.444415381937136,0.614735465679112,0.292582778354304,0.484183171235649,0.446971440809544,0.523809523809524,0.315545243619490,0.279859484777517,0.324760786327238,0.505152706290849,0.324243417025678,0.430617017803461,0.346280152972518,0.345935727788280,0.267862894291188,0.326667542104936,0.336537699907942,0.535743406545202,0.508111846459883,0.354677839531898,0.223713646532438,0.000000000000000,0.000000000000000,0.000000000000000,0.000000000000000,0.000000000000000,0.000000000000000,0.000000000000000,0.000000000000000,0.000000000000000,0.000000000000000,0.000000000000000,0.000000000000000,0.000000000000000
1,14,56,0.031284281739364,0.091653917870465,0.182578660961599,0.165723361824874,0.191024196728009,0.202226345083488,0.243963452761339,0.379632614272208,0.375435513593212,0.491622785906080,0.391276535329554,0.436967258207701,0.535211267605634,0.476621867225353,0.538028773143267,0.933176789712562,0.772558389480593,0.314432407797289,0.523377336726453,0.343265602710490,0.507514778815271,0.540162980209546,0.607382550335570,0.422481459248379,0.436905037345498,0.431120128628012,0.714671316234925,0.439191073383253,0.461348260730639,0.396227708814164,0.408308004052685,0.357978620072844,0.243155233199252,0.441067120559035,0.343524520653507,0.539568345323741,0.273844222182449,0.451355661881978,0.000000000000000,0.000000000000000,0.000000000000000,0.000000000000000,0.000000000000000,0.000000000000000,0.000000000000000,0.000000000000000,0.000000000000000,0.000000000000000,0.000000000000000,0.000000000000000
1,14,57,0.027615146200476,0.084498960093797,0.176740448872131,0.268989473865397,0.183810110027582,0.275342747083760,0.243690526197107,0.330165764095918,0.474489795918367,0.415284503656839,0.550468744776637,0.619586600461627,0.798128922935911,0.570573899495136,0.466480446927374,0.380349136191053,0.694288763345989,0.605862273845013,0.747595578509257,0.899386503067485,0.528790044176818,0.269968344043936,0.593613844441858,0.485092541940307,0.528052581998158,0.524418723705003,0.463489206284510,0.550409774906905,0.445880129127133,0.583893694488393,0.599522731561066,0.411535951405444,0.530327594232523,0.428147456180620,0.743006993006993,0.353098556168960,0.325727773406766,0.313800764915600,0.184573212632117,0.000000000000000,0.000000000000000,0.000000000000000,0.000000000000000,0.000000000000000,0.000000000000000,0.000000000000000,0.000000000000000,0.000000000000000,0.000000000000000,0.000000000000000
1,14,58,0.016180459297878,0.083709852650834,0.070568697040088,0.126457746890970,0.175770887343230,0.183052060906911,0.349544072948328,0.270015698587127,0.594894004536895,0.479732929853259,0.546313020787828,0.625870175480903,0.479514415781487,0.575470630043174,0.751937984496124,0.390217645092576,0.420502923180763,0.360049954389228,0.626721763085400,0.481918100236407,0.377999927057983,0.358523703057298,0.475457931551799,0.521285872247044,0.566148673808143,0.394235317995878,0.366688964595076,0.475169060462341,0.348780487804878,0.701609496400977,0.281176470588235,0.342088705775928,0.320450242887965,0.394030946727990,0.415699741841766,0.372700871248790,0.288000000000000,0.430349133185554,0.408866125044154,0.122401847575058,0.000000000000000,0.000000000000000,0.000000000000000,0.000000000000000,0.000000000000000,0.000000000000000,0.000000000000000,0.000000000000000,0.000000000000000,0.000000000000000
1,14,59,0.034343434343434,0.054645330945074,0.191743851675732,0.204990777643185,0.059252801205833,0.282513931832869,0.171119712064510,0.272072083497897,0.616372391653290,0.297738836564375,0.657095887215151,0.487963256131589,0.458810590519006,0.888059701492537,0.702719637686555,0.508816430743658,0.811301001058255,0.574052556527524,0.298192951066265,0.338781180442170,0.400282885431400,0.469584629554525,0.560940084970299,0.678117912084926,0.552877771306186,0.493580599144080,0.366250231587680,0.717731775024461,0.541411900038809,0.329597832756363,0.207397622192867,0.310648987933970,0.319700819397852,0.388304093567251,0.490642589848981,0.273260537751842,0.207753479125249,0.247352906476038,0.437155455111247,0.320975512349473,0.217603911980440,0.000000000000000,0.000000000000000,0.000000000000000,0.000000000000000,0.000000000000000,0.000000000000000,0.000000000000000,0.000000000000000,0.000000000000000
1,14,60,0.000000000000000,0.101010101010101,0.000000000000000,0.000000000000000,0.000000000000000,0.240740740740741,0.000000000000000,0.000000000000000,0.000000000000000,0.000000000000000,0.000000000000000,0.000000000000000,0.000000000000000,0.000000000000000,0.785714285714286,0.314285714285714,1.833333333333330,0.375000000000000,0.000000000000000,0.642857142857143,0.419354838709677,0.000000000000000,0.571428571428571,0.093750000000000,0.000000000000000,0.355555555555556,1.260869565217390,1.500000000000000,0.948717948717949,1.446428571428570,0.533333333333333,0.000000000000000,0.757575757575758,0.062500000000000,0.159090909090909,0.190476190476190,1.461538461538460,0.363636363636364,0.545454545454546,1.781818181818180,0.786206896551724,0.000000000000000,0.000000000000000,0.000000000000000,0.000000000000000,0.000000000000000,0.000000000000000,0.000000000000000,0.000000000000000,0.000000000000000
1,14,61,0.000000000000000,0.000000000000000,0.035294117647059,0.086206896551724,0.000000000000000,0.000000000000000,0.000000000000000,0.000000000000000,0.000000000000000,0.324324324324324,0.000000000000000,0.400000000000000,0.000000000000000,0.000000000000000,0.324324324324324,0.000000000000000,0.000000000000000,0.107142857142857,0.000000000000000,0.235294117647059,0.000000000000000,0.000000000000000,0.000000000000000,0.000000000000000,0.139534883720930,0.541666666666667,0.000000000000000,0.000000000000000,0.521739130434783,0.272727272727273,0.081632653061225,0.462962962962963,0.000000000000000,0.244897959183673,0.415094339622641,1.696428571428570,0.318181818181818,0.698795180722892,0.246376811594203,0.469696969696970,0.356321839080460,0.167938931297710,0.000000000000000,0.000000000000000,0.000000000000000,0.000000000000000,0.000000000000000,0.000000000000000,0.000000000000000,0.000000000000000
1,14,62,0.000000000000000,0.000000000000000,0.039215686274510,0.000000000000000,0.000000000000000,0.000000000000000,0.000000000000000,0.000000000000000,0.000000000000000,0.000000000000000,0.000000000000000,0.352941176470588,0.000000000000000,0.000000000000000,0.000000000000000,0.000000000000000,0.000000000000000,0.000000000000000,0.063829787234043,0.285714285714286,0.000000000000000,0.000000000000000,0.000000000000000,0.846153846153846,0.000000000000000,0.363636363636364,0.681818181818182,0.428571428571429,0.090909090909091,0.000000000000000,0.000000000000000,0.814814814814815,0.305555555555556,0.000000000000000,0.618181818181818,0.000000000000000,0.000000000000000,0.375000000000000,0.000000000000000,0.742424242424242,0.417582417582418,0.419047619047619,0.399014778325123,0.000000000000000,0.000000000000000,0.000000000000000,0.000000000000000,0.000000000000000,0.000000000000000,0.000000000000000
1,14,63,0.000000000000000,0.000000000000000,0.000000000000000,0.000000000000000,0.000000000000000,0.000000000000000,0.146341463414634,0.000000000000000,0.000000000000000,0.000000000000000,0.212121212121212,0.074074074074074,0.000000000000000,0.000000000000000,0.375000000000000,0.000000000000000,0.444444444444444,0.555555555555556,0.000000000000000,0.818181818181818,0.000000000000000,0.000000000000000,0.000000000000000,0.107142857142857,0.000000000000000,0.387096774193548,0.617021276595745,0.700000000000000,0.000000000000000,0.000000000000000,0.405405405405405,0.071428571428571,0.000000000000000,0.000000000000000,0.195121951219512,0.166666666666667,0.000000000000000,0.000000000000000,0.200000000000000,0.038961038961039,0.062500000000000,0.447058823529412,0.746666666666667,0.150943396226415,0.000000000000000,0.000000000000000,0.000000000000000,0.000000000000000,0.000000000000000,0.000000000000000
1,14,64,0.000000000000000,0.000000000000000,0.000000000000000,0.000000000000000,0.000000000000000,0.000000000000000,0.000000000000000,1.200000000000000,0.000000000000000,0.000000000000000,0.000000000000000,0.000000000000000,0.000000000000000,0.000000000000000,0.000000000000000,0.000000000000000,0.000000000000000,0.000000000000000,0.193548387096774,0.074074074074074,1.307692307692310,0.137931034482759,0.000000000000000,0.000000000000000,0.000000000000000,0.000000000000000,0.000000000000000,0.000000000000000,0.000000000000000,0.000000000000000,0.580645161290323,0.272727272727273,1.000000000000000,0.055555555555556,0.000000000000000,0.000000000000000,0.000000000000000,0.000000000000000,0.071428571428571,0.788461538461538,0.147058823529412,0.428571428571429,0.611111111111111,0.875000000000000,0.136645962732919,0.000000000000000,0.000000000000000,0.000000000000000,0.000000000000000,0.000000000000000
1,14,65,0.000000000000000,0.000000000000000,0.000000000000000,0.000000000000000,0.000000000000000,0.000000000000000,0.000000000000000,0.000000000000000,0.000000000000000,0.000000000000000,9.000000000000000,0.000000000000000,0.000000000000000,0.000000000000000,0.000000000000000,0.000000000000000,0.000000000000000,0.000000000000000,0.000000000000000,0.000000000000000,0.000000000000000,0.000000000000000,0.000000000000000,0.000000000000000,0.000000000000000,0.000000000000000,0.000000000000000,0.000000000000000,0.000000000000000,0.000000000000000,0.000000000000000,0.000000000000000,0.000000000000000,0.000000000000000,0.000000000000000,0.000000000000000,0.000000000000000,0.000000000000000,0.000000000000000,0.000000000000000,0.000000000000000,0.000000000000000,0.000000000000000,0.000000000000000,0.000000000000000,0.000000000000000,0.000000000000000,0.000000000000000,0.000000000000000,0.000000000000000
1,14,66,0.000000000000000,0.000000000000000,0.000000000000000,0.000000000000000,0.000000000000000,0.000000000000000,0.000000000000000,0.000000000000000,0.000000000000000,0.000000000000000,0.000000000000000,0.000000000000000,0.000000000000000,0.000000000000000,0.000000000000000,0.000000000000000,0.000000000000000,0.000000000000000,0.000000000000000,0.000000000000000,0.000000000000000,0.000000000000000,0.000000000000000,0.000000000000000,0.000000000000000,0.000000000000000,0.000000000000000,0.000000000000000,0.000000000000000,0.000000000000000,0.000000000000000,0.000000000000000,0.000000000000000,0.000000000000000,0.000000000000000,0.000000000000000,0.000000000000000,0.000000000000000,0.000000000000000,0.000000000000000,0.000000000000000,0.000000000000000,0.000000000000000,0.000000000000000,0.000000000000000,0.000000000000000,0.000000000000000,0.000000000000000,0.000000000000000,0.000000000000000
1,14,67,0.000000000000000,0.000000000000000,0.000000000000000,0.000000000000000,0.000000000000000,0.000000000000000,0.000000000000000,0.000000000000000,0.000000000000000,0.000000000000000,0.000000000000000,0.000000000000000,0.000000000000000,0.000000000000000,0.000000000000000,0.000000000000000,0.000000000000000,0.000000000000000,0.000000000000000,0.000000000000000,0.000000000000000,0.000000000000000,0.000000000000000,0.000000000000000,0.000000000000000,0.000000000000000,0.000000000000000,0.000000000000000,0.000000000000000,0.000000000000000,0.000000000000000,0.000000000000000,0.000000000000000,0.000000000000000,0.000000000000000,0.000000000000000,0.000000000000000,0.000000000000000,0.000000000000000,0.000000000000000,0.000000000000000,0.000000000000000,0.000000000000000,0.000000000000000,0.000000000000000,0.000000000000000,0.000000000000000,0.000000000000000,0.000000000000000,0.000000000000000
1,14,68,0.000000000000000,0.000000000000000,0.000000000000000,0.000000000000000,0.000000000000000,0.000000000000000,0.000000000000000,0.000000000000000,0.000000000000000,0.000000000000000,0.000000000000000,0.000000000000000,0.000000000000000,0.000000000000000,0.000000000000000,0.000000000000000,0.000000000000000,0.000000000000000,0.000000000000000,0.000000000000000,0.000000000000000,0.000000000000000,0.000000000000000,0.000000000000000,0.000000000000000,0.000000000000000,0.000000000000000,0.000000000000000,0.000000000000000,0.000000000000000,0.000000000000000,0.000000000000000,0.000000000000000,0.000000000000000,0.000000000000000,0.000000000000000,0.000000000000000,0.000000000000000,0.000000000000000,0.000000000000000,0.000000000000000,0.000000000000000,0.000000000000000,0.000000000000000,0.000000000000000,0.000000000000000,0.000000000000000,0.000000000000000,0.000000000000000,0.000000000000000
1,14,69,0.000000000000000,0.000000000000000,0.000000000000000,0.000000000000000,0.000000000000000,0.000000000000000,0.000000000000000,0.000000000000000,0.000000000000000,0.000000000000000,0.000000000000000,0.000000000000000,0.000000000000000,0.000000000000000,0.000000000000000,0.000000000000000,0.000000000000000,0.000000000000000,0.000000000000000,0.000000000000000,0.000000000000000,0.000000000000000,0.000000000000000,0.000000000000000,0.000000000000000,0.000000000000000,0.000000000000000,0.000000000000000,0.000000000000000,0.000000000000000,0.000000000000000,0.000000000000000,0.000000000000000,0.000000000000000,0.000000000000000,0.000000000000000,0.000000000000000,0.000000000000000,0.000000000000000,0.000000000000000,0.000000000000000,0.000000000000000,0.000000000000000,0.000000000000000,0.000000000000000,0.000000000000000,0.000000000000000,0.000000000000000,0.000000000000000,0.000000000000000
