02_1f_Taikisha.csv,,,,,,,,,,,,,,,,,,,,,,,,,,,,,,,,,,,,,,,,,,,,,,,,,,,,
2,1,20,15340.000000000000000,0.000000000000000,0.000000000000000,0.000000000000000,0.000000000000000,0.000000000000000,0.000000000000000,0.000000000000000,0.000000000000000,0.000000000000000,0.000000000000000,0.000000000000000,0.000000000000000,0.000000000000000,0.000000000000000,0.000000000000000,0.000000000000000,0.000000000000000,0.000000000000000,0.000000000000000,0.000000000000000,0.000000000000000,0.000000000000000,0.000000000000000,0.000000000000000,0.000000000000000,0.000000000000000,0.000000000000000,0.000000000000000,0.000000000000000,0.000000000000000,0.000000000000000,0.000000000000000,0.000000000000000,0.000000000000000,0.000000000000000,0.000000000000000,0.000000000000000,0.000000000000000,0.000000000000000,0.000000000000000,0.000000000000000,0.000000000000000,0.000000000000000,0.000000000000000,0.000000000000000,0.000000000000000,0.000000000000000,0.000000000000000,0.000000000000000
2,1,21,91010.000000000000000,18575.000000000000000,0.000000000000000,0.000000000000000,0.000000000000000,0.000000000000000,0.000000000000000,0.000000000000000,0.000000000000000,0.000000000000000,0.000000000000000,0.000000000000000,0.000000000000000,0.000000000000000,0.000000000000000,0.000000000000000,0.000000000000000,0.000000000000000,0.000000000000000,0.000000000000000,0.000000000000000,0.000000000000000,0.000000000000000,0.000000000000000,0.000000000000000,0.000000000000000,0.000000000000000,0.000000000000000,0.000000000000000,0.000000000000000,0.000000000000000,0.000000000000000,0.000000000000000,0.000000000000000,0.000000000000000,0.000000000000000,0.000000000000000,0.000000000000000,0.000000000000000,0.000000000000000,0.000000000000000,0.000000000000000,0.000000000000000,0.000000000000000,0.000000000000000,0.000000000000000,0.000000000000000,0.000000000000000,0.000000000000000,0.000000000000000
2,1,22,97470.000000000000000,56545.000000000000000,16950.000000000000000,0.000000000000000,0.000000000000000,0.000000000000000,0.000000000000000,0.000000000000000,0.000000000000000,0.000000000000000,0.000000000000000,0.000000000000000,0.000000000000000,0.000000000000000,0.000000000000000,0.000000000000000,0.000000000000000,0.000000000000000,0.000000000000000,0.000000000000000,0.000000000000000,0.000000000000000,0.000000000000000,0.000000000000000,0.000000000000000,0.000000000000000,0.000000000000000,0.000000000000000,0.000000000000000,0.000000000000000,0.000000000000000,0.000000000000000,0.000000000000000,0.000000000000000,0.000000000000000,0.000000000000000,0.000000000000000,0.000000000000000,0.000000000000000,0.000000000000000,0.000000000000000,0.000000000000000,0.000000000000000,0.000000000000000,0.000000000000000,0.000000000000000,0.000000000000000,0.000000000000000,0.000000000000000,0.000000000000000
2,1,23,106360.000000000000000,60365.000000000000000,193760.000000000000000,28475.000000000000000,0.000000000000000,0.000000000000000,0.000000000000000,0.000000000000000,0.000000000000000,0.000000000000000,0.000000000000000,0.000000000000000,0.000000000000000,0.000000000000000,0.000000000000000,0.000000000000000,0.000000000000000,0.000000000000000,0.000000000000000,0.000000000000000,0.000000000000000,0.000000000000000,0.000000000000000,0.000000000000000,0.000000000000000,0.000000000000000,0.000000000000000,0.000000000000000,0.000000000000000,0.000000000000000,0.000000000000000,0.000000000000000,0.000000000000000,0.000000000000000,0.000000000000000,0.000000000000000,0.000000000000000,0.000000000000000,0.000000000000000,0.000000000000000,0.000000000000000,0.000000000000000,0.000000000000000,0.000000000000000,0.000000000000000,0.000000000000000,0.000000000000000,0.000000000000000,0.000000000000000,0.000000000000000
2,1,24,108495.000000000000000,62670.000000000000000,188745.000000000000000,57590.000000000000000,9000.000000000000000,0.000000000000000,0.000000000000000,0.000000000000000,0.000000000000000,0.000000000000000,0.000000000000000,0.000000000000000,0.000000000000000,0.000000000000000,0.000000000000000,0.000000000000000,0.000000000000000,0.000000000000000,0.000000000000000,0.000000000000000,0.000000000000000,0.000000000000000,0.000000000000000,0.000000000000000,0.000000000000000,0.000000000000000,0.000000000000000,0.000000000000000,0.000000000000000,0.000000000000000,0.000000000000000,0.000000000000000,0.000000000000000,0.000000000000000,0.000000000000000,0.000000000000000,0.000000000000000,0.000000000000000,0.000000000000000,0.000000000000000,0.000000000000000,0.000000000000000,0.000000000000000,0.000000000000000,0.000000000000000,0.000000000000000,0.000000000000000,0.000000000000000,0.000000000000000,0.000000000000000
2,1,25,108030.000000000000000,64475.000000000000000,185625.000000000000000,62090.000000000000000,32670.000000000000000,6450.000000000000000,0.000000000000000,0.000000000000000,0.000000000000000,0.000000000000000,0.000000000000000,0.000000000000000,0.000000000000000,0.000000000000000,0.000000000000000,0.000000000000000,0.000000000000000,0.000000000000000,0.000000000000000,0.000000000000000,0.000000000000000,0.000000000000000,0.000000000000000,0.000000000000000,0.000000000000000,0.000000000000000,0.000000000000000,0.000000000000000,0.000000000000000,0.000000000000000,0.000000000000000,0.000000000000000,0.000000000000000,0.000000000000000,0.000000000000000,0.000000000000000,0.000000000000000,0.000000000000000,0.000000000000000,0.000000000000000,0.000000000000000,0.000000000000000,0.000000000000000,0.000000000000000,0.000000000000000,0.000000000000000,0.000000000000000,0.000000000000000,0.000000000000000,0.000000000000000
2,1,26,104605.000000000000000,64890.000000000000000,174435.000000000000000,68210.000000000000000,35290.000000000000000,17300.000000000000000,4215.000000000000000,0.000000000000000,0.000000000000000,0.000000000000000,0.000000000000000,0.000000000000000,0.000000000000000,0.000000000000000,0.000000000000000,0.000000000000000,0.000000000000000,0.000000000000000,0.000000000000000,0.000000000000000,0.000000000000000,0.000000000000000,0.000000000000000,0.000000000000000,0.000000000000000,0.000000000000000,0.000000000000000,0.000000000000000,0.000000000000000,0.000000000000000,0.000000000000000,0.000000000000000,0.000000000000000,0.000000000000000,0.000000000000000,0.000000000000000,0.000000000000000,0.000000000000000,0.000000000000000,0.000000000000000,0.000000000000000,0.000000000000000,0.000000000000000,0.000000000000000,0.000000000000000,0.000000000000000,0.000000000000000,0.000000000000000,0.000000000000000,0.000000000000000
2,1,27,102810.000000000000000,67330.000000000000000,176900.000000000000000,75525.000000000000000,40530.000000000000000,21010.000000000000000,10600.000000000000000,3110.000000000000000,0.000000000000000,0.000000000000000,0.000000000000000,0.000000000000000,0.000000000000000,0.000000000000000,0.000000000000000,0.000000000000000,0.000000000000000,0.000000000000000,0.000000000000000,0.000000000000000,0.000000000000000,0.000000000000000,0.000000000000000,0.000000000000000,0.000000000000000,0.000000000000000,0.000000000000000,0.000000000000000,0.000000000000000,0.000000000000000,0.000000000000000,0.000000000000000,0.000000000000000,0.000000000000000,0.000000000000000,0.000000000000000,0.000000000000000,0.000000000000000,0.000000000000000,0.000000000000000,0.000000000000000,0.000000000000000,0.000000000000000,0.000000000000000,0.000000000000000,0.000000000000000,0.000000000000000,0.000000000000000,0.000000000000000,0.000000000000000
2,1,28,94735.000000000000000,63775.000000000000000,163740.000000000000000,77860.000000000000000,43180.000000000000000,23570.000000000000000,12370.000000000000000,7210.000000000000000,2300.000000000000000,0.000000000000000,0.000000000000000,0.000000000000000,0.000000000000000,0.000000000000000,0.000000000000000,0.000000000000000,0.000000000000000,0.000000000000000,0.000000000000000,0.000000000000000,0.000000000000000,0.000000000000000,0.000000000000000,0.000000000000000,0.000000000000000,0.000000000000000,0.000000000000000,0.000000000000000,0.000000000000000,0.000000000000000,0.000000000000000,0.000000000000000,0.000000000000000,0.000000000000000,0.000000000000000,0.000000000000000,0.000000000000000,0.000000000000000,0.000000000000000,0.000000000000000,0.000000000000000,0.000000000000000,0.000000000000000,0.000000000000000,0.000000000000000,0.000000000000000,0.000000000000000,0.000000000000000,0.000000000000000,0.000000000000000
2,1,29,91140.000000000000000,62240.000000000000000,157595.000000000000000,81395.000000000000000,46840.000000000000000,26410.000000000000000,15490.000000000000000,9200.000000000000000,6190.000000000000000,2035.000000000000000,0.000000000000000,0.000000000000000,0.000000000000000,0.000000000000000,0.000000000000000,0.000000000000000,0.000000000000000,0.000000000000000,0.000000000000000,0.000000000000000,0.000000000000000,0.000000000000000,0.000000000000000,0.000000000000000,0.000000000000000,0.000000000000000,0.000000000000000,0.000000000000000,0.000000000000000,0.000000000000000,0.000000000000000,0.000000000000000,0.000000000000000,0.000000000000000,0.000000000000000,0.000000000000000,0.000000000000000,0.000000000000000,0.000000000000000,0.000000000000000,0.000000000000000,0.000000000000000,0.000000000000000,0.000000000000000,0.000000000000000,0.000000000000000,0.000000000000000,0.000000000000000,0.000000000000000,0.000000000000000
2,1,30,87740.000000000000000,59270.000000000000000,150655.000000000000000,82090.000000000000000,49095.000000000000000,30010.000000000000000,17970.000000000000000,12315.000000000000000,7940.000000000000000,5175.000000000000000,1770.000000000000000,0.000000000000000,0.000000000000000,0.000000000000000,0.000000000000000,0.000000000000000,0.000000000000000,0.000000000000000,0.000000000000000,0.000000000000000,0.000000000000000,0.000000000000000,0.000000000000000,0.000000000000000,0.000000000000000,0.000000000000000,0.000000000000000,0.000000000000000,0.000000000000000,0.000000000000000,0.000000000000000,0.000000000000000,0.000000000000000,0.000000000000000,0.000000000000000,0.000000000000000,0.000000000000000,0.000000000000000,0.000000000000000,0.000000000000000,0.000000000000000,0.000000000000000,0.000000000000000,0.000000000000000,0.000000000000000,0.000000000000000,0.000000000000000,0.000000000000000,0.000000000000000,0.000000000000000
2,1,31,85950.000000000000000,57615.000000000000000,139415.000000000000000,82775.000000000000000,49760.000000000000000,33335.000000000000000,21290.000000000000000,14005.000000000000000,9815.000000000000000,6590.000000000000000,4335.000000000000000,1595.000000000000000,0.000000000000000,0.000000000000000,0.000000000000000,0.000000000000000,0.000000000000000,0.000000000000000,0.000000000000000,0.000000000000000,0.000000000000000,0.000000000000000,0.000000000000000,0.000000000000000,0.000000000000000,0.000000000000000,0.000000000000000,0.000000000000000,0.000000000000000,0.000000000000000,0.000000000000000,0.000000000000000,0.000000000000000,0.000000000000000,0.000000000000000,0.000000000000000,0.000000000000000,0.000000000000000,0.000000000000000,0.000000000000000,0.000000000000000,0.000000000000000,0.000000000000000,0.000000000000000,0.000000000000000,0.000000000000000,0.000000000000000,0.000000000000000,0.000000000000000,0.000000000000000
2,1,32,87785.000000000000000,58925.000000000000000,132295.000000000000000,81735.000000000000000,50870.000000000000000,34310.000000000000000,23995.000000000000000,17295.000000000000000,11750.000000000000000,8210.000000000000000,5765.000000000000000,3540.000000000000000,1360.000000000000000,0.000000000000000,0.000000000000000,0.000000000000000,0.000000000000000,0.000000000000000,0.000000000000000,0.000000000000000,0.000000000000000,0.000000000000000,0.000000000000000,0.000000000000000,0.000000000000000,0.000000000000000,0.000000000000000,0.000000000000000,0.000000000000000,0.000000000000000,0.000000000000000,0.000000000000000,0.000000000000000,0.000000000000000,0.000000000000000,0.000000000000000,0.000000000000000,0.000000000000000,0.000000000000000,0.000000000000000,0.000000000000000,0.000000000000000,0.000000000000000,0.000000000000000,0.000000000000000,0.000000000000000,0.000000000000000,0.000000000000000,0.000000000000000,0.000000000000000
2,1,33,91630.000000000000000,64110.000000000000000,127515.000000000000000,81890.000000000000000,53440.000000000000000,36045.000000000000000,25735.000000000000000,19495.000000000000000,14580.000000000000000,10420.000000000000000,7770.000000000000000,5180.000000000000000,3435.000000000000000,1145.000000000000000,0.000000000000000,0.000000000000000,0.000000000000000,0.000000000000000,0.000000000000000,0.000000000000000,0.000000000000000,0.000000000000000,0.000000000000000,0.000000000000000,0.000000000000000,0.000000000000000,0.000000000000000,0.000000000000000,0.000000000000000,0.000000000000000,0.000000000000000,0.000000000000000,0.000000000000000,0.000000000000000,0.000000000000000,0.000000000000000,0.000000000000000,0.000000000000000,0.000000000000000,0.000000000000000,0.000000000000000,0.000000000000000,0.000000000000000,0.000000000000000,0.000000000000000,0.000000000000000,0.000000000000000,0.000000000000000,0.000000000000000,0.000000000000000
2,1,34,94265.000000000000000,67675.000000000000000,122485.000000000000000,80860.000000000000000,52515.000000000000000,36940.000000000000000,26070.000000000000000,20340.000000000000000,16470.000000000000000,12395.000000000000000,8985.000000000000000,6420.000000000000000,4380.000000000000000,3170.000000000000000,1255.000000000000000,0.000000000000000,0.000000000000000,0.000000000000000,0.000000000000000,0.000000000000000,0.000000000000000,0.000000000000000,0.000000000000000,0.000000000000000,0.000000000000000,0.000000000000000,0.000000000000000,0.000000000000000,0.000000000000000,0.000000000000000,0.000000000000000,0.000000000000000,0.000000000000000,0.000000000000000,0.000000000000000,0.000000000000000,0.000000000000000,0.000000000000000,0.000000000000000,0.000000000000000,0.000000000000000,0.000000000000000,0.000000000000000,0.000000000000000,0.000000000000000,0.000000000000000,0.000000000000000,0.000000000000000,0.000000000000000,0.000000000000000
2,1,35,95115.000000000000000,73680.000000000000000,128355.000000000000000,78810.000000000000000,48525.000000000000000,35815.000000000000000,26475.000000000000000,20470.000000000000000,16355.000000000000000,14225.000000000000000,11085.000000000000000,7545.000000000000000,5625.000000000000000,4100.000000000000000,2890.000000000000000,1195.000000000000000,0.000000000000000,0.000000000000000,0.000000000000000,0.000000000000000,0.000000000000000,0.000000000000000,0.000000000000000,0.000000000000000,0.000000000000000,0.000000000000000,0.000000000000000,0.000000000000000,0.000000000000000,0.000000000000000,0.000000000000000,0.000000000000000,0.000000000000000,0.000000000000000,0.000000000000000,0.000000000000000,0.000000000000000,0.000000000000000,0.000000000000000,0.000000000000000,0.000000000000000,0.000000000000000,0.000000000000000,0.000000000000000,0.000000000000000,0.000000000000000,0.000000000000000,0.000000000000000,0.000000000000000,0.000000000000000
2,1,36,92735.000000000000000,75680.000000000000000,129485.000000000000000,83270.000000000000000,48980.000000000000000,34855.000000000000000,26510.000000000000000,21655.000000000000000,17625.000000000000000,14110.000000000000000,11865.000000000000000,9445.000000000000000,6840.000000000000000,5205.000000000000000,3745.000000000000000,2605.000000000000000,975.000000000000000,0.000000000000000,0.000000000000000,0.000000000000000,0.000000000000000,0.000000000000000,0.000000000000000,0.000000000000000,0.000000000000000,0.000000000000000,0.000000000000000,0.000000000000000,0.000000000000000,0.000000000000000,0.000000000000000,0.000000000000000,0.000000000000000,0.000000000000000,0.000000000000000,0.000000000000000,0.000000000000000,0.000000000000000,0.000000000000000,0.000000000000000,0.000000000000000,0.000000000000000,0.000000000000000,0.000000000000000,0.000000000000000,0.000000000000000,0.000000000000000,0.000000000000000,0.000000000000000,0.000000000000000
2,1,37,88940.000000000000000,76335.000000000000000,129790.000000000000000,89715.000000000000000,52750.000000000000000,36700.000000000000000,26635.000000000000000,21570.000000000000000,18250.000000000000000,15130.000000000000000,12420.000000000000000,10935.000000000000000,9135.000000000000000,6225.000000000000000,4895.000000000000000,3420.000000000000000,2220.000000000000000,860.000000000000000,0.000000000000000,0.000000000000000,0.000000000000000,0.000000000000000,0.000000000000000,0.000000000000000,0.000000000000000,0.000000000000000,0.000000000000000,0.000000000000000,0.000000000000000,0.000000000000000,0.000000000000000,0.000000000000000,0.000000000000000,0.000000000000000,0.000000000000000,0.000000000000000,0.000000000000000,0.000000000000000,0.000000000000000,0.000000000000000,0.000000000000000,0.000000000000000,0.000000000000000,0.000000000000000,0.000000000000000,0.000000000000000,0.000000000000000,0.000000000000000,0.000000000000000,0.000000000000000
2,1,38,86355.000000000000000,76530.000000000000000,125525.000000000000000,92960.000000000000000,58175.000000000000000,38935.000000000000000,27760.000000000000000,22845.000000000000000,18710.000000000000000,15645.000000000000000,13635.000000000000000,11000.000000000000000,9495.000000000000000,7715.000000000000000,5690.000000000000000,4305.000000000000000,2950.000000000000000,2090.000000000000000,700.000000000000000,0.000000000000000,0.000000000000000,0.000000000000000,0.000000000000000,0.000000000000000,0.000000000000000,0.000000000000000,0.000000000000000,0.000000000000000,0.000000000000000,0.000000000000000,0.000000000000000,0.000000000000000,0.000000000000000,0.000000000000000,0.000000000000000,0.000000000000000,0.000000000000000,0.000000000000000,0.000000000000000,0.000000000000000,0.000000000000000,0.000000000000000,0.000000000000000,0.000000000000000,0.000000000000000,0.000000000000000,0.000000000000000,0.000000000000000,0.000000000000000,0.000000000000000
2,1,39,87145.000000000000000,76825.000000000000000,117310.000000000000000,90805.000000000000000,58405.000000000000000,41100.000000000000000,29255.000000000000000,22755.000000000000000,18790.000000000000000,16330.000000000000000,13375.000000000000000,11410.000000000000000,9735.000000000000000,8400.000000000000000,7240.000000000000000,5200.000000000000000,3760.000000000000000,2730.000000000000000,2015.000000000000000,780.000000000000000,0.000000000000000,0.000000000000000,0.000000000000000,0.000000000000000,0.000000000000000,0.000000000000000,0.000000000000000,0.000000000000000,0.000000000000000,0.000000000000000,0.000000000000000,0.000000000000000,0.000000000000000,0.000000000000000,0.000000000000000,0.000000000000000,0.000000000000000,0.000000000000000,0.000000000000000,0.000000000000000,0.000000000000000,0.000000000000000,0.000000000000000,0.000000000000000,0.000000000000000,0.000000000000000,0.000000000000000,0.000000000000000,0.000000000000000,0.000000000000000
2,1,40,87350.000000000000000,77065.000000000000000,109075.000000000000000,87030.000000000000000,59655.000000000000000,42905.000000000000000,31390.000000000000000,23765.000000000000000,18565.000000000000000,14990.000000000000000,13155.000000000000000,11625.000000000000000,10195.000000000000000,8595.000000000000000,7685.000000000000000,6345.000000000000000,4690.000000000000000,3255.000000000000000,2535.000000000000000,1895.000000000000000,665.000000000000000,0.000000000000000,0.000000000000000,0.000000000000000,0.000000000000000,0.000000000000000,0.000000000000000,0.000000000000000,0.000000000000000,0.000000000000000,0.000000000000000,0.000000000000000,0.000000000000000,0.000000000000000,0.000000000000000,0.000000000000000,0.000000000000000,0.000000000000000,0.000000000000000,0.000000000000000,0.000000000000000,0.000000000000000,0.000000000000000,0.000000000000000,0.000000000000000,0.000000000000000,0.000000000000000,0.000000000000000,0.000000000000000,0.000000000000000
2,1,41,90815.000000000000000,78005.000000000000000,103550.000000000000000,84015.000000000000000,57980.000000000000000,42940.000000000000000,32740.000000000000000,25475.000000000000000,19845.000000000000000,16085.000000000000000,14120.000000000000000,11730.000000000000000,10475.000000000000000,8795.000000000000000,7280.000000000000000,7280.000000000000000,5960.000000000000000,4225.000000000000000,3185.000000000000000,2300.000000000000000,1665.000000000000000,715.000000000000000,0.000000000000000,0.000000000000000,0.000000000000000,0.000000000000000,0.000000000000000,0.000000000000000,0.000000000000000,0.000000000000000,0.000000000000000,0.000000000000000,0.000000000000000,0.000000000000000,0.000000000000000,0.000000000000000,0.000000000000000,0.000000000000000,0.000000000000000,0.000000000000000,0.000000000000000,0.000000000000000,0.000000000000000,0.000000000000000,0.000000000000000,0.000000000000000,0.000000000000000,0.000000000000000,0.000000000000000,0.000000000000000
2,1,42,94860.000000000000000,84880.000000000000000,105950.000000000000000,85480.000000000000000,57905.000000000000000,43440.000000000000000,34065.000000000000000,26935.000000000000000,21790.000000000000000,16955.000000000000000,14105.000000000000000,12345.000000000000000,10415.000000000000000,9425.000000000000000,8125.000000000000000,7625.000000000000000,6520.000000000000000,5380.000000000000000,4010.000000000000000,2950.000000000000000,2235.000000000000000,1470.000000000000000,535.000000000000000,0.000000000000000,0.000000000000000,0.000000000000000,0.000000000000000,0.000000000000000,0.000000000000000,0.000000000000000,0.000000000000000,0.000000000000000,0.000000000000000,0.000000000000000,0.000000000000000,0.000000000000000,0.000000000000000,0.000000000000000,0.000000000000000,0.000000000000000,0.000000000000000,0.000000000000000,0.000000000000000,0.000000000000000,0.000000000000000,0.000000000000000,0.000000000000000,0.000000000000000,0.000000000000000,0.000000000000000
2,1,43,99925.000000000000000,89515.000000000000000,103115.000000000000000,86535.000000000000000,59140.000000000000000,43570.000000000000000,33975.000000000000000,27220.000000000000000,22930.000000000000000,18325.000000000000000,14660.000000000000000,12555.000000000000000,11150.000000000000000,10140.000000000000000,8870.000000000000000,7610.000000000000000,6720.000000000000000,5960.000000000000000,4805.000000000000000,3665.000000000000000,2910.000000000000000,1990.000000000000000,1315.000000000000000,540.000000000000000,0.000000000000000,0.000000000000000,0.000000000000000,0.000000000000000,0.000000000000000,0.000000000000000,0.000000000000000,0.000000000000000,0.000000000000000,0.000000000000000,0.000000000000000,0.000000000000000,0.000000000000000,0.000000000000000,0.000000000000000,0.000000000000000,0.000000000000000,0.000000000000000,0.000000000000000,0.000000000000000,0.000000000000000,0.000000000000000,0.000000000000000,0.000000000000000,0.000000000000000,0.000000000000000
2,1,44,110005.000000000000000,93010.000000000000000,100430.000000000000000,85220.000000000000000,59025.000000000000000,42595.000000000000000,33320.000000000000000,26970.000000000000000,23460.000000000000000,19575.000000000000000,15820.000000000000000,13450.000000000000000,11365.000000000000000,9925.000000000000000,8735.000000000000000,8035.000000000000000,6780.000000000000000,6295.000000000000000,5420.000000000000000,4800.000000000000000,3465.000000000000000,2565.000000000000000,1850.000000000000000,1155.000000000000000,565.000000000000000,0.000000000000000,0.000000000000000,0.000000000000000,0.000000000000000,0.000000000000000,0.000000000000000,0.000000000000000,0.000000000000000,0.000000000000000,0.000000000000000,0.000000000000000,0.000000000000000,0.000000000000000,0.000000000000000,0.000000000000000,0.000000000000000,0.000000000000000,0.000000000000000,0.000000000000000,0.000000000000000,0.000000000000000,0.000000000000000,0.000000000000000,0.000000000000000,0.000000000000000
2,1,45,117370.000000000000000,96200.000000000000000,97160.000000000000000,81935.000000000000000,57220.000000000000000,41240.000000000000000,32395.000000000000000,26870.000000000000000,22285.000000000000000,18345.000000000000000,16220.000000000000000,13660.000000000000000,11690.000000000000000,10080.000000000000000,9150.000000000000000,7650.000000000000000,7195.000000000000000,6175.000000000000000,5590.000000000000000,4785.000000000000000,4335.000000000000000,3080.000000000000000,2460.000000000000000,1635.000000000000000,1195.000000000000000,445.000000000000000,0.000000000000000,0.000000000000000,0.000000000000000,0.000000000000000,0.000000000000000,0.000000000000000,0.000000000000000,0.000000000000000,0.000000000000000,0.000000000000000,0.000000000000000,0.000000000000000,0.000000000000000,0.000000000000000,0.000000000000000,0.000000000000000,0.000000000000000,0.000000000000000,0.000000000000000,0.000000000000000,0.000000000000000,0.000000000000000,0.000000000000000,0.000000000000000
2,1,46,121250.000000000000000,101325.000000000000000,99365.000000000000000,78715.000000000000000,54585.000000000000000,40975.000000000000000,31800.000000000000000,26255.000000000000000,22300.000000000000000,19030.000000000000000,16815.000000000000000,13830.000000000000000,11980.000000000000000,10540.000000000000000,9215.000000000000000,8190.000000000000000,7330.000000000000000,6580.000000000000000,5940.000000000000000,5140.000000000000000,4610.000000000000000,3795.000000000000000,2665.000000000000000,2060.000000000000000,1625.000000000000000,1100.000000000000000,440.000000000000000,0.000000000000000,0.000000000000000,0.000000000000000,0.000000000000000,0.000000000000000,0.000000000000000,0.000000000000000,0.000000000000000,0.000000000000000,0.000000000000000,0.000000000000000,0.000000000000000,0.000000000000000,0.000000000000000,0.000000000000000,0.000000000000000,0.000000000000000,0.000000000000000,0.000000000000000,0.000000000000000,0.000000000000000,0.000000000000000,0.000000000000000
2,1,47,132370.000000000000000,101215.000000000000000,98945.000000000000000,78625.000000000000000,54195.000000000000000,41545.000000000000000,33000.000000000000000,26300.000000000000000,22315.000000000000000,19460.000000000000000,16955.000000000000000,14130.000000000000000,12925.000000000000000,11080.000000000000000,10040.000000000000000,8675.000000000000000,8280.000000000000000,7075.000000000000000,6345.000000000000000,5925.000000000000000,5570.000000000000000,4775.000000000000000,3705.000000000000000,2490.000000000000000,2305.000000000000000,1580.000000000000000,1045.000000000000000,440.000000000000000,0.000000000000000,0.000000000000000,0.000000000000000,0.000000000000000,0.000000000000000,0.000000000000000,0.000000000000000,0.000000000000000,0.000000000000000,0.000000000000000,0.000000000000000,0.000000000000000,0.000000000000000,0.000000000000000,0.000000000000000,0.000000000000000,0.000000000000000,0.000000000000000,0.000000000000000,0.000000000000000,0.000000000000000,0.000000000000000
2,1,48,143815.000000000000000,102830.000000000000000,91240.000000000000000,76010.000000000000000,53475.000000000000000,40490.000000000000000,31755.000000000000000,26875.000000000000000,22465.000000000000000,19040.000000000000000,16430.000000000000000,14585.000000000000000,13410.000000000000000,11605.000000000000000,10315.000000000000000,9505.000000000000000,8325.000000000000000,7270.000000000000000,7075.000000000000000,6005.000000000000000,5535.000000000000000,4790.000000000000000,4570.000000000000000,3720.000000000000000,2455.000000000000000,2295.000000000000000,1480.000000000000000,1145.000000000000000,390.000000000000000,0.000000000000000,0.000000000000000,0.000000000000000,0.000000000000000,0.000000000000000,0.000000000000000,0.000000000000000,0.000000000000000,0.000000000000000,0.000000000000000,0.000000000000000,0.000000000000000,0.000000000000000,0.000000000000000,0.000000000000000,0.000000000000000,0.000000000000000,0.000000000000000,0.000000000000000,0.000000000000000,0.000000000000000
2,1,49,152115.000000000000000,102410.000000000000000,86535.000000000000000,69245.000000000000000,49765.000000000000000,37825.000000000000000,30220.000000000000000,24875.000000000000000,21735.000000000000000,18805.000000000000000,15955.000000000000000,14405.000000000000000,12980.000000000000000,11305.000000000000000,10430.000000000000000,9170.000000000000000,8305.000000000000000,7025.000000000000000,7230.000000000000000,6500.000000000000000,5420.000000000000000,4715.000000000000000,4625.000000000000000,3700.000000000000000,3380.000000000000000,2365.000000000000000,2105.000000000000000,1175.000000000000000,880.000000000000000,385.000000000000000,0.000000000000000,0.000000000000000,0.000000000000000,0.000000000000000,0.000000000000000,0.000000000000000,0.000000000000000,0.000000000000000,0.000000000000000,0.000000000000000,0.000000000000000,0.000000000000000,0.000000000000000,0.000000000000000,0.000000000000000,0.000000000000000,0.000000000000000,0.000000000000000,0.000000000000000,0.000000000000000
2,1,50,151825.000000000000000,98660.000000000000000,81785.000000000000000,65490.000000000000000,45695.000000000000000,35470.000000000000000,29130.000000000000000,23450.000000000000000,20350.000000000000000,17730.000000000000000,15480.000000000000000,14010.000000000000000,12475.000000000000000,11020.000000000000000,10690.000000000000000,9325.000000000000000,8015.000000000000000,7560.000000000000000,6695.000000000000000,6275.000000000000000,5470.000000000000000,4995.000000000000000,4565.000000000000000,3790.000000000000000,3905.000000000000000,3485.000000000000000,2265.000000000000000,1670.000000000000000,1070.000000000000000,895.000000000000000,330.000000000000000,0.000000000000000,0.000000000000000,0.000000000000000,0.000000000000000,0.000000000000000,0.000000000000000,0.000000000000000,0.000000000000000,0.000000000000000,0.000000000000000,0.000000000000000,0.000000000000000,0.000000000000000,0.000000000000000,0.000000000000000,0.000000000000000,0.000000000000000,0.000000000000000,0.000000000000000
2,1,51,151580.000000000000000,83865.000000000000000,85250.000000000000000,52710.000000000000000,37920.000000000000000,30000.000000000000000,25175.000000000000000,21620.000000000000000,18175.000000000000000,16135.000000000000000,14365.000000000000000,12305.000000000000000,11805.000000000000000,9925.000000000000000,9510.000000000000000,8560.000000000000000,7660.000000000000000,7130.000000000000000,6370.000000000000000,5885.000000000000000,5255.000000000000000,4815.000000000000000,4510.000000000000000,3810.000000000000000,3660.000000000000000,3350.000000000000000,2790.000000000000000,1935.000000000000000,1525.000000000000000,1105.000000000000000,680.000000000000000,310.000000000000000,0.000000000000000,0.000000000000000,0.000000000000000,0.000000000000000,0.000000000000000,0.000000000000000,0.000000000000000,0.000000000000000,0.000000000000000,0.000000000000000,0.000000000000000,0.000000000000000,0.000000000000000,0.000000000000000,0.000000000000000,0.000000000000000,0.000000000000000,0.000000000000000
2,1,52,157160.000000000000000,105615.000000000000000,61150.000000000000000,41210.000000000000000,31595.000000000000000,25690.000000000000000,21635.000000000000000,18355.000000000000000,16365.000000000000000,14980.000000000000000,13325.000000000000000,11370.000000000000000,10685.000000000000000,10120.000000000000000,8835.000000000000000,7935.000000000000000,7655.000000000000000,6965.000000000000000,6325.000000000000000,5660.000000000000000,5145.000000000000000,4600.000000000000000,4275.000000000000000,3760.000000000000000,3690.000000000000000,3205.000000000000000,3025.000000000000000,2380.000000000000000,1895.000000000000000,1270.000000000000000,935.000000000000000,600.000000000000000,210.000000000000000,0.000000000000000,0.000000000000000,0.000000000000000,0.000000000000000,0.000000000000000,0.000000000000000,0.000000000000000,0.000000000000000,0.000000000000000,0.000000000000000,0.000000000000000,0.000000000000000,0.000000000000000,0.000000000000000,0.000000000000000,0.000000000000000,0.000000000000000
2,1,53,170835.000000000000000,86500.000000000000000,52400.000000000000000,38610.000000000000000,29710.000000000000000,24840.000000000000000,20940.000000000000000,18015.000000000000000,15390.000000000000000,14280.000000000000000,12215.000000000000000,11085.000000000000000,10155.000000000000000,9380.000000000000000,8875.000000000000000,7890.000000000000000,7170.000000000000000,6560.000000000000000,6300.000000000000000,5925.000000000000000,5280.000000000000000,4755.000000000000000,4880.000000000000000,4060.000000000000000,3495.000000000000000,3150.000000000000000,2735.000000000000000,2580.000000000000000,2155.000000000000000,1385.000000000000000,1145.000000000000000,865.000000000000000,545.000000000000000,210.000000000000000,0.000000000000000,0.000000000000000,0.000000000000000,0.000000000000000,0.000000000000000,0.000000000000000,0.000000000000000,0.000000000000000,0.000000000000000,0.000000000000000,0.000000000000000,0.000000000000000,0.000000000000000,0.000000000000000,0.000000000000000,0.000000000000000
2,1,54,171290.000000000000000,82660.000000000000000,48870.000000000000000,36070.000000000000000,28600.000000000000000,24155.000000000000000,19810.000000000000000,17120.000000000000000,14710.000000000000000,13485.000000000000000,12080.000000000000000,10135.000000000000000,9405.000000000000000,8995.000000000000000,7970.000000000000000,7440.000000000000000,7015.000000000000000,6465.000000000000000,6055.000000000000000,5270.000000000000000,4930.000000000000000,4500.000000000000000,4345.000000000000000,3880.000000000000000,3410.000000000000000,3055.000000000000000,2860.000000000000000,2665.000000000000000,2120.000000000000000,1975.000000000000000,1150.000000000000000,1025.000000000000000,825.000000000000000,445.000000000000000,180.000000000000000,0.000000000000000,0.000000000000000,0.000000000000000,0.000000000000000,0.000000000000000,0.000000000000000,0.000000000000000,0.000000000000000,0.000000000000000,0.000000000000000,0.000000000000000,0.000000000000000,0.000000000000000,0.000000000000000,0.000000000000000
2,1,55,140585.000000000000000,66725.000000000000000,40305.000000000000000,29515.000000000000000,23265.000000000000000,18740.000000000000000,16050.000000000000000,14015.000000000000000,11695.000000000000000,10885.000000000000000,10040.000000000000000,8485.000000000000000,7850.000000000000000,7365.000000000000000,6905.000000000000000,6100.000000000000000,5795.000000000000000,5110.000000000000000,5175.000000000000000,4760.000000000000000,4345.000000000000000,3920.000000000000000,3305.000000000000000,2915.000000000000000,3170.000000000000000,2610.000000000000000,2395.000000000000000,2145.000000000000000,2035.000000000000000,1665.000000000000000,1525.000000000000000,1125.000000000000000,820.000000000000000,660.000000000000000,415.000000000000000,165.000000000000000,0.000000000000000,0.000000000000000,0.000000000000000,0.000000000000000,0.000000000000000,0.000000000000000,0.000000000000000,0.000000000000000,0.000000000000000,0.000000000000000,0.000000000000000,0.000000000000000,0.000000000000000,0.000000000000000
2,1,56,148830.000000000000000,69845.000000000000000,42360.000000000000000,30715.000000000000000,25125.000000000000000,20935.000000000000000,18165.000000000000000,15425.000000000000000,12670.000000000000000,11160.000000000000000,9995.000000000000000,8935.000000000000000,8225.000000000000000,7535.000000000000000,7075.000000000000000,6395.000000000000000,5915.000000000000000,5645.000000000000000,5290.000000000000000,4700.000000000000000,4330.000000000000000,4340.000000000000000,3700.000000000000000,3375.000000000000000,3190.000000000000000,3155.000000000000000,2565.000000000000000,2250.000000000000000,2380.000000000000000,1970.000000000000000,1935.000000000000000,1450.000000000000000,1045.000000000000000,865.000000000000000,605.000000000000000,370.000000000000000,135.000000000000000,0.000000000000000,0.000000000000000,0.000000000000000,0.000000000000000,0.000000000000000,0.000000000000000,0.000000000000000,0.000000000000000,0.000000000000000,0.000000000000000,0.000000000000000,0.000000000000000,0.000000000000000
2,1,57,145560.000000000000000,70275.000000000000000,41090.000000000000000,31510.000000000000000,25160.000000000000000,20930.000000000000000,17995.000000000000000,15420.000000000000000,13190.000000000000000,11445.000000000000000,9995.000000000000000,8775.000000000000000,8180.000000000000000,7150.000000000000000,6565.000000000000000,6290.000000000000000,5735.000000000000000,5520.000000000000000,5200.000000000000000,4485.000000000000000,4370.000000000000000,3965.000000000000000,3750.000000000000000,3495.000000000000000,3075.000000000000000,2905.000000000000000,2930.000000000000000,2435.000000000000000,2260.000000000000000,2095.000000000000000,1865.000000000000000,1670.000000000000000,1415.000000000000000,1065.000000000000000,830.000000000000000,620.000000000000000,340.000000000000000,155.000000000000000,0.000000000000000,0.000000000000000,0.000000000000000,0.000000000000000,0.000000000000000,0.000000000000000,0.000000000000000,0.000000000000000,0.000000000000000,0.000000000000000,0.000000000000000,0.000000000000000
2,1,58,129285.000000000000000,61910.000000000000000,37810.000000000000000,28265.000000000000000,22615.000000000000000,19590.000000000000000,16220.000000000000000,13575.000000000000000,11905.000000000000000,10275.000000000000000,9515.000000000000000,8225.000000000000000,7170.000000000000000,6700.000000000000000,6015.000000000000000,5760.000000000000000,5250.000000000000000,5270.000000000000000,4675.000000000000000,4140.000000000000000,4160.000000000000000,3720.000000000000000,3525.000000000000000,3340.000000000000000,2985.000000000000000,2760.000000000000000,2245.000000000000000,2415.000000000000000,2090.000000000000000,2065.000000000000000,1765.000000000000000,1535.000000000000000,1595.000000000000000,1185.000000000000000,735.000000000000000,675.000000000000000,480.000000000000000,230.000000000000000,155.000000000000000,0.000000000000000,0.000000000000000,0.000000000000000,0.000000000000000,0.000000000000000,0.000000000000000,0.000000000000000,0.000000000000000,0.000000000000000,0.000000000000000,0.000000000000000
2,1,59,115055.000000000000000,56580.000000000000000,35230.000000000000000,26250.000000000000000,21195.000000000000000,18015.000000000000000,15190.000000000000000,13215.000000000000000,11325.000000000000000,10140.000000000000000,8895.000000000000000,7760.000000000000000,6765.000000000000000,6215.000000000000000,5910.000000000000000,5275.000000000000000,4910.000000000000000,4390.000000000000000,4280.000000000000000,4290.000000000000000,3805.000000000000000,3465.000000000000000,3360.000000000000000,2950.000000000000000,2750.000000000000000,2535.000000000000000,2335.000000000000000,2240.000000000000000,1900.000000000000000,1840.000000000000000,1820.000000000000000,1460.000000000000000,1315.000000000000000,1310.000000000000000,1130.000000000000000,720.000000000000000,585.000000000000000,350.000000000000000,285.000000000000000,55.000000000000000,0.000000000000000,0.000000000000000,0.000000000000000,0.000000000000000,0.000000000000000,0.000000000000000,0.000000000000000,0.000000000000000,0.000000000000000,0.000000000000000
2,1,60,110790.000000000000000,64600.000000000000000,44400.000000000000000,34270.000000000000000,30100.000000000000000,25595.000000000000000,22455.000000000000000,19355.000000000000000,17640.000000000000000,15320.000000000000000,13590.000000000000000,12300.000000000000000,12020.000000000000000,10440.000000000000000,9830.000000000000000,9160.000000000000000,8365.000000000000000,8185.000000000000000,7620.000000000000000,7640.000000000000000,7405.000000000000000,6965.000000000000000,6730.000000000000000,6240.000000000000000,6350.000000000000000,5965.000000000000000,5735.000000000000000,5745.000000000000000,5540.000000000000000,5495.000000000000000,5465.000000000000000,5585.000000000000000,5210.000000000000000,5545.000000000000000,5625.000000000000000,5605.000000000000000,5215.000000000000000,5265.000000000000000,4650.000000000000000,4030.000000000000000,12340.000000000000000,0.000000000000000,0.000000000000000,0.000000000000000,0.000000000000000,0.000000000000000,0.000000000000000,0.000000000000000,0.000000000000000,0.000000000000000
2,1,61,98615.000000000000000,61845.000000000000000,43395.000000000000000,34715.000000000000000,28445.000000000000000,26885.000000000000000,22340.000000000000000,19255.000000000000000,17065.000000000000000,15400.000000000000000,13920.000000000000000,12355.000000000000000,11295.000000000000000,10850.000000000000000,9365.000000000000000,9015.000000000000000,8505.000000000000000,7995.000000000000000,7680.000000000000000,7765.000000000000000,7120.000000000000000,6635.000000000000000,6545.000000000000000,6075.000000000000000,6180.000000000000000,5640.000000000000000,5645.000000000000000,5345.000000000000000,5380.000000000000000,5410.000000000000000,5445.000000000000000,5220.000000000000000,5595.000000000000000,5395.000000000000000,5855.000000000000000,5880.000000000000000,5665.000000000000000,5380.000000000000000,4740.000000000000000,4450.000000000000000,12565.000000000000000,5.000000000000000,0.000000000000000,0.000000000000000,0.000000000000000,0.000000000000000,0.000000000000000,0.000000000000000,0.000000000000000,0.000000000000000
2,1,62,87485.000000000000000,57750.000000000000000,43565.000000000000000,35175.000000000000000,30200.000000000000000,25305.000000000000000,24215.000000000000000,20440.000000000000000,17520.000000000000000,15875.000000000000000,14185.000000000000000,12475.000000000000000,11275.000000000000000,10285.000000000000000,9560.000000000000000,8830.000000000000000,8615.000000000000000,8610.000000000000000,8010.000000000000000,7320.000000000000000,6850.000000000000000,6695.000000000000000,6580.000000000000000,6455.000000000000000,5565.000000000000000,5545.000000000000000,5600.000000000000000,5710.000000000000000,5190.000000000000000,5340.000000000000000,5480.000000000000000,5405.000000000000000,5600.000000000000000,5590.000000000000000,5750.000000000000000,5995.000000000000000,6045.000000000000000,6035.000000000000000,5120.000000000000000,4645.000000000000000,12805.000000000000000,45.000000000000000,5.000000000000000,0.000000000000000,0.000000000000000,0.000000000000000,0.000000000000000,0.000000000000000,0.000000000000000,0.000000000000000
2,1,63,78925.000000000000000,54920.000000000000000,42675.000000000000000,36320.000000000000000,31925.000000000000000,27690.000000000000000,24365.000000000000000,23725.000000000000000,19190.000000000000000,16820.000000000000000,14925.000000000000000,13960.000000000000000,12250.000000000000000,11425.000000000000000,10575.000000000000000,9565.000000000000000,9620.000000000000000,8570.000000000000000,7935.000000000000000,7480.000000000000000,7000.000000000000000,7180.000000000000000,6560.000000000000000,5935.000000000000000,6165.000000000000000,5830.000000000000000,5710.000000000000000,5695.000000000000000,5720.000000000000000,5690.000000000000000,5440.000000000000000,5605.000000000000000,5905.000000000000000,5700.000000000000000,5710.000000000000000,6320.000000000000000,6600.000000000000000,6555.000000000000000,5415.000000000000000,4605.000000000000000,14070.000000000000000,80.000000000000000,85.000000000000000,20.000000000000000,0.000000000000000,0.000000000000000,0.000000000000000,0.000000000000000,0.000000000000000,0.000000000000000
2,1,64,63180.000000000000000,47285.000000000000000,38120.000000000000000,34085.000000000000000,32075.000000000000000,28065.000000000000000,24765.000000000000000,21500.000000000000000,22360.000000000000000,17710.000000000000000,14890.000000000000000,13650.000000000000000,12370.000000000000000,11330.000000000000000,10635.000000000000000,9535.000000000000000,8990.000000000000000,8440.000000000000000,7675.000000000000000,7380.000000000000000,7035.000000000000000,6785.000000000000000,6015.000000000000000,5835.000000000000000,5740.000000000000000,5660.000000000000000,5350.000000000000000,5455.000000000000000,5225.000000000000000,5265.000000000000000,5270.000000000000000,5280.000000000000000,5300.000000000000000,5730.000000000000000,5770.000000000000000,6320.000000000000000,6405.000000000000000,6085.000000000000000,5580.000000000000000,4980.000000000000000,13625.000000000000000,155.000000000000000,55.000000000000000,45.000000000000000,10.000000000000000,0.000000000000000,0.000000000000000,0.000000000000000,0.000000000000000,0.000000000000000
2,1,65,11595.000000000000000,8355.000000000000000,6925.000000000000000,6460.000000000000000,6480.000000000000000,5680.000000000000000,5230.000000000000000,4520.000000000000000,4175.000000000000000,4180.000000000000000,3270.000000000000000,3160.000000000000000,2790.000000000000000,2305.000000000000000,2320.000000000000000,2280.000000000000000,1920.000000000000000,1895.000000000000000,1835.000000000000000,1645.000000000000000,1585.000000000000000,1530.000000000000000,1580.000000000000000,1505.000000000000000,1570.000000000000000,1500.000000000000000,1370.000000000000000,1390.000000000000000,1440.000000000000000,1540.000000000000000,1590.000000000000000,1400.000000000000000,1615.000000000000000,1525.000000000000000,1765.000000000000000,1775.000000000000000,1975.000000000000000,1990.000000000000000,1835.000000000000000,1775.000000000000000,4925.000000000000000,140.000000000000000,160.000000000000000,125.000000000000000,220.000000000000000,135.000000000000000,0.000000000000000,0.000000000000000,0.000000000000000,0.000000000000000
2,1,66,4310.000000000000000,3060.000000000000000,2450.000000000000000,2660.000000000000000,2625.000000000000000,2510.000000000000000,2245.000000000000000,1665.000000000000000,1805.000000000000000,1690.000000000000000,1690.000000000000000,1290.000000000000000,1140.000000000000000,1250.000000000000000,1260.000000000000000,1000.000000000000000,940.000000000000000,790.000000000000000,865.000000000000000,935.000000000000000,895.000000000000000,790.000000000000000,780.000000000000000,770.000000000000000,905.000000000000000,830.000000000000000,830.000000000000000,575.000000000000000,730.000000000000000,915.000000000000000,765.000000000000000,850.000000000000000,940.000000000000000,1005.000000000000000,1085.000000000000000,1120.000000000000000,955.000000000000000,1305.000000000000000,1055.000000000000000,1110.000000000000000,3800.000000000000000,130.000000000000000,105.000000000000000,60.000000000000000,110.000000000000000,55.000000000000000,0.000000000000000,0.000000000000000,0.000000000000000,0.000000000000000
2,1,67,2825.000000000000000,2045.000000000000000,1715.000000000000000,1570.000000000000000,1885.000000000000000,1620.000000000000000,1650.000000000000000,1555.000000000000000,1680.000000000000000,1295.000000000000000,1285.000000000000000,1125.000000000000000,905.000000000000000,855.000000000000000,770.000000000000000,735.000000000000000,710.000000000000000,645.000000000000000,635.000000000000000,645.000000000000000,625.000000000000000,585.000000000000000,670.000000000000000,535.000000000000000,540.000000000000000,545.000000000000000,640.000000000000000,605.000000000000000,730.000000000000000,610.000000000000000,580.000000000000000,660.000000000000000,720.000000000000000,785.000000000000000,720.000000000000000,885.000000000000000,1150.000000000000000,985.000000000000000,940.000000000000000,1040.000000000000000,3225.000000000000000,90.000000000000000,70.000000000000000,70.000000000000000,135.000000000000000,45.000000000000000,0.000000000000000,0.000000000000000,0.000000000000000,0.000000000000000
2,1,68,1725.000000000000000,1155.000000000000000,1065.000000000000000,960.000000000000000,1195.000000000000000,970.000000000000000,1075.000000000000000,1015.000000000000000,1000.000000000000000,995.000000000000000,940.000000000000000,765.000000000000000,865.000000000000000,670.000000000000000,605.000000000000000,520.000000000000000,495.000000000000000,495.000000000000000,410.000000000000000,455.000000000000000,435.000000000000000,500.000000000000000,460.000000000000000,495.000000000000000,395.000000000000000,485.000000000000000,370.000000000000000,470.000000000000000,500.000000000000000,490.000000000000000,460.000000000000000,595.000000000000000,600.000000000000000,575.000000000000000,600.000000000000000,760.000000000000000,870.000000000000000,925.000000000000000,830.000000000000000,950.000000000000000,3200.000000000000000,95.000000000000000,65.000000000000000,95.000000000000000,80.000000000000000,35.000000000000000,0.000000000000000,0.000000000000000,0.000000000000000,0.000000000000000
2,1,69,980.000000000000000,700.000000000000000,745.000000000000000,715.000000000000000,750.000000000000000,680.000000000000000,650.000000000000000,725.000000000000000,685.000000000000000,595.000000000000000,670.000000000000000,565.000000000000000,525.000000000000000,515.000000000000000,490.000000000000000,435.000000000000000,350.000000000000000,265.000000000000000,370.000000000000000,340.000000000000000,390.000000000000000,340.000000000000000,375.000000000000000,410.000000000000000,330.000000000000000,340.000000000000000,410.000000000000000,335.000000000000000,335.000000000000000,390.000000000000000,495.000000000000000,445.000000000000000,465.000000000000000,435.000000000000000,740.000000000000000,605.000000000000000,625.000000000000000,755.000000000000000,870.000000000000000,730.000000000000000,2980.000000000000000,65.000000000000000,55.000000000000000,50.000000000000000,60.000000000000000,40.000000000000000,0.000000000000000,0.000000000000000,0.000000000000000,0.000000000000000
2,2,20,4.245436766623210,0.000000000000000,0.000000000000000,0.000000000000000,0.000000000000000,0.000000000000000,0.000000000000000,0.000000000000000,0.000000000000000,0.000000000000000,0.000000000000000,0.000000000000000,0.000000000000000,0.000000000000000,0.000000000000000,0.000000000000000,0.000000000000000,0.000000000000000,0.000000000000000,0.000000000000000,0.000000000000000,0.000000000000000,0.000000000000000,0.000000000000000,0.000000000000000,0.000000000000000,0.000000000000000,0.000000000000000,0.000000000000000,0.000000000000000,0.000000000000000,0.000000000000000,0.000000000000000,0.000000000000000,0.000000000000000,0.000000000000000,0.000000000000000,0.000000000000000,0.000000000000000,0.000000000000000,0.000000000000000,0.000000000000000,0.000000000000000,0.000000000000000,0.000000000000000,0.000000000000000,0.000000000000000,0.000000000000000,0.000000000000000,0.000000000000000
2,2,21,5.770849357213490,14.496366083445500,0.000000000000000,0.000000000000000,0.000000000000000,0.000000000000000,0.000000000000000,0.000000000000000,0.000000000000000,0.000000000000000,0.000000000000000,0.000000000000000,0.000000000000000,0.000000000000000,0.000000000000000,0.000000000000000,0.000000000000000,0.000000000000000,0.000000000000000,0.000000000000000,0.000000000000000,0.000000000000000,0.000000000000000,0.000000000000000,0.000000000000000,0.000000000000000,0.000000000000000,0.000000000000000,0.000000000000000,0.000000000000000,0.000000000000000,0.000000000000000,0.000000000000000,0.000000000000000,0.000000000000000,0.000000000000000,0.000000000000000,0.000000000000000,0.000000000000000,0.000000000000000,0.000000000000000,0.000000000000000,0.000000000000000,0.000000000000000,0.000000000000000,0.000000000000000,0.000000000000000,0.000000000000000,0.000000000000000,0.000000000000000
2,2,22,5.506566122909610,17.066584136528400,27.610914454277300,0.000000000000000,0.000000000000000,0.000000000000000,0.000000000000000,0.000000000000000,0.000000000000000,0.000000000000000,0.000000000000000,0.000000000000000,0.000000000000000,0.000000000000000,0.000000000000000,0.000000000000000,0.000000000000000,0.000000000000000,0.000000000000000,0.000000000000000,0.000000000000000,0.000000000000000,0.000000000000000,0.000000000000000,0.000000000000000,0.000000000000000,0.000000000000000,0.000000000000000,0.000000000000000,0.000000000000000,0.000000000000000,0.000000000000000,0.000000000000000,0.000000000000000,0.000000000000000,0.000000000000000,0.000000000000000,0.000000000000000,0.000000000000000,0.000000000000000,0.000000000000000,0.000000000000000,0.000000000000000,0.000000000000000,0.000000000000000,0.000000000000000,0.000000000000000,0.000000000000000,0.000000000000000,0.000000000000000
2,2,23,5.404569386987590,16.961235815456000,30.026372832369900,37.608604038630400,0.000000000000000,0.000000000000000,0.000000000000000,0.000000000000000,0.000000000000000,0.000000000000000,0.000000000000000,0.000000000000000,0.000000000000000,0.000000000000000,0.000000000000000,0.000000000000000,0.000000000000000,0.000000000000000,0.000000000000000,0.000000000000000,0.000000000000000,0.000000000000000,0.000000000000000,0.000000000000000,0.000000000000000,0.000000000000000,0.000000000000000,0.000000000000000,0.000000000000000,0.000000000000000,0.000000000000000,0.000000000000000,0.000000000000000,0.000000000000000,0.000000000000000,0.000000000000000,0.000000000000000,0.000000000000000,0.000000000000000,0.000000000000000,0.000000000000000,0.000000000000000,0.000000000000000,0.000000000000000,0.000000000000000,0.000000000000000,0.000000000000000,0.000000000000000,0.000000000000000,0.000000000000000
2,2,24,5.354117701276560,17.053295037498000,30.016212349996000,39.983764542455300,50.766666666666700,0.000000000000000,0.000000000000000,0.000000000000000,0.000000000000000,0.000000000000000,0.000000000000000,0.000000000000000,0.000000000000000,0.000000000000000,0.000000000000000,0.000000000000000,0.000000000000000,0.000000000000000,0.000000000000000,0.000000000000000,0.000000000000000,0.000000000000000,0.000000000000000,0.000000000000000,0.000000000000000,0.000000000000000,0.000000000000000,0.000000000000000,0.000000000000000,0.000000000000000,0.000000000000000,0.000000000000000,0.000000000000000,0.000000000000000,0.000000000000000,0.000000000000000,0.000000000000000,0.000000000000000,0.000000000000000,0.000000000000000,0.000000000000000,0.000000000000000,0.000000000000000,0.000000000000000,0.000000000000000,0.000000000000000,0.000000000000000,0.000000000000000,0.000000000000000,0.000000000000000
2,2,25,5.319494584837550,16.999922450562200,30.031488215488200,39.978176840070900,53.242730333639400,62.570542635658900,0.000000000000000,0.000000000000000,0.000000000000000,0.000000000000000,0.000000000000000,0.000000000000000,0.000000000000000,0.000000000000000,0.000000000000000,0.000000000000000,0.000000000000000,0.000000000000000,0.000000000000000,0.000000000000000,0.000000000000000,0.000000000000000,0.000000000000000,0.000000000000000,0.000000000000000,0.000000000000000,0.000000000000000,0.000000000000000,0.000000000000000,0.000000000000000,0.000000000000000,0.000000000000000,0.000000000000000,0.000000000000000,0.000000000000000,0.000000000000000,0.000000000000000,0.000000000000000,0.000000000000000,0.000000000000000,0.000000000000000,0.000000000000000,0.000000000000000,0.000000000000000,0.000000000000000,0.000000000000000,0.000000000000000,0.000000000000000,0.000000000000000,0.000000000000000
2,2,26,5.291190669662060,17.103636924025300,30.034740734371000,40.151957191027700,53.130773590252200,64.919075144508700,75.153024911032000,0.000000000000000,0.000000000000000,0.000000000000000,0.000000000000000,0.000000000000000,0.000000000000000,0.000000000000000,0.000000000000000,0.000000000000000,0.000000000000000,0.000000000000000,0.000000000000000,0.000000000000000,0.000000000000000,0.000000000000000,0.000000000000000,0.000000000000000,0.000000000000000,0.000000000000000,0.000000000000000,0.000000000000000,0.000000000000000,0.000000000000000,0.000000000000000,0.000000000000000,0.000000000000000,0.000000000000000,0.000000000000000,0.000000000000000,0.000000000000000,0.000000000000000,0.000000000000000,0.000000000000000,0.000000000000000,0.000000000000000,0.000000000000000,0.000000000000000,0.000000000000000,0.000000000000000,0.000000000000000,0.000000000000000,0.000000000000000,0.000000000000000
2,2,27,5.352932594105630,17.104485370562900,30.080638778971200,40.290235021516100,53.105107327905300,65.020704426463600,77.006132075471700,87.260450160771700,0.000000000000000,0.000000000000000,0.000000000000000,0.000000000000000,0.000000000000000,0.000000000000000,0.000000000000000,0.000000000000000,0.000000000000000,0.000000000000000,0.000000000000000,0.000000000000000,0.000000000000000,0.000000000000000,0.000000000000000,0.000000000000000,0.000000000000000,0.000000000000000,0.000000000000000,0.000000000000000,0.000000000000000,0.000000000000000,0.000000000000000,0.000000000000000,0.000000000000000,0.000000000000000,0.000000000000000,0.000000000000000,0.000000000000000,0.000000000000000,0.000000000000000,0.000000000000000,0.000000000000000,0.000000000000000,0.000000000000000,0.000000000000000,0.000000000000000,0.000000000000000,0.000000000000000,0.000000000000000,0.000000000000000,0.000000000000000
2,2,28,5.252388240882460,17.122853782830300,30.068034689141300,40.369380940149000,53.191755442334400,65.043487484090000,76.801131770412300,89.047156726768400,99.226086956521700,0.000000000000000,0.000000000000000,0.000000000000000,0.000000000000000,0.000000000000000,0.000000000000000,0.000000000000000,0.000000000000000,0.000000000000000,0.000000000000000,0.000000000000000,0.000000000000000,0.000000000000000,0.000000000000000,0.000000000000000,0.000000000000000,0.000000000000000,0.000000000000000,0.000000000000000,0.000000000000000,0.000000000000000,0.000000000000000,0.000000000000000,0.000000000000000,0.000000000000000,0.000000000000000,0.000000000000000,0.000000000000000,0.000000000000000,0.000000000000000,0.000000000000000,0.000000000000000,0.000000000000000,0.000000000000000,0.000000000000000,0.000000000000000,0.000000000000000,0.000000000000000,0.000000000000000,0.000000000000000,0.000000000000000
2,2,29,5.229482115426820,17.141548843187700,30.123925251435600,40.477302045580200,53.123505550811300,65.071374479363900,77.022595222724300,88.946195652173900,101.178513731826000,111.314496314496000,0.000000000000000,0.000000000000000,0.000000000000000,0.000000000000000,0.000000000000000,0.000000000000000,0.000000000000000,0.000000000000000,0.000000000000000,0.000000000000000,0.000000000000000,0.000000000000000,0.000000000000000,0.000000000000000,0.000000000000000,0.000000000000000,0.000000000000000,0.000000000000000,0.000000000000000,0.000000000000000,0.000000000000000,0.000000000000000,0.000000000000000,0.000000000000000,0.000000000000000,0.000000000000000,0.000000000000000,0.000000000000000,0.000000000000000,0.000000000000000,0.000000000000000,0.000000000000000,0.000000000000000,0.000000000000000,0.000000000000000,0.000000000000000,0.000000000000000,0.000000000000000,0.000000000000000,0.000000000000000
2,2,30,5.280829724185090,17.109583263033600,30.120009292755000,40.496101839444500,53.226092270088600,65.083972009330200,76.917918753478000,89.144539179862000,101.134760705290000,113.140096618357000,123.426553672316000,0.000000000000000,0.000000000000000,0.000000000000000,0.000000000000000,0.000000000000000,0.000000000000000,0.000000000000000,0.000000000000000,0.000000000000000,0.000000000000000,0.000000000000000,0.000000000000000,0.000000000000000,0.000000000000000,0.000000000000000,0.000000000000000,0.000000000000000,0.000000000000000,0.000000000000000,0.000000000000000,0.000000000000000,0.000000000000000,0.000000000000000,0.000000000000000,0.000000000000000,0.000000000000000,0.000000000000000,0.000000000000000,0.000000000000000,0.000000000000000,0.000000000000000,0.000000000000000,0.000000000000000,0.000000000000000,0.000000000000000,0.000000000000000,0.000000000000000,0.000000000000000,0.000000000000000
2,2,31,5.130541012216400,17.099366484422500,30.170103647383700,40.534158864391400,53.159666398713800,65.186590670466500,77.043447627994400,89.169225276686900,101.187468160978000,113.081942336874000,125.083044982699000,135.269592476489000,0.000000000000000,0.000000000000000,0.000000000000000,0.000000000000000,0.000000000000000,0.000000000000000,0.000000000000000,0.000000000000000,0.000000000000000,0.000000000000000,0.000000000000000,0.000000000000000,0.000000000000000,0.000000000000000,0.000000000000000,0.000000000000000,0.000000000000000,0.000000000000000,0.000000000000000,0.000000000000000,0.000000000000000,0.000000000000000,0.000000000000000,0.000000000000000,0.000000000000000,0.000000000000000,0.000000000000000,0.000000000000000,0.000000000000000,0.000000000000000,0.000000000000000,0.000000000000000,0.000000000000000,0.000000000000000,0.000000000000000,0.000000000000000,0.000000000000000,0.000000000000000
2,2,32,5.286495414934210,17.092490453966900,30.148267130277000,40.573193858200300,53.278651464517400,65.132322937919000,77.217962075432400,89.151777970511700,101.095744680851000,113.210109622412000,125.128360797918000,137.115819209040000,147.415441176471000,0.000000000000000,0.000000000000000,0.000000000000000,0.000000000000000,0.000000000000000,0.000000000000000,0.000000000000000,0.000000000000000,0.000000000000000,0.000000000000000,0.000000000000000,0.000000000000000,0.000000000000000,0.000000000000000,0.000000000000000,0.000000000000000,0.000000000000000,0.000000000000000,0.000000000000000,0.000000000000000,0.000000000000000,0.000000000000000,0.000000000000000,0.000000000000000,0.000000000000000,0.000000000000000,0.000000000000000,0.000000000000000,0.000000000000000,0.000000000000000,0.000000000000000,0.000000000000000,0.000000000000000,0.000000000000000,0.000000000000000,0.000000000000000,0.000000000000000
2,2,33,5.405926006766340,16.998752144751200,30.174097165039400,40.667786054463300,53.218843562874200,65.179081703426300,77.164561880707200,89.264170300076900,101.084019204390000,113.238483685221000,124.909266409266000,137.003861003861000,148.868995633188000,159.606986899563000,0.000000000000000,0.000000000000000,0.000000000000000,0.000000000000000,0.000000000000000,0.000000000000000,0.000000000000000,0.000000000000000,0.000000000000000,0.000000000000000,0.000000000000000,0.000000000000000,0.000000000000000,0.000000000000000,0.000000000000000,0.000000000000000,0.000000000000000,0.000000000000000,0.000000000000000,0.000000000000000,0.000000000000000,0.000000000000000,0.000000000000000,0.000000000000000,0.000000000000000,0.000000000000000,0.000000000000000,0.000000000000000,0.000000000000000,0.000000000000000,0.000000000000000,0.000000000000000,0.000000000000000,0.000000000000000,0.000000000000000,0.000000000000000
2,2,34,5.586060573913970,16.749907646841500,30.120422908927600,40.741652238436800,53.237360754070300,65.241066594477500,77.191983122362900,89.221976401179900,101.428051001821000,113.187979023800000,124.946577629382000,137.326323987539000,149.027397260274000,161.031545741325000,171.211155378486000,0.000000000000000,0.000000000000000,0.000000000000000,0.000000000000000,0.000000000000000,0.000000000000000,0.000000000000000,0.000000000000000,0.000000000000000,0.000000000000000,0.000000000000000,0.000000000000000,0.000000000000000,0.000000000000000,0.000000000000000,0.000000000000000,0.000000000000000,0.000000000000000,0.000000000000000,0.000000000000000,0.000000000000000,0.000000000000000,0.000000000000000,0.000000000000000,0.000000000000000,0.000000000000000,0.000000000000000,0.000000000000000,0.000000000000000,0.000000000000000,0.000000000000000,0.000000000000000,0.000000000000000,0.000000000000000,0.000000000000000
2,2,35,5.659359722441260,16.738192182410400,30.056561879163300,40.596117244004600,53.168057702215300,65.298617897529000,77.198111425873500,89.329750854909600,101.267808009783000,113.347627416520000,125.150654036987000,137.146454605699000,149.080000000000000,160.910975609756000,173.041522491349000,183.376569037657000,0.000000000000000,0.000000000000000,0.000000000000000,0.000000000000000,0.000000000000000,0.000000000000000,0.000000000000000,0.000000000000000,0.000000000000000,0.000000000000000,0.000000000000000,0.000000000000000,0.000000000000000,0.000000000000000,0.000000000000000,0.000000000000000,0.000000000000000,0.000000000000000,0.000000000000000,0.000000000000000,0.000000000000000,0.000000000000000,0.000000000000000,0.000000000000000,0.000000000000000,0.000000000000000,0.000000000000000,0.000000000000000,0.000000000000000,0.000000000000000,0.000000000000000,0.000000000000000,0.000000000000000,0.000000000000000
2,2,36,5.762872701784660,16.837275369978900,30.059698034521400,40.743665185541000,53.162515312372400,65.195524315019400,77.169935873255400,89.319556684368500,101.344397163121000,113.200921332388000,125.372945638432000,137.178401270513000,149.236111111111000,161.185398655139000,173.244325767690000,185.155470249520000,195.405128205128000,0.000000000000000,0.000000000000000,0.000000000000000,0.000000000000000,0.000000000000000,0.000000000000000,0.000000000000000,0.000000000000000,0.000000000000000,0.000000000000000,0.000000000000000,0.000000000000000,0.000000000000000,0.000000000000000,0.000000000000000,0.000000000000000,0.000000000000000,0.000000000000000,0.000000000000000,0.000000000000000,0.000000000000000,0.000000000000000,0.000000000000000,0.000000000000000,0.000000000000000,0.000000000000000,0.000000000000000,0.000000000000000,0.000000000000000,0.000000000000000,0.000000000000000,0.000000000000000,0.000000000000000
2,2,37,5.797785023611420,16.930962206065400,30.080206487402700,40.824332608816800,53.083696682464500,65.175340599455000,77.181528064576700,89.269355586462700,101.348767123288000,113.378056840714000,125.208937198068000,137.441700960219000,149.129173508484000,161.186345381526000,173.358529111338000,185.241228070175000,197.022522522523000,207.569767441860000,0.000000000000000,0.000000000000000,0.000000000000000,0.000000000000000,0.000000000000000,0.000000000000000,0.000000000000000,0.000000000000000,0.000000000000000,0.000000000000000,0.000000000000000,0.000000000000000,0.000000000000000,0.000000000000000,0.000000000000000,0.000000000000000,0.000000000000000,0.000000000000000,0.000000000000000,0.000000000000000,0.000000000000000,0.000000000000000,0.000000000000000,0.000000000000000,0.000000000000000,0.000000000000000,0.000000000000000,0.000000000000000,0.000000000000000,0.000000000000000,0.000000000000000,0.000000000000000
2,2,38,5.865091772335130,16.914543316346500,30.064289982075300,40.877366609294300,53.121873657069200,65.231154488249600,77.264409221902000,89.221492667979900,101.358898984500000,113.331096196868000,125.302530253025000,137.361818181818000,149.317535545024000,161.138690861957000,173.261862917399000,185.017421602787000,197.140677966102000,208.906698564593000,219.621428571429000,0.000000000000000,0.000000000000000,0.000000000000000,0.000000000000000,0.000000000000000,0.000000000000000,0.000000000000000,0.000000000000000,0.000000000000000,0.000000000000000,0.000000000000000,0.000000000000000,0.000000000000000,0.000000000000000,0.000000000000000,0.000000000000000,0.000000000000000,0.000000000000000,0.000000000000000,0.000000000000000,0.000000000000000,0.000000000000000,0.000000000000000,0.000000000000000,0.000000000000000,0.000000000000000,0.000000000000000,0.000000000000000,0.000000000000000,0.000000000000000,0.000000000000000
2,2,39,5.928108325205120,16.919101854865000,30.068024891313600,40.882770772534500,53.095882201866300,65.246836982968400,77.230900700734900,89.270929466051400,101.279936136243000,113.297611757502000,125.290467289720000,137.265556529360000,149.222393425783000,161.373809523810000,173.284530386740000,185.219230769231000,197.315159574468000,209.177655677656000,221.411910669975000,231.403846153846000,0.000000000000000,0.000000000000000,0.000000000000000,0.000000000000000,0.000000000000000,0.000000000000000,0.000000000000000,0.000000000000000,0.000000000000000,0.000000000000000,0.000000000000000,0.000000000000000,0.000000000000000,0.000000000000000,0.000000000000000,0.000000000000000,0.000000000000000,0.000000000000000,0.000000000000000,0.000000000000000,0.000000000000000,0.000000000000000,0.000000000000000,0.000000000000000,0.000000000000000,0.000000000000000,0.000000000000000,0.000000000000000,0.000000000000000,0.000000000000000
2,2,40,5.979507727532910,16.914293129176700,30.077332110932800,40.919050901987800,53.240801273992100,65.239599114322300,77.213762344695800,89.238586156111900,101.309453272287000,113.323549032688000,125.362979855568000,137.355698924731000,149.286414909269000,161.421756835369000,173.391021470397000,185.109535066982000,197.316631130064000,209.098310291859000,221.232741617357000,233.187335092348000,243.390977443609000,0.000000000000000,0.000000000000000,0.000000000000000,0.000000000000000,0.000000000000000,0.000000000000000,0.000000000000000,0.000000000000000,0.000000000000000,0.000000000000000,0.000000000000000,0.000000000000000,0.000000000000000,0.000000000000000,0.000000000000000,0.000000000000000,0.000000000000000,0.000000000000000,0.000000000000000,0.000000000000000,0.000000000000000,0.000000000000000,0.000000000000000,0.000000000000000,0.000000000000000,0.000000000000000,0.000000000000000,0.000000000000000,0.000000000000000
2,2,41,6.057259263337550,16.878597525799600,30.001448575567400,40.957090995655500,53.221455674370500,65.226944573823900,77.295968234575400,89.283022571148200,101.317208364827000,113.329188685110000,125.362252124646000,137.441176470588000,149.530310262530000,161.441159749858000,173.416208791209000,185.486950549451000,197.055369127517000,209.397633136095000,221.427001569859000,233.304347826087000,244.828828828829000,255.580419580420000,0.000000000000000,0.000000000000000,0.000000000000000,0.000000000000000,0.000000000000000,0.000000000000000,0.000000000000000,0.000000000000000,0.000000000000000,0.000000000000000,0.000000000000000,0.000000000000000,0.000000000000000,0.000000000000000,0.000000000000000,0.000000000000000,0.000000000000000,0.000000000000000,0.000000000000000,0.000000000000000,0.000000000000000,0.000000000000000,0.000000000000000,0.000000000000000,0.000000000000000,0.000000000000000,0.000000000000000,0.000000000000000
2,2,42,6.093875184482400,16.901508011310100,29.921991505427100,41.001871782873200,53.199723685346700,65.238029465930000,77.200205489505400,89.288286615927200,101.290729692520000,113.334119728694000,125.352002835874000,137.339408667477000,149.412385981757000,161.409018567639000,173.252923076923000,185.335081967213000,197.257668711656000,209.203531598513000,221.172069825436000,233.403389830508000,245.114093959732000,256.965986394558000,267.654205607477000,0.000000000000000,0.000000000000000,0.000000000000000,0.000000000000000,0.000000000000000,0.000000000000000,0.000000000000000,0.000000000000000,0.000000000000000,0.000000000000000,0.000000000000000,0.000000000000000,0.000000000000000,0.000000000000000,0.000000000000000,0.000000000000000,0.000000000000000,0.000000000000000,0.000000000000000,0.000000000000000,0.000000000000000,0.000000000000000,0.000000000000000,0.000000000000000,0.000000000000000,0.000000000000000,0.000000000000000
2,2,43,6.155416562421820,16.911858347762900,29.860834990059600,41.030276766626200,53.202316537030800,65.274845076887800,77.215452538631300,89.297575312270400,101.299825556040000,113.285675306958000,125.328444747613000,137.377937076862000,149.232735426009000,161.335798816568000,173.343855693348000,185.248357424442000,197.453869047619000,209.286912751678000,221.240374609781000,233.043656207367000,245.395189003436000,256.706030150754000,268.733840304183000,279.648148148148000,0.000000000000000,0.000000000000000,0.000000000000000,0.000000000000000,0.000000000000000,0.000000000000000,0.000000000000000,0.000000000000000,0.000000000000000,0.000000000000000,0.000000000000000,0.000000000000000,0.000000000000000,0.000000000000000,0.000000000000000,0.000000000000000,0.000000000000000,0.000000000000000,0.000000000000000,0.000000000000000,0.000000000000000,0.000000000000000,0.000000000000000,0.000000000000000,0.000000000000000,0.000000000000000
2,2,44,6.135084768874140,16.894151166541200,29.851787314547400,41.046819995306300,53.169589157136800,65.253785655593400,77.261554621848700,89.305339265850900,101.326939471441000,113.312643678161000,125.297408343869000,137.314498141264000,149.386713594369000,161.485642317380000,173.354894104179000,185.270068450529000,197.354719764012000,209.411437648928000,221.557195571956000,233.082291666667000,245.090909090909000,257.107212475634000,269.183783783784000,281.619047619048000,291.477876106195000,0.000000000000000,0.000000000000000,0.000000000000000,0.000000000000000,0.000000000000000,0.000000000000000,0.000000000000000,0.000000000000000,0.000000000000000,0.000000000000000,0.000000000000000,0.000000000000000,0.000000000000000,0.000000000000000,0.000000000000000,0.000000000000000,0.000000000000000,0.000000000000000,0.000000000000000,0.000000000000000,0.000000000000000,0.000000000000000,0.000000000000000,0.000000000000000,0.000000000000000
2,2,45,6.133424214024030,16.875571725571700,29.738524083985200,41.016903643131700,53.212950017476400,65.208050436469400,77.286926994906600,89.357275772236700,101.309400942338000,113.378849822840000,125.342170160296000,137.178623718887000,149.384088964927000,161.366071428571000,173.386338797814000,185.194117647059000,197.439888811675000,209.485829959514000,221.390876565295000,233.667711598746000,245.002306805075000,257.123376623377000,269.461382113821000,281.244648318043000,292.991631799163000,303.213483146067000,0.000000000000000,0.000000000000000,0.000000000000000,0.000000000000000,0.000000000000000,0.000000000000000,0.000000000000000,0.000000000000000,0.000000000000000,0.000000000000000,0.000000000000000,0.000000000000000,0.000000000000000,0.000000000000000,0.000000000000000,0.000000000000000,0.000000000000000,0.000000000000000,0.000000000000000,0.000000000000000,0.000000000000000,0.000000000000000,0.000000000000000,0.000000000000000
2,2,46,6.089979381443300,16.907031828275400,29.709605998087900,41.065171822397300,53.133553173948900,65.284807809640000,77.328301886792500,89.322986097886100,101.282062780269000,113.345769837099000,125.254237288136000,137.428778018800000,149.353923205342000,161.242884250474000,173.328811720022000,185.363247863248000,197.464529331514000,209.364741641337000,221.433501683502000,233.376459143969000,245.447939262473000,257.094861660079000,269.527204502814000,281.152912621359000,293.064615384615000,305.454545454545000,315.193181818182000,0.000000000000000,0.000000000000000,0.000000000000000,0.000000000000000,0.000000000000000,0.000000000000000,0.000000000000000,0.000000000000000,0.000000000000000,0.000000000000000,0.000000000000000,0.000000000000000,0.000000000000000,0.000000000000000,0.000000000000000,0.000000000000000,0.000000000000000,0.000000000000000,0.000000000000000,0.000000000000000,0.000000000000000,0.000000000000000,0.000000000000000
2,2,47,5.997280350532600,16.932322284246400,29.682197180251700,41.057551669316400,53.198911338684400,65.284390420026500,77.215757575757600,89.302851711026600,101.326462021062000,113.367677286742000,125.276614567974000,137.379688605803000,149.461508704062000,161.279783393502000,173.447211155378000,185.368876080692000,197.387077294686000,209.574558303887000,221.319148936170000,233.407594936709000,245.352782764811000,257.371727748691000,269.249662618084000,281.317269076305000,293.108459869848000,304.879746835443000,317.545454545455000,327.647727272727000,0.000000000000000,0.000000000000000,0.000000000000000,0.000000000000000,0.000000000000000,0.000000000000000,0.000000000000000,0.000000000000000,0.000000000000000,0.000000000000000,0.000000000000000,0.000000000000000,0.000000000000000,0.000000000000000,0.000000000000000,0.000000000000000,0.000000000000000,0.000000000000000,0.000000000000000,0.000000000000000,0.000000000000000,0.000000000000000
2,2,48,5.953586204498840,16.836088690071000,29.641659359929900,41.105512432574700,53.230762038335700,65.255618671276900,77.321839080459800,89.332651162790700,101.323391943022000,113.414915966387000,125.302799756543000,137.297908810422000,149.395973154362000,161.394226626454000,173.410082404266000,185.406102051552000,197.387387387387000,209.397524071527000,221.327915194346000,233.390507910075000,245.473351400181000,257.241127348643000,269.621444201313000,281.159946236559000,292.987780040733000,305.034858387800000,317.155405405405000,329.558951965065000,339.641025641026000,0.000000000000000,0.000000000000000,0.000000000000000,0.000000000000000,0.000000000000000,0.000000000000000,0.000000000000000,0.000000000000000,0.000000000000000,0.000000000000000,0.000000000000000,0.000000000000000,0.000000000000000,0.000000000000000,0.000000000000000,0.000000000000000,0.000000000000000,0.000000000000000,0.000000000000000,0.000000000000000,0.000000000000000
2,2,49,5.980738257239590,16.793818962991900,29.646039174900300,41.044407538450400,53.227167688134200,65.259352280237900,77.321144937127700,89.349145728643200,101.416839199448000,113.403084286094000,125.337198370417000,137.373134328358000,149.384437596302000,161.396727111897000,173.414189837009000,185.277535441658000,197.463576158940000,209.338790035587000,221.281466113416000,233.563846153846000,245.487084870849000,257.414634146341000,269.393513513514000,281.522972972973000,292.994082840237000,305.238900634249000,317.477434679335000,329.217021276596000,341.017045454545000,351.701298701299000,0.000000000000000,0.000000000000000,0.000000000000000,0.000000000000000,0.000000000000000,0.000000000000000,0.000000000000000,0.000000000000000,0.000000000000000,0.000000000000000,0.000000000000000,0.000000000000000,0.000000000000000,0.000000000000000,0.000000000000000,0.000000000000000,0.000000000000000,0.000000000000000,0.000000000000000,0.000000000000000
2,2,50,5.909896262143920,16.758970200689200,29.607507489148400,41.070316078790700,53.226392384287100,65.257400620242500,77.319945073807100,89.315778251599100,101.329975429975000,113.325437112239000,125.317183462532000,137.324411134904000,149.401603206413000,161.273593466425000,173.387277829747000,185.475067024129000,197.286961946351000,209.336640211640000,221.274085138163000,233.372111553785000,245.516453382084000,257.514514514515000,269.305585980285000,281.391820580475000,293.532650448143000,305.185078909613000,317.331125827815000,329.709580838323000,340.976635514019000,353.435754189944000,363.575757575758000,0.000000000000000,0.000000000000000,0.000000000000000,0.000000000000000,0.000000000000000,0.000000000000000,0.000000000000000,0.000000000000000,0.000000000000000,0.000000000000000,0.000000000000000,0.000000000000000,0.000000000000000,0.000000000000000,0.000000000000000,0.000000000000000,0.000000000000000,0.000000000000000,0.000000000000000
2,2,51,5.474963715529750,16.539617241996100,28.101818181818200,40.706222728135100,53.041666666666700,65.172500000000000,77.292353525322700,89.273820536540200,101.293259972490000,113.356678029129000,125.321963104769000,137.344169036977000,149.435408725116000,161.363224181360000,173.307570977918000,185.272196261682000,197.334203655352000,209.258064516129000,221.512558869702000,233.420560747664000,245.387250237869000,257.332294911734000,269.315964523282000,281.391076115486000,293.312841530055000,305.432835820896000,317.211469534050000,328.994832041344000,341.331147540984000,353.384615384615000,364.860294117647000,374.870967741935000,0.000000000000000,0.000000000000000,0.000000000000000,0.000000000000000,0.000000000000000,0.000000000000000,0.000000000000000,0.000000000000000,0.000000000000000,0.000000000000000,0.000000000000000,0.000000000000000,0.000000000000000,0.000000000000000,0.000000000000000,0.000000000000000,0.000000000000000,0.000000000000000
2,2,52,5.421226775260880,16.160251858164100,28.713982011447300,40.959233195826300,53.193226776388700,65.226547294667200,77.266235266928600,89.291201307545600,101.381301558203000,113.369826435247000,125.414634146341000,137.277044854881000,149.252222742162000,161.377470355731000,173.318053197510000,185.406427221172000,197.454604833442000,209.414213926777000,221.326482213439000,233.484982332155000,245.525753158406000,257.409782608696000,269.327485380117000,281.444148936170000,293.386178861789000,305.335413416537000,317.457851239669000,329.010504201681000,341.079155672823000,352.917322834646000,365.005347593583000,376.758333333333000,387.285714285714000,0.000000000000000,0.000000000000000,0.000000000000000,0.000000000000000,0.000000000000000,0.000000000000000,0.000000000000000,0.000000000000000,0.000000000000000,0.000000000000000,0.000000000000000,0.000000000000000,0.000000000000000,0.000000000000000,0.000000000000000,0.000000000000000,0.000000000000000
2,2,53,5.392162027687530,16.527861271676300,29.007251908396900,41.077829577829600,53.293167283742800,65.285628019323700,77.330229226361000,89.344435192894800,101.468486029890000,113.372549019608000,125.464592713876000,137.239512855210000,149.388970950271000,161.246268656716000,173.406197183099000,185.506970849176000,197.370292887029000,209.506097560976000,221.383333333333000,233.466666666667000,245.328598484848000,257.345951629863000,269.185450819672000,281.573891625616000,293.536480686695000,305.452380952381000,317.155393053016000,329.391472868217000,341.037122969838000,353.086642599278000,365.030567685590000,377.023121387283000,388.633027522936000,398.952380952381000,0.000000000000000,0.000000000000000,0.000000000000000,0.000000000000000,0.000000000000000,0.000000000000000,0.000000000000000,0.000000000000000,0.000000000000000,0.000000000000000,0.000000000000000,0.000000000000000,0.000000000000000,0.000000000000000,0.000000000000000,0.000000000000000
2,2,54,5.336534532080100,16.609605613355900,29.013812154696100,41.169392847241500,53.171853146853100,65.243427861726300,77.369005552751100,89.362733644859800,101.276682528892000,113.402298850575000,125.394453642384000,137.486433152442000,149.402977139819000,161.370205669817000,173.387703889586000,185.340725806452000,197.408410548824000,209.548337200309000,221.305532617671000,233.377609108159000,245.373225152130000,257.516666666667000,269.467203682394000,281.533505154639000,293.398826979472000,305.355155482815000,317.330419580420000,329.228893058161000,341.422169811321000,353.141772151899000,365.373913043478000,377.487804878049000,388.963636363636000,401.280898876404000,410.166666666667000,0.000000000000000,0.000000000000000,0.000000000000000,0.000000000000000,0.000000000000000,0.000000000000000,0.000000000000000,0.000000000000000,0.000000000000000,0.000000000000000,0.000000000000000,0.000000000000000,0.000000000000000,0.000000000000000,0.000000000000000
2,2,55,5.350215172315680,16.618059198201600,29.009924327006600,41.107741826190100,53.205029013539700,65.241728922091800,77.225856697819300,89.232607920085600,101.316802052159000,113.395957740009000,125.280876494024000,137.255745433117000,149.339490445860000,161.515274949084000,173.458363504707000,185.240983606557000,197.187230371009000,209.412915851272000,221.341062801932000,233.466386554622000,245.433831990794000,257.489795918367000,269.582450832073000,281.255574614065000,293.242902208202000,305.176245210728000,317.509394572025000,329.198135198135000,341.208845208845000,353.330330330330000,364.622950819672000,376.937777777778000,388.719512195122000,401.068181818182000,413.180722891566000,423.575757575758000,0.000000000000000,0.000000000000000,0.000000000000000,0.000000000000000,0.000000000000000,0.000000000000000,0.000000000000000,0.000000000000000,0.000000000000000,0.000000000000000,0.000000000000000,0.000000000000000,0.000000000000000,0.000000000000000
2,2,56,5.288046764765170,16.564320996492200,28.964825306893300,41.165717076347100,53.225671641791000,65.266539288273200,77.191577208918200,89.371799027552700,101.362273086030000,113.294802867384000,125.357178589295000,137.471180749860000,149.440729483283000,161.465162574652000,173.298233215548000,185.470680218921000,197.520710059172000,209.539415411869000,221.353497164461000,233.261702127660000,245.484988452656000,257.288018433180000,269.729729729730000,281.337777777778000,293.311912225705000,305.247226624406000,317.534113060429000,329.531111111111000,341.258403361345000,353.469543147208000,365.488372093023000,377.013793103448000,389.014354066986000,401.121387283237000,413.834710743802000,424.905405405405000,434.962962962963000,0.000000000000000,0.000000000000000,0.000000000000000,0.000000000000000,0.000000000000000,0.000000000000000,0.000000000000000,0.000000000000000,0.000000000000000,0.000000000000000,0.000000000000000,0.000000000000000,0.000000000000000
2,2,57,5.284693597142070,16.646958377801500,29.075930883426600,41.141542367502400,53.255166931637500,65.131629240324900,77.335093081411500,89.248702983138800,101.338134950720000,113.335517693316000,125.272636318159000,137.358974358974000,149.473105134474000,161.292307692308000,173.412033511043000,185.386327503975000,197.336530078466000,209.300724637681000,221.422115384615000,233.424749163880000,245.350114416476000,257.220680958386000,269.392000000000000,281.609442060086000,293.139837398374000,305.487091222031000,317.204778156997000,329.293634496920000,341.413716814159000,353.047732696897000,365.093833780161000,377.218562874252000,388.929328621908000,401.399061032864000,414.018072289157000,425.120967741935000,437.088235294118000,447.258064516129000,0.000000000000000,0.000000000000000,0.000000000000000,0.000000000000000,0.000000000000000,0.000000000000000,0.000000000000000,0.000000000000000,0.000000000000000,0.000000000000000,0.000000000000000,0.000000000000000
2,2,58,5.296244730633870,16.632773380713900,28.987437185929600,41.188926233858100,53.255803670130400,65.282286881061800,77.293156596794100,89.206261510128900,101.272154556909000,113.145985401460000,125.307409353652000,137.359270516717000,149.389818688982000,161.338805970149000,173.433915211970000,185.360243055556000,197.545714285714000,209.294117647059000,221.427807486631000,233.387681159420000,245.424278846154000,257.524193548387000,269.449645390071000,281.272455089820000,293.423785594640000,305.291666666667000,317.120267260579000,329.637681159420000,341.507177033493000,353.285714285714000,365.235127478754000,377.583061889251000,389.310344827586000,400.742616033755000,413.578231292517000,425.414814814815000,436.968750000000000,449.217391304348000,461.129032258065000,0.000000000000000,0.000000000000000,0.000000000000000,0.000000000000000,0.000000000000000,0.000000000000000,0.000000000000000,0.000000000000000,0.000000000000000,0.000000000000000,0.000000000000000
2,2,59,5.293424883751250,16.650848356309600,29.040590405904100,41.164000000000000,53.143430054258100,65.258673327782400,77.336405529953900,89.314415437003400,101.373951434879000,113.500493096647000,125.252388982574000,137.445876288660000,149.254249815225000,161.458567980692000,173.488155668359000,185.395260663507000,197.446028513238000,209.259681093394000,221.265186915888000,233.488344988345000,245.391590013141000,257.483405483405000,269.425595238095000,281.416949152542000,293.710909090909000,305.463510848126000,317.130620985011000,329.616071428571000,341.444736842105000,353.394021739130000,365.008241758242000,377.417808219178000,389.197718631179000,401.282442748092000,412.814159292035000,425.611111111111000,436.897435897436000,449.100000000000000,460.333333333333000,471.272727272727000,0.000000000000000,0.000000000000000,0.000000000000000,0.000000000000000,0.000000000000000,0.000000000000000,0.000000000000000,0.000000000000000,0.000000000000000,0.000000000000000
2,2,60,5.440879140716670,16.775154798761600,29.066216216216200,41.210679894951900,53.325581395348800,65.297909747997700,77.349142729904300,89.219064841126300,101.385204081633000,113.315926892950000,125.252759381898000,137.426422764228000,149.428036605657000,161.333333333333000,173.457782299084000,185.301310043668000,197.506276150628000,209.488698839340000,221.405511811024000,233.268979057592000,245.586090479406000,257.368987796123000,269.347696879643000,281.303685897436000,293.514960629921000,305.507124895222000,317.529206625981000,329.364664926023000,341.468411552347000,353.377616014559000,365.344922232388000,377.651745747538000,389.577735124760000,401.505861136159000,413.675555555556000,425.487957181088000,437.548418024928000,449.566951566952000,461.473118279570000,473.280397022333000,480.003241491086000,0.000000000000000,0.000000000000000,0.000000000000000,0.000000000000000,0.000000000000000,0.000000000000000,0.000000000000000,0.000000000000000,0.000000000000000
2,2,61,5.367540435025100,16.863934028619900,29.117064177900700,41.205098660521400,53.288099841800000,65.400223172772900,77.321396598030400,89.266683978187500,101.419279226487000,113.365584415584000,125.267600574713000,137.302711452853000,149.274900398406000,161.233640552995000,173.337960491191000,185.506378258458000,197.443268665491000,209.480300187617000,221.352864583333000,233.561493882807000,245.573033707865000,257.385079125848000,269.400305576776000,281.312757201646000,293.468446601942000,305.529255319149000,317.484499557130000,329.413470533209000,341.513011152416000,353.402957486137000,365.556473829201000,377.386015325670000,389.307417336908000,401.602409638554000,413.656703672075000,425.278911564626000,437.220653133274000,449.339219330855000,461.417721518987000,473.208988764045000,480.027855153203000,492.000000000000000,0.000000000000000,0.000000000000000,0.000000000000000,0.000000000000000,0.000000000000000,0.000000000000000,0.000000000000000,0.000000000000000
2,2,62,5.506429673658340,16.913419913419900,29.140594513944700,41.194740582800300,53.199668874172200,65.343212803793700,77.329754284534400,89.297455968688900,101.379851598174000,113.420157480315000,125.384913641170000,137.346292585170000,149.334368070953000,161.367525522606000,173.473849372385000,185.411664779162000,197.499129425421000,209.454703832753000,221.534332084894000,233.545765027322000,245.563503649635000,257.314413741598000,269.442249240122000,281.560030983734000,293.525606469003000,305.538322813345000,317.539285714286000,329.269702276708000,341.677263969171000,353.407303370787000,365.251824817518000,377.356151711378000,389.435714285714000,401.446332737030000,413.610434782609000,425.585487906589000,437.490488006617000,449.536039768020000,461.253906250000000,473.363832077503000,480.045685279188000,498.777777777778000,507.000000000000000,0.000000000000000,0.000000000000000,0.000000000000000,0.000000000000000,0.000000000000000,0.000000000000000,0.000000000000000
2,2,63,5.436490338929360,16.966496722505500,29.193321616871700,41.246007709251100,53.167893500391500,65.241603466955600,77.310691565770600,89.259220231823000,101.242053152684000,113.546670630202000,125.308542713568000,137.328080229226000,149.243265306122000,161.345733041575000,173.505910165485000,185.460533193936000,197.385135135135000,209.485997666278000,221.400126023945000,233.391042780749000,245.516428571429000,257.495125348189000,269.491615853659000,281.425442291491000,293.468775344688000,305.383361921098000,317.383537653240000,329.381913959614000,341.402097902098000,353.525483304042000,365.377757352941000,377.555753791258000,389.409822184589000,401.600877192982000,413.518388791594000,425.432753164557000,437.450000000000000,449.226544622426000,461.249307479224000,473.277958740499000,480.062189054726000,497.437500000000000,507.235294117647000,516.750000000000000,0.000000000000000,0.000000000000000,0.000000000000000,0.000000000000000,0.000000000000000,0.000000000000000
2,2,64,5.468660968660970,16.924288886539100,29.235703043022000,41.194367023617400,53.258768511301600,65.303759130589700,77.263072885120100,89.245116279069800,101.250894454383000,113.356013551666000,125.347548690396000,137.332600732601000,149.292643492320000,161.460723742277000,173.388340385520000,185.406397482958000,197.351501668521000,209.313388625592000,221.235179153094000,233.295392953930000,245.537313432836000,257.610906411201000,269.423940149626000,281.392459297344000,293.520034843206000,305.680212014134000,317.562616822430000,329.417965169569000,341.653588516746000,353.517568850902000,365.414611005693000,377.516098484848000,389.720754716981000,401.466841186736000,413.657712305026000,425.476265822785000,437.288836846214000,449.350862777321000,461.351254480287000,473.297188755020000,480.092477064220000,496.806451612903000,508.181818181818000,519.888888888889000,533.500000000000000,0.000000000000000,0.000000000000000,0.000000000000000,0.000000000000000,0.000000000000000
2,2,65,5.515308322552820,17.077797725912600,29.415162454873600,41.281733746130000,53.601851851851900,65.307218309859200,77.170172084130000,89.258849557522100,101.355688622754000,113.095693779904000,125.259938837920000,137.419303797468000,149.112903225806000,161.338394793926000,173.504310344828000,185.401315789474000,197.093750000000000,209.622691292876000,221.335149863760000,232.972644376900000,245.151419558360000,257.101307189542000,269.544303797468000,281.471760797342000,293.296178343949000,305.580000000000000,317.215328467153000,329.557553956835000,341.055555555556000,353.207792207792000,365.679245283019000,377.432142857143000,389.780185758514000,401.295081967213000,413.589235127479000,425.405633802817000,437.463291139240000,449.522613065327000,461.433242506812000,473.540845070423000,480.313705583756000,497.035714285714000,509.093750000000000,521.360000000000000,535.318181818182000,540.000000000000000,0.000000000000000,0.000000000000000,0.000000000000000,0.000000000000000
2,2,66,5.720417633410670,17.129084967320300,29.277551020408200,41.238721804511300,53.340952380952400,65.296812749004000,77.209354120267300,89.507507507507500,101.138504155125000,113.452662721893000,125.352071005917000,137.162790697674000,149.350877192982000,161.588000000000000,173.257936507937000,185.290000000000000,197.148936170213000,209.082278481013000,221.554913294798000,233.593582887701000,245.586592178771000,257.056962025316000,269.525641025641000,281.863636363636000,293.591160220994000,305.427710843374000,317.789156626506000,329.513043478261000,341.479452054795000,353.644808743169000,365.529411764706000,377.600000000000000,389.462765957447000,401.850746268657000,413.267281105991000,425.397321428571000,437.272251308901000,449.643678160920000,462.009478672986000,473.671171171171000,480.248684210526000,496.769230769231000,509.095238095238000,520.916666666667000,534.590909090909000,540.000000000000000,0.000000000000000,0.000000000000000,0.000000000000000,0.000000000000000
2,2,67,5.677876106194690,16.943765281173600,29.615160349854200,41.509554140127400,53.644562334217500,65.472222222222200,77.312121212121200,89.479099678456600,101.300595238095000,113.077220077220000,125.478599221790000,137.035555555556000,149.453038674033000,161.222222222222000,173.000000000000000,185.251700680272000,197.471830985915000,209.472868217054000,221.157480314961000,233.069767441860000,245.632000000000000,257.111111111111000,269.440298507463000,281.299065420561000,293.601851851852000,305.596330275229000,317.867187500000000,329.752066115702000,341.650684931507000,353.713114754098000,365.586206896552000,378.060606060606000,389.659722222222000,401.273885350318000,413.486111111111000,425.762711864407000,437.873913043478000,449.390862944162000,461.553191489362000,473.413461538462000,480.159689922481000,495.555555555556000,507.142857142857000,521.785714285714000,535.666666666667000,540.000000000000000,0.000000000000000,0.000000000000000,0.000000000000000,0.000000000000000
2,2,68,5.553623188405800,17.082251082251100,29.262910798122100,41.166666666666700,53.255230125523000,65.536082474226800,77.339534883720900,89.280788177339900,100.925000000000000,113.618090452261000,125.292553191489000,136.699346405229000,149.404624277457000,161.589552238806000,173.347107438017000,185.519230769231000,197.101010101010000,209.242424242424000,221.146341463415000,233.692307692308000,246.735632183908000,257.250000000000000,269.108695652174000,281.555555555556000,293.202531645570000,305.639175257732000,317.608108108108000,329.255319148936000,341.150000000000000,352.969387755102000,365.173913043478000,377.243697478992000,389.433333333333000,401.556521739130000,413.583333333333000,425.605263157895000,438.011494252874000,449.481081081081000,461.680722891566000,472.994736842105000,480.221875000000000,496.842105263158000,509.538461538462000,522.105263157895000,534.500000000000000,540.000000000000000,0.000000000000000,0.000000000000000,0.000000000000000,0.000000000000000
2,2,69,5.510204081632650,16.714285714285700,29.624161073825500,41.594405594405600,53.833333333333300,65.897058823529400,77.576923076923100,89.986206896551700,101.284671532847000,113.512605042017000,125.149253731343000,136.805309734513000,149.352380952381000,161.611650485437000,172.551020408163000,185.045977011494000,197.128571428571000,209.584905660377000,221.513513513514000,234.338235294118000,245.051282051282000,256.779411764706000,269.360000000000000,281.536585365854000,293.090909090909000,304.911764705882000,317.353658536585000,328.955223880597000,340.925373134328000,352.858974358974000,365.787878787879000,376.865168539326000,389.215053763441000,401.195402298851000,414.000000000000000,425.305785123967000,438.064000000000000,449.079470198675000,461.304597701149000,473.280821917808000,480.152684563758000,497.538461538462000,509.454545454545000,522.900000000000000,534.500000000000000,540.000000000000000,0.000000000000000,0.000000000000000,0.000000000000000,0.000000000000000
2,3,20,1.685788787483700,0.000000000000000,0.000000000000000,0.000000000000000,0.000000000000000,0.000000000000000,0.000000000000000,0.000000000000000,0.000000000000000,0.000000000000000,0.000000000000000,0.000000000000000,0.000000000000000,0.000000000000000,0.000000000000000,0.000000000000000,0.000000000000000,0.000000000000000,0.000000000000000,0.000000000000000,0.000000000000000,0.000000000000000,0.000000000000000,0.000000000000000,0.000000000000000,0.000000000000000,0.000000000000000,0.000000000000000,0.000000000000000,0.000000000000000,0.000000000000000,0.000000000000000,0.000000000000000,0.000000000000000,0.000000000000000,0.000000000000000,0.000000000000000,0.000000000000000,0.000000000000000,0.000000000000000,0.000000000000000,0.000000000000000,0.000000000000000,0.000000000000000,0.000000000000000,0.000000000000000,0.000000000000000,0.000000000000000,0.000000000000000,0.000000000000000
2,3,21,2.175365344467640,5.031493943472410,0.000000000000000,0.000000000000000,0.000000000000000,0.000000000000000,0.000000000000000,0.000000000000000,0.000000000000000,0.000000000000000,0.000000000000000,0.000000000000000,0.000000000000000,0.000000000000000,0.000000000000000,0.000000000000000,0.000000000000000,0.000000000000000,0.000000000000000,0.000000000000000,0.000000000000000,0.000000000000000,0.000000000000000,0.000000000000000,0.000000000000000,0.000000000000000,0.000000000000000,0.000000000000000,0.000000000000000,0.000000000000000,0.000000000000000,0.000000000000000,0.000000000000000,0.000000000000000,0.000000000000000,0.000000000000000,0.000000000000000,0.000000000000000,0.000000000000000,0.000000000000000,0.000000000000000,0.000000000000000,0.000000000000000,0.000000000000000,0.000000000000000,0.000000000000000,0.000000000000000,0.000000000000000,0.000000000000000,0.000000000000000
2,3,22,1.876013132245820,4.907772570519060,7.930088495575220,0.000000000000000,0.000000000000000,0.000000000000000,0.000000000000000,0.000000000000000,0.000000000000000,0.000000000000000,0.000000000000000,0.000000000000000,0.000000000000000,0.000000000000000,0.000000000000000,0.000000000000000,0.000000000000000,0.000000000000000,0.000000000000000,0.000000000000000,0.000000000000000,0.000000000000000,0.000000000000000,0.000000000000000,0.000000000000000,0.000000000000000,0.000000000000000,0.000000000000000,0.000000000000000,0.000000000000000,0.000000000000000,0.000000000000000,0.000000000000000,0.000000000000000,0.000000000000000,0.000000000000000,0.000000000000000,0.000000000000000,0.000000000000000,0.000000000000000,0.000000000000000,0.000000000000000,0.000000000000000,0.000000000000000,0.000000000000000,0.000000000000000,0.000000000000000,0.000000000000000,0.000000000000000,0.000000000000000
2,3,23,1.736790146671680,4.736188188519840,9.344782204789430,11.533450395083400,0.000000000000000,0.000000000000000,0.000000000000000,0.000000000000000,0.000000000000000,0.000000000000000,0.000000000000000,0.000000000000000,0.000000000000000,0.000000000000000,0.000000000000000,0.000000000000000,0.000000000000000,0.000000000000000,0.000000000000000,0.000000000000000,0.000000000000000,0.000000000000000,0.000000000000000,0.000000000000000,0.000000000000000,0.000000000000000,0.000000000000000,0.000000000000000,0.000000000000000,0.000000000000000,0.000000000000000,0.000000000000000,0.000000000000000,0.000000000000000,0.000000000000000,0.000000000000000,0.000000000000000,0.000000000000000,0.000000000000000,0.000000000000000,0.000000000000000,0.000000000000000,0.000000000000000,0.000000000000000,0.000000000000000,0.000000000000000,0.000000000000000,0.000000000000000,0.000000000000000,0.000000000000000
2,3,24,1.773722291349830,5.119594702409450,9.414236138705660,12.601059211668700,15.783333333333300,0.000000000000000,0.000000000000000,0.000000000000000,0.000000000000000,0.000000000000000,0.000000000000000,0.000000000000000,0.000000000000000,0.000000000000000,0.000000000000000,0.000000000000000,0.000000000000000,0.000000000000000,0.000000000000000,0.000000000000000,0.000000000000000,0.000000000000000,0.000000000000000,0.000000000000000,0.000000000000000,0.000000000000000,0.000000000000000,0.000000000000000,0.000000000000000,0.000000000000000,0.000000000000000,0.000000000000000,0.000000000000000,0.000000000000000,0.000000000000000,0.000000000000000,0.000000000000000,0.000000000000000,0.000000000000000,0.000000000000000,0.000000000000000,0.000000000000000,0.000000000000000,0.000000000000000,0.000000000000000,0.000000000000000,0.000000000000000,0.000000000000000,0.000000000000000,0.000000000000000
2,3,25,1.804128482828840,5.137960449786740,9.424861952861950,12.538653567402200,18.893480257116600,20.938759689922500,0.000000000000000,0.000000000000000,0.000000000000000,0.000000000000000,0.000000000000000,0.000000000000000,0.000000000000000,0.000000000000000,0.000000000000000,0.000000000000000,0.000000000000000,0.000000000000000,0.000000000000000,0.000000000000000,0.000000000000000,0.000000000000000,0.000000000000000,0.000000000000000,0.000000000000000,0.000000000000000,0.000000000000000,0.000000000000000,0.000000000000000,0.000000000000000,0.000000000000000,0.000000000000000,0.000000000000000,0.000000000000000,0.000000000000000,0.000000000000000,0.000000000000000,0.000000000000000,0.000000000000000,0.000000000000000,0.000000000000000,0.000000000000000,0.000000000000000,0.000000000000000,0.000000000000000,0.000000000000000,0.000000000000000,0.000000000000000,0.000000000000000,0.000000000000000
2,3,26,1.849959370966970,5.320234242564340,9.351448963797400,12.418560328397600,18.571975063757400,22.989595375722500,25.756820877817300,0.000000000000000,0.000000000000000,0.000000000000000,0.000000000000000,0.000000000000000,0.000000000000000,0.000000000000000,0.000000000000000,0.000000000000000,0.000000000000000,0.000000000000000,0.000000000000000,0.000000000000000,0.000000000000000,0.000000000000000,0.000000000000000,0.000000000000000,0.000000000000000,0.000000000000000,0.000000000000000,0.000000000000000,0.000000000000000,0.000000000000000,0.000000000000000,0.000000000000000,0.000000000000000,0.000000000000000,0.000000000000000,0.000000000000000,0.000000000000000,0.000000000000000,0.000000000000000,0.000000000000000,0.000000000000000,0.000000000000000,0.000000000000000,0.000000000000000,0.000000000000000,0.000000000000000,0.000000000000000,0.000000000000000,0.000000000000000,0.000000000000000
2,3,27,1.966005252407350,5.437694935392840,9.414527981910680,12.943462429659100,18.876387860843800,23.111137553545900,26.475471698113200,29.053054662379400,0.000000000000000,0.000000000000000,0.000000000000000,0.000000000000000,0.000000000000000,0.000000000000000,0.000000000000000,0.000000000000000,0.000000000000000,0.000000000000000,0.000000000000000,0.000000000000000,0.000000000000000,0.000000000000000,0.000000000000000,0.000000000000000,0.000000000000000,0.000000000000000,0.000000000000000,0.000000000000000,0.000000000000000,0.000000000000000,0.000000000000000,0.000000000000000,0.000000000000000,0.000000000000000,0.000000000000000,0.000000000000000,0.000000000000000,0.000000000000000,0.000000000000000,0.000000000000000,0.000000000000000,0.000000000000000,0.000000000000000,0.000000000000000,0.000000000000000,0.000000000000000,0.000000000000000,0.000000000000000,0.000000000000000,0.000000000000000
2,3,28,1.937404338417690,5.617875343002740,9.682392817882010,13.339776521962500,18.663385826771700,23.093763258379300,26.039611964430100,30.864077669902900,32.080434782608700,0.000000000000000,0.000000000000000,0.000000000000000,0.000000000000000,0.000000000000000,0.000000000000000,0.000000000000000,0.000000000000000,0.000000000000000,0.000000000000000,0.000000000000000,0.000000000000000,0.000000000000000,0.000000000000000,0.000000000000000,0.000000000000000,0.000000000000000,0.000000000000000,0.000000000000000,0.000000000000000,0.000000000000000,0.000000000000000,0.000000000000000,0.000000000000000,0.000000000000000,0.000000000000000,0.000000000000000,0.000000000000000,0.000000000000000,0.000000000000000,0.000000000000000,0.000000000000000,0.000000000000000,0.000000000000000,0.000000000000000,0.000000000000000,0.000000000000000,0.000000000000000,0.000000000000000,0.000000000000000,0.000000000000000
2,3,29,1.978604344963790,5.908981362467870,9.866747041467050,13.471159162110700,19.018894107600300,23.399469897766000,27.368947708198800,32.008695652173900,33.205169628433000,35.970515970516000,0.000000000000000,0.000000000000000,0.000000000000000,0.000000000000000,0.000000000000000,0.000000000000000,0.000000000000000,0.000000000000000,0.000000000000000,0.000000000000000,0.000000000000000,0.000000000000000,0.000000000000000,0.000000000000000,0.000000000000000,0.000000000000000,0.000000000000000,0.000000000000000,0.000000000000000,0.000000000000000,0.000000000000000,0.000000000000000,0.000000000000000,0.000000000000000,0.000000000000000,0.000000000000000,0.000000000000000,0.000000000000000,0.000000000000000,0.000000000000000,0.000000000000000,0.000000000000000,0.000000000000000,0.000000000000000,0.000000000000000,0.000000000000000,0.000000000000000,0.000000000000000,0.000000000000000,0.000000000000000
2,3,30,1.942671529519030,5.763792812552730,10.082440011947800,14.157205506151800,19.632447296058700,23.371209596801100,27.244017807456900,31.705643524157500,37.045969773299700,39.130434782608700,40.387005649717500,0.000000000000000,0.000000000000000,0.000000000000000,0.000000000000000,0.000000000000000,0.000000000000000,0.000000000000000,0.000000000000000,0.000000000000000,0.000000000000000,0.000000000000000,0.000000000000000,0.000000000000000,0.000000000000000,0.000000000000000,0.000000000000000,0.000000000000000,0.000000000000000,0.000000000000000,0.000000000000000,0.000000000000000,0.000000000000000,0.000000000000000,0.000000000000000,0.000000000000000,0.000000000000000,0.000000000000000,0.000000000000000,0.000000000000000,0.000000000000000,0.000000000000000,0.000000000000000,0.000000000000000,0.000000000000000,0.000000000000000,0.000000000000000,0.000000000000000,0.000000000000000,0.000000000000000
2,3,31,1.873414776032580,5.633515577540570,9.844098554674890,13.741890667472100,19.578979099678500,24.108144592770400,27.761860028182200,33.212781149589400,37.304635761589400,39.053110773899800,39.760092272203000,49.291536050156700,0.000000000000000,0.000000000000000,0.000000000000000,0.000000000000000,0.000000000000000,0.000000000000000,0.000000000000000,0.000000000000000,0.000000000000000,0.000000000000000,0.000000000000000,0.000000000000000,0.000000000000000,0.000000000000000,0.000000000000000,0.000000000000000,0.000000000000000,0.000000000000000,0.000000000000000,0.000000000000000,0.000000000000000,0.000000000000000,0.000000000000000,0.000000000000000,0.000000000000000,0.000000000000000,0.000000000000000,0.000000000000000,0.000000000000000,0.000000000000000,0.000000000000000,0.000000000000000,0.000000000000000,0.000000000000000,0.000000000000000,0.000000000000000,0.000000000000000,0.000000000000000
2,3,32,1.926581990089420,5.897751378871450,9.496201670509090,13.430415366734000,19.898368390013800,24.379918391139600,28.455719941654500,32.668979473836400,37.002553191489400,40.213763702801500,45.196877710320900,47.774011299435000,51.514705882352900,0.000000000000000,0.000000000000000,0.000000000000000,0.000000000000000,0.000000000000000,0.000000000000000,0.000000000000000,0.000000000000000,0.000000000000000,0.000000000000000,0.000000000000000,0.000000000000000,0.000000000000000,0.000000000000000,0.000000000000000,0.000000000000000,0.000000000000000,0.000000000000000,0.000000000000000,0.000000000000000,0.000000000000000,0.000000000000000,0.000000000000000,0.000000000000000,0.000000000000000,0.000000000000000,0.000000000000000,0.000000000000000,0.000000000000000,0.000000000000000,0.000000000000000,0.000000000000000,0.000000000000000,0.000000000000000,0.000000000000000,0.000000000000000,0.000000000000000
2,3,33,2.015933646185750,5.906020901575420,9.879347527741830,14.059408963243400,20.174214071856300,24.978082951865700,29.522245968525400,34.798922800718100,36.833676268861500,42.799424184261000,48.149292149292200,51.384169884169900,56.895196506550200,60.065502183406100,0.000000000000000,0.000000000000000,0.000000000000000,0.000000000000000,0.000000000000000,0.000000000000000,0.000000000000000,0.000000000000000,0.000000000000000,0.000000000000000,0.000000000000000,0.000000000000000,0.000000000000000,0.000000000000000,0.000000000000000,0.000000000000000,0.000000000000000,0.000000000000000,0.000000000000000,0.000000000000000,0.000000000000000,0.000000000000000,0.000000000000000,0.000000000000000,0.000000000000000,0.000000000000000,0.000000000000000,0.000000000000000,0.000000000000000,0.000000000000000,0.000000000000000,0.000000000000000,0.000000000000000,0.000000000000000,0.000000000000000,0.000000000000000
2,3,34,2.154882512067040,5.928555596601400,10.509654243376700,14.793346524857800,20.368466152527800,25.667975094748200,30.653624856156500,35.306538839724700,40.268670309653900,44.642194433239200,50.529771841958800,52.495327102803700,56.184931506849300,54.028391167192400,62.410358565737000,0.000000000000000,0.000000000000000,0.000000000000000,0.000000000000000,0.000000000000000,0.000000000000000,0.000000000000000,0.000000000000000,0.000000000000000,0.000000000000000,0.000000000000000,0.000000000000000,0.000000000000000,0.000000000000000,0.000000000000000,0.000000000000000,0.000000000000000,0.000000000000000,0.000000000000000,0.000000000000000,0.000000000000000,0.000000000000000,0.000000000000000,0.000000000000000,0.000000000000000,0.000000000000000,0.000000000000000,0.000000000000000,0.000000000000000,0.000000000000000,0.000000000000000,0.000000000000000,0.000000000000000,0.000000000000000,0.000000000000000
2,3,35,2.271040319613100,6.134364820846910,10.757352654746600,15.187476208603000,21.025553838227700,26.339243333798700,31.438338054768600,35.963361016121200,40.112809538367500,44.279789103690700,47.878664862426700,55.442677269715000,53.288888888888900,58.197560975609800,60.124567474048400,64.665271966527200,0.000000000000000,0.000000000000000,0.000000000000000,0.000000000000000,0.000000000000000,0.000000000000000,0.000000000000000,0.000000000000000,0.000000000000000,0.000000000000000,0.000000000000000,0.000000000000000,0.000000000000000,0.000000000000000,0.000000000000000,0.000000000000000,0.000000000000000,0.000000000000000,0.000000000000000,0.000000000000000,0.000000000000000,0.000000000000000,0.000000000000000,0.000000000000000,0.000000000000000,0.000000000000000,0.000000000000000,0.000000000000000,0.000000000000000,0.000000000000000,0.000000000000000,0.000000000000000,0.000000000000000,0.000000000000000
2,3,36,2.482018655308140,6.586284355179700,11.395489825076300,15.878527681037600,21.751633319722300,26.756132549132100,31.911542814032400,37.203417224659400,42.955744680851100,45.090007087172200,50.064896755162200,54.454208575966100,58.441520467836300,62.091258405379400,65.331108144192300,65.157389635316700,80.810256410256400,0.000000000000000,0.000000000000000,0.000000000000000,0.000000000000000,0.000000000000000,0.000000000000000,0.000000000000000,0.000000000000000,0.000000000000000,0.000000000000000,0.000000000000000,0.000000000000000,0.000000000000000,0.000000000000000,0.000000000000000,0.000000000000000,0.000000000000000,0.000000000000000,0.000000000000000,0.000000000000000,0.000000000000000,0.000000000000000,0.000000000000000,0.000000000000000,0.000000000000000,0.000000000000000,0.000000000000000,0.000000000000000,0.000000000000000,0.000000000000000,0.000000000000000,0.000000000000000,0.000000000000000
2,3,37,2.668090847762540,6.916486539595210,11.887240927652400,16.584796299392500,22.877156398104300,27.445640326975500,32.164257555847600,36.823829392675000,43.774246575342500,47.297752808988800,53.046296296296300,56.248742569730200,58.830322933771200,65.269076305220900,68.389172625127700,71.214912280701800,74.968468468468500,81.476744186046500,0.000000000000000,0.000000000000000,0.000000000000000,0.000000000000000,0.000000000000000,0.000000000000000,0.000000000000000,0.000000000000000,0.000000000000000,0.000000000000000,0.000000000000000,0.000000000000000,0.000000000000000,0.000000000000000,0.000000000000000,0.000000000000000,0.000000000000000,0.000000000000000,0.000000000000000,0.000000000000000,0.000000000000000,0.000000000000000,0.000000000000000,0.000000000000000,0.000000000000000,0.000000000000000,0.000000000000000,0.000000000000000,0.000000000000000,0.000000000000000,0.000000000000000,0.000000000000000
2,3,38,2.726188408314520,7.156017248137990,12.160884285998800,17.018986660929400,23.374989256553500,28.489790676769000,34.063400576368900,38.745896257386700,43.697487974345300,48.571108980505000,52.444811147781400,55.852727272727300,60.586624539231200,65.425793907971500,68.705623901581700,69.822299651567900,74.330508474576300,75.358851674641100,72.771428571428600,0.000000000000000,0.000000000000000,0.000000000000000,0.000000000000000,0.000000000000000,0.000000000000000,0.000000000000000,0.000000000000000,0.000000000000000,0.000000000000000,0.000000000000000,0.000000000000000,0.000000000000000,0.000000000000000,0.000000000000000,0.000000000000000,0.000000000000000,0.000000000000000,0.000000000000000,0.000000000000000,0.000000000000000,0.000000000000000,0.000000000000000,0.000000000000000,0.000000000000000,0.000000000000000,0.000000000000000,0.000000000000000,0.000000000000000,0.000000000000000,0.000000000000000
2,3,39,2.837053187216710,7.303026358607220,12.315701986190400,17.537635592753700,23.672202722369700,29.766666666666700,34.874038625875900,40.376840254889000,44.682011708355500,48.935701163502800,53.299813084112200,58.181858019281300,60.621982537236800,64.977380952381000,71.111878453038700,73.870192307692300,81.382978723404200,81.820512820512800,73.449131513647600,92.820512820512800,0.000000000000000,0.000000000000000,0.000000000000000,0.000000000000000,0.000000000000000,0.000000000000000,0.000000000000000,0.000000000000000,0.000000000000000,0.000000000000000,0.000000000000000,0.000000000000000,0.000000000000000,0.000000000000000,0.000000000000000,0.000000000000000,0.000000000000000,0.000000000000000,0.000000000000000,0.000000000000000,0.000000000000000,0.000000000000000,0.000000000000000,0.000000000000000,0.000000000000000,0.000000000000000,0.000000000000000,0.000000000000000,0.000000000000000,0.000000000000000
2,3,40,2.865769891242130,7.475053526244080,12.961494384597800,18.223945765827900,24.695918196295400,31.124344481995100,36.225071678878600,41.415737428992200,45.920280096956600,50.579386257505000,56.337894336754100,59.951827956989200,65.238352133398700,68.643397324025600,71.114508783344200,80.505122143420000,82.336886993603400,82.258064516129000,80.974358974359000,91.488126649076500,106.000000000000000,0.000000000000000,0.000000000000000,0.000000000000000,0.000000000000000,0.000000000000000,0.000000000000000,0.000000000000000,0.000000000000000,0.000000000000000,0.000000000000000,0.000000000000000,0.000000000000000,0.000000000000000,0.000000000000000,0.000000000000000,0.000000000000000,0.000000000000000,0.000000000000000,0.000000000000000,0.000000000000000,0.000000000000000,0.000000000000000,0.000000000000000,0.000000000000000,0.000000000000000,0.000000000000000,0.000000000000000,0.000000000000000,0.000000000000000
2,3,41,3.032373506579310,7.784565091981280,13.066924191212000,18.567696244718200,25.455070714039300,30.814508616674400,36.614538790470400,42.795289499509300,48.466364323507200,52.010258004351900,56.307719546742200,62.123614663256600,64.761336515513100,66.897669130187600,69.857829670329700,77.136675824175800,79.192114093959700,79.497041420118400,87.579277864992200,86.760869565217400,99.411411411411400,86.419580419580400,0.000000000000000,0.000000000000000,0.000000000000000,0.000000000000000,0.000000000000000,0.000000000000000,0.000000000000000,0.000000000000000,0.000000000000000,0.000000000000000,0.000000000000000,0.000000000000000,0.000000000000000,0.000000000000000,0.000000000000000,0.000000000000000,0.000000000000000,0.000000000000000,0.000000000000000,0.000000000000000,0.000000000000000,0.000000000000000,0.000000000000000,0.000000000000000,0.000000000000000,0.000000000000000,0.000000000000000,0.000000000000000
2,3,42,3.384092346616070,8.653687558906690,14.375790467201500,20.249766027140900,26.902685433036900,33.170349907919000,38.685601056803200,43.535177278633700,48.540156034878400,52.277794161014400,58.653314427508000,61.651680842446300,65.696591454632700,68.771883289124700,73.881230769230800,74.732459016393400,78.869631901840500,88.986059479553900,90.468827930174600,89.813559322033900,97.402684563758400,101.418367346939000,89.813084112149500,0.000000000000000,0.000000000000000,0.000000000000000,0.000000000000000,0.000000000000000,0.000000000000000,0.000000000000000,0.000000000000000,0.000000000000000,0.000000000000000,0.000000000000000,0.000000000000000,0.000000000000000,0.000000000000000,0.000000000000000,0.000000000000000,0.000000000000000,0.000000000000000,0.000000000000000,0.000000000000000,0.000000000000000,0.000000000000000,0.000000000000000,0.000000000000000,0.000000000000000,0.000000000000000,0.000000000000000
2,3,43,3.571128346259690,8.904038429313520,15.663385540416000,21.120124804992200,27.736641866756800,34.095822813862700,39.427667402501800,44.922483468038200,49.777365896205800,56.063028649386100,59.838676671214200,63.025089605734800,69.074439461883400,72.314595660749500,79.834272829763300,79.029566360052600,83.166666666666700,87.421140939597300,89.611862643080100,88.521145975443400,92.163230240549800,104.969849246231000,98.098859315589400,113.287037037037000,0.000000000000000,0.000000000000000,0.000000000000000,0.000000000000000,0.000000000000000,0.000000000000000,0.000000000000000,0.000000000000000,0.000000000000000,0.000000000000000,0.000000000000000,0.000000000000000,0.000000000000000,0.000000000000000,0.000000000000000,0.000000000000000,0.000000000000000,0.000000000000000,0.000000000000000,0.000000000000000,0.000000000000000,0.000000000000000,0.000000000000000,0.000000000000000,0.000000000000000,0.000000000000000
2,3,44,3.664469796827420,9.298946349854850,16.300806531912800,22.152252992255300,28.613807708598100,34.578119497593600,39.820678271308500,44.997219132369300,50.867647058823500,56.462579821200500,61.182996207332500,64.202230483271400,70.917729872415300,74.371788413098200,77.342873497424200,85.011200995644100,83.610619469026500,86.570293884035000,91.367158671586700,89.112500000000000,98.815295815295800,104.072124756335000,102.540540540541000,109.385281385281000,120.265486725664000,0.000000000000000,0.000000000000000,0.000000000000000,0.000000000000000,0.000000000000000,0.000000000000000,0.000000000000000,0.000000000000000,0.000000000000000,0.000000000000000,0.000000000000000,0.000000000000000,0.000000000000000,0.000000000000000,0.000000000000000,0.000000000000000,0.000000000000000,0.000000000000000,0.000000000000000,0.000000000000000,0.000000000000000,0.000000000000000,0.000000000000000,0.000000000000000,0.000000000000000
2,3,45,3.883871517423530,9.867151767151770,17.042198435570200,23.186977482150500,29.690318070604700,35.568865179437400,41.408087667850000,46.112951246743600,51.686560466681600,56.575361133823900,61.144266337854500,67.050512445095200,70.503421727972600,74.723214285714300,79.865573770491800,81.901307189542500,88.543432939541300,93.038056680161900,89.074239713774600,98.329153605015700,101.275663206459000,96.837662337662300,112.682926829268000,112.899082568807000,118.414225941423000,109.269662921348000,0.000000000000000,0.000000000000000,0.000000000000000,0.000000000000000,0.000000000000000,0.000000000000000,0.000000000000000,0.000000000000000,0.000000000000000,0.000000000000000,0.000000000000000,0.000000000000000,0.000000000000000,0.000000000000000,0.000000000000000,0.000000000000000,0.000000000000000,0.000000000000000,0.000000000000000,0.000000000000000,0.000000000000000,0.000000000000000,0.000000000000000,0.000000000000000
2,3,46,4.148948453608250,10.333974833456700,17.737935892920000,24.007241313599700,30.159476046532900,36.522635753508200,42.063993710691800,46.887640449438200,52.789686098654700,58.093273778244900,62.528991971454100,68.771872740419400,69.808848080133600,77.796963946869100,81.282148670645700,84.244810744810700,90.549795361528000,92.086626139817600,94.963804713804700,99.456225680933900,103.920824295011000,107.263504611331000,109.026266416510000,111.019417475728000,109.264615384615000,99.709090909090900,118.170454545455000,0.000000000000000,0.000000000000000,0.000000000000000,0.000000000000000,0.000000000000000,0.000000000000000,0.000000000000000,0.000000000000000,0.000000000000000,0.000000000000000,0.000000000000000,0.000000000000000,0.000000000000000,0.000000000000000,0.000000000000000,0.000000000000000,0.000000000000000,0.000000000000000,0.000000000000000,0.000000000000000,0.000000000000000,0.000000000000000,0.000000000000000
2,3,47,4.312797461660500,10.682408733883300,18.146899792814200,24.406995230524600,31.280468677922300,37.076663858466700,41.498787878787900,48.355703422053200,52.032937485996000,58.266187050359700,63.688882335594200,68.107572540693600,72.119148936170200,76.520758122743700,78.539342629482100,86.644380403458200,90.604468599033800,94.113074204947000,101.312844759653000,101.497890295359000,101.497307001795000,111.114136125654000,107.372469635628000,114.698795180723000,108.203904555315000,102.484177215190000,121.416267942584000,91.988636363636400,0.000000000000000,0.000000000000000,0.000000000000000,0.000000000000000,0.000000000000000,0.000000000000000,0.000000000000000,0.000000000000000,0.000000000000000,0.000000000000000,0.000000000000000,0.000000000000000,0.000000000000000,0.000000000000000,0.000000000000000,0.000000000000000,0.000000000000000,0.000000000000000,0.000000000000000,0.000000000000000,0.000000000000000,0.000000000000000
2,3,48,4.299134304488410,10.866964893513600,18.679910127137200,24.991974740165800,31.520430107526900,37.557298098295900,42.941269091481700,48.281116279069800,53.319163142666400,58.534926470588200,63.547169811320800,66.667466575248500,70.889261744966400,77.893149504523900,82.290838584585600,85.467122567070000,89.667267267267300,95.778541953232500,97.424028268551200,103.970024979184000,107.922312556459000,103.462421711900000,113.871991247265000,119.504032258065000,121.930753564155000,118.324618736383000,112.689189189189000,126.017467248908000,115.346153846154000,0.000000000000000,0.000000000000000,0.000000000000000,0.000000000000000,0.000000000000000,0.000000000000000,0.000000000000000,0.000000000000000,0.000000000000000,0.000000000000000,0.000000000000000,0.000000000000000,0.000000000000000,0.000000000000000,0.000000000000000,0.000000000000000,0.000000000000000,0.000000000000000,0.000000000000000,0.000000000000000,0.000000000000000
2,3,49,4.402064227722450,11.035933990821200,18.885190963194100,25.259368907502300,32.090424997488200,38.325313945803000,43.041694242223700,49.231959798995000,53.954911433172300,59.376761499601200,64.049514258853000,66.000347101700800,72.242295839753500,75.927465723131400,81.594439117929100,85.457470010905100,91.807344972907900,95.342348754448400,96.015214384509000,102.733076923077000,104.573800738007000,107.287380699894000,110.391351351351000,115.985135135135000,115.979289940828000,108.291754756871000,118.342042755344000,121.472340425532000,116.056818181818000,127.844155844156000,0.000000000000000,0.000000000000000,0.000000000000000,0.000000000000000,0.000000000000000,0.000000000000000,0.000000000000000,0.000000000000000,0.000000000000000,0.000000000000000,0.000000000000000,0.000000000000000,0.000000000000000,0.000000000000000,0.000000000000000,0.000000000000000,0.000000000000000,0.000000000000000,0.000000000000000,0.000000000000000
2,3,50,4.382578626708380,11.127103182647500,19.213180901143200,25.501068865475600,32.686070686070700,38.242881308147700,43.605561277034000,48.695522388059700,54.705405405405400,60.161026508742200,64.304263565891500,69.071734475374700,75.369138276553100,76.848457350272200,81.601964452759600,87.527613941018800,92.908920773549600,96.308201058201100,104.348767737117000,102.272509960159000,109.836380255941000,118.952952952953000,115.134720700986000,121.411609498681000,121.377720870679000,116.852223816356000,115.434878587196000,128.991017964072000,120.626168224299000,136.044692737430000,101.378787878788000,0.000000000000000,0.000000000000000,0.000000000000000,0.000000000000000,0.000000000000000,0.000000000000000,0.000000000000000,0.000000000000000,0.000000000000000,0.000000000000000,0.000000000000000,0.000000000000000,0.000000000000000,0.000000000000000,0.000000000000000,0.000000000000000,0.000000000000000,0.000000000000000,0.000000000000000
2,3,51,4.270517218630430,11.003636797233600,18.664046920821100,25.592202618099000,31.855485232067500,37.806333333333300,44.155908639523300,48.444495837187800,54.600000000000000,58.524325999380200,63.487991646362700,68.750914262494900,71.907666243117300,77.342065491183900,83.058359621451100,84.056658878504700,91.154046997389000,92.512622720897600,102.253532182104000,101.988105352591000,104.927687916270000,110.741433021807000,112.473392461197000,118.707349081365000,123.285519125683000,120.788059701493000,110.899641577061000,117.240310077519000,121.147540983607000,132.058823529412000,120.610294117647000,98.451612903225800,0.000000000000000,0.000000000000000,0.000000000000000,0.000000000000000,0.000000000000000,0.000000000000000,0.000000000000000,0.000000000000000,0.000000000000000,0.000000000000000,0.000000000000000,0.000000000000000,0.000000000000000,0.000000000000000,0.000000000000000,0.000000000000000,0.000000000000000,0.000000000000000
2,3,52,4.214399338254010,11.155375656866900,18.544644317252700,25.138437272506700,31.642506725747700,37.879719735305600,43.079038594869400,47.633342413511300,53.146043385273500,57.962950600801100,63.745966228893100,67.396657871591900,71.078614880673800,76.138339920948600,82.164685908319200,85.747321991178300,88.241672109732200,94.941852117731500,100.150197628458000,105.630742049470000,103.022351797862000,113.554347826087000,126.088888888889000,114.698138297872000,117.978319783198000,116.758190327613000,108.403305785124000,119.754201680672000,111.812664907652000,96.531496062992100,117.983957219251000,96.283333333333300,92.380952380952400,0.000000000000000,0.000000000000000,0.000000000000000,0.000000000000000,0.000000000000000,0.000000000000000,0.000000000000000,0.000000000000000,0.000000000000000,0.000000000000000,0.000000000000000,0.000000000000000,0.000000000000000,0.000000000000000,0.000000000000000,0.000000000000000,0.000000000000000
2,3,53,4.256885298680010,11.499537572254300,18.521278625954200,25.103729603729600,30.888253113429800,37.283816425120800,42.978271251193900,47.757146822092700,52.596816114360000,57.963935574229700,62.297584936553400,66.075327018493500,72.254062038404700,76.745735607675900,79.731830985915500,85.934093789607100,86.028591352859100,99.871951219512200,96.956349206349200,102.183966244726000,110.660037878788000,116.728706624606000,115.572745901639000,130.796798029557000,122.283261802575000,131.395238095238000,128.318098720293000,122.284883720930000,121.440835266821000,122.823104693141000,119.458515283843000,113.745664739884000,121.458715596330000,138.523809523810000,0.000000000000000,0.000000000000000,0.000000000000000,0.000000000000000,0.000000000000000,0.000000000000000,0.000000000000000,0.000000000000000,0.000000000000000,0.000000000000000,0.000000000000000,0.000000000000000,0.000000000000000,0.000000000000000,0.000000000000000,0.000000000000000
2,3,54,4.206637865608030,11.426143237357900,18.538162471864100,24.863321319656200,30.883741258741300,37.200165597184800,42.941443715295300,49.077102803738300,52.903127124405200,58.057100482017100,64.723096026490100,65.708436112481500,70.468367889420500,76.982212340189000,82.581555834378900,83.583333333333300,89.359230220955100,94.597834493426100,104.315441783650000,106.615749525617000,109.887423935091000,119.806666666667000,122.636363636364000,130.922680412371000,130.674486803519000,132.711947626841000,136.230769230769000,138.778611632270000,124.287735849057000,133.020253164557000,138.491304347826000,110.443902439024000,96.515151515151500,109.460674157303000,83.972222222222200,0.000000000000000,0.000000000000000,0.000000000000000,0.000000000000000,0.000000000000000,0.000000000000000,0.000000000000000,0.000000000000000,0.000000000000000,0.000000000000000,0.000000000000000,0.000000000000000,0.000000000000000,0.000000000000000,0.000000000000000
2,3,55,4.208806060390510,11.515773698014200,18.632055576231200,24.718109435880100,30.952933591231500,36.666755602988300,42.810280373831800,47.244381020335400,51.929884566053900,56.006430868167200,63.084661354581700,67.701826753093700,72.338853503184700,75.395790902919200,82.288196958725600,86.094262295082000,88.833477135461600,95.125244618395300,101.123671497585000,106.040966386555000,111.512082853855000,117.465561224490000,121.388804841150000,122.420240137221000,132.129337539432000,145.810344827586000,142.828810020877000,138.265734265734000,139.022113022113000,146.699699699700000,130.078688524590000,119.133333333333000,108.817073170732000,115.090909090909000,94.987951807228900,140.575757575758000,0.000000000000000,0.000000000000000,0.000000000000000,0.000000000000000,0.000000000000000,0.000000000000000,0.000000000000000,0.000000000000000,0.000000000000000,0.000000000000000,0.000000000000000,0.000000000000000,0.000000000000000,0.000000000000000
2,3,56,4.153094134247130,11.593743288710700,18.341477809254000,24.438059580009800,31.096119402985100,37.730117028899000,42.512799339388900,47.296920583468400,54.043804262036300,60.026433691756300,66.235617808904500,67.982092893117000,73.931914893617000,79.418049104180500,82.089752650176700,85.810007818608300,94.485207100591700,98.943312666076200,108.358223062382000,102.521276595745000,110.191685912240000,117.202764976959000,122.943243243243000,130.760000000000000,143.963949843260000,139.015847860539000,156.692007797271000,150.180000000000000,151.348739495798000,150.144670050761000,146.961240310078000,147.717241379310000,151.755980861244000,126.809248554913000,112.661157024793000,121.500000000000000,134.518518518519000,0.000000000000000,0.000000000000000,0.000000000000000,0.000000000000000,0.000000000000000,0.000000000000000,0.000000000000000,0.000000000000000,0.000000000000000,0.000000000000000,0.000000000000000,0.000000000000000,0.000000000000000
2,3,57,4.120465787304200,11.582924226254000,18.463251399367200,24.611234528721000,31.648449920508700,36.770186335403700,42.896360100027800,49.205577172503200,53.227824109173600,60.439493228484100,64.625812906453200,71.380056980057000,73.546454767726200,78.456643356643400,80.738004569687700,90.532591414944300,95.352223190932900,98.203804347826100,106.689423076923000,110.251950947603000,117.795194508009000,116.184110970996000,124.690666666667000,129.254649499285000,137.235772357724000,151.931153184165000,155.286689419795000,147.632443531828000,158.845132743363000,154.264916467780000,161.471849865952000,157.943113772455000,167.014134275618000,152.873239436620000,153.445783132530000,110.822580645161000,131.485294117647000,120.838709677419000,0.000000000000000,0.000000000000000,0.000000000000000,0.000000000000000,0.000000000000000,0.000000000000000,0.000000000000000,0.000000000000000,0.000000000000000,0.000000000000000,0.000000000000000,0.000000000000000
2,3,58,4.153691456858880,11.664916814731100,18.648637926474500,25.340173359278300,31.008622595622400,37.850433894844300,41.779284833538800,48.577900552486200,53.461150776984500,60.569829683698300,63.404624277456600,69.038297872340400,75.007670850767100,81.982835820895500,89.252701579384900,91.840277777777800,96.723809523809500,99.994307400379500,111.921925133690000,112.092995169082000,116.359375000000000,118.631720430108000,132.441134751773000,131.961077844311000,145.172529313233000,143.244565217391000,152.599109131403000,162.182194616977000,161.610047846890000,180.503631961259000,168.662889518414000,185.280130293160000,177.655172413793000,164.004219409283000,177.408163265306000,170.637037037037000,154.208333333333000,165.869565217391000,160.709677419355000,0.000000000000000,0.000000000000000,0.000000000000000,0.000000000000000,0.000000000000000,0.000000000000000,0.000000000000000,0.000000000000000,0.000000000000000,0.000000000000000,0.000000000000000
2,3,59,4.121289817913170,11.743107104984100,18.834657961964200,25.312380952381000,31.424864354800700,36.911462669997200,43.322909809084900,49.588346575860800,55.685651214128000,60.300788954635100,65.426644182124800,67.005154639175300,73.875092387287500,83.390185036202700,86.404399323181100,96.647393364928900,102.717922606925000,103.197038724374000,112.946261682243000,116.907925407925000,116.906701708279000,123.963924963925000,129.580357142857000,135.866101694915000,152.198181818182000,147.143984220907000,152.725910064240000,170.808035714286000,190.113157894737000,179.138586956522000,183.112637362637000,193.071917808219000,194.414448669202000,173.744274809160000,195.898230088496000,188.041666666667000,195.606837606838000,155.214285714286000,177.140350877193000,101.909090909091000,0.000000000000000,0.000000000000000,0.000000000000000,0.000000000000000,0.000000000000000,0.000000000000000,0.000000000000000,0.000000000000000,0.000000000000000,0.000000000000000
2,3,60,4.299620904413760,12.418730650154800,20.511036036036000,28.026262036766900,34.768604651162800,41.432701699550700,48.089512358049400,52.766468612761600,59.943877551020400,63.526109660574400,71.261957321560000,75.138617886178900,79.981281198003300,85.900862068965500,94.375890132248200,97.429585152838400,102.220561864913000,108.431887599267000,116.112204724409000,116.763089005236000,128.020931802836000,135.258435032304000,139.947994056464000,142.843750000000000,146.574803149606000,154.041072925398000,160.408892763731000,171.508268059182000,179.384476534296000,182.800727934486000,195.483074107960000,214.565801253357000,214.259117082534000,220.046889089270000,227.483555555556000,237.413024085638000,253.763183125599000,248.461538461538000,221.775268817204000,205.320099255583000,161.848865478120000,0.000000000000000,0.000000000000000,0.000000000000000,0.000000000000000,0.000000000000000,0.000000000000000,0.000000000000000,0.000000000000000,0.000000000000000
2,3,61,4.202808903310860,12.540868299781700,20.950455121557800,29.001152239665800,36.030233784496400,43.651664496931400,49.279543419874700,55.151908595170100,60.642836214474100,68.171753246753200,70.885416666666700,77.712262242007300,81.133687472332900,89.379262672811100,94.226374799786400,99.452024403771500,106.221634332745000,110.031894934334000,118.753255208333000,123.985189954926000,129.660814606742000,135.061793519216000,142.915202444614000,149.157201646091000,153.939320388350000,162.484929078014000,169.961913197520000,178.437792329280000,183.005576208178000,194.977818853974000,200.751147842057000,214.034482758621000,224.708668453977000,231.184430027804000,241.342442356960000,245.803571428571000,253.025595763460000,260.782527881041000,233.300632911392000,225.030337078652000,180.434540389972000,480.000000000000000,0.000000000000000,0.000000000000000,0.000000000000000,0.000000000000000,0.000000000000000,0.000000000000000,0.000000000000000,0.000000000000000
2,3,62,4.272332399839970,12.758528138528100,21.485711006541900,29.570717839374600,37.308774834437100,44.766646907725700,51.568036341110900,58.134050880626200,63.328481735159800,69.049448818897600,74.650687345787800,77.938276553106200,85.544567627494500,90.964025279533300,97.015167364016700,104.693091732729000,110.530470110273000,115.275842044135000,121.888264669164000,126.491803278689000,134.023357664234000,139.318894697535000,146.806990881459000,147.674670797831000,157.562443845463000,162.876465284040000,171.191071428571000,179.636602451839000,181.775529865125000,191.960674157303000,202.772810218978000,210.284921369103000,219.907142857143000,238.721824686941000,245.180000000000000,256.628857381151000,269.758478081059000,259.742336371168000,244.301757812500000,219.837459634015000,192.879344006248000,346.888888888889000,472.000000000000000,0.000000000000000,0.000000000000000,0.000000000000000,0.000000000000000,0.000000000000000,0.000000000000000,0.000000000000000
2,3,63,4.192271143490660,12.885651857246900,21.842530755711800,30.498623348017600,38.767580266249000,47.010653665583200,54.280320131335900,62.003582718651200,65.687858259510200,72.211652794292500,79.129313232830800,84.726719197707700,89.312653061224500,95.014442013129100,102.538061465721000,106.618923157344000,110.006237006237000,117.200700116686000,123.524889729049000,131.705882352941000,140.087142857143000,146.200557103064000,146.392530487805000,149.544229149115000,155.081103000811000,166.025728987993000,167.417688266200000,182.682177348551000,195.707167832168000,202.233743409490000,201.253676470588000,219.232827832293000,231.105842506351000,243.483333333333000,244.501751313485000,261.636075949367000,265.812878787879000,272.423340961098000,257.640812557710000,246.440825190011000,200.576759061834000,376.625000000000000,432.647058823529000,355.500000000000000,0.000000000000000,0.000000000000000,0.000000000000000,0.000000000000000,0.000000000000000,0.000000000000000
2,3,64,4.187084520417850,12.836100243206100,22.180220356768100,31.223118673903500,40.514107560405300,49.360235168359200,56.409045023218300,64.894651162790700,72.613148479427600,75.747317899491800,82.789456010745500,89.448351648351600,93.939369442198900,101.651368049426000,104.592853784673000,113.366544310435000,118.204671857620000,123.379146919431000,128.834527687296000,131.303523035230000,142.280739161336000,145.903463522476000,152.447215295096000,158.544987146530000,167.399825783972000,171.356007067138000,183.907476635514000,186.358386801100000,189.915789473684000,203.201329534663000,205.134724857685000,219.894886363636000,235.436792452830000,244.120418848168000,262.171577123050000,262.742088607595000,273.427010148322000,279.187345932621000,282.838709677419000,260.878514056225000,203.365871559633000,426.838709677419000,330.000000000000000,372.666666666667000,480.000000000000000,0.000000000000000,0.000000000000000,0.000000000000000,0.000000000000000,0.000000000000000
2,3,65,4.237602414833980,12.893476959904200,22.448375451263500,31.578947368421100,42.260030864197500,50.981514084507000,58.680688336520100,63.344026548672600,73.341317365269500,82.330143540669900,85.103975535168200,92.299050632911400,93.560931899641600,100.861171366594000,106.161637931034000,112.497807017544000,112.067708333333000,117.443271767810000,128.811989100817000,130.601823708207000,131.173501577287000,143.663398692810000,155.243670886076000,157.637873754153000,150.582802547771000,165.950000000000000,156.653284671533000,181.212230215827000,172.968750000000000,197.269480519481000,201.411949685535000,196.567857142857000,210.792569659443000,203.727868852459000,213.025495750708000,225.104225352113000,228.372151898734000,240.628140703518000,219.504087193460000,207.771830985915000,176.735025380711000,309.535714285714000,338.093750000000000,321.120000000000000,337.613636363636000,328.666666666667000,0.000000000000000,0.000000000000000,0.000000000000000,0.000000000000000
2,3,66,4.225058004640370,12.666666666666700,21.479591836734700,31.035714285714300,40.880000000000000,49.089641434263000,56.915367483296200,66.954954954955000,75.850415512465400,82.494082840236700,92.218934911242600,87.263565891472900,95.078947368421100,99.540000000000000,110.944444444444000,112.425000000000000,129.303191489362000,124.443037974684000,129.069364161850000,131.689839572193000,139.424581005587000,147.791139240506000,150.224358974359000,134.642857142857000,152.928176795580000,152.626506024096000,166.469879518072000,169.730434782609000,165.294520547945000,150.628415300546000,165.673202614379000,182.305882352941000,194.824468085106000,160.955223880597000,176.373271889401000,209.977678571429000,202.560209424084000,209.444444444444000,166.549763033175000,147.968468468468000,117.705263157895000,373.846153846154000,367.571428571429000,345.000000000000000,329.545454545455000,372.545454545455000,0.000000000000000,0.000000000000000,0.000000000000000,0.000000000000000
2,3,67,4.286725663716810,12.222493887530600,21.064139941691000,30.843949044586000,41.177718832891200,50.086419753086400,60.633333333333300,67.549839228295800,78.008928571428600,84.980694980695000,87.171206225680900,103.871111111111000,106.569060773481000,100.385964912281000,109.032467532468000,102.544217687075000,123.260563380282000,122.333333333333000,136.590551181102000,146.310077519380000,142.272000000000000,145.863247863248000,139.701492537313000,144.439252336449000,136.305555555556000,167.100917431193000,171.898437500000000,150.570247933884000,160.397260273973000,167.754098360656000,170.025862068966000,188.280303030303000,180.458333333333000,181.789808917197000,193.041666666667000,183.553672316384000,185.700000000000000,186.862944162437000,170.101063829787000,141.019230769231000,111.570542635659000,375.277777777778000,391.500000000000000,359.071428571429000,335.111111111111000,374.666666666667000,0.000000000000000,0.000000000000000,0.000000000000000,0.000000000000000
2,3,68,3.979710144927540,12.627705627705600,20.544600938967100,27.828125000000000,38.899581589958200,48.628865979381400,61.586046511627900,70.975369458128100,78.410000000000000,84.638190954773900,93.957446808510600,100.137254901961000,102.751445086705000,106.813432835821000,109.396694214876000,124.509615384615000,107.909090909091000,126.242424242424000,116.536585365854000,137.560439560440000,132.839080459770000,140.870000000000000,116.021739130435000,141.636363636364000,130.354430379747000,147.865979381443000,155.702702702703000,140.723404255319000,150.870000000000000,138.846938775510000,144.021739130435000,151.638655462185000,165.141666666667000,169.791304347826000,155.658333333333000,176.769736842105000,171.925287356322000,142.637837837838000,135.885542168675000,121.631578947368000,94.154687500000000,324.684210526316000,337.923076923077000,339.736842105263000,330.500000000000000,414.857142857143000,0.000000000000000,0.000000000000000,0.000000000000000,0.000000000000000
2,3,69,3.515306122448980,11.300000000000000,17.872483221476500,28.160839160839200,34.953333333333300,46.470588235294100,61.969230769230800,60.055172413793100,78.124087591240900,79.764705882352900,93.425373134328400,98.929203539823000,108.885714285714000,117.844660194175000,114.622448979592000,122.666666666667000,102.585714285714000,137.547169811321000,121.689189189189000,130.470588235294000,134.858974358974000,112.735294117647000,118.040000000000000,118.524390243902000,125.984848484848000,113.764705882353000,128.926829268293000,111.417910447761000,129.970149253731000,150.705128205128000,107.545454545455000,136.865168539326000,163.806451612903000,190.379310344828000,134.817567567568000,157.231404958678000,160.048000000000000,122.430463576159000,108.362068965517000,91.876712328767100,78.226510067114100,278.461538461538000,316.727272727273000,425.900000000000000,366.500000000000000,401.125000000000000,0.000000000000000,0.000000000000000,0.000000000000000,0.000000000000000
2,4,20,0.000000000000000,0.000000000000000,0.000000000000000,0.000000000000000,0.000000000000000,0.000000000000000,0.000000000000000,0.000000000000000,0.000000000000000,0.000000000000000,0.000000000000000,0.000000000000000,0.000000000000000,0.000000000000000,0.000000000000000,0.000000000000000,0.000000000000000,0.000000000000000,0.000000000000000,0.000000000000000,0.000000000000000,0.000000000000000,0.000000000000000,0.000000000000000,0.000000000000000,0.000000000000000,0.000000000000000,0.000000000000000,0.000000000000000,0.000000000000000,0.000000000000000,0.000000000000000,0.000000000000000,0.000000000000000,0.000000000000000,0.000000000000000,0.000000000000000,0.000000000000000,0.000000000000000,0.000000000000000,0.000000000000000,0.000000000000000,0.000000000000000,0.000000000000000,0.000000000000000,0.000000000000000,0.000000000000000,0.000000000000000,0.000000000000000,0.000000000000000
2,4,21,0.000000000000000,0.000000000000000,0.000000000000000,0.000000000000000,0.000000000000000,0.000000000000000,0.000000000000000,0.000000000000000,0.000000000000000,0.000000000000000,0.000000000000000,0.000000000000000,0.000000000000000,0.000000000000000,0.000000000000000,0.000000000000000,0.000000000000000,0.000000000000000,0.000000000000000,0.000000000000000,0.000000000000000,0.000000000000000,0.000000000000000,0.000000000000000,0.000000000000000,0.000000000000000,0.000000000000000,0.000000000000000,0.000000000000000,0.000000000000000,0.000000000000000,0.000000000000000,0.000000000000000,0.000000000000000,0.000000000000000,0.000000000000000,0.000000000000000,0.000000000000000,0.000000000000000,0.000000000000000,0.000000000000000,0.000000000000000,0.000000000000000,0.000000000000000,0.000000000000000,0.000000000000000,0.000000000000000,0.000000000000000,0.000000000000000,0.000000000000000
2,4,22,0.000000000000000,0.000000000000000,0.000000000000000,0.000000000000000,0.000000000000000,0.000000000000000,0.000000000000000,0.000000000000000,0.000000000000000,0.000000000000000,0.000000000000000,0.000000000000000,0.000000000000000,0.000000000000000,0.000000000000000,0.000000000000000,0.000000000000000,0.000000000000000,0.000000000000000,0.000000000000000,0.000000000000000,0.000000000000000,0.000000000000000,0.000000000000000,0.000000000000000,0.000000000000000,0.000000000000000,0.000000000000000,0.000000000000000,0.000000000000000,0.000000000000000,0.000000000000000,0.000000000000000,0.000000000000000,0.000000000000000,0.000000000000000,0.000000000000000,0.000000000000000,0.000000000000000,0.000000000000000,0.000000000000000,0.000000000000000,0.000000000000000,0.000000000000000,0.000000000000000,0.000000000000000,0.000000000000000,0.000000000000000,0.000000000000000,0.000000000000000
2,4,23,0.000000000000000,0.000000000000000,0.000000000000000,0.000000000000000,0.000000000000000,0.000000000000000,0.000000000000000,0.000000000000000,0.000000000000000,0.000000000000000,0.000000000000000,0.000000000000000,0.000000000000000,0.000000000000000,0.000000000000000,0.000000000000000,0.000000000000000,0.000000000000000,0.000000000000000,0.000000000000000,0.000000000000000,0.000000000000000,0.000000000000000,0.000000000000000,0.000000000000000,0.000000000000000,0.000000000000000,0.000000000000000,0.000000000000000,0.000000000000000,0.000000000000000,0.000000000000000,0.000000000000000,0.000000000000000,0.000000000000000,0.000000000000000,0.000000000000000,0.000000000000000,0.000000000000000,0.000000000000000,0.000000000000000,0.000000000000000,0.000000000000000,0.000000000000000,0.000000000000000,0.000000000000000,0.000000000000000,0.000000000000000,0.000000000000000,0.000000000000000
2,4,24,0.000000000000000,0.000000000000000,0.000000000000000,0.000000000000000,0.000000000000000,0.000000000000000,0.000000000000000,0.000000000000000,0.000000000000000,0.000000000000000,0.000000000000000,0.000000000000000,0.000000000000000,0.000000000000000,0.000000000000000,0.000000000000000,0.000000000000000,0.000000000000000,0.000000000000000,0.000000000000000,0.000000000000000,0.000000000000000,0.000000000000000,0.000000000000000,0.000000000000000,0.000000000000000,0.000000000000000,0.000000000000000,0.000000000000000,0.000000000000000,0.000000000000000,0.000000000000000,0.000000000000000,0.000000000000000,0.000000000000000,0.000000000000000,0.000000000000000,0.000000000000000,0.000000000000000,0.000000000000000,0.000000000000000,0.000000000000000,0.000000000000000,0.000000000000000,0.000000000000000,0.000000000000000,0.000000000000000,0.000000000000000,0.000000000000000,0.000000000000000
2,4,25,0.000000000000000,0.000000000000000,0.000000000000000,0.000000000000000,0.000000000000000,0.000000000000000,0.000000000000000,0.000000000000000,0.000000000000000,0.000000000000000,0.000000000000000,0.000000000000000,0.000000000000000,0.000000000000000,0.000000000000000,0.000000000000000,0.000000000000000,0.000000000000000,0.000000000000000,0.000000000000000,0.000000000000000,0.000000000000000,0.000000000000000,0.000000000000000,0.000000000000000,0.000000000000000,0.000000000000000,0.000000000000000,0.000000000000000,0.000000000000000,0.000000000000000,0.000000000000000,0.000000000000000,0.000000000000000,0.000000000000000,0.000000000000000,0.000000000000000,0.000000000000000,0.000000000000000,0.000000000000000,0.000000000000000,0.000000000000000,0.000000000000000,0.000000000000000,0.000000000000000,0.000000000000000,0.000000000000000,0.000000000000000,0.000000000000000,0.000000000000000
2,4,26,0.000000000000000,0.000000000000000,0.000000000000000,0.000000000000000,0.000000000000000,0.000000000000000,0.000000000000000,0.000000000000000,0.000000000000000,0.000000000000000,0.000000000000000,0.000000000000000,0.000000000000000,0.000000000000000,0.000000000000000,0.000000000000000,0.000000000000000,0.000000000000000,0.000000000000000,0.000000000000000,0.000000000000000,0.000000000000000,0.000000000000000,0.000000000000000,0.000000000000000,0.000000000000000,0.000000000000000,0.000000000000000,0.000000000000000,0.000000000000000,0.000000000000000,0.000000000000000,0.000000000000000,0.000000000000000,0.000000000000000,0.000000000000000,0.000000000000000,0.000000000000000,0.000000000000000,0.000000000000000,0.000000000000000,0.000000000000000,0.000000000000000,0.000000000000000,0.000000000000000,0.000000000000000,0.000000000000000,0.000000000000000,0.000000000000000,0.000000000000000
2,4,27,0.000000000000000,0.000000000000000,0.000000000000000,0.000000000000000,0.000000000000000,0.000000000000000,0.000000000000000,0.000000000000000,0.000000000000000,0.000000000000000,0.000000000000000,0.000000000000000,0.000000000000000,0.000000000000000,0.000000000000000,0.000000000000000,0.000000000000000,0.000000000000000,0.000000000000000,0.000000000000000,0.000000000000000,0.000000000000000,0.000000000000000,0.000000000000000,0.000000000000000,0.000000000000000,0.000000000000000,0.000000000000000,0.000000000000000,0.000000000000000,0.000000000000000,0.000000000000000,0.000000000000000,0.000000000000000,0.000000000000000,0.000000000000000,0.000000000000000,0.000000000000000,0.000000000000000,0.000000000000000,0.000000000000000,0.000000000000000,0.000000000000000,0.000000000000000,0.000000000000000,0.000000000000000,0.000000000000000,0.000000000000000,0.000000000000000,0.000000000000000
2,4,28,0.000000000000000,0.000000000000000,0.000000000000000,0.000000000000000,0.000000000000000,0.000000000000000,0.000000000000000,0.000000000000000,0.000000000000000,0.000000000000000,0.000000000000000,0.000000000000000,0.000000000000000,0.000000000000000,0.000000000000000,0.000000000000000,0.000000000000000,0.000000000000000,0.000000000000000,0.000000000000000,0.000000000000000,0.000000000000000,0.000000000000000,0.000000000000000,0.000000000000000,0.000000000000000,0.000000000000000,0.000000000000000,0.000000000000000,0.000000000000000,0.000000000000000,0.000000000000000,0.000000000000000,0.000000000000000,0.000000000000000,0.000000000000000,0.000000000000000,0.000000000000000,0.000000000000000,0.000000000000000,0.000000000000000,0.000000000000000,0.000000000000000,0.000000000000000,0.000000000000000,0.000000000000000,0.000000000000000,0.000000000000000,0.000000000000000,0.000000000000000
2,4,29,0.000000000000000,0.000000000000000,0.000000000000000,0.000000000000000,0.000000000000000,0.000000000000000,0.000000000000000,0.000000000000000,0.000000000000000,0.000000000000000,0.000000000000000,0.000000000000000,0.000000000000000,0.000000000000000,0.000000000000000,0.000000000000000,0.000000000000000,0.000000000000000,0.000000000000000,0.000000000000000,0.000000000000000,0.000000000000000,0.000000000000000,0.000000000000000,0.000000000000000,0.000000000000000,0.000000000000000,0.000000000000000,0.000000000000000,0.000000000000000,0.000000000000000,0.000000000000000,0.000000000000000,0.000000000000000,0.000000000000000,0.000000000000000,0.000000000000000,0.000000000000000,0.000000000000000,0.000000000000000,0.000000000000000,0.000000000000000,0.000000000000000,0.000000000000000,0.000000000000000,0.000000000000000,0.000000000000000,0.000000000000000,0.000000000000000,0.000000000000000
2,4,30,0.000000000000000,0.000000000000000,0.000000000000000,0.000000000000000,0.000000000000000,0.000000000000000,0.000000000000000,0.000000000000000,0.000000000000000,0.000000000000000,0.000000000000000,0.000000000000000,0.000000000000000,0.000000000000000,0.000000000000000,0.000000000000000,0.000000000000000,0.000000000000000,0.000000000000000,0.000000000000000,0.000000000000000,0.000000000000000,0.000000000000000,0.000000000000000,0.000000000000000,0.000000000000000,0.000000000000000,0.000000000000000,0.000000000000000,0.000000000000000,0.000000000000000,0.000000000000000,0.000000000000000,0.000000000000000,0.000000000000000,0.000000000000000,0.000000000000000,0.000000000000000,0.000000000000000,0.000000000000000,0.000000000000000,0.000000000000000,0.000000000000000,0.000000000000000,0.000000000000000,0.000000000000000,0.000000000000000,0.000000000000000,0.000000000000000,0.000000000000000
2,4,31,0.000000000000000,0.000000000000000,0.000000000000000,0.000000000000000,0.000000000000000,0.000000000000000,0.000000000000000,0.000000000000000,0.000000000000000,0.000000000000000,0.000000000000000,0.000000000000000,0.000000000000000,0.000000000000000,0.000000000000000,0.000000000000000,0.000000000000000,0.000000000000000,0.000000000000000,0.000000000000000,0.000000000000000,0.000000000000000,0.000000000000000,0.000000000000000,0.000000000000000,0.000000000000000,0.000000000000000,0.000000000000000,0.000000000000000,0.000000000000000,0.000000000000000,0.000000000000000,0.000000000000000,0.000000000000000,0.000000000000000,0.000000000000000,0.000000000000000,0.000000000000000,0.000000000000000,0.000000000000000,0.000000000000000,0.000000000000000,0.000000000000000,0.000000000000000,0.000000000000000,0.000000000000000,0.000000000000000,0.000000000000000,0.000000000000000,0.000000000000000
2,4,32,0.000000000000000,0.000000000000000,0.000000000000000,0.000000000000000,0.000000000000000,0.000000000000000,0.000000000000000,0.000000000000000,0.000000000000000,0.000000000000000,0.000000000000000,0.000000000000000,0.000000000000000,0.000000000000000,0.000000000000000,0.000000000000000,0.000000000000000,0.000000000000000,0.000000000000000,0.000000000000000,0.000000000000000,0.000000000000000,0.000000000000000,0.000000000000000,0.000000000000000,0.000000000000000,0.000000000000000,0.000000000000000,0.000000000000000,0.000000000000000,0.000000000000000,0.000000000000000,0.000000000000000,0.000000000000000,0.000000000000000,0.000000000000000,0.000000000000000,0.000000000000000,0.000000000000000,0.000000000000000,0.000000000000000,0.000000000000000,0.000000000000000,0.000000000000000,0.000000000000000,0.000000000000000,0.000000000000000,0.000000000000000,0.000000000000000,0.000000000000000
2,4,33,0.147167958092328,0.207533926064577,0.067639101282202,0.103065087312248,0.143525449101796,0.195450131779720,0.254322906547503,0.283406001538856,0.385802469135802,0.442898272552783,0.550836550836551,0.564671814671815,0.608442503639010,0.829694323144105,0.000000000000000,0.000000000000000,0.000000000000000,0.000000000000000,0.000000000000000,0.000000000000000,0.000000000000000,0.000000000000000,0.000000000000000,0.000000000000000,0.000000000000000,0.000000000000000,0.000000000000000,0.000000000000000,0.000000000000000,0.000000000000000,0.000000000000000,0.000000000000000,0.000000000000000,0.000000000000000,0.000000000000000,0.000000000000000,0.000000000000000,0.000000000000000,0.000000000000000,0.000000000000000,0.000000000000000,0.000000000000000,0.000000000000000,0.000000000000000,0.000000000000000,0.000000000000000,0.000000000000000,0.000000000000000,0.000000000000000,0.000000000000000
2,4,34,0.244258208242720,0.722940524565940,0.235620688247541,0.325871877318823,0.541559554413025,0.614510016242556,0.836401994629843,1.116519174041300,1.275349119611410,1.345703912868090,1.393433500278240,1.602803738317760,1.736301369863010,2.007886435331230,2.681274900398410,0.000000000000000,0.000000000000000,0.000000000000000,0.000000000000000,0.000000000000000,0.000000000000000,0.000000000000000,0.000000000000000,0.000000000000000,0.000000000000000,0.000000000000000,0.000000000000000,0.000000000000000,0.000000000000000,0.000000000000000,0.000000000000000,0.000000000000000,0.000000000000000,0.000000000000000,0.000000000000000,0.000000000000000,0.000000000000000,0.000000000000000,0.000000000000000,0.000000000000000,0.000000000000000,0.000000000000000,0.000000000000000,0.000000000000000,0.000000000000000,0.000000000000000,0.000000000000000,0.000000000000000,0.000000000000000,0.000000000000000
2,4,35,0.282815539084266,1.027212269272530,0.406801449105995,0.598718436746606,0.951880473982483,1.229791986597790,1.540321057601510,1.741328773815340,2.058697645979820,2.310369068541300,2.603969327920610,2.624254473161030,3.247111111111110,3.632926829268290,3.899653979238750,4.171548117154810,0.000000000000000,0.000000000000000,0.000000000000000,0.000000000000000,0.000000000000000,0.000000000000000,0.000000000000000,0.000000000000000,0.000000000000000,0.000000000000000,0.000000000000000,0.000000000000000,0.000000000000000,0.000000000000000,0.000000000000000,0.000000000000000,0.000000000000000,0.000000000000000,0.000000000000000,0.000000000000000,0.000000000000000,0.000000000000000,0.000000000000000,0.000000000000000,0.000000000000000,0.000000000000000,0.000000000000000,0.000000000000000,0.000000000000000,0.000000000000000,0.000000000000000,0.000000000000000,0.000000000000000,0.000000000000000
2,4,36,0.253572006254381,1.153739429175480,0.521373132023014,0.940795004203194,1.418231931400570,1.738918376129680,2.267069030554510,2.727545601477720,3.066382978723400,3.437987243090010,3.638432364096080,4.433562731604020,4.502923976608190,4.832853025936600,5.112149532710280,5.493282149712090,7.702564102564100,0.000000000000000,0.000000000000000,0.000000000000000,0.000000000000000,0.000000000000000,0.000000000000000,0.000000000000000,0.000000000000000,0.000000000000000,0.000000000000000,0.000000000000000,0.000000000000000,0.000000000000000,0.000000000000000,0.000000000000000,0.000000000000000,0.000000000000000,0.000000000000000,0.000000000000000,0.000000000000000,0.000000000000000,0.000000000000000,0.000000000000000,0.000000000000000,0.000000000000000,0.000000000000000,0.000000000000000,0.000000000000000,0.000000000000000,0.000000000000000,0.000000000000000,0.000000000000000,0.000000000000000
2,4,37,0.232460085450866,1.070871815025870,0.561522459357424,1.040015604971300,1.772132701421800,2.497275204359670,2.974469682748260,3.667362076958740,3.732054794520550,4.470588235294120,4.520128824476650,4.561499771376310,5.496442255062950,6.174297188755020,6.290091930541370,6.881578947368420,7.563063063063060,9.651162790697670,0.000000000000000,0.000000000000000,0.000000000000000,0.000000000000000,0.000000000000000,0.000000000000000,0.000000000000000,0.000000000000000,0.000000000000000,0.000000000000000,0.000000000000000,0.000000000000000,0.000000000000000,0.000000000000000,0.000000000000000,0.000000000000000,0.000000000000000,0.000000000000000,0.000000000000000,0.000000000000000,0.000000000000000,0.000000000000000,0.000000000000000,0.000000000000000,0.000000000000000,0.000000000000000,0.000000000000000,0.000000000000000,0.000000000000000,0.000000000000000,0.000000000000000,0.000000000000000
2,4,38,0.219442996931272,0.999019992159937,0.580322644891456,1.031841652323580,1.737773957885690,2.474251958392190,3.380763688760810,3.659662945940030,4.146178514163550,5.045062320230110,5.439677301063440,5.974090909090910,6.231700895208000,6.775761503564480,7.629173989455180,8.149825783972130,8.176271186440680,7.978468899521530,9.728571428571430,0.000000000000000,0.000000000000000,0.000000000000000,0.000000000000000,0.000000000000000,0.000000000000000,0.000000000000000,0.000000000000000,0.000000000000000,0.000000000000000,0.000000000000000,0.000000000000000,0.000000000000000,0.000000000000000,0.000000000000000,0.000000000000000,0.000000000000000,0.000000000000000,0.000000000000000,0.000000000000000,0.000000000000000,0.000000000000000,0.000000000000000,0.000000000000000,0.000000000000000,0.000000000000000,0.000000000000000,0.000000000000000,0.000000000000000,0.000000000000000,0.000000000000000
2,4,39,0.234207355556831,1.078490074845430,0.578680419401586,1.139915202907330,1.842479239791110,2.474574209245740,3.340796445052130,4.589760492199520,4.806546035125070,5.232394366197180,5.823177570093460,6.195004382120950,7.174114021571650,7.915476190476190,7.680248618784530,7.541346153846150,8.925531914893620,9.976190476190480,11.895781637717100,10.634615384615400,0.000000000000000,0.000000000000000,0.000000000000000,0.000000000000000,0.000000000000000,0.000000000000000,0.000000000000000,0.000000000000000,0.000000000000000,0.000000000000000,0.000000000000000,0.000000000000000,0.000000000000000,0.000000000000000,0.000000000000000,0.000000000000000,0.000000000000000,0.000000000000000,0.000000000000000,0.000000000000000,0.000000000000000,0.000000000000000,0.000000000000000,0.000000000000000,0.000000000000000,0.000000000000000,0.000000000000000,0.000000000000000,0.000000000000000,0.000000000000000
2,4,40,0.276989124212936,1.145786024784270,0.720055008022003,1.162702516373660,1.943676137792310,2.775317562055700,3.971647021344380,4.704186829370920,5.437651494748180,5.964643095396930,6.408209806157350,7.636129032258060,7.315841098577730,8.098894706224550,8.427456083279110,9.557131599684790,9.287846481876330,10.626728110599100,12.690335305719900,12.910290237467000,13.759398496240600,0.000000000000000,0.000000000000000,0.000000000000000,0.000000000000000,0.000000000000000,0.000000000000000,0.000000000000000,0.000000000000000,0.000000000000000,0.000000000000000,0.000000000000000,0.000000000000000,0.000000000000000,0.000000000000000,0.000000000000000,0.000000000000000,0.000000000000000,0.000000000000000,0.000000000000000,0.000000000000000,0.000000000000000,0.000000000000000,0.000000000000000,0.000000000000000,0.000000000000000,0.000000000000000,0.000000000000000,0.000000000000000,0.000000000000000
2,4,41,0.263557782304685,1.152105634254210,0.816755190729116,1.402547164196870,1.959813728872020,3.051816488122960,4.194715943799630,5.231207065750740,5.925925925925930,6.486788933789240,7.835694050991500,8.085251491901110,9.431026252983290,9.817509948834570,10.736263736263700,10.728708791208800,11.704697986577200,13.061538461538500,13.047095761381500,15.180434782608700,14.810810810810800,17.363636363636400,0.000000000000000,0.000000000000000,0.000000000000000,0.000000000000000,0.000000000000000,0.000000000000000,0.000000000000000,0.000000000000000,0.000000000000000,0.000000000000000,0.000000000000000,0.000000000000000,0.000000000000000,0.000000000000000,0.000000000000000,0.000000000000000,0.000000000000000,0.000000000000000,0.000000000000000,0.000000000000000,0.000000000000000,0.000000000000000,0.000000000000000,0.000000000000000,0.000000000000000,0.000000000000000,0.000000000000000,0.000000000000000
2,4,42,1.094876660341560,2.821159283694630,2.729353468617270,3.560014038371550,4.173905534927900,4.943485267034990,5.705856450902690,7.397995173565990,8.170261587884350,8.713653789442640,10.053172633817800,10.634264884568700,11.515602496399400,12.451989389920400,11.667692307692300,13.997377049180300,15.008435582822100,12.931226765799300,16.117206982543600,16.920338983050800,16.982102908277400,17.102040816326500,21.532710280373800,0.000000000000000,0.000000000000000,0.000000000000000,0.000000000000000,0.000000000000000,0.000000000000000,0.000000000000000,0.000000000000000,0.000000000000000,0.000000000000000,0.000000000000000,0.000000000000000,0.000000000000000,0.000000000000000,0.000000000000000,0.000000000000000,0.000000000000000,0.000000000000000,0.000000000000000,0.000000000000000,0.000000000000000,0.000000000000000,0.000000000000000,0.000000000000000,0.000000000000000,0.000000000000000,0.000000000000000
2,4,43,1.031673755316490,3.578282969334750,5.195849294477040,6.389784480268100,6.462208319242480,6.925866421849900,7.930389992641650,8.675238795003670,9.791975577845620,10.401637107776300,11.928376534788500,12.792512943050600,12.975336322870000,13.531065088757400,14.295941375422800,14.923784494086700,14.975446428571400,17.057885906040300,18.187304890738800,18.234652114597500,18.608247422680400,18.155778894472400,21.193916349809900,20.018518518518500,0.000000000000000,0.000000000000000,0.000000000000000,0.000000000000000,0.000000000000000,0.000000000000000,0.000000000000000,0.000000000000000,0.000000000000000,0.000000000000000,0.000000000000000,0.000000000000000,0.000000000000000,0.000000000000000,0.000000000000000,0.000000000000000,0.000000000000000,0.000000000000000,0.000000000000000,0.000000000000000,0.000000000000000,0.000000000000000,0.000000000000000,0.000000000000000,0.000000000000000,0.000000000000000
2,4,44,1.013226671514930,3.357649715084400,6.835557104450860,8.209281858718610,8.533672172808130,8.849160699612630,9.581632653061220,9.764182424916570,10.794117647058800,11.404342273307800,12.340075853350200,14.033457249070600,14.734271887373500,14.943576826196500,16.186605609616500,17.326073428749200,18.684365781710900,18.074662430500400,19.458487084870800,19.660416666666700,21.005772005772000,22.520467836257300,22.918918918918900,22.242424242424200,20.663716814159300,0.000000000000000,0.000000000000000,0.000000000000000,0.000000000000000,0.000000000000000,0.000000000000000,0.000000000000000,0.000000000000000,0.000000000000000,0.000000000000000,0.000000000000000,0.000000000000000,0.000000000000000,0.000000000000000,0.000000000000000,0.000000000000000,0.000000000000000,0.000000000000000,0.000000000000000,0.000000000000000,0.000000000000000,0.000000000000000,0.000000000000000,0.000000000000000,0.000000000000000
2,4,45,0.889878163074039,3.103846153846150,6.409942363112390,8.173002990175140,9.124868926948620,9.380213385063050,10.079796264855700,10.720133978414600,11.437514022885300,12.755519215045000,13.045930949445100,14.677891654465600,15.337467921300300,17.366567460317500,17.797814207650300,17.869281045751600,19.210562890896500,20.683400809716600,21.656529516994600,20.051201671891300,23.205305651672400,26.142857142857100,22.634146341463400,24.415902140672800,19.640167364016700,32.505617977528100,0.000000000000000,0.000000000000000,0.000000000000000,0.000000000000000,0.000000000000000,0.000000000000000,0.000000000000000,0.000000000000000,0.000000000000000,0.000000000000000,0.000000000000000,0.000000000000000,0.000000000000000,0.000000000000000,0.000000000000000,0.000000000000000,0.000000000000000,0.000000000000000,0.000000000000000,0.000000000000000,0.000000000000000,0.000000000000000,0.000000000000000,0.000000000000000
2,4,46,0.703340206185567,2.814951887490750,5.876163639108340,7.596265006669630,8.722634423376390,9.543380109823060,9.896855345911950,10.697200533231800,11.513452914798200,12.424330005254900,14.177222717811500,14.345263919016600,16.431969949916500,16.631878557874800,18.495387954422100,18.973748473748500,20.661664392905900,20.145136778115500,20.649831649831700,22.094357976653700,23.236442516269000,22.757575757575800,24.893058161350800,25.344660194174800,29.953846153846200,26.454545454545500,23.409090909090900,0.000000000000000,0.000000000000000,0.000000000000000,0.000000000000000,0.000000000000000,0.000000000000000,0.000000000000000,0.000000000000000,0.000000000000000,0.000000000000000,0.000000000000000,0.000000000000000,0.000000000000000,0.000000000000000,0.000000000000000,0.000000000000000,0.000000000000000,0.000000000000000,0.000000000000000,0.000000000000000,0.000000000000000,0.000000000000000,0.000000000000000
2,4,47,0.526025534486666,2.303364125870670,5.203395825963920,6.889220985691570,7.702740105175750,8.511493561198700,9.560606060606060,9.954562737642590,11.683172753753100,12.696557040082200,13.312002359186100,14.929582448690700,15.805415860735000,18.582129963898900,19.744023904382500,19.961959654178700,19.868357487922700,20.385865724381600,21.791174152876300,22.405907172995800,25.382405745062800,23.113089005235600,24.631578947368400,24.405622489959800,24.739696312364400,25.063291139240500,22.583732057416300,22.068181818181800,0.000000000000000,0.000000000000000,0.000000000000000,0.000000000000000,0.000000000000000,0.000000000000000,0.000000000000000,0.000000000000000,0.000000000000000,0.000000000000000,0.000000000000000,0.000000000000000,0.000000000000000,0.000000000000000,0.000000000000000,0.000000000000000,0.000000000000000,0.000000000000000,0.000000000000000,0.000000000000000,0.000000000000000,0.000000000000000
2,4,48,0.480686993707193,2.027375279587670,4.508877685225780,6.083475858439680,6.898550724637680,7.881452210422330,9.221382459455200,10.014883720930200,10.893389717338100,13.237657563025200,13.879488740109600,15.416181007884800,16.198732289336300,17.847910383455400,18.947649054774600,19.524986849026800,20.939339339339300,21.013755158184300,23.600706713780900,23.036636136552900,24.894308943089400,25.705636743215000,27.049234135667400,25.064516129032300,23.818737270875800,28.690631808278900,31.939189189189200,29.113537117903900,31.987179487179500,0.000000000000000,0.000000000000000,0.000000000000000,0.000000000000000,0.000000000000000,0.000000000000000,0.000000000000000,0.000000000000000,0.000000000000000,0.000000000000000,0.000000000000000,0.000000000000000,0.000000000000000,0.000000000000000,0.000000000000000,0.000000000000000,0.000000000000000,0.000000000000000,0.000000000000000,0.000000000000000,0.000000000000000
2,4,49,0.406600269532919,1.826188848745240,4.230600335124520,5.492382121452810,6.407816738671760,7.461070720423000,8.665618795499670,9.922010050251260,11.213480561306600,12.252858282371700,13.875900971482300,15.694550503297500,16.230354391371300,18.456435205661200,19.371524448705700,20.134678298800400,20.449729078868200,22.574377224199300,23.964730290456400,24.996923076923100,24.939114391143900,24.802757158006400,30.588108108108100,27.793243243243200,24.852071005917200,29.513742071881600,27.828978622327800,35.272340425531900,27.426136363636400,24.857142857142900,0.000000000000000,0.000000000000000,0.000000000000000,0.000000000000000,0.000000000000000,0.000000000000000,0.000000000000000,0.000000000000000,0.000000000000000,0.000000000000000,0.000000000000000,0.000000000000000,0.000000000000000,0.000000000000000,0.000000000000000,0.000000000000000,0.000000000000000,0.000000000000000,0.000000000000000,0.000000000000000
2,4,50,0.352576980075745,1.618285019258060,3.840068472213730,5.086196365857380,5.999781157675890,6.866929799830840,8.143494679025060,9.723240938166310,10.720147420147400,12.208121827411200,13.594961240310100,15.480728051391900,16.500200400801600,18.615245009074400,19.665575304022500,20.702412868632700,21.461634435433600,23.697089947089900,22.538461538461500,26.064541832669300,25.648080438756900,24.870870870870900,28.833515881708700,23.915567282321900,27.478873239436600,26.945480631276900,29.922737306843300,28.793413173652700,27.934579439252300,26.625698324022300,30.590909090909100,0.000000000000000,0.000000000000000,0.000000000000000,0.000000000000000,0.000000000000000,0.000000000000000,0.000000000000000,0.000000000000000,0.000000000000000,0.000000000000000,0.000000000000000,0.000000000000000,0.000000000000000,0.000000000000000,0.000000000000000,0.000000000000000,0.000000000000000,0.000000000000000,0.000000000000000
2,4,51,0.152658662092624,1.308948905979850,3.303753665689150,4.311136406753940,5.443565400843880,6.618166666666670,7.809930486593840,8.983580018501390,10.445667125171900,11.916021072203300,13.599721545422900,13.993498577813900,17.838204150783600,18.401007556675100,19.475289169295500,21.150700934579400,21.720626631853800,24.198457223001400,23.544740973312400,26.787595581988100,26.567078972407200,29.726895119418500,29.568736141906900,30.099737532808400,27.288251366120200,27.153731343283600,31.718637992831500,32.839793281653700,28.639344262295100,23.868778280543000,34.647058823529400,37.693548387096800,0.000000000000000,0.000000000000000,0.000000000000000,0.000000000000000,0.000000000000000,0.000000000000000,0.000000000000000,0.000000000000000,0.000000000000000,0.000000000000000,0.000000000000000,0.000000000000000,0.000000000000000,0.000000000000000,0.000000000000000,0.000000000000000,0.000000000000000,0.000000000000000
2,4,52,0.140207431916518,1.274014107844530,2.438675388389210,3.416039796165980,4.393891438518750,5.891592059166990,7.259533163854870,9.341323889948240,10.700274977085200,12.191922563417900,13.460037523452200,15.746262093227800,18.107159569489900,18.259881422924900,19.605546123372900,21.711405166981700,24.964075767472200,23.722182340272800,24.946245059288500,26.665194346289800,28.331389698736600,28.261956521739100,27.708771929824600,30.280585106383000,28.444444444444400,30.920436817472700,35.981818181818200,33.222689075630200,32.308707124010600,30.181102362204700,31.764705882352900,42.141666666666700,44.476190476190500,0.000000000000000,0.000000000000000,0.000000000000000,0.000000000000000,0.000000000000000,0.000000000000000,0.000000000000000,0.000000000000000,0.000000000000000,0.000000000000000,0.000000000000000,0.000000000000000,0.000000000000000,0.000000000000000,0.000000000000000,0.000000000000000,0.000000000000000
2,4,53,0.110428190944479,0.896242774566474,1.948377862595420,2.881766381766380,4.121339616290810,5.642914653784220,6.871776504297990,8.416597280044410,10.532488628979900,11.218487394958000,13.778960294719600,15.098331078033400,17.336287543082200,18.451492537313400,21.653521126760600,22.657794676806100,23.847977684797800,21.750762195122000,24.762698412698400,27.135864978903000,27.263257575757600,27.421661409043100,28.789959016393400,25.487684729064000,31.735336194563700,29.657142857142900,30.656307129798900,31.893410852713200,35.670533642691400,40.429602888086600,32.593886462882100,38.502890173410400,39.339449541284400,36.833333333333300,0.000000000000000,0.000000000000000,0.000000000000000,0.000000000000000,0.000000000000000,0.000000000000000,0.000000000000000,0.000000000000000,0.000000000000000,0.000000000000000,0.000000000000000,0.000000000000000,0.000000000000000,0.000000000000000,0.000000000000000,0.000000000000000
2,4,54,0.111185708447662,0.761795306073070,1.705852261100880,2.763515386747990,3.964160839160840,5.298074932726140,6.678950025239780,8.414427570093460,10.314411964649900,11.829440118650400,12.829470198675500,16.170202269363600,18.053163211057900,17.968315730961600,20.304265997490600,21.070564516129000,23.906628652886700,23.665119876256800,24.218827415359200,26.891840607210600,25.815415821501000,26.874444444444400,27.390103567318800,28.792525773195900,30.560117302052800,30.386252045826500,28.524475524475500,29.566604127579700,33.629716981132100,30.822784810126600,31.478260869565200,34.902439024390200,34.739393939393900,43.359550561797800,25.250000000000000,0.000000000000000,0.000000000000000,0.000000000000000,0.000000000000000,0.000000000000000,0.000000000000000,0.000000000000000,0.000000000000000,0.000000000000000,0.000000000000000,0.000000000000000,0.000000000000000,0.000000000000000,0.000000000000000,0.000000000000000
2,4,55,0.095316000995839,0.682877482203072,1.622131249224660,2.603252583432150,3.926713947990540,5.359658484525080,6.131464174454830,8.198002140563680,10.162035057717000,12.070280202113000,12.640438247012000,15.277548615203300,17.270063694267500,17.648336727766500,18.788559015206400,21.054098360655700,23.211389128559100,25.515655577299400,25.419323671497600,28.404411764705900,27.792865362485600,30.309948979591800,31.779122541603600,34.080617495711800,31.007886435331200,28.507662835249000,29.872651356993700,35.384615384615400,33.390663390663400,37.981981981982000,33.432786885245900,42.831111111111100,41.792682926829300,42.780303030303000,38.506024096385500,31.121212121212100,0.000000000000000,0.000000000000000,0.000000000000000,0.000000000000000,0.000000000000000,0.000000000000000,0.000000000000000,0.000000000000000,0.000000000000000,0.000000000000000,0.000000000000000,0.000000000000000,0.000000000000000,0.000000000000000
2,4,56,0.100382987300947,0.625599541842652,1.528682719546740,2.762982256226600,3.603980099502490,4.722235490804870,6.435452793834300,7.447649918962720,9.037490134175220,11.089605734767000,12.654827413706900,15.147733631785100,16.882066869300900,17.116788321167900,19.388692579505300,21.831899921813900,22.854606931530000,25.150575730735200,27.554820415879000,27.752127659574500,29.048498845265600,29.990783410138200,31.466216216216200,28.841481481481500,29.242946708464000,29.104595879556300,28.290448343079900,31.311111111111100,34.060924369747900,37.022842639593900,37.850129198966400,40.737931034482800,38.325358851674600,43.393063583815000,29.785123966942100,22.162162162162200,40.925925925925900,0.000000000000000,0.000000000000000,0.000000000000000,0.000000000000000,0.000000000000000,0.000000000000000,0.000000000000000,0.000000000000000,0.000000000000000,0.000000000000000,0.000000000000000,0.000000000000000,0.000000000000000
2,4,57,0.101126683154713,0.684738527214514,1.576417619858850,2.437956204379560,3.341812400635930,4.676779741997130,5.956098916365660,7.302204928664070,8.819560272934040,10.635648754914800,12.145072536268100,14.425071225071200,16.692542787286100,17.187412587412600,19.950495049505000,21.278219395866500,22.462074978204000,24.538043478260900,26.473076923076900,25.257525083612000,25.696796338672800,28.486759142496800,32.022666666666700,32.284692417739600,33.583739837398400,29.726333907056800,31.088737201365200,34.082135523614000,34.188053097345100,31.365155131264900,33.002680965147500,39.589820359281400,29.939929328621900,37.690140845070400,21.578313253012000,34.758064516129000,45.029411764705900,28.806451612903200,0.000000000000000,0.000000000000000,0.000000000000000,0.000000000000000,0.000000000000000,0.000000000000000,0.000000000000000,0.000000000000000,0.000000000000000,0.000000000000000,0.000000000000000,0.000000000000000
2,4,58,0.093204934833894,0.663947665966726,1.636868553292780,2.403148770564300,3.583462303780680,4.465543644716690,6.261097410604190,7.219152854511970,8.638387232255350,10.619951338199500,12.167630057803500,15.091185410334300,16.116457461645700,17.074626865671600,18.376558603491300,21.036458333333300,25.002857142857100,26.177419354838700,24.875935828877000,29.020531400966200,28.310096153846200,29.279569892473100,30.560283687943300,31.014970059880200,32.072026800670000,31.516304347826100,35.603563474387500,31.801242236024800,32.289473684210500,30.750605326876500,36.223796033994300,34.263843648208500,35.244514106583100,41.000000000000000,40.857142857142900,45.074074074074100,41.010416666666700,52.826086956521700,50.516129032258100,0.000000000000000,0.000000000000000,0.000000000000000,0.000000000000000,0.000000000000000,0.000000000000000,0.000000000000000,0.000000000000000,0.000000000000000,0.000000000000000,0.000000000000000
2,4,59,0.099517622006866,0.699717214563450,1.586857791654840,2.526476190476190,3.327199811276240,4.809880655009710,6.128703094140880,6.623912220961030,8.462251655629140,10.228796844181500,12.001686340640800,15.785438144329900,14.821138211382100,17.129525341914700,19.231810490693700,18.955450236966800,21.198574338085500,23.241457858769900,23.975467289719600,31.043123543123500,30.998685939553200,32.842712842712800,31.846726190476200,30.852542372881400,26.914545454545500,37.082840236686400,37.871520342612400,34.955357142857100,28.776315789473700,30.130434782608700,35.928571428571400,36.102739726027400,31.714828897338400,44.667938931297700,37.446902654867300,35.076388888888900,44.307692307692300,46.300000000000000,46.508771929824600,76.818181818181800,0.000000000000000,0.000000000000000,0.000000000000000,0.000000000000000,0.000000000000000,0.000000000000000,0.000000000000000,0.000000000000000,0.000000000000000,0.000000000000000
2,4,60,0.100279808646990,0.567879256965944,1.122860360360360,1.849285088999120,2.610299003322260,3.332291463176400,4.006012024048100,5.229914750710410,5.988378684807260,7.454634464751960,8.614790286975720,9.660569105691060,11.346089850249600,12.402298850574700,14.884028484231900,15.924672489083000,17.724447101016100,19.928527794746500,20.501968503937000,23.048429319371700,25.014179608372700,25.094041636755200,27.774145616641900,29.320512820512800,33.399212598425200,33.514668901927900,34.373147340889300,33.826805918189700,38.075812274368200,38.801637852593300,36.708142726441000,34.876454789615000,36.504798464491400,39.180342651037000,38.133333333333300,42.531668153434400,41.432406519654800,46.369420702754000,58.152688172043000,68.146401985111700,113.110210696921000,0.000000000000000,0.000000000000000,0.000000000000000,0.000000000000000,0.000000000000000,0.000000000000000,0.000000000000000,0.000000000000000,0.000000000000000
2,4,61,0.107792932109720,0.554774031853828,1.134347275031690,1.706178885208120,2.305150290033400,3.048912032732010,3.868845120859440,4.840560893274470,5.358335774978030,7.107467532467530,7.951508620689650,9.513961958721160,10.379814077025200,12.794930875576000,13.966898024559500,16.072102052135300,18.094062316284500,20.958098811757300,20.381510416666700,23.624597553123000,24.343398876404500,26.502637528259200,27.094728800611200,28.285596707818900,30.623786407767000,33.004432624113500,34.749335695305600,35.361085126286200,36.699814126394100,36.528650646950100,38.014692378328700,35.894636015325700,38.389633601429800,39.430954587581100,36.753202391118700,40.596088435374100,40.838481906443100,42.404275092936800,57.814345991561200,62.029213483146100,114.517309988062000,0.000000000000000,0.000000000000000,0.000000000000000,0.000000000000000,0.000000000000000,0.000000000000000,0.000000000000000,0.000000000000000,0.000000000000000
2,4,62,0.120020574955707,0.578095238095238,1.032365430965220,1.644918265813790,2.251821192052980,2.933807547915430,3.423497831922360,4.482876712328770,5.734589041095890,6.773543307086610,7.814240394783220,9.268537074148300,11.936141906873600,13.183276616431700,14.219142259414200,15.669309173272900,16.415554265815400,19.270615563298500,19.227840199750300,22.162568306010900,26.376642335766400,26.279312920089600,26.155775075987800,30.732765298218400,31.913746630727800,31.684400360685300,34.356250000000000,35.099824868651500,36.948940269749500,38.879213483146100,37.322992700729900,40.553191489361700,40.301785714285700,36.048300536672600,38.600869565217400,40.011676396997500,40.082712985938800,47.047224523612300,54.362304687500000,67.765339074273400,111.092932448262000,37.777777777777800,0.000000000000000,0.000000000000000,0.000000000000000,0.000000000000000,0.000000000000000,0.000000000000000,0.000000000000000,0.000000000000000
2,4,63,0.118973709217612,0.556081573197378,1.064557703573520,1.406112334801760,2.254032889584960,2.792524377031420,3.238662015185720,4.011591148577450,5.452058363731110,6.338287752675390,7.235510887772190,8.776862464183380,11.731836734693900,12.050765864332600,13.765011820331000,16.111343439623600,18.353430353430400,19.099766627771300,22.212350346565800,23.693850267379700,23.505714285714300,25.879526462395500,30.565548780487800,33.619208087615800,33.388483373884800,31.905660377358500,37.302977232924700,36.021071115013200,34.306818181818200,37.600175746924400,44.870404411764700,39.447814451382700,42.834038950042300,39.689473684210500,41.884413309982500,41.432753164557000,41.165151515151500,45.688787185354700,53.005540166205000,64.754614549402800,111.184079601990000,5.687500000000000,6.176470588235290,63.000000000000000,0.000000000000000,0.000000000000000,0.000000000000000,0.000000000000000,0.000000000000000,0.000000000000000
2,4,64,0.126464070908515,0.526382573754891,0.931532004197272,1.356021710429810,1.753078721745910,2.223053625512200,3.046638400969110,3.684651162790700,3.917933810375670,6.075663466967820,6.960711887172600,8.800000000000000,11.488278092158400,12.834068843777600,13.896567936060200,17.026219192448900,17.038375973303700,19.613744075829400,22.000000000000000,24.274390243902400,25.298507462686600,26.953574060427400,27.882793017456400,29.721508140531300,32.264808362369300,35.259717314487600,31.098130841121500,37.186067827681000,40.995215311004800,41.372269705603000,38.847248576850100,42.953598484848500,39.656603773584900,42.125654450261800,36.090121317157700,39.114715189873400,45.377829820452800,43.133935907970400,51.698924731182800,66.561244979919700,112.544220183486000,3.451612903225810,65.090909090909100,9.333333333333330,35.000000000000000,0.000000000000000,0.000000000000000,0.000000000000000,0.000000000000000,0.000000000000000
2,4,65,0.104786545924968,0.532615200478755,0.895306859205776,1.183436532507740,1.731481481481480,1.736795774647890,2.535372848948370,3.121681415929200,4.089820359281440,4.027511961722490,6.180428134556570,7.860759493670890,10.241935483871000,11.780911062906700,10.706896551724100,13.339912280701800,16.984375000000000,19.588390501319300,19.539509536784700,21.027355623100300,20.328075709779200,25.467320261437900,23.009493670886100,23.780730897010000,29.643312101910800,27.843333333333300,33.000000000000000,32.517985611510800,33.010416666666700,29.607142857142900,35.088050314465400,38.735714285714300,34.219814241486100,36.616393442623000,33.356940509915000,39.163380281690100,39.053164556962000,45.751256281407000,41.904632152588600,53.028169014084500,55.772588832487300,10.428571428571400,34.687500000000000,21.040000000000000,35.295454545454500,41.925925925925900,0.000000000000000,0.000000000000000,0.000000000000000,0.000000000000000
2,4,66,0.175174013921114,0.575163398692810,1.179591836734690,1.370300751879700,1.217142857142860,1.914342629482070,2.289532293986640,3.054054054054050,3.717451523545710,4.328402366863910,4.994082840236690,7.042635658914730,9.350877192982460,9.276000000000000,11.182539682539700,12.460000000000000,14.026595744680900,17.677215189873400,18.086705202312100,17.802139037433200,18.106145251396600,19.265822784810100,22.474358974359000,24.766233766233800,26.375690607734800,30.644578313253000,30.289156626506000,29.939130434782600,39.684931506849300,46.803278688524600,39.941176470588200,45.929411764705900,33.127659574468100,33.840796019900500,38.377880184331800,43.241071428571400,48.078534031413600,37.498084291187700,42.582938388625600,52.824324324324300,55.001315789473700,18.730769230769200,9.333333333333330,11.000000000000000,38.090909090909100,23.909090909090900,0.000000000000000,0.000000000000000,0.000000000000000,0.000000000000000
2,4,67,0.109734513274336,0.579462102689487,0.947521865889213,1.630573248407640,1.583554376657820,1.802469135802470,1.900000000000000,1.922829581993570,2.550595238095240,5.081081081081080,7.330739299610890,5.053333333333330,9.359116022099450,11.321637426900600,13.090909090909100,14.727891156462600,10.450704225352100,20.790697674418600,17.086614173228300,17.062015503876000,20.520000000000000,22.290598290598300,25.902985074626900,27.046728971962600,24.712962962963000,21.275229357798200,21.109375000000000,33.380165289256200,35.383561643835600,26.836065573770500,30.577586206896600,35.659090909090900,40.048611111111100,35.331210191082800,30.583333333333300,43.740112994350300,35.817391304347800,40.832487309644700,43.255319148936200,59.567307692307700,61.663565891472900,14.500000000000000,25.928571428571400,35.142857142857100,36.444444444444400,16.666666666666700,0.000000000000000,0.000000000000000,0.000000000000000,0.000000000000000
2,4,68,0.107246376811594,0.558441558441558,1.093896713615020,1.552083333333330,0.836820083682008,2.371134020618560,3.218604651162790,3.182266009852220,2.865000000000000,4.783919597989950,7.148936170212770,6.261437908496730,8.161849710982660,11.119402985074600,7.933884297520660,11.230769230769200,14.060606060606100,11.808080808080800,21.695121951219500,13.461538461538500,25.896551724137900,19.650000000000000,25.021739130434800,26.949494949494900,24.493670886076000,22.360824742268000,27.175675675675700,43.074468085106400,35.830000000000000,38.397959183673500,43.282608695652200,37.033613445378200,40.658333333333300,42.452173913043500,33.291666666666700,37.046052631578900,48.965517241379300,43.805405405405400,51.746987951807200,54.068421052631600,55.587500000000000,43.473684210526300,15.923076923076900,46.842105263157900,36.250000000000000,20.714285714285700,0.000000000000000,0.000000000000000,0.000000000000000,0.000000000000000
2,4,69,0.311224489795918,0.614285714285714,1.342281879194630,1.328671328671330,1.733333333333330,2.955882352941180,1.669230769230770,4.620689655172410,5.481751824817520,5.226890756302520,2.813432835820900,7.699115044247790,5.504761904761900,4.669902912621360,5.765306122448980,9.919540229885060,23.428571428571400,13.320754716981100,14.500000000000000,20.029411764705900,29.948717948717900,27.014705882352900,24.520000000000000,24.756097560975600,36.181818181818200,26.367647058823500,37.402439024390200,33.000000000000000,24.626865671641800,39.115384615384600,38.888888888888900,42.898876404494400,37.989247311828000,40.873563218390800,39.885135135135100,38.024793388429700,45.072000000000000,47.192052980132500,48.011494252873600,56.787671232876700,58.922818791946300,36.538461538461500,32.181818181818200,10.000000000000000,13.083333333333300,18.000000000000000,0.000000000000000,0.000000000000000,0.000000000000000,0.000000000000000
2,5,20,0.000000000000000,0.000000000000000,0.000000000000000,0.000000000000000,0.000000000000000,0.000000000000000,0.000000000000000,0.000000000000000,0.000000000000000,0.000000000000000,0.000000000000000,0.000000000000000,0.000000000000000,0.000000000000000,0.000000000000000,0.000000000000000,0.000000000000000,0.000000000000000,0.000000000000000,0.000000000000000,0.000000000000000,0.000000000000000,0.000000000000000,0.000000000000000,0.000000000000000,0.000000000000000,0.000000000000000,0.000000000000000,0.000000000000000,0.000000000000000,0.000000000000000,0.000000000000000,0.000000000000000,0.000000000000000,0.000000000000000,0.000000000000000,0.000000000000000,0.000000000000000,0.000000000000000,0.000000000000000,0.000000000000000,0.000000000000000,0.000000000000000,0.000000000000000,0.000000000000000,0.000000000000000,0.000000000000000,0.000000000000000,0.000000000000000,0.000000000000000
2,5,21,0.000000000000000,0.000000000000000,0.000000000000000,0.000000000000000,0.000000000000000,0.000000000000000,0.000000000000000,0.000000000000000,0.000000000000000,0.000000000000000,0.000000000000000,0.000000000000000,0.000000000000000,0.000000000000000,0.000000000000000,0.000000000000000,0.000000000000000,0.000000000000000,0.000000000000000,0.000000000000000,0.000000000000000,0.000000000000000,0.000000000000000,0.000000000000000,0.000000000000000,0.000000000000000,0.000000000000000,0.000000000000000,0.000000000000000,0.000000000000000,0.000000000000000,0.000000000000000,0.000000000000000,0.000000000000000,0.000000000000000,0.000000000000000,0.000000000000000,0.000000000000000,0.000000000000000,0.000000000000000,0.000000000000000,0.000000000000000,0.000000000000000,0.000000000000000,0.000000000000000,0.000000000000000,0.000000000000000,0.000000000000000,0.000000000000000,0.000000000000000
2,5,22,0.000000000000000,0.000000000000000,0.000000000000000,0.000000000000000,0.000000000000000,0.000000000000000,0.000000000000000,0.000000000000000,0.000000000000000,0.000000000000000,0.000000000000000,0.000000000000000,0.000000000000000,0.000000000000000,0.000000000000000,0.000000000000000,0.000000000000000,0.000000000000000,0.000000000000000,0.000000000000000,0.000000000000000,0.000000000000000,0.000000000000000,0.000000000000000,0.000000000000000,0.000000000000000,0.000000000000000,0.000000000000000,0.000000000000000,0.000000000000000,0.000000000000000,0.000000000000000,0.000000000000000,0.000000000000000,0.000000000000000,0.000000000000000,0.000000000000000,0.000000000000000,0.000000000000000,0.000000000000000,0.000000000000000,0.000000000000000,0.000000000000000,0.000000000000000,0.000000000000000,0.000000000000000,0.000000000000000,0.000000000000000,0.000000000000000,0.000000000000000
2,5,23,0.000000000000000,0.000000000000000,0.000000000000000,0.000000000000000,0.000000000000000,0.000000000000000,0.000000000000000,0.000000000000000,0.000000000000000,0.000000000000000,0.000000000000000,0.000000000000000,0.000000000000000,0.000000000000000,0.000000000000000,0.000000000000000,0.000000000000000,0.000000000000000,0.000000000000000,0.000000000000000,0.000000000000000,0.000000000000000,0.000000000000000,0.000000000000000,0.000000000000000,0.000000000000000,0.000000000000000,0.000000000000000,0.000000000000000,0.000000000000000,0.000000000000000,0.000000000000000,0.000000000000000,0.000000000000000,0.000000000000000,0.000000000000000,0.000000000000000,0.000000000000000,0.000000000000000,0.000000000000000,0.000000000000000,0.000000000000000,0.000000000000000,0.000000000000000,0.000000000000000,0.000000000000000,0.000000000000000,0.000000000000000,0.000000000000000,0.000000000000000
2,5,24,0.000000000000000,0.000000000000000,0.000000000000000,0.000000000000000,0.000000000000000,0.000000000000000,0.000000000000000,0.000000000000000,0.000000000000000,0.000000000000000,0.000000000000000,0.000000000000000,0.000000000000000,0.000000000000000,0.000000000000000,0.000000000000000,0.000000000000000,0.000000000000000,0.000000000000000,0.000000000000000,0.000000000000000,0.000000000000000,0.000000000000000,0.000000000000000,0.000000000000000,0.000000000000000,0.000000000000000,0.000000000000000,0.000000000000000,0.000000000000000,0.000000000000000,0.000000000000000,0.000000000000000,0.000000000000000,0.000000000000000,0.000000000000000,0.000000000000000,0.000000000000000,0.000000000000000,0.000000000000000,0.000000000000000,0.000000000000000,0.000000000000000,0.000000000000000,0.000000000000000,0.000000000000000,0.000000000000000,0.000000000000000,0.000000000000000,0.000000000000000
2,5,25,0.000000000000000,0.000000000000000,0.000000000000000,0.000000000000000,0.000000000000000,0.000000000000000,0.000000000000000,0.000000000000000,0.000000000000000,0.000000000000000,0.000000000000000,0.000000000000000,0.000000000000000,0.000000000000000,0.000000000000000,0.000000000000000,0.000000000000000,0.000000000000000,0.000000000000000,0.000000000000000,0.000000000000000,0.000000000000000,0.000000000000000,0.000000000000000,0.000000000000000,0.000000000000000,0.000000000000000,0.000000000000000,0.000000000000000,0.000000000000000,0.000000000000000,0.000000000000000,0.000000000000000,0.000000000000000,0.000000000000000,0.000000000000000,0.000000000000000,0.000000000000000,0.000000000000000,0.000000000000000,0.000000000000000,0.000000000000000,0.000000000000000,0.000000000000000,0.000000000000000,0.000000000000000,0.000000000000000,0.000000000000000,0.000000000000000,0.000000000000000
2,5,26,0.000000000000000,0.000000000000000,0.000000000000000,0.000000000000000,0.000000000000000,0.000000000000000,0.000000000000000,0.000000000000000,0.000000000000000,0.000000000000000,0.000000000000000,0.000000000000000,0.000000000000000,0.000000000000000,0.000000000000000,0.000000000000000,0.000000000000000,0.000000000000000,0.000000000000000,0.000000000000000,0.000000000000000,0.000000000000000,0.000000000000000,0.000000000000000,0.000000000000000,0.000000000000000,0.000000000000000,0.000000000000000,0.000000000000000,0.000000000000000,0.000000000000000,0.000000000000000,0.000000000000000,0.000000000000000,0.000000000000000,0.000000000000000,0.000000000000000,0.000000000000000,0.000000000000000,0.000000000000000,0.000000000000000,0.000000000000000,0.000000000000000,0.000000000000000,0.000000000000000,0.000000000000000,0.000000000000000,0.000000000000000,0.000000000000000,0.000000000000000
2,5,27,0.000000000000000,0.000000000000000,0.000000000000000,0.000000000000000,0.000000000000000,0.000000000000000,0.000000000000000,0.000000000000000,0.000000000000000,0.000000000000000,0.000000000000000,0.000000000000000,0.000000000000000,0.000000000000000,0.000000000000000,0.000000000000000,0.000000000000000,0.000000000000000,0.000000000000000,0.000000000000000,0.000000000000000,0.000000000000000,0.000000000000000,0.000000000000000,0.000000000000000,0.000000000000000,0.000000000000000,0.000000000000000,0.000000000000000,0.000000000000000,0.000000000000000,0.000000000000000,0.000000000000000,0.000000000000000,0.000000000000000,0.000000000000000,0.000000000000000,0.000000000000000,0.000000000000000,0.000000000000000,0.000000000000000,0.000000000000000,0.000000000000000,0.000000000000000,0.000000000000000,0.000000000000000,0.000000000000000,0.000000000000000,0.000000000000000,0.000000000000000
2,5,28,0.000000000000000,0.000000000000000,0.000000000000000,0.000000000000000,0.000000000000000,0.000000000000000,0.000000000000000,0.000000000000000,0.000000000000000,0.000000000000000,0.000000000000000,0.000000000000000,0.000000000000000,0.000000000000000,0.000000000000000,0.000000000000000,0.000000000000000,0.000000000000000,0.000000000000000,0.000000000000000,0.000000000000000,0.000000000000000,0.000000000000000,0.000000000000000,0.000000000000000,0.000000000000000,0.000000000000000,0.000000000000000,0.000000000000000,0.000000000000000,0.000000000000000,0.000000000000000,0.000000000000000,0.000000000000000,0.000000000000000,0.000000000000000,0.000000000000000,0.000000000000000,0.000000000000000,0.000000000000000,0.000000000000000,0.000000000000000,0.000000000000000,0.000000000000000,0.000000000000000,0.000000000000000,0.000000000000000,0.000000000000000,0.000000000000000,0.000000000000000
2,5,29,0.000000000000000,0.000000000000000,0.000000000000000,0.000000000000000,0.000000000000000,0.000000000000000,0.000000000000000,0.000000000000000,0.000000000000000,0.000000000000000,0.000000000000000,0.000000000000000,0.000000000000000,0.000000000000000,0.000000000000000,0.000000000000000,0.000000000000000,0.000000000000000,0.000000000000000,0.000000000000000,0.000000000000000,0.000000000000000,0.000000000000000,0.000000000000000,0.000000000000000,0.000000000000000,0.000000000000000,0.000000000000000,0.000000000000000,0.000000000000000,0.000000000000000,0.000000000000000,0.000000000000000,0.000000000000000,0.000000000000000,0.000000000000000,0.000000000000000,0.000000000000000,0.000000000000000,0.000000000000000,0.000000000000000,0.000000000000000,0.000000000000000,0.000000000000000,0.000000000000000,0.000000000000000,0.000000000000000,0.000000000000000,0.000000000000000,0.000000000000000
2,5,30,0.000000000000000,0.000000000000000,0.000000000000000,0.000000000000000,0.000000000000000,0.000000000000000,0.000000000000000,0.000000000000000,0.000000000000000,0.000000000000000,0.000000000000000,0.000000000000000,0.000000000000000,0.000000000000000,0.000000000000000,0.000000000000000,0.000000000000000,0.000000000000000,0.000000000000000,0.000000000000000,0.000000000000000,0.000000000000000,0.000000000000000,0.000000000000000,0.000000000000000,0.000000000000000,0.000000000000000,0.000000000000000,0.000000000000000,0.000000000000000,0.000000000000000,0.000000000000000,0.000000000000000,0.000000000000000,0.000000000000000,0.000000000000000,0.000000000000000,0.000000000000000,0.000000000000000,0.000000000000000,0.000000000000000,0.000000000000000,0.000000000000000,0.000000000000000,0.000000000000000,0.000000000000000,0.000000000000000,0.000000000000000,0.000000000000000,0.000000000000000
2,5,31,0.000000000000000,0.000000000000000,0.000000000000000,0.000000000000000,0.000000000000000,0.000000000000000,0.000000000000000,0.000000000000000,0.000000000000000,0.000000000000000,0.000000000000000,0.000000000000000,0.000000000000000,0.000000000000000,0.000000000000000,0.000000000000000,0.000000000000000,0.000000000000000,0.000000000000000,0.000000000000000,0.000000000000000,0.000000000000000,0.000000000000000,0.000000000000000,0.000000000000000,0.000000000000000,0.000000000000000,0.000000000000000,0.000000000000000,0.000000000000000,0.000000000000000,0.000000000000000,0.000000000000000,0.000000000000000,0.000000000000000,0.000000000000000,0.000000000000000,0.000000000000000,0.000000000000000,0.000000000000000,0.000000000000000,0.000000000000000,0.000000000000000,0.000000000000000,0.000000000000000,0.000000000000000,0.000000000000000,0.000000000000000,0.000000000000000,0.000000000000000
2,5,32,0.000000000000000,0.000000000000000,0.000000000000000,0.000000000000000,0.000000000000000,0.000000000000000,0.000000000000000,0.000000000000000,0.000000000000000,0.000000000000000,0.000000000000000,0.000000000000000,0.000000000000000,0.000000000000000,0.000000000000000,0.000000000000000,0.000000000000000,0.000000000000000,0.000000000000000,0.000000000000000,0.000000000000000,0.000000000000000,0.000000000000000,0.000000000000000,0.000000000000000,0.000000000000000,0.000000000000000,0.000000000000000,0.000000000000000,0.000000000000000,0.000000000000000,0.000000000000000,0.000000000000000,0.000000000000000,0.000000000000000,0.000000000000000,0.000000000000000,0.000000000000000,0.000000000000000,0.000000000000000,0.000000000000000,0.000000000000000,0.000000000000000,0.000000000000000,0.000000000000000,0.000000000000000,0.000000000000000,0.000000000000000,0.000000000000000,0.000000000000000
2,5,33,0.002892065917276,0.004835439089066,0.002078186879975,0.003846623519355,0.007485029940120,0.003884033846581,0.007771517388770,0.022056937676327,0.020919067215364,0.002879078694818,0.012870012870013,0.017374517374517,0.008733624454148,0.039301310043668,0.000000000000000,0.000000000000000,0.000000000000000,0.000000000000000,0.000000000000000,0.000000000000000,0.000000000000000,0.000000000000000,0.000000000000000,0.000000000000000,0.000000000000000,0.000000000000000,0.000000000000000,0.000000000000000,0.000000000000000,0.000000000000000,0.000000000000000,0.000000000000000,0.000000000000000,0.000000000000000,0.000000000000000,0.000000000000000,0.000000000000000,0.000000000000000,0.000000000000000,0.000000000000000,0.000000000000000,0.000000000000000,0.000000000000000,0.000000000000000,0.000000000000000,0.000000000000000,0.000000000000000,0.000000000000000,0.000000000000000,0.000000000000000
2,5,34,0.005410279531109,0.009456963428149,0.008817406213006,0.015149641355429,0.014281633818909,0.023957769355712,0.028193325661680,0.023598820058997,0.050394656952034,0.023396530859217,0.074568725653868,0.070093457943925,0.043378995433790,0.026813880126183,0.075697211155379,0.000000000000000,0.000000000000000,0.000000000000000,0.000000000000000,0.000000000000000,0.000000000000000,0.000000000000000,0.000000000000000,0.000000000000000,0.000000000000000,0.000000000000000,0.000000000000000,0.000000000000000,0.000000000000000,0.000000000000000,0.000000000000000,0.000000000000000,0.000000000000000,0.000000000000000,0.000000000000000,0.000000000000000,0.000000000000000,0.000000000000000,0.000000000000000,0.000000000000000,0.000000000000000,0.000000000000000,0.000000000000000,0.000000000000000,0.000000000000000,0.000000000000000,0.000000000000000,0.000000000000000,0.000000000000000,0.000000000000000
2,5,35,0.003311780476266,0.021986970684039,0.011764247594562,0.021570866641289,0.034415249871200,0.060589138629066,0.059867799811143,0.073277967757694,0.051971874044635,0.068892794376098,0.047812359043753,0.102054340622929,0.097777777777778,0.142682926829268,0.160899653979239,0.062761506276151,0.000000000000000,0.000000000000000,0.000000000000000,0.000000000000000,0.000000000000000,0.000000000000000,0.000000000000000,0.000000000000000,0.000000000000000,0.000000000000000,0.000000000000000,0.000000000000000,0.000000000000000,0.000000000000000,0.000000000000000,0.000000000000000,0.000000000000000,0.000000000000000,0.000000000000000,0.000000000000000,0.000000000000000,0.000000000000000,0.000000000000000,0.000000000000000,0.000000000000000,0.000000000000000,0.000000000000000,0.000000000000000,0.000000000000000,0.000000000000000,0.000000000000000,0.000000000000000,0.000000000000000,0.000000000000000
2,5,36,0.002372351323664,0.010702959830867,0.012974475808009,0.026720307433650,0.040118415679869,0.050351456032133,0.049226706903056,0.093280997460171,0.075460992907801,0.080085046066619,0.112515802781290,0.096347273689783,0.122807017543860,0.149855907780980,0.068090787716956,0.063339731285989,0.000000000000000,0.000000000000000,0.000000000000000,0.000000000000000,0.000000000000000,0.000000000000000,0.000000000000000,0.000000000000000,0.000000000000000,0.000000000000000,0.000000000000000,0.000000000000000,0.000000000000000,0.000000000000000,0.000000000000000,0.000000000000000,0.000000000000000,0.000000000000000,0.000000000000000,0.000000000000000,0.000000000000000,0.000000000000000,0.000000000000000,0.000000000000000,0.000000000000000,0.000000000000000,0.000000000000000,0.000000000000000,0.000000000000000,0.000000000000000,0.000000000000000,0.000000000000000,0.000000000000000,0.000000000000000
2,5,37,0.001798965594783,0.008777100936661,0.010054703752215,0.022905868583849,0.045213270142180,0.055313351498638,0.104373944058570,0.078813166434863,0.106575342465753,0.125908790482485,0.084138486312399,0.124828532235940,0.100711548987411,0.105220883534137,0.037793667007150,0.172514619883041,0.002252252252252,0.133720930232558,0.000000000000000,0.000000000000000,0.000000000000000,0.000000000000000,0.000000000000000,0.000000000000000,0.000000000000000,0.000000000000000,0.000000000000000,0.000000000000000,0.000000000000000,0.000000000000000,0.000000000000000,0.000000000000000,0.000000000000000,0.000000000000000,0.000000000000000,0.000000000000000,0.000000000000000,0.000000000000000,0.000000000000000,0.000000000000000,0.000000000000000,0.000000000000000,0.000000000000000,0.000000000000000,0.000000000000000,0.000000000000000,0.000000000000000,0.000000000000000,0.000000000000000,0.000000000000000
2,5,38,0.003242429506109,0.007186724160460,0.007528380800637,0.020869191049914,0.029909755049420,0.081803005008347,0.055115273775216,0.079886189538192,0.085783003741315,0.166187280281240,0.144114411441144,0.138636363636364,0.096893101632438,0.144523655217110,0.149384885764499,0.174216027874564,0.061016949152542,0.100478468899522,0.385714285714286,0.000000000000000,0.000000000000000,0.000000000000000,0.000000000000000,0.000000000000000,0.000000000000000,0.000000000000000,0.000000000000000,0.000000000000000,0.000000000000000,0.000000000000000,0.000000000000000,0.000000000000000,0.000000000000000,0.000000000000000,0.000000000000000,0.000000000000000,0.000000000000000,0.000000000000000,0.000000000000000,0.000000000000000,0.000000000000000,0.000000000000000,0.000000000000000,0.000000000000000,0.000000000000000,0.000000000000000,0.000000000000000,0.000000000000000,0.000000000000000,0.000000000000000
2,5,39,0.001491766595903,0.004685974617637,0.006904782201006,0.018721436044271,0.023285677596096,0.062165450121655,0.086651854383866,0.095583388266315,0.084885577434806,0.091243110838947,0.131214953271028,0.122699386503067,0.169491525423729,0.144642857142857,0.171961325966851,0.048076923076923,0.154255319148936,0.025641025641026,0.109181141439206,0.057692307692308,0.000000000000000,0.000000000000000,0.000000000000000,0.000000000000000,0.000000000000000,0.000000000000000,0.000000000000000,0.000000000000000,0.000000000000000,0.000000000000000,0.000000000000000,0.000000000000000,0.000000000000000,0.000000000000000,0.000000000000000,0.000000000000000,0.000000000000000,0.000000000000000,0.000000000000000,0.000000000000000,0.000000000000000,0.000000000000000,0.000000000000000,0.000000000000000,0.000000000000000,0.000000000000000,0.000000000000000,0.000000000000000,0.000000000000000,0.000000000000000
2,5,40,0.001144819690899,0.009602283786414,0.005454962181985,0.011605193611398,0.015338194619060,0.053606805733598,0.071360305829882,0.082053439932674,0.151629410180447,0.109406270847231,0.114405169137210,0.120860215053763,0.169691025012261,0.140779522978476,0.130123617436565,0.189913317572892,0.151385927505331,0.152073732718894,0.142011834319527,0.058047493403694,0.000000000000000,0.000000000000000,0.000000000000000,0.000000000000000,0.000000000000000,0.000000000000000,0.000000000000000,0.000000000000000,0.000000000000000,0.000000000000000,0.000000000000000,0.000000000000000,0.000000000000000,0.000000000000000,0.000000000000000,0.000000000000000,0.000000000000000,0.000000000000000,0.000000000000000,0.000000000000000,0.000000000000000,0.000000000000000,0.000000000000000,0.000000000000000,0.000000000000000,0.000000000000000,0.000000000000000,0.000000000000000,0.000000000000000,0.000000000000000
2,5,41,0.001321367615482,0.004935581052497,0.005359729599227,0.006903529131703,0.022680234563643,0.039706567303214,0.051466096518021,0.060058881256134,0.111363063744016,0.152315822194591,0.134560906515581,0.207161125319693,0.178042959427208,0.155201819215463,0.144230769230769,0.168269230769231,0.117449664429530,0.220118343195266,0.273155416012559,0.280434782608696,0.105105105105105,0.034965034965035,0.000000000000000,0.000000000000000,0.000000000000000,0.000000000000000,0.000000000000000,0.000000000000000,0.000000000000000,0.000000000000000,0.000000000000000,0.000000000000000,0.000000000000000,0.000000000000000,0.000000000000000,0.000000000000000,0.000000000000000,0.000000000000000,0.000000000000000,0.000000000000000,0.000000000000000,0.000000000000000,0.000000000000000,0.000000000000000,0.000000000000000,0.000000000000000,0.000000000000000,0.000000000000000,0.000000000000000,0.000000000000000
2,5,42,0.001739405439595,0.003887841658812,0.005899008966494,0.011581656527843,0.022882307227355,0.035566298342541,0.036988110964333,0.069055132726935,0.071363010555301,0.161604246534945,0.104927330733782,0.119076549210207,0.187229956793087,0.213793103448276,0.151384615384615,0.215081967213115,0.273773006134969,0.223977695167286,0.251870324189526,0.183050847457627,0.170022371364653,0.068027210884354,0.448598130841121,0.000000000000000,0.000000000000000,0.000000000000000,0.000000000000000,0.000000000000000,0.000000000000000,0.000000000000000,0.000000000000000,0.000000000000000,0.000000000000000,0.000000000000000,0.000000000000000,0.000000000000000,0.000000000000000,0.000000000000000,0.000000000000000,0.000000000000000,0.000000000000000,0.000000000000000,0.000000000000000,0.000000000000000,0.000000000000000,0.000000000000000,0.000000000000000,0.000000000000000,0.000000000000000,0.000000000000000
2,5,43,0.001501125844383,0.003072110819416,0.006352131115745,0.012364939042006,0.020206290158945,0.023984392930916,0.049006622516556,0.069434239529758,0.074138682948103,0.108867667121419,0.156889495225102,0.187176423735564,0.153811659192825,0.150394477317554,0.207440811724915,0.243758212877792,0.171875000000000,0.224832214765101,0.190426638917794,0.125511596180082,0.319587628865979,0.467336683417085,0.038022813688213,0.212962962962963,0.000000000000000,0.000000000000000,0.000000000000000,0.000000000000000,0.000000000000000,0.000000000000000,0.000000000000000,0.000000000000000,0.000000000000000,0.000000000000000,0.000000000000000,0.000000000000000,0.000000000000000,0.000000000000000,0.000000000000000,0.000000000000000,0.000000000000000,0.000000000000000,0.000000000000000,0.000000000000000,0.000000000000000,0.000000000000000,0.000000000000000,0.000000000000000,0.000000000000000,0.000000000000000
2,5,44,0.002090814053907,0.009192559939791,0.007418102160709,0.012966439802863,0.020838627700127,0.041084634346754,0.059423769507803,0.071931776047460,0.093350383631714,0.139463601532567,0.152654867256637,0.197769516728625,0.282446106467224,0.221158690176322,0.235832856325129,0.254511512134412,0.284660766961652,0.287529785544083,0.495387453874539,0.219791666666667,0.180375180375180,0.346978557504873,0.227027027027027,0.380952380952381,0.283185840707965,0.000000000000000,0.000000000000000,0.000000000000000,0.000000000000000,0.000000000000000,0.000000000000000,0.000000000000000,0.000000000000000,0.000000000000000,0.000000000000000,0.000000000000000,0.000000000000000,0.000000000000000,0.000000000000000,0.000000000000000,0.000000000000000,0.000000000000000,0.000000000000000,0.000000000000000,0.000000000000000,0.000000000000000,0.000000000000000,0.000000000000000,0.000000000000000,0.000000000000000
2,5,45,0.003621027519809,0.008264033264033,0.013277068752573,0.016842619149326,0.032418734708144,0.045223084384093,0.070072542058960,0.090807592110160,0.108593224141799,0.133823930226220,0.159679408138101,0.225475841874085,0.318220701454234,0.205853174603175,0.214754098360656,0.233333333333333,0.268936761640028,0.383805668016194,0.268336314847943,0.203761755485893,0.326412918108420,0.163961038961039,0.394308943089431,0.198776758409786,0.066945606694561,0.471910112359551,0.000000000000000,0.000000000000000,0.000000000000000,0.000000000000000,0.000000000000000,0.000000000000000,0.000000000000000,0.000000000000000,0.000000000000000,0.000000000000000,0.000000000000000,0.000000000000000,0.000000000000000,0.000000000000000,0.000000000000000,0.000000000000000,0.000000000000000,0.000000000000000,0.000000000000000,0.000000000000000,0.000000000000000,0.000000000000000,0.000000000000000,0.000000000000000
2,5,46,0.001938144329897,0.008142116950407,0.009963266743823,0.018865527536048,0.023816066684987,0.044051250762660,0.053459119496855,0.092553799276328,0.099327354260090,0.114293221229637,0.200416294974725,0.231019522776573,0.171953255425710,0.231024667931689,0.289744981009224,0.227106227106227,0.299454297407913,0.195288753799392,0.204545454545455,0.259727626459144,0.301518438177874,0.267457180500659,0.262664165103190,0.106796116504854,0.320000000000000,0.195454545454545,0.170454545454545,0.000000000000000,0.000000000000000,0.000000000000000,0.000000000000000,0.000000000000000,0.000000000000000,0.000000000000000,0.000000000000000,0.000000000000000,0.000000000000000,0.000000000000000,0.000000000000000,0.000000000000000,0.000000000000000,0.000000000000000,0.000000000000000,0.000000000000000,0.000000000000000,0.000000000000000,0.000000000000000,0.000000000000000,0.000000000000000,0.000000000000000
2,5,47,0.003324016015714,0.009138961616361,0.010460356763859,0.017551669316375,0.021865485745918,0.041882296305211,0.070000000000000,0.086501901140684,0.084920457091642,0.133607399794450,0.155116484812740,0.157112526539278,0.191876208897485,0.201714801444043,0.285856573705179,0.250720461095101,0.303743961352657,0.392226148409894,0.243498817966903,0.301265822784810,0.265709156193896,0.321465968586387,0.354925775978408,0.214859437751004,0.514099783080260,0.167721518987342,0.277511961722488,0.159090909090909,0.000000000000000,0.000000000000000,0.000000000000000,0.000000000000000,0.000000000000000,0.000000000000000,0.000000000000000,0.000000000000000,0.000000000000000,0.000000000000000,0.000000000000000,0.000000000000000,0.000000000000000,0.000000000000000,0.000000000000000,0.000000000000000,0.000000000000000,0.000000000000000,0.000000000000000,0.000000000000000,0.000000000000000,0.000000000000000
2,5,48,0.001321141744602,0.008557813867548,0.013700131521263,0.016247862123405,0.023842917251052,0.041244751790566,0.060148008187687,0.086697674418605,0.122190073447585,0.142594537815126,0.139074863055386,0.220774768597875,0.167412378821775,0.214993537268419,0.258361609306835,0.269331930562862,0.272672672672673,0.292984869325997,0.240282685512367,0.314737718567860,0.266485998193315,0.409185803757829,0.318380743982495,0.186827956989247,0.494908350305499,0.335511982570806,0.185810810810811,0.082969432314411,0.307692307692308,0.000000000000000,0.000000000000000,0.000000000000000,0.000000000000000,0.000000000000000,0.000000000000000,0.000000000000000,0.000000000000000,0.000000000000000,0.000000000000000,0.000000000000000,0.000000000000000,0.000000000000000,0.000000000000000,0.000000000000000,0.000000000000000,0.000000000000000,0.000000000000000,0.000000000000000,0.000000000000000,0.000000000000000
2,5,49,0.001512013936824,0.006932916707353,0.014676142601260,0.022961946710954,0.024515221541244,0.047058823529412,0.059728656518862,0.078793969849246,0.101679319070623,0.104227599042808,0.126292698213726,0.162096494272822,0.145608628659476,0.245908889871738,0.208533077660594,0.215921483097056,0.272125225767610,0.209252669039146,0.311894882434302,0.260000000000000,0.323800738007380,0.221633085896076,0.403243243243243,0.301351351351351,0.279585798816568,0.395348837209302,0.247030878859857,0.225531914893617,0.244318181818182,0.428571428571429,0.000000000000000,0.000000000000000,0.000000000000000,0.000000000000000,0.000000000000000,0.000000000000000,0.000000000000000,0.000000000000000,0.000000000000000,0.000000000000000,0.000000000000000,0.000000000000000,0.000000000000000,0.000000000000000,0.000000000000000,0.000000000000000,0.000000000000000,0.000000000000000,0.000000000000000,0.000000000000000
2,5,50,0.001975959163511,0.008311372390026,0.005502231460537,0.019468621163536,0.025932815406500,0.030307301945306,0.050291795399931,0.072068230277186,0.063882063882064,0.138747884940778,0.125968992248062,0.122769450392577,0.182364729458918,0.216424682395644,0.239008419083255,0.302949061662198,0.237679351216469,0.382275132275132,0.201643017176998,0.341832669322709,0.338208409506399,0.374374374374374,0.260679079956188,0.467018469656992,0.247119078104994,0.274031563845050,0.267108167770419,0.290419161676647,0.378504672897196,0.251396648044693,0.136363636363636,0.000000000000000,0.000000000000000,0.000000000000000,0.000000000000000,0.000000000000000,0.000000000000000,0.000000000000000,0.000000000000000,0.000000000000000,0.000000000000000,0.000000000000000,0.000000000000000,0.000000000000000,0.000000000000000,0.000000000000000,0.000000000000000,0.000000000000000,0.000000000000000,0.000000000000000
2,5,51,0.002012138804592,0.007035115960174,0.009560117302053,0.025516979700247,0.040216244725738,0.043833333333333,0.053426017874876,0.055966697502313,0.109215955983494,0.116826774093585,0.124608423250957,0.136123527021536,0.146548072850487,0.258438287153652,0.177707676130389,0.171144859813084,0.256527415143603,0.265077138849930,0.248822605965463,0.368734069668649,0.352997145575642,0.291796469366563,0.352549889135255,0.280839895013123,0.306010928961749,0.322388059701493,0.482078853046595,0.537467700258398,0.367213114754098,0.167420814479638,0.000000000000000,0.145161290322581,0.000000000000000,0.000000000000000,0.000000000000000,0.000000000000000,0.000000000000000,0.000000000000000,0.000000000000000,0.000000000000000,0.000000000000000,0.000000000000000,0.000000000000000,0.000000000000000,0.000000000000000,0.000000000000000,0.000000000000000,0.000000000000000,0.000000000000000,0.000000000000000
2,5,52,0.000922626622550,0.006059745301330,0.008176614881439,0.021475370055812,0.031017566070581,0.034643830284157,0.056390108620291,0.080904385725960,0.087381607088298,0.063084112149533,0.127954971857411,0.130606860158311,0.131024801123070,0.221837944664032,0.258064516129032,0.242596093257719,0.199869366427172,0.225412778176597,0.308300395256917,0.328621908127208,0.341107871720117,0.343478260869565,0.343859649122807,0.465425531914894,0.197831978319783,0.221528861154446,0.223140495867769,0.138655462184874,0.532981530343008,0.224409448818898,0.117647058823529,0.025000000000000,0.404761904761905,0.000000000000000,0.000000000000000,0.000000000000000,0.000000000000000,0.000000000000000,0.000000000000000,0.000000000000000,0.000000000000000,0.000000000000000,0.000000000000000,0.000000000000000,0.000000000000000,0.000000000000000,0.000000000000000,0.000000000000000,0.000000000000000,0.000000000000000
2,5,53,0.001492668364211,0.008843930635838,0.017080152671756,0.028360528360528,0.037024570851565,0.081320450885668,0.042502387774594,0.044407438245906,0.082196231319038,0.115546218487395,0.131395824805567,0.235002255299955,0.176267848350566,0.238805970149254,0.227042253521127,0.309252217997465,0.302649930264993,0.217225609756098,0.327777777777778,0.322362869198312,0.469696969696970,0.335436382754995,0.297131147540984,0.368226600985222,0.185979971387697,0.323809523809524,0.255941499085923,0.133720930232558,0.136890951276102,0.194945848375451,0.174672489082969,0.526011560693642,0.376146788990826,0.214285714285714,0.000000000000000,0.000000000000000,0.000000000000000,0.000000000000000,0.000000000000000,0.000000000000000,0.000000000000000,0.000000000000000,0.000000000000000,0.000000000000000,0.000000000000000,0.000000000000000,0.000000000000000,0.000000000000000,0.000000000000000,0.000000000000000
2,5,54,0.002130889135384,0.012339704814904,0.018313894004502,0.014139173828667,0.045104895104895,0.042641275098323,0.059313478041393,0.061915887850467,0.100611828687967,0.119391916944753,0.113410596026490,0.131721756290084,0.217969165337586,0.176764869371873,0.200752823086575,0.258064516129032,0.227369921596579,0.320185614849188,0.379851362510322,0.410815939278937,0.315415821501014,0.591111111111111,0.296892980437284,0.252577319587629,0.322580645161290,0.219312602291326,0.321678321678322,0.307692307692308,0.346698113207547,0.235443037974684,0.091304347826087,0.185365853658537,0.127272727272727,0.179775280898876,0.333333333333333,0.000000000000000,0.000000000000000,0.000000000000000,0.000000000000000,0.000000000000000,0.000000000000000,0.000000000000000,0.000000000000000,0.000000000000000,0.000000000000000,0.000000000000000,0.000000000000000,0.000000000000000,0.000000000000000,0.000000000000000
2,5,55,0.000995838816374,0.008317721993256,0.024562709341273,0.022361511096053,0.041263700838169,0.054429028815368,0.035825545171340,0.086692829111666,0.069687900812313,0.201194304088195,0.163844621513944,0.122569239835003,0.159872611464968,0.213849287169043,0.239681390296886,0.253278688524590,0.191544434857636,0.211350293542074,0.336231884057971,0.303571428571429,0.421173762945915,0.377551020408163,0.275340393343419,0.560891938250429,0.287066246056782,0.235632183908046,0.269311064718163,0.184149184149184,0.285012285012285,0.255255255255255,0.180327868852459,0.328888888888889,0.768292682926829,0.265151515151515,0.433734939759036,0.363636363636364,0.000000000000000,0.000000000000000,0.000000000000000,0.000000000000000,0.000000000000000,0.000000000000000,0.000000000000000,0.000000000000000,0.000000000000000,0.000000000000000,0.000000000000000,0.000000000000000,0.000000000000000,0.000000000000000
2,5,56,0.002150104145670,0.007015534397595,0.013456090651558,0.026371479733030,0.029452736318408,0.048483401003105,0.037985136251032,0.056077795786062,0.093528018942384,0.135752688172043,0.116558279139570,0.119194180190263,0.094224924012158,0.162574651625747,0.203533568904594,0.211884284597342,0.131868131868132,0.333923826395040,0.137996219281664,0.244680851063830,0.342956120092379,0.346774193548387,0.212162162162162,0.426666666666667,0.391849529780564,0.210776545166403,0.483430799220273,0.226666666666667,0.285714285714286,0.591370558375635,0.364341085271318,0.055172413793103,0.258373205741627,0.260115606936416,0.272727272727273,0.121621621621622,0.333333333333333,0.000000000000000,0.000000000000000,0.000000000000000,0.000000000000000,0.000000000000000,0.000000000000000,0.000000000000000,0.000000000000000,0.000000000000000,0.000000000000000,0.000000000000000,0.000000000000000,0.000000000000000
2,5,57,0.000858752404507,0.008609035930274,0.011925042589438,0.020469692161219,0.018680445151033,0.032489249880554,0.045012503473187,0.089818417639429,0.095147839272176,0.085190039318480,0.164582291145573,0.075213675213675,0.163202933985330,0.166433566433566,0.162223914699162,0.131955484896661,0.267654751525719,0.297101449275362,0.182692307692308,0.193979933110368,0.358123569794050,0.254728877679697,0.268000000000000,0.250357653791130,0.386991869918699,0.411359724612737,0.199658703071672,0.227926078028747,0.165929203539823,0.474940334128878,0.219839142091153,0.491017964071856,0.056537102473498,0.103286384976526,0.216867469879518,0.274193548387097,0.367647058823529,1.064516129032260,0.000000000000000,0.000000000000000,0.000000000000000,0.000000000000000,0.000000000000000,0.000000000000000,0.000000000000000,0.000000000000000,0.000000000000000,0.000000000000000,0.000000000000000,0.000000000000000
2,5,58,0.001546969872762,0.007591665320627,0.016530018513621,0.023350433398196,0.030952907362370,0.025012761613068,0.032059186189889,0.079558011049724,0.096598068038639,0.088564476885645,0.124540199684708,0.141033434650456,0.161785216178522,0.233582089552239,0.188694929343308,0.161458333333333,0.262857142857143,0.259962049335863,0.309090909090909,0.342995169082126,0.306490384615385,0.286290322580645,0.402836879432624,0.461077844311377,0.358458961474037,0.286231884057971,0.211581291759465,0.293995859213250,0.208133971291866,0.123486682808717,0.365439093484419,0.260586319218241,0.300940438871473,0.299578059071730,0.272108843537415,0.348148148148148,0.781250000000000,0.456521739130435,0.000000000000000,0.000000000000000,0.000000000000000,0.000000000000000,0.000000000000000,0.000000000000000,0.000000000000000,0.000000000000000,0.000000000000000,0.000000000000000,0.000000000000000,0.000000000000000
2,5,59,0.002085958889227,0.006097560975610,0.004967357365881,0.016761904761905,0.030195800896438,0.042464612822648,0.042791310072416,0.046916382898222,0.104635761589404,0.081360946745562,0.175379426644182,0.103737113402062,0.155210643015521,0.173773129525342,0.170050761421320,0.193364928909953,0.156822810590631,0.201594533029613,0.313084112149533,0.397435897435897,0.237844940867280,0.427128427128427,0.354166666666667,0.252542372881356,0.483636363636364,0.301775147928994,0.509635974304068,0.500000000000000,0.444736842105263,0.260869565217391,0.324175824175824,0.321917808219178,0.193916349809886,0.435114503816794,0.415929203539823,0.256944444444444,0.256410256410256,0.300000000000000,0.578947368421053,0.000000000000000,0.000000000000000,0.000000000000000,0.000000000000000,0.000000000000000,0.000000000000000,0.000000000000000,0.000000000000000,0.000000000000000,0.000000000000000,0.000000000000000
2,5,60,0.002121130065890,0.006269349845201,0.015202702702703,0.016778523489933,0.019767441860465,0.015432701699551,0.028056112224449,0.035649702919142,0.049319727891157,0.093994778067885,0.071743929359823,0.057723577235772,0.121048252911814,0.172892720306513,0.106307222787386,0.192685589519651,0.208607292289301,0.240073304825901,0.324146981627297,0.298429319371728,0.306549628629305,0.214644651830581,0.231797919762259,0.426282051282051,0.403937007874016,0.487007544006706,0.307759372275501,0.295039164490862,0.356498194945848,0.240218380345769,0.417200365965233,0.363473589973142,0.385796545105566,0.246167718665464,0.347555555555556,0.258697591436218,0.172579098753595,0.218423551756885,0.203225806451613,0.361042183622829,0.192868719611021,0.000000000000000,0.000000000000000,0.000000000000000,0.000000000000000,0.000000000000000,0.000000000000000,0.000000000000000,0.000000000000000,0.000000000000000
2,5,61,0.001622471226487,0.009620826259196,0.014056918999885,0.006913437995103,0.017050448233433,0.019341640319881,0.036481647269472,0.054531290573877,0.051567535892177,0.058766233766234,0.078663793103448,0.083771752326993,0.144311642319610,0.168663594470046,0.192205018686599,0.157515252357182,0.228101116990006,0.281425891181989,0.296223958333333,0.198969735994849,0.392556179775281,0.274302938960060,0.300229182582124,0.218930041152263,0.385113268608414,0.412234042553192,0.325066430469442,0.456501403180543,0.227695167286245,0.325323475046211,0.315886134067952,0.329501915708812,0.422698838248436,0.405004633920297,0.364645602049530,0.312074829931973,0.214474845542807,0.300185873605948,0.310126582278481,0.147191011235955,0.230003979307600,0.000000000000000,0.000000000000000,0.000000000000000,0.000000000000000,0.000000000000000,0.000000000000000,0.000000000000000,0.000000000000000,0.000000000000000
2,5,62,0.000571526547408,0.003896103896104,0.010558934924825,0.013219616204691,0.023013245033113,0.030428769017981,0.020235391286393,0.055772994129159,0.031107305936073,0.082204724409449,0.068029608741629,0.099799599198397,0.117960088691796,0.152649489547885,0.212866108786611,0.211211778029445,0.296575739988392,0.239256678281069,0.347690387016230,0.211748633879781,0.333576642335766,0.263629574309186,0.448328267477204,0.307513555383424,0.294699011680144,0.307484220018034,0.293750000000000,0.311733800350263,0.314065510597302,0.372659176029963,0.358576642335766,0.305272895467160,0.596428571428571,0.211091234347048,0.280000000000000,0.254378648874062,0.285359801488834,0.229494614747307,0.354492187500000,0.217438105489774,0.197969543147208,0.000000000000000,0.000000000000000,0.000000000000000,0.000000000000000,0.000000000000000,0.000000000000000,0.000000000000000,0.000000000000000,0.000000000000000
2,5,63,0.002407348748812,0.004278951201748,0.007615700058582,0.014730176211454,0.016131558339859,0.024738172625497,0.032628770777755,0.025289778714436,0.046638874413757,0.074910820451843,0.040871021775544,0.119627507163324,0.154285714285714,0.136980306345733,0.241134751773050,0.152117093570308,0.282744282744283,0.355309218203034,0.272841839949590,0.225935828877005,0.305000000000000,0.266713091922006,0.172256097560976,0.293176074136479,0.387672343876723,0.249571183533448,0.405429071803853,0.302897278314311,0.313811188811189,0.223198594024605,0.290441176470588,0.318465655664585,0.371718882303133,0.182456140350877,0.387040280210158,0.379746835443038,0.159848484848485,0.277650648360031,0.322253000923361,0.300760043431053,0.212508884150675,0.750000000000000,0.000000000000000,0.000000000000000,0.000000000000000,0.000000000000000,0.000000000000000,0.000000000000000,0.000000000000000,0.000000000000000
2,5,64,0.002215891104780,0.005921539600296,0.011280167890871,0.007774680944697,0.013406079501169,0.020131836807411,0.026650514839491,0.034186046511628,0.032647584973166,0.044325239977414,0.061786433848220,0.115018315018315,0.121665319320938,0.119593998234775,0.194170192759756,0.156266386995281,0.129032258064516,0.207345971563981,0.274918566775244,0.278455284552846,0.214641080312722,0.383935151068534,0.229426433915212,0.293916023993145,0.241289198606272,0.220848056537102,0.468224299065421,0.338221814848763,0.161722488038278,0.261158594491928,0.290322580645161,0.517045454545455,0.312264150943396,0.306282722513089,0.249566724436742,0.343354430379747,0.284153005464481,0.248972884141331,0.348566308243728,0.263052208835341,0.176146788990826,0.000000000000000,0.000000000000000,0.000000000000000,0.000000000000000,0.000000000000000,0.000000000000000,0.000000000000000,0.000000000000000,0.000000000000000
2,5,65,0.000000000000000,0.001795332136445,0.003610108303249,0.016253869969040,0.004629629629630,0.036971830985916,0.000000000000000,0.029867256637168,0.026347305389222,0.041866028708134,0.022935779816514,0.101265822784810,0.279569892473118,0.095444685466377,0.353448275862069,0.182017543859649,0.151041666666667,0.137203166226913,0.065395095367847,0.088145896656535,0.233438485804416,0.450980392156863,0.443037974683544,0.109634551495017,0.108280254777070,0.300000000000000,0.248175182481752,0.287769784172662,0.104166666666667,0.422077922077922,0.301886792452830,0.603571428571429,0.247678018575851,0.222950819672131,0.203966005665722,0.160563380281690,0.268354430379747,0.208542713567839,0.247956403269755,0.583098591549296,0.126903553299492,0.000000000000000,0.000000000000000,0.000000000000000,0.681818181818182,0.777777777777778,0.000000000000000,0.000000000000000,0.000000000000000,0.000000000000000
2,5,66,0.000000000000000,0.000000000000000,0.000000000000000,0.000000000000000,0.000000000000000,0.009960159362550,0.011135857461025,0.060060060060060,0.052631578947368,0.082840236686391,0.071005917159763,0.000000000000000,0.017543859649123,0.100000000000000,0.158730158730159,0.220000000000000,0.132978723404255,0.113924050632911,0.150289017341040,0.149732620320856,0.078212290502793,0.405063291139240,0.076923076923077,0.136363636363636,0.000000000000000,0.554216867469880,0.331325301204819,0.313043478260870,0.479452054794521,0.284153005464481,0.156862745098039,0.270588235294118,0.000000000000000,0.114427860696517,0.036866359447005,0.080357142857143,0.198952879581152,0.065134099616858,0.099526066350711,0.265765765765766,0.094736842105263,0.000000000000000,0.000000000000000,0.000000000000000,0.409090909090909,0.000000000000000,0.000000000000000,0.000000000000000,0.000000000000000,0.000000000000000
2,5,67,0.000000000000000,0.000000000000000,0.000000000000000,0.000000000000000,0.000000000000000,0.000000000000000,0.000000000000000,0.025723472668810,0.000000000000000,0.003861003861004,0.116731517509728,0.000000000000000,0.132596685082873,0.181286549707602,0.064935064935065,0.734693877551020,0.042253521126761,0.100775193798450,0.015748031496063,0.069767441860465,0.360000000000000,0.230769230769231,0.231343283582090,0.028037383177570,0.277777777777778,0.321100917431193,0.195312500000000,0.371900826446281,0.006849315068493,0.000000000000000,0.077586206896552,0.227272727272727,0.000000000000000,0.108280254777070,0.013888888888889,0.129943502824859,0.239130434782609,0.152284263959391,0.313829787234043,0.100961538461538,0.111627906976744,0.000000000000000,0.000000000000000,0.000000000000000,0.000000000000000,0.000000000000000,0.000000000000000,0.000000000000000,0.000000000000000,0.000000000000000
2,5,68,0.000000000000000,0.017316017316017,0.000000000000000,0.000000000000000,0.000000000000000,0.000000000000000,0.032558139534884,0.059113300492611,0.000000000000000,0.090452261306533,0.000000000000000,0.235294117647059,0.109826589595376,0.000000000000000,0.000000000000000,0.000000000000000,0.070707070707071,0.000000000000000,0.146341463414634,0.208791208791209,0.137931034482759,0.000000000000000,0.054347826086957,0.030303030303030,0.000000000000000,0.000000000000000,0.081081081081081,0.042553191489362,0.000000000000000,0.000000000000000,0.086956521739130,0.000000000000000,0.100000000000000,0.156521739130435,0.100000000000000,0.217105263157895,0.356321839080460,0.081081081081081,0.060240963855422,0.110526315789474,0.042187500000000,0.000000000000000,0.000000000000000,0.000000000000000,0.250000000000000,0.000000000000000,0.000000000000000,0.000000000000000,0.000000000000000,0.000000000000000
2,5,69,0.000000000000000,0.000000000000000,0.208053691275168,0.000000000000000,0.000000000000000,0.000000000000000,0.092307692307692,0.000000000000000,0.000000000000000,0.100840336134454,0.000000000000000,0.000000000000000,0.000000000000000,0.087378640776699,0.367346938775510,0.137931034482759,0.128571428571429,0.000000000000000,0.108108108108108,0.000000000000000,0.000000000000000,0.000000000000000,0.000000000000000,0.048780487804878,0.121212121212121,0.176470588235294,0.000000000000000,0.179104477611940,0.000000000000000,0.282051282051282,0.363636363636364,0.011235955056180,0.150537634408602,0.241379310344828,0.222972972972973,0.380165289256198,0.016000000000000,0.079470198675497,0.126436781609195,0.000000000000000,0.040268456375839,0.769230769230769,0.000000000000000,0.000000000000000,0.000000000000000,0.000000000000000,0.000000000000000,0.000000000000000,0.000000000000000,0.000000000000000
2,6,20,0.000000000000000,0.000000000000000,0.000000000000000,0.000000000000000,0.000000000000000,0.000000000000000,0.000000000000000,0.000000000000000,0.000000000000000,0.000000000000000,0.000000000000000,0.000000000000000,0.000000000000000,0.000000000000000,0.000000000000000,0.000000000000000,0.000000000000000,0.000000000000000,0.000000000000000,0.000000000000000,0.000000000000000,0.000000000000000,0.000000000000000,0.000000000000000,0.000000000000000,0.000000000000000,0.000000000000000,0.000000000000000,0.000000000000000,0.000000000000000,0.000000000000000,0.000000000000000,0.000000000000000,0.000000000000000,0.000000000000000,0.000000000000000,0.000000000000000,0.000000000000000,0.000000000000000,0.000000000000000,0.000000000000000,0.000000000000000,0.000000000000000,0.000000000000000,0.000000000000000,0.000000000000000,0.000000000000000,0.000000000000000,0.000000000000000,0.000000000000000
2,6,21,0.000000000000000,0.000000000000000,0.000000000000000,0.000000000000000,0.000000000000000,0.000000000000000,0.000000000000000,0.000000000000000,0.000000000000000,0.000000000000000,0.000000000000000,0.000000000000000,0.000000000000000,0.000000000000000,0.000000000000000,0.000000000000000,0.000000000000000,0.000000000000000,0.000000000000000,0.000000000000000,0.000000000000000,0.000000000000000,0.000000000000000,0.000000000000000,0.000000000000000,0.000000000000000,0.000000000000000,0.000000000000000,0.000000000000000,0.000000000000000,0.000000000000000,0.000000000000000,0.000000000000000,0.000000000000000,0.000000000000000,0.000000000000000,0.000000000000000,0.000000000000000,0.000000000000000,0.000000000000000,0.000000000000000,0.000000000000000,0.000000000000000,0.000000000000000,0.000000000000000,0.000000000000000,0.000000000000000,0.000000000000000,0.000000000000000,0.000000000000000
2,6,22,0.000000000000000,0.000000000000000,0.000000000000000,0.000000000000000,0.000000000000000,0.000000000000000,0.000000000000000,0.000000000000000,0.000000000000000,0.000000000000000,0.000000000000000,0.000000000000000,0.000000000000000,0.000000000000000,0.000000000000000,0.000000000000000,0.000000000000000,0.000000000000000,0.000000000000000,0.000000000000000,0.000000000000000,0.000000000000000,0.000000000000000,0.000000000000000,0.000000000000000,0.000000000000000,0.000000000000000,0.000000000000000,0.000000000000000,0.000000000000000,0.000000000000000,0.000000000000000,0.000000000000000,0.000000000000000,0.000000000000000,0.000000000000000,0.000000000000000,0.000000000000000,0.000000000000000,0.000000000000000,0.000000000000000,0.000000000000000,0.000000000000000,0.000000000000000,0.000000000000000,0.000000000000000,0.000000000000000,0.000000000000000,0.000000000000000,0.000000000000000
2,6,23,0.000000000000000,0.000000000000000,0.000000000000000,0.000000000000000,0.000000000000000,0.000000000000000,0.000000000000000,0.000000000000000,0.000000000000000,0.000000000000000,0.000000000000000,0.000000000000000,0.000000000000000,0.000000000000000,0.000000000000000,0.000000000000000,0.000000000000000,0.000000000000000,0.000000000000000,0.000000000000000,0.000000000000000,0.000000000000000,0.000000000000000,0.000000000000000,0.000000000000000,0.000000000000000,0.000000000000000,0.000000000000000,0.000000000000000,0.000000000000000,0.000000000000000,0.000000000000000,0.000000000000000,0.000000000000000,0.000000000000000,0.000000000000000,0.000000000000000,0.000000000000000,0.000000000000000,0.000000000000000,0.000000000000000,0.000000000000000,0.000000000000000,0.000000000000000,0.000000000000000,0.000000000000000,0.000000000000000,0.000000000000000,0.000000000000000,0.000000000000000
2,6,24,0.000000000000000,0.000000000000000,0.000000000000000,0.000000000000000,0.000000000000000,0.000000000000000,0.000000000000000,0.000000000000000,0.000000000000000,0.000000000000000,0.000000000000000,0.000000000000000,0.000000000000000,0.000000000000000,0.000000000000000,0.000000000000000,0.000000000000000,0.000000000000000,0.000000000000000,0.000000000000000,0.000000000000000,0.000000000000000,0.000000000000000,0.000000000000000,0.000000000000000,0.000000000000000,0.000000000000000,0.000000000000000,0.000000000000000,0.000000000000000,0.000000000000000,0.000000000000000,0.000000000000000,0.000000000000000,0.000000000000000,0.000000000000000,0.000000000000000,0.000000000000000,0.000000000000000,0.000000000000000,0.000000000000000,0.000000000000000,0.000000000000000,0.000000000000000,0.000000000000000,0.000000000000000,0.000000000000000,0.000000000000000,0.000000000000000,0.000000000000000
2,6,25,0.000000000000000,0.000000000000000,0.000000000000000,0.000000000000000,0.000000000000000,0.000000000000000,0.000000000000000,0.000000000000000,0.000000000000000,0.000000000000000,0.000000000000000,0.000000000000000,0.000000000000000,0.000000000000000,0.000000000000000,0.000000000000000,0.000000000000000,0.000000000000000,0.000000000000000,0.000000000000000,0.000000000000000,0.000000000000000,0.000000000000000,0.000000000000000,0.000000000000000,0.000000000000000,0.000000000000000,0.000000000000000,0.000000000000000,0.000000000000000,0.000000000000000,0.000000000000000,0.000000000000000,0.000000000000000,0.000000000000000,0.000000000000000,0.000000000000000,0.000000000000000,0.000000000000000,0.000000000000000,0.000000000000000,0.000000000000000,0.000000000000000,0.000000000000000,0.000000000000000,0.000000000000000,0.000000000000000,0.000000000000000,0.000000000000000,0.000000000000000
2,6,26,0.000000000000000,0.000000000000000,0.000000000000000,0.000000000000000,0.000000000000000,0.000000000000000,0.000000000000000,0.000000000000000,0.000000000000000,0.000000000000000,0.000000000000000,0.000000000000000,0.000000000000000,0.000000000000000,0.000000000000000,0.000000000000000,0.000000000000000,0.000000000000000,0.000000000000000,0.000000000000000,0.000000000000000,0.000000000000000,0.000000000000000,0.000000000000000,0.000000000000000,0.000000000000000,0.000000000000000,0.000000000000000,0.000000000000000,0.000000000000000,0.000000000000000,0.000000000000000,0.000000000000000,0.000000000000000,0.000000000000000,0.000000000000000,0.000000000000000,0.000000000000000,0.000000000000000,0.000000000000000,0.000000000000000,0.000000000000000,0.000000000000000,0.000000000000000,0.000000000000000,0.000000000000000,0.000000000000000,0.000000000000000,0.000000000000000,0.000000000000000
2,6,27,0.000000000000000,0.000000000000000,0.000000000000000,0.000000000000000,0.000000000000000,0.000000000000000,0.000000000000000,0.000000000000000,0.000000000000000,0.000000000000000,0.000000000000000,0.000000000000000,0.000000000000000,0.000000000000000,0.000000000000000,0.000000000000000,0.000000000000000,0.000000000000000,0.000000000000000,0.000000000000000,0.000000000000000,0.000000000000000,0.000000000000000,0.000000000000000,0.000000000000000,0.000000000000000,0.000000000000000,0.000000000000000,0.000000000000000,0.000000000000000,0.000000000000000,0.000000000000000,0.000000000000000,0.000000000000000,0.000000000000000,0.000000000000000,0.000000000000000,0.000000000000000,0.000000000000000,0.000000000000000,0.000000000000000,0.000000000000000,0.000000000000000,0.000000000000000,0.000000000000000,0.000000000000000,0.000000000000000,0.000000000000000,0.000000000000000,0.000000000000000
2,6,28,0.000000000000000,0.000000000000000,0.000000000000000,0.000000000000000,0.000000000000000,0.000000000000000,0.000000000000000,0.000000000000000,0.000000000000000,0.000000000000000,0.000000000000000,0.000000000000000,0.000000000000000,0.000000000000000,0.000000000000000,0.000000000000000,0.000000000000000,0.000000000000000,0.000000000000000,0.000000000000000,0.000000000000000,0.000000000000000,0.000000000000000,0.000000000000000,0.000000000000000,0.000000000000000,0.000000000000000,0.000000000000000,0.000000000000000,0.000000000000000,0.000000000000000,0.000000000000000,0.000000000000000,0.000000000000000,0.000000000000000,0.000000000000000,0.000000000000000,0.000000000000000,0.000000000000000,0.000000000000000,0.000000000000000,0.000000000000000,0.000000000000000,0.000000000000000,0.000000000000000,0.000000000000000,0.000000000000000,0.000000000000000,0.000000000000000,0.000000000000000
2,6,29,0.000000000000000,0.000000000000000,0.000000000000000,0.000000000000000,0.000000000000000,0.000000000000000,0.000000000000000,0.000000000000000,0.000000000000000,0.000000000000000,0.000000000000000,0.000000000000000,0.000000000000000,0.000000000000000,0.000000000000000,0.000000000000000,0.000000000000000,0.000000000000000,0.000000000000000,0.000000000000000,0.000000000000000,0.000000000000000,0.000000000000000,0.000000000000000,0.000000000000000,0.000000000000000,0.000000000000000,0.000000000000000,0.000000000000000,0.000000000000000,0.000000000000000,0.000000000000000,0.000000000000000,0.000000000000000,0.000000000000000,0.000000000000000,0.000000000000000,0.000000000000000,0.000000000000000,0.000000000000000,0.000000000000000,0.000000000000000,0.000000000000000,0.000000000000000,0.000000000000000,0.000000000000000,0.000000000000000,0.000000000000000,0.000000000000000,0.000000000000000
2,6,30,0.000000000000000,0.000000000000000,0.000000000000000,0.000000000000000,0.000000000000000,0.000000000000000,0.000000000000000,0.000000000000000,0.000000000000000,0.000000000000000,0.000000000000000,0.000000000000000,0.000000000000000,0.000000000000000,0.000000000000000,0.000000000000000,0.000000000000000,0.000000000000000,0.000000000000000,0.000000000000000,0.000000000000000,0.000000000000000,0.000000000000000,0.000000000000000,0.000000000000000,0.000000000000000,0.000000000000000,0.000000000000000,0.000000000000000,0.000000000000000,0.000000000000000,0.000000000000000,0.000000000000000,0.000000000000000,0.000000000000000,0.000000000000000,0.000000000000000,0.000000000000000,0.000000000000000,0.000000000000000,0.000000000000000,0.000000000000000,0.000000000000000,0.000000000000000,0.000000000000000,0.000000000000000,0.000000000000000,0.000000000000000,0.000000000000000,0.000000000000000
2,6,31,0.000000000000000,0.000000000000000,0.000000000000000,0.000000000000000,0.000000000000000,0.000000000000000,0.000000000000000,0.000000000000000,0.000000000000000,0.000000000000000,0.000000000000000,0.000000000000000,0.000000000000000,0.000000000000000,0.000000000000000,0.000000000000000,0.000000000000000,0.000000000000000,0.000000000000000,0.000000000000000,0.000000000000000,0.000000000000000,0.000000000000000,0.000000000000000,0.000000000000000,0.000000000000000,0.000000000000000,0.000000000000000,0.000000000000000,0.000000000000000,0.000000000000000,0.000000000000000,0.000000000000000,0.000000000000000,0.000000000000000,0.000000000000000,0.000000000000000,0.000000000000000,0.000000000000000,0.000000000000000,0.000000000000000,0.000000000000000,0.000000000000000,0.000000000000000,0.000000000000000,0.000000000000000,0.000000000000000,0.000000000000000,0.000000000000000,0.000000000000000
2,6,32,0.000000000000000,0.000000000000000,0.000000000000000,0.000000000000000,0.000000000000000,0.000000000000000,0.000000000000000,0.000000000000000,0.000000000000000,0.000000000000000,0.000000000000000,0.000000000000000,0.000000000000000,0.000000000000000,0.000000000000000,0.000000000000000,0.000000000000000,0.000000000000000,0.000000000000000,0.000000000000000,0.000000000000000,0.000000000000000,0.000000000000000,0.000000000000000,0.000000000000000,0.000000000000000,0.000000000000000,0.000000000000000,0.000000000000000,0.000000000000000,0.000000000000000,0.000000000000000,0.000000000000000,0.000000000000000,0.000000000000000,0.000000000000000,0.000000000000000,0.000000000000000,0.000000000000000,0.000000000000000,0.000000000000000,0.000000000000000,0.000000000000000,0.000000000000000,0.000000000000000,0.000000000000000,0.000000000000000,0.000000000000000,0.000000000000000,0.000000000000000
2,6,33,0.001036778347703,0.000467945718297,0.001215543269419,0.003052875809012,0.002806886227545,0.004438895824664,0.008742957062366,0.006924852526289,0.005144032921811,0.010076775431862,0.009652509652510,0.005791505791506,0.013100436681223,0.000000000000000,0.000000000000000,0.000000000000000,0.000000000000000,0.000000000000000,0.000000000000000,0.000000000000000,0.000000000000000,0.000000000000000,0.000000000000000,0.000000000000000,0.000000000000000,0.000000000000000,0.000000000000000,0.000000000000000,0.000000000000000,0.000000000000000,0.000000000000000,0.000000000000000,0.000000000000000,0.000000000000000,0.000000000000000,0.000000000000000,0.000000000000000,0.000000000000000,0.000000000000000,0.000000000000000,0.000000000000000,0.000000000000000,0.000000000000000,0.000000000000000,0.000000000000000,0.000000000000000,0.000000000000000,0.000000000000000,0.000000000000000,0.000000000000000
2,6,34,0.001909510422744,0.010786848910233,0.006245662734212,0.008100420479842,0.018090069503951,0.015159718462371,0.013233601841197,0.027777777777778,0.023679417122040,0.022993142396128,0.030606566499722,0.009345794392523,0.044520547945206,0.014195583596215,0.000000000000000,0.000000000000000,0.000000000000000,0.000000000000000,0.000000000000000,0.000000000000000,0.000000000000000,0.000000000000000,0.000000000000000,0.000000000000000,0.000000000000000,0.000000000000000,0.000000000000000,0.000000000000000,0.000000000000000,0.000000000000000,0.000000000000000,0.000000000000000,0.000000000000000,0.000000000000000,0.000000000000000,0.000000000000000,0.000000000000000,0.000000000000000,0.000000000000000,0.000000000000000,0.000000000000000,0.000000000000000,0.000000000000000,0.000000000000000,0.000000000000000,0.000000000000000,0.000000000000000,0.000000000000000,0.000000000000000,0.000000000000000
2,6,35,0.002260421594911,0.019068946796960,0.015075376884422,0.027027027027027,0.026996393611540,0.041183861510540,0.038338054768650,0.087689301416707,0.053806175481504,0.090685413005272,0.082995038340099,0.093439363817097,0.082666666666667,0.020731707317073,0.064013840830450,0.046025104602511,0.000000000000000,0.000000000000000,0.000000000000000,0.000000000000000,0.000000000000000,0.000000000000000,0.000000000000000,0.000000000000000,0.000000000000000,0.000000000000000,0.000000000000000,0.000000000000000,0.000000000000000,0.000000000000000,0.000000000000000,0.000000000000000,0.000000000000000,0.000000000000000,0.000000000000000,0.000000000000000,0.000000000000000,0.000000000000000,0.000000000000000,0.000000000000000,0.000000000000000,0.000000000000000,0.000000000000000,0.000000000000000,0.000000000000000,0.000000000000000,0.000000000000000,0.000000000000000,0.000000000000000,0.000000000000000
2,6,36,0.010567746805413,0.030523255813954,0.023207321311349,0.048456827188663,0.055941200489996,0.074307846793860,0.076574877404753,0.107596398060494,0.117730496453901,0.138554216867470,0.139064475347661,0.123875066172578,0.151315789473684,0.169068203650336,0.106809078771696,0.188099808061420,0.153846153846154,0.000000000000000,0.000000000000000,0.000000000000000,0.000000000000000,0.000000000000000,0.000000000000000,0.000000000000000,0.000000000000000,0.000000000000000,0.000000000000000,0.000000000000000,0.000000000000000,0.000000000000000,0.000000000000000,0.000000000000000,0.000000000000000,0.000000000000000,0.000000000000000,0.000000000000000,0.000000000000000,0.000000000000000,0.000000000000000,0.000000000000000,0.000000000000000,0.000000000000000,0.000000000000000,0.000000000000000,0.000000000000000,0.000000000000000,0.000000000000000,0.000000000000000,0.000000000000000,0.000000000000000
2,6,37,0.011299752642231,0.053317613152551,0.038754911780569,0.078024856489996,0.132511848341232,0.147820163487738,0.214004129904261,0.183356513676402,0.231232876712329,0.196298744216788,0.198067632850242,0.327389117512574,0.223864258347017,0.251405622489960,0.135852911133810,0.230994152046784,0.207207207207207,0.244186046511628,0.000000000000000,0.000000000000000,0.000000000000000,0.000000000000000,0.000000000000000,0.000000000000000,0.000000000000000,0.000000000000000,0.000000000000000,0.000000000000000,0.000000000000000,0.000000000000000,0.000000000000000,0.000000000000000,0.000000000000000,0.000000000000000,0.000000000000000,0.000000000000000,0.000000000000000,0.000000000000000,0.000000000000000,0.000000000000000,0.000000000000000,0.000000000000000,0.000000000000000,0.000000000000000,0.000000000000000,0.000000000000000,0.000000000000000,0.000000000000000,0.000000000000000,0.000000000000000
2,6,38,0.011059000636906,0.052593754083366,0.061342362079267,0.097407487091222,0.187967339922647,0.170797482984461,0.200828530259366,0.281243160428978,0.298770710849813,0.386065835730265,0.303630363036304,0.425454545454545,0.264349657714587,0.427090084251458,0.588752196836555,0.471544715447154,0.286440677966102,0.566985645933014,1.242857142857140,0.000000000000000,0.000000000000000,0.000000000000000,0.000000000000000,0.000000000000000,0.000000000000000,0.000000000000000,0.000000000000000,0.000000000000000,0.000000000000000,0.000000000000000,0.000000000000000,0.000000000000000,0.000000000000000,0.000000000000000,0.000000000000000,0.000000000000000,0.000000000000000,0.000000000000000,0.000000000000000,0.000000000000000,0.000000000000000,0.000000000000000,0.000000000000000,0.000000000000000,0.000000000000000,0.000000000000000,0.000000000000000,0.000000000000000,0.000000000000000,0.000000000000000
2,6,39,0.012794767341787,0.043800846078750,0.066447873156594,0.116238092616045,0.174899409297149,0.271046228710462,0.324218082379081,0.372885080202153,0.382916444917509,0.390385793018983,0.458317757009346,0.400525854513585,0.378017462763225,0.439285714285714,0.400552486187845,0.405769230769231,0.607712765957447,0.496336996336996,0.287841191066998,0.192307692307692,0.000000000000000,0.000000000000000,0.000000000000000,0.000000000000000,0.000000000000000,0.000000000000000,0.000000000000000,0.000000000000000,0.000000000000000,0.000000000000000,0.000000000000000,0.000000000000000,0.000000000000000,0.000000000000000,0.000000000000000,0.000000000000000,0.000000000000000,0.000000000000000,0.000000000000000,0.000000000000000,0.000000000000000,0.000000000000000,0.000000000000000,0.000000000000000,0.000000000000000,0.000000000000000,0.000000000000000,0.000000000000000,0.000000000000000,0.000000000000000
2,6,40,0.007899255867201,0.042626354376176,0.053724501489801,0.108583247156153,0.165870421590814,0.271413588159888,0.323032812997770,0.414054281506417,0.443037974683544,0.433955970647098,0.387685290763968,0.442580645161290,0.519372241294752,0.335660267597440,0.305790500975927,0.376674546887313,0.262260127931770,0.537634408602151,0.627218934911243,0.609498680738786,1.007518796992480,0.000000000000000,0.000000000000000,0.000000000000000,0.000000000000000,0.000000000000000,0.000000000000000,0.000000000000000,0.000000000000000,0.000000000000000,0.000000000000000,0.000000000000000,0.000000000000000,0.000000000000000,0.000000000000000,0.000000000000000,0.000000000000000,0.000000000000000,0.000000000000000,0.000000000000000,0.000000000000000,0.000000000000000,0.000000000000000,0.000000000000000,0.000000000000000,0.000000000000000,0.000000000000000,0.000000000000000,0.000000000000000,0.000000000000000
2,6,41,0.005615812365799,0.026729055829755,0.047609850313858,0.088853180979587,0.139962055881338,0.244061481136469,0.328802687843616,0.365456329735034,0.384479717813051,0.381411252719925,0.375708215297450,0.566069906223359,0.394749403341289,0.454235361000568,0.257554945054945,0.504807692307692,0.469798657718121,0.678106508875740,0.494505494505495,0.721739130434783,0.570570570570571,0.265734265734266,0.000000000000000,0.000000000000000,0.000000000000000,0.000000000000000,0.000000000000000,0.000000000000000,0.000000000000000,0.000000000000000,0.000000000000000,0.000000000000000,0.000000000000000,0.000000000000000,0.000000000000000,0.000000000000000,0.000000000000000,0.000000000000000,0.000000000000000,0.000000000000000,0.000000000000000,0.000000000000000,0.000000000000000,0.000000000000000,0.000000000000000,0.000000000000000,0.000000000000000,0.000000000000000,0.000000000000000,0.000000000000000
2,6,42,0.008380771663504,0.021088595664468,0.028787163756489,0.065044454843238,0.132890078576980,0.244475138121547,0.283869073829444,0.335994059773529,0.327902707664066,0.364494249483928,0.535625664657923,0.466180639935196,0.605376860297648,0.576657824933687,0.294153846153846,0.651803278688525,0.471625766871166,0.582713754646840,0.420199501246883,0.405084745762712,0.436241610738255,0.493197278911565,0.598130841121495,0.000000000000000,0.000000000000000,0.000000000000000,0.000000000000000,0.000000000000000,0.000000000000000,0.000000000000000,0.000000000000000,0.000000000000000,0.000000000000000,0.000000000000000,0.000000000000000,0.000000000000000,0.000000000000000,0.000000000000000,0.000000000000000,0.000000000000000,0.000000000000000,0.000000000000000,0.000000000000000,0.000000000000000,0.000000000000000,0.000000000000000,0.000000000000000,0.000000000000000,0.000000000000000,0.000000000000000
2,6,43,0.004853640230173,0.019884935485673,0.023323473791398,0.049113075634137,0.109401420358471,0.178448473720450,0.211626195732156,0.254959588537840,0.308983863933711,0.446111869031378,0.334583901773533,0.473118279569892,0.448430493273543,0.406311637080868,0.485343855693348,0.607095926412615,0.557291666666667,0.527684563758389,0.534859521331946,0.451568894952251,0.747422680412371,0.967336683417085,0.657794676806084,0.703703703703704,0.000000000000000,0.000000000000000,0.000000000000000,0.000000000000000,0.000000000000000,0.000000000000000,0.000000000000000,0.000000000000000,0.000000000000000,0.000000000000000,0.000000000000000,0.000000000000000,0.000000000000000,0.000000000000000,0.000000000000000,0.000000000000000,0.000000000000000,0.000000000000000,0.000000000000000,0.000000000000000,0.000000000000000,0.000000000000000,0.000000000000000,0.000000000000000,0.000000000000000,0.000000000000000
2,6,44,0.005727012408527,0.022255671433179,0.026834611171961,0.057380896503168,0.083862770012707,0.137574832726846,0.186524609843938,0.247311827956989,0.265771526001705,0.425287356321839,0.373577749683944,0.385501858736059,0.537175538935328,0.662972292191436,0.451631368059531,0.453640323584319,0.569321533923304,0.722001588562351,0.923431734317343,0.561458333333333,0.331890331890332,0.727095516569201,0.516216216216216,0.259740259740260,0.769911504424779,0.000000000000000,0.000000000000000,0.000000000000000,0.000000000000000,0.000000000000000,0.000000000000000,0.000000000000000,0.000000000000000,0.000000000000000,0.000000000000000,0.000000000000000,0.000000000000000,0.000000000000000,0.000000000000000,0.000000000000000,0.000000000000000,0.000000000000000,0.000000000000000,0.000000000000000,0.000000000000000,0.000000000000000,0.000000000000000,0.000000000000000,0.000000000000000,0.000000000000000
2,6,45,0.005538042089120,0.027702702702703,0.035765747221079,0.055348752059559,0.099003844809507,0.139064015518914,0.196326593610125,0.236509117975437,0.257123625757236,0.341237394385391,0.442971639950678,0.516471449487555,0.523524379811805,0.454861111111111,0.588524590163934,0.447058823529412,0.627519110493398,0.703643724696356,0.355098389982111,0.374085684430512,0.599769319492503,0.321428571428571,0.613821138211382,0.412844036697248,0.012552301255230,0.629213483146067,0.000000000000000,0.000000000000000,0.000000000000000,0.000000000000000,0.000000000000000,0.000000000000000,0.000000000000000,0.000000000000000,0.000000000000000,0.000000000000000,0.000000000000000,0.000000000000000,0.000000000000000,0.000000000000000,0.000000000000000,0.000000000000000,0.000000000000000,0.000000000000000,0.000000000000000,0.000000000000000,0.000000000000000,0.000000000000000,0.000000000000000,0.000000000000000
2,6,46,0.005402061855670,0.022156427337775,0.036431339002667,0.053738169345106,0.099111477512137,0.120073215375229,0.249371069182390,0.217863264140164,0.333408071748879,0.348397267472412,0.494796312815938,0.539768618944324,0.379799666110184,0.530834914611006,0.637547476939772,0.622710622710623,0.684856753069577,0.630699088145897,0.693602693602694,0.536964980544747,0.715835140997831,0.553359683794466,0.592870544090056,0.533980582524272,0.633846153846154,0.468181818181818,0.715909090909091,0.000000000000000,0.000000000000000,0.000000000000000,0.000000000000000,0.000000000000000,0.000000000000000,0.000000000000000,0.000000000000000,0.000000000000000,0.000000000000000,0.000000000000000,0.000000000000000,0.000000000000000,0.000000000000000,0.000000000000000,0.000000000000000,0.000000000000000,0.000000000000000,0.000000000000000,0.000000000000000,0.000000000000000,0.000000000000000,0.000000000000000
2,6,47,0.006459167485080,0.027120486093958,0.031128404669261,0.058251192368839,0.102961527816219,0.165603562402214,0.149848484848485,0.226615969581749,0.283889760250952,0.354573484069887,0.370392214685933,0.466029723991507,0.553965183752418,0.656588447653430,0.741035856573705,0.463400576368876,0.699275362318841,0.768197879858657,0.563435776201734,0.760337552742616,0.557450628366248,0.773821989528796,0.601889338731444,0.662650602409639,1.008676789587850,0.462025316455696,0.263157894736842,1.034090909090910,0.000000000000000,0.000000000000000,0.000000000000000,0.000000000000000,0.000000000000000,0.000000000000000,0.000000000000000,0.000000000000000,0.000000000000000,0.000000000000000,0.000000000000000,0.000000000000000,0.000000000000000,0.000000000000000,0.000000000000000,0.000000000000000,0.000000000000000,0.000000000000000,0.000000000000000,0.000000000000000,0.000000000000000,0.000000000000000
2,6,48,0.008065918019678,0.025576193717787,0.035729943007453,0.058873832390475,0.084992987377279,0.145221042232650,0.174933081404503,0.216930232558140,0.366125083463165,0.434873949579832,0.351795496043822,0.712032910524511,0.455630126771066,0.494183541576907,0.644207464857004,0.686480799579169,0.680480480480480,0.806740027510316,0.614840989399293,0.803497085761865,0.719060523938573,0.751565762004175,0.551422319474836,0.592741935483871,0.645621181262729,0.997821350762527,0.675675675675676,0.200873362445415,0.346153846153846,0.000000000000000,0.000000000000000,0.000000000000000,0.000000000000000,0.000000000000000,0.000000000000000,0.000000000000000,0.000000000000000,0.000000000000000,0.000000000000000,0.000000000000000,0.000000000000000,0.000000000000000,0.000000000000000,0.000000000000000,0.000000000000000,0.000000000000000,0.000000000000000,0.000000000000000,0.000000000000000,0.000000000000000
2,6,49,0.007592939552312,0.023337564690948,0.040908302998787,0.066647411365442,0.087611775344117,0.118043621943159,0.204169424222369,0.171859296482412,0.275592362548884,0.320127625631481,0.492948918834221,0.487677889621659,0.550847457627119,0.473684210526316,0.627996164908917,0.715376226826609,0.644792293798916,0.617081850533808,0.798063623789765,0.682307692307692,0.904981549815498,0.382820784729586,0.784864864864865,0.662162162162162,0.532544378698225,0.720930232558139,0.403800475059382,0.408510638297872,0.659090909090909,0.467532467532468,0.000000000000000,0.000000000000000,0.000000000000000,0.000000000000000,0.000000000000000,0.000000000000000,0.000000000000000,0.000000000000000,0.000000000000000,0.000000000000000,0.000000000000000,0.000000000000000,0.000000000000000,0.000000000000000,0.000000000000000,0.000000000000000,0.000000000000000,0.000000000000000,0.000000000000000,0.000000000000000
2,6,50,0.004544706076074,0.021082505574701,0.038454484318640,0.062986715529088,0.108436371594266,0.154496757823513,0.199279093717817,0.263539445628998,0.233906633906634,0.367738296672307,0.404069767441860,0.506067094932191,0.473747494989980,0.467785843920145,0.662768942937325,0.609115281501341,0.493449781659389,0.740740740740741,0.453323375653473,0.729083665338645,0.578610603290676,0.794794794794795,0.639649507119387,0.769129287598945,0.368758002560819,0.535150645624103,0.421633554083885,0.535928143712575,0.242990654205607,0.519553072625698,0.060606060606061,0.000000000000000,0.000000000000000,0.000000000000000,0.000000000000000,0.000000000000000,0.000000000000000,0.000000000000000,0.000000000000000,0.000000000000000,0.000000000000000,0.000000000000000,0.000000000000000,0.000000000000000,0.000000000000000,0.000000000000000,0.000000000000000,0.000000000000000,0.000000000000000,0.000000000000000
2,6,51,0.003694418788758,0.028498181601383,0.039120234604106,0.063270726617340,0.109572784810127,0.107833333333333,0.242303872889772,0.245374653098982,0.257771664374140,0.316392934614193,0.327184128089105,0.407964242177976,0.484540448962304,0.619143576826196,0.431125131440589,0.505257009345794,0.530026109660574,0.575736325385694,0.704866562009419,0.927782497875956,0.504281636536632,0.510903426791277,0.777161862527716,0.766404199475066,0.722677595628415,0.513432835820895,0.591397849462366,0.532299741602067,0.236065573770492,0.420814479638009,0.088235294117647,2.241935483870970,0.000000000000000,0.000000000000000,0.000000000000000,0.000000000000000,0.000000000000000,0.000000000000000,0.000000000000000,0.000000000000000,0.000000000000000,0.000000000000000,0.000000000000000,0.000000000000000,0.000000000000000,0.000000000000000,0.000000000000000,0.000000000000000,0.000000000000000,0.000000000000000
2,6,52,0.005535759735302,0.016143540216825,0.038021259198692,0.078500363989323,0.112201297673683,0.159400544959128,0.216085047376936,0.231272132933805,0.422853651084632,0.277036048064085,0.323452157598499,0.293315743183817,0.367805334581189,0.480237154150198,0.759479343520090,0.676118462507877,0.583278902677988,0.806891600861450,0.637154150197628,0.629858657243816,0.731778425655977,0.875000000000000,0.669005847953216,0.679521276595745,0.551490514905149,0.719188767550702,0.586776859504132,0.485294117647059,0.957783641160950,0.645669291338583,0.229946524064171,0.566666666666667,0.023809523809524,0.000000000000000,0.000000000000000,0.000000000000000,0.000000000000000,0.000000000000000,0.000000000000000,0.000000000000000,0.000000000000000,0.000000000000000,0.000000000000000,0.000000000000000,0.000000000000000,0.000000000000000,0.000000000000000,0.000000000000000,0.000000000000000,0.000000000000000
2,6,53,0.003746304914098,0.026647398843931,0.054961832061069,0.070448070448070,0.084819925950858,0.176328502415459,0.179321872015282,0.237024701637524,0.276478232618584,0.366246498599440,0.373311502251330,0.551195308976094,0.468242245199409,0.631663113006397,0.650140845070423,0.776299112801014,0.622733612273361,0.478658536585366,0.526190476190476,0.841350210970464,0.811553030303030,0.494216614090431,0.415983606557377,0.913793103448276,0.572246065808298,0.811111111111111,0.564899451553931,0.420542635658915,0.276102088167053,0.628158844765343,0.305676855895196,0.641618497109827,0.889908256880734,0.000000000000000,0.000000000000000,0.000000000000000,0.000000000000000,0.000000000000000,0.000000000000000,0.000000000000000,0.000000000000000,0.000000000000000,0.000000000000000,0.000000000000000,0.000000000000000,0.000000000000000,0.000000000000000,0.000000000000000,0.000000000000000,0.000000000000000
2,6,54,0.003736353552455,0.022925235906122,0.047063638223859,0.074854449681176,0.115734265734266,0.197267646450010,0.180464411913175,0.202102803738318,0.300135961930659,0.231368186874305,0.327814569536424,0.402565367538234,0.571504518872940,0.586992773763202,0.584065244667503,0.621639784946237,0.656450463292944,0.574632637277649,1.029727497935590,0.980075901328273,0.605476673427992,0.883333333333333,0.467203682393556,1.059278350515460,0.543988269794721,0.317512274959083,0.484265734265734,0.757973733583490,0.806603773584906,0.501265822784810,0.130434782608696,0.853658536585366,0.181818181818182,0.404494382022472,2.222222222222220,0.000000000000000,0.000000000000000,0.000000000000000,0.000000000000000,0.000000000000000,0.000000000000000,0.000000000000000,0.000000000000000,0.000000000000000,0.000000000000000,0.000000000000000,0.000000000000000,0.000000000000000,0.000000000000000,0.000000000000000
2,6,55,0.002951950777110,0.025552641438741,0.041682173427614,0.089615449771303,0.119277885235332,0.160352187833511,0.212772585669782,0.223332144131288,0.393758016246259,0.423059255856684,0.307270916334661,0.408956982911019,0.373885350318471,0.525458248472505,0.755249818971760,0.532786885245902,0.701466781708369,0.555772994129158,0.739130434782609,0.599789915966387,0.920598388952819,0.752551020408163,0.780635400907716,0.873070325900515,0.593059936908517,0.647509578544061,0.603340292275574,0.358974358974359,0.687960687960688,0.570570570570571,0.314754098360656,0.457777777777778,0.981707317073171,0.166666666666667,0.638554216867470,0.000000000000000,0.000000000000000,0.000000000000000,0.000000000000000,0.000000000000000,0.000000000000000,0.000000000000000,0.000000000000000,0.000000000000000,0.000000000000000,0.000000000000000,0.000000000000000,0.000000000000000,0.000000000000000,0.000000000000000
2,6,56,0.003695491500370,0.012957262509843,0.049102927289896,0.078300504639427,0.105273631840796,0.151421065201815,0.149738508120011,0.345218800648298,0.281373322809787,0.326612903225806,0.476238119059530,0.331841074426413,0.262613981762918,0.439946914399469,0.600000000000000,0.421422986708366,0.653423499577346,0.527900797165633,0.426275992438563,0.901063829787234,0.802540415704388,0.443548387096774,0.647297297297297,0.749629629629630,0.783699059561129,0.703645007923930,0.692007797270955,0.568888888888889,0.815126050420168,0.725888324873096,0.739018087855297,0.562068965517241,0.354066985645933,0.260115606936416,0.380165289256198,0.216216216216216,0.000000000000000,0.000000000000000,0.000000000000000,0.000000000000000,0.000000000000000,0.000000000000000,0.000000000000000,0.000000000000000,0.000000000000000,0.000000000000000,0.000000000000000,0.000000000000000,0.000000000000000,0.000000000000000
2,6,57,0.002748007694422,0.028673070081821,0.042711121927476,0.056807362741987,0.075914149443561,0.118967988533206,0.103639899972215,0.164396887159533,0.235405610310842,0.289646133682831,0.272136068034017,0.376068376068376,0.459046454767726,0.441258741258741,0.650418888042650,0.489666136724960,0.637314734088928,0.628623188405797,0.476923076923077,0.643255295429208,0.729977116704805,0.641866330390921,0.625333333333333,0.590844062947067,0.606504065040650,0.767641996557659,0.554607508532423,0.338809034907598,0.418141592920354,0.971360381861575,0.479892761394102,0.667664670658683,0.201413427561837,0.497652582159624,0.903614457831325,0.798387096774194,0.073529411764706,0.000000000000000,0.000000000000000,0.000000000000000,0.000000000000000,0.000000000000000,0.000000000000000,0.000000000000000,0.000000000000000,0.000000000000000,0.000000000000000,0.000000000000000,0.000000000000000,0.000000000000000
2,6,58,0.004872955099199,0.026974640607333,0.041920126950542,0.053422961259508,0.071633871324342,0.106942317508933,0.176325524044390,0.250092081031308,0.277194456110878,0.241849148418491,0.275354703100368,0.570820668693009,0.332635983263598,0.447761194029851,0.351620947630923,0.559027777777778,0.485714285714286,0.474383301707780,0.632085561497326,0.513285024154589,0.489182692307692,0.740591397849462,0.760283687943262,0.712574850299401,0.592964824120603,0.519927536231884,0.648106904231626,0.519668737060041,0.478468899521531,0.416464891041162,0.821529745042493,0.456026058631922,0.711598746081505,0.797468354430380,1.013605442176870,0.592592592592593,0.854166666666667,1.130434782608700,0.000000000000000,0.000000000000000,0.000000000000000,0.000000000000000,0.000000000000000,0.000000000000000,0.000000000000000,0.000000000000000,0.000000000000000,0.000000000000000,0.000000000000000,0.000000000000000
2,6,59,0.003780800486724,0.022092612230470,0.045415838773772,0.051809523809524,0.078792167964143,0.106300305301138,0.141869651086241,0.165720771850170,0.170419426048565,0.191814595660750,0.278246205733558,0.321520618556701,0.397634885439763,0.358004827031376,0.630287648054145,0.417061611374408,0.655804480651731,0.785876993166287,0.918224299065421,0.609557109557110,0.692509855453351,0.572871572871573,0.766369047619048,0.496610169491525,0.452727272727273,0.696252465483235,0.785867237687366,0.754464285714286,0.934210526315789,0.682065217391304,0.953296703296703,0.328767123287671,0.935361216730038,0.835877862595420,0.858407079646018,0.173611111111111,0.632478632478632,0.900000000000000,1.368421052631580,0.000000000000000,0.000000000000000,0.000000000000000,0.000000000000000,0.000000000000000,0.000000000000000,0.000000000000000,0.000000000000000,0.000000000000000,0.000000000000000,0.000000000000000
2,6,60,0.004151999277913,0.020975232198142,0.037837837837838,0.041143857601401,0.066777408637874,0.104903301426060,0.097751057670897,0.096357530353914,0.162698412698413,0.189295039164491,0.157100809418690,0.202845528455285,0.292845257903494,0.330938697318008,0.294506612410987,0.353711790393013,0.392707710699343,0.531459987782529,0.666666666666667,0.759816753926702,0.600270087778528,0.603732950466619,0.731054977711738,0.770032051282051,0.627559055118110,0.555741827326069,1.000000000000000,0.808529155787641,0.524368231046931,0.477707006369427,0.688014638609332,0.728737690241719,0.572936660268714,0.559062218214608,0.644444444444444,0.559322033898305,0.433365292425695,0.497625830959164,0.613978494623656,0.545905707196030,0.386952998379254,0.000000000000000,0.000000000000000,0.000000000000000,0.000000000000000,0.000000000000000,0.000000000000000,0.000000000000000,0.000000000000000,0.000000000000000
2,6,61,0.004411093647011,0.016169455897809,0.026615969581749,0.047241826299870,0.067322903849534,0.069741491538032,0.088182632050134,0.096598286159439,0.154116612950483,0.203246753246753,0.225574712643678,0.285309591258600,0.288623284639221,0.201843317972350,0.329951948745328,0.375485302273988,0.473251028806584,0.475297060662914,0.581380208333333,0.731487443657437,0.765449438202247,0.698568198944989,0.785332314744079,0.761316872427984,0.561488673139159,0.757092198581560,0.730735163861825,0.689429373246024,0.519516728624535,0.837338262476895,0.738292011019284,0.750000000000000,0.611260053619303,0.638554216867470,0.708795900939368,0.471938775510204,0.641659311562224,0.402416356877323,0.667721518987342,0.279775280898876,0.404297652208516,0.000000000000000,0.000000000000000,0.000000000000000,0.000000000000000,0.000000000000000,0.000000000000000,0.000000000000000,0.000000000000000,0.000000000000000
2,6,62,0.004686517688747,0.019047619047619,0.029496155170435,0.031272210376688,0.059933774834437,0.038925113613910,0.069378484410489,0.154109589041096,0.166381278538813,0.101417322834646,0.210433556573846,0.255310621242485,0.230598669623060,0.218765192027224,0.370292887029289,0.469988674971687,0.435867672663958,0.601045296167247,0.627340823970037,0.776639344262295,0.677372262773723,0.519790888722928,0.924772036474164,0.609604957397366,0.491464510332435,0.516681695220920,0.776785714285714,0.561295971978984,0.733140655105973,0.602059925093633,0.947992700729927,0.488436632747456,0.953571428571429,0.431127012522361,0.542608695652174,0.508757297748123,0.542597187758478,0.594034797017398,0.569335937500000,0.475780409041981,0.422881686841078,0.000000000000000,0.000000000000000,0.000000000000000,0.000000000000000,0.000000000000000,0.000000000000000,0.000000000000000,0.000000000000000,0.000000000000000
2,6,63,0.004181184668990,0.015841223597961,0.028705330990041,0.032488986784141,0.069381362568520,0.079992777175876,0.062179355633080,0.072708113804004,0.138353309015112,0.178061831153389,0.128643216080402,0.178366762177650,0.244897959183673,0.408752735229759,0.334751773049645,0.405645582854156,0.542099792099792,0.522170361726955,0.519848771266541,0.508021390374332,0.440714285714286,0.750696378830084,0.732469512195122,0.791069924178602,0.738848337388483,0.738421955403088,0.834500875656743,0.782265144863916,0.768356643356643,0.628295254833040,0.343750000000000,0.587867975022301,0.944115156646909,0.526315789473684,0.806479859894921,0.609968354430380,0.466666666666667,0.654462242562929,0.751615881809788,0.682953311617807,0.491826581378820,0.187500000000000,0.000000000000000,0.000000000000000,0.000000000000000,0.000000000000000,0.000000000000000,0.000000000000000,0.000000000000000,0.000000000000000
2,6,64,0.004352643241532,0.017447393465158,0.027938090241343,0.041367170309520,0.054247856586126,0.057901300552289,0.094891984655764,0.065116279069767,0.111583184257603,0.177583286278938,0.143384822028207,0.219047619047619,0.270816491511722,0.278905560458959,0.379877762106253,0.438909281594127,0.560066740823137,0.479857819905213,0.579804560260586,0.552168021680217,0.561478322672353,0.787767133382461,0.539484621778886,0.478149100257069,0.718641114982578,0.779151943462898,1.017757009345790,0.820348304307974,0.604784688995215,1.031339031339030,0.962998102466793,0.623106060606061,0.759433962264151,0.705933682373473,0.617850953206239,0.565664556962025,0.563622170179547,0.613804437140509,0.603046594982079,0.423694779116466,0.468990825688073,0.000000000000000,1.090909090909090,0.000000000000000,0.000000000000000,0.000000000000000,0.000000000000000,0.000000000000000,0.000000000000000,0.000000000000000
2,6,65,0.006899525657611,0.019748653500898,0.016606498194946,0.014705882352941,0.016203703703704,0.069542253521127,0.093690248565966,0.090707964601770,0.097005988023952,0.076555023923445,0.217125382262997,0.167721518987342,0.378136200716846,0.303687635574837,0.336206896551724,0.276315789473684,0.218750000000000,0.242744063324538,0.520435967302452,0.395136778115502,0.662460567823344,1.192810457516340,0.566455696202532,0.744186046511628,0.445859872611465,0.306666666666667,1.098540145985400,0.629496402877698,0.121527777777778,0.724025974025974,0.569182389937107,0.975000000000000,0.684210526315789,0.583606557377049,0.235127478753541,0.504225352112676,0.726582278481013,0.527638190954774,0.408719346049046,1.070422535211270,0.374619289340102,2.964285714285710,0.000000000000000,0.120000000000000,1.500000000000000,2.259259259259260,0.000000000000000,0.000000000000000,0.000000000000000,0.000000000000000
2,6,66,0.000000000000000,0.004901960784314,0.036734693877551,0.033834586466165,0.036190476190476,0.027888446215139,0.227171492204900,0.042042042042042,0.049861495844875,0.062130177514793,0.177514792899408,0.143410852713178,0.263157894736842,0.388000000000000,0.738095238095238,1.070000000000000,0.489361702127660,1.329113924050630,0.763005780346821,0.187165775401070,0.525139664804469,0.810126582278481,0.685897435897436,0.012987012987013,0.574585635359116,0.614457831325301,0.180722891566265,0.547826086956522,0.212328767123288,0.311475409836066,0.725490196078431,0.629411764705882,0.702127659574468,0.457711442786070,0.271889400921659,0.156250000000000,0.350785340314136,0.383141762452107,0.464454976303318,0.261261261261261,0.278947368421053,0.230769230769231,0.000000000000000,0.000000000000000,3.136363636363640,0.000000000000000,0.000000000000000,0.000000000000000,0.000000000000000,0.000000000000000
2,6,67,0.001769911504425,0.051344743276284,0.034985422740525,0.025477707006369,0.026525198938992,0.000000000000000,0.000000000000000,0.067524115755627,0.050595238095238,0.038610038610039,0.116731517509728,0.000000000000000,0.000000000000000,0.116959064327485,0.396103896103896,0.789115646258503,0.394366197183099,0.635658914728682,0.527559055118110,0.527131782945736,0.440000000000000,0.777777777777778,0.223880597014925,0.794392523364486,0.388888888888889,0.082568807339450,0.234375000000000,0.752066115702479,0.554794520547945,0.491803278688525,0.275862068965517,0.568181818181818,0.020833333333333,0.191082802547771,0.000000000000000,0.723163841807910,0.295652173913043,0.401015228426396,0.585106382978723,0.317307692307692,0.134883720930233,3.166666666666670,1.500000000000000,0.000000000000000,1.888888888888890,0.000000000000000,0.000000000000000,0.000000000000000,0.000000000000000,0.000000000000000
2,6,68,0.000000000000000,0.000000000000000,0.000000000000000,0.098958333333333,0.000000000000000,0.000000000000000,0.000000000000000,0.000000000000000,0.035000000000000,0.065326633165829,0.382978723404255,0.130718954248366,0.179190751445087,0.097014925373134,0.057851239669422,0.028846153846154,0.161616161616162,0.252525252525253,1.341463414634150,0.230769230769231,1.310344827586210,0.020000000000000,0.195652173913043,0.272727272727273,0.151898734177215,0.154639175257732,0.351351351351351,0.191489361702128,0.320000000000000,0.010204081632653,0.315217391304348,0.268907563025210,0.316666666666667,0.513043478260870,0.550000000000000,0.006578947368421,0.195402298850575,0.535135135135135,0.277108433734940,0.189473684210526,0.243750000000000,0.000000000000000,0.000000000000000,0.578947368421053,1.750000000000000,0.000000000000000,0.000000000000000,0.000000000000000,0.000000000000000,0.000000000000000
2,6,69,0.000000000000000,0.000000000000000,0.013422818791946,0.055944055944056,0.200000000000000,0.000000000000000,0.092307692307692,0.248275862068966,0.000000000000000,0.000000000000000,0.000000000000000,0.000000000000000,0.000000000000000,0.000000000000000,0.122448979591837,0.000000000000000,0.857142857142857,0.735849056603774,0.000000000000000,0.602941176470588,0.333333333333333,0.073529411764706,0.786666666666667,0.000000000000000,0.000000000000000,0.264705882352941,0.146341463414634,0.716417910447761,0.074626865671642,0.589743589743590,0.858585858585859,0.000000000000000,0.806451612903226,0.229885057471264,0.141891891891892,0.669421487603306,0.296000000000000,0.066225165562914,0.178160919540230,0.143835616438356,0.114093959731544,0.000000000000000,0.000000000000000,0.500000000000000,0.000000000000000,3.125000000000000,0.000000000000000,0.000000000000000,0.000000000000000,0.000000000000000
2,7,20,0.000000000000000,0.000000000000000,0.000000000000000,0.000000000000000,0.000000000000000,0.000000000000000,0.000000000000000,0.000000000000000,0.000000000000000,0.000000000000000,0.000000000000000,0.000000000000000,0.000000000000000,0.000000000000000,0.000000000000000,0.000000000000000,0.000000000000000,0.000000000000000,0.000000000000000,0.000000000000000,0.000000000000000,0.000000000000000,0.000000000000000,0.000000000000000,0.000000000000000,0.000000000000000,0.000000000000000,0.000000000000000,0.000000000000000,0.000000000000000,0.000000000000000,0.000000000000000,0.000000000000000,0.000000000000000,0.000000000000000,0.000000000000000,0.000000000000000,0.000000000000000,0.000000000000000,0.000000000000000,0.000000000000000,0.000000000000000,0.000000000000000,0.000000000000000,0.000000000000000,0.000000000000000,0.000000000000000,0.000000000000000,0.000000000000000,0.000000000000000
2,7,21,0.000000000000000,0.000000000000000,0.000000000000000,0.000000000000000,0.000000000000000,0.000000000000000,0.000000000000000,0.000000000000000,0.000000000000000,0.000000000000000,0.000000000000000,0.000000000000000,0.000000000000000,0.000000000000000,0.000000000000000,0.000000000000000,0.000000000000000,0.000000000000000,0.000000000000000,0.000000000000000,0.000000000000000,0.000000000000000,0.000000000000000,0.000000000000000,0.000000000000000,0.000000000000000,0.000000000000000,0.000000000000000,0.000000000000000,0.000000000000000,0.000000000000000,0.000000000000000,0.000000000000000,0.000000000000000,0.000000000000000,0.000000000000000,0.000000000000000,0.000000000000000,0.000000000000000,0.000000000000000,0.000000000000000,0.000000000000000,0.000000000000000,0.000000000000000,0.000000000000000,0.000000000000000,0.000000000000000,0.000000000000000,0.000000000000000,0.000000000000000
2,7,22,0.000000000000000,0.000000000000000,0.000000000000000,0.000000000000000,0.000000000000000,0.000000000000000,0.000000000000000,0.000000000000000,0.000000000000000,0.000000000000000,0.000000000000000,0.000000000000000,0.000000000000000,0.000000000000000,0.000000000000000,0.000000000000000,0.000000000000000,0.000000000000000,0.000000000000000,0.000000000000000,0.000000000000000,0.000000000000000,0.000000000000000,0.000000000000000,0.000000000000000,0.000000000000000,0.000000000000000,0.000000000000000,0.000000000000000,0.000000000000000,0.000000000000000,0.000000000000000,0.000000000000000,0.000000000000000,0.000000000000000,0.000000000000000,0.000000000000000,0.000000000000000,0.000000000000000,0.000000000000000,0.000000000000000,0.000000000000000,0.000000000000000,0.000000000000000,0.000000000000000,0.000000000000000,0.000000000000000,0.000000000000000,0.000000000000000,0.000000000000000
2,7,23,0.000000000000000,0.000000000000000,0.000000000000000,0.000000000000000,0.000000000000000,0.000000000000000,0.000000000000000,0.000000000000000,0.000000000000000,0.000000000000000,0.000000000000000,0.000000000000000,0.000000000000000,0.000000000000000,0.000000000000000,0.000000000000000,0.000000000000000,0.000000000000000,0.000000000000000,0.000000000000000,0.000000000000000,0.000000000000000,0.000000000000000,0.000000000000000,0.000000000000000,0.000000000000000,0.000000000000000,0.000000000000000,0.000000000000000,0.000000000000000,0.000000000000000,0.000000000000000,0.000000000000000,0.000000000000000,0.000000000000000,0.000000000000000,0.000000000000000,0.000000000000000,0.000000000000000,0.000000000000000,0.000000000000000,0.000000000000000,0.000000000000000,0.000000000000000,0.000000000000000,0.000000000000000,0.000000000000000,0.000000000000000,0.000000000000000,0.000000000000000
2,7,24,0.000000000000000,0.000000000000000,0.000000000000000,0.000000000000000,0.000000000000000,0.000000000000000,0.000000000000000,0.000000000000000,0.000000000000000,0.000000000000000,0.000000000000000,0.000000000000000,0.000000000000000,0.000000000000000,0.000000000000000,0.000000000000000,0.000000000000000,0.000000000000000,0.000000000000000,0.000000000000000,0.000000000000000,0.000000000000000,0.000000000000000,0.000000000000000,0.000000000000000,0.000000000000000,0.000000000000000,0.000000000000000,0.000000000000000,0.000000000000000,0.000000000000000,0.000000000000000,0.000000000000000,0.000000000000000,0.000000000000000,0.000000000000000,0.000000000000000,0.000000000000000,0.000000000000000,0.000000000000000,0.000000000000000,0.000000000000000,0.000000000000000,0.000000000000000,0.000000000000000,0.000000000000000,0.000000000000000,0.000000000000000,0.000000000000000,0.000000000000000
2,7,25,0.000000000000000,0.000000000000000,0.000000000000000,0.000000000000000,0.000000000000000,0.000000000000000,0.000000000000000,0.000000000000000,0.000000000000000,0.000000000000000,0.000000000000000,0.000000000000000,0.000000000000000,0.000000000000000,0.000000000000000,0.000000000000000,0.000000000000000,0.000000000000000,0.000000000000000,0.000000000000000,0.000000000000000,0.000000000000000,0.000000000000000,0.000000000000000,0.000000000000000,0.000000000000000,0.000000000000000,0.000000000000000,0.000000000000000,0.000000000000000,0.000000000000000,0.000000000000000,0.000000000000000,0.000000000000000,0.000000000000000,0.000000000000000,0.000000000000000,0.000000000000000,0.000000000000000,0.000000000000000,0.000000000000000,0.000000000000000,0.000000000000000,0.000000000000000,0.000000000000000,0.000000000000000,0.000000000000000,0.000000000000000,0.000000000000000,0.000000000000000
2,7,26,0.000000000000000,0.000000000000000,0.000000000000000,0.000000000000000,0.000000000000000,0.000000000000000,0.000000000000000,0.000000000000000,0.000000000000000,0.000000000000000,0.000000000000000,0.000000000000000,0.000000000000000,0.000000000000000,0.000000000000000,0.000000000000000,0.000000000000000,0.000000000000000,0.000000000000000,0.000000000000000,0.000000000000000,0.000000000000000,0.000000000000000,0.000000000000000,0.000000000000000,0.000000000000000,0.000000000000000,0.000000000000000,0.000000000000000,0.000000000000000,0.000000000000000,0.000000000000000,0.000000000000000,0.000000000000000,0.000000000000000,0.000000000000000,0.000000000000000,0.000000000000000,0.000000000000000,0.000000000000000,0.000000000000000,0.000000000000000,0.000000000000000,0.000000000000000,0.000000000000000,0.000000000000000,0.000000000000000,0.000000000000000,0.000000000000000,0.000000000000000
2,7,27,0.000000000000000,0.000000000000000,0.000000000000000,0.000000000000000,0.000000000000000,0.000000000000000,0.000000000000000,0.000000000000000,0.000000000000000,0.000000000000000,0.000000000000000,0.000000000000000,0.000000000000000,0.000000000000000,0.000000000000000,0.000000000000000,0.000000000000000,0.000000000000000,0.000000000000000,0.000000000000000,0.000000000000000,0.000000000000000,0.000000000000000,0.000000000000000,0.000000000000000,0.000000000000000,0.000000000000000,0.000000000000000,0.000000000000000,0.000000000000000,0.000000000000000,0.000000000000000,0.000000000000000,0.000000000000000,0.000000000000000,0.000000000000000,0.000000000000000,0.000000000000000,0.000000000000000,0.000000000000000,0.000000000000000,0.000000000000000,0.000000000000000,0.000000000000000,0.000000000000000,0.000000000000000,0.000000000000000,0.000000000000000,0.000000000000000,0.000000000000000
2,7,28,0.000000000000000,0.000000000000000,0.000000000000000,0.000000000000000,0.000000000000000,0.000000000000000,0.000000000000000,0.000000000000000,0.000000000000000,0.000000000000000,0.000000000000000,0.000000000000000,0.000000000000000,0.000000000000000,0.000000000000000,0.000000000000000,0.000000000000000,0.000000000000000,0.000000000000000,0.000000000000000,0.000000000000000,0.000000000000000,0.000000000000000,0.000000000000000,0.000000000000000,0.000000000000000,0.000000000000000,0.000000000000000,0.000000000000000,0.000000000000000,0.000000000000000,0.000000000000000,0.000000000000000,0.000000000000000,0.000000000000000,0.000000000000000,0.000000000000000,0.000000000000000,0.000000000000000,0.000000000000000,0.000000000000000,0.000000000000000,0.000000000000000,0.000000000000000,0.000000000000000,0.000000000000000,0.000000000000000,0.000000000000000,0.000000000000000,0.000000000000000
2,7,29,0.000000000000000,0.000000000000000,0.000000000000000,0.000000000000000,0.000000000000000,0.000000000000000,0.000000000000000,0.000000000000000,0.000000000000000,0.000000000000000,0.000000000000000,0.000000000000000,0.000000000000000,0.000000000000000,0.000000000000000,0.000000000000000,0.000000000000000,0.000000000000000,0.000000000000000,0.000000000000000,0.000000000000000,0.000000000000000,0.000000000000000,0.000000000000000,0.000000000000000,0.000000000000000,0.000000000000000,0.000000000000000,0.000000000000000,0.000000000000000,0.000000000000000,0.000000000000000,0.000000000000000,0.000000000000000,0.000000000000000,0.000000000000000,0.000000000000000,0.000000000000000,0.000000000000000,0.000000000000000,0.000000000000000,0.000000000000000,0.000000000000000,0.000000000000000,0.000000000000000,0.000000000000000,0.000000000000000,0.000000000000000,0.000000000000000,0.000000000000000
2,7,30,0.000000000000000,0.000000000000000,0.000000000000000,0.000000000000000,0.000000000000000,0.000000000000000,0.000000000000000,0.000000000000000,0.000000000000000,0.000000000000000,0.000000000000000,0.000000000000000,0.000000000000000,0.000000000000000,0.000000000000000,0.000000000000000,0.000000000000000,0.000000000000000,0.000000000000000,0.000000000000000,0.000000000000000,0.000000000000000,0.000000000000000,0.000000000000000,0.000000000000000,0.000000000000000,0.000000000000000,0.000000000000000,0.000000000000000,0.000000000000000,0.000000000000000,0.000000000000000,0.000000000000000,0.000000000000000,0.000000000000000,0.000000000000000,0.000000000000000,0.000000000000000,0.000000000000000,0.000000000000000,0.000000000000000,0.000000000000000,0.000000000000000,0.000000000000000,0.000000000000000,0.000000000000000,0.000000000000000,0.000000000000000,0.000000000000000,0.000000000000000
2,7,31,0.000000000000000,0.000000000000000,0.000000000000000,0.000000000000000,0.000000000000000,0.000000000000000,0.000000000000000,0.000000000000000,0.000000000000000,0.000000000000000,0.000000000000000,0.000000000000000,0.000000000000000,0.000000000000000,0.000000000000000,0.000000000000000,0.000000000000000,0.000000000000000,0.000000000000000,0.000000000000000,0.000000000000000,0.000000000000000,0.000000000000000,0.000000000000000,0.000000000000000,0.000000000000000,0.000000000000000,0.000000000000000,0.000000000000000,0.000000000000000,0.000000000000000,0.000000000000000,0.000000000000000,0.000000000000000,0.000000000000000,0.000000000000000,0.000000000000000,0.000000000000000,0.000000000000000,0.000000000000000,0.000000000000000,0.000000000000000,0.000000000000000,0.000000000000000,0.000000000000000,0.000000000000000,0.000000000000000,0.000000000000000,0.000000000000000,0.000000000000000
2,7,32,0.000000000000000,0.000000000000000,0.000000000000000,0.000000000000000,0.000000000000000,0.000000000000000,0.000000000000000,0.000000000000000,0.000000000000000,0.000000000000000,0.000000000000000,0.000000000000000,0.000000000000000,0.000000000000000,0.000000000000000,0.000000000000000,0.000000000000000,0.000000000000000,0.000000000000000,0.000000000000000,0.000000000000000,0.000000000000000,0.000000000000000,0.000000000000000,0.000000000000000,0.000000000000000,0.000000000000000,0.000000000000000,0.000000000000000,0.000000000000000,0.000000000000000,0.000000000000000,0.000000000000000,0.000000000000000,0.000000000000000,0.000000000000000,0.000000000000000,0.000000000000000,0.000000000000000,0.000000000000000,0.000000000000000,0.000000000000000,0.000000000000000,0.000000000000000,0.000000000000000,0.000000000000000,0.000000000000000,0.000000000000000,0.000000000000000,0.000000000000000
2,7,33,0.000763941940413,0.001715800967088,0.000196055366035,0.000244230064721,0.000654940119760,0.001387154945207,0.000971439673596,0.000000000000000,0.001371742112483,0.003358925143954,0.007722007722008,0.002895752895753,0.002911208151383,0.000000000000000,0.000000000000000,0.000000000000000,0.000000000000000,0.000000000000000,0.000000000000000,0.000000000000000,0.000000000000000,0.000000000000000,0.000000000000000,0.000000000000000,0.000000000000000,0.000000000000000,0.000000000000000,0.000000000000000,0.000000000000000,0.000000000000000,0.000000000000000,0.000000000000000,0.000000000000000,0.000000000000000,0.000000000000000,0.000000000000000,0.000000000000000,0.000000000000000,0.000000000000000,0.000000000000000,0.000000000000000,0.000000000000000,0.000000000000000,0.000000000000000,0.000000000000000,0.000000000000000,0.000000000000000,0.000000000000000,0.000000000000000,0.000000000000000
2,7,34,0.001644300641808,0.002512005910602,0.001265461076867,0.001793222854316,0.004570122822051,0.002571737953438,0.005178365937860,0.008112094395280,0.002732240437158,0.005244050020169,0.011686143572621,0.000000000000000,0.010273972602740,0.018927444794953,0.000000000000000,0.000000000000000,0.000000000000000,0.000000000000000,0.000000000000000,0.000000000000000,0.000000000000000,0.000000000000000,0.000000000000000,0.000000000000000,0.000000000000000,0.000000000000000,0.000000000000000,0.000000000000000,0.000000000000000,0.000000000000000,0.000000000000000,0.000000000000000,0.000000000000000,0.000000000000000,0.000000000000000,0.000000000000000,0.000000000000000,0.000000000000000,0.000000000000000,0.000000000000000,0.000000000000000,0.000000000000000,0.000000000000000,0.000000000000000,0.000000000000000,0.000000000000000,0.000000000000000,0.000000000000000,0.000000000000000,0.000000000000000
2,7,35,0.001524470377964,0.006378935939197,0.004207081921234,0.005583047836569,0.003503348789284,0.013821024710317,0.010576015108593,0.015632633121641,0.018343014368695,0.023198594024605,0.028867839422643,0.000000000000000,0.024888888888889,0.036585365853659,0.044982698961938,0.000000000000000,0.000000000000000,0.000000000000000,0.000000000000000,0.000000000000000,0.000000000000000,0.000000000000000,0.000000000000000,0.000000000000000,0.000000000000000,0.000000000000000,0.000000000000000,0.000000000000000,0.000000000000000,0.000000000000000,0.000000000000000,0.000000000000000,0.000000000000000,0.000000000000000,0.000000000000000,0.000000000000000,0.000000000000000,0.000000000000000,0.000000000000000,0.000000000000000,0.000000000000000,0.000000000000000,0.000000000000000,0.000000000000000,0.000000000000000,0.000000000000000,0.000000000000000,0.000000000000000,0.000000000000000,0.000000000000000
2,7,36,0.001563595190597,0.002973044397463,0.005676333166004,0.009547255914495,0.016435279706003,0.007459474967723,0.016597510373444,0.013160932809975,0.009361702127660,0.013819985825656,0.025705857564265,0.044467972472208,0.024122807017544,0.026897214217099,0.005340453938585,0.023032629558541,0.030769230769231,0.000000000000000,0.000000000000000,0.000000000000000,0.000000000000000,0.000000000000000,0.000000000000000,0.000000000000000,0.000000000000000,0.000000000000000,0.000000000000000,0.000000000000000,0.000000000000000,0.000000000000000,0.000000000000000,0.000000000000000,0.000000000000000,0.000000000000000,0.000000000000000,0.000000000000000,0.000000000000000,0.000000000000000,0.000000000000000,0.000000000000000,0.000000000000000,0.000000000000000,0.000000000000000,0.000000000000000,0.000000000000000,0.000000000000000,0.000000000000000,0.000000000000000,0.000000000000000,0.000000000000000
2,7,37,0.001236788846413,0.005305561013952,0.003120425302412,0.006743576882350,0.006255924170616,0.023978201634877,0.012765158625868,0.019935095039407,0.022465753424658,0.037673496364838,0.020531400966184,0.035665294924554,0.049808429118774,0.036947791164659,0.036772216547497,0.046783625730994,0.000000000000000,0.209302325581395,0.000000000000000,0.000000000000000,0.000000000000000,0.000000000000000,0.000000000000000,0.000000000000000,0.000000000000000,0.000000000000000,0.000000000000000,0.000000000000000,0.000000000000000,0.000000000000000,0.000000000000000,0.000000000000000,0.000000000000000,0.000000000000000,0.000000000000000,0.000000000000000,0.000000000000000,0.000000000000000,0.000000000000000,0.000000000000000,0.000000000000000,0.000000000000000,0.000000000000000,0.000000000000000,0.000000000000000,0.000000000000000,0.000000000000000,0.000000000000000,0.000000000000000,0.000000000000000
2,7,38,0.002084418968213,0.004900039200314,0.002748456482772,0.007207401032702,0.017103566824237,0.032233209194812,0.019272334293948,0.019697964543664,0.025387493319081,0.062639821029083,0.033003300330033,0.035909090909091,0.026856240126382,0.031756318859365,0.036906854130053,0.024390243902439,0.000000000000000,0.009569377990431,0.000000000000000,0.000000000000000,0.000000000000000,0.000000000000000,0.000000000000000,0.000000000000000,0.000000000000000,0.000000000000000,0.000000000000000,0.000000000000000,0.000000000000000,0.000000000000000,0.000000000000000,0.000000000000000,0.000000000000000,0.000000000000000,0.000000000000000,0.000000000000000,0.000000000000000,0.000000000000000,0.000000000000000,0.000000000000000,0.000000000000000,0.000000000000000,0.000000000000000,0.000000000000000,0.000000000000000,0.000000000000000,0.000000000000000,0.000000000000000,0.000000000000000,0.000000000000000
2,7,39,0.000286878191520,0.002928734136023,0.003495013212855,0.006442376521117,0.005307764746169,0.021411192214112,0.025294821398052,0.041749066139310,0.039382650345929,0.052663808940600,0.080000000000000,0.032427695004382,0.061119671289163,0.014880952380952,0.018646408839779,0.038461538461539,0.074468085106383,0.009157509157509,0.059553349875931,0.057692307692308,0.000000000000000,0.000000000000000,0.000000000000000,0.000000000000000,0.000000000000000,0.000000000000000,0.000000000000000,0.000000000000000,0.000000000000000,0.000000000000000,0.000000000000000,0.000000000000000,0.000000000000000,0.000000000000000,0.000000000000000,0.000000000000000,0.000000000000000,0.000000000000000,0.000000000000000,0.000000000000000,0.000000000000000,0.000000000000000,0.000000000000000,0.000000000000000,0.000000000000000,0.000000000000000,0.000000000000000,0.000000000000000,0.000000000000000,0.000000000000000
2,7,40,0.002289639381797,0.005385064555894,0.003713041485217,0.005745145352177,0.009135864554522,0.011770189954551,0.035361580121058,0.036398064380391,0.031241583625101,0.044362908605737,0.058152793614595,0.034838709677419,0.063266307013242,0.033740546829552,0.054001301236174,0.018912529550827,0.000000000000000,0.021505376344086,0.021696252465483,0.060686015831135,0.067669172932331,0.000000000000000,0.000000000000000,0.000000000000000,0.000000000000000,0.000000000000000,0.000000000000000,0.000000000000000,0.000000000000000,0.000000000000000,0.000000000000000,0.000000000000000,0.000000000000000,0.000000000000000,0.000000000000000,0.000000000000000,0.000000000000000,0.000000000000000,0.000000000000000,0.000000000000000,0.000000000000000,0.000000000000000,0.000000000000000,0.000000000000000,0.000000000000000,0.000000000000000,0.000000000000000,0.000000000000000,0.000000000000000,0.000000000000000
2,7,41,0.001211253647525,0.002243445932953,0.003669724770642,0.005594239123966,0.006295274232494,0.019678621332091,0.019700671960904,0.024141315014720,0.044091710758377,0.044140503574759,0.029390934844193,0.071184995737425,0.059665871121718,0.068789084707220,0.029532967032967,0.027472527472528,0.036073825503356,0.021301775147929,0.034536891679749,0.013043478260870,0.087087087087087,0.020979020979021,0.000000000000000,0.000000000000000,0.000000000000000,0.000000000000000,0.000000000000000,0.000000000000000,0.000000000000000,0.000000000000000,0.000000000000000,0.000000000000000,0.000000000000000,0.000000000000000,0.000000000000000,0.000000000000000,0.000000000000000,0.000000000000000,0.000000000000000,0.000000000000000,0.000000000000000,0.000000000000000,0.000000000000000,0.000000000000000,0.000000000000000,0.000000000000000,0.000000000000000,0.000000000000000,0.000000000000000,0.000000000000000
2,7,42,0.001792114695341,0.003534401508011,0.003964134025484,0.007779597566682,0.006821518003627,0.010819521178637,0.013210039630119,0.007610915166141,0.032124827902708,0.050427602477145,0.058844381425027,0.058728230052653,0.064330292846856,0.065782493368700,0.045538461538462,0.079344262295082,0.022239263803681,0.057620817843866,0.042394014962594,0.000000000000000,0.026845637583893,0.000000000000000,0.084112149532710,0.000000000000000,0.000000000000000,0.000000000000000,0.000000000000000,0.000000000000000,0.000000000000000,0.000000000000000,0.000000000000000,0.000000000000000,0.000000000000000,0.000000000000000,0.000000000000000,0.000000000000000,0.000000000000000,0.000000000000000,0.000000000000000,0.000000000000000,0.000000000000000,0.000000000000000,0.000000000000000,0.000000000000000,0.000000000000000,0.000000000000000,0.000000000000000,0.000000000000000,0.000000000000000,0.000000000000000
2,7,43,0.001501125844383,0.002681114896945,0.003442758085633,0.001675622580459,0.009215421034833,0.012852880422309,0.014275202354673,0.019287288758266,0.023549934583515,0.035197817189632,0.014665757162347,0.045400238948626,0.029147982062780,0.045364891518738,0.039458850056370,0.041392904073587,0.029017857142857,0.050335570469799,0.031217481789802,0.034106412005457,0.108247422680412,0.085427135678392,0.000000000000000,0.000000000000000,0.000000000000000,0.000000000000000,0.000000000000000,0.000000000000000,0.000000000000000,0.000000000000000,0.000000000000000,0.000000000000000,0.000000000000000,0.000000000000000,0.000000000000000,0.000000000000000,0.000000000000000,0.000000000000000,0.000000000000000,0.000000000000000,0.000000000000000,0.000000000000000,0.000000000000000,0.000000000000000,0.000000000000000,0.000000000000000,0.000000000000000,0.000000000000000,0.000000000000000,0.000000000000000
2,7,44,0.001318121903550,0.003386732609397,0.003136512994125,0.005515137291716,0.005675561202880,0.016786007747388,0.018457382953181,0.027252502780868,0.019820971867008,0.040102171136654,0.040771175726928,0.067286245353160,0.104267487901452,0.074055415617129,0.076702919290212,0.056627255756067,0.056784660766962,0.064336775218427,0.044280442804428,0.019791666666667,0.080808080808081,0.019493177387914,0.067567567567568,0.000000000000000,0.017699115044248,0.000000000000000,0.000000000000000,0.000000000000000,0.000000000000000,0.000000000000000,0.000000000000000,0.000000000000000,0.000000000000000,0.000000000000000,0.000000000000000,0.000000000000000,0.000000000000000,0.000000000000000,0.000000000000000,0.000000000000000,0.000000000000000,0.000000000000000,0.000000000000000,0.000000000000000,0.000000000000000,0.000000000000000,0.000000000000000,0.000000000000000,0.000000000000000,0.000000000000000
2,7,45,0.001917014569311,0.005197505197505,0.004734458624949,0.012204796485019,0.007340090877316,0.019034917555771,0.013273653341565,0.011909192407890,0.016603096253085,0.033251567184519,0.029593094944513,0.073938506588580,0.076133447390932,0.045634920634921,0.060109289617486,0.094117647058824,0.057678943710910,0.095546558704453,0.061717352415027,0.022988505747126,0.058823529411765,0.094155844155844,0.018292682926829,0.006116207951070,0.000000000000000,0.089887640449438,0.000000000000000,0.000000000000000,0.000000000000000,0.000000000000000,0.000000000000000,0.000000000000000,0.000000000000000,0.000000000000000,0.000000000000000,0.000000000000000,0.000000000000000,0.000000000000000,0.000000000000000,0.000000000000000,0.000000000000000,0.000000000000000,0.000000000000000,0.000000000000000,0.000000000000000,0.000000000000000,0.000000000000000,0.000000000000000,0.000000000000000,0.000000000000000
2,7,46,0.001814432989691,0.004145077720207,0.004730035726866,0.005018103283999,0.011633232573051,0.014887126296522,0.026415094339623,0.022281470196153,0.028699551569507,0.018654755648975,0.046684507879869,0.029645697758496,0.058013355592654,0.056451612903226,0.048290830168204,0.041514041514042,0.071623465211460,0.050911854103344,0.030303030303030,0.060311284046693,0.050976138828633,0.061923583662714,0.035647279549719,0.050970873786408,0.009230769230769,0.000000000000000,0.000000000000000,0.000000000000000,0.000000000000000,0.000000000000000,0.000000000000000,0.000000000000000,0.000000000000000,0.000000000000000,0.000000000000000,0.000000000000000,0.000000000000000,0.000000000000000,0.000000000000000,0.000000000000000,0.000000000000000,0.000000000000000,0.000000000000000,0.000000000000000,0.000000000000000,0.000000000000000,0.000000000000000,0.000000000000000,0.000000000000000,0.000000000000000
2,7,47,0.001775326735665,0.003507385268982,0.005760776188792,0.006359300476948,0.006642679213950,0.009507762666988,0.012272727272727,0.026615969581749,0.032489356934797,0.045477903391573,0.027130639929224,0.024769992922859,0.055705996131528,0.087996389891697,0.072211155378486,0.035158501440922,0.051932367149759,0.038869257950530,0.085106382978723,0.040506329113924,0.042190305206463,0.019895287958115,0.048582995951417,0.034136546184739,0.021691973969631,0.000000000000000,0.043062200956938,0.159090909090909,0.000000000000000,0.000000000000000,0.000000000000000,0.000000000000000,0.000000000000000,0.000000000000000,0.000000000000000,0.000000000000000,0.000000000000000,0.000000000000000,0.000000000000000,0.000000000000000,0.000000000000000,0.000000000000000,0.000000000000000,0.000000000000000,0.000000000000000,0.000000000000000,0.000000000000000,0.000000000000000,0.000000000000000,0.000000000000000
2,7,48,0.002364148385078,0.001944957697170,0.002246821569487,0.003617945007236,0.006358111266947,0.009385033341566,0.014800818768698,0.020837209302326,0.023592254618295,0.038340336134454,0.037127206329884,0.041138155639356,0.070842654735272,0.020249892287807,0.016965584100824,0.065228826933193,0.058258258258258,0.063961485557084,0.046643109540636,0.043297252289759,0.031616982836495,0.030271398747390,0.042669584245077,0.043010752688172,0.077393075356416,0.076252723311547,0.070945945945946,0.039301310043668,0.000000000000000,0.000000000000000,0.000000000000000,0.000000000000000,0.000000000000000,0.000000000000000,0.000000000000000,0.000000000000000,0.000000000000000,0.000000000000000,0.000000000000000,0.000000000000000,0.000000000000000,0.000000000000000,0.000000000000000,0.000000000000000,0.000000000000000,0.000000000000000,0.000000000000000,0.000000000000000,0.000000000000000,0.000000000000000
2,7,49,0.001380534464057,0.004003515281711,0.003062344716011,0.004765687053217,0.010850999698583,0.011368142762723,0.020847121111847,0.009246231155779,0.033356337704164,0.026056899760702,0.011281729865246,0.021867407150295,0.048151001540832,0.023883237505529,0.058005752636625,0.019083969465649,0.043949428055388,0.049822064056940,0.063623789764869,0.062307692307692,0.047047970479705,0.014846235418876,0.050810810810811,0.044594594594595,0.071005917159763,0.010570824524313,0.116389548693587,0.102127659574468,0.068181818181818,0.000000000000000,0.000000000000000,0.000000000000000,0.000000000000000,0.000000000000000,0.000000000000000,0.000000000000000,0.000000000000000,0.000000000000000,0.000000000000000,0.000000000000000,0.000000000000000,0.000000000000000,0.000000000000000,0.000000000000000,0.000000000000000,0.000000000000000,0.000000000000000,0.000000000000000,0.000000000000000,0.000000000000000
2,7,50,0.000461057138152,0.002331238597203,0.003484746591673,0.002061383417316,0.008316008316008,0.007612066535100,0.011328527291452,0.014498933901919,0.013022113022113,0.020022560631698,0.020994832041344,0.017487508922198,0.034468937875752,0.026315789473684,0.026192703461179,0.035388739946381,0.032439176543980,0.041666666666667,0.061986557132188,0.062948207171315,0.042961608775137,0.049049049049049,0.015334063526835,0.058047493403694,0.074263764404610,0.020086083213773,0.035320088300221,0.068862275449102,0.116822429906542,0.000000000000000,0.000000000000000,0.000000000000000,0.000000000000000,0.000000000000000,0.000000000000000,0.000000000000000,0.000000000000000,0.000000000000000,0.000000000000000,0.000000000000000,0.000000000000000,0.000000000000000,0.000000000000000,0.000000000000000,0.000000000000000,0.000000000000000,0.000000000000000,0.000000000000000,0.000000000000000,0.000000000000000
2,7,51,0.000725689404935,0.003815656113993,0.001583577712610,0.005501802314551,0.015163502109705,0.008000000000000,0.009136047666336,0.034921369102683,0.022008253094911,0.015804152463589,0.043856595892795,0.035757822023568,0.051249470563321,0.057934508816121,0.023133543638276,0.019275700934579,0.037859007832898,0.051192145862553,0.052590266875981,0.076465590484282,0.072312083729781,0.000000000000000,0.041019955654102,0.140419947506562,0.062841530054645,0.041791044776119,0.025089605734767,0.028423772609819,0.000000000000000,0.000000000000000,0.000000000000000,0.000000000000000,0.000000000000000,0.000000000000000,0.000000000000000,0.000000000000000,0.000000000000000,0.000000000000000,0.000000000000000,0.000000000000000,0.000000000000000,0.000000000000000,0.000000000000000,0.000000000000000,0.000000000000000,0.000000000000000,0.000000000000000,0.000000000000000,0.000000000000000,0.000000000000000
2,7,52,0.000604479511326,0.002367088008332,0.000735895339330,0.005459839844698,0.011394207944295,0.010120669521215,0.014097527155073,0.011713429583220,0.016498625114574,0.030040053404539,0.007129455909944,0.028144239226033,0.025737014506317,0.038043478260870,0.023769100169779,0.040327662255829,0.055519268451992,0.053122756640345,0.090909090909091,0.026501766784452,0.053449951409135,0.084782608695652,0.081871345029240,0.038563829787234,0.016260162601626,0.032761310452418,0.014876033057851,0.006302521008403,0.087071240105541,0.066929133858268,0.122994652406417,0.050000000000000,0.000000000000000,0.000000000000000,0.000000000000000,0.000000000000000,0.000000000000000,0.000000000000000,0.000000000000000,0.000000000000000,0.000000000000000,0.000000000000000,0.000000000000000,0.000000000000000,0.000000000000000,0.000000000000000,0.000000000000000,0.000000000000000,0.000000000000000,0.000000000000000
2,7,53,0.001258524307080,0.001907514450867,0.002958015267176,0.003626003626004,0.007404914170313,0.005636070853462,0.013610315186246,0.005550929780738,0.015269655620533,0.022058823529412,0.019238641015145,0.018944519621110,0.008862629246677,0.046375266524520,0.006760563380282,0.067173637515843,0.044630404463040,0.023628048780488,0.066666666666667,0.053164556962025,0.054924242424242,0.000000000000000,0.075819672131148,0.023399014778325,0.051502145922747,0.001587301587302,0.129798903107861,0.005813953488372,0.104408352668213,0.054151624548737,0.000000000000000,0.000000000000000,0.000000000000000,0.000000000000000,0.000000000000000,0.000000000000000,0.000000000000000,0.000000000000000,0.000000000000000,0.000000000000000,0.000000000000000,0.000000000000000,0.000000000000000,0.000000000000000,0.000000000000000,0.000000000000000,0.000000000000000,0.000000000000000,0.000000000000000,0.000000000000000
2,7,54,0.000204331834900,0.001693684974595,0.005524861878453,0.003049625727752,0.004545454545455,0.007865866280273,0.011357900050480,0.004964953271028,0.020734194425561,0.011865035224323,0.019453642384106,0.024173655648742,0.044125465178097,0.053362979433018,0.011919698870765,0.004032258064516,0.048467569493942,0.048723897911833,0.119735755573906,0.034155597722960,0.036511156186613,0.096666666666667,0.010356731875719,0.054123711340206,0.082111436950147,0.034369885433715,0.078671328671329,0.020637898686679,0.023584905660377,0.030379746835443,0.000000000000000,0.000000000000000,0.000000000000000,0.000000000000000,0.277777777777778,0.000000000000000,0.000000000000000,0.000000000000000,0.000000000000000,0.000000000000000,0.000000000000000,0.000000000000000,0.000000000000000,0.000000000000000,0.000000000000000,0.000000000000000,0.000000000000000,0.000000000000000,0.000000000000000,0.000000000000000
2,7,55,0.000497919408187,0.001273885350318,0.004217838977794,0.002710486193461,0.003008811519450,0.018676627534685,0.008099688473520,0.014270424545130,0.023086789226165,0.024804777216353,0.014442231075697,0.018267530936948,0.012738853503185,0.020366598778004,0.018102824040550,0.032786885245902,0.010353753235548,0.000978473581213,0.032850241545894,0.039915966386555,0.072497123130035,0.067602040816327,0.068078668683812,0.025728987993139,0.015772870662461,0.000000000000000,0.031315240083507,0.044289044289044,0.019656019656020,0.000000000000000,0.026229508196721,0.000000000000000,0.000000000000000,0.000000000000000,0.000000000000000,0.000000000000000,0.000000000000000,0.000000000000000,0.000000000000000,0.000000000000000,0.000000000000000,0.000000000000000,0.000000000000000,0.000000000000000,0.000000000000000,0.000000000000000,0.000000000000000,0.000000000000000,0.000000000000000,0.000000000000000
2,7,56,0.000403144527313,0.001503328799485,0.007318224740321,0.002116229855120,0.005771144278607,0.004537855266300,0.009909165978530,0.012965964343598,0.010655090765588,0.007168458781362,0.009004502251126,0.053161723559038,0.019452887537994,0.009289980092900,0.023321554770318,0.010946051602815,0.015215553677092,0.017714791851196,0.008506616257089,0.005319148936170,0.018475750577367,0.034562211981567,0.051351351351351,0.048888888888889,0.042319749216301,0.031695721077655,0.105263157894737,0.026666666666667,0.071428571428571,0.060913705583756,0.000000000000000,0.003448275862069,0.062200956937799,0.052023121387283,0.000000000000000,0.027027027027027,0.000000000000000,0.000000000000000,0.000000000000000,0.000000000000000,0.000000000000000,0.000000000000000,0.000000000000000,0.000000000000000,0.000000000000000,0.000000000000000,0.000000000000000,0.000000000000000,0.000000000000000,0.000000000000000
2,7,57,0.000412201154163,0.001209533973675,0.003407155025554,0.006505871152015,0.002782193958665,0.006450071667463,0.004167824395665,0.015564202334630,0.004169825625474,0.021843599825251,0.017508754377189,0.030769230769231,0.026894865525672,0.008391608391608,0.063975628332064,0.015898251192369,0.015693112467306,0.012681159420290,0.045192307692308,0.016722408026756,0.040045766590389,0.040353089533417,0.048000000000000,0.038626609442060,0.068292682926829,0.000000000000000,0.015358361774744,0.041067761806982,0.028761061946903,0.000000000000000,0.029490616621984,0.023952095808383,0.000000000000000,0.056338028169014,0.108433734939759,0.000000000000000,0.000000000000000,0.000000000000000,0.000000000000000,0.000000000000000,0.000000000000000,0.000000000000000,0.000000000000000,0.000000000000000,0.000000000000000,0.000000000000000,0.000000000000000,0.000000000000000,0.000000000000000,0.000000000000000
2,7,58,0.000425416715009,0.002988208690034,0.002115842369743,0.001945869449850,0.007959319036038,0.010974987238387,0.012330456226880,0.003683241252302,0.021419571608568,0.018978102189781,0.016290068313190,0.003647416413374,0.036262203626220,0.020149253731343,0.017456359102244,0.032118055555556,0.031428571428571,0.026565464895636,0.064171122994652,0.032608695652174,0.032451923076923,0.005376344086022,0.076595744680851,0.029940119760479,0.031825795644891,0.038043478260870,0.017817371937639,0.080745341614907,0.057416267942584,0.000000000000000,0.079320113314448,0.107491856677524,0.000000000000000,0.054852320675106,0.000000000000000,0.000000000000000,0.000000000000000,0.000000000000000,0.000000000000000,0.000000000000000,0.000000000000000,0.000000000000000,0.000000000000000,0.000000000000000,0.000000000000000,0.000000000000000,0.000000000000000,0.000000000000000,0.000000000000000,0.000000000000000
2,7,59,0.000651862152883,0.002386002120891,0.007521998296906,0.001523809523810,0.001415428167021,0.006383569247849,0.005266622778144,0.005675368898978,0.004415011037528,0.004437869822485,0.025857223159078,0.019974226804124,0.010347376201035,0.008849557522124,0.006768189509306,0.015165876777251,0.042769857433809,0.031890660592255,0.105140186915888,0.051282051282051,0.035479632063075,0.012987012987013,0.019345238095238,0.006779661016949,0.000000000000000,0.055226824457594,0.051391862955032,0.046875000000000,0.018421052631579,0.000000000000000,0.134615384615385,0.041095890410959,0.045627376425856,0.118320610687023,0.022123893805310,0.000000000000000,0.205128205128205,0.000000000000000,0.000000000000000,0.000000000000000,0.000000000000000,0.000000000000000,0.000000000000000,0.000000000000000,0.000000000000000,0.000000000000000,0.000000000000000,0.000000000000000,0.000000000000000,0.000000000000000
2,7,60,0.000315912988537,0.003482972136223,0.001351351351351,0.001313101838343,0.001162790697674,0.004493065051768,0.007348029392118,0.006716610694911,0.011621315192744,0.010770234986945,0.009933774834437,0.004065040650407,0.022462562396007,0.017720306513410,0.012207527975585,0.029475982532751,0.019725044829647,0.040317654245571,0.032152230971129,0.025523560209424,0.019581363943282,0.014357501794688,0.052005943536404,0.056891025641026,0.024409448818898,0.023470243084661,0.025283347863993,0.028720626631854,0.036101083032491,0.038216560509554,0.055809698078683,0.040286481647270,0.011516314779271,0.017132551848512,0.016888888888889,0.010704727921499,0.051773729626079,0.000000000000000,0.026881720430108,0.058312655086849,0.017828200972447,0.000000000000000,0.000000000000000,0.000000000000000,0.000000000000000,0.000000000000000,0.000000000000000,0.000000000000000,0.000000000000000,0.000000000000000
2,7,61,0.000152106677483,0.001051014633358,0.002189192303261,0.002736569206395,0.000351555633679,0.003347591593826,0.000000000000000,0.009348221241236,0.002636976267214,0.004870129870130,0.000000000000000,0.011736139214893,0.023019034971226,0.020737327188940,0.014415376401495,0.018302828618968,0.005878894767784,0.034396497811132,0.041666666666667,0.041210560206053,0.014044943820225,0.045214770158252,0.006875477463713,0.046913580246914,0.008899676375405,0.023049645390071,0.011514614703277,0.029934518241347,0.036245353159851,0.051756007393715,0.045913682277319,0.042145593869732,0.023235031277927,0.084337349397590,0.007685738684885,0.056122448979592,0.049426301853486,0.037174721189591,0.020042194092827,0.000000000000000,0.009550338241146,0.000000000000000,0.000000000000000,0.000000000000000,0.000000000000000,0.000000000000000,0.000000000000000,0.000000000000000,0.000000000000000,0.000000000000000
2,7,62,0.000800137166371,0.001731601731602,0.001836336508665,0.007391613361763,0.002483443708609,0.008891523414345,0.000619450753665,0.009295499021526,0.012842465753425,0.008188976377953,0.005639760310187,0.010821643286573,0.011973392461197,0.018959649975693,0.026150627615063,0.033408833522084,0.005223447475334,0.029036004645761,0.014357053682896,0.053278688524590,0.018248175182482,0.020164301717700,0.057750759878420,0.017041053446940,0.011680143755616,0.025247971145176,0.025000000000000,0.039404553415061,0.006743737957611,0.036516853932584,0.084854014598540,0.074930619796485,0.030357142857143,0.025939177101968,0.016521739130435,0.020850708924103,0.000000000000000,0.033140016570008,0.020507812500000,0.018299246501615,0.025771183131589,0.000000000000000,0.000000000000000,0.000000000000000,0.000000000000000,0.000000000000000,0.000000000000000,0.000000000000000,0.000000000000000,0.000000000000000
2,7,63,0.000063351282863,0.003186453022578,0.000820152314001,0.003028634361233,0.001722787783868,0.007222824124233,0.005951159450031,0.008640674394099,0.006513809275664,0.007728894173603,0.008040201005025,0.016117478510029,0.030204081632653,0.030196936542670,0.032151300236407,0.030318870883429,0.010914760914761,0.036756126021004,0.004410838059231,0.034759358288770,0.023571428571429,0.008356545961003,0.027439024390244,0.040438079191238,0.061638280616383,0.048027444253859,0.042907180385289,0.045654082528534,0.048951048951049,0.025483304042179,0.045955882352941,0.041926851025870,0.016934801016088,0.046491228070175,0.047285464098074,0.032436708860760,0.019696969696970,0.013729977116705,0.032317636195753,0.029315960912052,0.028429282160625,0.750000000000000,0.000000000000000,0.000000000000000,0.000000000000000,0.000000000000000,0.000000000000000,0.000000000000000,0.000000000000000,0.000000000000000
2,7,64,0.000474833808167,0.003172253357301,0.000786988457503,0.003667302332404,0.005144193296960,0.006769998218422,0.002422774076317,0.005348837209302,0.002012522361360,0.025127046866177,0.010073875083949,0.018681318681319,0.042845594179466,0.014563106796117,0.040902679830748,0.017304667016256,0.031701890989989,0.034360189573460,0.054723127035831,0.063008130081301,0.010660980810235,0.051584377302874,0.027431421446384,0.011996572407884,0.039198606271777,0.074204946996466,0.028037383177570,0.017415215398717,0.052631578947368,0.033238366571700,0.029411764705882,0.099431818181818,0.031132075471698,0.049738219895288,0.034662045060659,0.011867088607595,0.048399687743950,0.020542317173377,0.047491039426523,0.049196787148594,0.015412844036697,0.000000000000000,0.000000000000000,0.000000000000000,0.000000000000000,0.000000000000000,0.000000000000000,0.000000000000000,0.000000000000000,0.000000000000000
2,7,65,0.003018542475205,0.005385996409336,0.000000000000000,0.000000000000000,0.003858024691358,0.006161971830986,0.001912045889101,0.001106194690265,0.000000000000000,0.009569377990431,0.012232415902141,0.000000000000000,0.000000000000000,0.000000000000000,0.019396551724138,0.008771929824561,0.000000000000000,0.000000000000000,0.000000000000000,0.000000000000000,0.000000000000000,0.000000000000000,0.009493670886076,0.043189368770764,0.133757961783439,0.060000000000000,0.102189781021898,0.176258992805755,0.184027777777778,0.042207792207792,0.000000000000000,0.039285714285714,0.000000000000000,0.003278688524590,0.031161473087819,0.019718309859155,0.000000000000000,0.007537688442211,0.000000000000000,0.047887323943662,0.031472081218274,0.750000000000000,0.000000000000000,0.000000000000000,0.000000000000000,0.111111111111111,0.000000000000000,0.000000000000000,0.000000000000000,0.000000000000000
2,7,66,0.000000000000000,0.000000000000000,0.000000000000000,0.000000000000000,0.000000000000000,0.000000000000000,0.000000000000000,0.009009009009009,0.000000000000000,0.000000000000000,0.002958579881657,0.000000000000000,0.000000000000000,0.000000000000000,0.000000000000000,0.010000000000000,0.132978723404255,0.000000000000000,0.052023121387283,0.000000000000000,0.067039106145251,0.000000000000000,0.000000000000000,0.000000000000000,0.060773480662983,0.000000000000000,0.000000000000000,0.095652173913044,0.000000000000000,0.000000000000000,0.000000000000000,0.188235294117647,0.175531914893617,0.059701492537313,0.000000000000000,0.040178571428571,0.125654450261780,0.034482758620690,0.000000000000000,0.049549549549550,0.014473684210526,0.000000000000000,0.000000000000000,0.000000000000000,0.000000000000000,0.000000000000000,0.000000000000000,0.000000000000000,0.000000000000000,0.000000000000000
2,7,67,0.000000000000000,0.000000000000000,0.000000000000000,0.000000000000000,0.000000000000000,0.000000000000000,0.000000000000000,0.012861736334405,0.000000000000000,0.000000000000000,0.081712062256809,0.040000000000000,0.016574585635359,0.052631578947368,0.000000000000000,0.000000000000000,0.084507042253521,0.255813953488372,0.000000000000000,0.015503875968992,0.000000000000000,0.000000000000000,0.007462686567164,0.000000000000000,0.000000000000000,0.000000000000000,0.000000000000000,0.000000000000000,0.000000000000000,0.000000000000000,0.043103448275862,0.000000000000000,0.187500000000000,0.000000000000000,0.000000000000000,0.000000000000000,0.000000000000000,0.086294416243655,0.021276595744681,0.000000000000000,0.000000000000000,0.666666666666667,0.000000000000000,0.000000000000000,1.222222222222220,0.000000000000000,0.000000000000000,0.000000000000000,0.000000000000000,0.000000000000000
2,7,68,0.000000000000000,0.000000000000000,0.000000000000000,0.000000000000000,0.000000000000000,0.000000000000000,0.000000000000000,0.000000000000000,0.000000000000000,0.000000000000000,0.000000000000000,0.000000000000000,0.000000000000000,0.000000000000000,0.000000000000000,0.086538461538462,0.101010101010101,0.000000000000000,0.109756097560976,0.000000000000000,0.103448275862069,0.000000000000000,0.000000000000000,0.121212121212121,0.000000000000000,0.164948453608247,0.000000000000000,0.000000000000000,0.000000000000000,0.000000000000000,0.000000000000000,0.000000000000000,0.000000000000000,0.000000000000000,0.000000000000000,0.000000000000000,0.000000000000000,0.000000000000000,0.000000000000000,0.000000000000000,0.000000000000000,0.000000000000000,0.000000000000000,0.000000000000000,0.000000000000000,0.000000000000000,0.000000000000000,0.000000000000000,0.000000000000000,0.000000000000000
2,7,69,0.000000000000000,0.000000000000000,0.000000000000000,0.000000000000000,0.000000000000000,0.000000000000000,0.000000000000000,0.006896551724138,0.000000000000000,0.000000000000000,0.000000000000000,0.088495575221239,0.000000000000000,0.000000000000000,0.000000000000000,0.000000000000000,0.000000000000000,0.000000000000000,0.000000000000000,0.000000000000000,0.000000000000000,0.000000000000000,0.000000000000000,0.000000000000000,0.000000000000000,0.000000000000000,0.000000000000000,0.000000000000000,0.000000000000000,0.000000000000000,0.181818181818182,0.000000000000000,0.000000000000000,0.000000000000000,0.000000000000000,0.000000000000000,0.000000000000000,0.000000000000000,0.000000000000000,0.000000000000000,0.005033557046980,0.000000000000000,0.000000000000000,0.000000000000000,0.000000000000000,0.000000000000000,0.000000000000000,0.000000000000000,0.000000000000000,0.000000000000000
2,8,20,1.229791395045630,0.000000000000000,0.000000000000000,0.000000000000000,0.000000000000000,0.000000000000000,0.000000000000000,0.000000000000000,0.000000000000000,0.000000000000000,0.000000000000000,0.000000000000000,0.000000000000000,0.000000000000000,0.000000000000000,0.000000000000000,0.000000000000000,0.000000000000000,0.000000000000000,0.000000000000000,0.000000000000000,0.000000000000000,0.000000000000000,0.000000000000000,0.000000000000000,0.000000000000000,0.000000000000000,0.000000000000000,0.000000000000000,0.000000000000000,0.000000000000000,0.000000000000000,0.000000000000000,0.000000000000000,0.000000000000000,0.000000000000000,0.000000000000000,0.000000000000000,0.000000000000000,0.000000000000000,0.000000000000000,0.000000000000000,0.000000000000000,0.000000000000000,0.000000000000000,0.000000000000000,0.000000000000000,0.000000000000000,0.000000000000000,0.000000000000000
2,8,21,2.648555103834740,5.571736204576040,0.000000000000000,0.000000000000000,0.000000000000000,0.000000000000000,0.000000000000000,0.000000000000000,0.000000000000000,0.000000000000000,0.000000000000000,0.000000000000000,0.000000000000000,0.000000000000000,0.000000000000000,0.000000000000000,0.000000000000000,0.000000000000000,0.000000000000000,0.000000000000000,0.000000000000000,0.000000000000000,0.000000000000000,0.000000000000000,0.000000000000000,0.000000000000000,0.000000000000000,0.000000000000000,0.000000000000000,0.000000000000000,0.000000000000000,0.000000000000000,0.000000000000000,0.000000000000000,0.000000000000000,0.000000000000000,0.000000000000000,0.000000000000000,0.000000000000000,0.000000000000000,0.000000000000000,0.000000000000000,0.000000000000000,0.000000000000000,0.000000000000000,0.000000000000000,0.000000000000000,0.000000000000000,0.000000000000000,0.000000000000000
2,8,22,2.490099517800350,8.700327173048010,12.679941002949900,0.000000000000000,0.000000000000000,0.000000000000000,0.000000000000000,0.000000000000000,0.000000000000000,0.000000000000000,0.000000000000000,0.000000000000000,0.000000000000000,0.000000000000000,0.000000000000000,0.000000000000000,0.000000000000000,0.000000000000000,0.000000000000000,0.000000000000000,0.000000000000000,0.000000000000000,0.000000000000000,0.000000000000000,0.000000000000000,0.000000000000000,0.000000000000000,0.000000000000000,0.000000000000000,0.000000000000000,0.000000000000000,0.000000000000000,0.000000000000000,0.000000000000000,0.000000000000000,0.000000000000000,0.000000000000000,0.000000000000000,0.000000000000000,0.000000000000000,0.000000000000000,0.000000000000000,0.000000000000000,0.000000000000000,0.000000000000000,0.000000000000000,0.000000000000000,0.000000000000000,0.000000000000000,0.000000000000000
2,8,23,2.340071455434370,8.415472542035950,19.061183938893500,20.429499561018400,0.000000000000000,0.000000000000000,0.000000000000000,0.000000000000000,0.000000000000000,0.000000000000000,0.000000000000000,0.000000000000000,0.000000000000000,0.000000000000000,0.000000000000000,0.000000000000000,0.000000000000000,0.000000000000000,0.000000000000000,0.000000000000000,0.000000000000000,0.000000000000000,0.000000000000000,0.000000000000000,0.000000000000000,0.000000000000000,0.000000000000000,0.000000000000000,0.000000000000000,0.000000000000000,0.000000000000000,0.000000000000000,0.000000000000000,0.000000000000000,0.000000000000000,0.000000000000000,0.000000000000000,0.000000000000000,0.000000000000000,0.000000000000000,0.000000000000000,0.000000000000000,0.000000000000000,0.000000000000000,0.000000000000000,0.000000000000000,0.000000000000000,0.000000000000000,0.000000000000000,0.000000000000000
2,8,24,2.101248905479520,7.758257539492580,18.833346578717300,21.331047056780700,18.513333333333300,0.000000000000000,0.000000000000000,0.000000000000000,0.000000000000000,0.000000000000000,0.000000000000000,0.000000000000000,0.000000000000000,0.000000000000000,0.000000000000000,0.000000000000000,0.000000000000000,0.000000000000000,0.000000000000000,0.000000000000000,0.000000000000000,0.000000000000000,0.000000000000000,0.000000000000000,0.000000000000000,0.000000000000000,0.000000000000000,0.000000000000000,0.000000000000000,0.000000000000000,0.000000000000000,0.000000000000000,0.000000000000000,0.000000000000000,0.000000000000000,0.000000000000000,0.000000000000000,0.000000000000000,0.000000000000000,0.000000000000000,0.000000000000000,0.000000000000000,0.000000000000000,0.000000000000000,0.000000000000000,0.000000000000000,0.000000000000000,0.000000000000000,0.000000000000000,0.000000000000000
2,8,25,1.968342127186890,7.439395114385420,18.438222222222200,20.868980512159800,23.501071319253100,19.796124031007800,0.000000000000000,0.000000000000000,0.000000000000000,0.000000000000000,0.000000000000000,0.000000000000000,0.000000000000000,0.000000000000000,0.000000000000000,0.000000000000000,0.000000000000000,0.000000000000000,0.000000000000000,0.000000000000000,0.000000000000000,0.000000000000000,0.000000000000000,0.000000000000000,0.000000000000000,0.000000000000000,0.000000000000000,0.000000000000000,0.000000000000000,0.000000000000000,0.000000000000000,0.000000000000000,0.000000000000000,0.000000000000000,0.000000000000000,0.000000000000000,0.000000000000000,0.000000000000000,0.000000000000000,0.000000000000000,0.000000000000000,0.000000000000000,0.000000000000000,0.000000000000000,0.000000000000000,0.000000000000000,0.000000000000000,0.000000000000000,0.000000000000000,0.000000000000000
2,8,26,1.811290091295830,6.955154877484970,18.169174764238800,20.174021404486100,22.114621705865700,22.531791907514400,15.470937129300100,0.000000000000000,0.000000000000000,0.000000000000000,0.000000000000000,0.000000000000000,0.000000000000000,0.000000000000000,0.000000000000000,0.000000000000000,0.000000000000000,0.000000000000000,0.000000000000000,0.000000000000000,0.000000000000000,0.000000000000000,0.000000000000000,0.000000000000000,0.000000000000000,0.000000000000000,0.000000000000000,0.000000000000000,0.000000000000000,0.000000000000000,0.000000000000000,0.000000000000000,0.000000000000000,0.000000000000000,0.000000000000000,0.000000000000000,0.000000000000000,0.000000000000000,0.000000000000000,0.000000000000000,0.000000000000000,0.000000000000000,0.000000000000000,0.000000000000000,0.000000000000000,0.000000000000000,0.000000000000000,0.000000000000000,0.000000000000000,0.000000000000000
2,8,27,1.710242194339070,6.641467399376210,17.864301865460700,19.786229725256500,20.858376511226300,21.376725368872000,17.837735849056600,14.676848874598100,0.000000000000000,0.000000000000000,0.000000000000000,0.000000000000000,0.000000000000000,0.000000000000000,0.000000000000000,0.000000000000000,0.000000000000000,0.000000000000000,0.000000000000000,0.000000000000000,0.000000000000000,0.000000000000000,0.000000000000000,0.000000000000000,0.000000000000000,0.000000000000000,0.000000000000000,0.000000000000000,0.000000000000000,0.000000000000000,0.000000000000000,0.000000000000000,0.000000000000000,0.000000000000000,0.000000000000000,0.000000000000000,0.000000000000000,0.000000000000000,0.000000000000000,0.000000000000000,0.000000000000000,0.000000000000000,0.000000000000000,0.000000000000000,0.000000000000000,0.000000000000000,0.000000000000000,0.000000000000000,0.000000000000000,0.000000000000000
2,8,28,1.610281311025490,6.321364170913370,17.390161231220200,18.852620087336200,20.130616025937900,19.725710649130200,17.060630557801100,14.195561719833600,14.110869565217400,0.000000000000000,0.000000000000000,0.000000000000000,0.000000000000000,0.000000000000000,0.000000000000000,0.000000000000000,0.000000000000000,0.000000000000000,0.000000000000000,0.000000000000000,0.000000000000000,0.000000000000000,0.000000000000000,0.000000000000000,0.000000000000000,0.000000000000000,0.000000000000000,0.000000000000000,0.000000000000000,0.000000000000000,0.000000000000000,0.000000000000000,0.000000000000000,0.000000000000000,0.000000000000000,0.000000000000000,0.000000000000000,0.000000000000000,0.000000000000000,0.000000000000000,0.000000000000000,0.000000000000000,0.000000000000000,0.000000000000000,0.000000000000000,0.000000000000000,0.000000000000000,0.000000000000000,0.000000000000000,0.000000000000000
2,8,29,1.441737985516790,6.039122750642670,16.908975538564000,18.577001044290200,19.087425277540600,18.824876940552800,15.603292446739800,14.730434782608700,12.572697899838400,12.250614250614200,0.000000000000000,0.000000000000000,0.000000000000000,0.000000000000000,0.000000000000000,0.000000000000000,0.000000000000000,0.000000000000000,0.000000000000000,0.000000000000000,0.000000000000000,0.000000000000000,0.000000000000000,0.000000000000000,0.000000000000000,0.000000000000000,0.000000000000000,0.000000000000000,0.000000000000000,0.000000000000000,0.000000000000000,0.000000000000000,0.000000000000000,0.000000000000000,0.000000000000000,0.000000000000000,0.000000000000000,0.000000000000000,0.000000000000000,0.000000000000000,0.000000000000000,0.000000000000000,0.000000000000000,0.000000000000000,0.000000000000000,0.000000000000000,0.000000000000000,0.000000000000000,0.000000000000000,0.000000000000000
2,8,30,1.485069523592430,5.759406107642990,16.326341641498800,17.819222804239200,18.494245849882900,17.220926357880700,15.127712854757900,13.718229801055600,11.841309823677600,10.750724637681200,10.276836158192100,0.000000000000000,0.000000000000000,0.000000000000000,0.000000000000000,0.000000000000000,0.000000000000000,0.000000000000000,0.000000000000000,0.000000000000000,0.000000000000000,0.000000000000000,0.000000000000000,0.000000000000000,0.000000000000000,0.000000000000000,0.000000000000000,0.000000000000000,0.000000000000000,0.000000000000000,0.000000000000000,0.000000000000000,0.000000000000000,0.000000000000000,0.000000000000000,0.000000000000000,0.000000000000000,0.000000000000000,0.000000000000000,0.000000000000000,0.000000000000000,0.000000000000000,0.000000000000000,0.000000000000000,0.000000000000000,0.000000000000000,0.000000000000000,0.000000000000000,0.000000000000000,0.000000000000000
2,8,31,1.378068644560790,5.677340970233450,16.211849514040800,17.782603443068600,17.923633440514500,17.118944052797400,13.940582433067200,12.612995358800400,11.377483443708600,11.019726858877100,9.298731257208770,11.128526645768000,0.000000000000000,0.000000000000000,0.000000000000000,0.000000000000000,0.000000000000000,0.000000000000000,0.000000000000000,0.000000000000000,0.000000000000000,0.000000000000000,0.000000000000000,0.000000000000000,0.000000000000000,0.000000000000000,0.000000000000000,0.000000000000000,0.000000000000000,0.000000000000000,0.000000000000000,0.000000000000000,0.000000000000000,0.000000000000000,0.000000000000000,0.000000000000000,0.000000000000000,0.000000000000000,0.000000000000000,0.000000000000000,0.000000000000000,0.000000000000000,0.000000000000000,0.000000000000000,0.000000000000000,0.000000000000000,0.000000000000000,0.000000000000000,0.000000000000000,0.000000000000000
2,8,32,1.301304323062030,5.280271531607980,16.214142635776100,17.642258518382600,17.571456654216600,16.412124744972300,14.591164826005400,11.670714079213600,11.844680851063800,10.936662606577300,11.006071118820500,7.622881355932200,8.147058823529410,0.000000000000000,0.000000000000000,0.000000000000000,0.000000000000000,0.000000000000000,0.000000000000000,0.000000000000000,0.000000000000000,0.000000000000000,0.000000000000000,0.000000000000000,0.000000000000000,0.000000000000000,0.000000000000000,0.000000000000000,0.000000000000000,0.000000000000000,0.000000000000000,0.000000000000000,0.000000000000000,0.000000000000000,0.000000000000000,0.000000000000000,0.000000000000000,0.000000000000000,0.000000000000000,0.000000000000000,0.000000000000000,0.000000000000000,0.000000000000000,0.000000000000000,0.000000000000000,0.000000000000000,0.000000000000000,0.000000000000000,0.000000000000000,0.000000000000000
2,8,33,1.407453890647170,5.220948369989080,15.676155746382800,17.113078519965800,17.723989520958100,16.088639200998800,14.349135418690500,12.420620671967200,11.278806584362100,10.686180422264900,9.145431145431140,8.257722007722010,8.448326055312950,8.729257641921400,0.000000000000000,0.000000000000000,0.000000000000000,0.000000000000000,0.000000000000000,0.000000000000000,0.000000000000000,0.000000000000000,0.000000000000000,0.000000000000000,0.000000000000000,0.000000000000000,0.000000000000000,0.000000000000000,0.000000000000000,0.000000000000000,0.000000000000000,0.000000000000000,0.000000000000000,0.000000000000000,0.000000000000000,0.000000000000000,0.000000000000000,0.000000000000000,0.000000000000000,0.000000000000000,0.000000000000000,0.000000000000000,0.000000000000000,0.000000000000000,0.000000000000000,0.000000000000000,0.000000000000000,0.000000000000000,0.000000000000000,0.000000000000000
2,8,34,1.482947011085770,4.886811968969340,14.955586398334500,16.661451892159300,17.172522136532400,15.840281537628600,13.407556578442700,11.702310717797400,11.080145719490000,9.655909640984270,8.982749026154700,7.747663551401870,7.631278538812790,6.739747634069400,7.095617529880480,0.000000000000000,0.000000000000000,0.000000000000000,0.000000000000000,0.000000000000000,0.000000000000000,0.000000000000000,0.000000000000000,0.000000000000000,0.000000000000000,0.000000000000000,0.000000000000000,0.000000000000000,0.000000000000000,0.000000000000000,0.000000000000000,0.000000000000000,0.000000000000000,0.000000000000000,0.000000000000000,0.000000000000000,0.000000000000000,0.000000000000000,0.000000000000000,0.000000000000000,0.000000000000000,0.000000000000000,0.000000000000000,0.000000000000000,0.000000000000000,0.000000000000000,0.000000000000000,0.000000000000000,0.000000000000000,0.000000000000000
2,8,35,1.474162855490720,4.637893593919650,14.743796501889300,16.162035274711300,15.502833590932500,14.244450649169300,12.032861189801700,10.652418172936000,9.917150718434730,8.934973637961340,8.129905277401890,8.289595758780650,7.823111111111110,6.941463414634150,5.633217993079580,7.364016736401670,0.000000000000000,0.000000000000000,0.000000000000000,0.000000000000000,0.000000000000000,0.000000000000000,0.000000000000000,0.000000000000000,0.000000000000000,0.000000000000000,0.000000000000000,0.000000000000000,0.000000000000000,0.000000000000000,0.000000000000000,0.000000000000000,0.000000000000000,0.000000000000000,0.000000000000000,0.000000000000000,0.000000000000000,0.000000000000000,0.000000000000000,0.000000000000000,0.000000000000000,0.000000000000000,0.000000000000000,0.000000000000000,0.000000000000000,0.000000000000000,0.000000000000000,0.000000000000000,0.000000000000000,0.000000000000000
2,8,36,1.487733865315150,4.444238900634250,13.943700042476000,15.678455626276000,14.823703552470400,14.332233538947100,11.641078838174300,10.320018471484600,10.195177304964500,8.720411055988660,8.207753898019390,7.550555849655900,7.516812865497080,6.467819404418830,6.875834445927900,5.328214971209210,5.184615384615380,0.000000000000000,0.000000000000000,0.000000000000000,0.000000000000000,0.000000000000000,0.000000000000000,0.000000000000000,0.000000000000000,0.000000000000000,0.000000000000000,0.000000000000000,0.000000000000000,0.000000000000000,0.000000000000000,0.000000000000000,0.000000000000000,0.000000000000000,0.000000000000000,0.000000000000000,0.000000000000000,0.000000000000000,0.000000000000000,0.000000000000000,0.000000000000000,0.000000000000000,0.000000000000000,0.000000000000000,0.000000000000000,0.000000000000000,0.000000000000000,0.000000000000000,0.000000000000000,0.000000000000000
2,8,37,1.319653699123000,4.359009628610730,13.318553047230100,15.276653848297400,14.728151658767800,13.994550408719300,11.372442275201800,10.648354195642100,10.027123287671200,7.842035690680770,7.465378421900160,6.688157293095570,5.991242474001090,6.106024096385540,5.602655771195100,6.614035087719300,5.704954954954950,7.430232558139530,0.000000000000000,0.000000000000000,0.000000000000000,0.000000000000000,0.000000000000000,0.000000000000000,0.000000000000000,0.000000000000000,0.000000000000000,0.000000000000000,0.000000000000000,0.000000000000000,0.000000000000000,0.000000000000000,0.000000000000000,0.000000000000000,0.000000000000000,0.000000000000000,0.000000000000000,0.000000000000000,0.000000000000000,0.000000000000000,0.000000000000000,0.000000000000000,0.000000000000000,0.000000000000000,0.000000000000000,0.000000000000000,0.000000000000000,0.000000000000000,0.000000000000000,0.000000000000000
2,8,38,1.280122749117020,4.123350320135890,12.745708026289600,14.826807228915700,14.398624838848300,13.822011044047800,11.287824207492800,9.770628146202670,9.138963121325490,8.198465963566640,7.354968830216350,7.265909090909090,6.594523433385990,6.313026571613740,5.365553602811950,4.484320557491290,4.722033898305090,5.468899521531100,2.885714285714290,0.000000000000000,0.000000000000000,0.000000000000000,0.000000000000000,0.000000000000000,0.000000000000000,0.000000000000000,0.000000000000000,0.000000000000000,0.000000000000000,0.000000000000000,0.000000000000000,0.000000000000000,0.000000000000000,0.000000000000000,0.000000000000000,0.000000000000000,0.000000000000000,0.000000000000000,0.000000000000000,0.000000000000000,0.000000000000000,0.000000000000000,0.000000000000000,0.000000000000000,0.000000000000000,0.000000000000000,0.000000000000000,0.000000000000000,0.000000000000000,0.000000000000000
2,8,39,1.153824086292960,3.867751383013340,12.176157190350400,13.737569517097100,13.342436435236700,12.315328467153300,11.051273286617700,9.588881564491320,9.315593400745080,8.489589712186160,7.734579439252340,6.315074496056090,7.034925526450950,6.295833333333330,5.432320441988950,5.593269230769230,5.050531914893620,4.915750915750920,3.903225806451610,3.474358974358970,0.000000000000000,0.000000000000000,0.000000000000000,0.000000000000000,0.000000000000000,0.000000000000000,0.000000000000000,0.000000000000000,0.000000000000000,0.000000000000000,0.000000000000000,0.000000000000000,0.000000000000000,0.000000000000000,0.000000000000000,0.000000000000000,0.000000000000000,0.000000000000000,0.000000000000000,0.000000000000000,0.000000000000000,0.000000000000000,0.000000000000000,0.000000000000000,0.000000000000000,0.000000000000000,0.000000000000000,0.000000000000000,0.000000000000000,0.000000000000000
2,8,40,1.290726960503720,3.807954324271720,11.084483153793300,12.789497874296200,12.692984661805400,11.917725206852300,10.504141446320500,9.089627603618770,8.473740910315110,7.380253502334890,7.424933485366780,6.347526881720430,5.899950956351150,5.802210587550900,5.391021470396880,5.355397951142630,5.158848614072490,5.033794162826420,4.457593688362920,4.443271767810030,3.684210526315790,0.000000000000000,0.000000000000000,0.000000000000000,0.000000000000000,0.000000000000000,0.000000000000000,0.000000000000000,0.000000000000000,0.000000000000000,0.000000000000000,0.000000000000000,0.000000000000000,0.000000000000000,0.000000000000000,0.000000000000000,0.000000000000000,0.000000000000000,0.000000000000000,0.000000000000000,0.000000000000000,0.000000000000000,0.000000000000000,0.000000000000000,0.000000000000000,0.000000000000000,0.000000000000000,0.000000000000000,0.000000000000000,0.000000000000000
2,8,41,1.336838627979960,3.830587782834430,10.973877353935300,12.472772719157300,12.457054156605700,11.701443875174700,9.914324984728160,8.940333660451420,8.468631897203330,7.660553310537770,7.017705382436260,6.505115089514070,6.011933174224340,5.577600909607730,5.104395604395600,5.828296703296700,4.730704697986580,4.386982248520710,4.874411302982730,3.573913043478260,5.084084084084080,3.692307692307690,0.000000000000000,0.000000000000000,0.000000000000000,0.000000000000000,0.000000000000000,0.000000000000000,0.000000000000000,0.000000000000000,0.000000000000000,0.000000000000000,0.000000000000000,0.000000000000000,0.000000000000000,0.000000000000000,0.000000000000000,0.000000000000000,0.000000000000000,0.000000000000000,0.000000000000000,0.000000000000000,0.000000000000000,0.000000000000000,0.000000000000000,0.000000000000000,0.000000000000000,0.000000000000000,0.000000000000000,0.000000000000000
2,8,42,0.014389626818469,1.164467483506130,7.065880132137800,8.303696771174540,8.373801916932910,7.756675874769800,6.735212094525170,6.217560794505290,5.756080770995870,5.159539958714240,4.974122651542010,4.415552855407050,4.289006240998560,3.962864721485410,3.390153846153850,2.998688524590160,3.411809815950920,2.226765799256510,2.582294264339150,2.438983050847460,2.572706935123040,2.741496598639460,1.280373831775700,0.000000000000000,0.000000000000000,0.000000000000000,0.000000000000000,0.000000000000000,0.000000000000000,0.000000000000000,0.000000000000000,0.000000000000000,0.000000000000000,0.000000000000000,0.000000000000000,0.000000000000000,0.000000000000000,0.000000000000000,0.000000000000000,0.000000000000000,0.000000000000000,0.000000000000000,0.000000000000000,0.000000000000000,0.000000000000000,0.000000000000000,0.000000000000000,0.000000000000000,0.000000000000000,0.000000000000000
2,8,43,0.006755066299725,0.058314249008546,2.655287785482230,4.002946784538050,4.698934731146430,4.554969015377550,4.023546725533480,3.943607641440120,3.325774095071960,3.252387448840380,2.922919508867670,2.989645559538030,2.598206278026910,2.430473372781070,2.150507328072150,2.055190538764780,2.331845238095240,2.255033557046980,1.701352757544220,1.920873124147340,1.981099656357390,1.389447236180900,1.467680608365020,1.814814814814810,0.000000000000000,0.000000000000000,0.000000000000000,0.000000000000000,0.000000000000000,0.000000000000000,0.000000000000000,0.000000000000000,0.000000000000000,0.000000000000000,0.000000000000000,0.000000000000000,0.000000000000000,0.000000000000000,0.000000000000000,0.000000000000000,0.000000000000000,0.000000000000000,0.000000000000000,0.000000000000000,0.000000000000000,0.000000000000000,0.000000000000000,0.000000000000000,0.000000000000000,0.000000000000000
2,8,44,0.004454342984410,0.042307278787227,0.137259782933386,0.879605726355316,1.806268530283780,2.229134874985330,2.158763505402160,2.144790507971820,1.907502131287300,1.746615581098340,1.695322376738310,1.776579925650560,1.545094588649360,1.359697732997480,1.334859759587860,1.515245799626630,1.066371681415930,1.035742652899130,1.025830258302580,0.847916666666667,1.038961038961040,0.686159844054581,0.583783783783784,0.831168831168831,0.106194690265487,0.000000000000000,0.000000000000000,0.000000000000000,0.000000000000000,0.000000000000000,0.000000000000000,0.000000000000000,0.000000000000000,0.000000000000000,0.000000000000000,0.000000000000000,0.000000000000000,0.000000000000000,0.000000000000000,0.000000000000000,0.000000000000000,0.000000000000000,0.000000000000000,0.000000000000000,0.000000000000000,0.000000000000000,0.000000000000000,0.000000000000000,0.000000000000000,0.000000000000000
2,8,45,0.004515634318821,0.029313929313929,0.105959242486620,0.229816317812900,0.718455085634394,1.166343355965080,1.373977465658280,1.236695199106810,1.181063495624860,1.358680839465790,1.031750924784220,1.120058565153730,1.299401197604790,1.038690476190480,0.890163934426230,1.098692810457520,0.785267546907575,0.578947368421053,0.555456171735242,0.548589341692790,0.517877739331027,0.417207792207792,0.800813008130081,1.061162079510700,0.288702928870293,0.000000000000000,0.000000000000000,0.000000000000000,0.000000000000000,0.000000000000000,0.000000000000000,0.000000000000000,0.000000000000000,0.000000000000000,0.000000000000000,0.000000000000000,0.000000000000000,0.000000000000000,0.000000000000000,0.000000000000000,0.000000000000000,0.000000000000000,0.000000000000000,0.000000000000000,0.000000000000000,0.000000000000000,0.000000000000000,0.000000000000000,0.000000000000000,0.000000000000000
2,8,46,0.002845360824742,0.023735504564520,0.075831530216877,0.175443054055771,0.312906476138133,0.576449054301403,0.731761006289308,0.876975814130642,0.743273542600897,1.043352601156070,0.861135890573892,0.810556760665221,0.840150250417362,0.746204933586338,0.758003255561584,0.481684981684982,0.720327421555252,0.305471124620061,0.245791245791246,0.496108949416342,0.412147505422993,0.329380764163373,0.202626641651032,0.405339805825243,0.187692307692308,0.213636363636364,0.068181818181818,0.000000000000000,0.000000000000000,0.000000000000000,0.000000000000000,0.000000000000000,0.000000000000000,0.000000000000000,0.000000000000000,0.000000000000000,0.000000000000000,0.000000000000000,0.000000000000000,0.000000000000000,0.000000000000000,0.000000000000000,0.000000000000000,0.000000000000000,0.000000000000000,0.000000000000000,0.000000000000000,0.000000000000000,0.000000000000000,0.000000000000000
2,8,47,0.001926418372743,0.018426122610285,0.068017585527313,0.173290937996820,0.249561767690746,0.436033216993621,0.515909090909091,0.600570342205323,0.580999327806408,0.712230215827338,0.673842524329106,0.714083510261854,0.828626692456480,0.664259927797834,0.604581673306773,0.475504322766571,0.396135265700483,0.520141342756184,0.478329393223010,0.299578059071730,0.340215439856373,0.117277486910995,0.129554655870445,0.024096385542169,0.347071583514100,0.037974683544304,0.000000000000000,0.272727272727273,0.000000000000000,0.000000000000000,0.000000000000000,0.000000000000000,0.000000000000000,0.000000000000000,0.000000000000000,0.000000000000000,0.000000000000000,0.000000000000000,0.000000000000000,0.000000000000000,0.000000000000000,0.000000000000000,0.000000000000000,0.000000000000000,0.000000000000000,0.000000000000000,0.000000000000000,0.000000000000000,0.000000000000000,0.000000000000000
2,8,48,0.002051246392935,0.017261499562385,0.064664620780360,0.089988159452704,0.199158485273492,0.350580390219807,0.385293654542592,0.374325581395349,0.397062096594703,0.480304621848740,0.558125380401704,0.484401782653411,0.415734526472782,0.446790176647997,0.395055744062046,0.467648605996844,0.435435435435435,0.301237964236589,0.348409893992933,0.211490424646128,0.202348690153568,0.339248434237996,0.155361050328228,0.182795698924731,0.441955193482688,0.257080610021787,0.162162162162162,0.209606986899563,1.461538461538460,0.000000000000000,0.000000000000000,0.000000000000000,0.000000000000000,0.000000000000000,0.000000000000000,0.000000000000000,0.000000000000000,0.000000000000000,0.000000000000000,0.000000000000000,0.000000000000000,0.000000000000000,0.000000000000000,0.000000000000000,0.000000000000000,0.000000000000000,0.000000000000000,0.000000000000000,0.000000000000000,0.000000000000000
2,8,49,0.000493048022877,0.012694072844449,0.061709135032068,0.114376489277204,0.137044107304330,0.249173826834104,0.305261416280609,0.330251256281407,0.359558316080055,0.477266684392449,0.397680977749922,0.426935091981951,0.463405238828968,0.298982750995135,0.373921380632790,0.256815703380589,0.325707405177604,0.300355871886121,0.184647302904564,0.340769230769231,0.183579335793358,0.183457051961824,0.114594594594595,0.281081081081081,0.292899408284024,0.103594080338266,0.000000000000000,0.000000000000000,0.272727272727273,0.935064935064935,0.000000000000000,0.000000000000000,0.000000000000000,0.000000000000000,0.000000000000000,0.000000000000000,0.000000000000000,0.000000000000000,0.000000000000000,0.000000000000000,0.000000000000000,0.000000000000000,0.000000000000000,0.000000000000000,0.000000000000000,0.000000000000000,0.000000000000000,0.000000000000000,0.000000000000000,0.000000000000000
2,8,50,0.001251440803557,0.007449827691060,0.039310386990279,0.098335623759353,0.142794616478827,0.280518748237948,0.209406110538963,0.236034115138593,0.279852579852580,0.191483361534123,0.296834625322997,0.413633119200571,0.223246492985972,0.245916515426497,0.273152478952292,0.236461126005362,0.224578914535246,0.168650793650794,0.349514563106796,0.264541832669323,0.221206581352834,0.060060060060060,0.348302300109529,0.180738786279683,0.130601792573624,0.101865136298422,0.000000000000000,0.071856287425150,0.056074766355140,0.134078212290503,0.000000000000000,0.000000000000000,0.000000000000000,0.000000000000000,0.000000000000000,0.000000000000000,0.000000000000000,0.000000000000000,0.000000000000000,0.000000000000000,0.000000000000000,0.000000000000000,0.000000000000000,0.000000000000000,0.000000000000000,0.000000000000000,0.000000000000000,0.000000000000000,0.000000000000000,0.000000000000000
2,8,51,0.001715265866209,0.014487569307816,0.048856304985337,0.079965850882186,0.132647679324895,0.223666666666667,0.177159880834161,0.306429232192414,0.300687757909216,0.248528044623489,0.171597633136095,0.232425843153190,0.303684879288437,0.362216624685139,0.304416403785489,0.232476635514019,0.089425587467363,0.195652173913043,0.132653061224490,0.174171622769754,0.066603235014272,0.144340602284528,0.220620842572062,0.102362204724409,0.158469945355191,0.268656716417910,0.086021505376344,0.062015503875969,0.275409836065574,0.000000000000000,0.176470588235294,0.000000000000000,0.000000000000000,0.000000000000000,0.000000000000000,0.000000000000000,0.000000000000000,0.000000000000000,0.000000000000000,0.000000000000000,0.000000000000000,0.000000000000000,0.000000000000000,0.000000000000000,0.000000000000000,0.000000000000000,0.000000000000000,0.000000000000000,0.000000000000000,0.000000000000000
2,8,52,0.001781623822856,0.009847086114662,0.056173344235487,0.111138073283184,0.247824022788416,0.158816660179058,0.162699329789693,0.181966766548624,0.207760464405744,0.239986648865154,0.196622889305816,0.240105540897098,0.222274216190922,0.185276679841897,0.131295981890209,0.107120352867045,0.180274330502939,0.129217516152190,0.202371541501976,0.303886925795053,0.078717201166181,0.140217391304348,0.015204678362573,0.351063829787234,0.097560975609756,0.015600624024961,0.000000000000000,0.000000000000000,0.000000000000000,0.000000000000000,0.000000000000000,0.000000000000000,0.000000000000000,0.000000000000000,0.000000000000000,0.000000000000000,0.000000000000000,0.000000000000000,0.000000000000000,0.000000000000000,0.000000000000000,0.000000000000000,0.000000000000000,0.000000000000000,0.000000000000000,0.000000000000000,0.000000000000000,0.000000000000000,0.000000000000000,0.000000000000000
2,8,53,0.000439020107121,0.012080924855491,0.053912213740458,0.094535094535095,0.152137327499159,0.231078904991948,0.169531996179561,0.187343880099917,0.144249512670565,0.276960784313726,0.169463774048301,0.229138475417230,0.070901033973412,0.091684434968017,0.128450704225352,0.099493029150824,0.097629009762901,0.070884146341463,0.169047619047619,0.162025316455696,0.158143939393939,0.053627760252366,0.123975409836066,0.125615763546798,0.173104434907010,0.019047619047619,0.113345521023766,0.046511627906977,0.000000000000000,0.000000000000000,0.000000000000000,0.000000000000000,0.000000000000000,0.000000000000000,0.000000000000000,0.000000000000000,0.000000000000000,0.000000000000000,0.000000000000000,0.000000000000000,0.000000000000000,0.000000000000000,0.000000000000000,0.000000000000000,0.000000000000000,0.000000000000000,0.000000000000000,0.000000000000000,0.000000000000000,0.000000000000000
2,8,54,0.000817327339600,0.005564964916526,0.051974626560262,0.069171056279457,0.083216783216783,0.127716828813910,0.090610802624937,0.120619158878505,0.207681849082257,0.123841305153875,0.089817880794702,0.139121854958066,0.113237639553429,0.076153418565870,0.214554579673777,0.092069892473118,0.146828225231646,0.093580819798917,0.110652353426920,0.188804554079696,0.066937119675456,0.136666666666667,0.000000000000000,0.027061855670103,0.145161290322581,0.058919803600655,0.015734265734266,0.050656660412758,0.000000000000000,0.060759493670886,0.000000000000000,0.000000000000000,0.000000000000000,0.000000000000000,0.000000000000000,0.000000000000000,0.000000000000000,0.000000000000000,0.000000000000000,0.000000000000000,0.000000000000000,0.000000000000000,0.000000000000000,0.000000000000000,0.000000000000000,0.000000000000000,0.000000000000000,0.000000000000000,0.000000000000000,0.000000000000000
2,8,55,0.001209232848455,0.005994754589734,0.040069470289046,0.048280535321023,0.130883301096067,0.073906083244397,0.107165109034268,0.064930431680343,0.171013253527148,0.127239320165365,0.176294820717131,0.072480848556276,0.114012738853503,0.057705363204345,0.154236060825489,0.127049180327869,0.239861949956859,0.138943248532290,0.164251207729469,0.057773109243698,0.110471806674338,0.095663265306122,0.018154311649017,0.253859348198971,0.037854889589905,0.000000000000000,0.050104384133612,0.000000000000000,0.147420147420147,0.000000000000000,0.000000000000000,0.000000000000000,0.000000000000000,0.000000000000000,0.000000000000000,0.000000000000000,0.000000000000000,0.000000000000000,0.000000000000000,0.000000000000000,0.000000000000000,0.000000000000000,0.000000000000000,0.000000000000000,0.000000000000000,0.000000000000000,0.000000000000000,0.000000000000000,0.000000000000000,0.000000000000000
2,8,56,0.000604716790970,0.004438399312764,0.030807365439094,0.043789679309784,0.115422885572139,0.089801767375209,0.116983209468759,0.109562398703404,0.108524072612470,0.145161290322581,0.190595297648824,0.156127588136542,0.084498480243161,0.101526211015262,0.067137809187279,0.114151681000782,0.215553677092139,0.102745792736935,0.058601134215501,0.160638297872340,0.043879907621247,0.041474654377880,0.048648648648649,0.088888888888889,0.147335423197492,0.000000000000000,0.046783625730994,0.053333333333333,0.000000000000000,0.352791878172589,0.000000000000000,0.000000000000000,0.000000000000000,0.000000000000000,0.000000000000000,0.000000000000000,0.000000000000000,0.000000000000000,0.000000000000000,0.000000000000000,0.000000000000000,0.000000000000000,0.000000000000000,0.000000000000000,0.000000000000000,0.000000000000000,0.000000000000000,0.000000000000000,0.000000000000000,0.000000000000000
2,8,57,0.000034350096180,0.003130558520100,0.037600389389146,0.046651856553475,0.032790143084261,0.056139512661252,0.126146151708808,0.105058365758755,0.088324488248673,0.084316295325470,0.114557278639320,0.105413105413105,0.059290953545232,0.013286713286713,0.015232292460015,0.093799682034976,0.067131647776809,0.064311594202899,0.032692307692308,0.026755852842809,0.052631578947368,0.078184110970996,0.032000000000000,0.000000000000000,0.000000000000000,0.000000000000000,0.000000000000000,0.049281314168378,0.000000000000000,0.286396181384248,0.000000000000000,0.000000000000000,0.000000000000000,0.000000000000000,0.072289156626506,0.000000000000000,0.000000000000000,0.000000000000000,0.000000000000000,0.000000000000000,0.000000000000000,0.000000000000000,0.000000000000000,0.000000000000000,0.000000000000000,0.000000000000000,0.000000000000000,0.000000000000000,0.000000000000000,0.000000000000000
2,8,58,0.001237575898209,0.003957357454369,0.021158423697435,0.055722625154785,0.036038027857617,0.055895865237366,0.028051787916153,0.031307550644567,0.078958420831583,0.032116788321168,0.090909090909091,0.058358662613982,0.066945606694561,0.100746268656716,0.048212801330008,0.031250000000000,0.068571428571429,0.056925996204934,0.025668449197861,0.000000000000000,0.043269230769231,0.048387096774194,0.032624113475177,0.017964071856287,0.170854271356784,0.005434782608696,0.013363028953229,0.000000000000000,0.229665071770335,0.000000000000000,0.000000000000000,0.000000000000000,0.000000000000000,0.455696202531646,0.000000000000000,0.000000000000000,0.000000000000000,0.000000000000000,0.000000000000000,0.000000000000000,0.000000000000000,0.000000000000000,0.000000000000000,0.000000000000000,0.000000000000000,0.000000000000000,0.000000000000000,0.000000000000000,0.000000000000000,0.000000000000000
2,8,59,0.000304202338012,0.003976670201485,0.022849843883054,0.008190476190476,0.047888652984194,0.064113238967527,0.033245556287031,0.040105940219448,0.022958057395144,0.076429980276134,0.088813940415964,0.059278350515464,0.014042867701404,0.082864038616251,0.065989847715736,0.136492890995261,0.010183299389002,0.064920273348519,0.038551401869159,0.060606060606061,0.031537450722733,0.051948051948052,0.053571428571429,0.033898305084746,0.000000000000000,0.000000000000000,0.000000000000000,0.000000000000000,0.073684210526316,0.000000000000000,0.000000000000000,0.000000000000000,0.000000000000000,0.000000000000000,0.000000000000000,0.000000000000000,0.000000000000000,0.000000000000000,0.000000000000000,0.000000000000000,0.000000000000000,0.000000000000000,0.000000000000000,0.000000000000000,0.000000000000000,0.000000000000000,0.000000000000000,0.000000000000000,0.000000000000000,0.000000000000000
2,8,60,0.000000000000000,0.005108359133127,0.017792792792793,0.007003209804494,0.019933554817276,0.014260597773003,0.006234691605433,0.013949883750969,0.016439909297052,0.044060052219321,0.013245033112583,0.019512195121951,0.022046589018303,0.042145593869732,0.051881993896236,0.012554585152838,0.035265989240885,0.043982895540623,0.048556430446194,0.098167539267016,0.016880486158001,0.040201005025126,0.073551263001486,0.000000000000000,0.025984251968504,0.040234702430847,0.000000000000000,0.013925152306353,0.010830324909747,0.007279344858963,0.010978956999085,0.033124440465533,0.000000000000000,0.000000000000000,0.000000000000000,0.041926851025870,0.000000000000000,0.000000000000000,0.000000000000000,0.000000000000000,0.009724473257699,0.000000000000000,0.000000000000000,0.000000000000000,0.000000000000000,0.000000000000000,0.000000000000000,0.000000000000000,0.000000000000000,0.000000000000000
2,8,61,0.000101404451655,0.005740156843722,0.014863463532665,0.018435834653608,0.007382668307260,0.009484842849172,0.019024171888988,0.016359387172163,0.032815704658658,0.051298701298701,0.025862068965517,0.005665722379603,0.061974324922532,0.039170506912442,0.033101975440470,0.025513033832501,0.018224573780129,0.007504690431520,0.067708333333333,0.029620090148101,0.070926966292135,0.088168801808591,0.018334606569901,0.000000000000000,0.077669902912621,0.083333333333333,0.000000000000000,0.000000000000000,0.000000000000000,0.000000000000000,0.000000000000000,0.068965517241379,0.000000000000000,0.000000000000000,0.020495303159693,0.000000000000000,0.000000000000000,0.000000000000000,0.000000000000000,0.000000000000000,0.000000000000000,0.000000000000000,0.000000000000000,0.000000000000000,0.000000000000000,0.000000000000000,0.000000000000000,0.000000000000000,0.000000000000000,0.000000000000000
2,8,62,0.000628679202149,0.001038961038961,0.015608860323654,0.004406538734897,0.018708609271523,0.028848053744319,0.010943629981417,0.027397260273973,0.013413242009132,0.007874015748032,0.037363412054988,0.021643286573146,0.026607538802661,0.011667476908119,0.000000000000000,0.040203850509626,0.006964596633778,0.019163763066202,0.007490636704120,0.000000000000000,0.000000000000000,0.017923823749067,0.000000000000000,0.020914020139427,0.000000000000000,0.000000000000000,0.000000000000000,0.000000000000000,0.023121387283237,0.000000000000000,0.000000000000000,0.000000000000000,0.032142857142857,0.037567084078712,0.040869565217391,0.115929941618015,0.000000000000000,0.000000000000000,0.020507812500000,0.012917115177610,0.000000000000000,0.000000000000000,0.000000000000000,0.000000000000000,0.000000000000000,0.000000000000000,0.000000000000000,0.000000000000000,0.000000000000000,0.000000000000000
2,8,63,0.000380107697181,0.001820830298616,0.023901581722320,0.014454845814978,0.016444792482381,0.002347417840376,0.021547301457008,0.009483667017914,0.006253256904638,0.021403091557669,0.027135678391960,0.000000000000000,0.034285714285714,0.014879649890591,0.009456264775414,0.012545739675902,0.028066528066528,0.020420070011669,0.000000000000000,0.032754010695187,0.000000000000000,0.024373259052925,0.016768292682927,0.017691659646167,0.019464720194647,0.000000000000000,0.000000000000000,0.000000000000000,0.000000000000000,0.031634446397188,0.005514705882353,0.000000000000000,0.000000000000000,0.000000000000000,0.060420315236427,0.000000000000000,0.000000000000000,0.000000000000000,0.000000000000000,0.000000000000000,0.000000000000000,0.000000000000000,0.000000000000000,0.000000000000000,0.000000000000000,0.000000000000000,0.000000000000000,0.000000000000000,0.000000000000000,0.000000000000000
2,8,64,0.000633111744223,0.002009093792958,0.009181532004197,0.007187912571512,0.007326578332034,0.002494209869945,0.012517666060973,0.005581395348837,0.001118067978533,0.000000000000000,0.012088650100739,0.034065934065934,0.014147130153597,0.104589585172109,0.011283497884344,0.016255899318301,0.000000000000000,0.000000000000000,0.000000000000000,0.000000000000000,0.009239516702203,0.000000000000000,0.019950124688279,0.041988003427592,0.024390243902439,0.000000000000000,0.000000000000000,0.021998166819432,0.000000000000000,0.022792022792023,0.011385199240987,0.000000000000000,0.045283018867925,0.020942408376963,0.000000000000000,0.028481012658228,0.000000000000000,0.000000000000000,0.000000000000000,0.000000000000000,0.000000000000000,0.000000000000000,0.000000000000000,0.000000000000000,0.000000000000000,0.000000000000000,0.000000000000000,0.000000000000000,0.000000000000000,0.000000000000000
2,8,65,0.000000000000000,0.000000000000000,0.000000000000000,0.000000000000000,0.000000000000000,0.000000000000000,0.000000000000000,0.000000000000000,0.031137724550898,0.000000000000000,0.000000000000000,0.000000000000000,0.021505376344086,0.182212581344902,0.000000000000000,0.026315789473684,0.000000000000000,0.063324538258575,0.000000000000000,0.000000000000000,0.000000000000000,0.000000000000000,0.000000000000000,0.000000000000000,0.000000000000000,0.040000000000000,0.000000000000000,0.000000000000000,0.000000000000000,0.000000000000000,0.000000000000000,0.085714285714286,0.000000000000000,0.000000000000000,0.000000000000000,0.033802816901408,0.000000000000000,0.000000000000000,0.000000000000000,0.000000000000000,0.000000000000000,0.000000000000000,0.000000000000000,0.000000000000000,0.000000000000000,0.000000000000000,0.000000000000000,0.000000000000000,0.000000000000000,0.000000000000000
2,8,66,0.000000000000000,0.000000000000000,0.032653061224490,0.000000000000000,0.000000000000000,0.000000000000000,0.026726057906459,0.000000000000000,0.027700831024931,0.000000000000000,0.000000000000000,0.000000000000000,0.100877192982456,0.096000000000000,0.091269841269841,0.000000000000000,0.000000000000000,0.000000000000000,0.000000000000000,0.000000000000000,0.000000000000000,0.303797468354430,0.000000000000000,0.000000000000000,0.000000000000000,0.138554216867470,0.000000000000000,0.000000000000000,0.000000000000000,0.000000000000000,0.000000000000000,0.000000000000000,0.000000000000000,0.179104477611940,0.000000000000000,0.000000000000000,0.000000000000000,0.000000000000000,0.000000000000000,0.000000000000000,0.000000000000000,0.000000000000000,0.000000000000000,0.000000000000000,0.000000000000000,0.000000000000000,0.000000000000000,0.000000000000000,0.000000000000000,0.000000000000000
2,8,67,0.000000000000000,0.000000000000000,0.000000000000000,0.000000000000000,0.000000000000000,0.000000000000000,0.000000000000000,0.000000000000000,0.000000000000000,0.000000000000000,0.000000000000000,0.000000000000000,0.049723756906077,0.000000000000000,0.000000000000000,0.000000000000000,0.000000000000000,0.000000000000000,0.000000000000000,0.000000000000000,0.000000000000000,0.307692307692308,0.000000000000000,0.000000000000000,0.000000000000000,0.000000000000000,0.000000000000000,0.000000000000000,0.000000000000000,0.000000000000000,0.000000000000000,0.000000000000000,0.000000000000000,0.000000000000000,0.000000000000000,0.000000000000000,0.000000000000000,0.000000000000000,0.000000000000000,0.000000000000000,0.000000000000000,0.000000000000000,0.000000000000000,0.000000000000000,0.000000000000000,0.000000000000000,0.000000000000000,0.000000000000000,0.000000000000000,0.000000000000000
2,8,68,0.000000000000000,0.000000000000000,0.000000000000000,0.000000000000000,0.000000000000000,0.056701030927835,0.000000000000000,0.000000000000000,0.000000000000000,0.135678391959799,0.000000000000000,0.000000000000000,0.000000000000000,0.000000000000000,0.000000000000000,0.000000000000000,0.000000000000000,0.000000000000000,0.000000000000000,0.000000000000000,0.000000000000000,0.000000000000000,0.000000000000000,0.000000000000000,0.000000000000000,0.123711340206186,0.000000000000000,0.000000000000000,0.000000000000000,0.000000000000000,0.000000000000000,0.000000000000000,0.000000000000000,0.000000000000000,0.000000000000000,0.000000000000000,0.000000000000000,0.000000000000000,0.000000000000000,0.000000000000000,0.000000000000000,0.000000000000000,0.000000000000000,0.000000000000000,0.000000000000000,0.000000000000000,0.000000000000000,0.000000000000000,0.000000000000000,0.000000000000000
2,8,69,0.000000000000000,0.000000000000000,0.000000000000000,0.000000000000000,0.000000000000000,0.000000000000000,0.000000000000000,0.000000000000000,0.000000000000000,0.000000000000000,0.000000000000000,0.000000000000000,0.000000000000000,0.000000000000000,0.000000000000000,0.000000000000000,0.000000000000000,0.000000000000000,0.000000000000000,0.000000000000000,0.000000000000000,0.000000000000000,0.000000000000000,0.000000000000000,0.000000000000000,0.000000000000000,0.000000000000000,0.000000000000000,0.000000000000000,0.000000000000000,0.000000000000000,0.000000000000000,0.000000000000000,0.000000000000000,0.000000000000000,0.000000000000000,0.000000000000000,0.000000000000000,0.000000000000000,0.000000000000000,0.000000000000000,0.000000000000000,0.000000000000000,0.000000000000000,0.000000000000000,0.000000000000000,0.000000000000000,0.000000000000000,0.000000000000000,0.000000000000000
2,9,20,0.384289439374185,0.000000000000000,0.000000000000000,0.000000000000000,0.000000000000000,0.000000000000000,0.000000000000000,0.000000000000000,0.000000000000000,0.000000000000000,0.000000000000000,0.000000000000000,0.000000000000000,0.000000000000000,0.000000000000000,0.000000000000000,0.000000000000000,0.000000000000000,0.000000000000000,0.000000000000000,0.000000000000000,0.000000000000000,0.000000000000000,0.000000000000000,0.000000000000000,0.000000000000000,0.000000000000000,0.000000000000000,0.000000000000000,0.000000000000000,0.000000000000000,0.000000000000000,0.000000000000000,0.000000000000000,0.000000000000000,0.000000000000000,0.000000000000000,0.000000000000000,0.000000000000000,0.000000000000000,0.000000000000000,0.000000000000000,0.000000000000000,0.000000000000000,0.000000000000000,0.000000000000000,0.000000000000000,0.000000000000000,0.000000000000000,0.000000000000000
2,9,21,0.261674541259202,1.399461641991920,0.000000000000000,0.000000000000000,0.000000000000000,0.000000000000000,0.000000000000000,0.000000000000000,0.000000000000000,0.000000000000000,0.000000000000000,0.000000000000000,0.000000000000000,0.000000000000000,0.000000000000000,0.000000000000000,0.000000000000000,0.000000000000000,0.000000000000000,0.000000000000000,0.000000000000000,0.000000000000000,0.000000000000000,0.000000000000000,0.000000000000000,0.000000000000000,0.000000000000000,0.000000000000000,0.000000000000000,0.000000000000000,0.000000000000000,0.000000000000000,0.000000000000000,0.000000000000000,0.000000000000000,0.000000000000000,0.000000000000000,0.000000000000000,0.000000000000000,0.000000000000000,0.000000000000000,0.000000000000000,0.000000000000000,0.000000000000000,0.000000000000000,0.000000000000000,0.000000000000000,0.000000000000000,0.000000000000000,0.000000000000000
2,9,22,0.277367395095927,1.251215845786540,2.397935103244840,0.000000000000000,0.000000000000000,0.000000000000000,0.000000000000000,0.000000000000000,0.000000000000000,0.000000000000000,0.000000000000000,0.000000000000000,0.000000000000000,0.000000000000000,0.000000000000000,0.000000000000000,0.000000000000000,0.000000000000000,0.000000000000000,0.000000000000000,0.000000000000000,0.000000000000000,0.000000000000000,0.000000000000000,0.000000000000000,0.000000000000000,0.000000000000000,0.000000000000000,0.000000000000000,0.000000000000000,0.000000000000000,0.000000000000000,0.000000000000000,0.000000000000000,0.000000000000000,0.000000000000000,0.000000000000000,0.000000000000000,0.000000000000000,0.000000000000000,0.000000000000000,0.000000000000000,0.000000000000000,0.000000000000000,0.000000000000000,0.000000000000000,0.000000000000000,0.000000000000000,0.000000000000000,0.000000000000000
2,9,23,0.281261752538548,1.213368673900440,0.532772502064410,2.133977172958740,0.000000000000000,0.000000000000000,0.000000000000000,0.000000000000000,0.000000000000000,0.000000000000000,0.000000000000000,0.000000000000000,0.000000000000000,0.000000000000000,0.000000000000000,0.000000000000000,0.000000000000000,0.000000000000000,0.000000000000000,0.000000000000000,0.000000000000000,0.000000000000000,0.000000000000000,0.000000000000000,0.000000000000000,0.000000000000000,0.000000000000000,0.000000000000000,0.000000000000000,0.000000000000000,0.000000000000000,0.000000000000000,0.000000000000000,0.000000000000000,0.000000000000000,0.000000000000000,0.000000000000000,0.000000000000000,0.000000000000000,0.000000000000000,0.000000000000000,0.000000000000000,0.000000000000000,0.000000000000000,0.000000000000000,0.000000000000000,0.000000000000000,0.000000000000000,0.000000000000000,0.000000000000000
2,9,24,0.296050509240057,1.306925163555130,0.596386659249252,2.102101059211670,6.043888888888890,0.000000000000000,0.000000000000000,0.000000000000000,0.000000000000000,0.000000000000000,0.000000000000000,0.000000000000000,0.000000000000000,0.000000000000000,0.000000000000000,0.000000000000000,0.000000000000000,0.000000000000000,0.000000000000000,0.000000000000000,0.000000000000000,0.000000000000000,0.000000000000000,0.000000000000000,0.000000000000000,0.000000000000000,0.000000000000000,0.000000000000000,0.000000000000000,0.000000000000000,0.000000000000000,0.000000000000000,0.000000000000000,0.000000000000000,0.000000000000000,0.000000000000000,0.000000000000000,0.000000000000000,0.000000000000000,0.000000000000000,0.000000000000000,0.000000000000000,0.000000000000000,0.000000000000000,0.000000000000000,0.000000000000000,0.000000000000000,0.000000000000000,0.000000000000000,0.000000000000000
2,9,25,0.302925113394427,1.367661884451340,0.644444444444444,2.129569979062650,3.463575145393330,7.196124031007750,0.000000000000000,0.000000000000000,0.000000000000000,0.000000000000000,0.000000000000000,0.000000000000000,0.000000000000000,0.000000000000000,0.000000000000000,0.000000000000000,0.000000000000000,0.000000000000000,0.000000000000000,0.000000000000000,0.000000000000000,0.000000000000000,0.000000000000000,0.000000000000000,0.000000000000000,0.000000000000000,0.000000000000000,0.000000000000000,0.000000000000000,0.000000000000000,0.000000000000000,0.000000000000000,0.000000000000000,0.000000000000000,0.000000000000000,0.000000000000000,0.000000000000000,0.000000000000000,0.000000000000000,0.000000000000000,0.000000000000000,0.000000000000000,0.000000000000000,0.000000000000000,0.000000000000000,0.000000000000000,0.000000000000000,0.000000000000000,0.000000000000000,0.000000000000000
2,9,26,0.307298886286506,1.410463861920170,0.752629919454238,2.415115085764550,4.045763672428450,6.159826589595380,11.977461447212300,0.000000000000000,0.000000000000000,0.000000000000000,0.000000000000000,0.000000000000000,0.000000000000000,0.000000000000000,0.000000000000000,0.000000000000000,0.000000000000000,0.000000000000000,0.000000000000000,0.000000000000000,0.000000000000000,0.000000000000000,0.000000000000000,0.000000000000000,0.000000000000000,0.000000000000000,0.000000000000000,0.000000000000000,0.000000000000000,0.000000000000000,0.000000000000000,0.000000000000000,0.000000000000000,0.000000000000000,0.000000000000000,0.000000000000000,0.000000000000000,0.000000000000000,0.000000000000000,0.000000000000000,0.000000000000000,0.000000000000000,0.000000000000000,0.000000000000000,0.000000000000000,0.000000000000000,0.000000000000000,0.000000000000000,0.000000000000000,0.000000000000000
2,9,27,0.317381577667542,1.473414525471560,0.811475409836066,2.257596822244290,4.190106094251170,6.306282722513090,10.366509433962300,14.493569131832800,0.000000000000000,0.000000000000000,0.000000000000000,0.000000000000000,0.000000000000000,0.000000000000000,0.000000000000000,0.000000000000000,0.000000000000000,0.000000000000000,0.000000000000000,0.000000000000000,0.000000000000000,0.000000000000000,0.000000000000000,0.000000000000000,0.000000000000000,0.000000000000000,0.000000000000000,0.000000000000000,0.000000000000000,0.000000000000000,0.000000000000000,0.000000000000000,0.000000000000000,0.000000000000000,0.000000000000000,0.000000000000000,0.000000000000000,0.000000000000000,0.000000000000000,0.000000000000000,0.000000000000000,0.000000000000000,0.000000000000000,0.000000000000000,0.000000000000000,0.000000000000000,0.000000000000000,0.000000000000000,0.000000000000000,0.000000000000000
2,9,28,0.297619675938143,1.452450019600160,0.844387443508000,2.463138967377340,4.265400648448360,6.831353415358510,10.130962004850400,13.496532593620000,17.778260869565200,0.000000000000000,0.000000000000000,0.000000000000000,0.000000000000000,0.000000000000000,0.000000000000000,0.000000000000000,0.000000000000000,0.000000000000000,0.000000000000000,0.000000000000000,0.000000000000000,0.000000000000000,0.000000000000000,0.000000000000000,0.000000000000000,0.000000000000000,0.000000000000000,0.000000000000000,0.000000000000000,0.000000000000000,0.000000000000000,0.000000000000000,0.000000000000000,0.000000000000000,0.000000000000000,0.000000000000000,0.000000000000000,0.000000000000000,0.000000000000000,0.000000000000000,0.000000000000000,0.000000000000000,0.000000000000000,0.000000000000000,0.000000000000000,0.000000000000000,0.000000000000000,0.000000000000000,0.000000000000000,0.000000000000000
2,9,29,0.289664252797893,1.381025064267350,0.920936577937117,2.445850482216350,4.582301451750640,6.769216205982580,10.422207876049100,13.407065217391300,16.586429725363500,19.415233415233400,0.000000000000000,0.000000000000000,0.000000000000000,0.000000000000000,0.000000000000000,0.000000000000000,0.000000000000000,0.000000000000000,0.000000000000000,0.000000000000000,0.000000000000000,0.000000000000000,0.000000000000000,0.000000000000000,0.000000000000000,0.000000000000000,0.000000000000000,0.000000000000000,0.000000000000000,0.000000000000000,0.000000000000000,0.000000000000000,0.000000000000000,0.000000000000000,0.000000000000000,0.000000000000000,0.000000000000000,0.000000000000000,0.000000000000000,0.000000000000000,0.000000000000000,0.000000000000000,0.000000000000000,0.000000000000000,0.000000000000000,0.000000000000000,0.000000000000000,0.000000000000000,0.000000000000000,0.000000000000000
2,9,30,0.261739229541828,1.288341488105280,0.848760412863828,2.304239249604090,4.268662796618800,6.827390869710100,10.095158597662800,12.519691433211500,15.455919395466000,18.158454106280200,25.508474576271200,0.000000000000000,0.000000000000000,0.000000000000000,0.000000000000000,0.000000000000000,0.000000000000000,0.000000000000000,0.000000000000000,0.000000000000000,0.000000000000000,0.000000000000000,0.000000000000000,0.000000000000000,0.000000000000000,0.000000000000000,0.000000000000000,0.000000000000000,0.000000000000000,0.000000000000000,0.000000000000000,0.000000000000000,0.000000000000000,0.000000000000000,0.000000000000000,0.000000000000000,0.000000000000000,0.000000000000000,0.000000000000000,0.000000000000000,0.000000000000000,0.000000000000000,0.000000000000000,0.000000000000000,0.000000000000000,0.000000000000000,0.000000000000000,0.000000000000000,0.000000000000000,0.000000000000000
2,9,31,0.226759744037231,1.206369868957740,0.786321414481942,2.138205980066450,3.985128617363340,6.477126143692820,9.568576796618130,10.968225633702200,13.913907284768200,16.329286798179100,20.160322952710500,22.068965517241400,0.000000000000000,0.000000000000000,0.000000000000000,0.000000000000000,0.000000000000000,0.000000000000000,0.000000000000000,0.000000000000000,0.000000000000000,0.000000000000000,0.000000000000000,0.000000000000000,0.000000000000000,0.000000000000000,0.000000000000000,0.000000000000000,0.000000000000000,0.000000000000000,0.000000000000000,0.000000000000000,0.000000000000000,0.000000000000000,0.000000000000000,0.000000000000000,0.000000000000000,0.000000000000000,0.000000000000000,0.000000000000000,0.000000000000000,0.000000000000000,0.000000000000000,0.000000000000000,0.000000000000000,0.000000000000000,0.000000000000000,0.000000000000000,0.000000000000000,0.000000000000000
2,9,32,0.208748647263200,1.108612643190500,0.805434823689482,2.020003670398240,3.792805189699230,5.772369571553480,8.359241508647640,10.721017635154700,13.134468085106400,15.052984165651600,17.453599306157800,19.138418079096000,21.466911764705900,0.000000000000000,0.000000000000000,0.000000000000000,0.000000000000000,0.000000000000000,0.000000000000000,0.000000000000000,0.000000000000000,0.000000000000000,0.000000000000000,0.000000000000000,0.000000000000000,0.000000000000000,0.000000000000000,0.000000000000000,0.000000000000000,0.000000000000000,0.000000000000000,0.000000000000000,0.000000000000000,0.000000000000000,0.000000000000000,0.000000000000000,0.000000000000000,0.000000000000000,0.000000000000000,0.000000000000000,0.000000000000000,0.000000000000000,0.000000000000000,0.000000000000000,0.000000000000000,0.000000000000000,0.000000000000000,0.000000000000000,0.000000000000000,0.000000000000000
2,9,33,0.198843173633090,0.994384651380440,0.808375485237031,1.905971425082430,3.532185628742520,5.498682202802050,7.660578978045460,9.746088740702740,12.161522633744900,12.889155470249500,15.640283140283100,19.397683397683400,20.202328966521100,19.956331877729300,0.000000000000000,0.000000000000000,0.000000000000000,0.000000000000000,0.000000000000000,0.000000000000000,0.000000000000000,0.000000000000000,0.000000000000000,0.000000000000000,0.000000000000000,0.000000000000000,0.000000000000000,0.000000000000000,0.000000000000000,0.000000000000000,0.000000000000000,0.000000000000000,0.000000000000000,0.000000000000000,0.000000000000000,0.000000000000000,0.000000000000000,0.000000000000000,0.000000000000000,0.000000000000000,0.000000000000000,0.000000000000000,0.000000000000000,0.000000000000000,0.000000000000000,0.000000000000000,0.000000000000000,0.000000000000000,0.000000000000000,0.000000000000000
2,9,34,0.204848034795523,0.910454377539712,0.766910233906193,1.765335147167940,3.366752356469580,5.297915538711420,7.253931722286150,9.040068829891840,10.622647237401300,12.470350947962900,14.582637729549200,16.151869158878500,17.891552511415500,19.506309148265000,20.418326693227100,0.000000000000000,0.000000000000000,0.000000000000000,0.000000000000000,0.000000000000000,0.000000000000000,0.000000000000000,0.000000000000000,0.000000000000000,0.000000000000000,0.000000000000000,0.000000000000000,0.000000000000000,0.000000000000000,0.000000000000000,0.000000000000000,0.000000000000000,0.000000000000000,0.000000000000000,0.000000000000000,0.000000000000000,0.000000000000000,0.000000000000000,0.000000000000000,0.000000000000000,0.000000000000000,0.000000000000000,0.000000000000000,0.000000000000000,0.000000000000000,0.000000000000000,0.000000000000000,0.000000000000000,0.000000000000000,0.000000000000000
2,9,35,0.216264521894549,0.862852877307275,0.766740680144911,1.721799264052790,3.450489438433800,5.033645120759460,6.781114258734660,8.731314118221790,9.624273922347910,12.431634446397200,13.877762742444700,14.646123260437400,17.370666666666700,17.381707317073200,22.036332179930800,19.242677824267800,0.000000000000000,0.000000000000000,0.000000000000000,0.000000000000000,0.000000000000000,0.000000000000000,0.000000000000000,0.000000000000000,0.000000000000000,0.000000000000000,0.000000000000000,0.000000000000000,0.000000000000000,0.000000000000000,0.000000000000000,0.000000000000000,0.000000000000000,0.000000000000000,0.000000000000000,0.000000000000000,0.000000000000000,0.000000000000000,0.000000000000000,0.000000000000000,0.000000000000000,0.000000000000000,0.000000000000000,0.000000000000000,0.000000000000000,0.000000000000000,0.000000000000000,0.000000000000000,0.000000000000000,0.000000000000000
2,9,36,0.235671537175824,0.994714587737844,0.902498358883268,1.845142308154200,3.433544303797470,4.915937455171420,6.696341003394950,8.219579773724310,8.959432624113480,11.627923458540000,13.356089338390200,13.566437268396000,14.625000000000000,14.837656099903900,15.368491321762400,21.343570057581600,18.256410256410300,0.000000000000000,0.000000000000000,0.000000000000000,0.000000000000000,0.000000000000000,0.000000000000000,0.000000000000000,0.000000000000000,0.000000000000000,0.000000000000000,0.000000000000000,0.000000000000000,0.000000000000000,0.000000000000000,0.000000000000000,0.000000000000000,0.000000000000000,0.000000000000000,0.000000000000000,0.000000000000000,0.000000000000000,0.000000000000000,0.000000000000000,0.000000000000000,0.000000000000000,0.000000000000000,0.000000000000000,0.000000000000000,0.000000000000000,0.000000000000000,0.000000000000000,0.000000000000000,0.000000000000000
2,9,37,0.114852709691927,0.737996986965350,0.809808151629555,1.562057626929720,2.747488151658770,4.129291553133520,5.680495588511360,6.887807139545670,7.541643835616440,8.369134170522140,10.124396135265700,10.948788294467300,12.372194854953500,12.949397590361400,16.059244126659900,12.665204678362600,13.531531531531500,15.546511627907000,0.000000000000000,0.000000000000000,0.000000000000000,0.000000000000000,0.000000000000000,0.000000000000000,0.000000000000000,0.000000000000000,0.000000000000000,0.000000000000000,0.000000000000000,0.000000000000000,0.000000000000000,0.000000000000000,0.000000000000000,0.000000000000000,0.000000000000000,0.000000000000000,0.000000000000000,0.000000000000000,0.000000000000000,0.000000000000000,0.000000000000000,0.000000000000000,0.000000000000000,0.000000000000000,0.000000000000000,0.000000000000000,0.000000000000000,0.000000000000000,0.000000000000000,0.000000000000000
2,9,38,0.083318858201610,0.333725336469358,0.460665206134236,1.056637263339070,2.031714654061020,2.982534994221140,4.107889048991350,5.170277960166340,6.141101015499730,6.763183125599230,7.754308764209750,9.022727272727270,7.975250131648240,8.664290343486710,10.336555360281200,11.393728222996500,11.406779661016900,11.954545454545500,13.478571428571400,0.000000000000000,0.000000000000000,0.000000000000000,0.000000000000000,0.000000000000000,0.000000000000000,0.000000000000000,0.000000000000000,0.000000000000000,0.000000000000000,0.000000000000000,0.000000000000000,0.000000000000000,0.000000000000000,0.000000000000000,0.000000000000000,0.000000000000000,0.000000000000000,0.000000000000000,0.000000000000000,0.000000000000000,0.000000000000000,0.000000000000000,0.000000000000000,0.000000000000000,0.000000000000000,0.000000000000000,0.000000000000000,0.000000000000000,0.000000000000000,0.000000000000000
2,9,39,0.064604968730277,0.258444516758868,0.285440286420595,0.725675898904245,1.584025340296210,2.322627737226280,3.073320799863270,3.821577675236210,4.519957424161790,5.348438456827920,5.275887850467290,5.696319018404910,6.288135593220340,6.436904761904760,7.347375690607730,7.787500000000000,8.146276595744680,10.315018315018300,9.950372208436730,10.967948717948700,0.000000000000000,0.000000000000000,0.000000000000000,0.000000000000000,0.000000000000000,0.000000000000000,0.000000000000000,0.000000000000000,0.000000000000000,0.000000000000000,0.000000000000000,0.000000000000000,0.000000000000000,0.000000000000000,0.000000000000000,0.000000000000000,0.000000000000000,0.000000000000000,0.000000000000000,0.000000000000000,0.000000000000000,0.000000000000000,0.000000000000000,0.000000000000000,0.000000000000000,0.000000000000000,0.000000000000000,0.000000000000000,0.000000000000000,0.000000000000000
2,9,40,0.047681740125930,0.220528125608253,0.189777675911070,0.386820636562105,0.885675970161763,1.440041953152310,2.055113093341830,2.743740795287190,3.230541341233500,3.724816544362910,4.178259217027750,4.134623655913980,4.924963217263360,4.630599185573010,5.862719583604420,5.249802994483850,5.439232409381660,6.588325652841780,6.885601577909270,8.762532981530340,7.729323308270680,0.000000000000000,0.000000000000000,0.000000000000000,0.000000000000000,0.000000000000000,0.000000000000000,0.000000000000000,0.000000000000000,0.000000000000000,0.000000000000000,0.000000000000000,0.000000000000000,0.000000000000000,0.000000000000000,0.000000000000000,0.000000000000000,0.000000000000000,0.000000000000000,0.000000000000000,0.000000000000000,0.000000000000000,0.000000000000000,0.000000000000000,0.000000000000000,0.000000000000000,0.000000000000000,0.000000000000000,0.000000000000000,0.000000000000000
2,9,41,0.030721797059957,0.164540734568297,0.163109608884597,0.320002380527287,0.514487754398068,0.908826269212855,1.545510079413560,1.903631010794900,2.398337112622830,2.855455393223500,3.031515580736540,3.075873827791990,3.251073985680190,3.849914724275160,3.514423076923080,4.310439560439560,4.259228187919460,4.125443786982250,4.519623233908950,6.491304347826090,4.987987987987990,7.090909090909090,0.000000000000000,0.000000000000000,0.000000000000000,0.000000000000000,0.000000000000000,0.000000000000000,0.000000000000000,0.000000000000000,0.000000000000000,0.000000000000000,0.000000000000000,0.000000000000000,0.000000000000000,0.000000000000000,0.000000000000000,0.000000000000000,0.000000000000000,0.000000000000000,0.000000000000000,0.000000000000000,0.000000000000000,0.000000000000000,0.000000000000000,0.000000000000000,0.000000000000000,0.000000000000000,0.000000000000000,0.000000000000000
2,9,42,0.027830487033523,0.105442978322337,0.129778197262860,0.212388862891905,0.351696744667991,0.543623388581952,0.795684720387494,1.225542973825880,1.535337310692980,1.970805072250070,2.181141439205960,2.343053867962740,2.437349975996160,2.476923076923080,2.576000000000000,3.076065573770490,3.724693251533740,3.388475836431230,3.279301745635910,4.228813559322030,4.505592841163310,4.489795918367350,3.317757009345790,0.000000000000000,0.000000000000000,0.000000000000000,0.000000000000000,0.000000000000000,0.000000000000000,0.000000000000000,0.000000000000000,0.000000000000000,0.000000000000000,0.000000000000000,0.000000000000000,0.000000000000000,0.000000000000000,0.000000000000000,0.000000000000000,0.000000000000000,0.000000000000000,0.000000000000000,0.000000000000000,0.000000000000000,0.000000000000000,0.000000000000000,0.000000000000000,0.000000000000000,0.000000000000000,0.000000000000000
2,9,43,0.021666249687265,0.076635200804335,0.093972748872618,0.144161322008436,0.243236388231316,0.342781730548543,0.468874172185430,0.747795738427627,1.011556912341910,1.252387448840380,1.687244201909960,1.465949820788530,1.910313901345290,1.707593688362920,1.702367531003380,1.821287779237850,2.133928571428570,2.097315436241610,2.136316337148800,2.421555252387450,2.754295532646050,3.384422110552760,4.608365019011410,4.740740740740740,0.000000000000000,0.000000000000000,0.000000000000000,0.000000000000000,0.000000000000000,0.000000000000000,0.000000000000000,0.000000000000000,0.000000000000000,0.000000000000000,0.000000000000000,0.000000000000000,0.000000000000000,0.000000000000000,0.000000000000000,0.000000000000000,0.000000000000000,0.000000000000000,0.000000000000000,0.000000000000000,0.000000000000000,0.000000000000000,0.000000000000000,0.000000000000000,0.000000000000000,0.000000000000000
2,9,44,0.011908549611381,0.045694011396624,0.057950811510505,0.089826331846984,0.151376535366370,0.206831787768517,0.351590636254502,0.390989988876529,0.568840579710145,0.704725415070243,0.857142857142857,0.994795539033457,1.098988121425430,1.015617128463480,1.159702346880370,1.074051026757930,0.997050147492625,1.154090548054010,1.579335793357930,1.777083333333330,1.556998556998560,1.769980506822610,3.502702702702700,3.103896103896100,3.884955752212390,0.000000000000000,0.000000000000000,0.000000000000000,0.000000000000000,0.000000000000000,0.000000000000000,0.000000000000000,0.000000000000000,0.000000000000000,0.000000000000000,0.000000000000000,0.000000000000000,0.000000000000000,0.000000000000000,0.000000000000000,0.000000000000000,0.000000000000000,0.000000000000000,0.000000000000000,0.000000000000000,0.000000000000000,0.000000000000000,0.000000000000000,0.000000000000000,0.000000000000000
2,9,45,0.008818267018829,0.029054054054054,0.033295594895019,0.055775919936535,0.102936036350926,0.135548011639185,0.146010186757216,0.192780052102717,0.304913619026251,0.318070318887980,0.489519112207152,0.632503660322108,0.676218990590248,0.537698412698413,0.601639344262295,0.590849673202614,0.621959694232106,0.730364372469636,0.994633273703041,0.494252873563218,1.053056516724340,1.144480519480520,1.119918699186990,1.464831804281350,2.309623430962340,0.640449438202247,0.000000000000000,0.000000000000000,0.000000000000000,0.000000000000000,0.000000000000000,0.000000000000000,0.000000000000000,0.000000000000000,0.000000000000000,0.000000000000000,0.000000000000000,0.000000000000000,0.000000000000000,0.000000000000000,0.000000000000000,0.000000000000000,0.000000000000000,0.000000000000000,0.000000000000000,0.000000000000000,0.000000000000000,0.000000000000000,0.000000000000000,0.000000000000000
2,9,46,0.005319587628866,0.015692079940785,0.018366628088361,0.021850981388554,0.042410918750573,0.061744966442953,0.063522012578616,0.086459721957722,0.130269058295964,0.094587493431424,0.145108534046982,0.163051337671728,0.159849749582638,0.190227703984820,0.199131850244167,0.346764346764347,0.181446111869031,0.268237082066869,0.270202020202020,0.230544747081712,0.381778741865510,0.430830039525692,0.459662288930582,0.922330097087379,0.535384615384615,1.381818181818180,1.295454545454550,0.000000000000000,0.000000000000000,0.000000000000000,0.000000000000000,0.000000000000000,0.000000000000000,0.000000000000000,0.000000000000000,0.000000000000000,0.000000000000000,0.000000000000000,0.000000000000000,0.000000000000000,0.000000000000000,0.000000000000000,0.000000000000000,0.000000000000000,0.000000000000000,0.000000000000000,0.000000000000000,0.000000000000000,0.000000000000000,0.000000000000000
2,9,47,0.003248470197175,0.012251148545176,0.012279549244530,0.024292527821940,0.018175108404834,0.030569262245758,0.044545454545455,0.047718631178707,0.092090522070356,0.053956834532374,0.087289884989679,0.118895966029724,0.089361702127660,0.063176895306859,0.141932270916335,0.140057636887608,0.077898550724638,0.156183745583039,0.241134751773050,0.124894514767932,0.149910233393178,0.168586387434555,0.133603238866397,0.518072289156627,0.648590021691974,0.639240506329114,0.507177033492823,1.477272727272730,0.000000000000000,0.000000000000000,0.000000000000000,0.000000000000000,0.000000000000000,0.000000000000000,0.000000000000000,0.000000000000000,0.000000000000000,0.000000000000000,0.000000000000000,0.000000000000000,0.000000000000000,0.000000000000000,0.000000000000000,0.000000000000000,0.000000000000000,0.000000000000000,0.000000000000000,0.000000000000000,0.000000000000000,0.000000000000000
2,9,48,0.003163786809443,0.012885344743752,0.011946514686541,0.018615971582687,0.024310425432445,0.022968634230674,0.023145961265942,0.051720930232558,0.042065435121300,0.124737394957983,0.089774802191114,0.071306136441550,0.101416853094705,0.092632485997415,0.074648570043626,0.214097843240400,0.081681681681682,0.147180192572215,0.120141342756184,0.148209825145712,0.116531165311653,0.149269311064718,0.157549234135667,0.237903225806452,0.708757637474542,0.322440087145970,0.560810810810811,1.537117903930130,0.269230769230769,0.000000000000000,0.000000000000000,0.000000000000000,0.000000000000000,0.000000000000000,0.000000000000000,0.000000000000000,0.000000000000000,0.000000000000000,0.000000000000000,0.000000000000000,0.000000000000000,0.000000000000000,0.000000000000000,0.000000000000000,0.000000000000000,0.000000000000000,0.000000000000000,0.000000000000000,0.000000000000000,0.000000000000000
2,9,49,0.003221247082799,0.011864075773850,0.007800312012481,0.011914217633042,0.029739776951673,0.032782551222736,0.039708802117803,0.060100502512563,0.102369450195537,0.035894708854028,0.091820745847697,0.074279763970844,0.081664098613251,0.068111455108359,0.023489932885906,0.178844056706652,0.072847682119205,0.079003558718861,0.094744121715076,0.127692307692308,0.109778597785978,0.230116648992577,0.124324324324324,0.139189189189189,0.467455621301775,0.287526427061311,0.339667458432304,0.280851063829787,1.210227272727270,0.857142857142857,0.000000000000000,0.000000000000000,0.000000000000000,0.000000000000000,0.000000000000000,0.000000000000000,0.000000000000000,0.000000000000000,0.000000000000000,0.000000000000000,0.000000000000000,0.000000000000000,0.000000000000000,0.000000000000000,0.000000000000000,0.000000000000000,0.000000000000000,0.000000000000000,0.000000000000000,0.000000000000000
2,9,50,0.002173555079862,0.008260693290087,0.011493550162010,0.009238051610933,0.021884232410548,0.017479560191711,0.046687263989015,0.027505330490405,0.058230958230958,0.041737168640722,0.053940568475452,0.060670949321913,0.132264529058116,0.150635208711434,0.092142188961646,0.105093833780161,0.149719276356831,0.053571428571429,0.129947722180732,0.103585657370518,0.101462522851920,0.138138138138138,0.182913472070099,0.125329815303430,0.216389244558259,0.342898134863702,0.487858719646799,0.452095808383234,1.000000000000000,0.000000000000000,2.121212121212120,0.000000000000000,0.000000000000000,0.000000000000000,0.000000000000000,0.000000000000000,0.000000000000000,0.000000000000000,0.000000000000000,0.000000000000000,0.000000000000000,0.000000000000000,0.000000000000000,0.000000000000000,0.000000000000000,0.000000000000000,0.000000000000000,0.000000000000000,0.000000000000000,0.000000000000000
2,9,51,0.000857632933105,0.007154355213736,0.011143695014663,0.019161449440334,0.017273206751055,0.019833333333333,0.021847070506455,0.020814061054579,0.033837689133425,0.033157731639294,0.066829098503307,0.134904510361642,0.069462092333757,0.085642317380353,0.043638275499474,0.074766355140187,0.101827676240209,0.042075736325386,0.070643642072214,0.034834324553951,0.062797335870599,0.130841121495327,0.140798226164080,0.065616797900263,0.169398907103825,0.170149253731343,0.318996415770609,0.444444444444444,0.468852459016393,0.162895927601810,0.441176470588235,0.967741935483871,0.000000000000000,0.000000000000000,0.000000000000000,0.000000000000000,0.000000000000000,0.000000000000000,0.000000000000000,0.000000000000000,0.000000000000000,0.000000000000000,0.000000000000000,0.000000000000000,0.000000000000000,0.000000000000000,0.000000000000000,0.000000000000000,0.000000000000000,0.000000000000000
2,9,52,0.000954441333673,0.004071391374331,0.010139002452985,0.007037126910944,0.028802025636968,0.005644219540677,0.015021955165242,0.016071915009534,0.058661778185151,0.027369826435247,0.086679174484053,0.021547933157432,0.056621431913898,0.077569169960474,0.061120543293718,0.064272211720227,0.051600261267146,0.076094759511845,0.033201581027668,0.051236749116608,0.071914480077745,0.063043478260870,0.174269005847953,0.063829787234043,0.119241192411924,0.149765990639626,0.160330578512397,0.073529411764706,0.300791556728232,0.307086614173228,0.957219251336898,0.550000000000000,0.000000000000000,0.000000000000000,0.000000000000000,0.000000000000000,0.000000000000000,0.000000000000000,0.000000000000000,0.000000000000000,0.000000000000000,0.000000000000000,0.000000000000000,0.000000000000000,0.000000000000000,0.000000000000000,0.000000000000000,0.000000000000000,0.000000000000000,0.000000000000000
2,9,53,0.000497556121404,0.002427745664740,0.007442748091603,0.013209013209013,0.010265903736116,0.007447665056361,0.010267430754537,0.014987510407993,0.018843404808317,0.035364145658263,0.019647973802702,0.012178619756428,0.014771048744461,0.000000000000000,0.024788732394366,0.033586818757921,0.091352859135286,0.039634146341463,0.056349206349206,0.024472573839662,0.031250000000000,0.065194532071504,0.066598360655738,0.070197044334975,0.084406294706724,0.036507936507937,0.053016453382084,0.023255813953488,0.058004640371230,0.252707581227437,0.109170305676856,0.219653179190751,0.128440366972477,0.642857142857143,0.000000000000000,0.000000000000000,0.000000000000000,0.000000000000000,0.000000000000000,0.000000000000000,0.000000000000000,0.000000000000000,0.000000000000000,0.000000000000000,0.000000000000000,0.000000000000000,0.000000000000000,0.000000000000000,0.000000000000000,0.000000000000000
2,9,54,0.000029190262129,0.001451729978224,0.002762430939227,0.001108954810091,0.012587412587413,0.007037880356034,0.014891468955073,0.006133177570093,0.016655336505778,0.009269558769003,0.009519867549669,0.031080414405525,0.013822434875067,0.014452473596443,0.016938519447930,0.010080645161290,0.018531717747684,0.004640371229698,0.014037985136251,0.019924098671727,0.025354969574037,0.035555555555556,0.063291139240506,0.034793814432990,0.024926686217009,0.016366612111293,0.111888111888112,0.043151969981238,0.016509433962264,0.106329113924051,0.117391304347826,0.180487804878049,0.072727272727273,0.000000000000000,0.250000000000000,0.000000000000000,0.000000000000000,0.000000000000000,0.000000000000000,0.000000000000000,0.000000000000000,0.000000000000000,0.000000000000000,0.000000000000000,0.000000000000000,0.000000000000000,0.000000000000000,0.000000000000000,0.000000000000000,0.000000000000000
2,9,55,0.000000000000000,0.000224803297115,0.000000000000000,0.001694053870913,0.000214915108532,0.001600853788687,0.004361370716511,0.002854084909026,0.000000000000000,0.004593477262288,0.006972111553785,0.000000000000000,0.005095541401274,0.000000000000000,0.010861694424330,0.000000000000000,0.000000000000000,0.000000000000000,0.000000000000000,0.002100840336134,0.011507479861910,0.000000000000000,0.000000000000000,0.010291595197256,0.011041009463722,0.009578544061303,0.018789144050104,0.013986013986014,0.019656019656020,0.036036036036036,0.022950819672131,0.022222222222222,0.000000000000000,0.030303030303030,0.000000000000000,0.000000000000000,0.000000000000000,0.000000000000000,0.000000000000000,0.000000000000000,0.000000000000000,0.000000000000000,0.000000000000000,0.000000000000000,0.000000000000000,0.000000000000000,0.000000000000000,0.000000000000000,0.000000000000000,0.000000000000000
2,9,56,0.000000000000000,0.000000000000000,0.000000000000000,0.000000000000000,0.000000000000000,0.000000000000000,0.000000000000000,0.000000000000000,0.000000000000000,0.000000000000000,0.000000000000000,0.000000000000000,0.000000000000000,0.000000000000000,0.000000000000000,0.000000000000000,0.000000000000000,0.000000000000000,0.000000000000000,0.000000000000000,0.000000000000000,0.000000000000000,0.000000000000000,0.000000000000000,0.000000000000000,0.000000000000000,0.000000000000000,0.000000000000000,0.000000000000000,0.000000000000000,0.000000000000000,0.000000000000000,0.000000000000000,0.000000000000000,0.000000000000000,0.000000000000000,0.000000000000000,0.000000000000000,0.000000000000000,0.000000000000000,0.000000000000000,0.000000000000000,0.000000000000000,0.000000000000000,0.000000000000000,0.000000000000000,0.000000000000000,0.000000000000000,0.000000000000000,0.000000000000000
2,9,57,0.000000000000000,0.000000000000000,0.000000000000000,0.000000000000000,0.000000000000000,0.000000000000000,0.000000000000000,0.000000000000000,0.000000000000000,0.000000000000000,0.000000000000000,0.000000000000000,0.000000000000000,0.000000000000000,0.000000000000000,0.000000000000000,0.000000000000000,0.000000000000000,0.000000000000000,0.000000000000000,0.000000000000000,0.000000000000000,0.000000000000000,0.000000000000000,0.000000000000000,0.000000000000000,0.000000000000000,0.000000000000000,0.000000000000000,0.000000000000000,0.000000000000000,0.000000000000000,0.000000000000000,0.000000000000000,0.000000000000000,0.000000000000000,0.000000000000000,0.000000000000000,0.000000000000000,0.000000000000000,0.000000000000000,0.000000000000000,0.000000000000000,0.000000000000000,0.000000000000000,0.000000000000000,0.000000000000000,0.000000000000000,0.000000000000000,0.000000000000000
2,9,58,0.000000000000000,0.000000000000000,0.000000000000000,0.000000000000000,0.000000000000000,0.000000000000000,0.000000000000000,0.000000000000000,0.000000000000000,0.000000000000000,0.000000000000000,0.000000000000000,0.000000000000000,0.000000000000000,0.000000000000000,0.000000000000000,0.000000000000000,0.000000000000000,0.000000000000000,0.000000000000000,0.000000000000000,0.000000000000000,0.000000000000000,0.000000000000000,0.000000000000000,0.000000000000000,0.000000000000000,0.000000000000000,0.000000000000000,0.000000000000000,0.000000000000000,0.000000000000000,0.000000000000000,0.000000000000000,0.000000000000000,0.000000000000000,0.000000000000000,0.000000000000000,0.000000000000000,0.000000000000000,0.000000000000000,0.000000000000000,0.000000000000000,0.000000000000000,0.000000000000000,0.000000000000000,0.000000000000000,0.000000000000000,0.000000000000000,0.000000000000000
2,9,59,0.000000000000000,0.000000000000000,0.000000000000000,0.000000000000000,0.000000000000000,0.000000000000000,0.000000000000000,0.000000000000000,0.000000000000000,0.000000000000000,0.000000000000000,0.000000000000000,0.000000000000000,0.000000000000000,0.000000000000000,0.000000000000000,0.000000000000000,0.000000000000000,0.000000000000000,0.000000000000000,0.000000000000000,0.000000000000000,0.000000000000000,0.000000000000000,0.000000000000000,0.000000000000000,0.000000000000000,0.000000000000000,0.000000000000000,0.000000000000000,0.000000000000000,0.000000000000000,0.000000000000000,0.000000000000000,0.000000000000000,0.000000000000000,0.000000000000000,0.000000000000000,0.000000000000000,0.000000000000000,0.000000000000000,0.000000000000000,0.000000000000000,0.000000000000000,0.000000000000000,0.000000000000000,0.000000000000000,0.000000000000000,0.000000000000000,0.000000000000000
2,9,60,0.000000000000000,0.000000000000000,0.000000000000000,0.000000000000000,0.000000000000000,0.000000000000000,0.000000000000000,0.000000000000000,0.000000000000000,0.000000000000000,0.000000000000000,0.000000000000000,0.000000000000000,0.000000000000000,0.000000000000000,0.000000000000000,0.000000000000000,0.000000000000000,0.000000000000000,0.000000000000000,0.000000000000000,0.000000000000000,0.000000000000000,0.000000000000000,0.000000000000000,0.000000000000000,0.000000000000000,0.000000000000000,0.000000000000000,0.000000000000000,0.000000000000000,0.000000000000000,0.000000000000000,0.000000000000000,0.000000000000000,0.000000000000000,0.000000000000000,0.000000000000000,0.000000000000000,0.000000000000000,0.000000000000000,0.000000000000000,0.000000000000000,0.000000000000000,0.000000000000000,0.000000000000000,0.000000000000000,0.000000000000000,0.000000000000000,0.000000000000000
2,9,61,0.000000000000000,0.000000000000000,0.000000000000000,0.000000000000000,0.000000000000000,0.000000000000000,0.000000000000000,0.000000000000000,0.000000000000000,0.000000000000000,0.000000000000000,0.000000000000000,0.000000000000000,0.000000000000000,0.000000000000000,0.000000000000000,0.000000000000000,0.000000000000000,0.000000000000000,0.000000000000000,0.000000000000000,0.000000000000000,0.000000000000000,0.000000000000000,0.000000000000000,0.000000000000000,0.000000000000000,0.000000000000000,0.000000000000000,0.000000000000000,0.000000000000000,0.000000000000000,0.000000000000000,0.000000000000000,0.000000000000000,0.000000000000000,0.000000000000000,0.000000000000000,0.000000000000000,0.000000000000000,0.000000000000000,0.000000000000000,0.000000000000000,0.000000000000000,0.000000000000000,0.000000000000000,0.000000000000000,0.000000000000000,0.000000000000000,0.000000000000000
2,9,62,0.000000000000000,0.000000000000000,0.000000000000000,0.000000000000000,0.000000000000000,0.000000000000000,0.000000000000000,0.000000000000000,0.000000000000000,0.000000000000000,0.000000000000000,0.000000000000000,0.000000000000000,0.000000000000000,0.000000000000000,0.000000000000000,0.000000000000000,0.000000000000000,0.000000000000000,0.000000000000000,0.000000000000000,0.000000000000000,0.000000000000000,0.000000000000000,0.000000000000000,0.000000000000000,0.000000000000000,0.000000000000000,0.000000000000000,0.000000000000000,0.000000000000000,0.000000000000000,0.000000000000000,0.000000000000000,0.000000000000000,0.000000000000000,0.000000000000000,0.000000000000000,0.000000000000000,0.000000000000000,0.000000000000000,0.000000000000000,0.000000000000000,0.000000000000000,0.000000000000000,0.000000000000000,0.000000000000000,0.000000000000000,0.000000000000000,0.000000000000000
2,9,63,0.000000000000000,0.000000000000000,0.000000000000000,0.000000000000000,0.000000000000000,0.000000000000000,0.000000000000000,0.000000000000000,0.000000000000000,0.000000000000000,0.000000000000000,0.000000000000000,0.000000000000000,0.000000000000000,0.000000000000000,0.000000000000000,0.000000000000000,0.000000000000000,0.000000000000000,0.000000000000000,0.000000000000000,0.000000000000000,0.000000000000000,0.000000000000000,0.000000000000000,0.000000000000000,0.000000000000000,0.000000000000000,0.000000000000000,0.000000000000000,0.000000000000000,0.000000000000000,0.000000000000000,0.000000000000000,0.000000000000000,0.000000000000000,0.000000000000000,0.000000000000000,0.000000000000000,0.000000000000000,0.000000000000000,0.000000000000000,0.000000000000000,0.000000000000000,0.000000000000000,0.000000000000000,0.000000000000000,0.000000000000000,0.000000000000000,0.000000000000000
2,9,64,0.000000000000000,0.000000000000000,0.000000000000000,0.000000000000000,0.000000000000000,0.000000000000000,0.000000000000000,0.000000000000000,0.000000000000000,0.000000000000000,0.000000000000000,0.000000000000000,0.000000000000000,0.000000000000000,0.000000000000000,0.000000000000000,0.000000000000000,0.000000000000000,0.000000000000000,0.000000000000000,0.000000000000000,0.000000000000000,0.000000000000000,0.000000000000000,0.000000000000000,0.000000000000000,0.000000000000000,0.000000000000000,0.000000000000000,0.000000000000000,0.000000000000000,0.000000000000000,0.000000000000000,0.000000000000000,0.000000000000000,0.000000000000000,0.000000000000000,0.000000000000000,0.000000000000000,0.000000000000000,0.000000000000000,0.000000000000000,0.000000000000000,0.000000000000000,0.000000000000000,0.000000000000000,0.000000000000000,0.000000000000000,0.000000000000000,0.000000000000000
2,9,65,0.000000000000000,0.000000000000000,0.000000000000000,0.000000000000000,0.000000000000000,0.000000000000000,0.000000000000000,0.000000000000000,0.000000000000000,0.000000000000000,0.000000000000000,0.000000000000000,0.000000000000000,0.000000000000000,0.000000000000000,0.000000000000000,0.000000000000000,0.000000000000000,0.000000000000000,0.000000000000000,0.000000000000000,0.000000000000000,0.000000000000000,0.000000000000000,0.000000000000000,0.000000000000000,0.000000000000000,0.000000000000000,0.000000000000000,0.000000000000000,0.000000000000000,0.000000000000000,0.000000000000000,0.000000000000000,0.000000000000000,0.000000000000000,0.000000000000000,0.000000000000000,0.000000000000000,0.000000000000000,0.000000000000000,0.000000000000000,0.000000000000000,0.000000000000000,0.000000000000000,0.000000000000000,0.000000000000000,0.000000000000000,0.000000000000000,0.000000000000000
2,9,66,0.000000000000000,0.000000000000000,0.000000000000000,0.000000000000000,0.000000000000000,0.000000000000000,0.000000000000000,0.000000000000000,0.000000000000000,0.000000000000000,0.000000000000000,0.000000000000000,0.000000000000000,0.000000000000000,0.000000000000000,0.000000000000000,0.000000000000000,0.000000000000000,0.000000000000000,0.000000000000000,0.000000000000000,0.000000000000000,0.000000000000000,0.000000000000000,0.000000000000000,0.000000000000000,0.000000000000000,0.000000000000000,0.000000000000000,0.000000000000000,0.000000000000000,0.000000000000000,0.000000000000000,0.000000000000000,0.000000000000000,0.000000000000000,0.000000000000000,0.000000000000000,0.000000000000000,0.000000000000000,0.000000000000000,0.000000000000000,0.000000000000000,0.000000000000000,0.000000000000000,0.000000000000000,0.000000000000000,0.000000000000000,0.000000000000000,0.000000000000000
2,9,67,0.000000000000000,0.000000000000000,0.000000000000000,0.000000000000000,0.000000000000000,0.000000000000000,0.000000000000000,0.000000000000000,0.000000000000000,0.000000000000000,0.000000000000000,0.000000000000000,0.000000000000000,0.000000000000000,0.000000000000000,0.000000000000000,0.000000000000000,0.000000000000000,0.000000000000000,0.000000000000000,0.000000000000000,0.000000000000000,0.000000000000000,0.000000000000000,0.000000000000000,0.000000000000000,0.000000000000000,0.000000000000000,0.000000000000000,0.000000000000000,0.000000000000000,0.000000000000000,0.000000000000000,0.000000000000000,0.000000000000000,0.000000000000000,0.000000000000000,0.000000000000000,0.000000000000000,0.000000000000000,0.000000000000000,0.000000000000000,0.000000000000000,0.000000000000000,0.000000000000000,0.000000000000000,0.000000000000000,0.000000000000000,0.000000000000000,0.000000000000000
2,9,68,0.000000000000000,0.000000000000000,0.000000000000000,0.000000000000000,0.000000000000000,0.000000000000000,0.000000000000000,0.000000000000000,0.000000000000000,0.000000000000000,0.000000000000000,0.000000000000000,0.000000000000000,0.000000000000000,0.000000000000000,0.000000000000000,0.000000000000000,0.000000000000000,0.000000000000000,0.000000000000000,0.000000000000000,0.000000000000000,0.000000000000000,0.000000000000000,0.000000000000000,0.000000000000000,0.000000000000000,0.000000000000000,0.000000000000000,0.000000000000000,0.000000000000000,0.000000000000000,0.000000000000000,0.000000000000000,0.000000000000000,0.000000000000000,0.000000000000000,0.000000000000000,0.000000000000000,0.000000000000000,0.000000000000000,0.000000000000000,0.000000000000000,0.000000000000000,0.000000000000000,0.000000000000000,0.000000000000000,0.000000000000000,0.000000000000000,0.000000000000000
2,9,69,0.000000000000000,0.000000000000000,0.000000000000000,0.000000000000000,0.000000000000000,0.000000000000000,0.000000000000000,0.000000000000000,0.000000000000000,0.000000000000000,0.000000000000000,0.000000000000000,0.000000000000000,0.000000000000000,0.000000000000000,0.000000000000000,0.000000000000000,0.000000000000000,0.000000000000000,0.000000000000000,0.000000000000000,0.000000000000000,0.000000000000000,0.000000000000000,0.000000000000000,0.000000000000000,0.000000000000000,0.000000000000000,0.000000000000000,0.000000000000000,0.000000000000000,0.000000000000000,0.000000000000000,0.000000000000000,0.000000000000000,0.000000000000000,0.000000000000000,0.000000000000000,0.000000000000000,0.000000000000000,0.000000000000000,0.000000000000000,0.000000000000000,0.000000000000000,0.000000000000000,0.000000000000000,0.000000000000000,0.000000000000000,0.000000000000000,0.000000000000000
2,10,20,0.017601043024772,0.000000000000000,0.000000000000000,0.000000000000000,0.000000000000000,0.000000000000000,0.000000000000000,0.000000000000000,0.000000000000000,0.000000000000000,0.000000000000000,0.000000000000000,0.000000000000000,0.000000000000000,0.000000000000000,0.000000000000000,0.000000000000000,0.000000000000000,0.000000000000000,0.000000000000000,0.000000000000000,0.000000000000000,0.000000000000000,0.000000000000000,0.000000000000000,0.000000000000000,0.000000000000000,0.000000000000000,0.000000000000000,0.000000000000000,0.000000000000000,0.000000000000000,0.000000000000000,0.000000000000000,0.000000000000000,0.000000000000000,0.000000000000000,0.000000000000000,0.000000000000000,0.000000000000000,0.000000000000000,0.000000000000000,0.000000000000000,0.000000000000000,0.000000000000000,0.000000000000000,0.000000000000000,0.000000000000000,0.000000000000000,0.000000000000000
2,10,21,0.010548291396550,0.068371467025572,0.000000000000000,0.000000000000000,0.000000000000000,0.000000000000000,0.000000000000000,0.000000000000000,0.000000000000000,0.000000000000000,0.000000000000000,0.000000000000000,0.000000000000000,0.000000000000000,0.000000000000000,0.000000000000000,0.000000000000000,0.000000000000000,0.000000000000000,0.000000000000000,0.000000000000000,0.000000000000000,0.000000000000000,0.000000000000000,0.000000000000000,0.000000000000000,0.000000000000000,0.000000000000000,0.000000000000000,0.000000000000000,0.000000000000000,0.000000000000000,0.000000000000000,0.000000000000000,0.000000000000000,0.000000000000000,0.000000000000000,0.000000000000000,0.000000000000000,0.000000000000000,0.000000000000000,0.000000000000000,0.000000000000000,0.000000000000000,0.000000000000000,0.000000000000000,0.000000000000000,0.000000000000000,0.000000000000000,0.000000000000000
2,10,22,0.022878834513184,0.084357591298965,0.269321533923304,0.000000000000000,0.000000000000000,0.000000000000000,0.000000000000000,0.000000000000000,0.000000000000000,0.000000000000000,0.000000000000000,0.000000000000000,0.000000000000000,0.000000000000000,0.000000000000000,0.000000000000000,0.000000000000000,0.000000000000000,0.000000000000000,0.000000000000000,0.000000000000000,0.000000000000000,0.000000000000000,0.000000000000000,0.000000000000000,0.000000000000000,0.000000000000000,0.000000000000000,0.000000000000000,0.000000000000000,0.000000000000000,0.000000000000000,0.000000000000000,0.000000000000000,0.000000000000000,0.000000000000000,0.000000000000000,0.000000000000000,0.000000000000000,0.000000000000000,0.000000000000000,0.000000000000000,0.000000000000000,0.000000000000000,0.000000000000000,0.000000000000000,0.000000000000000,0.000000000000000,0.000000000000000,0.000000000000000
2,10,23,0.029193305754043,0.086556779590823,0.527559867877787,0.582089552238806,0.000000000000000,0.000000000000000,0.000000000000000,0.000000000000000,0.000000000000000,0.000000000000000,0.000000000000000,0.000000000000000,0.000000000000000,0.000000000000000,0.000000000000000,0.000000000000000,0.000000000000000,0.000000000000000,0.000000000000000,0.000000000000000,0.000000000000000,0.000000000000000,0.000000000000000,0.000000000000000,0.000000000000000,0.000000000000000,0.000000000000000,0.000000000000000,0.000000000000000,0.000000000000000,0.000000000000000,0.000000000000000,0.000000000000000,0.000000000000000,0.000000000000000,0.000000000000000,0.000000000000000,0.000000000000000,0.000000000000000,0.000000000000000,0.000000000000000,0.000000000000000,0.000000000000000,0.000000000000000,0.000000000000000,0.000000000000000,0.000000000000000,0.000000000000000,0.000000000000000,0.000000000000000
2,10,24,0.026913682658187,0.116164033827988,0.460224111897004,0.634571974301094,0.718888888888889,0.000000000000000,0.000000000000000,0.000000000000000,0.000000000000000,0.000000000000000,0.000000000000000,0.000000000000000,0.000000000000000,0.000000000000000,0.000000000000000,0.000000000000000,0.000000000000000,0.000000000000000,0.000000000000000,0.000000000000000,0.000000000000000,0.000000000000000,0.000000000000000,0.000000000000000,0.000000000000000,0.000000000000000,0.000000000000000,0.000000000000000,0.000000000000000,0.000000000000000,0.000000000000000,0.000000000000000,0.000000000000000,0.000000000000000,0.000000000000000,0.000000000000000,0.000000000000000,0.000000000000000,0.000000000000000,0.000000000000000,0.000000000000000,0.000000000000000,0.000000000000000,0.000000000000000,0.000000000000000,0.000000000000000,0.000000000000000,0.000000000000000,0.000000000000000,0.000000000000000
2,10,25,0.027492363232435,0.113609926328034,0.521050505050505,0.684087614752778,1.248393021120290,1.100000000000000,0.000000000000000,0.000000000000000,0.000000000000000,0.000000000000000,0.000000000000000,0.000000000000000,0.000000000000000,0.000000000000000,0.000000000000000,0.000000000000000,0.000000000000000,0.000000000000000,0.000000000000000,0.000000000000000,0.000000000000000,0.000000000000000,0.000000000000000,0.000000000000000,0.000000000000000,0.000000000000000,0.000000000000000,0.000000000000000,0.000000000000000,0.000000000000000,0.000000000000000,0.000000000000000,0.000000000000000,0.000000000000000,0.000000000000000,0.000000000000000,0.000000000000000,0.000000000000000,0.000000000000000,0.000000000000000,0.000000000000000,0.000000000000000,0.000000000000000,0.000000000000000,0.000000000000000,0.000000000000000,0.000000000000000,0.000000000000000,0.000000000000000,0.000000000000000
2,10,26,0.021700683523732,0.084989983048236,0.493364290423367,0.549992669696525,1.095069424766220,1.491040462427750,1.073546856465010,0.000000000000000,0.000000000000000,0.000000000000000,0.000000000000000,0.000000000000000,0.000000000000000,0.000000000000000,0.000000000000000,0.000000000000000,0.000000000000000,0.000000000000000,0.000000000000000,0.000000000000000,0.000000000000000,0.000000000000000,0.000000000000000,0.000000000000000,0.000000000000000,0.000000000000000,0.000000000000000,0.000000000000000,0.000000000000000,0.000000000000000,0.000000000000000,0.000000000000000,0.000000000000000,0.000000000000000,0.000000000000000,0.000000000000000,0.000000000000000,0.000000000000000,0.000000000000000,0.000000000000000,0.000000000000000,0.000000000000000,0.000000000000000,0.000000000000000,0.000000000000000,0.000000000000000,0.000000000000000,0.000000000000000,0.000000000000000,0.000000000000000
2,10,27,0.027380604999514,0.109757908807367,0.443753533069531,0.463886130420391,0.956328645447816,1.176582579723940,1.340566037735850,1.323151125401930,0.000000000000000,0.000000000000000,0.000000000000000,0.000000000000000,0.000000000000000,0.000000000000000,0.000000000000000,0.000000000000000,0.000000000000000,0.000000000000000,0.000000000000000,0.000000000000000,0.000000000000000,0.000000000000000,0.000000000000000,0.000000000000000,0.000000000000000,0.000000000000000,0.000000000000000,0.000000000000000,0.000000000000000,0.000000000000000,0.000000000000000,0.000000000000000,0.000000000000000,0.000000000000000,0.000000000000000,0.000000000000000,0.000000000000000,0.000000000000000,0.000000000000000,0.000000000000000,0.000000000000000,0.000000000000000,0.000000000000000,0.000000000000000,0.000000000000000,0.000000000000000,0.000000000000000,0.000000000000000,0.000000000000000,0.000000000000000
2,10,28,0.022853222145986,0.111956095648765,0.380481250763405,0.465258155664012,0.843793422880963,0.915358506576156,0.856103476151981,1.413314840499310,0.828260869565217,0.000000000000000,0.000000000000000,0.000000000000000,0.000000000000000,0.000000000000000,0.000000000000000,0.000000000000000,0.000000000000000,0.000000000000000,0.000000000000000,0.000000000000000,0.000000000000000,0.000000000000000,0.000000000000000,0.000000000000000,0.000000000000000,0.000000000000000,0.000000000000000,0.000000000000000,0.000000000000000,0.000000000000000,0.000000000000000,0.000000000000000,0.000000000000000,0.000000000000000,0.000000000000000,0.000000000000000,0.000000000000000,0.000000000000000,0.000000000000000,0.000000000000000,0.000000000000000,0.000000000000000,0.000000000000000,0.000000000000000,0.000000000000000,0.000000000000000,0.000000000000000,0.000000000000000,0.000000000000000,0.000000000000000
2,10,29,0.020024138687733,0.085314910025707,0.335638821028586,0.390933103999017,0.747331340734415,1.002650511170010,0.969012265978050,1.003260869565220,1.217285945072700,1.056511056511060,0.000000000000000,0.000000000000000,0.000000000000000,0.000000000000000,0.000000000000000,0.000000000000000,0.000000000000000,0.000000000000000,0.000000000000000,0.000000000000000,0.000000000000000,0.000000000000000,0.000000000000000,0.000000000000000,0.000000000000000,0.000000000000000,0.000000000000000,0.000000000000000,0.000000000000000,0.000000000000000,0.000000000000000,0.000000000000000,0.000000000000000,0.000000000000000,0.000000000000000,0.000000000000000,0.000000000000000,0.000000000000000,0.000000000000000,0.000000000000000,0.000000000000000,0.000000000000000,0.000000000000000,0.000000000000000,0.000000000000000,0.000000000000000,0.000000000000000,0.000000000000000,0.000000000000000,0.000000000000000
2,10,30,0.022053795304308,0.117513075755019,0.351067007401016,0.511633572907784,0.700886037274672,0.873542152615795,1.158319421257650,1.449857896873730,1.769521410579350,1.455072463768120,1.867231638418080,0.000000000000000,0.000000000000000,0.000000000000000,0.000000000000000,0.000000000000000,0.000000000000000,0.000000000000000,0.000000000000000,0.000000000000000,0.000000000000000,0.000000000000000,0.000000000000000,0.000000000000000,0.000000000000000,0.000000000000000,0.000000000000000,0.000000000000000,0.000000000000000,0.000000000000000,0.000000000000000,0.000000000000000,0.000000000000000,0.000000000000000,0.000000000000000,0.000000000000000,0.000000000000000,0.000000000000000,0.000000000000000,0.000000000000000,0.000000000000000,0.000000000000000,0.000000000000000,0.000000000000000,0.000000000000000,0.000000000000000,0.000000000000000,0.000000000000000,0.000000000000000,0.000000000000000
2,10,31,0.029377545084351,0.135641759958344,0.466628411576947,0.533675626698882,0.925542604501608,1.095845207739610,1.365429779239080,1.282042127811500,2.136016301579220,2.385432473444610,1.933102652825840,2.128526645768030,0.000000000000000,0.000000000000000,0.000000000000000,0.000000000000000,0.000000000000000,0.000000000000000,0.000000000000000,0.000000000000000,0.000000000000000,0.000000000000000,0.000000000000000,0.000000000000000,0.000000000000000,0.000000000000000,0.000000000000000,0.000000000000000,0.000000000000000,0.000000000000000,0.000000000000000,0.000000000000000,0.000000000000000,0.000000000000000,0.000000000000000,0.000000000000000,0.000000000000000,0.000000000000000,0.000000000000000,0.000000000000000,0.000000000000000,0.000000000000000,0.000000000000000,0.000000000000000,0.000000000000000,0.000000000000000,0.000000000000000,0.000000000000000,0.000000000000000,0.000000000000000
2,10,32,0.018795921854531,0.097327110733984,0.305037983294909,0.402887379947391,0.701985453115785,1.008160886039060,1.121483642425510,1.252095981497540,1.625957446808510,1.760657734470160,1.438855160451000,2.959039548022600,0.742647058823529,0.000000000000000,0.000000000000000,0.000000000000000,0.000000000000000,0.000000000000000,0.000000000000000,0.000000000000000,0.000000000000000,0.000000000000000,0.000000000000000,0.000000000000000,0.000000000000000,0.000000000000000,0.000000000000000,0.000000000000000,0.000000000000000,0.000000000000000,0.000000000000000,0.000000000000000,0.000000000000000,0.000000000000000,0.000000000000000,0.000000000000000,0.000000000000000,0.000000000000000,0.000000000000000,0.000000000000000,0.000000000000000,0.000000000000000,0.000000000000000,0.000000000000000,0.000000000000000,0.000000000000000,0.000000000000000,0.000000000000000,0.000000000000000,0.000000000000000
2,10,33,0.024828113063407,0.079238808298237,0.309414578677018,0.382708511417756,0.748409431137725,0.778887501733944,1.008742957062370,1.252372403180300,1.275377229080930,1.628598848368520,2.252895752895750,2.510617760617760,2.112081513828240,2.921397379912660,0.000000000000000,0.000000000000000,0.000000000000000,0.000000000000000,0.000000000000000,0.000000000000000,0.000000000000000,0.000000000000000,0.000000000000000,0.000000000000000,0.000000000000000,0.000000000000000,0.000000000000000,0.000000000000000,0.000000000000000,0.000000000000000,0.000000000000000,0.000000000000000,0.000000000000000,0.000000000000000,0.000000000000000,0.000000000000000,0.000000000000000,0.000000000000000,0.000000000000000,0.000000000000000,0.000000000000000,0.000000000000000,0.000000000000000,0.000000000000000,0.000000000000000,0.000000000000000,0.000000000000000,0.000000000000000,0.000000000000000,0.000000000000000
2,10,34,0.024240173977616,0.075064647210935,0.301996162795444,0.381152609448429,0.576121108254784,0.925284244721169,0.941503644035290,1.212635201573250,1.290528233151180,1.973376361436060,2.041179744017810,2.173676012461060,3.060502283105020,2.264984227129340,1.872509960159360,0.000000000000000,0.000000000000000,0.000000000000000,0.000000000000000,0.000000000000000,0.000000000000000,0.000000000000000,0.000000000000000,0.000000000000000,0.000000000000000,0.000000000000000,0.000000000000000,0.000000000000000,0.000000000000000,0.000000000000000,0.000000000000000,0.000000000000000,0.000000000000000,0.000000000000000,0.000000000000000,0.000000000000000,0.000000000000000,0.000000000000000,0.000000000000000,0.000000000000000,0.000000000000000,0.000000000000000,0.000000000000000,0.000000000000000,0.000000000000000,0.000000000000000,0.000000000000000,0.000000000000000,0.000000000000000,0.000000000000000
2,10,35,0.014876728171161,0.061889250814332,0.190058821237973,0.281817028295902,0.440597630087584,0.612452882870306,0.837771482530689,1.017830972154370,1.098440843778660,1.386643233743410,1.525935949481280,2.212723658051690,2.337777777777780,2.403658536585370,2.238754325259520,2.635983263598330,0.000000000000000,0.000000000000000,0.000000000000000,0.000000000000000,0.000000000000000,0.000000000000000,0.000000000000000,0.000000000000000,0.000000000000000,0.000000000000000,0.000000000000000,0.000000000000000,0.000000000000000,0.000000000000000,0.000000000000000,0.000000000000000,0.000000000000000,0.000000000000000,0.000000000000000,0.000000000000000,0.000000000000000,0.000000000000000,0.000000000000000,0.000000000000000,0.000000000000000,0.000000000000000,0.000000000000000,0.000000000000000,0.000000000000000,0.000000000000000,0.000000000000000,0.000000000000000,0.000000000000000,0.000000000000000
2,10,36,0.022968674179113,0.069833509513742,0.209599567517473,0.274588687402426,0.442323397305022,0.491321187777937,0.838740098076198,0.799353498037405,1.266950354609930,1.658043940467750,1.696586599241470,2.350449973530970,1.358187134502920,2.733909702209410,2.532710280373830,2.587332053742800,2.502564102564100,0.000000000000000,0.000000000000000,0.000000000000000,0.000000000000000,0.000000000000000,0.000000000000000,0.000000000000000,0.000000000000000,0.000000000000000,0.000000000000000,0.000000000000000,0.000000000000000,0.000000000000000,0.000000000000000,0.000000000000000,0.000000000000000,0.000000000000000,0.000000000000000,0.000000000000000,0.000000000000000,0.000000000000000,0.000000000000000,0.000000000000000,0.000000000000000,0.000000000000000,0.000000000000000,0.000000000000000,0.000000000000000,0.000000000000000,0.000000000000000,0.000000000000000,0.000000000000000,0.000000000000000
2,10,37,0.022430852259951,0.074081351935547,0.199899838200170,0.278158613386836,0.475829383886256,0.572207084468665,0.794255678618359,0.994436717663421,1.413698630136990,1.528089887640450,1.800322061191630,1.524462734339280,2.338259441707720,2.558232931726910,2.637385086823290,2.723684210526320,2.578828828828830,3.529069767441860,0.000000000000000,0.000000000000000,0.000000000000000,0.000000000000000,0.000000000000000,0.000000000000000,0.000000000000000,0.000000000000000,0.000000000000000,0.000000000000000,0.000000000000000,0.000000000000000,0.000000000000000,0.000000000000000,0.000000000000000,0.000000000000000,0.000000000000000,0.000000000000000,0.000000000000000,0.000000000000000,0.000000000000000,0.000000000000000,0.000000000000000,0.000000000000000,0.000000000000000,0.000000000000000,0.000000000000000,0.000000000000000,0.000000000000000,0.000000000000000,0.000000000000000,0.000000000000000
2,10,38,0.021365294424179,0.067032536260290,0.157618004381597,0.226710413080895,0.492135797163730,0.449467060485424,0.596721902017291,0.840446487196323,1.417691074291820,1.267178012144460,1.695269526952700,1.995000000000000,1.921537651395470,2.349967595593000,2.336555360281200,3.235772357723580,3.771186440677970,2.277511961722490,1.828571428571430,0.000000000000000,0.000000000000000,0.000000000000000,0.000000000000000,0.000000000000000,0.000000000000000,0.000000000000000,0.000000000000000,0.000000000000000,0.000000000000000,0.000000000000000,0.000000000000000,0.000000000000000,0.000000000000000,0.000000000000000,0.000000000000000,0.000000000000000,0.000000000000000,0.000000000000000,0.000000000000000,0.000000000000000,0.000000000000000,0.000000000000000,0.000000000000000,0.000000000000000,0.000000000000000,0.000000000000000,0.000000000000000,0.000000000000000,0.000000000000000,0.000000000000000
2,10,39,0.017843823512537,0.057077774162057,0.119214048248231,0.199273167777105,0.362212139371629,0.441605839416058,0.738677149205264,0.791694133157548,1.252261841405000,1.436007348438460,1.427289719626170,2.021910604732690,2.147919876733440,2.094642857142860,3.182320441988950,3.432692307692310,3.445478723404260,3.851648351648350,1.535980148883370,3.512820512820510,0.000000000000000,0.000000000000000,0.000000000000000,0.000000000000000,0.000000000000000,0.000000000000000,0.000000000000000,0.000000000000000,0.000000000000000,0.000000000000000,0.000000000000000,0.000000000000000,0.000000000000000,0.000000000000000,0.000000000000000,0.000000000000000,0.000000000000000,0.000000000000000,0.000000000000000,0.000000000000000,0.000000000000000,0.000000000000000,0.000000000000000,0.000000000000000,0.000000000000000,0.000000000000000,0.000000000000000,0.000000000000000,0.000000000000000,0.000000000000000
2,10,40,0.020320549513452,0.072860572244209,0.159844143937658,0.222739285303918,0.362920124046601,0.449481412422795,0.736221726664543,0.900273511466442,1.123619714516560,1.144429619746500,1.675408589889780,2.016774193548390,2.747915644923980,2.531704479348460,2.520494469746260,3.271867612293140,4.649253731343280,3.910906298003070,2.526627218934910,4.147757255936680,4.759398496240600,0.000000000000000,0.000000000000000,0.000000000000000,0.000000000000000,0.000000000000000,0.000000000000000,0.000000000000000,0.000000000000000,0.000000000000000,0.000000000000000,0.000000000000000,0.000000000000000,0.000000000000000,0.000000000000000,0.000000000000000,0.000000000000000,0.000000000000000,0.000000000000000,0.000000000000000,0.000000000000000,0.000000000000000,0.000000000000000,0.000000000000000,0.000000000000000,0.000000000000000,0.000000000000000,0.000000000000000,0.000000000000000,0.000000000000000
2,10,41,0.020316027088036,0.072751746682905,0.168421052631579,0.236624412307326,0.387461193515005,0.420586865393572,0.541233964569334,0.883611383709519,1.455026455026460,1.405346596207650,1.857294617563740,2.051150895140660,1.664916467780430,2.583285957930640,2.338598901098900,2.690247252747250,3.461409395973150,3.405917159763310,4.131868131868130,3.534782608695650,3.825825825825830,3.972027972027970,0.000000000000000,0.000000000000000,0.000000000000000,0.000000000000000,0.000000000000000,0.000000000000000,0.000000000000000,0.000000000000000,0.000000000000000,0.000000000000000,0.000000000000000,0.000000000000000,0.000000000000000,0.000000000000000,0.000000000000000,0.000000000000000,0.000000000000000,0.000000000000000,0.000000000000000,0.000000000000000,0.000000000000000,0.000000000000000,0.000000000000000,0.000000000000000,0.000000000000000,0.000000000000000,0.000000000000000,0.000000000000000
2,10,42,0.030307822053553,0.070570216776626,0.155592260500236,0.270414131960693,0.375874276832743,0.577117863720074,0.712461470717745,0.929831074809727,1.182423129876090,1.382483043350040,1.708259482453030,1.861077359254760,2.691790686509840,2.087533156498670,2.792615384615380,2.276065573770490,3.246932515337420,2.841078066914500,3.941396508728180,3.772881355932200,3.850111856823270,7.112244897959180,4.971962616822430,0.000000000000000,0.000000000000000,0.000000000000000,0.000000000000000,0.000000000000000,0.000000000000000,0.000000000000000,0.000000000000000,0.000000000000000,0.000000000000000,0.000000000000000,0.000000000000000,0.000000000000000,0.000000000000000,0.000000000000000,0.000000000000000,0.000000000000000,0.000000000000000,0.000000000000000,0.000000000000000,0.000000000000000,0.000000000000000,0.000000000000000,0.000000000000000,0.000000000000000,0.000000000000000,0.000000000000000
2,10,43,0.030522892169127,0.067418868346087,0.162876400135771,0.244987577280869,0.359232330064254,0.560477392701400,0.635467255334805,0.739897134459956,0.891844744875709,1.291678035470670,1.573328785811730,1.934289127837510,2.043946188340810,2.587278106508880,3.411499436302140,2.813403416557160,3.427827380952380,3.383389261744970,3.396462018730490,4.639836289222370,3.689003436426120,5.298994974874370,6.087452471482890,2.259259259259260,0.000000000000000,0.000000000000000,0.000000000000000,0.000000000000000,0.000000000000000,0.000000000000000,0.000000000000000,0.000000000000000,0.000000000000000,0.000000000000000,0.000000000000000,0.000000000000000,0.000000000000000,0.000000000000000,0.000000000000000,0.000000000000000,0.000000000000000,0.000000000000000,0.000000000000000,0.000000000000000,0.000000000000000,0.000000000000000,0.000000000000000,0.000000000000000,0.000000000000000,0.000000000000000
2,10,44,0.026044270714968,0.077572304053328,0.177835308174848,0.278749119924900,0.357899195256247,0.570606878741636,0.680222088835534,0.778272154245458,1.135549872122760,1.118263090676880,1.545195954487990,1.640520446096650,2.428068631764190,2.263979848866500,2.718946765884370,2.682016179215930,2.322271386430680,2.791898332009530,3.492619926199260,5.102083333333330,4.125541125541130,5.740740740740740,3.951351351351350,7.913419913419910,3.486725663716810,0.000000000000000,0.000000000000000,0.000000000000000,0.000000000000000,0.000000000000000,0.000000000000000,0.000000000000000,0.000000000000000,0.000000000000000,0.000000000000000,0.000000000000000,0.000000000000000,0.000000000000000,0.000000000000000,0.000000000000000,0.000000000000000,0.000000000000000,0.000000000000000,0.000000000000000,0.000000000000000,0.000000000000000,0.000000000000000,0.000000000000000,0.000000000000000,0.000000000000000
2,10,45,0.031694640879271,0.118503118503119,0.217424866200082,0.344297308842375,0.461901433065362,0.542192046556741,0.794104028399444,0.911239300334946,1.154139555754990,1.508857999454890,1.568434032059190,2.195095168374820,2.115483319076130,2.769345238095240,2.571584699453550,3.154248366013070,3.037526059763720,3.890688259109310,3.718246869409660,3.317659352142110,3.788927335640140,4.673701298701300,5.770325203252030,4.737003058103980,8.037656903765690,8.000000000000000,0.000000000000000,0.000000000000000,0.000000000000000,0.000000000000000,0.000000000000000,0.000000000000000,0.000000000000000,0.000000000000000,0.000000000000000,0.000000000000000,0.000000000000000,0.000000000000000,0.000000000000000,0.000000000000000,0.000000000000000,0.000000000000000,0.000000000000000,0.000000000000000,0.000000000000000,0.000000000000000,0.000000000000000,0.000000000000000,0.000000000000000,0.000000000000000
2,10,46,0.038350515463918,0.111374290648902,0.243596839933578,0.412881915772089,0.448749656499038,0.657962172056132,0.729559748427673,0.880022852789945,1.287443946188340,1.354703100367840,1.785905441570030,2.312725958062180,2.378964941569280,2.459677419354840,2.844275637547480,3.322954822954820,3.148703956343790,3.151215805471120,3.201178451178450,4.581712062256810,4.759219088937090,4.080368906455860,6.035647279549720,2.558252427184470,5.633846153846150,5.959090909090910,4.034090909090910,0.000000000000000,0.000000000000000,0.000000000000000,0.000000000000000,0.000000000000000,0.000000000000000,0.000000000000000,0.000000000000000,0.000000000000000,0.000000000000000,0.000000000000000,0.000000000000000,0.000000000000000,0.000000000000000,0.000000000000000,0.000000000000000,0.000000000000000,0.000000000000000,0.000000000000000,0.000000000000000,0.000000000000000,0.000000000000000,0.000000000000000
2,10,47,0.034486666163028,0.128637059724349,0.242154732427106,0.365341812400636,0.536765384260541,0.632567095920087,0.737272727272727,0.950190114068441,0.919560833520054,1.537255909558070,1.750810970215280,1.490799716914370,2.307930367504840,2.225631768953070,2.920816733067730,2.954466858789630,2.961352657004830,3.836042402826850,4.116627265563440,3.664978902953590,4.565529622980250,5.372774869109950,4.074224021592440,4.542168674698790,5.752711496746200,4.294303797468350,10.234449760765500,1.170454545454550,0.000000000000000,0.000000000000000,0.000000000000000,0.000000000000000,0.000000000000000,0.000000000000000,0.000000000000000,0.000000000000000,0.000000000000000,0.000000000000000,0.000000000000000,0.000000000000000,0.000000000000000,0.000000000000000,0.000000000000000,0.000000000000000,0.000000000000000,0.000000000000000,0.000000000000000,0.000000000000000,0.000000000000000,0.000000000000000
2,10,48,0.043423843131801,0.120830496936692,0.276797457255590,0.464149454019208,0.536325385694250,0.744134354161521,0.845378680522752,0.956651162790698,1.149565991542400,1.368960084033610,1.446439440048690,1.618443606444980,1.835197613721100,2.488582507539850,2.790596219098400,2.544450289321410,3.173573573573570,3.605914718019260,3.612720848056540,3.674437968359700,3.874435411020780,4.319415448851770,5.611597374179430,5.510752688172040,6.460285132382890,4.734204793028320,5.871621621621620,12.820960698690000,0.435897435897436,0.000000000000000,0.000000000000000,0.000000000000000,0.000000000000000,0.000000000000000,0.000000000000000,0.000000000000000,0.000000000000000,0.000000000000000,0.000000000000000,0.000000000000000,0.000000000000000,0.000000000000000,0.000000000000000,0.000000000000000,0.000000000000000,0.000000000000000,0.000000000000000,0.000000000000000,0.000000000000000,0.000000000000000
2,10,49,0.034940669887914,0.102968460111317,0.263303865487953,0.374756300093870,0.541645734954285,0.539061467283543,0.764063534083388,0.955577889447236,1.257188865884520,1.646636532837010,1.617674710122220,1.750086775425200,2.128659476117100,2.266696152145070,3.254554170661550,3.859323882224650,2.384708007224560,2.999288256227760,3.618948824343020,4.318461538461540,4.827490774907750,3.875927889713680,4.981621621621620,5.050000000000000,5.096153846153850,2.649048625792810,6.980997624703090,4.493617021276600,9.113636363636360,11.571428571428600,0.000000000000000,0.000000000000000,0.000000000000000,0.000000000000000,0.000000000000000,0.000000000000000,0.000000000000000,0.000000000000000,0.000000000000000,0.000000000000000,0.000000000000000,0.000000000000000,0.000000000000000,0.000000000000000,0.000000000000000,0.000000000000000,0.000000000000000,0.000000000000000,0.000000000000000,0.000000000000000
2,10,50,0.031878807837971,0.124721264950334,0.234517332029101,0.365017559932814,0.489112594375752,0.682971525232591,0.919327154136629,0.931769722814499,1.225552825552830,1.282853919909760,1.712532299741600,1.909707351891510,1.781563126252500,2.201451905626130,2.565949485500470,2.498659517426270,2.598253275109170,2.369047619047620,3.308439133681850,3.676494023904380,2.445155393053020,4.528528528528530,5.430449069003290,5.568601583113460,4.582586427656850,4.426111908177910,6.556291390728480,4.892215568862280,1.831775700934580,6.234636871508380,4.303030303030300,0.000000000000000,0.000000000000000,0.000000000000000,0.000000000000000,0.000000000000000,0.000000000000000,0.000000000000000,0.000000000000000,0.000000000000000,0.000000000000000,0.000000000000000,0.000000000000000,0.000000000000000,0.000000000000000,0.000000000000000,0.000000000000000,0.000000000000000,0.000000000000000,0.000000000000000
2,10,51,0.039055284338303,0.128599534966911,0.291554252199413,0.384841586036805,0.530063291139241,0.756666666666667,0.748560079443893,1.004625346901020,1.541678129298490,1.254415866129530,1.775844065436830,1.628199918732220,2.028377806014400,2.963224181360200,2.146687697160880,2.074766355140190,3.500652741514360,3.457924263674610,2.908163265306120,3.656754460492780,4.686964795432920,4.275181723779850,4.225055432372510,4.377952755905510,4.497267759562840,5.419402985074630,3.885304659498210,3.881136950904390,4.504918032786890,5.647058823529410,4.904411764705880,8.693548387096770,0.000000000000000,0.000000000000000,0.000000000000000,0.000000000000000,0.000000000000000,0.000000000000000,0.000000000000000,0.000000000000000,0.000000000000000,0.000000000000000,0.000000000000000,0.000000000000000,0.000000000000000,0.000000000000000,0.000000000000000,0.000000000000000,0.000000000000000,0.000000000000000
2,10,52,0.033500890811911,0.139705534251763,0.300327064595258,0.401358893472458,0.664029118531413,0.802063059556248,0.785994915645944,0.935984745301008,1.298502902535900,1.499332443257680,1.917448405253280,2.247141600703610,1.786616752456710,2.595355731225300,1.946236559139780,2.568367989918080,2.925538863487920,3.549174443646810,2.427667984189720,3.959363957597170,3.163265306122450,3.494565217391300,4.445614035087720,3.672872340425530,4.761517615176150,6.549141965678630,2.927272727272730,7.409663865546220,4.300791556728230,4.744094488188980,4.315508021390370,7.591666666666670,1.904761904761900,0.000000000000000,0.000000000000000,0.000000000000000,0.000000000000000,0.000000000000000,0.000000000000000,0.000000000000000,0.000000000000000,0.000000000000000,0.000000000000000,0.000000000000000,0.000000000000000,0.000000000000000,0.000000000000000,0.000000000000000,0.000000000000000,0.000000000000000
2,10,53,0.034653320455410,0.183872832369942,0.333778625954198,0.506863506863507,0.683103332211377,0.777173913043478,0.968003820439351,1.123785734110460,1.290123456790120,1.685574229691880,1.383544821940240,1.647722147045560,2.241752831117680,2.621002132196160,2.164507042253520,2.601394169835230,2.672942817294280,2.766006097560980,2.927777777777780,3.103797468354430,4.232007575757580,4.090431125131440,4.951844262295080,6.065270935960590,5.452074391988560,5.436507936507940,2.787934186471660,3.098837209302330,6.677494199535960,4.689530685920580,3.069868995633190,4.057803468208090,3.577981651376150,3.404761904761900,0.000000000000000,0.000000000000000,0.000000000000000,0.000000000000000,0.000000000000000,0.000000000000000,0.000000000000000,0.000000000000000,0.000000000000000,0.000000000000000,0.000000000000000,0.000000000000000,0.000000000000000,0.000000000000000,0.000000000000000,0.000000000000000
2,10,54,0.045128145250744,0.185639970965400,0.300081849805607,0.496673135569726,0.698426573426573,0.837093769405920,1.063351842503790,1.114485981308410,1.261386811692730,1.456803856136450,1.479718543046360,2.111001480019730,2.217969165337590,1.815453029460810,2.459222082810540,2.498655913978490,2.831076265146120,2.066511987625680,2.675474814203140,3.111005692599620,4.055780933062880,2.553333333333330,4.154200230149600,5.779639175257730,4.419354838709680,5.062193126022910,4.503496503496500,4.452157598499060,2.158018867924530,6.306329113924050,8.773913043478260,0.863414634146341,3.393939393939390,4.382022471910110,8.638888888888890,0.000000000000000,0.000000000000000,0.000000000000000,0.000000000000000,0.000000000000000,0.000000000000000,0.000000000000000,0.000000000000000,0.000000000000000,0.000000000000000,0.000000000000000,0.000000000000000,0.000000000000000,0.000000000000000,0.000000000000000
2,10,55,0.049080627378454,0.197452229299363,0.394491998511351,0.555988480433678,0.571674188695465,0.853788687299893,1.496573208722740,1.257224402425970,1.682770414707140,1.056959118052370,1.570219123505980,2.258102533883320,1.876433121019110,2.102511880515950,1.984069514844320,2.104098360655740,3.818809318377910,2.998043052837570,2.534299516908210,3.422268907563030,4.269275028768700,3.283163265306120,3.192133131618760,4.787307032590050,4.623028391167190,4.704980842911880,2.181628392484340,4.655011655011650,4.314496314496310,7.444444444444440,6.521311475409840,5.555555555555560,1.463414634146340,7.962121212121210,3.096385542168670,29.181818181818200,0.000000000000000,0.000000000000000,0.000000000000000,0.000000000000000,0.000000000000000,0.000000000000000,0.000000000000000,0.000000000000000,0.000000000000000,0.000000000000000,0.000000000000000,0.000000000000000,0.000000000000000,0.000000000000000
2,10,56,0.046865551300141,0.205598110100938,0.390580736543909,0.555266156601009,0.730746268656716,0.954143778361595,0.926782273603083,1.262560777957860,1.516179952644040,1.631272401433690,2.192596298149070,2.264129826524900,2.147720364741640,2.191771731917720,2.304593639575970,2.353401094605160,3.387151310228230,3.308237378210810,5.441398865784500,3.686170212765960,4.368360277136260,3.991935483870970,4.370270270270270,3.311111111111110,2.711598746081500,4.110935023771790,4.005847953216370,8.560000000000000,6.216386554621850,5.266497461928930,7.971576227390180,6.920689655172410,8.377990430622010,7.653179190751450,6.818181818181820,5.121621621621620,5.000000000000000,0.000000000000000,0.000000000000000,0.000000000000000,0.000000000000000,0.000000000000000,0.000000000000000,0.000000000000000,0.000000000000000,0.000000000000000,0.000000000000000,0.000000000000000,0.000000000000000,0.000000000000000
2,10,57,0.052074745809288,0.245535396655994,0.438549525431979,0.629800063471914,0.841812400635930,0.789058767319637,1.256737982772990,1.714980544747080,1.681576952236540,1.630843162953250,2.020010005002500,2.384615384615380,2.170537897310510,3.119580419580420,2.012185833968010,3.832273449920510,3.285091543156060,3.063405797101450,3.681730769230770,3.603121516164990,3.196796338672770,3.711223203026480,3.789333333333330,4.838340486409160,4.551219512195120,5.550774526678140,5.709897610921500,8.139630390143740,8.792035398230090,4.959427207637230,7.530831099195710,7.790419161676650,6.593639575971730,4.920187793427230,4.271084337349400,3.016129032258060,10.691176470588200,19.580645161290300,0.000000000000000,0.000000000000000,0.000000000000000,0.000000000000000,0.000000000000000,0.000000000000000,0.000000000000000,0.000000000000000,0.000000000000000,0.000000000000000,0.000000000000000,0.000000000000000
2,10,58,0.068453416869707,0.259570344047811,0.549325575244644,0.731823810366177,0.857616626133098,1.172537008677900,1.272503082614060,1.482872928176800,1.773624527509450,2.107055961070560,2.454019968470840,2.767173252279640,2.931659693165970,3.129850746268660,2.418952618453870,2.815972222222220,3.632380952380950,2.911764705882350,3.481283422459890,2.571256038647340,5.097355769230770,3.817204301075270,6.283687943262410,4.790419161676650,4.956448911222780,7.632246376811590,4.536748329621380,5.072463768115940,7.327751196172250,8.150121065375300,6.563739376770540,7.260586319218240,7.094043887147340,7.147679324894510,7.979591836734690,7.118518518518520,7.968750000000000,16.260869565217400,2.451612903225810,0.000000000000000,0.000000000000000,0.000000000000000,0.000000000000000,0.000000000000000,0.000000000000000,0.000000000000000,0.000000000000000,0.000000000000000,0.000000000000000,0.000000000000000
2,10,59,0.072139411585763,0.326617179215270,0.549815498154982,0.794285714285714,0.930879924510498,1.243408270885370,1.177419354838710,1.816496405599700,1.456953642384110,2.066074950690340,1.840359752670040,1.883376288659790,2.236511456023650,2.405470635559130,4.359560067681890,3.256872037914690,3.415478615071280,3.707289293849660,5.219626168224300,5.670163170163170,4.981603153745070,4.858585858585860,4.927083333333330,5.700000000000000,3.276363636363640,9.388560157790930,4.985010706638120,5.330357142857140,7.410526315789470,6.891304347826090,9.005494505494510,8.273972602739730,10.779467680608400,8.625954198473280,9.579646017699120,7.416666666666670,10.564102564102600,3.271428571428570,8.596491228070170,5.363636363636360,0.000000000000000,0.000000000000000,0.000000000000000,0.000000000000000,0.000000000000000,0.000000000000000,0.000000000000000,0.000000000000000,0.000000000000000,0.000000000000000
2,10,60,0.131329542377471,0.660139318885449,1.557207207207210,2.105194047271670,2.753986710963460,2.878687243602270,3.598085059006900,4.211056574528550,4.639739229024940,4.529373368146210,4.877851361295070,5.316666666666670,6.177620632279530,6.175287356321840,5.867751780264500,6.074235807860260,6.169754931261210,6.100183262064750,6.759842519685040,5.977094240837700,5.899392302498310,8.072505384063170,7.127786032689450,6.822115384615390,6.077952755905510,7.658843252305110,9.047079337401920,9.275021758050480,8.696750902527080,7.503184713375800,10.464775846294600,11.820053715308900,12.264875239923200,10.500450856627600,13.568000000000000,14.264942016057100,13.616490891658700,12.587844254510900,10.194623655914000,13.800248138957800,7.585494327390600,0.000000000000000,0.000000000000000,0.000000000000000,0.000000000000000,0.000000000000000,0.000000000000000,0.000000000000000,0.000000000000000,0.000000000000000
2,10,61,0.162500633777823,0.823752930713881,1.652494527019240,2.208555379518940,2.919317982070660,3.745954993490790,4.480304386750220,4.049078161516490,4.588631702314680,5.888311688311690,5.655172413793100,5.707001214083370,5.586985391766270,5.977419354838710,5.719167111585690,6.300610094287300,6.650793650793650,5.500938086303940,5.639322916666670,6.428847392144240,6.258426966292140,7.168801808590810,7.812834224598930,6.413991769547320,7.886731391585760,7.945921985815600,8.083259521700620,6.695977549111320,8.780669144981410,10.308687615526800,11.946740128558300,9.339080459770110,11.218051831992900,12.107506950880400,13.996584116140100,16.203231292517000,13.161518093556900,11.882899628252800,13.971518987341800,14.165168539325800,12.115399920413800,132.000000000000000,0.000000000000000,0.000000000000000,0.000000000000000,0.000000000000000,0.000000000000000,0.000000000000000,0.000000000000000,0.000000000000000
2,10,62,0.189689661084757,0.969870129870130,1.815333409847350,2.504335465529500,3.439900662251660,3.819403279984190,4.296923394590130,5.011007827788650,5.505707762557080,5.790551181102360,6.034543531899890,6.229258517034070,5.305986696230600,5.823529411764710,6.206589958159000,8.206681766704420,6.929193267556590,7.346109175377470,7.312109862671660,7.433060109289620,6.799270072992700,7.304705003734130,6.963525835866260,7.519752130131680,8.255166217430370,8.150586113615870,9.900892857142860,7.170753064798600,8.764932562620420,10.842696629213500,12.312043795620400,11.130434782608700,9.993750000000000,13.076028622540300,14.495652173913000,14.065054211843200,17.760132340777500,14.201325600662800,14.316406250000000,14.645855758880500,10.812573213588400,61.666666666666700,34.000000000000000,0.000000000000000,0.000000000000000,0.000000000000000,0.000000000000000,0.000000000000000,0.000000000000000,0.000000000000000
2,10,63,0.197719353816915,0.984705025491624,2.200351493848860,3.002753303964760,3.733437744714170,4.493499458288190,5.453519392571310,5.796417281348790,5.864773319437210,6.552021403091560,6.421440536013400,6.676934097421200,6.452653061224490,7.115536105032820,6.914893617021280,7.247255619445900,6.983367983367980,6.988914819136520,8.142407057340900,7.726604278074870,6.871428571428570,9.388579387186630,6.095274390243900,8.757371524852570,8.766423357664230,9.477701543739280,7.311733800350260,9.067603160667250,7.805944055944060,10.475395430580000,11.646139705882400,13.934879571810900,12.585944115156600,9.459649122807020,12.374781085814400,16.434335443038000,17.065909090909100,17.904652936689600,17.948291782086800,14.937024972855600,12.659203980099500,29.187500000000000,50.000000000000000,38.000000000000000,0.000000000000000,0.000000000000000,0.000000000000000,0.000000000000000,0.000000000000000,0.000000000000000
2,10,64,0.201329534662868,1.026541186422760,2.275970619097590,3.484817368343850,4.643180046765390,5.341350436486730,6.263072885120130,6.853023255813950,6.964221824686940,7.036702428006780,7.480188045668230,8.380219780219780,7.166936135812450,8.277140335392760,6.826516220028210,7.139486103828000,8.313125695216910,7.909360189573460,8.254071661237780,6.840108401084010,8.552238805970150,8.518791451731760,8.282626766417290,7.259640102827760,7.926829268292680,8.658127208480560,10.766355140186900,11.521539871677400,10.067942583732100,13.410256410256400,9.834914611005690,10.220643939393900,13.902830188679200,15.847294938918000,16.320623916811100,16.460443037974700,20.807962529274000,16.592440427280200,20.136200716845900,16.644578313253000,13.109357798165100,92.161290322580600,42.181818181818200,78.888888888888900,53.000000000000000,0.000000000000000,0.000000000000000,0.000000000000000,0.000000000000000,0.000000000000000
2,10,65,0.264769297110824,1.230400957510470,3.672924187725630,4.552631578947370,7.722222222222220,8.909330985915490,8.126195028680690,9.077433628318580,11.573652694610800,11.516746411483300,9.636085626911320,12.463607594936700,11.243727598566300,10.973969631236400,9.519396551724140,12.405701754386000,11.085937500000000,9.345646437994720,12.967302452316100,11.881458966565300,11.993690851735000,13.316993464052300,12.851265822784800,13.302325581395300,14.076433121019100,13.810000000000000,13.354014598540100,13.514388489208600,13.826388888888900,13.496753246753200,15.836477987421400,18.589285714285700,13.941176470588200,11.839344262295100,13.869688385269100,19.061971830985900,21.298734177215200,19.610552763819100,19.716621253406000,19.507042253521100,17.491370558375600,46.821428571428600,70.218750000000000,60.320000000000000,57.295454545454500,55.703703703703700,0.000000000000000,0.000000000000000,0.000000000000000,0.000000000000000
2,10,66,0.232018561484919,1.508169934640520,3.636734693877550,5.712406015037590,8.579047619047620,10.517928286852600,8.964365256124720,9.771771771771770,10.074792243767300,12.094674556213000,12.298816568047300,10.391472868217100,13.035087719298200,14.012000000000000,10.972222222222200,16.880000000000000,16.074468085106400,9.367088607594940,20.069364161849700,13.882352941176500,12.821229050279300,7.613924050632910,6.916666666666670,7.181818181818180,12.265193370165700,10.325301204819300,11.000000000000000,14.443478260869600,16.095890410958900,10.420765027322400,18.614379084967300,11.458823529411800,20.148936170212800,9.845771144278610,20.336405529953900,16.968750000000000,13.162303664921500,23.103448275862100,10.943127962085300,11.608108108108100,9.618421052631580,80.307692307692300,113.333333333333000,69.250000000000000,67.136363636363600,60.909090909090900,0.000000000000000,0.000000000000000,0.000000000000000,0.000000000000000
2,10,67,0.384070796460177,1.278728606356970,4.303206997084550,5.563694267515920,9.618037135278510,10.459876543209900,10.130303030303000,9.755627009646300,13.127976190476200,13.930501930501900,12.929961089494200,14.800000000000000,16.132596685082900,12.210526315789500,17.707792207792200,16.088435374149700,13.816901408450700,20.744186046511600,13.574803149606300,12.868217054263600,14.000000000000000,14.008547008547000,9.276119402985070,12.224299065420600,15.287037037037000,20.376146788990800,13.890625000000000,16.900826446281000,7.739726027397260,22.827868852459000,14.646551724137900,24.151515151515200,19.291666666666700,14.127388535031800,19.020833333333300,16.717514124293800,17.052173913043500,16.137055837563500,17.329787234042600,16.480769230769200,8.798449612403100,64.388888888888900,103.785714285714000,117.785714285714000,64.851851851851800,37.888888888888900,0.000000000000000,0.000000000000000,0.000000000000000,0.000000000000000
2,10,68,0.452173913043478,1.419913419913420,2.920187793427230,6.765625000000000,8.154811715481170,11.314432989690700,13.730232558139500,13.817733990147800,12.930000000000000,14.693467336683400,16.734042553191500,15.228758169934600,15.225433526011600,17.462686567164200,17.628099173553700,27.307692307692300,16.494949494949500,15.272727272727300,7.231707317073170,21.824175824175800,17.770114942528700,11.780000000000000,9.152173913043480,17.272727272727300,8.481012658227850,10.329896907216500,15.959459459459500,5.553191489361700,15.270000000000000,15.479591836734700,18.934782608695700,12.042016806722700,15.675000000000000,13.791304347826100,15.050000000000000,25.684210526315800,16.448275862069000,12.627027027027000,6.710843373493980,18.289473684210500,8.235937500000000,47.157894736842100,107.615384615385000,68.000000000000000,57.625000000000000,101.857142857143000,0.000000000000000,0.000000000000000,0.000000000000000,0.000000000000000
2,10,69,0.219387755102041,1.935714285714290,2.248322147651010,4.349650349650350,6.926666666666670,9.911764705882350,13.523076923076900,9.903448275862070,11.036496350365000,15.378151260504200,13.641791044776100,19.893805309734500,19.542857142857100,18.456310679611700,23.102040816326500,18.908045977011500,19.014285714285700,12.962264150943400,21.459459459459500,11.161764705882400,12.179487179487200,22.500000000000000,11.746666666666700,5.317073170731710,11.878787878787900,14.720588235294100,13.487804878048800,14.194029850746300,13.850746268656700,23.205128205128200,12.727272727272700,13.224719101123600,14.698924731182800,33.241379310344800,21.783783783783800,8.256198347107440,11.568000000000000,11.695364238410600,10.844827586206900,7.000000000000000,6.189597315436240,18.692307692307700,76.636363636363600,56.000000000000000,45.666666666666700,89.375000000000000,0.000000000000000,0.000000000000000,0.000000000000000,0.000000000000000
2,11,20,0.407105606258149,0.000000000000000,0.000000000000000,0.000000000000000,0.000000000000000,0.000000000000000,0.000000000000000,0.000000000000000,0.000000000000000,0.000000000000000,0.000000000000000,0.000000000000000,0.000000000000000,0.000000000000000,0.000000000000000,0.000000000000000,0.000000000000000,0.000000000000000,0.000000000000000,0.000000000000000,0.000000000000000,0.000000000000000,0.000000000000000,0.000000000000000,0.000000000000000,0.000000000000000,0.000000000000000,0.000000000000000,0.000000000000000,0.000000000000000,0.000000000000000,0.000000000000000,0.000000000000000,0.000000000000000,0.000000000000000,0.000000000000000,0.000000000000000,0.000000000000000,0.000000000000000,0.000000000000000,0.000000000000000,0.000000000000000,0.000000000000000,0.000000000000000,0.000000000000000,0.000000000000000,0.000000000000000,0.000000000000000,0.000000000000000,0.000000000000000
2,11,21,0.303428194703879,1.419111709286680,0.000000000000000,0.000000000000000,0.000000000000000,0.000000000000000,0.000000000000000,0.000000000000000,0.000000000000000,0.000000000000000,0.000000000000000,0.000000000000000,0.000000000000000,0.000000000000000,0.000000000000000,0.000000000000000,0.000000000000000,0.000000000000000,0.000000000000000,0.000000000000000,0.000000000000000,0.000000000000000,0.000000000000000,0.000000000000000,0.000000000000000,0.000000000000000,0.000000000000000,0.000000000000000,0.000000000000000,0.000000000000000,0.000000000000000,0.000000000000000,0.000000000000000,0.000000000000000,0.000000000000000,0.000000000000000,0.000000000000000,0.000000000000000,0.000000000000000,0.000000000000000,0.000000000000000,0.000000000000000,0.000000000000000,0.000000000000000,0.000000000000000,0.000000000000000,0.000000000000000,0.000000000000000,0.000000000000000,0.000000000000000
2,11,22,0.438904278239458,1.246440887788490,2.751622418879060,0.000000000000000,0.000000000000000,0.000000000000000,0.000000000000000,0.000000000000000,0.000000000000000,0.000000000000000,0.000000000000000,0.000000000000000,0.000000000000000,0.000000000000000,0.000000000000000,0.000000000000000,0.000000000000000,0.000000000000000,0.000000000000000,0.000000000000000,0.000000000000000,0.000000000000000,0.000000000000000,0.000000000000000,0.000000000000000,0.000000000000000,0.000000000000000,0.000000000000000,0.000000000000000,0.000000000000000,0.000000000000000,0.000000000000000,0.000000000000000,0.000000000000000,0.000000000000000,0.000000000000000,0.000000000000000,0.000000000000000,0.000000000000000,0.000000000000000,0.000000000000000,0.000000000000000,0.000000000000000,0.000000000000000,0.000000000000000,0.000000000000000,0.000000000000000,0.000000000000000,0.000000000000000,0.000000000000000
2,11,23,0.613670552839413,1.461608547999670,0.594162881915772,2.093064091308170,0.000000000000000,0.000000000000000,0.000000000000000,0.000000000000000,0.000000000000000,0.000000000000000,0.000000000000000,0.000000000000000,0.000000000000000,0.000000000000000,0.000000000000000,0.000000000000000,0.000000000000000,0.000000000000000,0.000000000000000,0.000000000000000,0.000000000000000,0.000000000000000,0.000000000000000,0.000000000000000,0.000000000000000,0.000000000000000,0.000000000000000,0.000000000000000,0.000000000000000,0.000000000000000,0.000000000000000,0.000000000000000,0.000000000000000,0.000000000000000,0.000000000000000,0.000000000000000,0.000000000000000,0.000000000000000,0.000000000000000,0.000000000000000,0.000000000000000,0.000000000000000,0.000000000000000,0.000000000000000,0.000000000000000,0.000000000000000,0.000000000000000,0.000000000000000,0.000000000000000,0.000000000000000
2,11,24,0.739020231347067,1.637865007180470,0.624096002543114,2.150026046188570,5.937222222222220,0.000000000000000,0.000000000000000,0.000000000000000,0.000000000000000,0.000000000000000,0.000000000000000,0.000000000000000,0.000000000000000,0.000000000000000,0.000000000000000,0.000000000000000,0.000000000000000,0.000000000000000,0.000000000000000,0.000000000000000,0.000000000000000,0.000000000000000,0.000000000000000,0.000000000000000,0.000000000000000,0.000000000000000,0.000000000000000,0.000000000000000,0.000000000000000,0.000000000000000,0.000000000000000,0.000000000000000,0.000000000000000,0.000000000000000,0.000000000000000,0.000000000000000,0.000000000000000,0.000000000000000,0.000000000000000,0.000000000000000,0.000000000000000,0.000000000000000,0.000000000000000,0.000000000000000,0.000000000000000,0.000000000000000,0.000000000000000,0.000000000000000,0.000000000000000,0.000000000000000
2,11,25,0.806488938257891,1.808297789841020,0.848646464646465,2.474230955065230,4.052800734618920,8.644961240310080,0.000000000000000,0.000000000000000,0.000000000000000,0.000000000000000,0.000000000000000,0.000000000000000,0.000000000000000,0.000000000000000,0.000000000000000,0.000000000000000,0.000000000000000,0.000000000000000,0.000000000000000,0.000000000000000,0.000000000000000,0.000000000000000,0.000000000000000,0.000000000000000,0.000000000000000,0.000000000000000,0.000000000000000,0.000000000000000,0.000000000000000,0.000000000000000,0.000000000000000,0.000000000000000,0.000000000000000,0.000000000000000,0.000000000000000,0.000000000000000,0.000000000000000,0.000000000000000,0.000000000000000,0.000000000000000,0.000000000000000,0.000000000000000,0.000000000000000,0.000000000000000,0.000000000000000,0.000000000000000,0.000000000000000,0.000000000000000,0.000000000000000,0.000000000000000
2,11,26,0.833038573681946,1.995993219294190,0.963912058933127,2.800689048526610,4.505100595069420,7.342196531791910,12.485172004745000,0.000000000000000,0.000000000000000,0.000000000000000,0.000000000000000,0.000000000000000,0.000000000000000,0.000000000000000,0.000000000000000,0.000000000000000,0.000000000000000,0.000000000000000,0.000000000000000,0.000000000000000,0.000000000000000,0.000000000000000,0.000000000000000,0.000000000000000,0.000000000000000,0.000000000000000,0.000000000000000,0.000000000000000,0.000000000000000,0.000000000000000,0.000000000000000,0.000000000000000,0.000000000000000,0.000000000000000,0.000000000000000,0.000000000000000,0.000000000000000,0.000000000000000,0.000000000000000,0.000000000000000,0.000000000000000,0.000000000000000,0.000000000000000,0.000000000000000,0.000000000000000,0.000000000000000,0.000000000000000,0.000000000000000,0.000000000000000,0.000000000000000
2,11,27,0.849576889407645,2.042997178078120,1.075127190503110,2.832903012247600,4.833950160375030,7.602570204664450,12.537735849056600,16.850482315112500,0.000000000000000,0.000000000000000,0.000000000000000,0.000000000000000,0.000000000000000,0.000000000000000,0.000000000000000,0.000000000000000,0.000000000000000,0.000000000000000,0.000000000000000,0.000000000000000,0.000000000000000,0.000000000000000,0.000000000000000,0.000000000000000,0.000000000000000,0.000000000000000,0.000000000000000,0.000000000000000,0.000000000000000,0.000000000000000,0.000000000000000,0.000000000000000,0.000000000000000,0.000000000000000,0.000000000000000,0.000000000000000,0.000000000000000,0.000000000000000,0.000000000000000,0.000000000000000,0.000000000000000,0.000000000000000,0.000000000000000,0.000000000000000,0.000000000000000,0.000000000000000,0.000000000000000,0.000000000000000,0.000000000000000,0.000000000000000
2,11,28,0.840871905842614,2.105056840454720,1.167094173690000,3.059915232468530,5.124942102825380,7.976453118370810,12.784559417946600,17.233703190013900,18.576086956521700,0.000000000000000,0.000000000000000,0.000000000000000,0.000000000000000,0.000000000000000,0.000000000000000,0.000000000000000,0.000000000000000,0.000000000000000,0.000000000000000,0.000000000000000,0.000000000000000,0.000000000000000,0.000000000000000,0.000000000000000,0.000000000000000,0.000000000000000,0.000000000000000,0.000000000000000,0.000000000000000,0.000000000000000,0.000000000000000,0.000000000000000,0.000000000000000,0.000000000000000,0.000000000000000,0.000000000000000,0.000000000000000,0.000000000000000,0.000000000000000,0.000000000000000,0.000000000000000,0.000000000000000,0.000000000000000,0.000000000000000,0.000000000000000,0.000000000000000,0.000000000000000,0.000000000000000,0.000000000000000,0.000000000000000
2,11,29,0.853138029405310,2.013335475578410,1.214822805292050,3.046624485533510,5.046007685738680,8.132525558500570,12.124273724983900,15.193478260869600,22.827948303715700,26.078624078624100,0.000000000000000,0.000000000000000,0.000000000000000,0.000000000000000,0.000000000000000,0.000000000000000,0.000000000000000,0.000000000000000,0.000000000000000,0.000000000000000,0.000000000000000,0.000000000000000,0.000000000000000,0.000000000000000,0.000000000000000,0.000000000000000,0.000000000000000,0.000000000000000,0.000000000000000,0.000000000000000,0.000000000000000,0.000000000000000,0.000000000000000,0.000000000000000,0.000000000000000,0.000000000000000,0.000000000000000,0.000000000000000,0.000000000000000,0.000000000000000,0.000000000000000,0.000000000000000,0.000000000000000,0.000000000000000,0.000000000000000,0.000000000000000,0.000000000000000,0.000000000000000,0.000000000000000,0.000000000000000
2,11,30,0.824082516526100,1.962038130588830,1.218246988151740,2.734133268363990,5.013748854262150,8.419360213262250,11.876182526432900,15.926512383272400,19.585012594458400,25.442512077294700,26.615819209039500,0.000000000000000,0.000000000000000,0.000000000000000,0.000000000000000,0.000000000000000,0.000000000000000,0.000000000000000,0.000000000000000,0.000000000000000,0.000000000000000,0.000000000000000,0.000000000000000,0.000000000000000,0.000000000000000,0.000000000000000,0.000000000000000,0.000000000000000,0.000000000000000,0.000000000000000,0.000000000000000,0.000000000000000,0.000000000000000,0.000000000000000,0.000000000000000,0.000000000000000,0.000000000000000,0.000000000000000,0.000000000000000,0.000000000000000,0.000000000000000,0.000000000000000,0.000000000000000,0.000000000000000,0.000000000000000,0.000000000000000,0.000000000000000,0.000000000000000,0.000000000000000,0.000000000000000
2,11,31,0.835602094240838,1.919899331771240,1.237779292041750,2.785140440954390,5.051045016077170,7.400329983500820,11.297557538750600,15.774009282399100,18.323484462557300,23.006828528072800,30.374855824682800,28.485893416927900,0.000000000000000,0.000000000000000,0.000000000000000,0.000000000000000,0.000000000000000,0.000000000000000,0.000000000000000,0.000000000000000,0.000000000000000,0.000000000000000,0.000000000000000,0.000000000000000,0.000000000000000,0.000000000000000,0.000000000000000,0.000000000000000,0.000000000000000,0.000000000000000,0.000000000000000,0.000000000000000,0.000000000000000,0.000000000000000,0.000000000000000,0.000000000000000,0.000000000000000,0.000000000000000,0.000000000000000,0.000000000000000,0.000000000000000,0.000000000000000,0.000000000000000,0.000000000000000,0.000000000000000,0.000000000000000,0.000000000000000,0.000000000000000,0.000000000000000,0.000000000000000
2,11,32,0.964230791137438,2.008145948239290,1.251596810159110,2.801247935400990,4.466778061725970,7.325998251238710,10.680766826422200,14.504770164787500,16.931063829787200,22.060292326431200,24.979184735472700,33.637005649717500,29.672794117647100,0.000000000000000,0.000000000000000,0.000000000000000,0.000000000000000,0.000000000000000,0.000000000000000,0.000000000000000,0.000000000000000,0.000000000000000,0.000000000000000,0.000000000000000,0.000000000000000,0.000000000000000,0.000000000000000,0.000000000000000,0.000000000000000,0.000000000000000,0.000000000000000,0.000000000000000,0.000000000000000,0.000000000000000,0.000000000000000,0.000000000000000,0.000000000000000,0.000000000000000,0.000000000000000,0.000000000000000,0.000000000000000,0.000000000000000,0.000000000000000,0.000000000000000,0.000000000000000,0.000000000000000,0.000000000000000,0.000000000000000,0.000000000000000,0.000000000000000
2,11,33,0.778347702717451,1.961550460146620,1.191859781202210,2.578764195872510,4.055482784431140,6.507421278956860,9.195065086458130,12.318799692228800,16.643347050754500,19.607965451055700,23.432432432432400,26.941119691119700,30.144104803493400,30.698689956331900,0.000000000000000,0.000000000000000,0.000000000000000,0.000000000000000,0.000000000000000,0.000000000000000,0.000000000000000,0.000000000000000,0.000000000000000,0.000000000000000,0.000000000000000,0.000000000000000,0.000000000000000,0.000000000000000,0.000000000000000,0.000000000000000,0.000000000000000,0.000000000000000,0.000000000000000,0.000000000000000,0.000000000000000,0.000000000000000,0.000000000000000,0.000000000000000,0.000000000000000,0.000000000000000,0.000000000000000,0.000000000000000,0.000000000000000,0.000000000000000,0.000000000000000,0.000000000000000,0.000000000000000,0.000000000000000,0.000000000000000,0.000000000000000
2,11,34,0.613695433087572,1.555374953823420,1.052414581377310,2.336198367548850,3.703418071027330,5.476719003789930,8.210778672803990,11.697885939036400,14.404675166970200,17.024606696248500,20.189204229271000,26.062305295950200,29.966894977168900,33.943217665615100,39.187250996015900,0.000000000000000,0.000000000000000,0.000000000000000,0.000000000000000,0.000000000000000,0.000000000000000,0.000000000000000,0.000000000000000,0.000000000000000,0.000000000000000,0.000000000000000,0.000000000000000,0.000000000000000,0.000000000000000,0.000000000000000,0.000000000000000,0.000000000000000,0.000000000000000,0.000000000000000,0.000000000000000,0.000000000000000,0.000000000000000,0.000000000000000,0.000000000000000,0.000000000000000,0.000000000000000,0.000000000000000,0.000000000000000,0.000000000000000,0.000000000000000,0.000000000000000,0.000000000000000,0.000000000000000,0.000000000000000,0.000000000000000
2,11,35,0.539031698470273,1.324647122692730,0.865996649916248,2.055957365816520,3.560432766615150,5.224905765740610,7.641548630783760,9.843673668783590,13.536227453378200,16.259050966608100,19.224627875507400,22.312127236580500,27.725333333333300,31.237804878048800,37.858131487889300,34.368200836820100,0.000000000000000,0.000000000000000,0.000000000000000,0.000000000000000,0.000000000000000,0.000000000000000,0.000000000000000,0.000000000000000,0.000000000000000,0.000000000000000,0.000000000000000,0.000000000000000,0.000000000000000,0.000000000000000,0.000000000000000,0.000000000000000,0.000000000000000,0.000000000000000,0.000000000000000,0.000000000000000,0.000000000000000,0.000000000000000,0.000000000000000,0.000000000000000,0.000000000000000,0.000000000000000,0.000000000000000,0.000000000000000,0.000000000000000,0.000000000000000,0.000000000000000,0.000000000000000,0.000000000000000,0.000000000000000
2,11,36,0.460937078772847,1.066662262156450,0.798046105726532,1.623573916176290,3.063393221723150,4.756562903457180,6.893436439079590,9.453244054490880,11.649929078014200,13.954996456413900,16.332069110830200,21.136580201164600,24.178362573099400,29.426512968299700,30.417890520694300,37.393474088291700,38.056410256410300,0.000000000000000,0.000000000000000,0.000000000000000,0.000000000000000,0.000000000000000,0.000000000000000,0.000000000000000,0.000000000000000,0.000000000000000,0.000000000000000,0.000000000000000,0.000000000000000,0.000000000000000,0.000000000000000,0.000000000000000,0.000000000000000,0.000000000000000,0.000000000000000,0.000000000000000,0.000000000000000,0.000000000000000,0.000000000000000,0.000000000000000,0.000000000000000,0.000000000000000,0.000000000000000,0.000000000000000,0.000000000000000,0.000000000000000,0.000000000000000,0.000000000000000,0.000000000000000,0.000000000000000
2,11,37,0.422644479424331,0.916355538088688,0.714847060636413,1.399542997269130,2.413459715639810,4.136376021798370,6.123521681997370,8.312471024571160,9.706849315068490,13.300727032386000,15.413446054750400,17.781893004115200,21.919540229885100,24.738955823293200,28.593462717058200,32.258771929824600,36.988738738738700,40.645348837209300,0.000000000000000,0.000000000000000,0.000000000000000,0.000000000000000,0.000000000000000,0.000000000000000,0.000000000000000,0.000000000000000,0.000000000000000,0.000000000000000,0.000000000000000,0.000000000000000,0.000000000000000,0.000000000000000,0.000000000000000,0.000000000000000,0.000000000000000,0.000000000000000,0.000000000000000,0.000000000000000,0.000000000000000,0.000000000000000,0.000000000000000,0.000000000000000,0.000000000000000,0.000000000000000,0.000000000000000,0.000000000000000,0.000000000000000,0.000000000000000,0.000000000000000,0.000000000000000
2,11,38,0.391986567077760,0.905723245785966,0.644015136427007,1.246450086058520,1.969058874086810,3.626428663156540,5.284762247838620,7.437951411687460,9.422768572955640,11.984340044742700,13.555555555555600,16.500909090909100,19.723012111637700,21.670123136746600,26.188927943761000,29.950058072009300,32.838983050847500,37.277511961722500,45.278571428571400,0.000000000000000,0.000000000000000,0.000000000000000,0.000000000000000,0.000000000000000,0.000000000000000,0.000000000000000,0.000000000000000,0.000000000000000,0.000000000000000,0.000000000000000,0.000000000000000,0.000000000000000,0.000000000000000,0.000000000000000,0.000000000000000,0.000000000000000,0.000000000000000,0.000000000000000,0.000000000000000,0.000000000000000,0.000000000000000,0.000000000000000,0.000000000000000,0.000000000000000,0.000000000000000,0.000000000000000,0.000000000000000,0.000000000000000,0.000000000000000,0.000000000000000
2,11,39,0.390154340467038,0.853498210218028,0.640141505413008,1.147624029513790,1.873384128071230,3.026034063260340,4.655614424884630,6.611733684904420,8.487759446514100,10.841702388242500,12.636261682243000,15.388255915863300,18.916795069337400,21.207142857142900,23.607044198895000,26.144230769230800,29.968085106383000,34.547619047619100,44.384615384615400,39.038461538461500,0.000000000000000,0.000000000000000,0.000000000000000,0.000000000000000,0.000000000000000,0.000000000000000,0.000000000000000,0.000000000000000,0.000000000000000,0.000000000000000,0.000000000000000,0.000000000000000,0.000000000000000,0.000000000000000,0.000000000000000,0.000000000000000,0.000000000000000,0.000000000000000,0.000000000000000,0.000000000000000,0.000000000000000,0.000000000000000,0.000000000000000,0.000000000000000,0.000000000000000,0.000000000000000,0.000000000000000,0.000000000000000,0.000000000000000,0.000000000000000
2,11,40,0.368345735546651,0.780639719717122,0.690396516158606,1.170171205331490,1.672533735646630,2.612516023773450,3.961452691940110,5.697454239427730,7.542149205494210,9.688458972648430,11.508931965032300,14.132473118279600,16.159391858754300,18.901687027341500,20.082628497072200,23.847123719464100,27.639658848614100,33.102918586789600,36.708086785009900,36.865435356200500,42.864661654135300,0.000000000000000,0.000000000000000,0.000000000000000,0.000000000000000,0.000000000000000,0.000000000000000,0.000000000000000,0.000000000000000,0.000000000000000,0.000000000000000,0.000000000000000,0.000000000000000,0.000000000000000,0.000000000000000,0.000000000000000,0.000000000000000,0.000000000000000,0.000000000000000,0.000000000000000,0.000000000000000,0.000000000000000,0.000000000000000,0.000000000000000,0.000000000000000,0.000000000000000,0.000000000000000,0.000000000000000,0.000000000000000,0.000000000000000
2,11,41,0.301492044265815,0.689378885968848,0.623660067600193,1.087127298696660,1.557951017592270,2.458779692594320,3.503054367745880,4.983709519136410,6.316704459561600,8.655268884053470,10.459277620396600,12.244245524296700,14.974701670644400,17.638430926662900,20.091346153846200,22.065934065934100,25.234060402684600,31.873372781065100,33.949764521193100,39.839130434782600,44.597597597597600,44.258741258741300,0.000000000000000,0.000000000000000,0.000000000000000,0.000000000000000,0.000000000000000,0.000000000000000,0.000000000000000,0.000000000000000,0.000000000000000,0.000000000000000,0.000000000000000,0.000000000000000,0.000000000000000,0.000000000000000,0.000000000000000,0.000000000000000,0.000000000000000,0.000000000000000,0.000000000000000,0.000000000000000,0.000000000000000,0.000000000000000,0.000000000000000,0.000000000000000,0.000000000000000,0.000000000000000,0.000000000000000,0.000000000000000
2,11,42,0.288266919671094,0.609625353440151,0.662859839546956,1.039658399625640,1.640704602365940,2.258977900552490,3.351240275943050,4.416744013365510,5.710876548875630,7.297847242701270,9.526054590570720,11.748886188740400,14.823811809889600,16.828647214854100,17.350153846153800,20.970491803278700,24.314417177914100,24.944237918215600,30.600997506234400,36.159322033898300,36.091722595078300,40.880952380952400,50.953271028037400,0.000000000000000,0.000000000000000,0.000000000000000,0.000000000000000,0.000000000000000,0.000000000000000,0.000000000000000,0.000000000000000,0.000000000000000,0.000000000000000,0.000000000000000,0.000000000000000,0.000000000000000,0.000000000000000,0.000000000000000,0.000000000000000,0.000000000000000,0.000000000000000,0.000000000000000,0.000000000000000,0.000000000000000,0.000000000000000,0.000000000000000,0.000000000000000,0.000000000000000,0.000000000000000,0.000000000000000
2,11,43,0.251988991743808,0.600513880355248,0.594433399602386,0.960825099670653,1.416215759215420,2.205646086756940,2.937895511405450,3.928361498897870,5.446576537287400,6.923874488403820,8.937244201909960,10.577060931899600,12.935426008968600,15.088264299802800,15.948703494926700,18.574901445466500,20.924107142857100,23.357382550335600,26.046826222684700,31.285129604365600,35.393470790378000,33.575376884422100,38.992395437262400,45.750000000000000,0.000000000000000,0.000000000000000,0.000000000000000,0.000000000000000,0.000000000000000,0.000000000000000,0.000000000000000,0.000000000000000,0.000000000000000,0.000000000000000,0.000000000000000,0.000000000000000,0.000000000000000,0.000000000000000,0.000000000000000,0.000000000000000,0.000000000000000,0.000000000000000,0.000000000000000,0.000000000000000,0.000000000000000,0.000000000000000,0.000000000000000,0.000000000000000,0.000000000000000,0.000000000000000
2,11,44,0.204717967365120,0.543167401354693,0.617594344319427,0.940858953297348,1.516137229987290,2.190045780021130,3.120498199279710,4.184093437152390,5.604219948849100,6.097318007662840,7.100821744627050,9.733085501858740,11.818741750989900,14.396977329974800,16.706926159129900,16.236465463596800,20.047197640118000,22.486100079428100,23.757380073800700,28.685416666666700,30.481962481962500,33.686159844054600,37.232432432432400,39.610389610389600,38.477876106194700,0.000000000000000,0.000000000000000,0.000000000000000,0.000000000000000,0.000000000000000,0.000000000000000,0.000000000000000,0.000000000000000,0.000000000000000,0.000000000000000,0.000000000000000,0.000000000000000,0.000000000000000,0.000000000000000,0.000000000000000,0.000000000000000,0.000000000000000,0.000000000000000,0.000000000000000,0.000000000000000,0.000000000000000,0.000000000000000,0.000000000000000,0.000000000000000,0.000000000000000
2,11,45,0.193575871176621,0.492099792099792,0.663750514615068,1.010679196924390,1.333187696609580,2.284675072744910,3.035962339867260,3.850762932638630,4.765088624635410,6.019078768056690,7.312268803945750,7.943631039531480,11.225406330196700,13.145337301587300,13.543169398907100,16.703921568627500,17.837387074357200,19.922267206477700,24.992844364937400,25.662486938349000,25.573241061130300,34.444805194805200,32.569105691056900,39.094801223241600,37.355648535564900,45.696629213483100,0.000000000000000,0.000000000000000,0.000000000000000,0.000000000000000,0.000000000000000,0.000000000000000,0.000000000000000,0.000000000000000,0.000000000000000,0.000000000000000,0.000000000000000,0.000000000000000,0.000000000000000,0.000000000000000,0.000000000000000,0.000000000000000,0.000000000000000,0.000000000000000,0.000000000000000,0.000000000000000,0.000000000000000,0.000000000000000,0.000000000000000,0.000000000000000
2,11,46,0.199381443298969,0.510486059708858,0.642026870628491,1.031887187956550,1.538884308876060,2.183160463697380,3.074685534591190,4.441630165682730,5.295067264573990,6.081713084603260,7.853999405292890,8.646782357194510,10.871869782971600,11.879506641366200,14.384698860553400,16.136141636141600,17.444747612551200,19.227203647416400,21.793771043771000,24.853112840466900,24.900216919739700,28.756258234519100,30.934333958724200,36.225728155339800,42.646153846153800,44.718181818181800,34.772727272727300,0.000000000000000,0.000000000000000,0.000000000000000,0.000000000000000,0.000000000000000,0.000000000000000,0.000000000000000,0.000000000000000,0.000000000000000,0.000000000000000,0.000000000000000,0.000000000000000,0.000000000000000,0.000000000000000,0.000000000000000,0.000000000000000,0.000000000000000,0.000000000000000,0.000000000000000,0.000000000000000,0.000000000000000,0.000000000000000,0.000000000000000
2,11,47,0.189959960716174,0.553080077063676,0.711455859315781,1.056089030206680,1.532521450318300,2.176435190757010,3.108030303030300,4.002281368821290,5.354694151915750,6.492805755395680,7.096431731052790,8.113941967445150,9.814700193423600,11.135830324909700,12.965637450199200,15.059365994236300,15.682367149758500,17.913780918727900,19.252955082742300,22.741772151898700,23.697486535009000,24.242931937172800,27.747638326585700,30.465863453815300,33.438177874186600,34.857594936708900,43.291866028708100,36.500000000000000,0.000000000000000,0.000000000000000,0.000000000000000,0.000000000000000,0.000000000000000,0.000000000000000,0.000000000000000,0.000000000000000,0.000000000000000,0.000000000000000,0.000000000000000,0.000000000000000,0.000000000000000,0.000000000000000,0.000000000000000,0.000000000000000,0.000000000000000,0.000000000000000,0.000000000000000,0.000000000000000,0.000000000000000,0.000000000000000
2,11,48,0.171991795014428,0.544442283380337,0.759918895221394,1.113406130772270,1.685741000467510,2.333786120029640,3.094000944733110,4.184744186046510,5.062764300022260,6.547006302521010,7.828667072428480,8.374357216318130,9.466815809097690,10.686772942697100,12.132816286960700,13.457127827459200,15.954954954955000,17.349381017881700,20.238869257950500,20.471273938384700,22.235772357723600,25.842379958246300,26.153172866520800,24.405913978494600,30.128309572301400,33.254901960784300,38.902027027027000,36.384279475982500,48.743589743589700,0.000000000000000,0.000000000000000,0.000000000000000,0.000000000000000,0.000000000000000,0.000000000000000,0.000000000000000,0.000000000000000,0.000000000000000,0.000000000000000,0.000000000000000,0.000000000000000,0.000000000000000,0.000000000000000,0.000000000000000,0.000000000000000,0.000000000000000,0.000000000000000,0.000000000000000,0.000000000000000,0.000000000000000
2,11,49,0.150576866186767,0.546138072453862,0.830588779106720,1.175752761932270,1.758967145584250,2.516060806345010,3.148080741230970,4.514773869346730,5.126063952150910,6.058229194363200,6.963020996552800,8.136063866712950,9.427195685670260,10.995577178239700,11.697986577181200,13.728462377317300,14.913907284768200,16.477580071174400,19.310511756569800,20.635384615384600,21.488007380073800,21.444326617179200,25.846486486486500,24.240540540540500,28.060650887574000,31.539112050740000,37.598574821852700,40.553191489361700,36.772727272727300,47.467532467532500,0.000000000000000,0.000000000000000,0.000000000000000,0.000000000000000,0.000000000000000,0.000000000000000,0.000000000000000,0.000000000000000,0.000000000000000,0.000000000000000,0.000000000000000,0.000000000000000,0.000000000000000,0.000000000000000,0.000000000000000,0.000000000000000,0.000000000000000,0.000000000000000,0.000000000000000,0.000000000000000
2,11,50,0.151852461715791,0.539326981552808,0.757535000305680,1.229042601923960,1.814968814968820,2.491965040879620,3.691555097837280,4.433262260127930,5.232923832923830,5.905245346869710,6.371447028423770,7.188079942897930,8.954308617234470,9.453720508166970,11.493451824134700,11.709383378016100,13.835308796007500,15.414021164021200,15.914861837191900,20.310756972111600,19.714808043875700,20.331331331331300,22.260679079956200,22.982849604221600,24.554417413572300,28.652797704447600,31.282560706401800,29.901197604790400,32.733644859813100,40.307262569832400,46.878787878787900,0.000000000000000,0.000000000000000,0.000000000000000,0.000000000000000,0.000000000000000,0.000000000000000,0.000000000000000,0.000000000000000,0.000000000000000,0.000000000000000,0.000000000000000,0.000000000000000,0.000000000000000,0.000000000000000,0.000000000000000,0.000000000000000,0.000000000000000,0.000000000000000,0.000000000000000
2,11,51,0.142268109249241,0.629762117689143,0.752434017595308,1.454183266932270,2.059467299578060,2.750166666666670,3.288579940417080,4.326318223866790,5.110316368638240,5.874186550976140,6.741037243299690,7.503860219423000,8.887335874629390,9.843324937027710,11.576761303890600,12.808995327102800,13.554830287206300,15.382889200561000,15.156985871271600,17.413763806287200,20.263558515699300,21.122533748702000,20.490022172949000,23.740157480315000,22.659836065573800,24.188059701492500,29.874551971326200,32.328165374677000,37.563934426229500,32.040723981900500,43.911764705882400,36.854838709677400,0.000000000000000,0.000000000000000,0.000000000000000,0.000000000000000,0.000000000000000,0.000000000000000,0.000000000000000,0.000000000000000,0.000000000000000,0.000000000000000,0.000000000000000,0.000000000000000,0.000000000000000,0.000000000000000,0.000000000000000,0.000000000000000,0.000000000000000,0.000000000000000
2,11,52,0.140366505472130,0.481702409695592,1.080621422730990,1.659912642562480,2.292134831460670,2.881860646165820,3.592558354518140,4.743121765186600,5.362053162236480,6.778371161548730,7.003752345215760,7.912928759894460,8.644829199812820,9.386363636363640,10.381437464629300,12.829237555135500,12.319399085565000,13.491026561378300,15.747035573122500,16.441696113074200,17.726919339164200,20.425000000000000,20.188304093567300,22.202127659574500,23.365853658536600,24.692667706708300,31.416528925619800,29.611344537815100,32.023746701847000,37.590551181102400,45.422459893048100,44.900000000000000,60.642857142857100,0.000000000000000,0.000000000000000,0.000000000000000,0.000000000000000,0.000000000000000,0.000000000000000,0.000000000000000,0.000000000000000,0.000000000000000,0.000000000000000,0.000000000000000,0.000000000000000,0.000000000000000,0.000000000000000,0.000000000000000,0.000000000000000,0.000000000000000
2,11,53,0.120291509351128,0.560578034682081,1.146755725190840,1.867003367003370,2.467519353752940,3.116143317230270,3.842884431709650,4.301415487094090,5.457764782326190,5.865546218487390,7.482194023741300,7.809652683806950,8.987198424421470,10.222814498933900,11.338591549295800,12.071609632446100,12.346582984658300,12.489329268292700,14.335714285714300,16.594936708860800,16.942234848484800,18.463722397476300,19.673155737704900,19.458128078817700,22.582260371959900,20.404761904761900,23.458866544789800,29.250000000000000,29.264501160092800,36.750902527075800,36.676855895196500,38.843930635838100,41.211009174311900,53.642857142857100,0.000000000000000,0.000000000000000,0.000000000000000,0.000000000000000,0.000000000000000,0.000000000000000,0.000000000000000,0.000000000000000,0.000000000000000,0.000000000000000,0.000000000000000,0.000000000000000,0.000000000000000,0.000000000000000,0.000000000000000,0.000000000000000
2,11,54,0.114922062000117,0.604403580933946,1.204624514016780,1.790130302190190,2.270804195804200,2.472986959221690,3.810954063604240,4.292056074766360,5.273963290278720,6.076381164256580,6.859685430463580,7.324124321657620,8.900584795321640,9.158977209560870,10.479297365119200,10.239919354838700,12.683535281539600,12.776488785769500,12.843930635838200,15.393738140417500,14.433062880324500,17.662222222222200,17.747986191024200,18.783505154639200,22.162756598240500,19.581014729950900,20.756993006993000,24.803001876172600,26.919811320754700,24.146835443038000,27.830434782608700,36.502439024390200,33.751515151515200,42.707865168539300,31.111111111111100,0.000000000000000,0.000000000000000,0.000000000000000,0.000000000000000,0.000000000000000,0.000000000000000,0.000000000000000,0.000000000000000,0.000000000000000,0.000000000000000,0.000000000000000,0.000000000000000,0.000000000000000,0.000000000000000,0.000000000000000
2,11,55,0.126827186399687,0.662045710003747,1.213248976553780,1.742673217008300,2.355254674403610,3.054695837780150,3.619937694704050,4.052800570816980,5.329628046173580,6.434083601286170,7.033366533864540,8.527990571596940,7.419745222929940,8.678207739307540,9.106444605358440,9.603278688524590,13.179465056082800,12.666340508806300,14.230917874396100,12.701680672268900,14.516685845799800,14.641581632653100,15.751891074130100,18.713550600343100,18.253943217665600,19.417624521072800,18.551148225469700,21.391608391608400,23.700245700245700,25.696696696696700,25.124590163934400,29.462222222222200,32.286585365853700,35.787878787878800,32.843373493975900,30.606060606060600,0.000000000000000,0.000000000000000,0.000000000000000,0.000000000000000,0.000000000000000,0.000000000000000,0.000000000000000,0.000000000000000,0.000000000000000,0.000000000000000,0.000000000000000,0.000000000000000,0.000000000000000,0.000000000000000
2,11,56,0.122287173284956,0.576848736487938,1.150849858356940,1.578056324271530,2.227860696517410,2.657511344638170,3.429397192402970,4.076823338735820,5.039068666140490,5.410394265232980,6.587293646823410,7.599328483491890,7.261398176291790,8.735899137358990,9.033215547703180,9.456606724003130,10.661031276415900,12.266607617360500,12.370510396975400,12.946808510638300,13.892609699769100,12.951612903225800,15.116216216216200,15.915555555555600,13.401253918495300,17.264659270998400,17.886939571150100,20.231111111111100,23.186974789916000,20.959390862944200,22.204134366925100,29.086206896551700,29.540669856459300,32.231213872832400,31.785123966942100,27.472972972973000,40.111111111111100,0.000000000000000,0.000000000000000,0.000000000000000,0.000000000000000,0.000000000000000,0.000000000000000,0.000000000000000,0.000000000000000,0.000000000000000,0.000000000000000,0.000000000000000,0.000000000000000,0.000000000000000
2,11,57,0.123454245671888,0.638989683386695,1.137624726210760,1.624880990161850,2.108505564387920,2.536072623029140,3.239788830230620,4.097924773022050,4.206974981046250,5.349934469200520,6.246123061530770,6.328774928774930,7.575794621026890,7.754545454545450,8.941355674028940,9.970588235294120,9.743679163034000,9.883152173913040,12.098076923076900,11.395763656633200,13.127002288329500,12.303909205548500,14.660000000000000,15.572246065808300,14.712195121951200,16.612736660929400,16.532423208191100,21.527720739219700,18.318584070796500,20.878281622911700,21.967828418230600,25.128742514970100,20.229681978798600,28.746478873239400,15.373493975903600,36.008064516129000,39.985294117647100,34.032258064516100,0.000000000000000,0.000000000000000,0.000000000000000,0.000000000000000,0.000000000000000,0.000000000000000,0.000000000000000,0.000000000000000,0.000000000000000,0.000000000000000,0.000000000000000,0.000000000000000
2,11,58,0.128707893413776,0.685834275561299,1.161465220841050,1.614187157261630,2.126464735794830,2.398928024502300,3.323057953144270,3.832412523020260,4.607307853842920,4.874939172749390,5.776668418286920,6.699696048632220,8.153417015341700,7.050746268656720,7.901080631753950,8.881076388888890,9.547619047619050,10.893738140417500,9.786096256684490,11.392512077294700,11.210336538461500,13.340053763440900,12.852482269503500,12.306886227544900,14.530988274706900,16.202898550724600,16.438752783964400,17.643892339544500,18.877990430622000,16.854721549636800,20.793201133144500,20.009771986970700,21.445141065830700,25.911392405063300,29.224489795918400,33.340740740740700,32.593750000000000,37.456521739130400,38.032258064516100,0.000000000000000,0.000000000000000,0.000000000000000,0.000000000000000,0.000000000000000,0.000000000000000,0.000000000000000,0.000000000000000,0.000000000000000,0.000000000000000,0.000000000000000
2,11,59,0.146451697014471,0.697949805585012,1.220834516037470,1.601142857142860,2.101203113941970,2.636691645850680,2.711652402896640,3.940597805524030,4.024282560706400,4.758875739644970,5.701517706576730,6.416237113402060,7.033259423503330,7.218020917135960,7.396785109983080,8.024644549763030,8.656822810590630,8.395216400911160,8.759345794392520,10.447552447552400,12.513797634691200,11.331890331890300,13.504464285714300,13.364406779661000,12.356363636363600,15.927021696252500,14.389721627409000,17.580357142857100,13.881578947368400,16.391304347826100,18.766483516483500,18.256849315068500,17.387832699619800,23.118320610687000,24.203539823008800,21.229166666666700,26.376068376068400,38.814285714285700,35.649122807017500,55.090909090909100,0.000000000000000,0.000000000000000,0.000000000000000,0.000000000000000,0.000000000000000,0.000000000000000,0.000000000000000,0.000000000000000,0.000000000000000,0.000000000000000
2,11,60,0.181198664139363,0.847678018575851,1.663626126126130,2.744674642544500,3.740365448504980,4.656378198866970,5.912714317523940,7.526995608369930,9.172619047619050,10.697780678851200,12.008094186902100,15.036585365853700,17.170965058236300,18.636973180076600,18.743641912512700,20.062772925764200,19.846383741781200,22.923029932803900,22.685695538057700,26.021596858638700,26.987170830519900,27.717157214644700,29.138930163447300,30.854967948717900,32.371653543307100,33.818105616093900,34.973844812554500,33.323759791122700,35.621841155234700,38.625113739763400,35.212259835315600,33.619516562220200,35.554702495201500,37.293958521190300,36.326222222222200,39.787689562890300,37.989453499520600,44.391263057929700,50.351612903225800,53.813895781637700,73.462722852512200,0.000000000000000,0.000000000000000,0.000000000000000,0.000000000000000,0.000000000000000,0.000000000000000,0.000000000000000,0.000000000000000,0.000000000000000
2,11,61,0.209146681539320,0.956423316355405,1.695241387256600,2.490422007777620,3.519071893127090,4.552910544913520,5.981647269471800,7.298364061282780,8.788162906533840,9.899025974025970,11.812140804597700,14.394577094293800,15.703851261620200,17.309677419354800,17.232247730913000,19.523017193566300,19.556731334509100,22.126328955597200,21.092447916666700,23.213135866065700,23.433988764044900,24.121326299924600,24.984721161191800,26.477366255144000,28.306634304207100,28.956560283687900,28.594331266607600,28.251637043966300,30.307620817843900,32.046210720887200,33.895316804407700,31.674329501915700,33.300268096514700,33.377201112140900,32.045260461144300,33.707482993197300,34.742277140335400,33.322490706319700,44.261603375527400,46.296629213483100,64.179864703541600,0.000000000000000,0.000000000000000,0.000000000000000,0.000000000000000,0.000000000000000,0.000000000000000,0.000000000000000,0.000000000000000,0.000000000000000
2,11,62,0.214150997313825,0.899480519480519,1.759784230460230,2.753802416488980,3.794701986754970,4.542975696502670,5.720421226512490,7.171477495107630,8.299372146118720,9.805669291338580,12.332745858301000,13.236873747495000,13.342793791574300,15.051045211473000,15.281903765690400,17.280294450736100,18.379570516540900,18.880952380952400,20.325842696629200,21.739071038251400,21.621167883211700,21.690814040328600,21.442249240121600,25.020914020139400,24.504043126684600,26.366095581605000,25.591964285714300,27.048161120840600,29.861271676300600,27.351123595505600,28.396897810219000,28.538390379278400,28.998214285714300,26.035778175313100,28.203478260869600,27.824854045037500,27.937965260545900,31.324772162386100,35.874023437500000,43.386437029063500,55.929714955095700,9.000000000000000,0.000000000000000,0.000000000000000,0.000000000000000,0.000000000000000,0.000000000000000,0.000000000000000,0.000000000000000,0.000000000000000
2,11,63,0.234336395312005,1.019209759650400,1.681429408318690,2.700991189427310,3.363664839467500,4.451787648970750,5.914836856146110,6.584404636459430,8.156591974986970,9.624256837098690,10.296147403685100,11.407951289398300,12.207755102040800,13.868271334792100,13.851063829787200,15.437532671197100,18.351351351351400,18.298716452742100,18.069943289225000,18.642379679144400,18.778571428571400,20.619777158774400,21.220274390243900,22.786015164279700,21.616382806163800,21.548885077187000,23.934325744308200,25.128182616330100,23.645104895104900,23.631810193321600,27.248161764705900,23.918822479928600,26.195596951735800,25.216666666666700,25.437828371278500,25.655854430379700,26.634090909090900,24.344012204424100,29.921514312096000,35.360477741585200,48.804904051172700,2.250000000000000,4.705882352941180,0.000000000000000,0.000000000000000,0.000000000000000,0.000000000000000,0.000000000000000,0.000000000000000,0.000000000000000
2,11,64,0.255460588793922,1.075816855239510,1.788431269674710,2.563884406630480,3.310989867498050,4.086050240513090,5.116696951342620,6.103720930232560,5.979651162790700,8.941558441558440,9.507387508394900,9.712820512820510,11.405012126111600,12.007502206531300,13.538316878232300,14.249606712113300,13.513904338153500,14.836492890995300,15.107491856677500,15.180894308943100,16.791755508173400,17.229918938835700,17.903574397340000,18.385604113110500,19.128048780487800,19.865724381625400,19.585046728972000,21.395050412465600,23.266985645933000,22.345679012345700,19.874762808349100,23.732954545454500,21.847169811320800,22.318499127399700,19.517331022530300,20.190664556962000,21.305230288836800,22.198849630238300,22.949820788530500,30.964859437751000,42.313761467889900,2.290322580645160,19.000000000000000,11.000000000000000,0.000000000000000,0.000000000000000,0.000000000000000,0.000000000000000,0.000000000000000,0.000000000000000
2,11,65,0.196636481241915,1.050269299820470,1.488808664259930,1.969040247678020,1.967592592592590,2.552816901408450,3.393881453154880,5.018805309734510,4.446706586826350,4.055023923444980,5.623853211009170,5.781645569620250,7.811827956989250,7.483731019522780,7.193965517241380,8.605263157894740,9.703125000000000,9.044854881266490,10.002724795640300,9.127659574468090,11.668769716088300,11.261437908496700,10.677215189873400,10.980066445182700,12.210191082802500,13.453333333333300,11.864963503649600,13.028776978417300,14.194444444444400,14.386363636363600,13.955974842767300,13.057142857142900,14.216718266253900,15.606557377049200,12.592067988668600,15.332394366197200,14.313924050632900,15.241206030150800,15.482288828337900,20.414084507042300,20.810152284264000,4.214285714285710,5.781250000000000,4.160000000000000,11.363636363636400,7.777777777777780,0.000000000000000,0.000000000000000,0.000000000000000,0.000000000000000
2,11,66,0.221577726218097,0.782679738562091,1.457142857142860,2.152255639097740,2.259047619047620,2.812749003984060,2.855233853006680,3.264264264264260,2.986149584487530,3.390532544378700,2.727810650887570,3.825581395348840,4.688596491228070,4.788000000000000,6.845238095238090,6.635000000000000,5.191489361702130,6.518987341772150,5.959537572254340,5.513368983957220,6.374301675977650,6.556962025316460,8.358974358974360,9.396103896103900,6.265193370165750,9.584337349397590,9.036144578313250,7.973913043478260,10.746575342465800,14.950819672131100,9.888888888888890,12.741176470588200,8.090425531914890,11.472636815920400,10.059907834101400,7.446428571428570,11.858638743455500,10.398467432950200,14.748815165876800,16.716216216216200,17.222368421052600,4.153846153846150,2.761904761904760,0.000000000000000,6.318181818181820,10.454545454545500,0.000000000000000,0.000000000000000,0.000000000000000,0.000000000000000
2,11,67,0.196460176991150,0.735941320293399,1.932944606413990,2.000000000000000,1.551724137931030,1.648148148148150,2.954545454545450,2.344051446945340,3.541666666666670,2.945945945945950,2.727626459143970,2.960000000000000,2.569060773480660,4.485380116959060,3.610389610389610,6.163265306122450,2.556338028169010,4.348837209302330,5.519685039370080,4.744186046511630,6.088000000000000,5.000000000000000,6.940298507462690,5.757009345794390,7.638888888888890,5.146788990825690,5.398437500000000,8.000000000000000,8.321917808219180,8.393442622950820,6.732758620689650,8.916666666666670,8.222222222222220,6.707006369426750,7.152777777777780,10.497175141242900,9.417391304347830,10.071065989847700,8.898936170212770,12.110576923076900,12.655813953488400,0.000000000000000,0.000000000000000,0.000000000000000,6.518518518518520,0.000000000000000,0.000000000000000,0.000000000000000,0.000000000000000,0.000000000000000
2,11,68,0.139130434782609,0.510822510822511,1.323943661971830,1.614583333333330,1.845188284518830,1.376288659793810,1.911627906976740,2.384236453201970,1.700000000000000,1.547738693467340,1.787234042553190,2.627450980392160,3.624277456647400,2.059701492537310,3.000000000000000,2.836538461538460,5.606060606060610,5.454545454545450,4.695121951219510,3.461538461538460,5.137931034482760,4.600000000000000,6.326086956521740,4.595959595959600,5.670886075949370,5.041237113402060,5.229729729729730,9.882978723404260,7.470000000000000,5.081632653061220,8.717391304347830,7.445378151260500,7.908333333333330,5.347826086956520,5.933333333333330,6.842105263157890,6.264367816091950,7.589189189189190,7.295180722891570,9.021052631578950,8.578125000000000,5.894736842105260,0.000000000000000,5.684210526315790,5.000000000000000,0.000000000000000,0.000000000000000,0.000000000000000,0.000000000000000,0.000000000000000
2,11,69,0.183673469387755,1.028571428571430,1.187919463087250,1.615384615384620,2.820000000000000,2.330882352941180,0.615384615384615,2.765517241379310,2.766423357664230,1.949579831932770,0.820895522388060,1.504424778761060,1.400000000000000,1.368932038834950,3.040816326530610,3.218390804597700,4.142857142857140,2.396226415094340,2.405405405405410,3.720588235294120,2.410256410256410,3.044117647058820,5.480000000000000,3.658536585365850,4.893939393939390,3.647058823529410,6.975609756097560,4.298507462686570,2.447761194029850,4.679487179487180,6.494949494949490,4.730337078651690,3.376344086021510,8.057471264367820,4.567567567567570,4.611570247933880,6.376000000000000,6.304635761589400,7.770114942528740,8.910958904109590,7.666107382550340,4.307692307692310,4.090909090909090,0.000000000000000,4.166666666666670,0.000000000000000,0.000000000000000,0.000000000000000,0.000000000000000,0.000000000000000
2,12,20,0.011082138200782,0.000000000000000,0.000000000000000,0.000000000000000,0.000000000000000,0.000000000000000,0.000000000000000,0.000000000000000,0.000000000000000,0.000000000000000,0.000000000000000,0.000000000000000,0.000000000000000,0.000000000000000,0.000000000000000,0.000000000000000,0.000000000000000,0.000000000000000,0.000000000000000,0.000000000000000,0.000000000000000,0.000000000000000,0.000000000000000,0.000000000000000,0.000000000000000,0.000000000000000,0.000000000000000,0.000000000000000,0.000000000000000,0.000000000000000,0.000000000000000,0.000000000000000,0.000000000000000,0.000000000000000,0.000000000000000,0.000000000000000,0.000000000000000,0.000000000000000,0.000000000000000,0.000000000000000,0.000000000000000,0.000000000000000,0.000000000000000,0.000000000000000,0.000000000000000,0.000000000000000,0.000000000000000,0.000000000000000,0.000000000000000,0.000000000000000
2,12,21,0.006427865069773,0.033916554508748,0.000000000000000,0.000000000000000,0.000000000000000,0.000000000000000,0.000000000000000,0.000000000000000,0.000000000000000,0.000000000000000,0.000000000000000,0.000000000000000,0.000000000000000,0.000000000000000,0.000000000000000,0.000000000000000,0.000000000000000,0.000000000000000,0.000000000000000,0.000000000000000,0.000000000000000,0.000000000000000,0.000000000000000,0.000000000000000,0.000000000000000,0.000000000000000,0.000000000000000,0.000000000000000,0.000000000000000,0.000000000000000,0.000000000000000,0.000000000000000,0.000000000000000,0.000000000000000,0.000000000000000,0.000000000000000,0.000000000000000,0.000000000000000,0.000000000000000,0.000000000000000,0.000000000000000,0.000000000000000,0.000000000000000,0.000000000000000,0.000000000000000,0.000000000000000,0.000000000000000,0.000000000000000,0.000000000000000,0.000000000000000
2,12,22,0.008515440648405,0.028561322840216,0.064896755162242,0.000000000000000,0.000000000000000,0.000000000000000,0.000000000000000,0.000000000000000,0.000000000000000,0.000000000000000,0.000000000000000,0.000000000000000,0.000000000000000,0.000000000000000,0.000000000000000,0.000000000000000,0.000000000000000,0.000000000000000,0.000000000000000,0.000000000000000,0.000000000000000,0.000000000000000,0.000000000000000,0.000000000000000,0.000000000000000,0.000000000000000,0.000000000000000,0.000000000000000,0.000000000000000,0.000000000000000,0.000000000000000,0.000000000000000,0.000000000000000,0.000000000000000,0.000000000000000,0.000000000000000,0.000000000000000,0.000000000000000,0.000000000000000,0.000000000000000,0.000000000000000,0.000000000000000,0.000000000000000,0.000000000000000,0.000000000000000,0.000000000000000,0.000000000000000,0.000000000000000,0.000000000000000,0.000000000000000
2,12,23,0.009402030838661,0.037438913277562,0.017960363336086,0.029675153643547,0.000000000000000,0.000000000000000,0.000000000000000,0.000000000000000,0.000000000000000,0.000000000000000,0.000000000000000,0.000000000000000,0.000000000000000,0.000000000000000,0.000000000000000,0.000000000000000,0.000000000000000,0.000000000000000,0.000000000000000,0.000000000000000,0.000000000000000,0.000000000000000,0.000000000000000,0.000000000000000,0.000000000000000,0.000000000000000,0.000000000000000,0.000000000000000,0.000000000000000,0.000000000000000,0.000000000000000,0.000000000000000,0.000000000000000,0.000000000000000,0.000000000000000,0.000000000000000,0.000000000000000,0.000000000000000,0.000000000000000,0.000000000000000,0.000000000000000,0.000000000000000,0.000000000000000,0.000000000000000,0.000000000000000,0.000000000000000,0.000000000000000,0.000000000000000,0.000000000000000,0.000000000000000
2,12,24,0.011843863772524,0.044040210627094,0.020424382102837,0.087081090467095,0.165555555555556,0.000000000000000,0.000000000000000,0.000000000000000,0.000000000000000,0.000000000000000,0.000000000000000,0.000000000000000,0.000000000000000,0.000000000000000,0.000000000000000,0.000000000000000,0.000000000000000,0.000000000000000,0.000000000000000,0.000000000000000,0.000000000000000,0.000000000000000,0.000000000000000,0.000000000000000,0.000000000000000,0.000000000000000,0.000000000000000,0.000000000000000,0.000000000000000,0.000000000000000,0.000000000000000,0.000000000000000,0.000000000000000,0.000000000000000,0.000000000000000,0.000000000000000,0.000000000000000,0.000000000000000,0.000000000000000,0.000000000000000,0.000000000000000,0.000000000000000,0.000000000000000,0.000000000000000,0.000000000000000,0.000000000000000,0.000000000000000,0.000000000000000,0.000000000000000,0.000000000000000
2,12,25,0.011385726187170,0.053198914307871,0.028148148148148,0.068287969077146,0.132996632996633,0.173643410852713,0.000000000000000,0.000000000000000,0.000000000000000,0.000000000000000,0.000000000000000,0.000000000000000,0.000000000000000,0.000000000000000,0.000000000000000,0.000000000000000,0.000000000000000,0.000000000000000,0.000000000000000,0.000000000000000,0.000000000000000,0.000000000000000,0.000000000000000,0.000000000000000,0.000000000000000,0.000000000000000,0.000000000000000,0.000000000000000,0.000000000000000,0.000000000000000,0.000000000000000,0.000000000000000,0.000000000000000,0.000000000000000,0.000000000000000,0.000000000000000,0.000000000000000,0.000000000000000,0.000000000000000,0.000000000000000,0.000000000000000,0.000000000000000,0.000000000000000,0.000000000000000,0.000000000000000,0.000000000000000,0.000000000000000,0.000000000000000,0.000000000000000,0.000000000000000
2,12,26,0.011806319009608,0.069887501926337,0.036890532289965,0.102624248643894,0.160385378294134,0.194508670520231,0.424673784104389,0.000000000000000,0.000000000000000,0.000000000000000,0.000000000000000,0.000000000000000,0.000000000000000,0.000000000000000,0.000000000000000,0.000000000000000,0.000000000000000,0.000000000000000,0.000000000000000,0.000000000000000,0.000000000000000,0.000000000000000,0.000000000000000,0.000000000000000,0.000000000000000,0.000000000000000,0.000000000000000,0.000000000000000,0.000000000000000,0.000000000000000,0.000000000000000,0.000000000000000,0.000000000000000,0.000000000000000,0.000000000000000,0.000000000000000,0.000000000000000,0.000000000000000,0.000000000000000,0.000000000000000,0.000000000000000,0.000000000000000,0.000000000000000,0.000000000000000,0.000000000000000,0.000000000000000,0.000000000000000,0.000000000000000,0.000000000000000,0.000000000000000
2,12,27,0.016194922672892,0.066389425219070,0.043103448275862,0.107646474677259,0.164075993091537,0.297477391718229,0.418867924528302,0.418006430868167,0.000000000000000,0.000000000000000,0.000000000000000,0.000000000000000,0.000000000000000,0.000000000000000,0.000000000000000,0.000000000000000,0.000000000000000,0.000000000000000,0.000000000000000,0.000000000000000,0.000000000000000,0.000000000000000,0.000000000000000,0.000000000000000,0.000000000000000,0.000000000000000,0.000000000000000,0.000000000000000,0.000000000000000,0.000000000000000,0.000000000000000,0.000000000000000,0.000000000000000,0.000000000000000,0.000000000000000,0.000000000000000,0.000000000000000,0.000000000000000,0.000000000000000,0.000000000000000,0.000000000000000,0.000000000000000,0.000000000000000,0.000000000000000,0.000000000000000,0.000000000000000,0.000000000000000,0.000000000000000,0.000000000000000,0.000000000000000
2,12,28,0.017680899350821,0.085221481771854,0.047453279589593,0.112894939635243,0.222209356183418,0.353415358506576,0.455537590945837,0.662274618585298,0.589130434782609,0.000000000000000,0.000000000000000,0.000000000000000,0.000000000000000,0.000000000000000,0.000000000000000,0.000000000000000,0.000000000000000,0.000000000000000,0.000000000000000,0.000000000000000,0.000000000000000,0.000000000000000,0.000000000000000,0.000000000000000,0.000000000000000,0.000000000000000,0.000000000000000,0.000000000000000,0.000000000000000,0.000000000000000,0.000000000000000,0.000000000000000,0.000000000000000,0.000000000000000,0.000000000000000,0.000000000000000,0.000000000000000,0.000000000000000,0.000000000000000,0.000000000000000,0.000000000000000,0.000000000000000,0.000000000000000,0.000000000000000,0.000000000000000,0.000000000000000,0.000000000000000,0.000000000000000,0.000000000000000,0.000000000000000
2,12,29,0.015690147026553,0.063223007712082,0.047971065071861,0.116161926408256,0.203031596925705,0.313138962514199,0.606843124596514,0.654347826086957,0.758481421647819,0.646191646191646,0.000000000000000,0.000000000000000,0.000000000000000,0.000000000000000,0.000000000000000,0.000000000000000,0.000000000000000,0.000000000000000,0.000000000000000,0.000000000000000,0.000000000000000,0.000000000000000,0.000000000000000,0.000000000000000,0.000000000000000,0.000000000000000,0.000000000000000,0.000000000000000,0.000000000000000,0.000000000000000,0.000000000000000,0.000000000000000,0.000000000000000,0.000000000000000,0.000000000000000,0.000000000000000,0.000000000000000,0.000000000000000,0.000000000000000,0.000000000000000,0.000000000000000,0.000000000000000,0.000000000000000,0.000000000000000,0.000000000000000,0.000000000000000,0.000000000000000,0.000000000000000,0.000000000000000,0.000000000000000
2,12,30,0.016355140186916,0.065294415387211,0.046961601008928,0.107747594104032,0.224259089520318,0.361379540153282,0.481636060100167,0.732034104750305,0.644836272040302,1.070531400966180,0.923728813559322,0.000000000000000,0.000000000000000,0.000000000000000,0.000000000000000,0.000000000000000,0.000000000000000,0.000000000000000,0.000000000000000,0.000000000000000,0.000000000000000,0.000000000000000,0.000000000000000,0.000000000000000,0.000000000000000,0.000000000000000,0.000000000000000,0.000000000000000,0.000000000000000,0.000000000000000,0.000000000000000,0.000000000000000,0.000000000000000,0.000000000000000,0.000000000000000,0.000000000000000,0.000000000000000,0.000000000000000,0.000000000000000,0.000000000000000,0.000000000000000,0.000000000000000,0.000000000000000,0.000000000000000,0.000000000000000,0.000000000000000,0.000000000000000,0.000000000000000,0.000000000000000,0.000000000000000
2,12,31,0.014892379290285,0.055020393994620,0.047412401821899,0.104922983992751,0.192624598070740,0.377981100944953,0.584311883513387,0.664405569439486,0.789098318899643,1.188922610015170,0.961937716262976,1.103448275862070,0.000000000000000,0.000000000000000,0.000000000000000,0.000000000000000,0.000000000000000,0.000000000000000,0.000000000000000,0.000000000000000,0.000000000000000,0.000000000000000,0.000000000000000,0.000000000000000,0.000000000000000,0.000000000000000,0.000000000000000,0.000000000000000,0.000000000000000,0.000000000000000,0.000000000000000,0.000000000000000,0.000000000000000,0.000000000000000,0.000000000000000,0.000000000000000,0.000000000000000,0.000000000000000,0.000000000000000,0.000000000000000,0.000000000000000,0.000000000000000,0.000000000000000,0.000000000000000,0.000000000000000,0.000000000000000,0.000000000000000,0.000000000000000,0.000000000000000,0.000000000000000
2,12,32,0.015207609500484,0.068731438268986,0.043879209342757,0.115372851287698,0.217810104187144,0.355144272806762,0.425296936861846,0.715235617230413,0.727234042553191,0.853227771010962,1.182133564614050,0.884180790960452,1.650735294117650,0.000000000000000,0.000000000000000,0.000000000000000,0.000000000000000,0.000000000000000,0.000000000000000,0.000000000000000,0.000000000000000,0.000000000000000,0.000000000000000,0.000000000000000,0.000000000000000,0.000000000000000,0.000000000000000,0.000000000000000,0.000000000000000,0.000000000000000,0.000000000000000,0.000000000000000,0.000000000000000,0.000000000000000,0.000000000000000,0.000000000000000,0.000000000000000,0.000000000000000,0.000000000000000,0.000000000000000,0.000000000000000,0.000000000000000,0.000000000000000,0.000000000000000,0.000000000000000,0.000000000000000,0.000000000000000,0.000000000000000,0.000000000000000,0.000000000000000
2,12,33,0.015442540652625,0.056777413819997,0.039054228914245,0.108377091219929,0.180482784431138,0.320294076848384,0.461433844958228,0.622210823288023,0.772976680384088,1.044625719769670,1.062419562419560,0.808880308880309,1.077147016011640,1.965065502183410,0.000000000000000,0.000000000000000,0.000000000000000,0.000000000000000,0.000000000000000,0.000000000000000,0.000000000000000,0.000000000000000,0.000000000000000,0.000000000000000,0.000000000000000,0.000000000000000,0.000000000000000,0.000000000000000,0.000000000000000,0.000000000000000,0.000000000000000,0.000000000000000,0.000000000000000,0.000000000000000,0.000000000000000,0.000000000000000,0.000000000000000,0.000000000000000,0.000000000000000,0.000000000000000,0.000000000000000,0.000000000000000,0.000000000000000,0.000000000000000,0.000000000000000,0.000000000000000,0.000000000000000,0.000000000000000,0.000000000000000,0.000000000000000
2,12,34,0.014480454039145,0.048171407462135,0.038943544107442,0.084714321048726,0.144625345139484,0.278695181375203,0.401611047180667,0.664945919370698,0.706132361870067,0.769261799112545,1.028937117417920,1.235202492211840,1.591324200913240,1.534700315457410,1.498007968127490,0.000000000000000,0.000000000000000,0.000000000000000,0.000000000000000,0.000000000000000,0.000000000000000,0.000000000000000,0.000000000000000,0.000000000000000,0.000000000000000,0.000000000000000,0.000000000000000,0.000000000000000,0.000000000000000,0.000000000000000,0.000000000000000,0.000000000000000,0.000000000000000,0.000000000000000,0.000000000000000,0.000000000000000,0.000000000000000,0.000000000000000,0.000000000000000,0.000000000000000,0.000000000000000,0.000000000000000,0.000000000000000,0.000000000000000,0.000000000000000,0.000000000000000,0.000000000000000,0.000000000000000,0.000000000000000,0.000000000000000
2,12,35,0.013194553960995,0.034609120521173,0.031553114409256,0.084126379901028,0.204121586810922,0.284796872818651,0.378281397544854,0.496824621397167,0.622439620911036,0.814059753954306,1.032476319350470,1.158383035122600,1.163555555555560,1.664634146341460,1.200692041522490,1.372384937238490,0.000000000000000,0.000000000000000,0.000000000000000,0.000000000000000,0.000000000000000,0.000000000000000,0.000000000000000,0.000000000000000,0.000000000000000,0.000000000000000,0.000000000000000,0.000000000000000,0.000000000000000,0.000000000000000,0.000000000000000,0.000000000000000,0.000000000000000,0.000000000000000,0.000000000000000,0.000000000000000,0.000000000000000,0.000000000000000,0.000000000000000,0.000000000000000,0.000000000000000,0.000000000000000,0.000000000000000,0.000000000000000,0.000000000000000,0.000000000000000,0.000000000000000,0.000000000000000,0.000000000000000,0.000000000000000
2,12,36,0.012778346902464,0.034883720930233,0.034946132756690,0.076257956046595,0.158942425479788,0.254339406111031,0.378347793285553,0.471715539136458,0.571063829787234,0.694897236002835,0.907711757269279,1.144520910534670,1.180555555555560,1.272814601344860,1.408544726301740,1.239923224568140,1.225641025641030,0.000000000000000,0.000000000000000,0.000000000000000,0.000000000000000,0.000000000000000,0.000000000000000,0.000000000000000,0.000000000000000,0.000000000000000,0.000000000000000,0.000000000000000,0.000000000000000,0.000000000000000,0.000000000000000,0.000000000000000,0.000000000000000,0.000000000000000,0.000000000000000,0.000000000000000,0.000000000000000,0.000000000000000,0.000000000000000,0.000000000000000,0.000000000000000,0.000000000000000,0.000000000000000,0.000000000000000,0.000000000000000,0.000000000000000,0.000000000000000,0.000000000000000,0.000000000000000,0.000000000000000
2,12,37,0.013885765684731,0.036745922578110,0.028045303952539,0.069832246558547,0.145023696682464,0.236239782016349,0.360240285338840,0.451321279554937,0.592328767123288,0.871777924653007,0.923913043478261,1.087791495198900,1.318007662835250,1.816867469879520,1.733401430030640,1.347953216374270,1.961711711711710,3.860465116279070,0.000000000000000,0.000000000000000,0.000000000000000,0.000000000000000,0.000000000000000,0.000000000000000,0.000000000000000,0.000000000000000,0.000000000000000,0.000000000000000,0.000000000000000,0.000000000000000,0.000000000000000,0.000000000000000,0.000000000000000,0.000000000000000,0.000000000000000,0.000000000000000,0.000000000000000,0.000000000000000,0.000000000000000,0.000000000000000,0.000000000000000,0.000000000000000,0.000000000000000,0.000000000000000,0.000000000000000,0.000000000000000,0.000000000000000,0.000000000000000,0.000000000000000,0.000000000000000
2,12,38,0.012911817497539,0.040768326146609,0.029715196176061,0.059649311531842,0.129608938547486,0.211249518428149,0.361851585014409,0.462683300503392,0.556921432389097,0.792585490572068,1.114778144481110,1.117727272727270,1.015797788309640,1.587815942968240,2.329525483304040,1.804878048780490,2.054237288135590,2.478468899521530,6.085714285714290,0.000000000000000,0.000000000000000,0.000000000000000,0.000000000000000,0.000000000000000,0.000000000000000,0.000000000000000,0.000000000000000,0.000000000000000,0.000000000000000,0.000000000000000,0.000000000000000,0.000000000000000,0.000000000000000,0.000000000000000,0.000000000000000,0.000000000000000,0.000000000000000,0.000000000000000,0.000000000000000,0.000000000000000,0.000000000000000,0.000000000000000,0.000000000000000,0.000000000000000,0.000000000000000,0.000000000000000,0.000000000000000,0.000000000000000,0.000000000000000,0.000000000000000
2,12,39,0.014114407022778,0.031825577611455,0.035887818600290,0.063047189031441,0.121564934509032,0.212652068126521,0.276875747735430,0.419248516809492,0.613358169238957,0.626760563380282,0.875514018691589,0.970201577563541,1.338983050847460,1.776785714285710,1.377762430939230,1.885576923076920,1.868351063829790,1.628205128205130,2.823821339950370,2.173076923076920,0.000000000000000,0.000000000000000,0.000000000000000,0.000000000000000,0.000000000000000,0.000000000000000,0.000000000000000,0.000000000000000,0.000000000000000,0.000000000000000,0.000000000000000,0.000000000000000,0.000000000000000,0.000000000000000,0.000000000000000,0.000000000000000,0.000000000000000,0.000000000000000,0.000000000000000,0.000000000000000,0.000000000000000,0.000000000000000,0.000000000000000,0.000000000000000,0.000000000000000,0.000000000000000,0.000000000000000,0.000000000000000,0.000000000000000,0.000000000000000
2,12,40,0.011734401831712,0.035554402128074,0.032546413018565,0.073135700333218,0.123040818037046,0.193101037175154,0.242593182542211,0.386071954555018,0.523565849717210,0.667444963308873,0.885214747244394,0.824086021505376,1.059342815105440,1.129144851657940,1.500325309043590,1.706067769897560,1.837953091684430,2.019969278033790,2.207100591715980,2.841688654353560,2.684210526315790,0.000000000000000,0.000000000000000,0.000000000000000,0.000000000000000,0.000000000000000,0.000000000000000,0.000000000000000,0.000000000000000,0.000000000000000,0.000000000000000,0.000000000000000,0.000000000000000,0.000000000000000,0.000000000000000,0.000000000000000,0.000000000000000,0.000000000000000,0.000000000000000,0.000000000000000,0.000000000000000,0.000000000000000,0.000000000000000,0.000000000000000,0.000000000000000,0.000000000000000,0.000000000000000,0.000000000000000,0.000000000000000,0.000000000000000
2,12,41,0.010295656003964,0.034484968912249,0.034958957025592,0.059334642623341,0.105639875819248,0.173847228691197,0.286041539401344,0.325613346418057,0.394809775762157,0.610506683245260,0.729107648725212,1.076726342711000,1.272076372315040,1.451392836839110,1.375000000000000,1.673076923076920,1.770973154362420,1.996449704142010,1.626373626373630,3.043478260869570,2.411411411411410,2.377622377622380,0.000000000000000,0.000000000000000,0.000000000000000,0.000000000000000,0.000000000000000,0.000000000000000,0.000000000000000,0.000000000000000,0.000000000000000,0.000000000000000,0.000000000000000,0.000000000000000,0.000000000000000,0.000000000000000,0.000000000000000,0.000000000000000,0.000000000000000,0.000000000000000,0.000000000000000,0.000000000000000,0.000000000000000,0.000000000000000,0.000000000000000,0.000000000000000,0.000000000000000,0.000000000000000,0.000000000000000,0.000000000000000
2,12,42,0.013230023192073,0.036463242224317,0.037187352524776,0.063348151614413,0.105776703220793,0.151127992633518,0.215323645970938,0.333580842769631,0.405231757687012,0.539074019463285,0.877348457993619,0.830295666261644,0.936629860777724,1.200530503978780,1.252923076923080,1.687868852459020,1.773006134969330,1.899628252788100,2.145885286783040,2.233898305084750,1.662192393736020,1.557823129251700,2.271028037383180,0.000000000000000,0.000000000000000,0.000000000000000,0.000000000000000,0.000000000000000,0.000000000000000,0.000000000000000,0.000000000000000,0.000000000000000,0.000000000000000,0.000000000000000,0.000000000000000,0.000000000000000,0.000000000000000,0.000000000000000,0.000000000000000,0.000000000000000,0.000000000000000,0.000000000000000,0.000000000000000,0.000000000000000,0.000000000000000,0.000000000000000,0.000000000000000,0.000000000000000,0.000000000000000,0.000000000000000
2,12,43,0.012159119339505,0.031167960676982,0.035979246472385,0.057491188536430,0.118194115657761,0.130135414275878,0.229874908020603,0.298493754592212,0.315961622328827,0.509959072305593,0.511596180081855,0.829948227797690,1.071748878923770,1.113412228796840,1.170800450958290,1.323258869908020,1.438244047619050,1.895134228187920,1.925078043704470,1.849931787175990,2.683848797250860,2.439698492462310,3.231939163498100,2.425925925925930,0.000000000000000,0.000000000000000,0.000000000000000,0.000000000000000,0.000000000000000,0.000000000000000,0.000000000000000,0.000000000000000,0.000000000000000,0.000000000000000,0.000000000000000,0.000000000000000,0.000000000000000,0.000000000000000,0.000000000000000,0.000000000000000,0.000000000000000,0.000000000000000,0.000000000000000,0.000000000000000,0.000000000000000,0.000000000000000,0.000000000000000,0.000000000000000,0.000000000000000,0.000000000000000
2,12,44,0.010772237625563,0.036232663154500,0.038036443293837,0.066475005867167,0.094451503600169,0.155652071839418,0.189975990396158,0.329810901001112,0.354006820119352,0.428097062579821,0.581858407079646,0.633828996282528,0.814342278926529,0.947103274559194,0.938752146536920,1.294337274424390,1.464601769911500,1.332803812549640,2.060885608856090,1.820833333333330,1.432900432900430,1.518518518518520,1.916216216216220,2.748917748917750,1.725663716814160,0.000000000000000,0.000000000000000,0.000000000000000,0.000000000000000,0.000000000000000,0.000000000000000,0.000000000000000,0.000000000000000,0.000000000000000,0.000000000000000,0.000000000000000,0.000000000000000,0.000000000000000,0.000000000000000,0.000000000000000,0.000000000000000,0.000000000000000,0.000000000000000,0.000000000000000,0.000000000000000,0.000000000000000,0.000000000000000,0.000000000000000,0.000000000000000,0.000000000000000
2,12,45,0.009712873817841,0.030457380457381,0.043227665706052,0.054189296393483,0.094984271233834,0.161251212415131,0.230128106189227,0.336434685522888,0.287861790442001,0.496047969473971,0.560110974106042,0.786237188872621,0.959366980325064,0.709821428571429,1.078142076502730,1.109803921568630,1.166087560806120,1.638056680161940,1.578711985688730,1.530825496342740,1.975778546712800,1.642857142857140,2.252032520325200,2.908256880733950,1.426778242677820,2.168539325842700,0.000000000000000,0.000000000000000,0.000000000000000,0.000000000000000,0.000000000000000,0.000000000000000,0.000000000000000,0.000000000000000,0.000000000000000,0.000000000000000,0.000000000000000,0.000000000000000,0.000000000000000,0.000000000000000,0.000000000000000,0.000000000000000,0.000000000000000,0.000000000000000,0.000000000000000,0.000000000000000,0.000000000000000,0.000000000000000,0.000000000000000,0.000000000000000
2,12,46,0.011958762886598,0.033950160375031,0.045891410456398,0.056977704376548,0.124209947787854,0.167053081147041,0.200000000000000,0.292515711293087,0.411210762331839,0.437992643194955,0.532857567647933,0.599421547360810,0.674040066777963,0.868121442125237,0.896907216494845,1.104395604395600,1.280354706684860,1.360182370820670,1.339225589225590,1.716926070038910,1.882863340563990,2.212121212121210,2.403377110694180,2.978155339805830,2.160000000000000,2.059090909090910,1.727272727272730,0.000000000000000,0.000000000000000,0.000000000000000,0.000000000000000,0.000000000000000,0.000000000000000,0.000000000000000,0.000000000000000,0.000000000000000,0.000000000000000,0.000000000000000,0.000000000000000,0.000000000000000,0.000000000000000,0.000000000000000,0.000000000000000,0.000000000000000,0.000000000000000,0.000000000000000,0.000000000000000,0.000000000000000,0.000000000000000,0.000000000000000
2,12,47,0.012389514240387,0.032455663686213,0.049876193845065,0.061049284578696,0.097887258972230,0.160428451077145,0.178636363636364,0.289923954372624,0.343490925386511,0.418807810894142,0.526393394278974,0.571832979476292,0.667311411992263,0.844765342960289,0.964143426294821,0.942363112391931,1.262681159420290,1.275618374558300,1.075650118203310,1.341772151898730,1.653500897666070,2.056544502617800,2.122807017543860,1.961847389558230,2.919739696312360,1.734177215189870,2.846889952153110,3.113636363636360,0.000000000000000,0.000000000000000,0.000000000000000,0.000000000000000,0.000000000000000,0.000000000000000,0.000000000000000,0.000000000000000,0.000000000000000,0.000000000000000,0.000000000000000,0.000000000000000,0.000000000000000,0.000000000000000,0.000000000000000,0.000000000000000,0.000000000000000,0.000000000000000,0.000000000000000,0.000000000000000,0.000000000000000,0.000000000000000
2,12,48,0.010256231964677,0.048332198774677,0.051238491889522,0.062886462307591,0.092753623188406,0.148308224252902,0.233191623366399,0.312372093023256,0.371689294458046,0.381302521008403,0.532258064516129,0.634213232773397,0.744220730797912,0.855665661352865,1.007270964614640,1.160441872698580,1.195795795795800,1.343878954607980,1.324381625441700,1.178184845961700,1.339656729900630,1.544885177453030,1.579868708971550,2.173387096774190,1.900203665987780,2.017429193899780,3.016891891891890,1.558951965065500,3.628205128205130,0.000000000000000,0.000000000000000,0.000000000000000,0.000000000000000,0.000000000000000,0.000000000000000,0.000000000000000,0.000000000000000,0.000000000000000,0.000000000000000,0.000000000000000,0.000000000000000,0.000000000000000,0.000000000000000,0.000000000000000,0.000000000000000,0.000000000000000,0.000000000000000,0.000000000000000,0.000000000000000,0.000000000000000
2,12,49,0.011077145580646,0.035494580607363,0.056508927023748,0.064770019495993,0.108610469205265,0.147257105089227,0.272336201191264,0.308944723618090,0.418219461697723,0.458122839670300,0.526167345659668,0.556404026379729,0.618258859784284,0.749668288367979,0.909395973154362,0.910577971646674,1.030102347983140,0.913167259786477,1.267634854771780,1.474615384615380,1.649446494464940,1.213149522799580,1.727567567567570,2.228378378378380,2.139053254437870,2.190274841437630,2.726840855106890,2.493617021276600,2.556818181818180,2.285714285714290,0.000000000000000,0.000000000000000,0.000000000000000,0.000000000000000,0.000000000000000,0.000000000000000,0.000000000000000,0.000000000000000,0.000000000000000,0.000000000000000,0.000000000000000,0.000000000000000,0.000000000000000,0.000000000000000,0.000000000000000,0.000000000000000,0.000000000000000,0.000000000000000,0.000000000000000,0.000000000000000
2,12,50,0.011658159064713,0.036691668355970,0.043345356728006,0.071843029470148,0.134806871648977,0.170143783478996,0.282354960521799,0.284434968017058,0.323095823095823,0.372814438804286,0.536175710594315,0.557815845824411,0.909819639278557,0.667876588021779,0.698316183348924,1.023056300268100,1.008109794136000,1.307539682539680,1.129200896191190,1.329880478087650,1.808043875685560,1.622622622622620,1.631982475355970,2.291556728232190,1.988476312419970,2.258249641319940,1.907284768211920,2.589820359281440,2.719626168224300,2.664804469273740,3.257575757575760,0.000000000000000,0.000000000000000,0.000000000000000,0.000000000000000,0.000000000000000,0.000000000000000,0.000000000000000,0.000000000000000,0.000000000000000,0.000000000000000,0.000000000000000,0.000000000000000,0.000000000000000,0.000000000000000,0.000000000000000,0.000000000000000,0.000000000000000,0.000000000000000,0.000000000000000
2,12,51,0.009928750494788,0.050974780897872,0.057419354838710,0.096376399165244,0.161128691983122,0.196833333333333,0.284607745779543,0.307354301572618,0.395598349381018,0.518748063216610,0.447615732683606,0.584721657862658,0.671749258788649,0.788413098236776,0.802313354363828,0.858060747663551,0.864229765013055,1.176016830294530,1.299058084772370,1.243840271877660,1.608943862987630,1.322949117341640,1.833702882483370,1.984251968503940,1.549180327868850,2.043283582089550,2.094982078853050,1.963824289405680,2.124590163934430,1.769230769230770,1.948529411764710,2.790322580645160,0.000000000000000,0.000000000000000,0.000000000000000,0.000000000000000,0.000000000000000,0.000000000000000,0.000000000000000,0.000000000000000,0.000000000000000,0.000000000000000,0.000000000000000,0.000000000000000,0.000000000000000,0.000000000000000,0.000000000000000,0.000000000000000,0.000000000000000,0.000000000000000
2,12,52,0.010562484092644,0.040051129100980,0.082420278004906,0.144746420771657,0.130875138471277,0.179252627481510,0.272244048994685,0.346227186052847,0.373357775740911,0.537383177570093,0.482551594746717,0.463060686015831,0.743565746373421,0.672430830039526,0.747594793435201,0.881537492123504,0.734813847158720,1.091170136396270,1.105928853754940,1.166077738515900,1.441205053449950,1.420652173913040,1.594152046783630,1.913563829787230,1.940379403794040,2.115444617784710,1.938842975206610,1.976890756302520,2.406332453825860,2.043307086614170,1.577540106951870,2.000000000000000,2.952380952380950,0.000000000000000,0.000000000000000,0.000000000000000,0.000000000000000,0.000000000000000,0.000000000000000,0.000000000000000,0.000000000000000,0.000000000000000,0.000000000000000,0.000000000000000,0.000000000000000,0.000000000000000,0.000000000000000,0.000000000000000,0.000000000000000,0.000000000000000
2,12,53,0.012175490970820,0.043757225433526,0.096469465648855,0.132219632219632,0.221810838101649,0.265499194847021,0.354823304680038,0.333333333333333,0.395386614684860,0.496848739495798,0.491608677855096,0.783040144339197,0.617922205809946,0.538912579957356,0.909859154929577,1.005703422053230,0.970013947001395,0.637195121951220,1.273015873015870,1.117299578059070,1.028409090909090,1.572029442691900,1.550204918032790,1.687192118226600,1.643776824034330,1.431746031746030,1.937842778793420,2.023255813953490,1.716937354988400,2.555956678700360,1.720524017467250,2.867052023121390,4.128440366972480,6.642857142857140,0.000000000000000,0.000000000000000,0.000000000000000,0.000000000000000,0.000000000000000,0.000000000000000,0.000000000000000,0.000000000000000,0.000000000000000,0.000000000000000,0.000000000000000,0.000000000000000,0.000000000000000,0.000000000000000,0.000000000000000,0.000000000000000
2,12,54,0.009837118337323,0.048451488023228,0.103846940863515,0.133074577210979,0.237937062937063,0.239701925067274,0.358909641595154,0.398948598130841,0.507138001359619,0.579162031887282,0.580711920529801,0.650222002960040,0.654439128123339,0.802112284602557,0.917189460476788,1.122983870967740,0.902352102637206,0.979891724671307,1.341866226259290,1.159392789373810,1.183569979716020,1.146666666666670,1.606444188722670,1.525773195876290,1.576246334310850,1.581014729950900,2.078671328671330,1.780487804878050,2.367924528301890,1.711392405063290,1.695652173913040,2.404878048780490,1.872727272727270,2.269662921348310,1.694444444444440,0.000000000000000,0.000000000000000,0.000000000000000,0.000000000000000,0.000000000000000,0.000000000000000,0.000000000000000,0.000000000000000,0.000000000000000,0.000000000000000,0.000000000000000,0.000000000000000,0.000000000000000,0.000000000000000,0.000000000000000
2,12,55,0.009496034427571,0.063019857624579,0.103585163131125,0.132475012705404,0.225016118633140,0.279615795090715,0.283800623052959,0.405993578308955,0.352714835399743,0.594855305466238,0.753486055776892,0.703005303476724,0.647770700636943,0.626612355736592,0.816075307748009,1.018032786885250,1.113028472821400,1.048923679060670,1.137198067632850,0.843487394957983,1.161104718066740,1.358418367346940,1.776096822995460,2.246998284734130,1.889589905362780,1.902298850574710,2.154488517745300,1.167832167832170,2.039312039312040,2.228228228228230,1.740983606557380,2.426666666666670,3.902439024390240,2.590909090909090,2.939759036144580,3.151515151515150,0.000000000000000,0.000000000000000,0.000000000000000,0.000000000000000,0.000000000000000,0.000000000000000,0.000000000000000,0.000000000000000,0.000000000000000,0.000000000000000,0.000000000000000,0.000000000000000,0.000000000000000,0.000000000000000
2,12,56,0.009675468655513,0.044240818956260,0.094074598677998,0.138857235878235,0.171940298507463,0.265345115834727,0.316818056702450,0.371474878444084,0.356748224151539,0.411290322580645,0.391195597798899,0.618914381645215,0.581155015197568,0.704711347047113,0.782332155477032,0.748240813135262,0.914623837700761,1.196634189548270,0.849716446124764,1.206382978723400,1.035796766743650,1.134792626728110,1.424324324324320,1.582222222222220,1.272727272727270,1.226624405705230,1.582846003898640,1.668888888888890,2.098739495798320,1.710659898477160,1.813953488372090,3.155172413793100,1.674641148325360,2.208092485549130,2.942148760330580,3.851351351351350,0.777777777777778,0.000000000000000,0.000000000000000,0.000000000000000,0.000000000000000,0.000000000000000,0.000000000000000,0.000000000000000,0.000000000000000,0.000000000000000,0.000000000000000,0.000000000000000,0.000000000000000,0.000000000000000
2,12,57,0.008587524045067,0.044539309854144,0.100754441469944,0.130593462392891,0.178855325914149,0.202341137123746,0.263128646846346,0.279182879377432,0.425701288855193,0.588029707295762,0.526263131565783,0.519088319088319,0.610024449877751,0.721678321678322,0.696115765422696,0.815580286168522,0.617262423714037,1.177536231884060,0.955769230769231,0.719063545150502,1.168192219679630,1.268600252206810,1.164000000000000,1.103004291845490,1.365853658536590,1.261617900172120,0.889078498293515,1.827515400410680,1.411504424778760,1.749403341288780,2.801608579088470,2.116766467065870,1.816254416961130,1.596244131455400,2.253012048192770,2.491935483870970,2.455882352941180,1.258064516129030,0.000000000000000,0.000000000000000,0.000000000000000,0.000000000000000,0.000000000000000,0.000000000000000,0.000000000000000,0.000000000000000,0.000000000000000,0.000000000000000,0.000000000000000,0.000000000000000
2,12,58,0.013497312139846,0.048376675819738,0.086088336418937,0.148593667079427,0.189033827105903,0.219244512506381,0.328914919852035,0.355432780847145,0.471650566988660,0.409732360097324,0.583289542827115,0.530091185410334,0.580892608089261,0.683582089552239,0.702410640066500,0.841145833333333,0.846666666666667,0.796963946869070,1.385026737967910,1.245169082125600,0.962740384615385,1.133064516129030,1.407092198581560,1.312874251497010,0.820770519262982,1.634057971014490,1.679287305122490,1.407867494824020,1.645933014354070,1.138014527845040,1.787535410764870,1.573289902280130,2.231974921630090,1.772151898734180,3.231292517006800,3.607407407407410,2.250000000000000,2.108695652173910,2.096774193548390,0.000000000000000,0.000000000000000,0.000000000000000,0.000000000000000,0.000000000000000,0.000000000000000,0.000000000000000,0.000000000000000,0.000000000000000,0.000000000000000,0.000000000000000
2,12,59,0.015644691669202,0.054436196535878,0.097076355378938,0.184571428571429,0.215145081387120,0.268387454898696,0.317643186306781,0.323496027241771,0.422516556291391,0.394477317554241,0.523889825744800,0.574097938144330,0.923133776792313,0.558326629123089,0.646362098138748,0.877725118483412,0.686354378818737,0.806378132118451,1.217289719626170,0.944055944055944,1.118265440210250,0.997113997113997,1.186011904761900,1.605084745762710,1.958181818181820,1.418145956607490,1.623126338329760,1.754464285714290,1.855263157894740,1.309782608695650,1.903846153846150,1.376712328767120,1.847908745247150,1.366412213740460,0.955752212389381,2.583333333333330,3.145299145299150,1.571428571428570,4.175438596491230,0.363636363636364,0.000000000000000,0.000000000000000,0.000000000000000,0.000000000000000,0.000000000000000,0.000000000000000,0.000000000000000,0.000000000000000,0.000000000000000,0.000000000000000
2,12,60,0.010379998194783,0.073374613003096,0.148986486486486,0.269915377881529,0.312292358803987,0.490134791951553,0.664885326207971,0.821493154223715,0.913548752834467,1.086488250652740,1.090507726269320,1.421951219512200,1.555740432612310,1.544061302681990,1.165818921668360,1.423034934497820,1.846383741781230,1.871105681124010,1.576115485564300,2.069371727748690,1.538825118163400,1.857860732232590,1.731797919762260,1.875000000000000,2.591338582677170,2.803017602682310,2.068003487358330,2.414273281114010,2.370938628158840,2.080072793448590,2.776761207685270,2.322291853178160,2.958733205374280,2.512173128945000,2.420444444444440,2.255129348795720,2.467881112176410,1.812915479582150,1.951612903225810,2.267990074441690,1.818071312803890,0.000000000000000,0.000000000000000,0.000000000000000,0.000000000000000,0.000000000000000,0.000000000000000,0.000000000000000,0.000000000000000,0.000000000000000
2,12,61,0.015210667748314,0.068801034845178,0.159695817490494,0.255077056027654,0.421163649147478,0.556816068439650,0.615487914055506,0.756686574915606,0.900673893934955,1.087012987012990,1.319324712643680,1.259813840550380,1.469676848162900,1.458525345622120,1.500266951414840,1.809761508596780,1.663727219282770,1.862414008755470,1.676432291666670,1.957501609787510,1.870786516853930,1.788244159758850,2.021390374331550,2.036213991769550,1.701456310679610,1.542553191489360,1.875996457041630,2.146866230121610,1.839219330855020,2.367837338262480,1.937557392102850,2.069923371647510,2.274352100089370,2.455977757182580,2.363791631084540,1.816326530612240,1.959399823477490,1.723977695167290,2.136075949367090,2.092134831460670,1.319140469558300,0.000000000000000,0.000000000000000,0.000000000000000,0.000000000000000,0.000000000000000,0.000000000000000,0.000000000000000,0.000000000000000,0.000000000000000
2,12,62,0.022289535348917,0.069610389610390,0.160679444508206,0.292395167022033,0.372847682119205,0.491207271290259,0.651249225686558,0.880870841487280,0.891837899543379,1.007244094488190,1.167782869228060,1.557915831663330,1.274944567627490,1.412250850753520,1.554393305439330,1.588901472253680,1.417295414973880,1.541811846689900,1.476903870162300,1.983606557377050,1.624817518248180,1.439880507841670,1.482522796352580,1.775367931835790,1.931716082659480,1.787195671776380,1.868750000000000,1.995621716287220,1.661849710982660,1.969101123595510,1.797445255474450,1.688251618871420,2.457142857142860,1.735241502683360,1.355652173913040,1.645537948290240,1.558312655086850,1.691797845898920,2.112304687500000,1.837459634015070,1.373682155408040,1.000000000000000,0.000000000000000,0.000000000000000,0.000000000000000,0.000000000000000,0.000000000000000,0.000000000000000,0.000000000000000,0.000000000000000
2,12,63,0.016661387393095,0.089038601602331,0.158055067369654,0.279598017621145,0.360845732184808,0.484290357529794,0.632259388467063,0.733825079030558,0.853830119854091,1.181034482758620,0.985929648241206,1.318767908309460,1.200816326530610,1.287527352297590,1.412293144208040,1.311552535284890,1.476091476091480,1.274212368728120,1.711405166981730,1.628342245989300,1.555714285714290,1.262534818941500,1.624237804878050,1.587194608256110,1.476885644768860,1.228987993138940,1.600700525394050,1.364354697102720,1.532342657342660,1.396309314586990,1.598345588235290,1.598572702943800,1.705334462320070,1.576315789473680,1.734676007005250,1.430379746835440,1.301515151515150,1.339435545385200,1.737765466297320,2.018458197611290,0.927149964463397,2.250000000000000,0.000000000000000,0.000000000000000,0.000000000000000,0.000000000000000,0.000000000000000,0.000000000000000,0.000000000000000,0.000000000000000
2,12,64,0.017727128838240,0.067568996510521,0.162906610703043,0.247322869297345,0.357911145752143,0.436130411544629,0.549364021804967,0.649534883720930,0.719364937388193,0.830604178430265,0.914707857622565,1.180219780219780,0.853274050121261,0.894086496028244,1.137282557592850,1.213424226533820,1.184649610678530,1.347748815165880,0.943973941368078,1.548102981029810,1.185501066098080,1.746499631540160,1.294264339152120,1.412167952013710,1.205574912891990,1.294169611307420,1.357943925233640,1.585701191567370,1.275598086124400,1.158594491927830,1.323529411764710,1.307765151515150,1.307547169811320,1.401396160558460,1.135181975736570,1.325949367088610,1.583918813427010,1.223500410846340,1.568100358422940,1.125502008032130,0.713761467889908,0.000000000000000,0.000000000000000,0.000000000000000,0.000000000000000,0.000000000000000,0.000000000000000,0.000000000000000,0.000000000000000,0.000000000000000
2,12,65,0.018111254851229,0.091561938958707,0.094584837545126,0.219040247678019,0.168209876543210,0.337147887323944,0.594646271510516,0.565265486725664,0.594011976047904,0.538277511961722,0.498470948012232,0.772151898734177,0.724014336917563,0.865509761388286,1.120689655172410,1.013157894736840,0.559895833333333,0.804749340369393,0.365122615803815,0.559270516717325,1.880126182965300,0.830065359477124,1.158227848101270,1.016611295681060,1.050955414012740,0.980000000000000,0.813868613138686,1.953237410071940,0.840277777777778,1.389610389610390,0.899371069182390,1.435714285714290,0.705882352941177,0.531147540983607,1.589235127478750,1.070422535211270,1.410126582278480,0.809045226130653,1.081743869209810,1.332394366197180,0.402030456852792,0.321428571428571,0.375000000000000,4.120000000000000,0.340909090909091,0.777777777777778,0.000000000000000,0.000000000000000,0.000000000000000,0.000000000000000
2,12,66,0.000000000000000,0.040849673202614,0.340816326530612,0.112781954887218,0.407619047619048,0.452191235059761,0.160356347438753,0.192192192192192,0.260387811634349,0.399408284023669,0.100591715976331,0.306201550387597,0.302631578947368,0.812000000000000,1.011904761904760,0.205000000000000,0.287234042553192,0.531645569620253,0.404624277456647,0.454545454545455,1.050279329608940,0.835443037974684,0.647435897435897,0.532467532467532,0.370165745856354,1.361445783132530,0.487951807228916,0.678260869565217,0.130136986301370,0.382513661202186,0.718954248366013,0.611764705882353,0.781914893617021,0.606965174129353,0.460829493087558,0.138392857142857,1.481675392670160,0.222222222222222,0.478672985781991,0.490990990990991,0.332894736842105,0.000000000000000,0.000000000000000,0.000000000000000,2.318181818181820,1.090909090909090,0.000000000000000,0.000000000000000,0.000000000000000,0.000000000000000
2,12,67,0.040707964601770,0.034229828850856,0.119533527696793,0.130573248407643,0.082228116710875,0.308641975308642,0.087878787878788,0.073954983922830,0.077380952380952,0.266409266409266,0.066147859922179,0.088888888888889,0.149171270718232,0.865497076023392,0.350649350649351,0.408163265306122,0.316901408450704,0.550387596899225,0.118110236220472,0.333333333333333,0.712000000000000,0.247863247863248,0.335820895522388,0.327102803738318,0.361111111111111,0.678899082568807,0.640625000000000,0.570247933884298,0.226027397260274,0.295081967213115,0.793103448275862,0.303030303030303,0.111111111111111,0.312101910828025,0.166666666666667,0.429378531073446,0.752173913043478,0.375634517766497,0.515957446808511,0.360576923076923,0.086821705426357,0.000000000000000,0.857142857142857,1.857142857142860,0.185185185185185,0.000000000000000,0.000000000000000,0.000000000000000,0.000000000000000,0.000000000000000
2,12,68,0.000000000000000,0.000000000000000,0.056338028169014,0.067708333333333,0.075313807531381,0.149484536082474,0.116279069767442,0.054187192118227,0.105000000000000,0.000000000000000,0.303191489361702,0.000000000000000,0.173410404624277,0.007462686567164,0.123966942148760,0.000000000000000,0.272727272727273,0.060606060606061,0.195121951219512,0.131868131868132,0.494252873563218,0.160000000000000,0.000000000000000,0.313131313131313,0.000000000000000,1.010309278350520,0.256756756756757,0.021276595744681,0.000000000000000,0.020408163265306,0.141304347826087,0.210084033613445,0.200000000000000,0.704347826086957,0.000000000000000,0.144736842105263,0.321839080459770,0.178378378378378,0.463855421686747,0.057894736842105,0.085937500000000,0.000000000000000,0.000000000000000,1.894736842105260,0.000000000000000,3.000000000000000,0.000000000000000,0.000000000000000,0.000000000000000,0.000000000000000
2,12,69,0.000000000000000,0.050000000000000,0.120805369127517,0.237762237762238,0.080000000000000,0.000000000000000,0.092307692307692,0.000000000000000,0.138686131386861,0.000000000000000,0.000000000000000,0.070796460176991,0.000000000000000,0.029126213592233,0.000000000000000,0.160919540229885,0.271428571428571,0.000000000000000,0.000000000000000,0.000000000000000,0.000000000000000,0.014705882352941,0.000000000000000,0.121951219512195,0.333333333333333,0.470588235294118,0.780487804878049,0.925373134328358,0.000000000000000,0.512820512820513,0.040404040404040,0.000000000000000,0.311827956989247,0.034482758620690,0.054054054054054,0.338842975206612,0.024000000000000,0.079470198675497,0.000000000000000,0.000000000000000,0.000000000000000,3.153846153846150,0.000000000000000,0.000000000000000,0.000000000000000,0.000000000000000,0.000000000000000,0.000000000000000,0.000000000000000,0.000000000000000
2,13,20,0.013363754889179,0.000000000000000,0.000000000000000,0.000000000000000,0.000000000000000,0.000000000000000,0.000000000000000,0.000000000000000,0.000000000000000,0.000000000000000,0.000000000000000,0.000000000000000,0.000000000000000,0.000000000000000,0.000000000000000,0.000000000000000,0.000000000000000,0.000000000000000,0.000000000000000,0.000000000000000,0.000000000000000,0.000000000000000,0.000000000000000,0.000000000000000,0.000000000000000,0.000000000000000,0.000000000000000,0.000000000000000,0.000000000000000,0.000000000000000,0.000000000000000,0.000000000000000,0.000000000000000,0.000000000000000,0.000000000000000,0.000000000000000,0.000000000000000,0.000000000000000,0.000000000000000,0.000000000000000,0.000000000000000,0.000000000000000,0.000000000000000,0.000000000000000,0.000000000000000,0.000000000000000,0.000000000000000,0.000000000000000,0.000000000000000,0.000000000000000
2,13,21,0.007361828370509,0.031493943472409,0.000000000000000,0.000000000000000,0.000000000000000,0.000000000000000,0.000000000000000,0.000000000000000,0.000000000000000,0.000000000000000,0.000000000000000,0.000000000000000,0.000000000000000,0.000000000000000,0.000000000000000,0.000000000000000,0.000000000000000,0.000000000000000,0.000000000000000,0.000000000000000,0.000000000000000,0.000000000000000,0.000000000000000,0.000000000000000,0.000000000000000,0.000000000000000,0.000000000000000,0.000000000000000,0.000000000000000,0.000000000000000,0.000000000000000,0.000000000000000,0.000000000000000,0.000000000000000,0.000000000000000,0.000000000000000,0.000000000000000,0.000000000000000,0.000000000000000,0.000000000000000,0.000000000000000,0.000000000000000,0.000000000000000,0.000000000000000,0.000000000000000,0.000000000000000,0.000000000000000,0.000000000000000,0.000000000000000,0.000000000000000
2,13,22,0.010054375705345,0.037226987355204,0.068436578171091,0.000000000000000,0.000000000000000,0.000000000000000,0.000000000000000,0.000000000000000,0.000000000000000,0.000000000000000,0.000000000000000,0.000000000000000,0.000000000000000,0.000000000000000,0.000000000000000,0.000000000000000,0.000000000000000,0.000000000000000,0.000000000000000,0.000000000000000,0.000000000000000,0.000000000000000,0.000000000000000,0.000000000000000,0.000000000000000,0.000000000000000,0.000000000000000,0.000000000000000,0.000000000000000,0.000000000000000,0.000000000000000,0.000000000000000,0.000000000000000,0.000000000000000,0.000000000000000,0.000000000000000,0.000000000000000,0.000000000000000,0.000000000000000,0.000000000000000,0.000000000000000,0.000000000000000,0.000000000000000,0.000000000000000,0.000000000000000,0.000000000000000,0.000000000000000,0.000000000000000,0.000000000000000,0.000000000000000
2,13,23,0.011094396389620,0.036196471465253,0.017444260941371,0.038630377524144,0.000000000000000,0.000000000000000,0.000000000000000,0.000000000000000,0.000000000000000,0.000000000000000,0.000000000000000,0.000000000000000,0.000000000000000,0.000000000000000,0.000000000000000,0.000000000000000,0.000000000000000,0.000000000000000,0.000000000000000,0.000000000000000,0.000000000000000,0.000000000000000,0.000000000000000,0.000000000000000,0.000000000000000,0.000000000000000,0.000000000000000,0.000000000000000,0.000000000000000,0.000000000000000,0.000000000000000,0.000000000000000,0.000000000000000,0.000000000000000,0.000000000000000,0.000000000000000,0.000000000000000,0.000000000000000,0.000000000000000,0.000000000000000,0.000000000000000,0.000000000000000,0.000000000000000,0.000000000000000,0.000000000000000,0.000000000000000,0.000000000000000,0.000000000000000,0.000000000000000,0.000000000000000
2,13,24,0.011429098115121,0.045875219403223,0.015682534636679,0.071279736065289,0.143888888888889,0.000000000000000,0.000000000000000,0.000000000000000,0.000000000000000,0.000000000000000,0.000000000000000,0.000000000000000,0.000000000000000,0.000000000000000,0.000000000000000,0.000000000000000,0.000000000000000,0.000000000000000,0.000000000000000,0.000000000000000,0.000000000000000,0.000000000000000,0.000000000000000,0.000000000000000,0.000000000000000,0.000000000000000,0.000000000000000,0.000000000000000,0.000000000000000,0.000000000000000,0.000000000000000,0.000000000000000,0.000000000000000,0.000000000000000,0.000000000000000,0.000000000000000,0.000000000000000,0.000000000000000,0.000000000000000,0.000000000000000,0.000000000000000,0.000000000000000,0.000000000000000,0.000000000000000,0.000000000000000,0.000000000000000,0.000000000000000,0.000000000000000,0.000000000000000,0.000000000000000
2,13,25,0.013422197537721,0.059557968204731,0.027528619528620,0.080206152359478,0.168350168350168,0.233333333333333,0.000000000000000,0.000000000000000,0.000000000000000,0.000000000000000,0.000000000000000,0.000000000000000,0.000000000000000,0.000000000000000,0.000000000000000,0.000000000000000,0.000000000000000,0.000000000000000,0.000000000000000,0.000000000000000,0.000000000000000,0.000000000000000,0.000000000000000,0.000000000000000,0.000000000000000,0.000000000000000,0.000000000000000,0.000000000000000,0.000000000000000,0.000000000000000,0.000000000000000,0.000000000000000,0.000000000000000,0.000000000000000,0.000000000000000,0.000000000000000,0.000000000000000,0.000000000000000,0.000000000000000,0.000000000000000,0.000000000000000,0.000000000000000,0.000000000000000,0.000000000000000,0.000000000000000,0.000000000000000,0.000000000000000,0.000000000000000,0.000000000000000,0.000000000000000
2,13,26,0.015439032551025,0.069271074125443,0.035142029982515,0.110980794604897,0.191272315103429,0.185549132947977,0.327402135231317,0.000000000000000,0.000000000000000,0.000000000000000,0.000000000000000,0.000000000000000,0.000000000000000,0.000000000000000,0.000000000000000,0.000000000000000,0.000000000000000,0.000000000000000,0.000000000000000,0.000000000000000,0.000000000000000,0.000000000000000,0.000000000000000,0.000000000000000,0.000000000000000,0.000000000000000,0.000000000000000,0.000000000000000,0.000000000000000,0.000000000000000,0.000000000000000,0.000000000000000,0.000000000000000,0.000000000000000,0.000000000000000,0.000000000000000,0.000000000000000,0.000000000000000,0.000000000000000,0.000000000000000,0.000000000000000,0.000000000000000,0.000000000000000,0.000000000000000,0.000000000000000,0.000000000000000,0.000000000000000,0.000000000000000,0.000000000000000,0.000000000000000
2,13,27,0.017751191518335,0.075077974157137,0.036998304126625,0.093942403177756,0.193190229459660,0.293431699190861,0.518396226415094,0.704180064308682,0.000000000000000,0.000000000000000,0.000000000000000,0.000000000000000,0.000000000000000,0.000000000000000,0.000000000000000,0.000000000000000,0.000000000000000,0.000000000000000,0.000000000000000,0.000000000000000,0.000000000000000,0.000000000000000,0.000000000000000,0.000000000000000,0.000000000000000,0.000000000000000,0.000000000000000,0.000000000000000,0.000000000000000,0.000000000000000,0.000000000000000,0.000000000000000,0.000000000000000,0.000000000000000,0.000000000000000,0.000000000000000,0.000000000000000,0.000000000000000,0.000000000000000,0.000000000000000,0.000000000000000,0.000000000000000,0.000000000000000,0.000000000000000,0.000000000000000,0.000000000000000,0.000000000000000,0.000000000000000,0.000000000000000,0.000000000000000
2,13,28,0.016466986858078,0.069384555076441,0.044613411506046,0.118160801438479,0.249305233904585,0.345778532032244,0.458367016976556,0.664355062413315,0.380434782608696,0.000000000000000,0.000000000000000,0.000000000000000,0.000000000000000,0.000000000000000,0.000000000000000,0.000000000000000,0.000000000000000,0.000000000000000,0.000000000000000,0.000000000000000,0.000000000000000,0.000000000000000,0.000000000000000,0.000000000000000,0.000000000000000,0.000000000000000,0.000000000000000,0.000000000000000,0.000000000000000,0.000000000000000,0.000000000000000,0.000000000000000,0.000000000000000,0.000000000000000,0.000000000000000,0.000000000000000,0.000000000000000,0.000000000000000,0.000000000000000,0.000000000000000,0.000000000000000,0.000000000000000,0.000000000000000,0.000000000000000,0.000000000000000,0.000000000000000,0.000000000000000,0.000000000000000,0.000000000000000,0.000000000000000
2,13,29,0.020188720649550,0.063223007712082,0.034360227164567,0.108053320228515,0.205380017079419,0.346838318818629,0.585216268560362,0.638043478260870,0.682552504038772,0.653562653562654,0.000000000000000,0.000000000000000,0.000000000000000,0.000000000000000,0.000000000000000,0.000000000000000,0.000000000000000,0.000000000000000,0.000000000000000,0.000000000000000,0.000000000000000,0.000000000000000,0.000000000000000,0.000000000000000,0.000000000000000,0.000000000000000,0.000000000000000,0.000000000000000,0.000000000000000,0.000000000000000,0.000000000000000,0.000000000000000,0.000000000000000,0.000000000000000,0.000000000000000,0.000000000000000,0.000000000000000,0.000000000000000,0.000000000000000,0.000000000000000,0.000000000000000,0.000000000000000,0.000000000000000,0.000000000000000,0.000000000000000,0.000000000000000,0.000000000000000,0.000000000000000,0.000000000000000,0.000000000000000
2,13,30,0.014987462958742,0.060570271638266,0.037735222860177,0.105859422584968,0.208065994500458,0.409030323225591,0.535614913745131,0.788063337393423,0.558564231738035,0.915942028985507,0.460451977401130,0.000000000000000,0.000000000000000,0.000000000000000,0.000000000000000,0.000000000000000,0.000000000000000,0.000000000000000,0.000000000000000,0.000000000000000,0.000000000000000,0.000000000000000,0.000000000000000,0.000000000000000,0.000000000000000,0.000000000000000,0.000000000000000,0.000000000000000,0.000000000000000,0.000000000000000,0.000000000000000,0.000000000000000,0.000000000000000,0.000000000000000,0.000000000000000,0.000000000000000,0.000000000000000,0.000000000000000,0.000000000000000,0.000000000000000,0.000000000000000,0.000000000000000,0.000000000000000,0.000000000000000,0.000000000000000,0.000000000000000,0.000000000000000,0.000000000000000,0.000000000000000,0.000000000000000
2,13,31,0.019255381035486,0.061355549770025,0.035146863680379,0.099426155240109,0.224979903536977,0.395230238488076,0.596759041803664,0.703320242770439,0.854814060112073,0.870257966616085,1.031141868512110,1.078369905956110,0.000000000000000,0.000000000000000,0.000000000000000,0.000000000000000,0.000000000000000,0.000000000000000,0.000000000000000,0.000000000000000,0.000000000000000,0.000000000000000,0.000000000000000,0.000000000000000,0.000000000000000,0.000000000000000,0.000000000000000,0.000000000000000,0.000000000000000,0.000000000000000,0.000000000000000,0.000000000000000,0.000000000000000,0.000000000000000,0.000000000000000,0.000000000000000,0.000000000000000,0.000000000000000,0.000000000000000,0.000000000000000,0.000000000000000,0.000000000000000,0.000000000000000,0.000000000000000,0.000000000000000,0.000000000000000,0.000000000000000,0.000000000000000,0.000000000000000,0.000000000000000
2,13,32,0.016232841601640,0.055579126007637,0.043425677463245,0.100263045207072,0.170139571456654,0.368697172835908,0.432798499687435,0.613183000867303,0.766382978723404,0.805115712545676,0.909800520381613,1.001412429378530,1.143382352941180,0.000000000000000,0.000000000000000,0.000000000000000,0.000000000000000,0.000000000000000,0.000000000000000,0.000000000000000,0.000000000000000,0.000000000000000,0.000000000000000,0.000000000000000,0.000000000000000,0.000000000000000,0.000000000000000,0.000000000000000,0.000000000000000,0.000000000000000,0.000000000000000,0.000000000000000,0.000000000000000,0.000000000000000,0.000000000000000,0.000000000000000,0.000000000000000,0.000000000000000,0.000000000000000,0.000000000000000,0.000000000000000,0.000000000000000,0.000000000000000,0.000000000000000,0.000000000000000,0.000000000000000,0.000000000000000,0.000000000000000,0.000000000000000,0.000000000000000
2,13,33,0.015387973371167,0.048432381843706,0.036858408814649,0.103980950054952,0.163547904191617,0.330975169926481,0.448027977462600,0.538599640933573,0.695130315500686,0.869481765834933,1.061132561132560,0.832046332046332,0.905385735080058,1.065502183406110,0.000000000000000,0.000000000000000,0.000000000000000,0.000000000000000,0.000000000000000,0.000000000000000,0.000000000000000,0.000000000000000,0.000000000000000,0.000000000000000,0.000000000000000,0.000000000000000,0.000000000000000,0.000000000000000,0.000000000000000,0.000000000000000,0.000000000000000,0.000000000000000,0.000000000000000,0.000000000000000,0.000000000000000,0.000000000000000,0.000000000000000,0.000000000000000,0.000000000000000,0.000000000000000,0.000000000000000,0.000000000000000,0.000000000000000,0.000000000000000,0.000000000000000,0.000000000000000,0.000000000000000,0.000000000000000,0.000000000000000,0.000000000000000
2,13,34,0.012889195353525,0.043516808274843,0.038780258807201,0.082611921840218,0.141864229267828,0.258798050893341,0.359416954353663,0.598820058997050,0.686399514268367,0.646228317870109,0.849193099610462,0.946261682242991,1.081050228310500,1.146687697160880,0.577689243027888,0.000000000000000,0.000000000000000,0.000000000000000,0.000000000000000,0.000000000000000,0.000000000000000,0.000000000000000,0.000000000000000,0.000000000000000,0.000000000000000,0.000000000000000,0.000000000000000,0.000000000000000,0.000000000000000,0.000000000000000,0.000000000000000,0.000000000000000,0.000000000000000,0.000000000000000,0.000000000000000,0.000000000000000,0.000000000000000,0.000000000000000,0.000000000000000,0.000000000000000,0.000000000000000,0.000000000000000,0.000000000000000,0.000000000000000,0.000000000000000,0.000000000000000,0.000000000000000,0.000000000000000,0.000000000000000,0.000000000000000
2,13,35,0.011459811806760,0.036305646036916,0.035097970472518,0.086537241466819,0.178464708912931,0.273488761692028,0.338243626062323,0.451148021494871,0.590033628859676,0.714586994727592,0.982408660351827,0.830351225977469,1.012444444444440,1.246341463414630,1.271626297577850,1.029288702928870,0.000000000000000,0.000000000000000,0.000000000000000,0.000000000000000,0.000000000000000,0.000000000000000,0.000000000000000,0.000000000000000,0.000000000000000,0.000000000000000,0.000000000000000,0.000000000000000,0.000000000000000,0.000000000000000,0.000000000000000,0.000000000000000,0.000000000000000,0.000000000000000,0.000000000000000,0.000000000000000,0.000000000000000,0.000000000000000,0.000000000000000,0.000000000000000,0.000000000000000,0.000000000000000,0.000000000000000,0.000000000000000,0.000000000000000,0.000000000000000,0.000000000000000,0.000000000000000,0.000000000000000,0.000000000000000
2,13,36,0.011214751711867,0.029201902748414,0.029038112522686,0.062567551339018,0.139750918742344,0.205996270262516,0.291588079969823,0.419533595012699,0.471489361702128,0.798369950389795,0.866413822166035,1.056114346214930,1.019736842105260,0.984630163304515,1.070761014686250,1.404990403071020,0.953846153846154,0.000000000000000,0.000000000000000,0.000000000000000,0.000000000000000,0.000000000000000,0.000000000000000,0.000000000000000,0.000000000000000,0.000000000000000,0.000000000000000,0.000000000000000,0.000000000000000,0.000000000000000,0.000000000000000,0.000000000000000,0.000000000000000,0.000000000000000,0.000000000000000,0.000000000000000,0.000000000000000,0.000000000000000,0.000000000000000,0.000000000000000,0.000000000000000,0.000000000000000,0.000000000000000,0.000000000000000,0.000000000000000,0.000000000000000,0.000000000000000,0.000000000000000,0.000000000000000,0.000000000000000
2,13,37,0.013548459635710,0.033732887928211,0.027891208875876,0.054115811179847,0.119052132701422,0.193460490463215,0.324760653275765,0.312239221140473,0.575890410958904,0.689028420356907,0.791465378421900,0.858253315043438,0.995073891625616,1.121285140562250,1.249233912155260,0.944444444444444,1.364864864864860,1.040697674418600,0.000000000000000,0.000000000000000,0.000000000000000,0.000000000000000,0.000000000000000,0.000000000000000,0.000000000000000,0.000000000000000,0.000000000000000,0.000000000000000,0.000000000000000,0.000000000000000,0.000000000000000,0.000000000000000,0.000000000000000,0.000000000000000,0.000000000000000,0.000000000000000,0.000000000000000,0.000000000000000,0.000000000000000,0.000000000000000,0.000000000000000,0.000000000000000,0.000000000000000,0.000000000000000,0.000000000000000,0.000000000000000,0.000000000000000,0.000000000000000,0.000000000000000,0.000000000000000
2,13,38,0.011348503271380,0.034626943682216,0.025652260505875,0.046632960413081,0.098839707778255,0.152818800565044,0.261707492795389,0.318450426789232,0.460716194548370,0.485458612975392,0.703337000366703,0.804090909090909,0.896787783043707,0.906675307841866,1.391915641476270,1.118466898954700,1.279661016949150,1.566985645933010,1.914285714285710,0.000000000000000,0.000000000000000,0.000000000000000,0.000000000000000,0.000000000000000,0.000000000000000,0.000000000000000,0.000000000000000,0.000000000000000,0.000000000000000,0.000000000000000,0.000000000000000,0.000000000000000,0.000000000000000,0.000000000000000,0.000000000000000,0.000000000000000,0.000000000000000,0.000000000000000,0.000000000000000,0.000000000000000,0.000000000000000,0.000000000000000,0.000000000000000,0.000000000000000,0.000000000000000,0.000000000000000,0.000000000000000,0.000000000000000,0.000000000000000,0.000000000000000
2,13,39,0.013368523724826,0.034493979824276,0.026084732759356,0.049061175045427,0.101532403047684,0.149391727493917,0.241497179969236,0.315315315315315,0.387706226716338,0.414880587875077,0.580560747663551,0.726555652936021,0.734463276836158,1.001190476190480,0.948204419889503,1.232692307692310,1.513297872340430,1.426739926739930,0.955334987593052,1.371794871794870,0.000000000000000,0.000000000000000,0.000000000000000,0.000000000000000,0.000000000000000,0.000000000000000,0.000000000000000,0.000000000000000,0.000000000000000,0.000000000000000,0.000000000000000,0.000000000000000,0.000000000000000,0.000000000000000,0.000000000000000,0.000000000000000,0.000000000000000,0.000000000000000,0.000000000000000,0.000000000000000,0.000000000000000,0.000000000000000,0.000000000000000,0.000000000000000,0.000000000000000,0.000000000000000,0.000000000000000,0.000000000000000,0.000000000000000,0.000000000000000
2,13,40,0.008815111619920,0.026990203075326,0.023928489571396,0.049982764563944,0.072667840080463,0.101037175154411,0.160242115323351,0.230170418682937,0.321034204147590,0.404269513008672,0.511972633979475,0.653333333333333,0.680725846002943,0.798138452588714,0.858815875081327,1.034672970843180,1.033049040511730,1.102918586789550,1.163708086785010,1.675461741424800,1.323308270676690,0.000000000000000,0.000000000000000,0.000000000000000,0.000000000000000,0.000000000000000,0.000000000000000,0.000000000000000,0.000000000000000,0.000000000000000,0.000000000000000,0.000000000000000,0.000000000000000,0.000000000000000,0.000000000000000,0.000000000000000,0.000000000000000,0.000000000000000,0.000000000000000,0.000000000000000,0.000000000000000,0.000000000000000,0.000000000000000,0.000000000000000,0.000000000000000,0.000000000000000,0.000000000000000,0.000000000000000,0.000000000000000,0.000000000000000
2,13,41,0.012552992347079,0.026536760464073,0.023370352486721,0.043444622983991,0.083822007588824,0.117140195621798,0.133475870494808,0.209421000981354,0.296296296296296,0.373640037301834,0.498937677053824,0.493606138107417,0.713603818615752,0.668561682774304,0.820054945054945,0.929945054945055,1.105704697986580,1.130177514792900,0.989010989010989,1.530434782608700,1.132132132132130,2.433566433566430,0.000000000000000,0.000000000000000,0.000000000000000,0.000000000000000,0.000000000000000,0.000000000000000,0.000000000000000,0.000000000000000,0.000000000000000,0.000000000000000,0.000000000000000,0.000000000000000,0.000000000000000,0.000000000000000,0.000000000000000,0.000000000000000,0.000000000000000,0.000000000000000,0.000000000000000,0.000000000000000,0.000000000000000,0.000000000000000,0.000000000000000,0.000000000000000,0.000000000000000,0.000000000000000,0.000000000000000,0.000000000000000
2,13,42,0.011279780729496,0.029040999057493,0.026191599811232,0.037377164248947,0.070632933252742,0.107734806629834,0.161015705269338,0.198069426396881,0.240936209270307,0.295488056620466,0.424317617866005,0.408262454434994,0.622179548727796,0.591511936339523,0.837538461538462,0.834754098360656,0.844325153374233,1.124535315985130,1.023690773067330,0.928813559322034,0.800894854586130,1.006802721088440,1.046728971962620,0.000000000000000,0.000000000000000,0.000000000000000,0.000000000000000,0.000000000000000,0.000000000000000,0.000000000000000,0.000000000000000,0.000000000000000,0.000000000000000,0.000000000000000,0.000000000000000,0.000000000000000,0.000000000000000,0.000000000000000,0.000000000000000,0.000000000000000,0.000000000000000,0.000000000000000,0.000000000000000,0.000000000000000,0.000000000000000,0.000000000000000,0.000000000000000,0.000000000000000,0.000000000000000,0.000000000000000
2,13,43,0.010808106079560,0.030944534435570,0.020898996266305,0.035765875079448,0.054616165032127,0.097658939637365,0.131420161883738,0.195811903012491,0.203663323157436,0.257298772169168,0.376875852660300,0.394265232974910,0.431390134529148,0.474358974358974,0.614994363021421,0.885676741130092,0.796875000000000,0.963926174496644,1.073881373569200,0.954979536152797,1.453608247422680,1.228643216080400,0.878326996197719,1.129629629629630,0.000000000000000,0.000000000000000,0.000000000000000,0.000000000000000,0.000000000000000,0.000000000000000,0.000000000000000,0.000000000000000,0.000000000000000,0.000000000000000,0.000000000000000,0.000000000000000,0.000000000000000,0.000000000000000,0.000000000000000,0.000000000000000,0.000000000000000,0.000000000000000,0.000000000000000,0.000000000000000,0.000000000000000,0.000000000000000,0.000000000000000,0.000000000000000,0.000000000000000,0.000000000000000
2,13,44,0.009635925639744,0.025534888721643,0.030468983371503,0.038136587655480,0.064125370605676,0.099072661110459,0.153511404561825,0.169632925472747,0.182225063938619,0.227586206896552,0.297724399494311,0.349442379182156,0.384073911130664,0.589924433249370,0.533485975958786,0.786558805227131,0.792035398230089,0.784749801429706,0.897601476014760,1.145833333333330,0.971139971139971,0.941520467836257,1.359459459459460,2.515151515151520,1.433628318584070,0.000000000000000,0.000000000000000,0.000000000000000,0.000000000000000,0.000000000000000,0.000000000000000,0.000000000000000,0.000000000000000,0.000000000000000,0.000000000000000,0.000000000000000,0.000000000000000,0.000000000000000,0.000000000000000,0.000000000000000,0.000000000000000,0.000000000000000,0.000000000000000,0.000000000000000,0.000000000000000,0.000000000000000,0.000000000000000,0.000000000000000,0.000000000000000,0.000000000000000
2,13,45,0.010053676407941,0.022037422037422,0.022848909016056,0.038689204857509,0.056448794127927,0.103903976721629,0.129958326902300,0.136955712690733,0.150774063271259,0.288089397656037,0.247533908754624,0.356149341142021,0.453806672369547,0.401785714285714,0.578688524590164,0.622875816993464,0.506601806810285,0.940080971659919,0.740608228980322,0.805642633228840,0.698961937716263,1.066558441558440,1.077235772357720,1.073394495412840,0.744769874476987,0.898876404494382,0.000000000000000,0.000000000000000,0.000000000000000,0.000000000000000,0.000000000000000,0.000000000000000,0.000000000000000,0.000000000000000,0.000000000000000,0.000000000000000,0.000000000000000,0.000000000000000,0.000000000000000,0.000000000000000,0.000000000000000,0.000000000000000,0.000000000000000,0.000000000000000,0.000000000000000,0.000000000000000,0.000000000000000,0.000000000000000,0.000000000000000,0.000000000000000
2,13,46,0.011175257731959,0.019442388354306,0.028933729180295,0.041796353935082,0.072181002106806,0.101647345942648,0.133176100628931,0.153875452294801,0.204260089686099,0.269837099316868,0.333928040440083,0.353940708604483,0.256677796327212,0.358159392789374,0.357569180683668,0.688034188034188,0.570259208731241,0.603343465045593,0.726430976430976,0.774319066147860,0.669197396963124,0.716732542819499,0.444652908067542,0.771844660194175,1.036923076923080,0.618181818181818,1.102272727272730,0.000000000000000,0.000000000000000,0.000000000000000,0.000000000000000,0.000000000000000,0.000000000000000,0.000000000000000,0.000000000000000,0.000000000000000,0.000000000000000,0.000000000000000,0.000000000000000,0.000000000000000,0.000000000000000,0.000000000000000,0.000000000000000,0.000000000000000,0.000000000000000,0.000000000000000,0.000000000000000,0.000000000000000,0.000000000000000,0.000000000000000
2,13,47,0.008045629674398,0.019364718668182,0.031077871544798,0.037265500794913,0.071039763815850,0.085930918281382,0.153181818181818,0.140304182509506,0.192247367241766,0.184224049331963,0.337658507814804,0.339702760084926,0.287040618955513,0.376805054151625,0.529382470119522,0.579250720461095,0.498188405797101,0.606360424028269,0.710007880220646,0.829535864978903,0.850987432675045,0.902617801047120,0.757085020242915,1.002008032128510,1.577006507592190,1.199367088607590,0.899521531100478,2.045454545454550,0.000000000000000,0.000000000000000,0.000000000000000,0.000000000000000,0.000000000000000,0.000000000000000,0.000000000000000,0.000000000000000,0.000000000000000,0.000000000000000,0.000000000000000,0.000000000000000,0.000000000000000,0.000000000000000,0.000000000000000,0.000000000000000,0.000000000000000,0.000000000000000,0.000000000000000,0.000000000000000,0.000000000000000,0.000000000000000
2,13,48,0.009387059764281,0.023825731790334,0.029099079351162,0.046835942639126,0.079756895745676,0.070881699184984,0.141709966934341,0.159627906976744,0.211217449365680,0.181985294117647,0.252586731588557,0.418237915666781,0.262117822520507,0.417061611374408,0.480368395540475,0.557075223566544,0.407807807807808,0.635488308115543,0.631802120141343,0.901748542880933,0.732610659439928,0.867432150313152,0.875273522975930,1.091397849462370,0.745417515274949,1.376906318082790,1.283783783783780,0.847161572052402,1.589743589743590,0.000000000000000,0.000000000000000,0.000000000000000,0.000000000000000,0.000000000000000,0.000000000000000,0.000000000000000,0.000000000000000,0.000000000000000,0.000000000000000,0.000000000000000,0.000000000000000,0.000000000000000,0.000000000000000,0.000000000000000,0.000000000000000,0.000000000000000,0.000000000000000,0.000000000000000,0.000000000000000,0.000000000000000
2,13,49,0.006146665351872,0.017088174982912,0.024094297105218,0.038775362842083,0.059178137245052,0.084335756774620,0.103242885506287,0.176683417085427,0.189325971934668,0.237702738633342,0.288310874334065,0.210343630683790,0.270030816640986,0.206103494029191,0.516299137104506,0.452017448200654,0.499698976520169,0.528825622775801,0.724066390041494,0.524615384615385,0.638376383763838,0.467656415694592,0.617297297297297,1.231081081081080,0.902366863905325,0.921775898520085,0.995249406175772,1.327659574468090,2.363636363636360,0.584415584415584,0.000000000000000,0.000000000000000,0.000000000000000,0.000000000000000,0.000000000000000,0.000000000000000,0.000000000000000,0.000000000000000,0.000000000000000,0.000000000000000,0.000000000000000,0.000000000000000,0.000000000000000,0.000000000000000,0.000000000000000,0.000000000000000,0.000000000000000,0.000000000000000,0.000000000000000,0.000000000000000
2,13,50,0.009056479499424,0.019714169876343,0.026594118725928,0.051763628034815,0.065871539555750,0.085142373837045,0.116031582560934,0.134328358208955,0.122850122850123,0.215172024816695,0.297480620155039,0.298715203426124,0.296593186372746,0.348457350272232,0.427034611786717,0.403753351206434,0.519650655021834,0.472222222222222,0.475728155339806,0.523505976095618,0.844606946983547,0.748748748748749,0.557502738225630,1.094986807387860,0.839948783610755,0.579626972740316,1.181015452538630,1.437125748502990,0.504672897196262,0.519553072625698,2.303030303030300,0.000000000000000,0.000000000000000,0.000000000000000,0.000000000000000,0.000000000000000,0.000000000000000,0.000000000000000,0.000000000000000,0.000000000000000,0.000000000000000,0.000000000000000,0.000000000000000,0.000000000000000,0.000000000000000,0.000000000000000,0.000000000000000,0.000000000000000,0.000000000000000,0.000000000000000
2,13,51,0.008081541100409,0.024265188099923,0.031319648093842,0.055587175109088,0.059467299578059,0.083000000000000,0.118172790466733,0.135985198889917,0.231636863823934,0.226526185311435,0.234249912982945,0.270621698496546,0.401524777636595,0.248362720403023,0.290746582544690,0.259929906542056,0.454960835509138,0.469845722300140,0.472527472527473,0.610875106202209,0.629876308277831,0.775700934579439,0.925720620842572,0.678477690288714,0.595628415300546,0.500000000000000,0.969534050179211,1.074935400516800,0.563934426229508,1.131221719457010,1.426470588235290,2.241935483870970,0.000000000000000,0.000000000000000,0.000000000000000,0.000000000000000,0.000000000000000,0.000000000000000,0.000000000000000,0.000000000000000,0.000000000000000,0.000000000000000,0.000000000000000,0.000000000000000,0.000000000000000,0.000000000000000,0.000000000000000,0.000000000000000,0.000000000000000,0.000000000000000
2,13,52,0.005981165691016,0.020214931591157,0.045625511038430,0.062242174229556,0.098275043519544,0.086220319190346,0.115322394268546,0.123399618632525,0.190956309196456,0.264018691588785,0.257410881801126,0.277044854881267,0.339728591483388,0.406126482213439,0.411997736276174,0.461877756773787,0.436969301110385,0.478822684852836,0.532806324110672,0.544169611307420,0.588921282798834,0.448913043478261,0.936842105263158,0.606382978723404,0.769647696476965,0.794071762870515,0.859504132231405,0.873949579831933,0.841688654353562,0.866141732283465,0.385026737967914,1.250000000000000,1.023809523809520,0.000000000000000,0.000000000000000,0.000000000000000,0.000000000000000,0.000000000000000,0.000000000000000,0.000000000000000,0.000000000000000,0.000000000000000,0.000000000000000,0.000000000000000,0.000000000000000,0.000000000000000,0.000000000000000,0.000000000000000,0.000000000000000,0.000000000000000
2,13,53,0.008107237978166,0.028034682080925,0.036832061068702,0.072649572649573,0.099798047795355,0.128421900161031,0.155205348615091,0.175964474049403,0.194931773879142,0.288165266106443,0.319688907081457,0.397383852052323,0.267848350566224,0.260127931769723,0.334647887323944,0.518377693282636,0.576011157601116,0.340701219512195,0.507142857142857,0.524050632911392,0.342803030303030,0.667718191377497,0.569672131147541,0.944581280788177,0.610872675250358,1.419047619047620,1.202925045703840,0.744186046511628,0.842227378190255,1.111913357400720,0.912663755458515,1.000000000000000,1.532110091743120,1.571428571428570,0.000000000000000,0.000000000000000,0.000000000000000,0.000000000000000,0.000000000000000,0.000000000000000,0.000000000000000,0.000000000000000,0.000000000000000,0.000000000000000,0.000000000000000,0.000000000000000,0.000000000000000,0.000000000000000,0.000000000000000,0.000000000000000
2,13,54,0.005779671901454,0.029397532059037,0.035809289952936,0.069586914333241,0.102447552447552,0.143241564893397,0.139071176173650,0.247371495327103,0.239632902787220,0.255098257322951,0.289321192052980,0.324617661568821,0.303030303030303,0.436909394107838,0.320577164366374,0.348118279569892,0.464005702066999,0.464810518174787,0.673823286540050,0.529411764705882,0.352941176470588,0.538888888888889,0.319907940161105,0.538659793814433,0.590909090909091,0.746317512274959,0.697552447552448,0.752345215759850,0.882075471698113,0.681012658227848,0.321739130434783,1.658536585365850,1.478787878787880,0.696629213483146,0.833333333333333,0.000000000000000,0.000000000000000,0.000000000000000,0.000000000000000,0.000000000000000,0.000000000000000,0.000000000000000,0.000000000000000,0.000000000000000,0.000000000000000,0.000000000000000,0.000000000000000,0.000000000000000,0.000000000000000,0.000000000000000
2,13,55,0.006188426930327,0.026976395653803,0.041185957077286,0.068778587159072,0.070277240490006,0.133404482390608,0.169470404984424,0.182661434177667,0.152201795639162,0.230592558566835,0.354581673306773,0.327637006482027,0.321019108280255,0.320434487440597,0.347574221578566,0.448360655737705,0.353753235547886,0.387475538160470,0.447342995169082,0.482142857142857,0.529344073647871,0.426020408163265,0.638426626323752,1.036020583190390,0.864353312302839,0.808429118773946,0.392484342379958,0.822843822843823,0.552825552825553,0.717717717717718,0.445901639344262,0.808888888888889,1.463414634146340,0.840909090909091,2.024096385542170,1.121212121212120,0.000000000000000,0.000000000000000,0.000000000000000,0.000000000000000,0.000000000000000,0.000000000000000,0.000000000000000,0.000000000000000,0.000000000000000,0.000000000000000,0.000000000000000,0.000000000000000,0.000000000000000,0.000000000000000
2,13,56,0.006551098568837,0.030352924332450,0.042138810198300,0.062835748005860,0.112039800995025,0.127059947456413,0.159647674098541,0.173743922204214,0.212312549329124,0.178763440860215,0.163581790895448,0.274202574146614,0.217021276595745,0.297279362972794,0.534982332155477,0.322126661454261,0.355874894336433,0.485385296722763,0.346880907372401,0.631914893617021,0.520785219399538,0.556451612903226,0.556756756756757,0.417777777777778,0.731974921630094,0.689381933438986,0.968810916179337,0.671111111111111,0.684873949579832,0.901015228426396,0.749354005167959,0.700000000000000,0.880382775119617,1.028901734104050,0.768595041322314,1.513513513513510,0.444444444444444,0.000000000000000,0.000000000000000,0.000000000000000,0.000000000000000,0.000000000000000,0.000000000000000,0.000000000000000,0.000000000000000,0.000000000000000,0.000000000000000,0.000000000000000,0.000000000000000,0.000000000000000
2,13,57,0.006114317120088,0.028175026680897,0.047335118033585,0.058235480799746,0.074125596184420,0.120162446249403,0.138093914976382,0.131971465629053,0.184988627748294,0.288335517693316,0.369684842421211,0.291737891737892,0.331907090464548,0.411188811188811,0.415079969535415,0.483306836248013,0.258064516129032,0.385869565217391,0.451923076923077,0.315496098104794,0.322654462242563,0.592686002522068,0.318666666666667,0.384835479256080,0.534959349593496,0.607573149741824,0.438566552901024,0.644763860369610,0.621681415929204,1.510739856801910,0.890080428954424,0.880239520958084,1.070671378091870,0.906103286384977,1.186746987951810,1.435483870967740,0.455882352941176,1.354838709677420,0.000000000000000,0.000000000000000,0.000000000000000,0.000000000000000,0.000000000000000,0.000000000000000,0.000000000000000,0.000000000000000,0.000000000000000,0.000000000000000,0.000000000000000,0.000000000000000
2,13,58,0.007850872104266,0.025682442254886,0.056334303094420,0.056960905713780,0.087552509396418,0.127105666156202,0.157521578298397,0.201104972375691,0.127257454850903,0.242335766423358,0.360483447188649,0.303343465045593,0.334030683403068,0.447014925373134,0.361596009975062,0.480902777777778,0.406666666666667,0.404174573055028,0.402139037433155,0.411835748792271,0.387019230769231,0.493279569892473,0.429787234042553,0.440119760479042,0.519262981574539,0.822463768115942,0.661469933184855,1.031055900621120,0.275119617224880,0.648910411622276,0.725212464589235,0.514657980456026,0.595611285266458,1.084388185654010,0.659863945578231,1.140740740740740,1.875000000000000,2.500000000000000,1.322580645161290,0.000000000000000,0.000000000000000,0.000000000000000,0.000000000000000,0.000000000000000,0.000000000000000,0.000000000000000,0.000000000000000,0.000000000000000,0.000000000000000,0.000000000000000
2,13,59,0.006866281343705,0.032520325203252,0.057337496451888,0.076952380952381,0.090115593300307,0.075492645018041,0.165569453587887,0.162693908437382,0.215452538631347,0.178007889546351,0.270938729623384,0.217139175257732,0.406504065040650,0.174577634754626,0.438240270727580,0.462559241706161,0.338085539714868,0.416856492027335,0.710280373831776,0.328671328671329,0.386333771353482,0.352092352092352,0.678571428571429,0.445762711864407,0.549090909090909,0.542406311637081,0.612419700214133,0.852678571428571,0.655263157894737,0.714673913043478,0.590659340659341,0.886986301369863,0.733840304182509,0.477099236641221,0.712389380530973,1.513888888888890,0.846153846153846,0.685714285714286,1.210526315789470,0.818181818181818,0.000000000000000,0.000000000000000,0.000000000000000,0.000000000000000,0.000000000000000,0.000000000000000,0.000000000000000,0.000000000000000,0.000000000000000,0.000000000000000
2,13,60,0.009161476667569,0.043575851393189,0.075225225225225,0.156550919171287,0.213455149501661,0.320179722602071,0.243152972611890,0.303797468354430,0.429421768707483,0.610313315926893,0.497424576894776,0.673577235772358,0.694259567387687,0.743773946360153,0.731434384537131,0.662117903930131,0.578601315002989,0.955406230910202,0.849081364829396,0.989528795811518,0.855503038487508,0.615218951902369,0.934621099554235,0.997596153846154,0.918897637795276,0.696563285834032,0.735832606800349,0.958224543080940,0.876353790613718,0.863512283894449,0.954254345837146,0.909579230080573,1.000000000000000,1.291253381424710,1.136000000000000,0.584299732381802,0.829338446788111,0.783475783475784,0.593548387096774,0.921836228287841,0.640194489465154,0.000000000000000,0.000000000000000,0.000000000000000,0.000000000000000,0.000000000000000,0.000000000000000,0.000000000000000,0.000000000000000,0.000000000000000
2,13,61,0.011357298585408,0.045517018352332,0.092522179974652,0.145614287771857,0.254174723149938,0.220569090570950,0.324082363473590,0.433653596468450,0.531204219162028,0.455194805194805,0.649784482758621,0.746661270740591,0.559096945551129,0.735023041474654,0.636412172984517,0.831946755407654,0.741916519694298,0.787367104440275,0.853515625000000,0.631036703155184,0.609550561797753,0.996985681989450,1.119938884644770,0.726748971193416,0.752427184466019,0.541666666666667,0.717449069973428,0.736202057998129,0.976765799256506,0.871534195933457,0.818181818181818,0.994252873563218,0.932975871313673,0.951807228915663,0.660119555935098,0.852891156462585,0.932038834951456,0.559479553903346,0.690928270042194,0.659550561797753,0.613211301233585,0.000000000000000,0.000000000000000,0.000000000000000,0.000000000000000,0.000000000000000,0.000000000000000,0.000000000000000,0.000000000000000,0.000000000000000
2,13,62,0.011716294221867,0.053593073593074,0.072535292092276,0.165742714996446,0.245198675496689,0.298952776131199,0.326450547181499,0.451810176125245,0.540239726027397,0.432440944881890,0.531547409235107,0.620040080160321,0.417294900221729,0.574623237724842,0.867154811715481,0.793884484711212,0.506674405107371,0.762485481997677,0.605493133583021,0.829918032786885,0.693430656934307,0.638536221060493,0.732522796352584,0.553059643687064,0.538185085354897,0.862939585211903,0.931250000000000,0.919439579684764,0.471098265895954,0.778089887640449,0.706204379562044,0.823311748381129,0.920535714285714,0.664579606440072,0.646956521739130,0.871559633027523,0.477253928866832,0.719138359569180,0.746093750000000,0.584499461786868,0.430300663803202,1.333333333333330,0.000000000000000,0.000000000000000,0.000000000000000,0.000000000000000,0.000000000000000,0.000000000000000,0.000000000000000,0.000000000000000
2,13,63,0.008995882166614,0.046795338674436,0.080257762155829,0.140693832599119,0.178543461237275,0.232936078006501,0.375128257746768,0.391991570073762,0.445284002084419,0.496730083234245,0.522948073701843,0.513610315186246,0.558775510204082,0.743982494529540,0.626004728132388,0.450078410872974,0.865904365904366,0.682613768961494,0.695652173913043,0.689839572192513,0.637142857142857,0.575905292479109,0.722560975609756,0.678180286436394,0.702351987023520,0.692967409948542,0.934325744308231,0.451273046532046,0.716783216783217,0.758347978910369,0.560661764705882,0.894736842105263,0.521591871295512,0.742105263157895,0.667250437828371,0.708069620253165,0.729545454545454,0.649885583524027,0.818097876269621,0.402823018458198,0.408670931058991,0.250000000000000,0.000000000000000,6.000000000000000,0.000000000000000,0.000000000000000,0.000000000000000,0.000000000000000,0.000000000000000,0.000000000000000
2,13,64,0.013057929724596,0.062070424024532,0.094700944386149,0.153880005867684,0.201091192517537,0.270799928736861,0.349081364829396,0.309534883720930,0.357781753130590,0.386787125917561,0.449966420416387,0.535531135531136,0.454324979789814,0.480582524271845,0.649271274094969,0.568432092291557,0.553948832035595,0.601303317535545,0.804560260586319,0.725609756097561,0.643923240938166,0.653647752394989,0.512884455527847,0.592116538131962,0.495644599303136,0.639575971731449,0.627102803738318,0.472960586617782,0.497607655502392,0.764482431149098,0.830170777988615,0.477272727272727,0.611320754716981,0.521815008726004,0.584922010398613,0.569620253164557,0.529274004683841,0.482333607230896,0.373655913978495,0.547188755020080,0.304587155963303,0.000000000000000,0.000000000000000,0.000000000000000,0.000000000000000,0.000000000000000,0.000000000000000,0.000000000000000,0.000000000000000,0.000000000000000
2,13,65,0.021992238033635,0.034111310592460,0.069314079422383,0.100619195046440,0.166666666666667,0.121478873239437,0.248565965583174,0.290929203539823,0.314970059880240,0.275119617224880,0.178899082568807,0.268987341772152,0.431899641577061,0.485900216919740,0.407327586206897,0.607456140350877,0.354166666666667,0.160949868073879,0.057220708446867,0.270516717325228,0.388012618296530,0.954248366013072,0.572784810126582,0.528239202657807,0.525477707006369,0.440000000000000,0.138686131386861,0.417266187050360,0.395833333333333,0.243506493506494,0.270440251572327,0.421428571428571,0.284829721362229,0.691803278688525,0.552407932011331,0.566197183098592,0.549367088607595,0.283919597989950,0.239782016348774,0.394366197183099,0.139086294416244,0.000000000000000,0.281250000000000,3.080000000000000,0.477272727272727,1.777777777777780,0.000000000000000,0.000000000000000,0.000000000000000,0.000000000000000
2,13,66,0.003480278422274,0.019607843137255,0.048979591836735,0.088345864661654,0.053333333333333,0.051792828685259,0.104677060133630,0.276276276276276,0.160664819944598,0.159763313609467,0.035502958579882,0.170542635658915,0.451754385964912,0.460000000000000,0.678571428571429,0.050000000000000,0.079787234042553,0.582278481012658,0.462427745664740,0.443850267379679,0.301675977653631,0.537974683544304,0.307692307692308,0.038961038961039,0.419889502762431,0.572289156626506,0.072289156626506,0.730434782608696,0.130136986301370,0.000000000000000,0.320261437908497,0.370588235294118,0.393617021276596,0.606965174129353,0.345622119815668,0.008928571428571,0.287958115183246,0.448275862068966,0.492890995260663,0.202702702702703,0.047368421052632,0.000000000000000,0.000000000000000,0.000000000000000,2.590909090909090,0.000000000000000,0.000000000000000,0.000000000000000,0.000000000000000,0.000000000000000
2,13,67,0.010619469026549,0.078239608801956,0.023323615160350,0.226114649681529,0.031830238726791,0.089506172839506,0.057575757575758,0.009646302250804,0.008928571428571,0.138996138996139,0.163424124513619,0.013333333333333,0.071823204419890,0.076023391812866,0.051948051948052,0.204081632653061,0.084507042253521,0.465116279069767,0.196850393700787,0.279069767441860,0.064000000000000,0.128205128205128,0.432835820895522,0.598130841121495,0.111111111111111,0.027522935779817,0.460937500000000,0.355371900826446,0.171232876712329,0.155737704918033,0.215517241379310,0.492424242424242,0.222222222222222,0.305732484076433,0.027777777777778,0.062146892655367,0.195652173913043,0.071065989847716,0.234042553191489,0.283653846153846,0.096124031007752,2.833333333333330,0.857142857142857,1.714285714285710,0.444444444444444,0.000000000000000,0.000000000000000,0.000000000000000,0.000000000000000,0.000000000000000
2,13,68,0.008695652173913,0.000000000000000,0.056338028169014,0.000000000000000,0.000000000000000,0.154639175257732,0.339534883720930,0.000000000000000,0.000000000000000,0.040201005025126,0.042553191489362,0.013071895424837,0.080924855491330,0.067164179104478,0.008264462809917,0.182692307692308,0.121212121212121,0.010101010101010,0.390243902439024,0.000000000000000,0.218390804597701,0.000000000000000,0.000000000000000,0.000000000000000,0.734177215189873,0.010309278350516,0.148648648648649,0.340425531914894,0.180000000000000,0.000000000000000,0.173913043478261,0.109243697478992,0.000000000000000,0.260869565217391,0.008333333333333,0.032894736842105,0.103448275862069,0.589189189189189,0.018072289156627,0.047368421052632,0.182812500000000,0.631578947368421,0.000000000000000,1.315789473684210,0.000000000000000,0.000000000000000,0.000000000000000,0.000000000000000,0.000000000000000,0.000000000000000
2,13,69,0.000000000000000,0.000000000000000,0.000000000000000,0.006993006993007,0.080000000000000,0.000000000000000,0.000000000000000,0.020689655172414,0.000000000000000,0.000000000000000,0.037313432835821,0.000000000000000,0.000000000000000,0.000000000000000,0.000000000000000,0.000000000000000,0.000000000000000,0.000000000000000,0.000000000000000,0.000000000000000,0.000000000000000,0.000000000000000,0.000000000000000,0.170731707317073,0.075757575757576,0.220588235294118,0.000000000000000,0.000000000000000,0.000000000000000,0.025641025641026,0.242424242424242,0.000000000000000,0.021505376344086,0.000000000000000,0.000000000000000,0.363636363636364,0.000000000000000,0.099337748344371,0.000000000000000,0.000000000000000,0.000000000000000,0.000000000000000,0.000000000000000,0.000000000000000,0.000000000000000,0.000000000000000,0.000000000000000,0.000000000000000,0.000000000000000,0.000000000000000
2,14,20,0.001303780964798,0.000000000000000,0.000000000000000,0.000000000000000,0.000000000000000,0.000000000000000,0.000000000000000,0.000000000000000,0.000000000000000,0.000000000000000,0.000000000000000,0.000000000000000,0.000000000000000,0.000000000000000,0.000000000000000,0.000000000000000,0.000000000000000,0.000000000000000,0.000000000000000,0.000000000000000,0.000000000000000,0.000000000000000,0.000000000000000,0.000000000000000,0.000000000000000,0.000000000000000,0.000000000000000,0.000000000000000,0.000000000000000,0.000000000000000,0.000000000000000,0.000000000000000,0.000000000000000,0.000000000000000,0.000000000000000,0.000000000000000,0.000000000000000,0.000000000000000,0.000000000000000,0.000000000000000,0.000000000000000,0.000000000000000,0.000000000000000,0.000000000000000,0.000000000000000,0.000000000000000,0.000000000000000,0.000000000000000,0.000000000000000,0.000000000000000
2,14,21,0.003900670256016,0.016958277254374,0.000000000000000,0.000000000000000,0.000000000000000,0.000000000000000,0.000000000000000,0.000000000000000,0.000000000000000,0.000000000000000,0.000000000000000,0.000000000000000,0.000000000000000,0.000000000000000,0.000000000000000,0.000000000000000,0.000000000000000,0.000000000000000,0.000000000000000,0.000000000000000,0.000000000000000,0.000000000000000,0.000000000000000,0.000000000000000,0.000000000000000,0.000000000000000,0.000000000000000,0.000000000000000,0.000000000000000,0.000000000000000,0.000000000000000,0.000000000000000,0.000000000000000,0.000000000000000,0.000000000000000,0.000000000000000,0.000000000000000,0.000000000000000,0.000000000000000,0.000000000000000,0.000000000000000,0.000000000000000,0.000000000000000,0.000000000000000,0.000000000000000,0.000000000000000,0.000000000000000,0.000000000000000,0.000000000000000,0.000000000000000
2,14,22,0.003026572278650,0.014324873994164,0.025663716814159,0.000000000000000,0.000000000000000,0.000000000000000,0.000000000000000,0.000000000000000,0.000000000000000,0.000000000000000,0.000000000000000,0.000000000000000,0.000000000000000,0.000000000000000,0.000000000000000,0.000000000000000,0.000000000000000,0.000000000000000,0.000000000000000,0.000000000000000,0.000000000000000,0.000000000000000,0.000000000000000,0.000000000000000,0.000000000000000,0.000000000000000,0.000000000000000,0.000000000000000,0.000000000000000,0.000000000000000,0.000000000000000,0.000000000000000,0.000000000000000,0.000000000000000,0.000000000000000,0.000000000000000,0.000000000000000,0.000000000000000,0.000000000000000,0.000000000000000,0.000000000000000,0.000000000000000,0.000000000000000,0.000000000000000,0.000000000000000,0.000000000000000,0.000000000000000,0.000000000000000,0.000000000000000,0.000000000000000
2,14,23,0.005359157578037,0.026091278058478,0.006993187448390,0.032660228270413,0.000000000000000,0.000000000000000,0.000000000000000,0.000000000000000,0.000000000000000,0.000000000000000,0.000000000000000,0.000000000000000,0.000000000000000,0.000000000000000,0.000000000000000,0.000000000000000,0.000000000000000,0.000000000000000,0.000000000000000,0.000000000000000,0.000000000000000,0.000000000000000,0.000000000000000,0.000000000000000,0.000000000000000,0.000000000000000,0.000000000000000,0.000000000000000,0.000000000000000,0.000000000000000,0.000000000000000,0.000000000000000,0.000000000000000,0.000000000000000,0.000000000000000,0.000000000000000,0.000000000000000,0.000000000000000,0.000000000000000,0.000000000000000,0.000000000000000,0.000000000000000,0.000000000000000,0.000000000000000,0.000000000000000,0.000000000000000,0.000000000000000,0.000000000000000,0.000000000000000,0.000000000000000
2,14,24,0.008710078805475,0.025291207914473,0.009086333412806,0.041934363604793,0.104444444444444,0.000000000000000,0.000000000000000,0.000000000000000,0.000000000000000,0.000000000000000,0.000000000000000,0.000000000000000,0.000000000000000,0.000000000000000,0.000000000000000,0.000000000000000,0.000000000000000,0.000000000000000,0.000000000000000,0.000000000000000,0.000000000000000,0.000000000000000,0.000000000000000,0.000000000000000,0.000000000000000,0.000000000000000,0.000000000000000,0.000000000000000,0.000000000000000,0.000000000000000,0.000000000000000,0.000000000000000,0.000000000000000,0.000000000000000,0.000000000000000,0.000000000000000,0.000000000000000,0.000000000000000,0.000000000000000,0.000000000000000,0.000000000000000,0.000000000000000,0.000000000000000,0.000000000000000,0.000000000000000,0.000000000000000,0.000000000000000,0.000000000000000,0.000000000000000,0.000000000000000
2,14,25,0.009349254836619,0.032338115548662,0.011932659932660,0.035512965050733,0.078818487909397,0.139534883720930,0.000000000000000,0.000000000000000,0.000000000000000,0.000000000000000,0.000000000000000,0.000000000000000,0.000000000000000,0.000000000000000,0.000000000000000,0.000000000000000,0.000000000000000,0.000000000000000,0.000000000000000,0.000000000000000,0.000000000000000,0.000000000000000,0.000000000000000,0.000000000000000,0.000000000000000,0.000000000000000,0.000000000000000,0.000000000000000,0.000000000000000,0.000000000000000,0.000000000000000,0.000000000000000,0.000000000000000,0.000000000000000,0.000000000000000,0.000000000000000,0.000000000000000,0.000000000000000,0.000000000000000,0.000000000000000,0.000000000000000,0.000000000000000,0.000000000000000,0.000000000000000,0.000000000000000,0.000000000000000,0.000000000000000,0.000000000000000,0.000000000000000,0.000000000000000
2,14,26,0.009368577027867,0.035675758976730,0.014761945710437,0.047280457410937,0.076083876452253,0.074855491329480,0.169632265717675,0.000000000000000,0.000000000000000,0.000000000000000,0.000000000000000,0.000000000000000,0.000000000000000,0.000000000000000,0.000000000000000,0.000000000000000,0.000000000000000,0.000000000000000,0.000000000000000,0.000000000000000,0.000000000000000,0.000000000000000,0.000000000000000,0.000000000000000,0.000000000000000,0.000000000000000,0.000000000000000,0.000000000000000,0.000000000000000,0.000000000000000,0.000000000000000,0.000000000000000,0.000000000000000,0.000000000000000,0.000000000000000,0.000000000000000,0.000000000000000,0.000000000000000,0.000000000000000,0.000000000000000,0.000000000000000,0.000000000000000,0.000000000000000,0.000000000000000,0.000000000000000,0.000000000000000,0.000000000000000,0.000000000000000,0.000000000000000,0.000000000000000
2,14,27,0.013131018383426,0.046413188771721,0.023148671565856,0.050314465408805,0.078830495928942,0.176582579723941,0.194811320754717,0.311897106109325,0.000000000000000,0.000000000000000,0.000000000000000,0.000000000000000,0.000000000000000,0.000000000000000,0.000000000000000,0.000000000000000,0.000000000000000,0.000000000000000,0.000000000000000,0.000000000000000,0.000000000000000,0.000000000000000,0.000000000000000,0.000000000000000,0.000000000000000,0.000000000000000,0.000000000000000,0.000000000000000,0.000000000000000,0.000000000000000,0.000000000000000,0.000000000000000,0.000000000000000,0.000000000000000,0.000000000000000,0.000000000000000,0.000000000000000,0.000000000000000,0.000000000000000,0.000000000000000,0.000000000000000,0.000000000000000,0.000000000000000,0.000000000000000,0.000000000000000,0.000000000000000,0.000000000000000,0.000000000000000,0.000000000000000,0.000000000000000
2,14,28,0.014619728716947,0.036299490395923,0.020245511176255,0.060621628564089,0.108846688281612,0.164616037335596,0.293451899757478,0.251040221914008,0.386956521739130,0.000000000000000,0.000000000000000,0.000000000000000,0.000000000000000,0.000000000000000,0.000000000000000,0.000000000000000,0.000000000000000,0.000000000000000,0.000000000000000,0.000000000000000,0.000000000000000,0.000000000000000,0.000000000000000,0.000000000000000,0.000000000000000,0.000000000000000,0.000000000000000,0.000000000000000,0.000000000000000,0.000000000000000,0.000000000000000,0.000000000000000,0.000000000000000,0.000000000000000,0.000000000000000,0.000000000000000,0.000000000000000,0.000000000000000,0.000000000000000,0.000000000000000,0.000000000000000,0.000000000000000,0.000000000000000,0.000000000000000,0.000000000000000,0.000000000000000,0.000000000000000,0.000000000000000,0.000000000000000,0.000000000000000
2,14,29,0.015635286372614,0.041452442159383,0.023636536692154,0.054303089870385,0.106105892399658,0.168118137069292,0.342479018721756,0.316847826086956,0.494345718901454,0.319410319410319,0.000000000000000,0.000000000000000,0.000000000000000,0.000000000000000,0.000000000000000,0.000000000000000,0.000000000000000,0.000000000000000,0.000000000000000,0.000000000000000,0.000000000000000,0.000000000000000,0.000000000000000,0.000000000000000,0.000000000000000,0.000000000000000,0.000000000000000,0.000000000000000,0.000000000000000,0.000000000000000,0.000000000000000,0.000000000000000,0.000000000000000,0.000000000000000,0.000000000000000,0.000000000000000,0.000000000000000,0.000000000000000,0.000000000000000,0.000000000000000,0.000000000000000,0.000000000000000,0.000000000000000,0.000000000000000,0.000000000000000,0.000000000000000,0.000000000000000,0.000000000000000,0.000000000000000,0.000000000000000
2,14,30,0.017437884659220,0.045638603003206,0.028011018552322,0.059325130953831,0.097667786943681,0.163778740419860,0.272676683361157,0.433211530653674,0.314861460957179,0.479227053140097,0.556497175141243,0.000000000000000,0.000000000000000,0.000000000000000,0.000000000000000,0.000000000000000,0.000000000000000,0.000000000000000,0.000000000000000,0.000000000000000,0.000000000000000,0.000000000000000,0.000000000000000,0.000000000000000,0.000000000000000,0.000000000000000,0.000000000000000,0.000000000000000,0.000000000000000,0.000000000000000,0.000000000000000,0.000000000000000,0.000000000000000,0.000000000000000,0.000000000000000,0.000000000000000,0.000000000000000,0.000000000000000,0.000000000000000,0.000000000000000,0.000000000000000,0.000000000000000,0.000000000000000,0.000000000000000,0.000000000000000,0.000000000000000,0.000000000000000,0.000000000000000,0.000000000000000,0.000000000000000
2,14,31,0.015532286212915,0.038271283519917,0.018290714772442,0.053156146179402,0.108219453376206,0.141442927853607,0.286519492719587,0.333809353802213,0.267957208354559,0.383156297420334,0.522491349480969,0.360501567398119,0.000000000000000,0.000000000000000,0.000000000000000,0.000000000000000,0.000000000000000,0.000000000000000,0.000000000000000,0.000000000000000,0.000000000000000,0.000000000000000,0.000000000000000,0.000000000000000,0.000000000000000,0.000000000000000,0.000000000000000,0.000000000000000,0.000000000000000,0.000000000000000,0.000000000000000,0.000000000000000,0.000000000000000,0.000000000000000,0.000000000000000,0.000000000000000,0.000000000000000,0.000000000000000,0.000000000000000,0.000000000000000,0.000000000000000,0.000000000000000,0.000000000000000,0.000000000000000,0.000000000000000,0.000000000000000,0.000000000000000,0.000000000000000,0.000000000000000,0.000000000000000
2,14,32,0.017713732414422,0.048281714043275,0.024793076079973,0.051630268550804,0.098879496756438,0.165257942290877,0.227339028964368,0.283607979184735,0.381702127659574,0.396467722289890,0.451864700780572,0.432203389830508,0.522058823529412,0.000000000000000,0.000000000000000,0.000000000000000,0.000000000000000,0.000000000000000,0.000000000000000,0.000000000000000,0.000000000000000,0.000000000000000,0.000000000000000,0.000000000000000,0.000000000000000,0.000000000000000,0.000000000000000,0.000000000000000,0.000000000000000,0.000000000000000,0.000000000000000,0.000000000000000,0.000000000000000,0.000000000000000,0.000000000000000,0.000000000000000,0.000000000000000,0.000000000000000,0.000000000000000,0.000000000000000,0.000000000000000,0.000000000000000,0.000000000000000,0.000000000000000,0.000000000000000,0.000000000000000,0.000000000000000,0.000000000000000,0.000000000000000,0.000000000000000
2,14,33,0.017188693659282,0.037045702698487,0.024546131827628,0.052509463915008,0.082428892215569,0.119295325287835,0.211385272974548,0.261092587843037,0.416323731138546,0.384836852207294,0.458172458172458,0.432432432432432,0.885007278020378,0.336244541484716,0.000000000000000,0.000000000000000,0.000000000000000,0.000000000000000,0.000000000000000,0.000000000000000,0.000000000000000,0.000000000000000,0.000000000000000,0.000000000000000,0.000000000000000,0.000000000000000,0.000000000000000,0.000000000000000,0.000000000000000,0.000000000000000,0.000000000000000,0.000000000000000,0.000000000000000,0.000000000000000,0.000000000000000,0.000000000000000,0.000000000000000,0.000000000000000,0.000000000000000,0.000000000000000,0.000000000000000,0.000000000000000,0.000000000000000,0.000000000000000,0.000000000000000,0.000000000000000,0.000000000000000,0.000000000000000,0.000000000000000,0.000000000000000
2,14,34,0.013790908608710,0.041300332471371,0.022696656733478,0.037657679940638,0.073407597829192,0.127910124526259,0.198887610280015,0.246312684365782,0.413175470552520,0.367486889874950,0.457985531441291,0.485202492211838,0.614155251141553,0.610410094637224,0.992031872509960,0.000000000000000,0.000000000000000,0.000000000000000,0.000000000000000,0.000000000000000,0.000000000000000,0.000000000000000,0.000000000000000,0.000000000000000,0.000000000000000,0.000000000000000,0.000000000000000,0.000000000000000,0.000000000000000,0.000000000000000,0.000000000000000,0.000000000000000,0.000000000000000,0.000000000000000,0.000000000000000,0.000000000000000,0.000000000000000,0.000000000000000,0.000000000000000,0.000000000000000,0.000000000000000,0.000000000000000,0.000000000000000,0.000000000000000,0.000000000000000,0.000000000000000,0.000000000000000,0.000000000000000,0.000000000000000,0.000000000000000
2,14,35,0.013930505177943,0.028840933767644,0.020061548050329,0.041619083872605,0.077382792375064,0.111266229233561,0.177525967894240,0.237909135319980,0.298991134209722,0.478734622144112,0.445196211096076,0.451954937044400,0.700444444444444,0.540243902439024,0.607266435986159,0.573221757322176,0.000000000000000,0.000000000000000,0.000000000000000,0.000000000000000,0.000000000000000,0.000000000000000,0.000000000000000,0.000000000000000,0.000000000000000,0.000000000000000,0.000000000000000,0.000000000000000,0.000000000000000,0.000000000000000,0.000000000000000,0.000000000000000,0.000000000000000,0.000000000000000,0.000000000000000,0.000000000000000,0.000000000000000,0.000000000000000,0.000000000000000,0.000000000000000,0.000000000000000,0.000000000000000,0.000000000000000,0.000000000000000,0.000000000000000,0.000000000000000,0.000000000000000,0.000000000000000,0.000000000000000,0.000000000000000
2,14,36,0.010837332183102,0.028343023255814,0.021624126346681,0.042332172451063,0.079726418946509,0.087075025104002,0.169935873255375,0.218194412375895,0.228652482269504,0.359319631467045,0.335440370838601,0.512969825304394,0.480263157894737,0.466858789625360,0.646194926568758,0.543186180422265,0.917948717948718,0.000000000000000,0.000000000000000,0.000000000000000,0.000000000000000,0.000000000000000,0.000000000000000,0.000000000000000,0.000000000000000,0.000000000000000,0.000000000000000,0.000000000000000,0.000000000000000,0.000000000000000,0.000000000000000,0.000000000000000,0.000000000000000,0.000000000000000,0.000000000000000,0.000000000000000,0.000000000000000,0.000000000000000,0.000000000000000,0.000000000000000,0.000000000000000,0.000000000000000,0.000000000000000,0.000000000000000,0.000000000000000,0.000000000000000,0.000000000000000,0.000000000000000,0.000000000000000,0.000000000000000
2,14,37,0.011243534967394,0.029344337459881,0.019030741967794,0.040071337011648,0.062369668246446,0.085967302452316,0.123709404918341,0.190542420027816,0.258630136986301,0.324190350297422,0.293478260869565,0.494284407864655,0.551176792556103,0.597590361445783,0.560776302349336,0.578947368421053,0.745495495495496,0.284883720930233,0.000000000000000,0.000000000000000,0.000000000000000,0.000000000000000,0.000000000000000,0.000000000000000,0.000000000000000,0.000000000000000,0.000000000000000,0.000000000000000,0.000000000000000,0.000000000000000,0.000000000000000,0.000000000000000,0.000000000000000,0.000000000000000,0.000000000000000,0.000000000000000,0.000000000000000,0.000000000000000,0.000000000000000,0.000000000000000,0.000000000000000,0.000000000000000,0.000000000000000,0.000000000000000,0.000000000000000,0.000000000000000,0.000000000000000,0.000000000000000,0.000000000000000,0.000000000000000
2,14,38,0.013838225927856,0.031817587874036,0.020354511053575,0.036413511187608,0.061538461538462,0.109669962758444,0.137247838616715,0.172685489166120,0.215392838054516,0.283477149248961,0.367070040337367,0.364545454545455,0.483938915218536,0.430330524951393,0.710896309314587,0.502903600464576,0.505084745762712,0.681818181818182,0.614285714285714,0.000000000000000,0.000000000000000,0.000000000000000,0.000000000000000,0.000000000000000,0.000000000000000,0.000000000000000,0.000000000000000,0.000000000000000,0.000000000000000,0.000000000000000,0.000000000000000,0.000000000000000,0.000000000000000,0.000000000000000,0.000000000000000,0.000000000000000,0.000000000000000,0.000000000000000,0.000000000000000,0.000000000000000,0.000000000000000,0.000000000000000,0.000000000000000,0.000000000000000,0.000000000000000,0.000000000000000,0.000000000000000,0.000000000000000,0.000000000000000,0.000000000000000
2,14,39,0.007745711171037,0.024275951838594,0.017858665075441,0.032156819558394,0.065062922694975,0.077737226277372,0.108015723807896,0.153812348934300,0.196381053751996,0.211267605633803,0.264672897196262,0.326906222611744,0.347200821777093,0.312500000000000,0.403314917127072,0.670192307692308,0.678191489361702,0.437728937728938,0.431761786600496,0.474358974358974,0.000000000000000,0.000000000000000,0.000000000000000,0.000000000000000,0.000000000000000,0.000000000000000,0.000000000000000,0.000000000000000,0.000000000000000,0.000000000000000,0.000000000000000,0.000000000000000,0.000000000000000,0.000000000000000,0.000000000000000,0.000000000000000,0.000000000000000,0.000000000000000,0.000000000000000,0.000000000000000,0.000000000000000,0.000000000000000,0.000000000000000,0.000000000000000,0.000000000000000,0.000000000000000,0.000000000000000,0.000000000000000,0.000000000000000,0.000000000000000
2,14,40,0.009902690326274,0.022578342957244,0.023057529223012,0.028898081121452,0.052971251361998,0.083323621955483,0.071360305829882,0.131706290763728,0.172906005925128,0.191460973982655,0.267198783732421,0.282150537634409,0.277096615988230,0.317626527050611,0.457384515289525,0.421591804570528,0.678038379530917,0.583717357910906,0.384615384615385,0.672823218997362,0.548872180451128,0.000000000000000,0.000000000000000,0.000000000000000,0.000000000000000,0.000000000000000,0.000000000000000,0.000000000000000,0.000000000000000,0.000000000000000,0.000000000000000,0.000000000000000,0.000000000000000,0.000000000000000,0.000000000000000,0.000000000000000,0.000000000000000,0.000000000000000,0.000000000000000,0.000000000000000,0.000000000000000,0.000000000000000,0.000000000000000,0.000000000000000,0.000000000000000,0.000000000000000,0.000000000000000,0.000000000000000,0.000000000000000,0.000000000000000
2,14,41,0.012773220282993,0.023395936157939,0.019072911636890,0.035053264298042,0.038978958261470,0.071029343269679,0.078802687843616,0.106182531894014,0.149911816578483,0.197699720236245,0.236543909348442,0.233162830349531,0.209069212410501,0.344513928368391,0.332417582417582,0.449862637362637,0.415268456375839,0.524260355029586,0.481946624803768,0.621739130434783,0.732732732732733,0.181818181818182,0.000000000000000,0.000000000000000,0.000000000000000,0.000000000000000,0.000000000000000,0.000000000000000,0.000000000000000,0.000000000000000,0.000000000000000,0.000000000000000,0.000000000000000,0.000000000000000,0.000000000000000,0.000000000000000,0.000000000000000,0.000000000000000,0.000000000000000,0.000000000000000,0.000000000000000,0.000000000000000,0.000000000000000,0.000000000000000,0.000000000000000,0.000000000000000,0.000000000000000,0.000000000000000,0.000000000000000,0.000000000000000
2,14,42,0.011806873286949,0.027214891611687,0.018971212836244,0.032054281703322,0.046973491062948,0.062615101289134,0.089387934830471,0.106367180248747,0.143643873336393,0.169566499557653,0.184331797235023,0.247063588497367,0.213634181469035,0.394694960212202,0.392000000000000,0.328524590163934,0.379601226993865,0.352230483271375,0.426433915211970,0.562711864406780,0.342281879194631,0.510204081632653,0.112149532710280,0.000000000000000,0.000000000000000,0.000000000000000,0.000000000000000,0.000000000000000,0.000000000000000,0.000000000000000,0.000000000000000,0.000000000000000,0.000000000000000,0.000000000000000,0.000000000000000,0.000000000000000,0.000000000000000,0.000000000000000,0.000000000000000,0.000000000000000,0.000000000000000,0.000000000000000,0.000000000000000,0.000000000000000,0.000000000000000,0.000000000000000,0.000000000000000,0.000000000000000,0.000000000000000,0.000000000000000
2,14,43,0.012659494620966,0.019102943640731,0.018377539640208,0.026925521465303,0.037199864727765,0.044755565756254,0.081383370125092,0.114805290227774,0.105102485826428,0.165347885402456,0.160300136425648,0.219036240541617,0.190582959641256,0.243096646942801,0.258737316798196,0.351511169513798,0.352678571428571,0.401006711409396,0.492195629552549,0.654843110504775,0.644329896907217,0.349246231155779,0.277566539923954,0.962962962962963,0.000000000000000,0.000000000000000,0.000000000000000,0.000000000000000,0.000000000000000,0.000000000000000,0.000000000000000,0.000000000000000,0.000000000000000,0.000000000000000,0.000000000000000,0.000000000000000,0.000000000000000,0.000000000000000,0.000000000000000,0.000000000000000,0.000000000000000,0.000000000000000,0.000000000000000,0.000000000000000,0.000000000000000,0.000000000000000,0.000000000000000,0.000000000000000,0.000000000000000,0.000000000000000
2,14,44,0.006863324394346,0.021073002902914,0.025092103953002,0.021239145740437,0.052774248199915,0.057870642094143,0.073379351740696,0.069150908416759,0.093776641091219,0.093486590038314,0.137800252844501,0.171747211895911,0.178178618565772,0.240302267002519,0.220377790497997,0.275668948350965,0.336283185840708,0.354249404289118,0.385608856088561,0.361458333333333,0.503607503607504,0.526315789473684,0.402702702702703,0.670995670995671,0.309734513274336,0.000000000000000,0.000000000000000,0.000000000000000,0.000000000000000,0.000000000000000,0.000000000000000,0.000000000000000,0.000000000000000,0.000000000000000,0.000000000000000,0.000000000000000,0.000000000000000,0.000000000000000,0.000000000000000,0.000000000000000,0.000000000000000,0.000000000000000,0.000000000000000,0.000000000000000,0.000000000000000,0.000000000000000,0.000000000000000,0.000000000000000,0.000000000000000,0.000000000000000
2,14,45,0.007284655363381,0.017671517671518,0.018320296418279,0.031122231036798,0.040545263893743,0.074321047526673,0.048772958789937,0.093598809080759,0.081669284271932,0.115290269828291,0.152897657213317,0.153367496339678,0.241231822070145,0.184027777777778,0.187978142076503,0.279084967320261,0.186935371785962,0.206477732793522,0.312164579606440,0.376175548589342,0.334486735870819,0.379870129870130,0.552845528455285,0.428134556574924,0.489539748953975,0.786516853932584,0.000000000000000,0.000000000000000,0.000000000000000,0.000000000000000,0.000000000000000,0.000000000000000,0.000000000000000,0.000000000000000,0.000000000000000,0.000000000000000,0.000000000000000,0.000000000000000,0.000000000000000,0.000000000000000,0.000000000000000,0.000000000000000,0.000000000000000,0.000000000000000,0.000000000000000,0.000000000000000,0.000000000000000,0.000000000000000,0.000000000000000,0.000000000000000
2,14,46,0.005525773195876,0.018406118924254,0.016353846927993,0.031506066188147,0.033434093615462,0.063941427699817,0.058176100628931,0.072176728242240,0.112556053811659,0.133998949027851,0.121914956883735,0.203543022415040,0.173622704507513,0.200189753320683,0.170374389582203,0.215506715506716,0.234652114597544,0.319148936170213,0.260101010101010,0.341439688715953,0.316702819956616,0.380764163372859,0.307692307692308,0.393203883495146,0.261538461538462,0.472727272727273,0.215909090909091,0.000000000000000,0.000000000000000,0.000000000000000,0.000000000000000,0.000000000000000,0.000000000000000,0.000000000000000,0.000000000000000,0.000000000000000,0.000000000000000,0.000000000000000,0.000000000000000,0.000000000000000,0.000000000000000,0.000000000000000,0.000000000000000,0.000000000000000,0.000000000000000,0.000000000000000,0.000000000000000,0.000000000000000,0.000000000000000,0.000000000000000
2,14,47,0.006383621666541,0.016598330287013,0.018495123553489,0.031033386327504,0.046775532798229,0.041400890600554,0.049545454545455,0.093346007604563,0.092538651131526,0.127697841726619,0.116484812739605,0.140127388535032,0.140425531914894,0.129512635379061,0.130976095617530,0.226512968299712,0.168478260869565,0.320141342756184,0.232466509062254,0.246413502109705,0.345601436265709,0.409424083769634,0.330634278002699,0.315261044176707,0.386117136659436,0.591772151898734,0.602870813397129,0.875000000000000,0.000000000000000,0.000000000000000,0.000000000000000,0.000000000000000,0.000000000000000,0.000000000000000,0.000000000000000,0.000000000000000,0.000000000000000,0.000000000000000,0.000000000000000,0.000000000000000,0.000000000000000,0.000000000000000,0.000000000000000,0.000000000000000,0.000000000000000,0.000000000000000,0.000000000000000,0.000000000000000,0.000000000000000,0.000000000000000
2,14,48,0.007822549803567,0.019789944568706,0.016385357299430,0.020523615313775,0.026086956521739,0.032230180291430,0.081719414265470,0.072558139534884,0.059203204985533,0.122373949579832,0.110468654899574,0.129242372300309,0.110738255033557,0.173201206376562,0.206495395055744,0.207259337190952,0.172372372372372,0.281980742778542,0.301060070671378,0.240632805995004,0.301716350496838,0.252609603340292,0.272428884026258,0.424731182795699,0.476578411405295,0.862745098039216,0.314189189189189,0.838427947598253,0.705128205128205,0.000000000000000,0.000000000000000,0.000000000000000,0.000000000000000,0.000000000000000,0.000000000000000,0.000000000000000,0.000000000000000,0.000000000000000,0.000000000000000,0.000000000000000,0.000000000000000,0.000000000000000,0.000000000000000,0.000000000000000,0.000000000000000,0.000000000000000,0.000000000000000,0.000000000000000,0.000000000000000,0.000000000000000
2,14,49,0.007592939552312,0.019773459623084,0.017969607673196,0.024333886923244,0.043805887672059,0.051553205551884,0.072964923891463,0.077587939698493,0.121693121693122,0.130816272268014,0.128486367909746,0.133981256508157,0.113251155624037,0.150818222025652,0.205177372962608,0.086695747001091,0.141481035520771,0.351601423487544,0.181881051175657,0.136153846153846,0.369003690036900,0.246023329798515,0.398918918918919,0.347297297297297,0.347633136094675,0.367864693446089,0.638954869358670,0.417021276595745,0.585227272727273,0.103896103896104,0.000000000000000,0.000000000000000,0.000000000000000,0.000000000000000,0.000000000000000,0.000000000000000,0.000000000000000,0.000000000000000,0.000000000000000,0.000000000000000,0.000000000000000,0.000000000000000,0.000000000000000,0.000000000000000,0.000000000000000,0.000000000000000,0.000000000000000,0.000000000000000,0.000000000000000,0.000000000000000
2,14,50,0.007343981557714,0.019764848976282,0.019318946016996,0.035806993434112,0.024291497975709,0.038624189455878,0.071575695159629,0.069936034115139,0.090171990171990,0.075296108291032,0.068798449612403,0.049964311206281,0.147094188376754,0.080762250453721,0.100561272217025,0.173726541554960,0.225202744853400,0.138888888888889,0.162808065720687,0.267729083665339,0.238574040219378,0.299299299299299,0.250821467688938,0.348284960422164,0.202304737516005,0.463414634146341,0.373068432671082,0.362275449101796,0.397196261682243,0.212290502793296,0.257575757575758,0.000000000000000,0.000000000000000,0.000000000000000,0.000000000000000,0.000000000000000,0.000000000000000,0.000000000000000,0.000000000000000,0.000000000000000,0.000000000000000,0.000000000000000,0.000000000000000,0.000000000000000,0.000000000000000,0.000000000000000,0.000000000000000,0.000000000000000,0.000000000000000,0.000000000000000
2,14,51,0.007685710515899,0.016335777738031,0.021583577712610,0.021912350597610,0.030458860759494,0.060833333333333,0.047467725918570,0.061979648473636,0.107840440165062,0.069414316702820,0.083536373129133,0.102803738317757,0.161372299872935,0.151637279596977,0.191377497371188,0.140771028037383,0.208877284595300,0.158485273492286,0.160910518053375,0.265080713678845,0.189343482397716,0.255451713395639,0.319290465631929,0.195538057742782,0.270491803278689,0.197014925373134,0.301075268817204,0.289405684754522,0.140983606557377,0.402714932126697,0.786764705882353,0.661290322580645,0.000000000000000,0.000000000000000,0.000000000000000,0.000000000000000,0.000000000000000,0.000000000000000,0.000000000000000,0.000000000000000,0.000000000000000,0.000000000000000,0.000000000000000,0.000000000000000,0.000000000000000,0.000000000000000,0.000000000000000,0.000000000000000,0.000000000000000,0.000000000000000
2,14,52,0.006585645202342,0.015196705013492,0.018560915780867,0.047075952438729,0.044943820224719,0.055858310626703,0.061243355673677,0.077635521656225,0.084326306141155,0.081775700934579,0.090056285178236,0.126209322779244,0.095460926532522,0.097332015810277,0.127900396151670,0.124133585381222,0.163945133899412,0.154343144292893,0.242687747035573,0.281802120141343,0.270165208940719,0.191304347826087,0.396491228070175,0.211436170212766,0.185636856368564,0.363494539781591,0.388429752066116,0.277310924369748,0.506596306068602,0.590551181102362,0.187165775401070,0.616666666666667,0.285714285714286,0.000000000000000,0.000000000000000,0.000000000000000,0.000000000000000,0.000000000000000,0.000000000000000,0.000000000000000,0.000000000000000,0.000000000000000,0.000000000000000,0.000000000000000,0.000000000000000,0.000000000000000,0.000000000000000,0.000000000000000,0.000000000000000,0.000000000000000
2,14,53,0.003892644949805,0.015780346820809,0.027958015267176,0.034835534835535,0.050319757657354,0.061392914653784,0.072827125119389,0.090757701915071,0.066276803118908,0.126050420168067,0.114613180515759,0.124041497519170,0.081733136386017,0.117270788912580,0.122816901408451,0.171102661596958,0.211994421199442,0.144817073170732,0.292857142857143,0.233755274261603,0.244318181818182,0.281808622502629,0.189549180327869,0.407635467980296,0.280400572246066,0.284126984126984,0.561243144424132,0.261627906976744,0.378190255220418,0.389891696750903,0.205240174672489,0.179190751445087,0.302752293577982,0.904761904761905,0.000000000000000,0.000000000000000,0.000000000000000,0.000000000000000,0.000000000000000,0.000000000000000,0.000000000000000,0.000000000000000,0.000000000000000,0.000000000000000,0.000000000000000,0.000000000000000,0.000000000000000,0.000000000000000,0.000000000000000,0.000000000000000
2,14,54,0.003619592503941,0.021110573433341,0.024554941682014,0.035625173274189,0.041433566433566,0.059614986545229,0.068399798081777,0.067172897196262,0.078518014955812,0.106043752317390,0.127897350993377,0.104094721262950,0.232323232323232,0.159533073929961,0.138644918444166,0.231182795698925,0.097647897362794,0.218870843000773,0.299752270850537,0.169829222011385,0.244421906693712,0.185555555555556,0.197928653624856,0.202319587628866,0.222873900293255,0.256955810147300,0.250000000000000,0.277673545966229,0.403301886792453,0.202531645569620,0.430434782608696,0.400000000000000,0.339393939393939,0.775280898876405,0.000000000000000,0.000000000000000,0.000000000000000,0.000000000000000,0.000000000000000,0.000000000000000,0.000000000000000,0.000000000000000,0.000000000000000,0.000000000000000,0.000000000000000,0.000000000000000,0.000000000000000,0.000000000000000,0.000000000000000,0.000000000000000
2,14,55,0.005192588113952,0.018433870363432,0.016871355911177,0.034728104353718,0.031377605845691,0.055763073639274,0.066666666666667,0.055297895112380,0.064129970072681,0.088194763435921,0.161852589641434,0.088391278727166,0.214012738853503,0.168363883231500,0.191165821868211,0.175409836065574,0.051768766177739,0.215264187866928,0.206763285024155,0.172268907563025,0.247410817031070,0.293367346938776,0.189107413010590,0.164665523156089,0.315457413249211,0.220306513409962,0.127348643006263,0.268065268065268,0.265356265356265,0.411411411411411,0.170491803278689,0.448888888888889,0.341463414634146,0.871212121212121,0.277108433734940,1.333333333333330,0.000000000000000,0.000000000000000,0.000000000000000,0.000000000000000,0.000000000000000,0.000000000000000,0.000000000000000,0.000000000000000,0.000000000000000,0.000000000000000,0.000000000000000,0.000000000000000,0.000000000000000,0.000000000000000
2,14,56,0.004434589800443,0.017538835993987,0.024787535410765,0.032069021650659,0.043582089552239,0.093623119178409,0.066611615744564,0.053484602917342,0.087608524072613,0.059587813620072,0.069534767383692,0.116955791829882,0.072948328267477,0.157266091572661,0.122261484098940,0.090695856137608,0.158918005071851,0.178033658104517,0.131379962192817,0.200000000000000,0.168591224018476,0.087557603686636,0.235135135135135,0.234074074074074,0.189655172413793,0.131537242472266,0.368421052631579,0.284444444444444,0.323529411764706,0.388324873096447,0.338501291989664,0.289655172413793,0.358851674641148,0.526011560693642,0.438016528925620,0.540540540540541,0.000000000000000,0.000000000000000,0.000000000000000,0.000000000000000,0.000000000000000,0.000000000000000,0.000000000000000,0.000000000000000,0.000000000000000,0.000000000000000,0.000000000000000,0.000000000000000,0.000000000000000,0.000000000000000
2,14,57,0.005392965100302,0.021558164354322,0.037722073497201,0.031735956839099,0.050675675675676,0.039655996177735,0.071130869686024,0.056744487678340,0.078847611827142,0.123634775010922,0.138069034517259,0.126495726495726,0.099022004889976,0.120979020979021,0.153084539223153,0.162162162162162,0.154315605928509,0.157608695652174,0.130769230769231,0.179487179487179,0.185354691075515,0.152585119798235,0.206666666666667,0.194563662374821,0.276422764227642,0.173838209982788,0.208191126279863,0.439425051334702,0.130530973451327,0.310262529832936,0.308310991957105,0.431137724550898,0.201413427561837,0.342723004694836,0.066265060240964,0.193548387096774,0.235294117647059,0.870967741935484,0.000000000000000,0.000000000000000,0.000000000000000,0.000000000000000,0.000000000000000,0.000000000000000,0.000000000000000,0.000000000000000,0.000000000000000,0.000000000000000,0.000000000000000,0.000000000000000
2,14,58,0.006729318946514,0.021725084800517,0.032531076434806,0.032372191756589,0.036922396639399,0.045431342521695,0.053945745992602,0.060405156537753,0.129777404451911,0.072992700729927,0.174986862848135,0.113069908814590,0.123430962343096,0.152985074626866,0.156275976724855,0.201388888888889,0.082857142857143,0.149905123339658,0.143315508021390,0.073671497584541,0.192307692307692,0.115591397849462,0.234042553191489,0.247005988023952,0.405360134003350,0.291666666666667,0.276169265033408,0.252587991718426,0.174641148325359,0.029055690072639,0.283286118980170,0.087947882736156,0.432601880877743,0.185654008438819,0.401360544217687,0.288888888888889,0.750000000000000,1.565217391304350,0.000000000000000,0.000000000000000,0.000000000000000,0.000000000000000,0.000000000000000,0.000000000000000,0.000000000000000,0.000000000000000,0.000000000000000,0.000000000000000,0.000000000000000,0.000000000000000
2,14,59,0.006648993959411,0.018381053375751,0.037184217996026,0.025523809523810,0.055909412597311,0.055786844296420,0.075378538512179,0.035944003026863,0.116114790286976,0.090236686390533,0.091062394603710,0.057345360824742,0.127124907612713,0.144006436041834,0.177664974619289,0.128909952606635,0.126272912423625,0.191343963553531,0.120327102803738,0.145687645687646,0.173455978975033,0.129870129870130,0.090773809523810,0.259322033898305,0.123636363636364,0.122287968441815,0.211991434689507,0.341517857142857,0.257894736842105,0.209239130434783,0.453296703296703,0.078767123287671,0.273764258555133,0.396946564885496,0.446902654867257,0.194444444444444,1.230769230769230,0.014285714285714,0.298245614035088,0.727272727272727,0.000000000000000,0.000000000000000,0.000000000000000,0.000000000000000,0.000000000000000,0.000000000000000,0.000000000000000,0.000000000000000,0.000000000000000,0.000000000000000
2,14,60,0.007265998736348,0.028715170278638,0.052927927927928,0.067405894368252,0.128405315614618,0.107638210588005,0.115787129815186,0.177215189873418,0.191043083900227,0.258159268929504,0.253127299484915,0.328861788617886,0.220465890183028,0.291187739463602,0.187182095625636,0.302947598253275,0.208607292289301,0.448992058643861,0.339238845144357,0.255235602094241,0.249155975692100,0.255563531945442,0.303863298662704,0.411057692307692,0.300000000000000,0.260687342833194,0.233653007846556,0.322889469103568,0.392599277978339,0.454049135577798,0.301921317474840,0.611459265890779,0.320537428023033,0.512173128944995,0.362666666666667,0.253345227475468,0.362416107382550,0.367521367521368,0.416129032258065,0.414392059553350,0.183954619124797,0.000000000000000,0.000000000000000,0.000000000000000,0.000000000000000,0.000000000000000,0.000000000000000,0.000000000000000,0.000000000000000,0.000000000000000
2,14,61,0.006084267099326,0.023526558331312,0.066367092983063,0.100244850928993,0.114607136579364,0.140970801562209,0.155550581915846,0.233705531030901,0.193671256958687,0.173376623376623,0.223778735632184,0.309995953055443,0.225763612217795,0.203225806451613,0.192738921516284,0.273987798114254,0.236919459141681,0.354596622889306,0.254557291666667,0.286542176432711,0.178370786516854,0.324039186134137,0.276546982429335,0.406584362139918,0.385113268608414,0.291666666666667,0.256864481842338,0.203928905519177,0.233271375464684,0.317929759704251,0.221303948576676,0.265325670498084,0.303842716711349,0.325301204819277,0.228010247651580,0.391156462585034,0.388349514563107,0.223977695167286,0.237341772151899,0.197752808988764,0.202546756864306,0.000000000000000,0.000000000000000,0.000000000000000,0.000000000000000,0.000000000000000,0.000000000000000,0.000000000000000,0.000000000000000,0.000000000000000
2,14,62,0.008687203520604,0.028484848484849,0.039596005968094,0.074626865671642,0.093377483443709,0.173681090693539,0.169110055750568,0.224315068493151,0.139554794520548,0.206929133858268,0.187169545294325,0.291382765531062,0.250554323725055,0.214876033057851,0.219665271966527,0.345413363533409,0.121880441091120,0.247386759581882,0.264044943820225,0.279371584699454,0.255474452554745,0.238984316654220,0.224924012158055,0.350890782339272,0.174303683737646,0.348963029756537,0.300000000000000,0.327495621716287,0.194605009633911,0.176029962546816,0.490875912408759,0.263644773358002,0.302678571428571,0.149373881932021,0.289565217391304,0.253544620517098,0.240694789081886,0.173985086992544,0.214843750000000,0.238966630785791,0.122217883639203,0.000000000000000,0.000000000000000,0.000000000000000,0.000000000000000,0.000000000000000,0.000000000000000,0.000000000000000,0.000000000000000,0.000000000000000
2,14,63,0.010452961672474,0.030316824471959,0.045225541886350,0.069933920704846,0.118715740015662,0.125677139761647,0.157397906833573,0.138883034773446,0.273840541948932,0.216706302021403,0.198659966499162,0.277578796561605,0.174693877551020,0.270459518599562,0.265248226950355,0.193936225823314,0.207900207900208,0.302217036172695,0.308128544423440,0.241978609625668,0.185714285714286,0.188022284122563,0.153963414634146,0.199663016006740,0.240064882400649,0.210977701543739,0.314360770577933,0.182616330114135,0.184440559440559,0.183655536028120,0.184742647058824,0.353256021409456,0.190516511430991,0.254385964912281,0.309982486865149,0.162183544303797,0.178030303030303,0.135774218154081,0.265004616805171,0.231270358306189,0.193674484719261,0.000000000000000,0.705882352941177,0.000000000000000,0.000000000000000,0.000000000000000,0.000000000000000,0.000000000000000,0.000000000000000,0.000000000000000
2,14,64,0.010367204811649,0.030876599344401,0.057974816369360,0.061463987091096,0.065939204988309,0.120434705148762,0.094488188976378,0.142790697674419,0.136404293381038,0.182382834556748,0.131296171927468,0.197069597069597,0.194421988682296,0.188879082082966,0.149976492712741,0.186680650235973,0.191323692992214,0.149881516587678,0.132247557003257,0.183604336043360,0.150675195451315,0.168017686072218,0.198669991687448,0.138817480719794,0.205574912891986,0.083038869257951,0.289719626168224,0.185151237396884,0.115789473684211,0.193732193732194,0.189753320683112,0.183712121212121,0.223584905660377,0.256544502617801,0.068457538994801,0.045094936708861,0.186572989851678,0.165981922760887,0.154121863799283,0.114457831325301,0.091009174311927,0.709677419354839,0.000000000000000,0.000000000000000,0.000000000000000,0.000000000000000,0.000000000000000,0.000000000000000,0.000000000000000,0.000000000000000
2,14,65,0.007330746011212,0.013764213046080,0.009386281588448,0.063467492260062,0.088734567901235,0.069542253521127,0.092734225621415,0.119469026548673,0.104191616766467,0.081339712918660,0.102446483180428,0.044303797468354,0.198924731182796,0.167028199566161,0.088362068965517,0.230263157894737,0.231770833333333,0.094986807387863,0.049046321525886,0.030395136778116,0.123028391167192,0.140522875816993,0.056962025316456,0.089700996677741,0.251592356687898,0.096666666666667,0.208029197080292,0.460431654676259,0.069444444444444,0.301948051948052,0.232704402515723,0.253571428571429,0.111455108359133,0.180327868852459,0.067988668555241,0.087323943661972,0.103797468354430,0.150753768844221,0.155313351498638,0.152112676056338,0.023350253807107,0.107142857142857,0.312500000000000,0.000000000000000,0.272727272727273,0.555555555555556,0.000000000000000,0.000000000000000,0.000000000000000,0.000000000000000
2,14,66,0.000000000000000,0.013071895424837,0.034693877551020,0.099624060150376,0.053333333333333,0.061752988047809,0.000000000000000,0.036036036036036,0.000000000000000,0.035502958579882,0.050295857988166,0.000000000000000,0.000000000000000,0.108000000000000,0.309523809523810,0.050000000000000,0.085106382978723,0.113924050632911,0.069364161849711,0.005347593582888,0.050279329608939,0.075949367088608,0.051282051282051,0.000000000000000,0.171270718232044,0.144578313253012,0.000000000000000,0.286956521739130,0.000000000000000,0.120218579234973,0.013071895424837,0.000000000000000,0.085106382978723,0.049751243781095,0.175115207373272,0.049107142857143,0.125654450261780,0.011494252873563,0.000000000000000,0.067567567567568,0.093421052631579,0.000000000000000,0.000000000000000,0.000000000000000,0.000000000000000,0.000000000000000,0.000000000000000,0.000000000000000,0.000000000000000,0.000000000000000
2,14,67,0.008849557522124,0.058679706601467,0.026239067055394,0.044585987261147,0.061007957559682,0.009259259259259,0.000000000000000,0.019292604501608,0.000000000000000,0.073359073359073,0.081712062256809,0.013333333333333,0.049723756906077,0.011695906432749,0.071428571428571,0.224489795918367,0.091549295774648,0.131782945736434,0.015748031496063,0.000000000000000,0.128000000000000,0.000000000000000,0.000000000000000,0.000000000000000,0.000000000000000,0.110091743119266,0.046875000000000,0.000000000000000,0.000000000000000,0.098360655737705,0.094827586206897,0.000000000000000,0.027777777777778,0.076433121019108,0.000000000000000,0.005649717514124,0.000000000000000,0.000000000000000,0.063829787234043,0.052884615384615,0.017054263565892,0.000000000000000,0.000000000000000,0.000000000000000,2.925925925925930,0.000000000000000,0.000000000000000,0.000000000000000,0.000000000000000,0.000000000000000
2,14,68,0.000000000000000,0.004329004329004,0.070422535211268,0.000000000000000,0.000000000000000,0.118556701030928,0.055813953488372,0.044334975369458,0.000000000000000,0.035175879396985,0.085106382978723,0.000000000000000,0.069364161849711,0.000000000000000,0.099173553719008,0.028846153846154,0.252525252525253,0.000000000000000,0.036585365853659,0.000000000000000,0.183908045977011,0.080000000000000,0.000000000000000,0.000000000000000,0.151898734177215,0.123711340206186,0.000000000000000,0.000000000000000,0.040000000000000,0.000000000000000,0.000000000000000,0.176470588235294,0.000000000000000,0.000000000000000,0.000000000000000,0.000000000000000,0.063218390804598,0.000000000000000,0.072289156626506,0.000000000000000,0.026562500000000,0.000000000000000,0.000000000000000,0.000000000000000,0.000000000000000,0.000000000000000,0.000000000000000,0.000000000000000,0.000000000000000,0.000000000000000
2,14,69,0.040816326530612,0.000000000000000,0.006711409395973,0.160839160839161,0.000000000000000,0.000000000000000,0.092307692307692,0.000000000000000,0.000000000000000,0.000000000000000,0.000000000000000,0.079646017699115,0.000000000000000,0.000000000000000,0.122448979591837,0.000000000000000,0.442857142857143,0.000000000000000,0.000000000000000,0.000000000000000,0.000000000000000,0.014705882352941,0.000000000000000,0.012195121951220,0.000000000000000,0.000000000000000,0.146341463414634,0.000000000000000,0.074626865671642,0.000000000000000,0.000000000000000,0.000000000000000,0.032258064516129,0.000000000000000,0.000000000000000,0.000000000000000,0.000000000000000,0.000000000000000,0.000000000000000,0.000000000000000,0.000000000000000,0.000000000000000,0.000000000000000,0.000000000000000,0.000000000000000,0.000000000000000,0.000000000000000,0.000000000000000,0.000000000000000,0.000000000000000
