RS,15,16,17,18,19,20,21,22,23,24,25,26,27,28,29,30,31,32,33,34,35,36,37,38,39,40,41,42,43,44,45,46,47,48,49,50,51,52,53,54,55,56,57,58,59,60,61,62,63,64,65,66,67,68,69,70,71,72,73,74,75,76,77,78,79,80,81,82,83,84,85,86,87,88,89,90,91,92,93,94,95,96,97,98,99,100,101,102,103,104,105,106,107,108,109,110,111,112,113,114,115
15,0,0,0,0,0.045715413,0.069073008,0.093460148,0.115773223,0.133615898,0.147600616,0.161126537,0.178761139,0.204203707,0.238495246,0.279329831,0.322513616,0.3640329,0.401311998,0.433348375,0.460569314,0.4840684,0.505172187,0.525454156,0.546497213,0.569354482,0.594580041,0.622163447,0.651355322,0.681001071,0.709775284,0.736280107,0.759282778,0.778337878,0.793990426,0.807451779,0.820027423,0.832675957,0.845618551,0.858482633,0.870560696,0.881207914,0.889979267,0.896712547,0.901471079,0.904588228,0.906503185,0.907664906,0.908337277,0.908484737,0.907986842,0.906855771,0.905392247,0.904067936,0.90339048,0.903724804,0.905022853,0.906737647,0.907929882,0.907534811,0.904759545,0.899567299,0.892617233,0.884941652,0.877501549,0.870778986,0.864565692,0.858020537,0.849860792,0.83855336,0.82273887,0.80156435,0.774804566,0.742751394,0.705961434,0.66487315,0.619791239,0.570962355,0.519088454,0.46543693,0.411891138,0.360398841,0.312706274,0.269905257,0.232487531,0.200287215,0.172800077,0.149296291,0.129126911,0.1116878,0.09657352,0.083460973,0.072120522,0.0623032,0.053828431,0.0465087,0.040184131,0.03471962,0.029998211,0.025918851,0.02239423,0.01934891
16,0,0,0,0,0.045715413,0.069073008,0.093460148,0.115773223,0.133615898,0.147600616,0.161126537,0.178761139,0.204203707,0.238495246,0.279329831,0.322513616,0.3640329,0.401311998,0.433348375,0.460569314,0.4840684,0.505172187,0.525454156,0.546497213,0.569354482,0.594580041,0.622163447,0.651355322,0.681001071,0.709775284,0.736280107,0.759282778,0.778337878,0.793990426,0.807451779,0.820027423,0.832675957,0.845618551,0.858482633,0.870560696,0.881207914,0.889979267,0.896712547,0.901471079,0.904588228,0.906503185,0.907664906,0.908337277,0.908484737,0.907986842,0.906855771,0.905392247,0.904067936,0.90339048,0.903724804,0.905022853,0.906737647,0.907929882,0.907534811,0.904759545,0.899567299,0.892617233,0.884941652,0.877501549,0.870778986,0.864565692,0.858020537,0.849860792,0.83855336,0.82273887,0.80156435,0.774804566,0.742751394,0.705961434,0.66487315,0.619791239,0.570962355,0.519088454,0.46543693,0.411891138,0.360398841,0.312706274,0.269905257,0.232487531,0.200287215,0.172800077,0.149296291,0.129126911,0.1116878,0.09657352,0.083460973,0.072120522,0.0623032,0.053828431,0.0465087,0.040184131,0.03471962,0.029998211,0.025918851,0.02239423,0.01934891
17,0,0,0,0,0.045715413,0.069073008,0.093460148,0.115773223,0.133615898,0.147600616,0.161126537,0.178761139,0.204203707,0.238495246,0.279329831,0.322513616,0.3640329,0.401311998,0.433348375,0.460569314,0.4840684,0.505172187,0.525454156,0.546497213,0.569354482,0.594580041,0.622163447,0.651355322,0.681001071,0.709775284,0.736280107,0.759282778,0.778337878,0.793990426,0.807451779,0.820027423,0.832675957,0.845618551,0.858482633,0.870560696,0.881207914,0.889979267,0.896712547,0.901471079,0.904588228,0.906503185,0.907664906,0.908337277,0.908484737,0.907986842,0.906855771,0.905392247,0.904067936,0.90339048,0.903724804,0.905022853,0.906737647,0.907929882,0.907534811,0.904759545,0.899567299,0.892617233,0.884941652,0.877501549,0.870778986,0.864565692,0.858020537,0.849860792,0.83855336,0.82273887,0.80156435,0.774804566,0.742751394,0.705961434,0.66487315,0.619791239,0.570962355,0.519088454,0.46543693,0.411891138,0.360398841,0.312706274,0.269905257,0.232487531,0.200287215,0.172800077,0.149296291,0.129126911,0.1116878,0.09657352,0.083460973,0.072120522,0.0623032,0.053828431,0.0465087,0.040184131,0.03471962,0.029998211,0.025918851,0.02239423,0.01934891
18,0,0,0,0,0.045715413,0.069073008,0.093460148,0.115773223,0.133615898,0.147600616,0.161126537,0.178761139,0.204203707,0.238495246,0.279329831,0.322513616,0.3640329,0.401311998,0.433348375,0.460569314,0.4840684,0.505172187,0.525454156,0.546497213,0.569354482,0.594580041,0.622163447,0.651355322,0.681001071,0.709775284,0.736280107,0.759282778,0.778337878,0.793990426,0.807451779,0.820027423,0.832675957,0.845618551,0.858482633,0.870560696,0.881207914,0.889979267,0.896712547,0.901471079,0.904588228,0.906503185,0.907664906,0.908337277,0.908484737,0.907986842,0.906855771,0.905392247,0.904067936,0.90339048,0.903724804,0.905022853,0.906737647,0.907929882,0.907534811,0.904759545,0.899567299,0.892617233,0.884941652,0.877501549,0.870778986,0.864565692,0.858020537,0.849860792,0.83855336,0.82273887,0.80156435,0.774804566,0.742751394,0.705961434,0.66487315,0.619791239,0.570962355,0.519088454,0.46543693,0.411891138,0.360398841,0.312706274,0.269905257,0.232487531,0.200287215,0.172800077,0.149296291,0.129126911,0.1116878,0.09657352,0.083460973,0.072120522,0.0623032,0.053828431,0.0465087,0.040184131,0.03471962,0.029998211,0.025918851,0.02239423,0.01934891
19,0,0,0,0,0.045715413,0.069073008,0.093460148,0.115773223,0.133615898,0.147600616,0.161126537,0.178761139,0.204203707,0.238495246,0.279329831,0.322513616,0.3640329,0.401311998,0.433348375,0.460569314,0.4840684,0.505172187,0.525454156,0.546497213,0.569354482,0.594580041,0.622163447,0.651355322,0.681001071,0.709775284,0.736280107,0.759282778,0.778337878,0.793990426,0.807451779,0.820027423,0.832675957,0.845618551,0.858482633,0.870560696,0.881207914,0.889979267,0.896712547,0.901471079,0.904588228,0.906503185,0.907664906,0.908337277,0.908484737,0.907986842,0.906855771,0.905392247,0.904067936,0.90339048,0.903724804,0.905022853,0.906737647,0.907929882,0.907534811,0.904759545,0.899567299,0.892617233,0.884941652,0.877501549,0.870778986,0.864565692,0.858020537,0.849860792,0.83855336,0.82273887,0.80156435,0.774804566,0.742751394,0.705961434,0.66487315,0.619791239,0.570962355,0.519088454,0.46543693,0.411891138,0.360398841,0.312706274,0.269905257,0.232487531,0.200287215,0.172800077,0.149296291,0.129126911,0.1116878,0.09657352,0.083460973,0.072120522,0.0623032,0.053828431,0.0465087,0.040184131,0.03471962,0.029998211,0.025918851,0.02239423,0.01934891
20,0,0,0,0,0.045715413,0.069073008,0.093460148,0.115773223,0.133615898,0.147600616,0.161126537,0.178761139,0.204203707,0.238495246,0.279329831,0.322513616,0.3640329,0.401311998,0.433348375,0.460569314,0.4840684,0.505172187,0.525454156,0.546497213,0.569354482,0.594580041,0.622163447,0.651355322,0.681001071,0.709775284,0.736280107,0.759282778,0.778337878,0.793990426,0.807451779,0.820027423,0.832675957,0.845618551,0.858482633,0.870560696,0.881207914,0.889979267,0.896712547,0.901471079,0.904588228,0.906503185,0.907664906,0.908337277,0.908484737,0.907986842,0.906855771,0.905392247,0.904067936,0.90339048,0.903724804,0.905022853,0.906737647,0.907929882,0.907534811,0.904759545,0.899567299,0.892617233,0.884941652,0.877501549,0.870778986,0.864565692,0.858020537,0.849860792,0.83855336,0.82273887,0.80156435,0.774804566,0.742751394,0.705961434,0.66487315,0.619791239,0.570962355,0.519088454,0.46543693,0.411891138,0.360398841,0.312706274,0.269905257,0.232487531,0.200287215,0.172800077,0.149296291,0.129126911,0.1116878,0.09657352,0.083460973,0.072120522,0.0623032,0.053828431,0.0465087,0.040184131,0.03471962,0.029998211,0.025918851,0.02239423,0.01934891
21,0,0,0,0,0.042625148,0.072931549,0.098680997,0.12224052,0.141079919,0.155845847,0.179328904,0.192932389,0.207361192,0.233992216,0.267274022,0.307196149,0.348054823,0.386182151,0.419836837,0.449588364,0.472300471,0.492209074,0.51440197,0.536378609,0.561004387,0.586359122,0.613915286,0.645089128,0.676230201,0.707194743,0.735688055,0.758794972,0.781797806,0.79972341,0.816839026,0.8285627,0.837042899,0.845748317,0.855809249,0.874487516,0.878792911,0.887031696,0.888475471,0.891616031,0.896633588,0.899367077,0.900944732,0.902475107,0.901849352,0.901674443,0.904213177,0.904600901,0.905757487,0.90524687,0.907160417,0.908384172,0.903633634,0.90200409,0.895853159,0.895371377,0.88866729,0.880424734,0.874035727,0.868921828,0.862118832,0.855863976,0.850989093,0.842499758,0.829434424,0.816127366,0.795190809,0.773370733,0.74084838,0.706102627,0.667259544,0.628247354,0.581625987,0.53740251,0.488193699,0.441859614,0.392908314,0.346101765,0.294263469,0.251528734,0.203141929,0.170863423,0.147623055,0.127679723,0.110436061,0.095491173,0.082525585,0.071312233,0.061604938,0.053225149,0.045987454,0.039733768,0.034330501,0.029662006,0.025628366,0.022143247,0.019132058
22,0,0,0,0,0.039316643,0.076460953,0.103456504,0.128156152,0.147907253,0.163387754,0.185011123,0.197547315,0.210577084,0.236319874,0.26862061,0.307352152,0.347179721,0.384431369,0.417386529,0.446623903,0.469036396,0.48875942,0.510846442,0.532817985,0.557527507,0.583078595,0.610864133,0.642302703,0.673769416,0.705126769,0.734091398,0.757455394,0.780464114,0.798133407,0.81470836,0.825610694,0.833213211,0.840977292,0.850027663,0.867567122,0.870787284,0.878185946,0.8791372,0.882046019,0.887084497,0.89013142,0.892111503,0.89412055,0.894067237,0.894532998,0.897765002,0.898610288,0.899971066,0.899431454,0.901061121,0.901770636,0.89663319,0.894675252,0.888312915,0.887649477,0.880892247,0.872783812,0.866680466,0.862006045,0.855818601,0.850337329,0.846221626,0.838509919,0.826240592,0.813728555,0.79360588,0.772706006,0.741208767,0.70756917,0.669897748,0.632124697,0.586492784,0.543077678,0.494429332,0.448502402,0.399737251,0.352277258,0.298942118,0.254223563,0.203320067,0.16810254,0.1452377,0.125616621,0.108651589,0.093948187,0.081192102,0.07015994,0.0606095,0.052365115,0.04524437,0.039091733,0.033775774,0.029182715,0.025214252,0.021785447,0.018822914
23,0,0,0,0,0.036010049,0.079995377,0.108238803,0.134080197,0.154744297,0.170940388,0.190705114,0.202174623,0.213805949,0.238661925,0.269983387,0.307526499,0.346325201,0.382703274,0.414960781,0.443685677,0.465799854,0.48533845,0.507320901,0.529288657,0.554083406,0.579832396,0.607848994,0.639554203,0.671348473,0.703100559,0.732538293,0.756160794,0.779176773,0.796590774,0.812625981,0.822707517,0.829432691,0.836255774,0.844295992,0.860697539,0.862832519,0.869391389,0.869850114,0.872527335,0.877587036,0.880947617,0.883330299,0.885818199,0.8863374,0.887443943,0.891369499,0.892672458,0.894237536,0.893668892,0.895014739,0.89520999,0.88968528,0.887398789,0.880824638,0.879979481,0.873168697,0.865193919,0.859375906,0.855140742,0.849568562,0.844860647,0.841503979,0.834569543,0.823095597,0.811377938,0.792068052,0.772087255,0.741613387,0.709078083,0.67257623,0.636040229,0.59139518,0.548785964,0.500695254,0.455172797,0.406590912,0.358474559,0.3036392,0.256933899,0.203510349,0.165351317,0.142860691,0.123560736,0.10687336,0.092410599,0.079863285,0.069011678,0.059617544,0.05150809,0.044503885,0.038451945,0.033222988,0.028705101,0.024801587,0.021428899,0.018514852
24,0,0,0,0,0.032707023,0.083541197,0.113036521,0.140023344,0.161603386,0.178517374,0.196425401,0.206829357,0.217063289,0.241035359,0.271381254,0.307740375,0.345514863,0.381023753,0.412587525,0.440803466,0.46262207,0.481978688,0.503859356,0.525826144,0.55070933,0.576659591,0.604910919,0.636886921,0.669012933,0.701163954,0.731078722,0.754962843,0.777989038,0.7951499,0.810647249,0.819909019,0.825757433,0.831640093,0.838670868,0.853936247,0.854985971,0.860705623,0.860671721,0.863117613,0.868199194,0.871873964,0.874659679,0.877626905,0.87871887,0.880466541,0.885086374,0.88684732,0.888616963,0.888019206,0.889081315,0.888762162,0.882849356,0.880233912,0.873447037,0.872419994,0.865554765,0.857712663,0.852179328,0.848383017,0.843425582,0.839490667,0.836892845,0.830735036,0.820055252,0.809130721,0.790631405,0.771567414,0.742113331,0.710678497,0.675341901,0.640038653,0.596375052,0.554566514,0.507027446,0.461903746,0.413498949,0.364719852,0.308376756,0.259678081,0.203726814,0.162620441,0.140501261,0.121520057,0.105108282,0.090884383,0.078544295,0.067871909,0.058632925,0.050657403,0.043768877,0.037816888,0.032674291,0.028231019,0.024391974,0.021074988,0.018209068
25,0,0,0,0,0.02939965,0.087080106,0.117824889,0.145954907,0.168449107,0.186079592,0.202128524,0.211465541,0.22030059,0.243386105,0.272753133,0.307924301,0.344670532,0.379306469,0.410173184,0.43787724,0.459398038,0.478570726,0.500347441,0.522311117,0.547280343,0.573429414,0.601912797,0.634156566,0.666611303,0.699158262,0.729547312,0.753690814,0.776724981,0.793630943,0.808588732,0.817029547,0.822000323,0.826941657,0.83296195,0.847089273,0.84705326,0.851932842,0.851406144,0.853620389,0.858723361,0.862712072,0.865900689,0.869347119,0.871011941,0.873400794,0.878714697,0.880933617,0.882907725,0.882280902,0.883059072,0.882225365,0.875924903,0.872980648,0.865981636,0.864772743,0.857853721,0.850145105,0.844897088,0.841540155,0.837198163,0.834036903,0.832198445,0.826818137,0.816933834,0.806803774,0.789117116,0.770972111,0.742541044,0.712210132,0.678042648,0.64397603,0.601298481,0.560294979,0.513312384,0.468591983,0.42036906,0.370931744,0.313085883,0.262397887,0.203923479,0.159872744,0.138127298,0.119466807,0.103332333,0.089348765,0.07721718,0.066725119,0.05764224,0.049801476,0.043029341,0.037177919,0.032122214,0.027754017,0.023979838,0.020718897,0.017901401
26,0,0,0,0,0.029516904,0.086610529,0.117189522,0.145167849,0.16754075,0.185076163,0.20300281,0.213420792,0.222645306,0.246213417,0.27601119,0.311573952,0.348504723,0.383062015,0.413561268,0.440610239,0.461171984,0.479488269,0.500516527,0.521825648,0.546226998,0.57189405,0.59997707,0.631902545,0.664142607,0.696592095,0.727023081,0.751290087,0.774514295,0.791692892,0.806994422,0.815858179,0.821012838,0.825887712,0.83158641,0.845116981,0.844257989,0.848251859,0.846820962,0.848081529,0.852175622,0.855129911,0.857563456,0.860518969,0.861972157,0.864397392,0.869968488,0.872553515,0.874972476,0.874888463,0.876271426,0.876128536,0.870324551,0.867628188,0.860682363,0.859278222,0.851994786,0.844039099,0.838632721,0.835205008,0.83089849,0.827860911,0.826249199,0.821234167,0.811857323,0.802347797,0.785431849,0.76803944,0.740376213,0.7107893,0.677343551,0.643969438,0.601984698,0.561669168,0.515346299,0.471273163,0.423648546,0.374659427,0.31703505,0.266528351,0.207981771,0.164050796,0.141737063,0.122588907,0.10603278,0.091683772,0.079235144,0.068468888,0.05914864,0.051102969,0.044153853,0.038149513,0.032961683,0.02847933,0.024606517,0.021260356,0.018369229
27,0,0,0,0,0.029642605,0.086165882,0.116587887,0.144422578,0.166680619,0.184126008,0.203935172,0.21543691,0.225053465,0.249110845,0.279347833,0.31531232,0.352438192,0.386926765,0.417067373,0.443469138,0.463077901,0.480543194,0.500829162,0.521489961,0.545330538,0.570523022,0.598213807,0.629830203,0.661864878,0.694226222,0.724707864,0.749105314,0.772526191,0.789982301,0.805631899,0.814921065,0.820261051,0.825070876,0.830449672,0.843387481,0.841705412,0.844814876,0.842479534,0.842786958,0.845873529,0.847794432,0.84947374,0.851939272,0.853181283,0.855643588,0.861473429,0.864425238,0.867289665,0.86774834,0.869736383,0.870284142,0.86497488,0.862525591,0.855630951,0.854031193,0.846381319,0.838176324,0.832610064,0.8291106,0.824838315,0.821923523,0.820538055,0.815886792,0.807014625,0.798122793,0.781972563,0.765327624,0.738424161,0.709572625,0.676838886,0.644147578,0.602843478,0.563204231,0.51752768,0.474089048,0.427048966,0.37849391,0.321074447,0.270734523,0.21209899,0.168275151,0.145386833,0.125745606,0.108763154,0.094044655,0.081275472,0.070231981,0.060671735,0.052418884,0.045290827,0.039131873,0.033810456,0.029212681,0.025240142,0.021807816,0.018842242
28,0,0,0,0,0.029770349,0.085727035,0.115994099,0.143687026,0.165831706,0.183188245,0.204881603,0.217468071,0.22747739,0.252025765,0.282704106,0.31907284,0.356396379,0.390818574,0.420602529,0.446358775,0.465015728,0.481631073,0.501176006,0.521189778,0.544471111,0.569190662,0.596491034,0.627800453,0.65963189,0.691907281,0.722441667,0.746971248,0.770590425,0.788325286,0.80432408,0.814039362,0.819565072,0.824310163,0.82936937,0.841715196,0.839209793,0.84143491,0.838194805,0.837548943,0.839628028,0.840515495,0.841440551,0.843416185,0.844447065,0.846946616,0.853035643,0.856354499,0.859664666,0.860666154,0.863259517,0.864498084,0.859683268,0.857480929,0.850637012,0.848841494,0.840824598,0.832369691,0.826643142,0.823071677,0.818833339,0.816041157,0.814881876,0.81059413,0.802226121,0.793951484,0.778566003,0.762667529,0.736522128,0.708404129,0.676380291,0.644369677,0.603743519,0.564777968,0.519744732,0.476937752,0.430479099,0.382354869,0.325136441,0.274959888,0.216231387,0.172511714,0.149047151,0.128911428,0.111501419,0.096412361,0.083321696,0.07200017,0.062199231,0.053738604,0.046431087,0.040117073,0.034661682,0.029948151,0.025875598,0.022356859,0.019316622
29,0,0,0,0,0.029901545,0.085297839,0.115413369,0.14296765,0.165001462,0.182271105,0.205851811,0.219524834,0.229928203,0.254970556,0.286093918,0.322871203,0.360396749,0.394756481,0.424187063,0.449300508,0.467007447,0.48277444,0.501580311,0.520949115,0.543673668,0.567922946,0.594835888,0.625841804,0.657473572,0.689666671,0.720257315,0.744921879,0.768742128,0.786757869,0.803107814,0.813250475,0.818962608,0.823643486,0.828383567,0.840138612,0.836809294,0.838150004,0.834004444,0.832404881,0.833476359,0.833330125,0.833500765,0.834986552,0.835806345,0.83834344,0.844692444,0.848378857,0.8521353,0.853679909,0.856879106,0.858808867,0.854488123,0.852532569,0.845738611,0.843747059,0.835362092,0.826656218,0.820768666,0.817124766,0.812919902,0.810250053,0.809316909,0.805392318,0.797527691,0.789869522,0.775247302,0.76009374,0.73470368,0.707316262,0.675998915,0.644665574,0.604712951,0.56641688,0.522022035,0.479842035,0.433959703,0.386260948,0.329237079,0.279218215,0.220389995,0.176769523,0.152725824,0.132093126,0.114253416,0.098791941,0.085378182,0.073777226,0.063734387,0.055064941,0.047577066,0.041107214,0.035517176,0.030687309,0.026514241,0.022908655,0.01979338
30,0,0,0,0,0.030033312,0.084869881,0.114834315,0.14225035,0.164173613,0.18135661,0.206825985,0.221586326,0.232384113,0.25792111,0.289490237,0.326676897,0.364405187,0.398703007,0.427780544,0.4522513,0.469008061,0.483926558,0.501993324,0.520717176,0.542885063,0.566664249,0.593190029,0.623892819,0.655325358,0.687436672,0.718084119,0.742884151,0.766905975,0.785203039,0.801904583,0.812475003,0.818373747,0.82299046,0.827411341,0.838575515,0.834421825,0.834877718,0.829826192,0.827272436,0.827335833,0.826155391,0.82557125,0.826566977,0.827175594,0.829750294,0.836359508,0.840413721,0.844616722,0.846704743,0.850510123,0.853131449,0.849304944,0.847596264,0.840852172,0.838664456,0.829911098,0.820953985,0.814905253,0.81118882,0.807017376,0.804469875,0.803762961,0.800201635,0.792840502,0.785798972,0.771940138,0.757531594,0.732896812,0.706239867,0.675628823,0.644972556,0.605693119,0.568066203,0.524309308,0.482755878,0.43744937,0.390175487,0.333345305,0.283483358,0.224554371,0.181032409,0.156408884,0.135278618,0.117008695,0.101174358,0.087437119,0.075556401,0.065271374,0.056392859,0.048724411,0.042098535,0.03637369,0.031427349,0.027153645,0.023461108,0.020270708
31,0,0,0,0,0.030305969,0.085086357,0.115127222,0.142613186,0.164592369,0.181819194,0.206835833,0.221335653,0.232360364,0.258077595,0.289944303,0.327564314,0.365721595,0.400435909,0.429907706,0.454750726,0.471837764,0.486882658,0.504899292,0.523373084,0.54508986,0.568184006,0.594057922,0.624137892,0.654972184,0.686515158,0.716634404,0.741009867,0.764714365,0.782826327,0.799472281,0.810136443,0.816196108,0.821030902,0.825724759,0.837206444,0.833451308,0.834057034,0.828919907,0.826041087,0.825542185,0.823573637,0.822165678,0.822299091,0.822018283,0.823664603,0.829286571,0.83263167,0.836377912,0.838279096,0.842125112,0.845038744,0.841639515,0.840410047,0.834256236,0.832690675,0.824671788,0.816237188,0.810490833,0.806868844,0.802603787,0.799766384,0.798886616,0.795295981,0.788054331,0.781254785,0.767799131,0.753829207,0.729712114,0.703605616,0.673580964,0.643530523,0.604838651,0.56775742,0.524508875,0.483422402,0.438534632,0.391649012,0.33513661,0.285595513,0.226875959,0.183700168,0.158713782,0.137272133,0.118732977,0.1026653,0.088725624,0.076669827,0.066233237,0.057223885,0.049442431,0.042718914,0.036909706,0.031890474,0.027553791,0.02380684,0.020569424
32,0,0,0,0,0.030580938,0.085309467,0.115429102,0.14298714,0.165023955,0.182295951,0.206861938,0.221102446,0.232354888,0.258254328,0.290421044,0.32847725,0.367066412,0.40219984,0.432068111,0.45728525,0.474703823,0.489876265,0.507844196,0.526069446,0.547336934,0.569748034,0.59497229,0.624431968,0.654670593,0.685647853,0.715241404,0.739194326,0.762583443,0.780511775,0.797103464,0.80786218,0.814083202,0.819136399,0.824103531,0.835903546,0.832546565,0.833302133,0.828079024,0.824874999,0.823813903,0.8210573,0.818825628,0.818096961,0.816926938,0.81764525,0.82228067,0.824917103,0.828207,0.829921545,0.83380849,0.83701458,0.834042249,0.833291771,0.827727602,0.826783912,0.819498674,0.811585787,0.806141279,0.802613426,0.798254445,0.795126991,0.794074347,0.790454126,0.78333136,0.7767732,0.763719563,0.750187047,0.726585613,0.701027366,0.671586592,0.642139458,0.604031954,0.567493351,0.524749624,0.484126757,0.439654088,0.393152943,0.336953794,0.287729569,0.229214777,0.186381674,0.161030557,0.13927592,0.120466145,0.104163925,0.090020769,0.077788991,0.067200056,0.058059193,0.050164152,0.04334249,0.037448484,0.032355985,0.027955999,0.024154353,0.02086968
33,0,0,0,0,0.030858072,0.085538673,0.115739234,0.143371313,0.165467336,0.182785739,0.206902886,0.220885132,0.232366089,0.258449575,0.290918574,0.329413659,0.368437423,0.403992441,0.434259286,0.459852312,0.477603633,0.492904697,0.51082522,0.528803263,0.549623041,0.571352779,0.595929256,0.624770824,0.654416018,0.68482985,0.713899888,0.737432034,0.760507484,0.778253492,0.794792112,0.805646146,0.812028952,0.817300891,0.822541624,0.834660781,0.831701669,0.832607117,0.827297661,0.823768236,0.822144934,0.818600163,0.81554471,0.813954005,0.811894782,0.811685239,0.815334553,0.817262588,0.820096426,0.821624475,0.825552622,0.829051369,0.826505676,0.826234081,0.821259091,0.820937134,0.814384942,0.806993143,0.801850058,0.798416076,0.79396287,0.790545173,0.789319595,0.785669532,0.778665125,0.772347855,0.759695253,0.746599126,0.7235116,0.698499709,0.669640637,0.640794629,0.603268695,0.567270039,0.525028005,0.484865777,0.440804972,0.394684923,0.33879496,0.289884039,0.231569787,0.18907626,0.163358633,0.141289482,0.122207767,0.10566986,0.091322231,0.078913614,0.068171591,0.058898575,0.050889393,0.043969108,0.03798989,0.032823767,0.028360169,0.024503561,0.0211714
34,0,0,0,0,0.031136498,0.085771464,0.116054214,0.143761493,0.16591765,0.183283184,0.206952501,0.220677069,0.232387022,0.258655648,0.291428292,0.330363869,0.369823872,0.405801969,0.436468657,0.462438645,0.480523459,0.495953786,0.513827652,0.53155924,0.551932178,0.572981461,0.596911186,0.62513585,0.654188853,0.68404053,0.71258827,0.735700624,0.758463373,0.7760278,0.792514043,0.803463849,0.810008708,0.815499611,0.821014165,0.833452973,0.830891608,0.831946974,0.826550948,0.822695975,0.820510396,0.816177307,0.81229794,0.809845129,0.806896616,0.805759206,0.808422563,0.809642278,0.812020175,0.813361792,0.817331306,0.821122857,0.819003696,0.819210976,0.814824957,0.815124723,0.809305305,0.802434285,0.797592408,0.794252155,0.789704536,0.785996451,0.784597889,0.780917831,0.77403149,0.767954846,0.755702751,0.743042465,0.720467881,0.696001301,0.667722724,0.639476636,0.602530703,0.567070486,0.525328379,0.48562511,0.441974323,0.396233441,0.340650323,0.292050659,0.233934506,0.191778775,0.165693559,0.143308968,0.123954513,0.107180226,0.092627523,0.080041547,0.069145984,0.059740428,0.051616768,0.04459757,0.038532889,0.033292926,0.028765528,0.024853796,0.021474009
35,0,0,0,0,0.031418389,0.086013712,0.116381991,0.144167525,0.166386259,0.183800839,0.207024856,0.220493214,0.232433485,0.258890166,0.291970101,0.331350516,0.371251159,0.407656354,0.438726316,0.465076176,0.483496521,0.499057827,0.516886991,0.534374034,0.5543023,0.574673334,0.597958837,0.625569602,0.654033512,0.683326225,0.711354723,0.734049759,0.756502258,0.773887005,0.790322674,0.80136947,0.808077126,0.81378763,0.819576653,0.832336528,0.830172691,0.831378114,0.825894911,0.821713916,0.818965733,0.813843728,0.809139894,0.805824573,0.801986308,0.799920762,0.801598303,0.802109721,0.804031866,0.80518717,0.809198494,0.81328331,0.811590516,0.812276766,0.808479329,0.809400947,0.804313778,0.797962863,0.79342171,0.790174832,0.785532287,0.781533362,0.779961634,0.776251173,0.769482159,0.763645511,0.751792639,0.739566872,0.71750283,0.693578958,0.665877859,0.638228682,0.601858781,0.566933193,0.525686504,0.486437904,0.443192405,0.397825723,0.342543393,0.294249696,0.236325287,0.194502775,0.168047049,0.14534451,0.125715147,0.1087026,0.093943192,0.081178446,0.070128125,0.060588973,0.052349925,0.045231027,0.039080206,0.033765814,0.02917411,0.025206816,0.021779022
36,0,0,0,0,0.031306615,0.086425657,0.116939378,0.144857985,0.167183131,0.184681114,0.207582016,0.220864718,0.232675812,0.259046515,0.292048443,0.331348722,0.371244742,0.407724224,0.438950644,0.465541471,0.484284002,0.50016418,0.518322251,0.536147133,0.556436034,0.577189472,0.600699391,0.628367107,0.656682898,0.685597818,0.712987333,0.735038473,0.756864247,0.773645934,0.789513139,0.800038371,0.806347318,0.811781671,0.817416619,0.830127738,0.828080169,0.829443241,0.824182,0.820267145,0.81782968,0.813067919,0.808493937,0.805081894,0.800927126,0.798327908,0.799251672,0.798983336,0.800093851,0.800417624,0.803558039,0.806749231,0.804463064,0.80478323,0.800900864,0.801925717,0.797221604,0.791331339,0.787301858,0.78462478,0.780630903,0.777346879,0.776290951,0.772923239,0.76632707,0.760478156,0.748459842,0.736218239,0.714326221,0.690718982,0.663477887,0.636408137,0.60056916,0.566099728,0.525250074,0.486331534,0.443355838,0.398261404,0.343236164,0.295207177,0.237501453,0.195974955,0.169318987,0.146444613,0.126666677,0.109525363,0.094654242,0.081792881,0.07065892,0.061047567,0.052746159,0.045573378,0.039376001,0.034021385,0.029394927,0.025397605,0.021943867
37,0,0,0,0,0.031192114,0.086829935,0.117486392,0.145535595,0.167965172,0.185545007,0.208120845,0.221216762,0.232897667,0.259180093,0.292101133,0.331317841,0.371205736,0.407756289,0.439136394,0.465965808,0.485028817,0.501226411,0.519711733,0.537872823,0.558520509,0.579654454,0.603386682,0.631108911,0.659274124,0.687808786,0.714557038,0.73596247,0.757159723,0.773336993,0.78863445,0.798637296,0.804547057,0.809704836,0.815185244,0.827846501,0.825915357,0.827435927,0.822397067,0.818748645,0.816622051,0.812220882,0.807777129,0.804268683,0.799797838,0.796665278,0.796835331,0.795787413,0.796086357,0.795578732,0.79784813,0.80014559,0.797266366,0.79722049,0.793253553,0.794381531,0.790060814,0.784631626,0.781114072,0.779006918,0.775661936,0.773092962,0.772552828,0.769528094,0.763105316,0.757244652,0.745061983,0.732805622,0.711087515,0.687798923,0.661020133,0.634532075,0.599227065,0.565216728,0.524767619,0.486182492,0.443480319,0.39866204,0.343898669,0.296138558,0.238656542,0.197429646,0.170575815,0.147531649,0.127606904,0.110338352,0.095356846,0.082400016,0.07118341,0.061500713,0.053137685,0.045911662,0.039668283,0.034273921,0.029613121,0.025586128,0.022106752
38,0,0,0,0,0.03108063,0.087242476,0.118044587,0.146227056,0.168763199,0.186426558,0.20867956,0.221589984,0.233141847,0.259338535,0.292181862,0.331318783,0.371202384,0.407827504,0.43936428,0.466434814,0.485820072,0.502336579,0.521150866,0.539649846,0.560658234,0.582174645,0.606131421,0.633910813,0.661928182,0.690085396,0.716195072,0.73695697,0.757527855,0.773102373,0.787831657,0.797313173,0.802824389,0.80770614,0.813032563,0.825645182,0.823830257,0.825508443,0.820691439,0.817309049,0.815493065,0.811452,0.807138024,0.803532856,0.798745562,0.79507946,0.794495956,0.792668501,0.792156052,0.790817133,0.792215892,0.793620007,0.790147559,0.789735704,0.785683829,0.786915022,0.782977216,0.778008498,0.775002439,0.773464901,0.770768373,0.768914071,0.768889584,0.766207475,0.759957438,0.754084464,0.741736299,0.729464006,0.707917694,0.684945452,0.658626311,0.632717293,0.597942762,0.564388169,0.524335646,0.486080165,0.443647364,0.399100884,0.344594077,0.297098205,0.239834336,0.198903028,0.171848791,0.148632651,0.128559211,0.111161788,0.096068477,0.083014953,0.071714639,0.061959682,0.053534242,0.046254293,0.03996432,0.034529701,0.029834118,0.025777072,0.022271731
39,0,0,0,0,0.030967929,0.087651511,0.118598037,0.146912639,0.169554442,0.187300616,0.209229942,0.221954385,0.233376765,0.25948669,0.292251015,0.331306607,0.371184337,0.407882565,0.439574743,0.466885293,0.486591992,0.503426718,0.522569182,0.541405277,0.562773488,0.584671465,0.608851811,0.636687261,0.664555695,0.692334394,0.717804541,0.737922168,0.75786595,0.772837176,0.786997776,0.795957654,0.801070158,0.805675724,0.81084797,0.823411459,0.821712809,0.823548525,0.818953538,0.815837281,0.81433194,0.810651091,0.806467048,0.802765311,0.7976618,0.793462368,0.792125428,0.789518607,0.78819489,0.786024837,0.786553014,0.787063842,0.782998383,0.782220613,0.778083972,0.779418317,0.775863528,0.771355419,0.768860908,0.767892975,0.765844923,0.764705275,0.765196369,0.762856947,0.756779878,0.750894827,0.738381677,0.72609394,0.704720253,0.68206523,0.656206722,0.630877696,0.596634952,0.563537372,0.52388297,0.485958608,0.443796824,0.399523873,0.345275753,0.298045967,0.241002484,0.200368346,0.173114801,0.149727628,0.129506307,0.111980717,0.096776213,0.083626524,0.072242961,0.062416139,0.053928629,0.046595048,0.040258737,0.034784081,0.030053906,0.025966972,0.022435807
40,0,0,0,0,0.030861831,0.088079264,0.119176813,0.147629595,0.170381894,0.188214672,0.209824986,0.222366154,0.233661481,0.25969021,0.292382518,0.331365111,0.371245476,0.408024645,0.439878993,0.467435397,0.487467756,0.504624305,0.524099046,0.543276289,0.565008899,0.58729313,0.611702215,0.639599663,0.667325101,0.694731194,0.719567219,0.739044835,0.758365741,0.772736842,0.786331753,0.794771881,0.799486746,0.803817096,0.808836262,0.821353299,0.819770567,0.821764211,0.817390271,0.814539495,0.813344488,0.810023088,0.80596809,0.802168992,0.796748159,0.792014477,0.789923781,0.786537003,0.784401698,0.781400011,0.781057679,0.780675288,0.776015924,0.774872056,0.770649763,0.77208755,0.768915037,0.764866595,0.762883124,0.762484614,0.761084633,0.760659427,0.761666232,0.759669012,0.753763622,0.747865238,0.735184427,0.722878624,0.701673009,0.679330387,0.653927015,0.629172604,0.595454367,0.56280676,0.523542037,0.485940718,0.444040969,0.400032114,0.34603112,0.299057356,0.2422221,0.201876478,0.174417801,0.150854597,0.130481074,0.112823572,0.097504628,0.084255964,0.072786719,0.062885932,0.054334539,0.04694576,0.040561757,0.035045894,0.030280116,0.02616242,0.022604677
41,0,0,0,0,0.030572331,0.087769639,0.118757872,0.147110633,0.169782951,0.187553041,0.209690284,0.222534603,0.233856504,0.259920706,0.292598567,0.331516432,0.371339773,0.408067453,0.439876391,0.467394261,0.487395877,0.504579536,0.524139974,0.543464806,0.565413088,0.587988155,0.612716977,0.640971642,0.669090295,0.696928438,0.722230593,0.741968232,0.761342199,0.775525294,0.788696052,0.796456626,0.800515681,0.804226718,0.808665297,0.820634569,0.818556657,0.820171484,0.815552368,0.81257402,0.811365761,0.808152624,0.804253356,0.800654311,0.795480285,0.79103493,0.789272476,0.786002123,0.783772429,0.780471422,0.779625032,0.77854078,0.7731797,0.771312802,0.766375172,0.767059623,0.763158458,0.758631658,0.756385172,0.755933021,0.754705433,0.754658569,0.756099082,0.754625852,0.749337054,0.744122151,0.732222936,0.72050124,0.699715762,0.677607801,0.652268362,0.627408469,0.593755975,0.561305804,0.522376871,0.485213722,0.443848573,0.400230403,0.34648254,0.29965548,0.242846876,0.202486785,0.174945096,0.151310656,0.130875541,0.113164657,0.097799401,0.084510684,0.073006766,0.063076047,0.054498801,0.047087685,0.040684382,0.035151844,0.030371658,0.026241514,0.022673015
42,0,0,0,0,0.030278087,0.087446361,0.118320455,0.146568786,0.169157596,0.186862234,0.209522926,0.222668378,0.234015089,0.260110702,0.292769026,0.331616104,0.37137622,0.408046695,0.439805269,0.467280321,0.48724808,0.50445617,0.524099254,0.543568656,0.565729178,0.588591548,0.613636238,0.642243696,0.670751163,0.699016993,0.724781312,0.744775883,0.76419989,0.778192781,0.790937358,0.798017208,0.801419859,0.804511042,0.808368376,0.819788051,0.81721531,0.818451091,0.813587533,0.810482084,0.809260763,0.806156383,0.802413444,0.799015,0.794088572,0.789932221,0.788498263,0.785344838,0.783021108,0.779421312,0.778071026,0.776285122,0.770223203,0.767633608,0.761981451,0.761912503,0.757283336,0.75227891,0.749769774,0.749264056,0.748209043,0.748540505,0.750414478,0.749465435,0.744794019,0.74026337,0.729147558,0.718011761,0.697649633,0.675779764,0.650508201,0.625546705,0.591965192,0.559717501,0.521130401,0.484411186,0.443587049,0.400366336,0.346879962,0.300206891,0.243433786,0.203065516,0.175445109,0.151743119,0.131249598,0.113488095,0.098078923,0.084752225,0.073215428,0.063256326,0.054654565,0.047222267,0.040800663,0.035252312,0.030458463,0.026316515,0.022737817
43,0,0,0,0,0.029985863,0.087128838,0.117890827,0.146036587,0.168543376,0.186183727,0.209369271,0.222816669,0.234188925,0.260317649,0.292958571,0.331737409,0.371436905,0.408052576,0.439762868,0.467196902,0.487132112,0.504365754,0.524092753,0.543707974,0.566082152,0.589233275,0.614595419,0.643557487,0.672455569,0.701150869,0.727378964,0.747631734,0.767107043,0.780910671,0.793229962,0.799629653,0.802376219,0.80484784,0.808124269,0.818995173,0.81592751,0.816784381,0.8116761,0.808443365,0.807208904,0.804213063,0.800626185,0.797428092,0.792748903,0.788881242,0.787775638,0.784738917,0.782321013,0.778422237,0.776568041,0.774080473,0.767317424,0.764005069,0.757638124,0.756815884,0.75145852,0.745976214,0.743204302,0.742644992,0.74176246,0.742472213,0.744779705,0.744354709,0.740300277,0.736453485,0.726120235,0.715569523,0.695629353,0.673996112,0.648790766,0.623726053,0.590213317,0.558165971,0.519918136,0.483640391,0.44335452,0.400528385,0.347299969,0.300777818,0.244036501,0.203657416,0.175956501,0.152185424,0.131632168,0.113818893,0.098364806,0.084999263,0.073428838,0.063440707,0.054813874,0.047359911,0.040919589,0.035355066,0.030547244,0.026393223,0.022804093
44,0,0,0,0,0.029691724,0.086805675,0.117453567,0.145494934,0.167918244,0.185493167,0.20920197,0.222950392,0.234347448,0.260507572,0.293128963,0.331837039,0.371473334,0.408031818,0.439691765,0.467082996,0.486984361,0.504242425,0.524052039,0.543811778,0.566398119,0.58983644,0.615514337,0.644829071,0.674115824,0.703238656,0.729928746,0.750438356,0.769963687,0.783577179,0.795470444,0.801189657,0.803280057,0.805132048,0.807827443,0.818148948,0.814586636,0.815064599,0.809711963,0.806352174,0.805104655,0.802217531,0.798786926,0.795789362,0.791357681,0.787778919,0.787001693,0.784081857,0.781569951,0.777372495,0.775014585,0.77182562,0.764361985,0.760327194,0.753245982,0.751670616,0.745585514,0.739625755,0.736591289,0.735978431,0.735268411,0.736356353,0.739097148,0.73919615,0.735758875,0.732596089,0.72304596,0.713080934,0.693563961,0.672168726,0.647031233,0.621864953,0.588423174,0.556578234,0.51867211,0.482838138,0.443093084,0.400664262,0.347697241,0.301329025,0.244623195,0.204235934,0.17645633,0.152617728,0.132006088,0.114142212,0.098644225,0.085240716,0.073637423,0.06362092,0.05496958,0.047494444,0.041035827,0.035455497,0.030634018,0.026468197,0.022868872
45,0,0,0,0,0.029402043,0.08649551,0.117033895,0.144975067,0.167318256,0.184830383,0.209065955,0.223117437,0.234540995,0.260736428,0.293343167,0.331986272,0.371565294,0.408072062,0.4396864,0.467038925,0.486909423,0.504194487,0.524089673,0.543996873,0.566798742,0.590527746,0.616525214,0.646196973,0.675876751,0.705431442,0.732587488,0.753356986,0.772935255,0.786360659,0.797829702,0.802869337,0.804303926,0.805536603,0.807651404,0.817425089,0.813367627,0.813466777,0.807869003,0.804381665,0.803120903,0.800342058,0.797067202,0.794269706,0.790084856,0.786794439,0.786345453,0.783542059,0.780935781,0.776439036,0.773577092,0.769686298,0.761521007,0.756763224,0.748966731,0.746638052,0.739824349,0.733386277,0.730088819,0.729422325,0.7288847,0.730350971,0.73352545,0.734148431,0.73132776,0.728848463,0.720079977,0.71069911,0.691602389,0.670441946,0.645368542,0.620096941,0.586721113,0.555073806,0.517503704,0.48210812,0.442897906,0.40086003,0.348146468,0.301925244,0.245246422,0.204844947,0.176982507,0.153072821,0.132399718,0.114482574,0.098938373,0.085494896,0.073857003,0.063810631,0.055133495,0.047636068,0.041158192,0.035561222,0.030725366,0.026547122,0.022937065
46,0,0,0,0,0.029428221,0.08606967,0.116457706,0.144261317,0.166494505,0.183920415,0.208321572,0.222467964,0.234034041,0.26030693,0.292998786,0.331747515,0.371406788,0.407971172,0.439619216,0.466979907,0.486832546,0.504102851,0.5239854,0.543882492,0.566676214,0.590399569,0.616442196,0.646215607,0.676060884,0.705852088,0.733321307,0.754434607,0.774391477,0.78821971,0.800121547,0.805608357,0.807264689,0.808499364,0.810397353,0.819751537,0.815008132,0.814471211,0.80827383,0.80423472,0.802465983,0.799224508,0.795604772,0.792576236,0.788275785,0.784977818,0.784622654,0.781962287,0.779541766,0.775276208,0.772684396,0.769105948,0.761057726,0.756221511,0.748162291,0.745383968,0.737954013,0.730910373,0.727005959,0.725726271,0.724577874,0.725423339,0.728175468,0.728601632,0.725816208,0.723573752,0.715287734,0.706441264,0.687980449,0.667503197,0.643162813,0.618654948,0.585846521,0.554560955,0.517171507,0.481785712,0.44243814,0.400440444,0.347927267,0.302028421,0.245765053,0.205908729,0.177901596,0.153867744,0.133087284,0.115077094,0.099452171,0.08593888,0.07424055,0.064142007,0.055419809,0.047883447,0.041371931,0.035745895,0.030884926,0.026684984,0.023056179
47,0,0,0,0,0.029450911,0.085633582,0.115867651,0.143530389,0.165650929,0.182988547,0.207552409,0.221792042,0.233499279,0.259846514,0.292619617,0.331469381,0.371204209,0.407821876,0.439499875,0.466865487,0.48669791,0.503951406,0.523818959,0.543703581,0.566486452,0.590201343,0.616286044,0.646157583,0.676164833,0.706189039,0.7339682,0.755422828,0.775755967,0.789985424,0.802318682,0.808252056,0.810129955,0.811366481,0.813047413,0.821980949,0.816552101,0.815379116,0.80858281,0.803992357,0.801715811,0.798012047,0.794047831,0.790788593,0.786373041,0.783067914,0.782806622,0.780289612,0.778055152,0.774021307,0.771699958,0.76843431,0.760504121,0.75559004,0.747269027,0.744041348,0.735995968,0.728347541,0.723836578,0.721943794,0.720184707,0.72040921,0.722738623,0.722967903,0.72021806,0.718212731,0.710410209,0.702099232,0.68427657,0.664485,0.64088059,0.617139436,0.584902353,0.553982273,0.516777929,0.481406122,0.441925848,0.399973318,0.347666772,0.302095779,0.246254576,0.206948179,0.178799664,0.154644486,0.133759124,0.115658016,0.099954217,0.086372709,0.074615325,0.064465803,0.055699574,0.048125168,0.041580781,0.035926345,0.031040837,0.026819693,0.023172569
48,0,0,0,0,0.029472475,0.085194255,0.115273214,0.142794034,0.164801089,0.182049759,0.206775378,0.221107703,0.232955642,0.259376214,0.292229308,0.331178619,0.37098748,0.407657029,0.439363773,0.46673326,0.486544712,0.503780742,0.523632541,0.543503936,0.566275088,0.58998061,0.616106386,0.646074908,0.676242975,0.706499022,0.734587044,0.756382158,0.777090765,0.791720875,0.804485055,0.810864738,0.812964117,0.814202446,0.815666273,0.824178847,0.81806481,0.816255848,0.808860917,0.803719332,0.800935098,0.796769218,0.792460695,0.788970896,0.784440418,0.781128258,0.780960842,0.778587275,0.776538948,0.772736956,0.770686139,0.767733395,0.759921535,0.754929781,0.746347309,0.742670427,0.73400997,0.725757088,0.72063979,0.718134023,0.715764353,0.715367928,0.717274566,0.717306966,0.714592805,0.712824665,0.705505903,0.697730701,0.680546829,0.661441651,0.638574065,0.615600477,0.583935931,0.55338249,0.516364659,0.481008189,0.441396728,0.399490961,0.347393029,0.302151605,0.24673467,0.207979664,0.179690849,0.155415275,0.134425815,0.116234486,0.100452415,0.086803214,0.074987228,0.064787118,0.055977196,0.048365037,0.041788031,0.036105411,0.031195552,0.02695337,0.023288068
49,0,0,0,0,0.02949319,0.084752541,0.114675548,0.142053678,0.16394663,0.18110587,0.205992515,0.220417106,0.23240539,0.25889853,0.291830661,0.330878386,0.370760128,0.4074805,0.439215074,0.46658765,0.486377566,0.503595637,0.523431114,0.543288713,0.566047493,0.589742967,0.615909064,0.645973695,0.676301691,0.706788679,0.735184715,0.757319644,0.778403072,0.793433364,0.806628041,0.813453789,0.815774559,0.817014655,0.818261363,0.826352788,0.81955383,0.817109028,0.809115763,0.803423269,0.800131493,0.795503679,0.790851019,0.787130789,0.782485532,0.779166435,0.779092886,0.776862813,0.775000653,0.771430591,0.76965033,0.767010532,0.759317209,0.754247936,0.745404286,0.741278368,0.732003165,0.723146145,0.71742274,0.714304143,0.711324041,0.710306782,0.711790646,0.711626191,0.708947787,0.707416854,0.700581998,0.693342722,0.676798049,0.658379718,0.636249515,0.61404405,0.582952872,0.5527669,0.515936619,0.480596498,0.440855005,0.398997199,0.347109348,0.302198749,0.247207616,0.209005039,0.180576755,0.156181499,0.135088557,0.116807542,0.100947663,0.087231168,0.075356927,0.065106529,0.056253173,0.048603485,0.041994053,0.036283417,0.031349352,0.027086254,0.023402882
50,0,0,0,0,0.029514714,0.084313222,0.114081121,0.141317335,0.163096805,0.180167099,0.205215432,0.219732676,0.231861616,0.258428044,0.291440108,0.330587311,0.370543022,0.407315222,0.439078496,0.466454916,0.486223843,0.503424432,0.523244137,0.543088487,0.565835525,0.589521605,0.615728738,0.645890293,0.676379033,0.70709777,0.73580256,0.758277868,0.77973665,0.795167482,0.808792961,0.816064903,0.818607097,0.819848995,0.820878648,0.828549204,0.821065228,0.817984605,0.809392867,0.803149381,0.799350042,0.794260229,0.78926335,0.785312618,0.780552469,0.777226344,0.777246649,0.775159986,0.773483917,0.770145656,0.768635865,0.766308898,0.758733885,0.753586964,0.744481928,0.739906919,0.730016798,0.720555479,0.714225891,0.710494461,0.706903927,0.70526589,0.706327077,0.70596579,0.703323063,0.702029264,0.69567806,0.688974439,0.673068421,0.655336338,0.633942808,0.612504752,0.581986007,0.552166623,0.515522852,0.480198104,0.440325502,0.398514497,0.34683527,0.302254212,0.247687309,0.210036035,0.181467518,0.156951923,0.135754932,0.117383739,0.101445625,0.087661469,0.075728654,0.065427691,0.056530663,0.04884324,0.042201205,0.036462399,0.031503994,0.027219867,0.023518325
51,0,0,0,0,0.029517496,0.084387447,0.114181552,0.141441744,0.163240386,0.180325708,0.204821395,0.219020423,0.231144726,0.257655367,0.290657368,0.329844924,0.369815667,0.406586413,0.438333371,0.46567609,0.485398452,0.502586411,0.52241941,0.5423089,0.565131482,0.588930348,0.615234707,0.64547697,0.676031604,0.706799362,0.735534802,0.758088708,0.779675214,0.79528547,0.809142911,0.816697438,0.819552511,0.821138574,0.822545208,0.830643643,0.823583519,0.820723429,0.812118794,0.80565834,0.80144097,0.795725174,0.790142394,0.785646504,0.780380622,0.776588075,0.776176243,0.773767353,0.771874351,0.768426926,0.766906233,0.764670559,0.75723877,0.752269551,0.743386843,0.739064437,0.729468581,0.720121635,0.713732028,0.709771089,0.705786496,0.703589048,0.704099623,0.703205799,0.700055223,0.698263128,0.691458536,0.684497915,0.668584172,0.651038867,0.63002771,0.60913326,0.579213568,0.549991289,0.513968886,0.479254387,0.439989563,0.398567565,0.347079361,0.302524772,0.24783455,0.209945949,0.181389685,0.156884605,0.135696706,0.117333392,0.101402114,0.08762387,0.075696173,0.065399629,0.056506416,0.048822291,0.042183104,0.03644676,0.031490482,0.027208193,0.023508238
52,0,0,0,0,0.029516649,0.084451305,0.114267956,0.141548776,0.163363914,0.180462165,0.204402158,0.218281203,0.230399379,0.256850971,0.289838853,0.329061948,0.36904281,0.405807583,0.437534322,0.464839977,0.484513348,0.501686563,0.52153042,0.541462606,0.564357932,0.588266668,0.614665026,0.644984286,0.675601062,0.706414062,0.735176623,0.757806359,0.779517946,0.795305718,0.809393433,0.817229635,0.820397258,0.822327313,0.824110779,0.832636127,0.826000749,0.823361558,0.814745084,0.808068441,0.80343353,0.797092414,0.79092438,0.785883849,0.780112848,0.775854315,0.775010367,0.772279525,0.77016981,0.766613636,0.765082228,0.762938128,0.755650487,0.750859593,0.742200317,0.738131062,0.728830671,0.719599254,0.713150408,0.708960433,0.704582245,0.701825619,0.701785483,0.700359197,0.696701126,0.694410924,0.687153749,0.679936968,0.664017455,0.646661097,0.626034919,0.605686681,0.576369758,0.547748213,0.512351647,0.478251703,0.439599524,0.398571649,0.34728081,0.302758167,0.24795134,0.209830054,0.181289553,0.156798001,0.135621798,0.117268621,0.101346138,0.087575499,0.075654387,0.065363527,0.056475223,0.048795339,0.042159818,0.03642664,0.031473098,0.027193173,0.023495261
53,0,0,0,0,0.029513807,0.084509445,0.114346623,0.141646224,0.163476381,0.180586403,0.203969154,0.217527317,0.229638549,0.256029309,0.289000843,0.328256821,0.368245099,0.405001414,0.436705791,0.463972541,0.483595596,0.500752909,0.520606279,0.54057981,0.563546323,0.587563297,0.614053858,0.644448055,0.675124897,0.70598105,0.734768782,0.757472811,0.779307994,0.795272192,0.8095892,0.817706512,0.821186431,0.823460305,0.825620436,0.834572067,0.828361831,0.82594369,0.81731596,0.810423606,0.805371521,0.798405592,0.791652793,0.78606803,0.779792363,0.775068191,0.773792239,0.770739669,0.76841341,0.764748743,0.763206723,0.76115433,0.754011312,0.749399044,0.74096376,0.737147898,0.728143563,0.719028285,0.712520645,0.708101945,0.703330507,0.70001496,0.699424184,0.6974656,0.693300344,0.690512251,0.682803041,0.67533062,0.659406414,0.642240152,0.622000301,0.602199581,0.573487333,0.545468384,0.51069997,0.477216809,0.439179812,0.398548785,0.347458753,0.302971063,0.248051351,0.209699986,0.181177177,0.156700806,0.135537729,0.11719593,0.101283316,0.087521214,0.075607491,0.06532301,0.056440216,0.048765092,0.042133684,0.03640406,0.031453589,0.027176317,0.023480697
54,0,0,0,0,0.029511965,0.084570439,0.114429151,0.141748456,0.163594368,0.180716739,0.203543128,0.21678092,0.228885618,0.255216451,0.288172757,0.327462942,0.367459989,0.404209092,0.435892185,0.463120959,0.482694371,0.499836365,0.519699921,0.539715467,0.562753933,0.586879942,0.613463589,0.643933741,0.674671676,0.705572021,0.734385897,0.757164974,0.779124474,0.795265612,0.809812361,0.818211013,0.822003297,0.824621011,0.827157821,0.83653597,0.830750599,0.828553391,0.819914115,0.812805851,0.807336487,0.799745607,0.792407908,0.78627881,0.779498345,0.774308447,0.772600516,0.769226167,0.766683319,0.762910051,0.761357369,0.7593966,0.752397939,0.747964113,0.739752498,0.736189862,0.727481231,0.718481764,0.711915118,0.707267579,0.702102793,0.698228301,0.697086953,0.694596088,0.689923587,0.686637588,0.678476154,0.670747879,0.654818442,0.637841664,0.617987393,0.598733434,0.570624794,0.543207395,0.509065856,0.476198245,0.438775044,0.398539425,0.347648439,0.303194188,0.248159749,0.209577042,0.181070956,0.156608935,0.135458266,0.11712722,0.101223935,0.087469902,0.075563163,0.065284712,0.056407126,0.048736502,0.042108982,0.036382717,0.031435148,0.027160384,0.023466931
55,0,0,0,0,0.02951098,0.084633882,0.114514994,0.141854793,0.163717094,0.180852309,0.203123052,0.216040889,0.228139404,0.254411081,0.287353116,0.326678646,0.366685623,0.403428582,0.435091312,0.462282906,0.481807247,0.498934422,0.518808739,0.538866876,0.561977958,0.586213691,0.612891187,0.643438171,0.674238088,0.705183517,0.73402437,0.756879151,0.778963592,0.795282122,0.810059013,0.818739222,0.822843951,0.825805549,0.828719075,0.838523974,0.833163258,0.831186898,0.822535827,0.815211467,0.809324704,0.801108713,0.793185957,0.786512399,0.779226987,0.773571257,0.771431339,0.767735143,0.764975653,0.761093685,0.759530298,0.757661086,0.750806565,0.746551035,0.738562831,0.735253291,0.726840083,0.717956155,0.71133032,0.706453829,0.700895582,0.696462086,0.694770185,0.691747017,0.686567185,0.682783232,0.67416938,0.666185052,0.650249921,0.633462117,0.613992812,0.595285002,0.567779095,0.540962394,0.507446677,0.475193605,0.438383054,0.398541637,0.3478482,0.303426095,0.248275342,0.209460195,0.180970002,0.156521619,0.135382743,0.117061917,0.101167499,0.087421134,0.075521034,0.065248313,0.056375677,0.04870933,0.042085505,0.036362432,0.031417622,0.027145241,0.023453847
56,0,0,0,0,0.029515797,0.084647696,0.114533685,0.141877947,0.163743816,0.180881829,0.203246675,0.216218725,0.228135545,0.25426125,0.28699459,0.326034772,0.365836366,0.402464237,0.434110976,0.461387464,0.48110473,0.498325023,0.518185358,0.5381227,0.560995471,0.584867193,0.61128634,0.64168584,0.672472278,0.703554737,0.732704959,0.755844382,0.778171491,0.794689448,0.809612478,0.818383726,0.822609311,0.825719724,0.828810018,0.838822632,0.833692952,0.831989639,0.823643687,0.816662445,0.811158374,0.803356084,0.795642618,0.788980909,0.781508483,0.775478183,0.772782373,0.768558301,0.765303647,0.760958219,0.758962739,0.756692534,0.749546019,0.74509476,0.737015487,0.733699391,0.725381456,0.716629825,0.710167338,0.705486657,0.700160376,0.695992966,0.694409678,0.691341477,0.685964801,0.681831208,0.672727008,0.66429049,0.647967622,0.630839929,0.611085919,0.592132197,0.564586972,0.537875932,0.504638875,0.4727778,0.436486679,0.397180824,0.347054549,0.303178051,0.248565445,0.210306634,0.181701311,0.157154131,0.135929831,0.11753497,0.101576322,0.087774407,0.075826218,0.065511985,0.056603494,0.048906167,0.042255574,0.036509375,0.031544582,0.027254936,0.023548625
57,0,0,0,0,0.029515829,0.084647786,0.114533807,0.141878098,0.163743991,0.180882022,0.203337359,0.216361528,0.228094692,0.254070165,0.286589467,0.325337922,0.364927647,0.40143447,0.433060083,0.460417058,0.480324083,0.497634717,0.517477846,0.53729114,0.559921852,0.583425631,0.609582103,0.639829167,0.670597131,0.701811601,0.731266515,0.754686877,0.777253073,0.793967811,0.809034584,0.817895463,0.822241239,0.825499988,0.828766577,0.838985317,0.834087543,0.832657597,0.824618169,0.817981233,0.812860808,0.805473553,0.797970661,0.791321885,0.783663626,0.777259672,0.774008315,0.769256966,0.765507593,0.760699334,0.758272016,0.755601117,0.74816372,0.743517422,0.735348376,0.732026261,0.723804962,0.715187069,0.708889005,0.704404924,0.699311512,0.695410907,0.693936507,0.690823763,0.685251082,0.680768463,0.671175311,0.662287896,0.645579875,0.628115015,0.608079456,0.588882854,0.561302771,0.534701742,0.501748779,0.470284933,0.434519213,0.395755381,0.346204489,0.302880803,0.248815288,0.211119109,0.182403275,0.157761262,0.136454967,0.117989041,0.10196874,0.088113505,0.076119157,0.065765077,0.056822169,0.049095105,0.04241882,0.036650421,0.031666448,0.02736023,0.0236396
58,0,0,0,0,0.029514926,0.084645197,0.114530303,0.141873757,0.163738981,0.180876487,0.203421603,0.216497477,0.228046618,0.25387104,0.286175282,0.324630792,0.3640074,0.400392025,0.431995511,0.459432103,0.479528251,0.496928676,0.516753971,0.536442595,0.558830538,0.581965641,0.607858617,0.637952291,0.668700808,0.700046296,0.729804962,0.753505513,0.776310073,0.793221057,0.808431093,0.81738132,0.821847145,0.825254122,0.828696899,0.839121434,0.834455714,0.833299173,0.825566514,0.819274084,0.814537457,0.807565458,0.800273372,0.793637738,0.785793893,0.7790165,0.775209716,0.769931256,0.765687297,0.760416373,0.757557305,0.75448581,0.746757775,0.74191659,0.733658032,0.730330003,0.722205598,0.713721712,0.707588266,0.703300922,0.698440533,0.694806849,0.693441379,0.690284192,0.684515688,0.679684196,0.66960241,0.660264392,0.643171759,0.625370294,0.605053829,0.585614962,0.558000896,0.531510717,0.498842883,0.46777725,0.432538048,0.39431745,0.345343493,0.302573975,0.249057246,0.211924875,0.183099443,0.158363381,0.136975767,0.118439363,0.102357919,0.088449802,0.076409676,0.066016078,0.057039039,0.049282484,0.042580717,0.036790303,0.031787308,0.027464654,0.023729824
59,0,0,0,0,0.029514675,0.084644477,0.11452933,0.141872552,0.16373759,0.180874951,0.203510339,0.216638204,0.228003585,0.253677534,0.285767437,0.323930864,0.363095233,0.399358468,0.430940526,0.458457339,0.478743047,0.496233644,0.516041543,0.535605936,0.557751615,0.580518568,0.606148631,0.636089585,0.666819336,0.69829653,0.728359593,0.752340845,0.775384265,0.792491861,0.807845489,0.816885259,0.821471228,0.825026501,0.828645535,0.839276088,0.834842311,0.833959137,0.826533064,0.820584989,0.816232039,0.809675126,0.802593676,0.795971037,0.787941442,0.780790474,0.7764282,0.770622532,0.765883914,0.760150226,0.756859362,0.753387219,0.745368386,0.740332216,0.731983966,0.72864995,0.720622256,0.712272184,0.706303214,0.702212504,0.697585022,0.694218167,0.692961594,0.689759896,0.68379545,0.67861499,0.668044367,0.658255558,0.640777949,0.6226395,0.602041691,0.582360139,0.554711481,0.528331561,0.495948124,0.465280002,0.430566519,0.392888289,0.344490162,0.302273845,0.249304698,0.212735293,0.183799631,0.158968976,0.137499574,0.118892285,0.102749344,0.088788042,0.076701873,0.066268529,0.057257161,0.049470944,0.042743549,0.036930992,0.031908865,0.027569681,0.023820569
60,0,0,0,0,0.029515107,0.084645718,0.114531008,0.141874631,0.163739989,0.180877601,0.203603787,0.216783948,0.22796583,0.253489899,0.285366205,0.323238431,0.362191467,0.39833415,0.429895512,0.457493183,0.477968922,0.495550096,0.515341059,0.534781673,0.556685599,0.579084926,0.604452668,0.634241595,0.664953291,0.696562921,0.726931078,0.751193588,0.774476403,0.791781008,0.807278586,0.816408107,0.821114327,0.824817981,0.828613356,0.839450174,0.835248238,0.834638414,0.827518757,0.8219149,0.81794553,0.811803553,0.804932577,0.79832278,0.790107246,0.782582536,0.777664668,0.771331655,0.766098264,0.759901677,0.756178938,0.752306064,0.743996245,0.738764972,0.730326837,0.726986756,0.719055588,0.710839138,0.705034506,0.701140337,0.696745656,0.693645555,0.69249785,0.689251567,0.683091038,0.67756149,0.666501781,0.656261952,0.63839896,0.619923104,0.599043473,0.57911878,0.551434888,0.525164619,0.49306483,0.462793511,0.428604946,0.391468215,0.343644802,0.301980711,0.249557924,0.213550642,0.184504078,0.159578254,0.138026567,0.119347962,0.10314315,0.089128339,0.076995848,0.066522516,0.05747661,0.049660551,0.042907372,0.037072537,0.032031162,0.027675347,0.023911866
61,0,0,0,0,0.029519896,0.08465945,0.114549589,0.141897648,0.163766554,0.180906946,0.203636819,0.216819118,0.22804311,0.253606558,0.285535727,0.323477078,0.362433694,0.39850831,0.429926209,0.457303529,0.477483655,0.494877777,0.514584034,0.534047902,0.556085336,0.578741323,0.604188581,0.633862481,0.66424373,0.695282428,0.724818036,0.748493947,0.771449833,0.788728782,0.804503193,0.814238315,0.819472703,0.823612122,0.827747118,0.838821193,0.834769283,0.834313286,0.827355285,0.821917075,0.818118216,0.812150984,0.805502541,0.79916262,0.791261122,0.784096138,0.779588688,0.77347348,0.768274052,0.76192532,0.757877138,0.753501899,0.744712173,0.739034267,0.730178467,0.726448574,0.718159286,0.709681252,0.703702575,0.699718077,0.695319012,0.69229526,0.691254213,0.688152642,0.682175073,0.676861033,0.666054674,0.655929233,0.638049969,0.619429785,0.598287522,0.577986829,0.550007245,0.523501022,0.491243953,0.46086564,0.426639265,0.389613295,0.342067802,0.300752432,0.248799959,0.213287577,0.184276794,0.159381676,0.137856537,0.119200942,0.103016092,0.089018545,0.076901,0.06644057,0.057405807,0.049599376,0.042854516,0.037026868,0.031991704,0.027641255,0.02388241
62,0,0,0,0,0.029519827,0.084659252,0.114549322,0.141897316,0.163766171,0.180906523,0.203636343,0.216818611,0.228082873,0.253681499,0.285658284,0.323662528,0.362616313,0.398616914,0.429886157,0.457038584,0.47691973,0.494123907,0.513742201,0.533226124,0.55539346,0.57830242,0.603825019,0.633378991,0.66342474,0.693887306,0.722585371,0.745670693,0.768295818,0.785546264,0.801594957,0.811934174,0.817695954,0.822270526,0.826744516,0.838054064,0.834152871,0.833850801,0.827055626,0.821783986,0.81815629,0.812364812,0.805940032,0.799871074,0.792284963,0.785480941,0.781384718,0.775488354,0.770323751,0.763823894,0.759450883,0.75457392,0.745305655,0.73918198,0.729909905,0.725790753,0.717144652,0.708406387,0.702254622,0.698180434,0.693777709,0.690830817,0.689896615,0.686940291,0.681146693,0.676049072,0.665497882,0.655488513,0.637595917,0.618834445,0.597432988,0.576759578,0.548488858,0.521751005,0.489341939,0.458861616,0.424603056,0.387693958,0.340434255,0.29947446,0.248000927,0.212989368,0.184019147,0.159158836,0.137663793,0.119034281,0.10287206,0.088894084,0.07679348,0.066347676,0.057325545,0.049530028,0.042794599,0.036975099,0.031946974,0.027602608,0.023849018
63,0,0,0,0,0.029519294,0.084657725,0.114547255,0.141894756,0.163763216,0.180903259,0.203632669,0.2168147,0.228119053,0.253752454,0.285776353,0.323842892,0.362793233,0.398719256,0.429839354,0.456766467,0.476348327,0.493362292,0.512892317,0.532395989,0.554692876,0.577854443,0.603451981,0.632885563,0.662595348,0.692481316,0.720341404,0.742835786,0.765129803,0.782351475,0.798674192,0.809617329,0.8159064,0.820916044,0.825728952,0.83727379,0.833523371,0.83337523,0.826742985,0.821637994,0.818181514,0.812565878,0.806364857,0.800566952,0.793296341,0.786853381,0.783168439,0.777491009,0.772361311,0.765710434,0.761012669,0.755634068,0.74588742,0.739318081,0.729629886,0.725121547,0.716118775,0.707120423,0.700795669,0.696631859,0.692225543,0.689355554,0.688528211,0.685717177,0.680107637,0.67522651,0.664930649,0.655037507,0.63713186,0.618229399,0.596569089,0.575523293,0.546961888,0.51999283,0.48743228,0.456850426,0.422560221,0.385768572,0.338795395,0.298191811,0.247198017,0.212687821,0.183758616,0.158933501,0.13746889,0.118865754,0.102726415,0.088768229,0.076684757,0.066253741,0.057244384,0.049459905,0.042734011,0.03692275,0.031901744,0.027563529,0.023815253
64,0,0,0,0,0.029519238,0.084657565,0.114547038,0.141894487,0.163762906,0.180902916,0.203632283,0.216814289,0.228158915,0.253827505,0.285899033,0.324028481,0.362976008,0.398828034,0.429799493,0.456501732,0.475784627,0.49260866,0.512050732,0.531574467,0.554001263,0.577415807,0.603088695,0.632402364,0.661776671,0.691086535,0.718109112,0.740012931,0.761976205,0.779169382,0.795766381,0.807313603,0.814130056,0.819574844,0.824726741,0.836507051,0.832907343,0.832913126,0.826443699,0.821505271,0.818219949,0.812780061,0.806802694,0.801275743,0.794320508,0.788238498,0.784964771,0.779506178,0.774411301,0.7676093,0.762586712,0.756706397,0.746481218,0.739466118,0.729361655,0.724464062,0.715104483,0.705845902,0.699348061,0.695094563,0.690684585,0.687891452,0.687170951,0.684505159,0.679079584,0.674414868,0.664374164,0.654597088,0.636678101,0.617634347,0.59571484,0.574296326,0.54544378,0.518243086,0.485530529,0.454846652,0.42052425,0.383849453,0.337162038,0.296914003,0.246399115,0.212389714,0.183501056,0.158710738,0.137276212,0.11869915,0.102582432,0.08864381,0.076577275,0.066160879,0.057164149,0.049390581,0.042674114,0.036870999,0.03185703,0.027524895,0.023781873
65,0,0,0,0,0.029520229,0.084660406,0.114550883,0.14189925,0.163768402,0.180908988,0.203639117,0.216821566,0.22820687,0.253911559,0.286031856,0.324225565,0.363171659,0.398950958,0.429774872,0.456253175,0.47523778,0.49187247,0.511227278,0.530771768,0.553329273,0.576997631,0.602746783,0.631941574,0.660981435,0.689716215,0.715902214,0.737216226,0.758849526,0.776014817,0.792886696,0.805038431,0.812382524,0.818262664,0.823753742,0.835769949,0.83232083,0.832480541,0.826173709,0.821401675,0.818287399,0.813023071,0.807269154,0.802012969,0.795372874,0.78965161,0.786788994,0.781549051,0.776488816,0.769535445,0.764187846,0.757805591,0.747101504,0.73964038,0.729119277,0.723832246,0.714115515,0.704596369,0.697925205,0.693581866,0.689168069,0.686451696,0.685838015,0.683317375,0.678075578,0.673627114,0.66384122,0.654179866,0.636246904,0.617061178,0.594881688,0.573089684,0.543944965,0.516511664,0.483645935,0.452858944,0.418503125,0.381943885,0.335540585,0.295646683,0.245608924,0.212099129,0.183249996,0.158493594,0.137088395,0.118536749,0.102442082,0.08852253,0.076472504,0.06607036,0.057085939,0.049323006,0.042615729,0.036820553,0.031813445,0.027487237,0.023749336
66,0,0,0,0,0.029523147,0.084668776,0.114562207,0.141913278,0.163784593,0.180926874,0.20365925,0.216843002,0.228229431,0.253936662,0.286060134,0.32425762,0.363222878,0.399037172,0.429912164,0.456458102,0.475525329,0.492181615,0.511499218,0.530943588,0.553334227,0.57676108,0.602362976,0.631511914,0.660621416,0.689555206,0.71608418,0.737451409,0.758821747,0.775387307,0.791307818,0.80215861,0.808625502,0.814054829,0.819522589,0.831916838,0.829353763,0.83024755,0.824552468,0.820248046,0.817462266,0.812393938,0.806820791,0.801729785,0.795240174,0.789654278,0.786912984,0.7818522,0.777028192,0.770365322,0.765364673,0.759382023,0.74889034,0.741475248,0.730824401,0.725256632,0.715093222,0.705155886,0.698094566,0.693383994,0.688623719,0.685579105,0.684715475,0.68202756,0.676703234,0.672249478,0.662546791,0.652996414,0.635215781,0.616208397,0.594233406,0.572665818,0.543639862,0.516221089,0.48327971,0.452332763,0.417750124,0.381031792,0.334552602,0.294616052,0.244617957,0.21111849,0.18240274,0.1577608,0.136454567,0.117988695,0.101968442,0.088113246,0.076118934,0.065764884,0.056822003,0.049094961,0.042418695,0.036650314,0.031666355,0.02736015,0.023639531
67,0,0,0,0,0.029523816,0.084670694,0.114564803,0.141916493,0.163788303,0.180930972,0.203663864,0.216847914,0.228234601,0.253942415,0.286066614,0.324264965,0.363246421,0.399092984,0.430016708,0.456628266,0.475776672,0.492453287,0.511732208,0.531074964,0.553297012,0.576480545,0.601933215,0.631034074,0.660211006,0.689341625,0.716211593,0.737630419,0.758736133,0.774700627,0.78966844,0.799217304,0.804806396,0.809784442,0.815228465,0.827999856,0.826323128,0.827951012,0.822868189,0.819031764,0.816574733,0.811702815,0.806310884,0.801385464,0.795046851,0.789596766,0.786977016,0.782095799,0.777508415,0.771136588,0.766483313,0.760900771,0.750622319,0.743253829,0.732474033,0.726625918,0.716016548,0.705661729,0.698210744,0.693133255,0.688026822,0.684654158,0.683540614,0.680685609,0.67527915,0.670820442,0.661201711,0.651763052,0.634136121,0.615308551,0.593539757,0.572198255,0.543293291,0.515891136,0.482876609,0.451772045,0.416965193,0.380090548,0.333539003,0.293562842,0.243608226,0.210121642,0.181541481,0.157015893,0.135810263,0.117431583,0.101486972,0.087697198,0.075759519,0.065454359,0.056553704,0.048863147,0.042218405,0.03647726,0.031516835,0.027230962,0.023527911
68,0,0,0,0,0.029523651,0.08467022,0.114564161,0.141915699,0.163787386,0.180929959,0.203662724,0.2168467,0.228233324,0.253940993,0.286065013,0.32426315,0.363259702,0.399137523,0.430109105,0.456785532,0.476014579,0.492711052,0.511950745,0.531191338,0.553244163,0.576183718,0.601486441,0.630538397,0.659781936,0.689108566,0.716318775,0.737788592,0.758629082,0.773992049,0.788006726,0.796253369,0.800964488,0.805491105,0.810911236,0.824059415,0.823269097,0.825631045,0.821160634,0.817792323,0.815664115,0.810988747,0.805778188,0.801018497,0.794831063,0.789516945,0.787018816,0.782317306,0.777966679,0.771886081,0.767580317,0.762398049,0.752333121,0.745011442,0.734103001,0.727974699,0.716919662,0.706147645,0.698307199,0.692862929,0.687410476,0.683709853,0.682346423,0.679324405,0.673835964,0.66937243,0.659837927,0.650511256,0.633038528,0.614391306,0.592829327,0.571714519,0.542931364,0.515546603,0.482459858,0.451198554,0.416168469,0.379138551,0.332515963,0.292501321,0.242591596,0.20911884,0.180675078,0.156266538,0.135162111,0.116871143,0.101002628,0.087278665,0.075397958,0.065141979,0.056283802,0.048629949,0.042016919,0.036303173,0.031366421,0.027101003,0.023415624
69,0,0,0,0,0.029523496,0.084669776,0.114563561,0.141914955,0.163786528,0.180929011,0.203661656,0.216845564,0.228232128,0.253939662,0.286063514,0.324261451,0.363273113,0.399182205,0.430201656,0.456942961,0.476252653,0.492968989,0.512169463,0.531307902,0.553191514,0.575887101,0.601039888,0.630042951,0.659353108,0.688875756,0.716426212,0.737947028,0.758522304,0.773283755,0.786345311,0.793289752,0.797122908,0.801198103,0.806594344,0.820119312,0.820215393,0.823311398,0.819453391,0.816553187,0.814753799,0.810274979,0.805245787,0.800651821,0.794615562,0.789437407,0.787060898,0.782539092,0.778425218,0.772635843,0.768677584,0.763895584,0.754044175,0.746769303,0.735732214,0.729323727,0.717823023,0.706633808,0.698403903,0.692592854,0.686794384,0.682765803,0.681152488,0.67796346,0.672393035,0.667924673,0.658474395,0.649259706,0.631941173,0.613474291,0.592119118,0.571230994,0.542569636,0.515202259,0.482043285,0.45062523,0.415371902,0.378186699,0.331493053,0.291439916,0.241575064,0.208116125,0.179808748,0.155517247,0.134514015,0.116310751,0.100518325,0.086860167,0.075036429,0.064829626,0.056013924,0.04839677,0.041815449,0.036129101,0.031216021,0.026971054,0.023303348
70,0,0,0,0,0.029524541,0.084672772,0.114567615,0.141919977,0.163792324,0.180935414,0.203668863,0.216853237,0.228240204,0.253948648,0.286073636,0.324272925,0.363301283,0.399243104,0.430311686,0.457118958,0.476510083,0.493246962,0.512408995,0.531446054,0.553161337,0.575613871,0.600617739,0.629573087,0.658951054,0.688670925,0.716562758,0.738135448,0.758446338,0.772606856,0.784715793,0.790358273,0.793313596,0.79693752,0.802310091,0.816212408,0.81719492,0.821025129,0.817779388,0.815347188,0.813876555,0.809594106,0.804746083,0.800317661,0.794432337,0.789389939,0.787134955,0.782792675,0.778915394,0.773417016,0.769806113,0.765424198,0.755785913,0.748557555,0.737391365,0.730702424,0.718755573,0.707148693,0.698528982,0.692350908,0.686206174,0.681849462,0.67998619,0.676630015,0.670977379,0.666504008,0.657137572,0.648034496,0.630869458,0.612582171,0.591432943,0.57077066,0.542229939,0.514878834,0.481646283,0.450070196,0.414592187,0.377250183,0.33048358,0.290390318,0.240568315,0.207121834,0.178949698,0.154774251,0.133871364,0.115755067,0.10003809,0.086445186,0.074677936,0.064519898,0.055746313,0.048165551,0.041615673,0.035956491,0.031066884,0.026842198,0.023192014
è·äQì]Ç—Åiç»Åj,0,0,0,0,0.000836714,0.003905936,0.00976054,0.018668803,0.029858293,0.042104677,0.053891804,0.06414897,0.073043421,0.081879295,0.092076045,0.104774316,0.12017366,0.137279287,0.154485096,0.170488242,0.184499785,0.196628723,0.207449927,0.217405597,0.226786883,0.23580055,0.244388601,0.252412009,0.25963031,0.265803252,0.270888434,0.275197332,0.279450413,0.28459375,0.291481658,0.300498784,0.311441525,0.323717506,0.336739431,0.350170724,0.363917606,0.37806553,0.392717428,0.40799267,0.423597261,0.43829695,0.449979754,0.45640686,0.456034963,0.44871915,0.43600389,0.420457248,0.404527236,0.389895533,0.377140493,0.365997848,0.355958337,0.346699403,0.337893912,0.329263135,0.320626994,0.311899838,0.303056805,0.294129232,0.285147281,0.276124815,0.267031306,0.257813321,0.248369242,0.238588373,0.22842832,0.217958901,0.207347889,0.196821172,0.186616528,0.176903203,0.167735659,0.159095959,0.150935811,0.143193828,0.135826693,0.128829684,0.12219894,0.115909475,0.109943723,0.104285022,0.09891757,0.093826375,0.088997219,0.084416616,0.080071771,0.075950552,0.072041448,0.068333542,0.064816479,0.061480435,0.058316095,0.05531462,0.052467628,0.049767168,0.047205699
RS,,,,,,,,,,,,,,,,,,,,,,,,,,,,,,,,,,,,,,,,,,,,,,,,,,,,,,,,,,,,,,,,,,,,,,,,,,,,,,,,,,,,,,,,,,,,,,,,,,,,,
15,0,0,0,0,0,0,0,0,0.000023057,0.000087772,0.000196199,0.000344903,0.000538882,0.000762553,0.000969927,0.001093849,0.001100958,0.001004967,0.000898137,0.000938174,0.001264283,0.001947516,0.003080352,0.004731873,0.006963037,0.009876827,0.013651202,0.018511218,0.024800332,0.032963163,0.043532202,0.057219586,0.074930247,0.097580198,0.126106138,0.16138864,0.203392676,0.250095943,0.297216492,0.338928125,0.369340756,0.384411822,0.383142473,0.367452529,0.341074614,0.312469362,0.283697705,0.255719448,0.229132579,0.204804172,0.183734335,0.166776275,0.154341207,0.146189313,0.140645859,0.137180483,0.135133213,0.134074146,0.133824197,0.134233993,0.134921624,0.1353906,0.135227965,0.134086433,0.13175643,0.128165039,0.123382529,0.117590031,0.110924756,0.103406096,0.095006499,0.085796155,0.076031175,0.066067589,0.056245808,0.04684059,0.0380725,0.03014348,0.023241214,0.01750098,0.012955141,0.009518377,0.007025919,0.005269853,0.004042596,0.00316209,0.002501825,0.001983147,0.001566319,0.001230876,0.000963376,0.000753054,0.000588411,0.000459996,0.000359488,0.000280851,0.000219349,0.000169814,0.000131456,0.000101755,0.000078759
16,0,0,0,0,0,0,0,0,0.000023057,0.000087772,0.000196199,0.000344903,0.000538882,0.000762553,0.000969927,0.001093849,0.001100958,0.001004967,0.000898137,0.000938174,0.001264283,0.001947516,0.003080352,0.004731873,0.006963037,0.009876827,0.013651202,0.018511218,0.024800332,0.032963163,0.043532202,0.057219586,0.074930247,0.097580198,0.126106138,0.16138864,0.203392676,0.250095943,0.297216492,0.338928125,0.369340756,0.384411822,0.383142473,0.367452529,0.341074614,0.312469362,0.283697705,0.255719448,0.229132579,0.204804172,0.183734335,0.166776275,0.154341207,0.146189313,0.140645859,0.137180483,0.135133213,0.134074146,0.133824197,0.134233993,0.134921624,0.1353906,0.135227965,0.134086433,0.13175643,0.128165039,0.123382529,0.117590031,0.110924756,0.103406096,0.095006499,0.085796155,0.076031175,0.066067589,0.056245808,0.04684059,0.0380725,0.03014348,0.023241214,0.01750098,0.012955141,0.009518377,0.007025919,0.005269853,0.004042596,0.00316209,0.002501825,0.001983147,0.001566319,0.001230876,0.000963376,0.000753054,0.000588411,0.000459996,0.000359488,0.000280851,0.000219349,0.000169814,0.000131456,0.000101755,0.000078759
17,0,0,0,0,0,0,0,0,0.000023057,0.000087772,0.000196199,0.000344903,0.000538882,0.000762553,0.000969927,0.001093849,0.001100958,0.001004967,0.000898137,0.000938174,0.001264283,0.001947516,0.003080352,0.004731873,0.006963037,0.009876827,0.013651202,0.018511218,0.024800332,0.032963163,0.043532202,0.057219586,0.074930247,0.097580198,0.126106138,0.16138864,0.203392676,0.250095943,0.297216492,0.338928125,0.369340756,0.384411822,0.383142473,0.367452529,0.341074614,0.312469362,0.283697705,0.255719448,0.229132579,0.204804172,0.183734335,0.166776275,0.154341207,0.146189313,0.140645859,0.137180483,0.135133213,0.134074146,0.133824197,0.134233993,0.134921624,0.1353906,0.135227965,0.134086433,0.13175643,0.128165039,0.123382529,0.117590031,0.110924756,0.103406096,0.095006499,0.085796155,0.076031175,0.066067589,0.056245808,0.04684059,0.0380725,0.03014348,0.023241214,0.01750098,0.012955141,0.009518377,0.007025919,0.005269853,0.004042596,0.00316209,0.002501825,0.001983147,0.001566319,0.001230876,0.000963376,0.000753054,0.000588411,0.000459996,0.000359488,0.000280851,0.000219349,0.000169814,0.000131456,0.000101755,0.000078759
18,0,0,0,0,0,0,0,0,0.000023057,0.000087772,0.000196199,0.000344903,0.000538882,0.000762553,0.000969927,0.001093849,0.001100958,0.001004967,0.000898137,0.000938174,0.001264283,0.001947516,0.003080352,0.004731873,0.006963037,0.009876827,0.013651202,0.018511218,0.024800332,0.032963163,0.043532202,0.057219586,0.074930247,0.097580198,0.126106138,0.16138864,0.203392676,0.250095943,0.297216492,0.338928125,0.369340756,0.384411822,0.383142473,0.367452529,0.341074614,0.312469362,0.283697705,0.255719448,0.229132579,0.204804172,0.183734335,0.166776275,0.154341207,0.146189313,0.140645859,0.137180483,0.135133213,0.134074146,0.133824197,0.134233993,0.134921624,0.1353906,0.135227965,0.134086433,0.13175643,0.128165039,0.123382529,0.117590031,0.110924756,0.103406096,0.095006499,0.085796155,0.076031175,0.066067589,0.056245808,0.04684059,0.0380725,0.03014348,0.023241214,0.01750098,0.012955141,0.009518377,0.007025919,0.005269853,0.004042596,0.00316209,0.002501825,0.001983147,0.001566319,0.001230876,0.000963376,0.000753054,0.000588411,0.000459996,0.000359488,0.000280851,0.000219349,0.000169814,0.000131456,0.000101755,0.000078759
19,0,0,0,0,0,0,0,0,0.000023057,0.000087772,0.000196199,0.000344903,0.000538882,0.000762553,0.000969927,0.001093849,0.001100958,0.001004967,0.000898137,0.000938174,0.001264283,0.001947516,0.003080352,0.004731873,0.006963037,0.009876827,0.013651202,0.018511218,0.024800332,0.032963163,0.043532202,0.057219586,0.074930247,0.097580198,0.126106138,0.16138864,0.203392676,0.250095943,0.297216492,0.338928125,0.369340756,0.384411822,0.383142473,0.367452529,0.341074614,0.312469362,0.283697705,0.255719448,0.229132579,0.204804172,0.183734335,0.166776275,0.154341207,0.146189313,0.140645859,0.137180483,0.135133213,0.134074146,0.133824197,0.134233993,0.134921624,0.1353906,0.135227965,0.134086433,0.13175643,0.128165039,0.123382529,0.117590031,0.110924756,0.103406096,0.095006499,0.085796155,0.076031175,0.066067589,0.056245808,0.04684059,0.0380725,0.03014348,0.023241214,0.01750098,0.012955141,0.009518377,0.007025919,0.005269853,0.004042596,0.00316209,0.002501825,0.001983147,0.001566319,0.001230876,0.000963376,0.000753054,0.000588411,0.000459996,0.000359488,0.000280851,0.000219349,0.000169814,0.000131456,0.000101755,0.000078759
20,0,0,0,0,0,0,0,0,0.000023057,0.000087772,0.000196199,0.000344903,0.000538882,0.000762553,0.000969927,0.001093849,0.001100958,0.001004967,0.000898137,0.000938174,0.001264283,0.001947516,0.003080352,0.004731873,0.006963037,0.009876827,0.013651202,0.018511218,0.024800332,0.032963163,0.043532202,0.057219586,0.074930247,0.097580198,0.126106138,0.16138864,0.203392676,0.250095943,0.297216492,0.338928125,0.369340756,0.384411822,0.383142473,0.367452529,0.341074614,0.312469362,0.283697705,0.255719448,0.229132579,0.204804172,0.183734335,0.166776275,0.154341207,0.146189313,0.140645859,0.137180483,0.135133213,0.134074146,0.133824197,0.134233993,0.134921624,0.1353906,0.135227965,0.134086433,0.13175643,0.128165039,0.123382529,0.117590031,0.110924756,0.103406096,0.095006499,0.085796155,0.076031175,0.066067589,0.056245808,0.04684059,0.0380725,0.03014348,0.023241214,0.01750098,0.012955141,0.009518377,0.007025919,0.005269853,0.004042596,0.00316209,0.002501825,0.001983147,0.001566319,0.001230876,0.000963376,0.000753054,0.000588411,0.000459996,0.000359488,0.000280851,0.000219349,0.000169814,0.000131456,0.000101755,0.000078759
21,0,0,0,0,0,0,0,0,0.000024012,0.000091407,0.000206863,0.000353904,0.000522988,0.000722548,0.000912823,0.001029065,0.001048704,0.000968799,0.000873409,0.000915159,0.001235841,0.001909106,0.003030355,0.004669209,0.00689344,0.009789739,0.013570515,0.018455419,0.024775598,0.033006879,0.043675412,0.057506011,0.075466426,0.098383046,0.127514662,0.162922693,0.204985436,0.251089823,0.297927565,0.341921035,0.369015069,0.384255537,0.38142152,0.365465083,0.338737479,0.309841817,0.281323563,0.253273045,0.226677463,0.202616897,0.181960634,0.165396417,0.153300678,0.145325692,0.140329595,0.137421399,0.135220007,0.134435536,0.133910971,0.133866173,0.134536867,0.134718392,0.134490839,0.133796469,0.131774137,0.128198431,0.1244327,0.120138411,0.113582615,0.108039435,0.100488287,0.092298793,0.083048474,0.073457405,0.064654916,0.055227122,0.046703631,0.037567911,0.030408304,0.02378623,0.018680454,0.013796621,0.009804546,0.00678977,0.004435815,0.00285098,0.002255676,0.001788029,0.001412213,0.001109773,0.000868592,0.000678963,0.000530519,0.000414738,0.000324119,0.000253219,0.000197767,0.000153106,0.000118522,0.000091744,0.00007101
22,0,0,0,0,0,0,0,0,0.000024784,0.000094344,0.000210541,0.000357609,0.000525635,0.000723457,0.000911123,0.001024348,0.001042075,0.000961672,0.000866546,0.000907909,0.001226443,0.001895318,0.003009822,0.004639962,0.006854268,0.009740523,0.013510357,0.018383539,0.024691144,0.03290879,0.043562678,0.057367856,0.075282567,0.098119067,0.127113859,0.162300942,0.204045946,0.24972351,0.296024364,0.339384177,0.365866863,0.380639553,0.37758443,0.361633706,0.335118304,0.306537299,0.278395908,0.250763261,0.224598551,0.200957927,0.180695683,0.164438279,0.152579391,0.144790526,0.139947811,0.137171959,0.135099448,0.134443474,0.134051173,0.134145171,0.134965349,0.135298871,0.135226699,0.134691807,0.132827578,0.129404955,0.125798465,0.121667927,0.115256603,0.109885161,0.102487998,0.094397599,0.08517065,0.075533724,0.066643176,0.057039076,0.048330371,0.038944661,0.031562285,0.024695055,0.019363281,0.014232753,0.010008954,0.006786918,0.004253739,0.00251532,0.001990104,0.001577516,0.001245946,0.000979114,0.000766328,0.000599025,0.000468058,0.000365909,0.000285959,0.000223406,0.000174483,0.00013508,0.000104568,0.000080942,0.00006265
23,0,0,0,0,0,0,0,0,0.00002556,0.000097298,0.000214259,0.000361386,0.000528392,0.00072452,0.000909622,0.001019857,0.00103568,0.000954761,0.000859879,0.000900865,0.001217323,0.001881957,0.002989964,0.004611754,0.006816624,0.00969347,0.01345319,0.018315718,0.024612127,0.03281793,0.043459492,0.057242262,0.075115195,0.097876607,0.126741003,0.161715006,0.203151674,0.248412797,0.294187413,0.336923701,0.362801497,0.377110162,0.37383354,0.357885076,0.33157589,0.303302988,0.275531926,0.248310677,0.222570669,0.199344372,0.179471296,0.163516825,0.15189194,0.144287288,0.139596724,0.136952457,0.135008224,0.134480452,0.13422017,0.134452818,0.135422478,0.135907886,0.135990892,0.135615171,0.133908452,0.130637989,0.127189768,0.123221893,0.116953481,0.111752409,0.104507449,0.096514276,0.087308677,0.077623866,0.068643444,0.058861175,0.049965597,0.04032817,0.032721698,0.025608123,0.020049471,0.014671435,0.010215279,0.006785536,0.0040728,0.002180608,0.001725282,0.001367597,0.001080149,0.000848824,0.000664353,0.000519313,0.000405774,0.000317218,0.000247906,0.000193678,0.000151265,0.000117105,0.000090653,0.000070171,0.000054313
24,0,0,0,0,0,0,0,0,0.000026346,0.000100292,0.000218069,0.000365318,0.000531378,0.000725899,0.000908518,0.001015814,0.001029739,0.00094827,0.000853589,0.000894217,0.001208737,0.001869422,0.002971418,0.004585568,0.006781969,0.009650663,0.013401913,0.01825591,0.02454387,0.032741409,0.043375286,0.057141662,0.074980621,0.097676897,0.126423538,0.161199806,0.20234635,0.247210969,0.292479568,0.334611281,0.359895788,0.373746914,0.370247488,0.354294339,0.328179801,0.300202521,0.272789494,0.245967563,0.220640814,0.197818504,0.178325727,0.162667075,0.151271003,0.143847152,0.139306612,0.136792707,0.134975834,0.134575964,0.134447516,0.134818838,0.13593832,0.136575741,0.136813876,0.136597074,0.135047036,0.131927224,0.128635685,0.124828654,0.118700347,0.113667287,0.10657129,0.09867181,0.089483541,0.079746654,0.070672497,0.060707899,0.051621677,0.041728475,0.033894719,0.026531838,0.020744012,0.015116263,0.010425938,0.006787109,0.003893735,0.00184703,0.001461358,0.001158389,0.000914913,0.000718975,0.000562724,0.000439872,0.000343701,0.000268692,0.000209983,0.00016405,0.000128125,0.000099191,0.000076786,0.000059437,0.000046005
25,0,0,0,0,0,0,0,0,0.000027151,0.000103356,0.000222027,0.000369499,0.000534723,0.000727767,0.000908025,0.001012451,0.001024488,0.000942413,0.000847871,0.000888167,0.00120096,0.001858139,0.002954863,0.004562455,0.006751859,0.009614328,0.013359627,0.018208355,0.024492094,0.032686882,0.043320227,0.057079464,0.074896438,0.097542816,0.126190984,0.160792814,0.201676765,0.246174856,0.290967624,0.332522782,0.357230686,0.370633342,0.366908633,0.350940058,0.3250027,0.297302378,0.270229133,0.243788691,0.218858385,0.196424927,0.177299542,0.161926334,0.150751532,0.143503587,0.139110099,0.136724936,0.135034272,0.134762105,0.134765477,0.135275802,0.136545942,0.13733589,0.137729401,0.13767146,0.136277146,0.133305971,0.130168985,0.126520327,0.120528077,0.115659735,0.108708009,0.100896957,0.091719843,0.081924299,0.072750247,0.06259651,0.053313423,0.043157646,0.035091206,0.027473924,0.021452901,0.015571513,0.010643732,0.006793251,0.00371719,0.001514509,0.001198269,0.000949844,0.000750201,0.000589538,0.000461417,0.000360681,0.000281824,0.000220319,0.00017218,0.000134516,0.000105059,0.000081334,0.000062962,0.000048736,0.000037722
26,0,0,0,0,0,0,0,0,0.00002727,0.00010381,0.000223994,0.000373682,0.000540709,0.000735847,0.000917637,0.001022333,0.001033359,0.000949306,0.000852736,0.000891657,0.001203214,0.001858633,0.002952021,0.004554027,0.006735515,0.009588339,0.013321437,0.018155708,0.024423415,0.03260196,0.043221772,0.056967951,0.074773592,0.097412906,0.126061268,0.16067576,0.201552296,0.246003284,0.29068595,0.332047101,0.356486335,0.369588313,0.365574492,0.349349957,0.323214798,0.295356933,0.268240572,0.241850372,0.217036847,0.194759778,0.175807532,0.160612382,0.149610111,0.142530814,0.138313771,0.136124384,0.134606124,0.134485318,0.134625552,0.135259363,0.136641126,0.137562986,0.138111472,0.138234929,0.137047886,0.134309067,0.131381348,0.127914159,0.122049679,0.117293263,0.110392257,0.102616702,0.093446658,0.083637505,0.074453012,0.064253627,0.054900589,0.044592206,0.036380542,0.02857252,0.022362661,0.016271934,0.011150797,0.007134014,0.003909535,0.001586992,0.001255617,0.000995303,0.000786105,0.000617753,0.0004835,0.000377943,0.000295312,0.000230863,0.00018042,0.000140954,0.000110087,0.000085226,0.000065975,0.000051069,0.000039528
27,0,0,0,0,0,0,0,0,0.000027353,0.000104124,0.000225659,0.000377363,0.000545969,0.000742939,0.000926016,0.001030842,0.001040843,0.000954924,0.000856456,0.000893949,0.001203851,0.001856628,0.00294521,0.004539476,0.006710114,0.009549456,0.013265333,0.018078646,0.024321893,0.032473198,0.043065199,0.056779839,0.074550209,0.097152022,0.125762065,0.160342689,0.201156856,0.245500978,0.29001346,0.331124972,0.355262645,0.368046287,0.36374871,0.347289989,0.320992136,0.293014154,0.265891124,0.239586651,0.214923282,0.192832571,0.174078967,0.159082326,0.148267403,0.141366295,0.13733139,0.135340751,0.133996961,0.134027699,0.134304627,0.135061089,0.136552635,0.137605185,0.13830793,0.138612645,0.137634498,0.13513175,0.132417265,0.129136233,0.123407423,0.118769344,0.111928342,0.104198742,0.095048096,0.085238518,0.07605593,0.065824603,0.056414176,0.045967024,0.037621156,0.029632862,0.023242488,0.01695058,0.011642944,0.007465235,0.004096651,0.001657352,0.001311285,0.00103943,0.000820957,0.000645141,0.000504936,0.000394699,0.000308405,0.000241099,0.000188419,0.000147203,0.000114968,0.000089005,0.0000689,0.000053333,0.00004128
28,0,0,0,0,0,0,0,0,0.000027439,0.000104452,0.000227353,0.00038109,0.000551297,0.000750123,0.000934511,0.00103948,0.001048457,0.000960664,0.000860286,0.000896358,0.001204649,0.001854873,0.0029388,0.004525547,0.006685637,0.009511891,0.013211062,0.018004083,0.024223729,0.032348913,0.042914548,0.056599515,0.074337027,0.0969044,0.125479988,0.1600314,0.20078872,0.245032016,0.289380442,0.330248076,0.354087734,0.36655509,0.361973485,0.345278629,0.318814741,0.290713032,0.263579716,0.237357363,0.212840693,0.19093319,0.172375509,0.157575162,0.146945942,0.140221909,0.13636841,0.134576041,0.133406354,0.133588479,0.134001991,0.134881075,0.136482485,0.137665728,0.138522661,0.139008481,0.138238875,0.135971614,0.133469771,0.130374258,0.124780208,0.120259719,0.113477743,0.105793017,0.096660525,0.086849213,0.077667299,0.067402698,0.057933686,0.047346517,0.038865472,0.030696032,0.024124481,0.017630766,0.012136122,0.0077971,0.004284115,0.001727858,0.001367069,0.001083649,0.000855882,0.000672586,0.000526416,0.000411491,0.000321525,0.000251355,0.000196435,0.000153465,0.000119858,0.000092791,0.000071831,0.000055602,0.000043036
29,0,0,0,0,0,0,0,0,0.000027533,0.000104812,0.000229116,0.000384931,0.000556788,0.000757531,0.000943284,0.001048428,0.001056386,0.000966693,0.000864376,0.000899038,0.001205812,0.001853683,0.002933287,0.004513003,0.006663208,0.009477242,0.013160842,0.017935041,0.024132994,0.032234542,0.042777041,0.056436516,0.074146583,0.096686401,0.125236245,0.15976897,0.200481873,0.244637859,0.28883582,0.329472157,0.353021238,0.365176298,0.36030945,0.343373531,0.316735665,0.288501762,0.261349915,0.235201656,0.210824138,0.189093066,0.170725542,0.156116865,0.145669997,0.139120885,0.135447504,0.133852734,0.132856686,0.133190159,0.133740294,0.13474219,0.136453882,0.137768094,0.13877938,0.139446339,0.13888491,0.136852295,0.1345622,0.131651149,0.126190073,0.121785726,0.115060677,0.107418458,0.098301333,0.088485304,0.079301272,0.069000295,0.059469856,0.048739538,0.040120823,0.031767866,0.025013255,0.018315885,0.012632679,0.008131127,0.004472764,0.001798845,0.001423234,0.001128169,0.000891045,0.000700218,0.000548044,0.000428396,0.000334735,0.000261682,0.000204505,0.00015977,0.000124783,0.000096603,0.000074782,0.000057886,0.000044804
30,0,0,0,0,0,0,0,0,0.000027651,0.000105259,0.000231071,0.000389097,0.00056275,0.000765578,0.000952853,0.001058261,0.001065205,0.000973535,0.000869192,0.000902474,0.001207987,0.001854049,0.002930233,0.004504239,0.006646358,0.009450528,0.01312164,0.017881013,0.024062461,0.032147161,0.042675358,0.056320788,0.074018257,0.096549417,0.12509746,0.159640465,0.200343089,0.244448772,0.288533275,0.328972294,0.352250408,0.36410321,0.35894689,0.341755573,0.314921289,0.286531434,0.259338263,0.233242196,0.208983446,0.187410662,0.16921798,0.154788813,0.144515627,0.138136028,0.134639778,0.13324137,0.132418214,0.132903391,0.133590682,0.134716294,0.136539761,0.137986112,0.139152678,0.140001428,0.139647811,0.137848259,0.135768099,0.133039161,0.127706546,0.123414704,0.116740968,0.109134866,0.100025465,0.090196481,0.081002624,0.070656609,0.061056714,0.050174171,0.041410482,0.032866906,0.025923473,0.019016724,0.013140091,0.008472149,0.004665262,0.001871378,0.001480621,0.001173659,0.000926974,0.000728453,0.000570142,0.00044567,0.000348232,0.000272233,0.000212751,0.000166212,0.000129814,0.000100499,0.000077798,0.00006022,0.000046611
31,0,0,0,0,0,0,0,0,0.000027724,0.000105537,0.000231512,0.000389689,0.000564127,0.00076797,0.000956632,0.001063495,0.001071162,0.00097937,0.000874583,0.000908112,0.001215417,0.001864732,0.002945174,0.00452302,0.00666616,0.009464973,0.013125936,0.017869646,0.024029501,0.032086673,0.042582502,0.056188499,0.073840509,0.096324078,0.124828966,0.159347063,0.200035407,0.244145741,0.288259385,0.328753755,0.352114941,0.364000159,0.358817243,0.341543629,0.314587268,0.286049229,0.2587223,0.232510607,0.208154529,0.186499187,0.168232007,0.153772176,0.143491006,0.137114641,0.133632771,0.132262964,0.131494954,0.132058636,0.132858862,0.134135054,0.136152864,0.137779932,0.139111554,0.140107889,0.139880762,0.13818151,0.136230388,0.133662411,0.128515223,0.124458307,0.118050352,0.110644705,0.101649696,0.091848964,0.082616651,0.072126989,0.062394713,0.051343695,0.042449795,0.033768292,0.026714186,0.019661792,0.013636699,0.008830883,0.004890102,0.001981014,0.001567365,0.001242419,0.000981281,0.00077113,0.000603544,0.00047178,0.000368633,0.000288183,0.000225215,0.00017595,0.000137419,0.000106387,0.000082356,0.000063748,0.000049342
32,0,0,0,0,0,0,0,0,0.000027756,0.000105659,0.000231612,0.000389706,0.000564673,0.00076923,0.000959002,0.001067164,0.001075542,0.000983763,0.000878685,0.000912414,0.001221057,0.001872671,0.002955779,0.00453514,0.006676141,0.00946547,0.013110882,0.01783193,0.023961102,0.031978857,0.042426831,0.05597332,0.073553829,0.095956641,0.124376332,0.158818622,0.199432694,0.243482649,0.287560409,0.328050451,0.3514603,0.363360424,0.358158543,0.340828066,0.313789322,0.285145116,0.257724665,0.231435944,0.207018409,0.185312403,0.166997628,0.152528439,0.14225444,0.13589071,0.132428359,0.131089184,0.130377474,0.13101886,0.131930884,0.133355833,0.135565087,0.137370544,0.138865323,0.140007832,0.139907577,0.138311169,0.136492012,0.134088844,0.129134745,0.125318825,0.119186202,0.111992007,0.103124694,0.093366675,0.084109503,0.073491603,0.063641243,0.052437975,0.043426928,0.034620243,0.027465821,0.020278122,0.014113395,0.009176738,0.00510782,0.002087773,0.001651832,0.001309374,0.001034163,0.000812687,0.00063607,0.000497205,0.000388499,0.000303713,0.000237352,0.000185432,0.000144825,0.00011212,0.000086794,0.000067184,0.000052001
33,0,0,0,0,0,0,0,0,0.000027789,0.000105785,0.000231719,0.000389735,0.000565235,0.000770513,0.000961398,0.00107086,0.00107995,0.000988181,0.00088281,0.000916738,0.001226728,0.001880657,0.002966461,0.004547384,0.006686312,0.009466251,0.013096238,0.01779479,0.023893497,0.031872118,0.042272604,0.055760056,0.073269668,0.095592484,0.123927924,0.158295526,0.198836628,0.242827596,0.286870838,0.327357777,0.350816943,0.362732316,0.357511333,0.34012353,0.313001677,0.284250551,0.256735851,0.230369392,0.205889727,0.184132457,0.165769585,0.151290613,0.141023467,0.134672167,0.13122921,0.129920593,0.129265102,0.129984131,0.131007863,0.132581455,0.134982016,0.136965728,0.138623537,0.139912099,0.139938581,0.138444861,0.136757473,0.134518869,0.129757504,0.126182213,0.120324444,0.11334126,0.104601243,0.094885598,0.085603313,0.074856991,0.064888374,0.053532681,0.044404337,0.035472338,0.02821749,0.020894412,0.014590013,0.009522503,0.005325461,0.002194481,0.001736259,0.001376298,0.001087021,0.000854224,0.00066858,0.000522617,0.000408356,0.000319236,0.000249484,0.00019491,0.000152227,0.00011785,0.00009123,0.000070618,0.000054659
34,0,0,0,0,0,0,0,0,0.000027824,0.000105918,0.000231844,0.000389794,0.000565841,0.000771854,0.000963866,0.001074636,0.001084438,0.000992671,0.000886999,0.00092113,0.001232489,0.001888782,0.002977364,0.004559969,0.006696992,0.009467765,0.013082623,0.017759064,0.023827806,0.031767948,0.042121795,0.055551311,0.07299145,0.095236073,0.123489537,0.157785181,0.198256521,0.242191963,0.286204131,0.326691104,0.350201355,0.362132885,0.356892416,0.339445995,0.31223901,0.283378842,0.255767851,0.229321686,0.204778056,0.182967886,0.164555541,0.150065673,0.139804579,0.133465206,0.130041358,0.128763169,0.128163794,0.128960446,0.130095859,0.131818075,0.134409949,0.136571899,0.138392713,0.13982729,0.139980389,0.138589144,0.13703327,0.134958901,0.130389718,0.127054551,0.121470924,0.11469801,0.106084491,0.096410427,0.087102335,0.07622688,0.066139347,0.054630494,0.045384258,0.036326372,0.028970632,0.021511736,0.015067308,0.009868679,0.005543309,0.002301259,0.00182074,0.001443265,0.001139912,0.000895788,0.000701111,0.000548046,0.000428225,0.000334769,0.000261623,0.000204394,0.000159634,0.000123585,0.000095669,0.000074054,0.000057318
35,0,0,0,0,0,0,0,0,0.000027881,0.000106134,0.000232149,0.000390157,0.000566888,0.000773797,0.000967087,0.001079251,0.001089771,0.000997935,0.00089188,0.00092624,0.001239211,0.001898379,0.002990588,0.00457611,0.006712896,0.009476665,0.013079216,0.017737196,0.023780712,0.031688573,0.042003864,0.055385926,0.072770205,0.094953999,0.123147537,0.157397988,0.197831149,0.241745349,0.285760784,0.326279379,0.349859056,0.36181605,0.356552006,0.339033362,0.311720026,0.282728307,0.254999492,0.228452994,0.203826255,0.181946174,0.163469994,0.148957926,0.138694878,0.132362485,0.128955074,0.127706313,0.127162579,0.128037471,0.129285441,0.131157611,0.133942802,0.136284662,0.138269885,0.139851583,0.140131408,0.138841543,0.137415958,0.135504189,0.131123608,0.128025939,0.122712073,0.116144126,0.107650373,0.098010339,0.08866918,0.077656118,0.06744181,0.05577083,0.046399499,0.037208671,0.029746308,0.022145788,0.015556316,0.010222522,0.005765461,0.002409822,0.001906635,0.001511352,0.001193688,0.000938047,0.000734187,0.000573901,0.000448427,0.000350562,0.000273965,0.000214036,0.000167165,0.000129415,0.000100182,0.000077547,0.000060022
36,0,0,0,0,0,0,0,0,0.000028013,0.000106636,0.000232845,0.000390964,0.000567907,0.000775037,0.000968569,0.001080922,0.001091659,0.000999988,0.000894115,0.000929091,0.001243892,0.001906571,0.003004666,0.00459883,0.006747099,0.009525015,0.013142696,0.017814371,0.02386621,0.031770533,0.042059478,0.05540026,0.072725834,0.094832263,0.122930986,0.157077008,0.19739541,0.241201789,0.285138712,0.325630916,0.349271473,0.361317178,0.356165153,0.338762938,0.311559064,0.28266022,0.254965284,0.228407649,0.2037374,0.181791783,0.163234863,0.148648193,0.138310358,0.131896738,0.128398065,0.127045345,0.126423404,0.127239736,0.128454772,0.13031956,0.133123956,0.135519817,0.13759745,0.139315294,0.139783568,0.138738174,0.13752792,0.135799513,0.131559726,0.12856626,0.123302672,0.11680614,0.108400704,0.098868147,0.089665973,0.078801486,0.068671739,0.056972139,0.047530746,0.038187015,0.030534815,0.02274302,0.015990035,0.010526482,0.005961713,0.002527453,0.001999704,0.001585126,0.001251956,0.000983837,0.000770025,0.000601915,0.000470316,0.000367674,0.000287338,0.000224484,0.000175325,0.000135732,0.000105073,0.000081333,0.000062952
37,0,0,0,0,0,0,0,0,0.000028111,0.000107009,0.00023326,0.000391299,0.000568241,0.000775341,0.000968882,0.001081288,0.00109223,0.001000833,0.000895272,0.000930821,0.001247073,0.001912465,0.003015123,0.004616009,0.006773173,0.009561888,0.013190338,0.017870073,0.023922931,0.031814169,0.042064328,0.055347697,0.072593611,0.094595938,0.122565862,0.156566162,0.196721055,0.240366652,0.284171961,0.324588859,0.348261778,0.360381693,0.35534797,0.33808326,0.311021759,0.282250739,0.254623146,0.228086441,0.203402452,0.181417767,0.162802475,0.148158781,0.137758602,0.131271459,0.127685702,0.126230601,0.125531163,0.126287919,0.127468536,0.129323685,0.132143909,0.134590907,0.136758489,0.138610476,0.139266734,0.138467202,0.137473854,0.135930992,0.131837194,0.128951601,0.123744675,0.11732744,0.109020517,0.099607007,0.090555004,0.079852291,0.069819383,0.058105277,0.048605188,0.039119757,0.031286862,0.0233131,0.016404671,0.01081789,0.006150868,0.002642095,0.002090407,0.001657024,0.001308743,0.001028462,0.000804952,0.000629217,0.000491649,0.000384351,0.000300371,0.000234666,0.000183277,0.000141889,0.000109838,0.000085022,0.000065808
38,0,0,0,0,0,0,0,0,0.000028208,0.00010738,0.000233669,0.000391624,0.000568561,0.000775626,0.000969171,0.001081627,0.001092773,0.001001653,0.000896405,0.000932527,0.00125022,0.001918307,0.003025497,0.004633059,0.006799057,0.009598495,0.013237615,0.017925286,0.02397901,0.031856973,0.042068117,0.055293779,0.072459657,0.094357403,0.122197916,0.156051742,0.196042232,0.239526063,0.28319875,0.32353938,0.347244043,0.359437812,0.354522432,0.337395566,0.310477017,0.281834454,0.25427485,0.227759726,0.203062629,0.181039455,0.1623663,0.147665989,0.137203774,0.130643322,0.126970633,0.125413259,0.124636397,0.125333599,0.126479792,0.128325263,0.131161234,0.13365927,0.135916684,0.137902671,0.138746765,0.138192941,0.13741637,0.136058962,0.132111153,0.129333428,0.124183255,0.117845423,0.109637153,0.100342842,0.091441132,0.080900347,0.070964462,0.059236154,0.049677649,0.040050858,0.032037592,0.023882192,0.016818602,0.01110882,0.006339736,0.002756588,0.002180994,0.001728831,0.001365457,0.00107303,0.000839834,0.000656484,0.000512954,0.000401007,0.000313388,0.000244835,0.00019122,0.000148037,0.000114598,0.000088706,0.000068659
39,0,0,0,0,0,0,0,0,0.000028303,0.00010774,0.000234055,0.000391912,0.000568827,0.000775839,0.000969369,0.001081866,0.001093215,0.00100238,0.000897454,0.000934145,0.00125325,0.001923966,0.003035582,0.004649667,0.006824291,0.009634183,0.013283628,0.017978795,0.024032824,0.031896794,0.04206801,0.055234789,0.072319107,0.09411033,0.121818962,0.155523303,0.195345823,0.238663998,0.28220013,0.322460821,0.346195009,0.358461441,0.353664762,0.336677211,0.309903988,0.281392427,0.253903307,0.227412202,0.202704292,0.1806447,0.161915458,0.147159937,0.136636705,0.130003611,0.126244401,0.124584984,0.123730832,0.124368466,0.125480157,0.127315787,0.130167228,0.13271603,0.135062992,0.137182687,0.138214382,0.137906116,0.137346216,0.136174234,0.132372659,0.129702972,0.124609981,0.118352073,0.110243135,0.101068785,0.092318068,0.081940053,0.072102031,0.060360619,0.05074463,0.040977486,0.032784738,0.024448606,0.017230636,0.011398482,0.006527861,0.002870733,0.002271304,0.001800418,0.001421997,0.001117462,0.00087461,0.000683667,0.000534195,0.000417612,0.000326364,0.000254973,0.000199138,0.000154167,0.000119344,0.000092379,0.000071502
40,0,0,0,0,0,0,0,0,0.000028412,0.000108156,0.000234564,0.000392406,0.000569391,0.000776457,0.000970074,0.00108267,0.001094228,0.00100363,0.000898971,0.00093625,0.001256933,0.001930629,0.00304725,0.004668698,0.006853081,0.009674891,0.013336563,0.018041676,0.024099173,0.031953266,0.042089883,0.055204682,0.072216398,0.093912527,0.121503808,0.155076331,0.194751755,0.237926972,0.28134935,0.32155117,0.345327271,0.357672747,0.352992217,0.33613505,0.309493107,0.281097599,0.253664573,0.227183635,0.202452006,0.180344486,0.161549392,0.146730974,0.13614125,0.129432078,0.125584417,0.123822129,0.122890272,0.123468693,0.124546477,0.126373229,0.129241624,0.131842504,0.134280206,0.136534663,0.137754425,0.137691458,0.137347852,0.136360611,0.132703226,0.130140139,0.125101647,0.118920361,0.110906479,0.10184725,0.093242894,0.083022163,0.073276825,0.061516179,0.051837705,0.041925159,0.03354872,0.02502757,0.017651511,0.011693986,0.006719322,0.002986332,0.002362766,0.001872918,0.001479258,0.00116246,0.000909829,0.000711197,0.000555706,0.000434428,0.000339507,0.000265241,0.000207157,0.000160375,0.000124149,0.000096099,0.000074382
41,0,0,0,0,0,0,0,0,0.000028372,0.000108003,0.000234722,0.000393116,0.000570428,0.000777879,0.000971678,0.001084122,0.0010955,0.001004717,0.000899944,0.000937326,0.001258539,0.00193353,0.003052793,0.004679098,0.006871794,0.009707133,0.013387521,0.018117426,0.024206828,0.03210112,0.042286791,0.055452165,0.072508039,0.094226459,0.121794915,0.155262223,0.194787964,0.237774383,0.280988629,0.320993035,0.344635989,0.356903214,0.352220982,0.335428656,0.308904828,0.280653042,0.253342212,0.226963708,0.202315834,0.180275254,0.161533029,0.14673402,0.136138366,0.129402167,0.125507368,0.12367681,0.122675186,0.123179039,0.124177358,0.125917453,0.12868871,0.131217477,0.133610656,0.135851816,0.137097884,0.137105935,0.136861412,0.136006522,0.132521932,0.130169117,0.125386246,0.119412744,0.111545876,0.102567705,0.093984936,0.083707621,0.07392531,0.062122805,0.052432553,0.042511248,0.034147339,0.025573599,0.01810713,0.012040037,0.006937112,0.003077664,0.002435027,0.001930198,0.001524499,0.001198012,0.000937654,0.000732948,0.000572701,0.000447715,0.00034989,0.000273353,0.000213492,0.00016528,0.000127946,0.000099038,0.000076656
42,0,0,0,0,0,0,0,0,0.000028309,0.000107763,0.00023469,0.000393507,0.000571003,0.00077867,0.000972494,0.001084696,0.001095884,0.001004989,0.000900187,0.000937642,0.001259126,0.001934864,0.003055864,0.004685709,0.006884943,0.009731519,0.013427649,0.018178523,0.02429491,0.032223022,0.042449513,0.055654813,0.072741033,0.094464138,0.12198739,0.155322265,0.194666165,0.237428797,0.280399723,0.320174141,0.343664685,0.355843659,0.351163523,0.3344497,0.308065579,0.279980522,0.25281412,0.226559513,0.202015442,0.180059725,0.161385605,0.146618024,0.136025032,0.129267255,0.12532845,0.123431065,0.122360444,0.122789274,0.12370727,0.125359243,0.128031054,0.130485612,0.132832299,0.135058337,0.136329716,0.136408821,0.136263641,0.135541875,0.132233014,0.130092509,0.125569295,0.119808549,0.112095169,0.10320539,0.094651183,0.084325587,0.074514217,0.062679403,0.052985227,0.043063207,0.034718621,0.026099214,0.018548337,0.012376532,0.007149406,0.003166556,0.002505358,0.001985947,0.001568531,0.001232614,0.000964736,0.000754118,0.000589242,0.000460646,0.000359996,0.000281248,0.000219658,0.000170054,0.000131642,0.000101899,0.00007887
43,0,0,0,0,0,0,0,0,0.000028243,0.000107513,0.000234639,0.000393865,0.00057153,0.000779395,0.000973227,0.001085177,0.001096176,0.001005176,0.000900354,0.000937878,0.001259606,0.001936034,0.003058675,0.004691922,0.006897507,0.009755076,0.013466631,0.018238066,0.024380912,0.032342165,0.042608599,0.055852698,0.072967812,0.094693764,0.122169497,0.155369159,0.194527943,0.237063236,0.279787279,0.319328411,0.342664601,0.35475432,0.350076675,0.333442746,0.307200522,0.279284521,0.252264805,0.226136279,0.201698056,0.179829034,0.16122458,0.146489666,0.13590023,0.129121452,0.125138987,0.123174954,0.122035446,0.122389238,0.123226856,0.124790594,0.12736276,0.129742923,0.132042933,0.134253664,0.13555024,0.135700372,0.135654519,0.135065901,0.131932998,0.130004924,0.125741676,0.120194114,0.112634829,0.103834169,0.09530924,0.084936248,0.075096658,0.063230544,0.053533264,0.043611369,0.035286806,0.026622474,0.018987851,0.012711884,0.007361036,0.003255154,0.002575456,0.002041513,0.001612417,0.001267102,0.000991729,0.000775217,0.000605729,0.000473534,0.000370068,0.000289117,0.000225804,0.000174812,0.000135325,0.00010475,0.000081077
44,0,0,0,0,0,0,0,0,0.000028174,0.000107251,0.000234558,0.000394176,0.000571987,0.000780025,0.000973842,0.001085527,0.001096334,0.001005241,0.000900411,0.000938,0.001259932,0.001936968,0.003061113,0.004697562,0.006909226,0.009777436,0.013503958,0.018295365,0.024463912,0.032457321,0.042762433,0.056043702,0.073185616,0.094911775,0.122336675,0.155397158,0.194366161,0.236669059,0.27914115,0.318444307,0.341623385,0.353622424,0.348947837,0.332395783,0.306298575,0.278554939,0.251685116,0.225685784,0.201356326,0.179576613,0.16104405,0.146343576,0.135758983,0.128960037,0.124934416,0.122904008,0.121695784,0.121974532,0.122731709,0.124207064,0.126679323,0.128984838,0.131237915,0.133433078,0.134754681,0.134975786,0.135029218,0.134573754,0.131617104,0.129901591,0.125898699,0.12056489,0.113160544,0.104450027,0.095955397,0.085536294,0.075669692,0.063773734,0.054074531,0.044153965,0.035850427,0.027142244,0.019424844,0.013045529,0.007571668,0.003343314,0.002645207,0.002096803,0.001656087,0.001301419,0.001018588,0.000796213,0.000622134,0.000486359,0.000380091,0.000296947,0.00023192,0.000179546,0.00013899,0.000107587,0.000083273
45,0,0,0,0,0,0,0,0,0.000028111,0.00010701,0.000234524,0.000394564,0.000572557,0.000780809,0.00097465,0.001086091,0.001096709,0.001005505,0.000900647,0.000938308,0.001260508,0.001938285,0.003064155,0.004704129,0.006922307,0.00980172,0.013543939,0.018356257,0.024551713,0.032578847,0.042924657,0.056245707,0.073417799,0.09514846,0.122527972,0.155455869,0.194242873,0.236321836,0.278550476,0.317623528,0.340650142,0.352560909,0.347888456,0.331414971,0.305457558,0.27788073,0.251155428,0.225280095,0.201054547,0.1793598,0.160895434,0.146226481,0.135644634,0.128824185,0.124754631,0.122657472,0.121380323,0.121584112,0.122261033,0.123648333,0.126021215,0.128252568,0.130459177,0.132639212,0.133986093,0.134278187,0.134430872,0.134108417,0.131327362,0.129823983,0.126080548,0.12095935,0.113708414,0.105086281,0.096620258,0.086153003,0.07625745,0.064329309,0.054626265,0.044705066,0.036420902,0.027667166,0.019865496,0.013381615,0.007783711,0.003432098,0.002715453,0.002152485,0.001700065,0.001335979,0.001045638,0.000817357,0.000638655,0.000499275,0.000390184,0.000304833,0.000238078,0.000184314,0.000142681,0.000110444,0.000085484
46,0,0,0,0,0,0,0,0,0.000028034,0.000106717,0.000234154,0.000394184,0.000572318,0.000780793,0.000974969,0.001086801,0.001097647,0.001006475,0.000901549,0.000939226,0.001261641,0.001939977,0.003066898,0.004708665,0.006929775,0.009813863,0.013563959,0.018389254,0.024605698,0.032666317,0.043064582,0.056455805,0.073719568,0.095565501,0.123085709,0.156173281,0.195104883,0.23727112,0.279483661,0.318397607,0.341085861,0.352666916,0.347715459,0.331045784,0.304984513,0.277380385,0.25066946,0.2248405,0.20068284,0.179068214,0.16068952,0.146088142,0.135560067,0.128784117,0.124753648,0.122692661,0.121433148,0.121636581,0.122293907,0.123640738,0.125949384,0.128118106,0.130263777,0.132384689,0.133676281,0.133918588,0.134045786,0.133725987,0.130984528,0.129551267,0.12592113,0.120924964,0.113808709,0.105327455,0.09701103,0.086693134,0.076898413,0.064995225,0.055279237,0.045284779,0.036894644,0.028038146,0.020152685,0.013606681,0.007958899,0.003575083,0.002828581,0.00224216,0.001770892,0.001391637,0.0010892,0.000851409,0.000665262,0.000520075,0.00040644,0.000317532,0.000247997,0.000191993,0.000148625,0.000115045,0.000089046
47,0,0,0,0,0,0,0,0,0.000027937,0.000106349,0.000233618,0.000393527,0.000571677,0.000780227,0.000974604,0.001086747,0.001097814,0.001006739,0.000901819,0.000939485,0.001261889,0.001940307,0.003067489,0.004709896,0.006932379,0.009819119,0.013574463,0.018409352,0.024642431,0.032730894,0.043174344,0.056626378,0.073969745,0.09591568,0.123557342,0.15678145,0.195830394,0.238054337,0.28022111,0.318948501,0.341282223,0.352525205,0.347298034,0.330443749,0.30429686,0.27668481,0.250007039,0.22424263,0.200169878,0.178650615,0.160370562,0.145847066,0.135380195,0.128653536,0.124665012,0.122641667,0.121400688,0.121603621,0.122240878,0.123546266,0.125789012,0.127893536,0.129976718,0.132036978,0.133272335,0.133464652,0.133566257,0.13324934,0.13054943,0.129187341,0.125673129,0.120805592,0.113829108,0.105494788,0.097333905,0.087172721,0.077485782,0.065615927,0.055893812,0.045833068,0.037342784,0.028389678,0.020425909,0.01382234,0.008128615,0.003715653,0.002939799,0.002330321,0.001840522,0.001446355,0.001132027,0.000884885,0.00069142,0.000540524,0.000422421,0.000330018,0.000257748,0.000199542,0.000154469,0.000119569,0.000092547
48,0,0,0,0,0,0,0,0,0.000027835,0.000105961,0.00023304,0.000392799,0.000570932,0.000779519,0.000974059,0.001086494,0.001097779,0.001006818,0.000901924,0.000939571,0.001261905,0.001940281,0.003067517,0.004710264,0.006933713,0.009822574,0.013582477,0.018426072,0.024674641,0.03278946,0.043276172,0.056786539,0.074206314,0.096248208,0.124006235,0.157360762,0.196519867,0.238793767,0.280907052,0.319440831,0.341416002,0.35231892,0.346817051,0.329781282,0.303553584,0.275938674,0.249298939,0.22360379,0.199620339,0.178200364,0.160022282,0.145579312,0.135175551,0.128499406,0.124553547,0.122568209,0.121345987,0.121548383,0.122165458,0.123429172,0.12560562,0.127645574,0.1296659,0.131665142,0.13284405,0.132986352,0.13306235,0.132748373,0.130090497,0.128799815,0.125402149,0.120664106,0.113828644,0.105642753,0.097638876,0.087636232,0.078058829,0.066224475,0.056498017,0.046372844,0.037783988,0.028735935,0.020695333,0.014035421,0.008296806,0.003855512,0.003050456,0.002418035,0.001909801,0.001500797,0.001174637,0.000918193,0.000717446,0.00056087,0.000438321,0.00034244,0.00026745,0.000207053,0.000160283,0.000124069,0.000096031
49,0,0,0,0,0,0,0,0,0.000027733,0.00010557,0.000232454,0.000392056,0.000570165,0.000778782,0.000973479,0.001086201,0.001097704,0.00100686,0.000901995,0.000939623,0.001261875,0.001940183,0.003067431,0.004710456,0.006934787,0.009825663,0.013589982,0.0184421,0.024705918,0.032846781,0.043376345,0.056944519,0.074440021,0.096577013,0.124450322,0.15793397,0.197201734,0.239523995,0.28158225,0.319921064,0.341537021,0.352099615,0.346323369,0.329106828,0.302799332,0.275182589,0.248581867,0.222956903,0.199063608,0.177743674,0.159668197,0.145306256,0.134965965,0.128340561,0.124437496,0.122490222,0.121286795,0.121488646,0.122085525,0.123307536,0.125417633,0.12739297,0.129350391,0.131288566,0.132411006,0.132503308,0.132553707,0.13224268,0.129626921,0.128407663,0.125126619,0.120518191,0.113823944,0.105786724,0.097940084,0.088096285,0.078628726,0.066830299,0.057099861,0.046910663,0.038223597,0.029080974,0.020963872,0.014247888,0.008464616,0.003995169,0.003160951,0.002505623,0.001978979,0.00155516,0.001217185,0.000951452,0.000743433,0.000581186,0.000454198,0.000354844,0.000277138,0.000214553,0.000166089,0.000128563,0.000099509
50,0,0,0,0,0,0,0,0,0.000027631,0.000105184,0.000231878,0.000391332,0.000569426,0.000778082,0.000972945,0.001085959,0.001097681,0.001006948,0.000902108,0.000939719,0.001261904,0.001940176,0.003067489,0.004710869,0.006936187,0.00982921,0.013598121,0.018458985,0.024738341,0.032905618,0.04347851,0.057105102,0.07467712,0.096910208,0.124900056,0.158514342,0.197892558,0.240265145,0.282270363,0.320416092,0.341673997,0.351896904,0.345846127,0.328448081,0.302059588,0.27443972,0.247876745,0.222320738,0.19851644,0.177295506,0.159321743,0.145040125,0.134762793,0.128187797,0.124327327,0.122418009,0.121233312,0.121434629,0.122011348,0.123191731,0.125235604,0.127146442,0.129041076,0.130918301,0.131984349,0.132026677,0.13205149,0.131743397,0.129169614,0.128021694,0.124857069,0.120377986,0.113824581,0.105935593,0.098245756,0.088560275,0.079202071,0.067439002,0.057704129,0.047450457,0.038664814,0.029427233,0.021233281,0.014460935,0.008632752,0.004134954,0.003271548,0.002593291,0.00204822,0.001609573,0.001259773,0.000984742,0.000769445,0.000601521,0.00047009,0.000367259,0.000286834,0.00022206,0.0001719,0.000133062,0.000102991
51,0,0,0,0,0,0,0,0,0.000027698,0.000105438,0.0002319,0.000390885,0.000568814,0.000777285,0.0009722,0.00108557,0.001097566,0.001006983,0.000902184,0.000939773,0.001261858,0.001940036,0.003067323,0.004710944,0.006937131,0.009832219,0.013604626,0.018471051,0.024758946,0.032939087,0.043531,0.057188793,0.074811041,0.097122661,0.125232846,0.159023546,0.19861872,0.241234368,0.283485237,0.321850719,0.343229392,0.353443031,0.347228712,0.329552194,0.302809941,0.274814414,0.24798103,0.222243161,0.198329307,0.177054533,0.15906732,0.144791044,0.134531126,0.127982717,0.124158707,0.122297574,0.121157249,0.121399953,0.122016617,0.123236098,0.125319094,0.127253802,0.129155212,0.131019834,0.132050716,0.132032967,0.13200615,0.131655782,0.129052036,0.127884845,0.124716343,0.120252045,0.113734145,0.105900941,0.098287147,0.088697465,0.079424346,0.067723982,0.058041896,0.047818593,0.039053319,0.02979005,0.021542139,0.014700506,0.008788273,0.004206215,0.003327929,0.002637983,0.002083519,0.001637312,0.001281483,0.001001713,0.000782705,0.000611887,0.000478191,0.000373588,0.000291778,0.000225887,0.000174863,0.000135355,0.000104766
52,0,0,0,0,0,0,0,0,0.000027743,0.000105609,0.000231736,0.000390126,0.000567749,0.000775868,0.000970678,0.001084315,0.001096575,0.001006214,0.00090154,0.000939077,0.001260804,0.001938347,0.003064709,0.00470726,0.006932538,0.009827382,0.013600275,0.018468381,0.024759801,0.032946284,0.043548774,0.057226883,0.074885323,0.097257711,0.125465861,0.1594061,0.199186745,0.242011571,0.284474501,0.323029234,0.344511677,0.35470789,0.348334902,0.33039387,0.303319011,0.274969966,0.247887442,0.221988157,0.197983775,0.176672111,0.158685799,0.144426262,0.134191956,0.127675375,0.123890897,0.122079461,0.120984443,0.121268362,0.1219245,0.123182128,0.125302604,0.127259652,0.129166324,0.131016847,0.132011722,0.131933877,0.131855424,0.131463036,0.12883139,0.127645849,0.124475998,0.120030055,0.113552883,0.105781744,0.098250111,0.088763935,0.079583348,0.067955061,0.058333519,0.048148761,0.039410863,0.030129287,0.021833969,0.014928473,0.008936863,0.004274156,0.003381684,0.002680594,0.002117173,0.001663758,0.001302183,0.001017893,0.000795348,0.000621771,0.000485915,0.000379623,0.000296491,0.000229535,0.000177687,0.000137541,0.000106458
53,0,0,0,0,0,0,0,0,0.000027783,0.000105762,0.000231534,0.000389303,0.00056659,0.000774323,0.000968997,0.001082882,0.001095403,0.00100528,0.000900747,0.000938227,0.001259544,0.001936339,0.003061592,0.004702801,0.006926805,0.009820928,0.013593686,0.018462669,0.024756576,0.03294805,0.043559366,0.057255529,0.074947236,0.09737668,0.125678108,0.15976223,0.199721714,0.242748576,0.285416481,0.324154033,0.345736662,0.355913778,0.349383237,0.331180758,0.303777893,0.275080151,0.247753055,0.221696687,0.197605771,0.176260744,0.158278295,0.14403784,0.133830822,0.127347129,0.12360279,0.121841326,0.120791777,0.121116847,0.121812334,0.123107886,0.125265478,0.127244534,0.12915615,0.130992276,0.131950995,0.131813092,0.131683038,0.131248714,0.128589612,0.127385925,0.124215246,0.119788384,0.11335299,0.10564517,0.098196903,0.088815753,0.079729172,0.068174848,0.058615408,0.048470858,0.039761764,0.030463417,0.022122079,0.015153885,0.009083918,0.004341365,0.003434859,0.002722744,0.002150464,0.00168992,0.001322659,0.001033899,0.000807854,0.000631548,0.000493556,0.000385592,0.000301153,0.000233145,0.000180481,0.000139704,0.000108132
54,0,0,0,0,0,0,0,0,0.000027825,0.000105921,0.000231346,0.000388503,0.000565466,0.000772825,0.000967374,0.001081513,0.001094298,0.001004406,0.000900009,0.000937433,0.001258359,0.001934448,0.003058658,0.004698624,0.006921487,0.009815062,0.01358791,0.018458058,0.024754826,0.032951775,0.043572543,0.057287566,0.075013576,0.097501379,0.125897718,0.160127676,0.200268283,0.243499633,0.286374944,0.325297523,0.34698157,0.357140204,0.350451804,0.331986933,0.304254605,0.275206641,0.247633476,0.22141856,0.197239721,0.175860079,0.157880421,0.14365819,0.133477838,0.127026631,0.123322187,0.121610566,0.120606398,0.120972617,0.121707475,0.123041007,0.125235822,0.127236992,0.129153666,0.13097551,0.13189815,0.131700213,0.131518576,0.131042312,0.128355611,0.127133716,0.123962021,0.119553967,0.113159945,0.105514953,0.098149566,0.088872827,0.079879661,0.068398575,0.058900636,0.048795668,0.040114845,0.030799183,0.022411353,0.01538008,0.009231436,0.004408797,0.00348821,0.002765035,0.002183866,0.001716169,0.001343203,0.001049958,0.000820402,0.000641357,0.000501222,0.000391581,0.00030583,0.000236766,0.000183285,0.000141874,0.000109811
55,0,0,0,0,0,0,0,0,0.000027869,0.000106089,0.000231178,0.000387737,0.00056439,0.000771393,0.000965834,0.001080237,0.001093285,0.001003617,0.000899347,0.000936719,0.00125728,0.00193272,0.003055983,0.004694846,0.006916756,0.009810026,0.013583281,0.018455007,0.024755166,0.032958279,0.043589392,0.057324425,0.07508622,0.097634258,0.126127869,0.160506495,0.200831543,0.24427095,0.287357206,0.326468026,0.348255281,0.358396297,0.351549535,0.332820815,0.30475681,0.275356307,0.247534841,0.221159224,0.196890455,0.175474408,0.157496023,0.143290809,0.133136254,0.126716975,0.123052098,0.121390156,0.120431268,0.120838651,0.121612925,0.122984536,0.125216747,0.127240191,0.129162081,0.130969804,0.131856456,0.13159849,0.131365276,0.130847047,0.128132531,0.126892331,0.123719354,0.119329728,0.112976522,0.10539369,0.098110529,0.088937379,0.080036834,0.068627988,0.059190726,0.049124472,0.040471176,0.031137419,0.022702408,0.015607485,0.009379676,0.004476574,0.003541836,0.002807543,0.002217439,0.001742552,0.001363852,0.001066099,0.000833015,0.000651217,0.000508927,0.000397601,0.000310532,0.000240406,0.000186102,0.000144055,0.000111499
56,0,0,0,0,0,0,0,0,0.000027887,0.000106157,0.000231541,0.000388541,0.000565241,0.000772242,0.00096637,0.001080133,0.001092818,0.001003098,0.000898975,0.000936589,0.001257651,0.00193371,0.003057602,0.004696529,0.006916788,0.009804834,0.013571504,0.018436301,0.024731109,0.032933809,0.043575249,0.057327498,0.075115658,0.097701732,0.126247782,0.160694438,0.201122433,0.244706834,0.287983747,0.327329202,0.34935535,0.359685178,0.352937689,0.334223463,0.306095205,0.276589483,0.248609145,0.222037557,0.19755376,0.175918188,0.15772432,0.143367884,0.133108956,0.126618443,0.122907236,0.121220124,0.120249452,0.120657263,0.121446319,0.122848068,0.125127703,0.127197959,0.129165902,0.131018902,0.131949464,0.131733037,0.131527173,0.131020076,0.128295907,0.127027801,0.123802154,0.11937149,0.112990746,0.105395732,0.098116631,0.08896414,0.080088546,0.068705798,0.059298218,0.04926058,0.040637887,0.031313912,0.02287402,0.01576534,0.009513375,0.004584524,0.003627245,0.002875245,0.002270912,0.001784572,0.001396741,0.001091808,0.000853102,0.000666921,0.0005212,0.000407189,0.00031802,0.000246203,0.00019059,0.000147529,0.000114188
57,0,0,0,0,0,0,0,0,0.000027884,0.000106147,0.000231734,0.00038906,0.000565677,0.000772523,0.000966196,0.001079235,0.001091548,0.00100184,0.000897942,0.00093577,0.001257097,0.001933279,0.003056974,0.004694759,0.006911735,0.00979243,0.013549742,0.01840403,0.024688856,0.032885111,0.043529058,0.057288422,0.075089883,0.097697406,0.126274936,0.160764331,0.201265605,0.244963033,0.288398887,0.327950174,0.35019915,0.360710297,0.354067097,0.335381133,0.307209269,0.277619963,0.24950124,0.222753113,0.198072173,0.176232864,0.157836775,0.143339589,0.132983774,0.126426761,0.122671929,0.120960873,0.119979124,0.120387063,0.121190329,0.122621201,0.124946611,0.127062181,0.129074756,0.130971695,0.131945507,0.131770801,0.131592453,0.131096865,0.128365042,0.127069948,0.123793973,0.119325506,0.1129219,0.105320284,0.098050595,0.088925504,0.0800814,0.068733134,0.059362169,0.049360542,0.040774808,0.031467476,0.023028906,0.015911689,0.009640151,0.004689161,0.003710033,0.00294087,0.002322743,0.001825303,0.00142862,0.001116727,0.000872574,0.000682143,0.000533096,0.000416483,0.000325279,0.000251822,0.00019494,0.000150896,0.000116794
58,0,0,0,0,0,0,0,0,0.000027878,0.000106124,0.0002319,0.000389533,0.000566047,0.000772714,0.000965909,0.001078211,0.00109015,0.001000466,0.000896804,0.000934842,0.001256397,0.001932622,0.003055988,0.004692441,0.006905874,0.009778883,0.013526399,0.018369613,0.024643725,0.032832577,0.043477784,0.057242648,0.075055322,0.097681639,0.126287291,0.160815373,0.201385159,0.245190461,0.288780118,0.328532542,0.35100167,0.361692849,0.355154683,0.33649916,0.308287003,0.278617606,0.250363834,0.223442355,0.198567225,0.176526801,0.157930707,0.143294513,0.132843056,0.126220332,0.122422326,0.120687535,0.119694828,0.120102847,0.120920225,0.122380044,0.124750941,0.126911563,0.128968521,0.130909163,0.131926097,0.131793118,0.131642299,0.131158276,0.12841912,0.127097198,0.123771295,0.119265561,0.11283985,0.105232523,0.097973096,0.088876464,0.080064876,0.068752411,0.059419147,0.049454691,0.040906911,0.031617307,0.023181047,0.016056128,0.009765758,0.004793217,0.003792361,0.003006129,0.002374286,0.001865808,0.001460322,0.001141508,0.000891936,0.00069728,0.000544926,0.000425725,0.000332497,0.00025741,0.000199266,0.000154244,0.000119386
59,0,0,0,0,0,0,0,0,0.000027874,0.000106108,0.00023208,0.00039003,0.000566452,0.000772952,0.000965682,0.001077253,0.00108882,0.000999154,0.000895722,0.000933971,0.001255774,0.001932084,0.00305519,0.004690412,0.006900441,0.009765943,0.013503899,0.018336341,0.024600128,0.032782085,0.043429207,0.057200418,0.075025397,0.097671896,0.126307422,0.160876304,0.201517076,0.24543291,0.289179001,0.329134935,0.35182552,0.362697323,0.35626375,0.337637508,0.309383334,0.279632048,0.251241536,0.224145111,0.199074329,0.176831505,0.158034335,0.143258283,0.132710573,0.126021754,0.122180358,0.120421732,0.11941801,0.119826134,0.120657669,0.122146514,0.124563029,0.126768819,0.12887027,0.130854718,0.131914822,0.131823547,0.131700237,0.131227745,0.12848109,0.127132268,0.123756251,0.119212986,0.112764781,0.105151278,0.097901662,0.088832918,0.080053292,0.068775916,0.059479765,0.049551853,0.041041486,0.031769031,0.02333456,0.016201504,0.009891921,0.00489753,0.003874893,0.00307155,0.002425957,0.001906413,0.001492102,0.00116635,0.000911347,0.000712454,0.000556785,0.00043499,0.000339733,0.000263012,0.000203603,0.000157601,0.000121984
60,0,0,0,0,0,0,0,0,0.000027873,0.000106105,0.000232289,0.000390575,0.000566927,0.000773287,0.000965574,0.001076429,0.001087625,0.000997966,0.000894751,0.000933217,0.001255306,0.001931785,0.003054771,0.004688964,0.006895863,0.009754215,0.013483075,0.018305346,0.024559587,0.032735662,0.043386019,0.05716528,0.075004771,0.097674253,0.126343195,0.160957151,0.20167393,0.245705717,0.289613631,0.329777989,0.352692799,0.363746542,0.357416746,0.338817472,0.310517789,0.280680943,0.2521502,0.224875503,0.199605999,0.177158058,0.158157519,0.143239803,0.132594552,0.125838822,0.121953567,0.120170894,0.119156034,0.119564314,0.120410106,0.121928156,0.124390579,0.126641803,0.128787999,0.130816492,0.131919888,0.131870299,0.131774478,0.131313455,0.128558964,0.127183079,0.123756539,0.119175186,0.112703694,0.105083072,0.097842366,0.088800383,0.080051625,0.068807937,0.05954774,0.049655135,0.04118112,0.031924662,0.023490936,0.01634886,0.010019286,0.00500243,0.003957889,0.00313734,0.002477918,0.001947246,0.001524062,0.001191332,0.000930868,0.000727715,0.00056871,0.000444307,0.00034701,0.000268646,0.000207963,0.000160977,0.000124597
61,0,0,0,0,0,0,0,0,0.000027885,0.000106149,0.000232385,0.000390736,0.000567364,0.000774085,0.000966857,0.001078215,0.001089529,0.000999621,0.000896013,0.000934173,0.00125594,0.001932175,0.003055068,0.004689799,0.006898883,0.009762755,0.013496919,0.018321735,0.024571457,0.032728838,0.043334793,0.057060887,0.074843813,0.09746524,0.126114972,0.160773262,0.201560932,0.245690915,0.289717084,0.330006008,0.353024919,0.364196754,0.357981749,0.33948575,0.311267425,0.281497166,0.25298884,0.225700049,0.20039018,0.17788618,0.158823149,0.143826085,0.133092636,0.126240534,0.122245496,0.120333629,0.119212533,0.119535059,0.120313882,0.121783764,0.124217288,0.126452546,0.128597166,0.130640404,0.131778072,0.131784305,0.131741549,0.131330837,0.128622621,0.127289753,0.123900471,0.119342896,0.112878804,0.105248925,0.097983978,0.088899161,0.080119496,0.068855,0.059587302,0.04969753,0.041236788,0.031988234,0.023558415,0.016417828,0.010085899,0.005066237,0.004008373,0.003177357,0.002509524,0.001972084,0.001543501,0.001206528,0.000942741,0.000736997,0.000575964,0.000449974,0.000351436,0.000272072,0.000210616,0.00016303,0.000126186
62,0,0,0,0,0,0,0,0,0.000027883,0.000106144,0.000232376,0.000390721,0.000567545,0.000774534,0.000967704,0.001079514,0.001090941,0.001000825,0.000896871,0.000934707,0.001256006,0.001931693,0.003053985,0.004688516,0.006898787,0.009766887,0.013504671,0.018329853,0.024572231,0.032707226,0.043263973,0.056930679,0.074648985,0.097212121,0.125829695,0.160516678,0.20135684,0.245565121,0.289689701,0.330085038,0.353197691,0.364482615,0.358385251,0.340000921,0.311876732,0.282186534,0.253713509,0.226422948,0.201084131,0.178534217,0.159417282,0.144347615,0.133530784,0.126585369,0.122482313,0.120442067,0.119215202,0.119451795,0.120163273,0.121584304,0.12398782,0.126206096,0.128348171,0.130405236,0.131576675,0.131638748,0.131649095,0.131288898,0.1286282,0.127338967,0.123988488,0.119456757,0.113002988,0.105367296,0.098081381,0.088957817,0.0801512,0.068870978,0.059599962,0.049717491,0.041273848,0.03203738,0.023615276,0.016479406,0.01014798,0.005127779,0.004057064,0.003215954,0.002540009,0.00199604,0.001562251,0.001221184,0.000954193,0.000745949,0.000582961,0.00045544,0.000355705,0.000275377,0.000213175,0.00016501,0.000127719
63,0,0,0,0,0,0,0,0,0.000027879,0.000106127,0.000232337,0.000390656,0.000567655,0.000774885,0.00096843,0.001080678,0.001092216,0.001001902,0.000897616,0.000935124,0.001255914,0.001930967,0.003052518,0.004686642,0.006897824,0.00976979,0.013510721,0.018335664,0.024569914,0.032681503,0.043187723,0.056793334,0.074444805,0.096946823,0.125528643,0.160239949,0.201127453,0.245408454,0.289625873,0.330122517,0.353325984,0.364722556,0.358743576,0.340473205,0.312446671,0.282840252,0.254406106,0.227117208,0.201752638,0.179159656,0.159991235,0.144850875,0.13395204,0.126914205,0.122703669,0.120535327,0.11920287,0.119353518,0.119997574,0.121369586,0.123742798,0.125943816,0.128083076,0.130153708,0.131358762,0.131476657,0.131540096,0.131230448,0.128617592,0.127372147,0.124060885,0.119555564,0.113112927,0.105472385,0.098166421,0.089005267,0.080172813,0.068878286,0.059605119,0.049731192,0.041305707,0.032082485,0.023669155,0.016538898,0.010208771,0.005188662,0.004105235,0.003254138,0.002570167,0.002019739,0.0015808,0.001235684,0.000965522,0.000754806,0.000589882,0.000460848,0.000359928,0.000278647,0.000215706,0.00016697,0.000129236
64,0,0,0,0,0,0,0,0,0.000027875,0.000106113,0.000232307,0.000390606,0.000567786,0.000775265,0.000969191,0.001081881,0.001093532,0.001003016,0.000898394,0.000935575,0.001255869,0.001930314,0.003051164,0.004684943,0.006897116,0.009773054,0.013517271,0.018342152,0.024568508,0.032656999,0.043113096,0.056658134,0.074243444,0.096685195,0.125232332,0.159969241,0.200905589,0.24526093,0.289572799,0.330172222,0.353467337,0.364975945,0.359115093,0.34095797,0.313028024,0.283504263,0.25510793,0.227819683,0.202428426,0.179791552,0.160570949,0.145359356,0.134378137,0.127247649,0.122929509,0.120633028,0.11919496,0.119259694,0.119836372,0.121159429,0.123502434,0.125686281,0.127822807,0.129907078,0.131145783,0.131319486,0.131436004,0.13117688,0.128611754,0.127410039,0.124137859,0.119658774,0.113227028,0.105581352,0.098255076,0.089056002,0.080197391,0.068888145,0.059612485,0.049746732,0.041339088,0.032128766,0.023723895,0.016598985,0.010269923,0.005249721,0.004153544,0.003292432,0.002600412,0.002043507,0.001599402,0.001250225,0.000976884,0.000763688,0.000596824,0.000466271,0.000364164,0.000281926,0.000218244,0.000168934,0.000130757
65,0,0,0,0,0,0,0,0,0.000027876,0.000106114,0.000232309,0.000390609,0.000567994,0.00077575,0.000970083,0.001083231,0.001094995,0.001004267,0.000899294,0.000936153,0.001255995,0.001929922,0.003050225,0.004683881,0.006897345,0.009777645,0.013525656,0.01835113,0.024570438,0.032636932,0.043044332,0.056530644,0.074052188,0.096436728,0.124953062,0.159720288,0.200711032,0.245146726,0.289559051,0.330266755,0.353656668,0.365278863,0.359535328,0.341488975,0.313651813,0.284206691,0.25584431,0.228553008,0.203131621,0.180447786,0.161172397,0.145887514,0.13482243,0.127598332,0.123172013,0.120747098,0.119203236,0.119182074,0.119691462,0.12096575,0.123278869,0.125445844,0.127579926,0.129678117,0.130950637,0.131180166,0.131349771,0.13114113,0.128623382,0.127465227,0.124231681,0.119778219,0.113356489,0.105704643,0.098357062,0.089118824,0.080232855,0.068907357,0.059627944,0.049769025,0.041378078,0.032179403,0.02378185,0.016661319,0.010332462,0.005311485,0.004202411,0.003331168,0.002631006,0.002067549,0.00161822,0.001264934,0.000988377,0.000772673,0.000603846,0.000471757,0.000368448,0.000285243,0.000220812,0.000170922,0.000132295
66,0,0,0,0,0,0,0,0,0.000027882,0.000106138,0.000232362,0.000390698,0.000568122,0.000775925,0.000970302,0.001083475,0.001095339,0.001004742,0.000899921,0.000937073,0.001257667,0.001932862,0.003055016,0.004690822,0.006906048,0.009786562,0.013535431,0.018363799,0.024590433,0.032672628,0.043110324,0.056621469,0.074149215,0.096498641,0.124903348,0.159431676,0.200158406,0.244352828,0.288614507,0.329334804,0.352979837,0.364866036,0.359365931,0.341510365,0.31379932,0.284419997,0.256116708,0.22887624,0.203497431,0.18084954,0.161606461,0.146338582,0.135283715,0.128067916,0.123648205,0.121227248,0.119666709,0.119610048,0.120059349,0.121246777,0.123442181,0.125505162,0.12755083,0.129578122,0.130800529,0.131004396,0.131160892,0.130953655,0.128456224,0.127334265,0.124159067,0.11975916,0.113384451,0.105771236,0.098454107,0.08923561,0.080360206,0.06903102,0.059741246,0.0498614,0.041443872,0.032224704,0.023814328,0.016687772,0.010357364,0.005338959,0.004224148,0.003348398,0.002644615,0.002078244,0.00162659,0.001271477,0.00099349,0.00077667,0.000606969,0.000474197,0.000370354,0.000286718,0.000221954,0.000171806,0.000132979
67,0,0,0,0,0,0,0,0,0.000027883,0.000106144,0.000232374,0.000390718,0.000568153,0.000775967,0.000970354,0.001083534,0.001095494,0.001005045,0.000900394,0.000937832,0.001259123,0.001935469,0.003059282,0.004696957,0.006913563,0.009793796,0.013542876,0.018373307,0.024606196,0.032702703,0.043168906,0.056702562,0.074233493,0.096543945,0.124832098,0.159115513,0.199571136,0.243516603,0.287619967,0.328345845,0.352241995,0.364390225,0.359134565,0.341472917,0.313892798,0.284584355,0.256345052,0.229160124,0.203828279,0.181220243,0.162012801,0.146764561,0.135721818,0.128515565,0.124103223,0.121686645,0.120109691,0.120017531,0.120406651,0.12150699,0.123584269,0.125542872,0.127499748,0.129455771,0.130627841,0.130806003,0.130949359,0.130743564,0.128266885,0.127181325,0.12406504,0.11971946,0.113392884,0.105819623,0.098534214,0.089337052,0.080473745,0.069142824,0.059844286,0.049945209,0.041502542,0.032264466,0.023842711,0.016711357,0.010380487,0.00536552,0.004245164,0.003365057,0.002657773,0.002088583,0.001634682,0.001277803,0.000998432,0.000780534,0.000609989,0.000476556,0.000372197,0.000288145,0.000223058,0.000172661,0.000133641
68,0,0,0,0,0,0,0,0,0.000027881,0.000106136,0.000232357,0.00039069,0.000568112,0.000775911,0.000970285,0.001083456,0.001095512,0.001005222,0.000900753,0.000938473,0.001260421,0.001937834,0.003063163,0.004702502,0.006920211,0.009799799,0.01354862,0.018380508,0.024618869,0.032728673,0.043222067,0.056776535,0.074308448,0.096577125,0.124745176,0.158779377,0.198958819,0.242649818,0.286589332,0.327315678,0.351459939,0.36386867,0.358858111,0.341392593,0.313946862,0.284712978,0.256541205,0.229415231,0.204133528,0.181568186,0.16239879,0.147172104,0.136142872,0.128947069,0.124542651,0.122130754,0.120537585,0.120409937,0.120738828,0.121751943,0.123710836,0.125564817,0.127432658,0.129317169,0.130438754,0.13059119,0.130721388,0.130517061,0.128061445,0.12701242,0.123955436,0.119664729,0.113387079,0.105854723,0.098601949,0.089427275,0.080577179,0.069245944,0.05993981,0.050022745,0.041556001,0.032300175,0.023868099,0.016732843,0.010402307,0.005391408,0.004265646,0.003381293,0.002670596,0.00209866,0.001642569,0.001283968,0.00100325,0.0007843,0.000612932,0.000478855,0.000373992,0.000289535,0.000224134,0.000173494,0.000134286
69,0,0,0,0,0,0,0,0,0.000027879,0.000106127,0.000232337,0.000390656,0.000568062,0.000775843,0.0009702,0.001083361,0.001095512,0.001005383,0.000901098,0.0009391,0.001261699,0.001940168,0.003066997,0.004707973,0.006926751,0.009805651,0.013554156,0.018387426,0.024631163,0.032754135,0.043274555,0.056849624,0.074382251,0.096608818,0.124656352,0.158440857,0.198343545,0.241779445,0.285554461,0.326280649,0.350672612,0.363341611,0.358576191,0.341307042,0.313996098,0.28483721,0.256733388,0.229666775,0.204435595,0.181913286,0.162782226,0.147577324,0.136561769,0.129376524,0.124980098,0.122572917,0.120963561,0.120800433,0.1210691,0.121994987,0.123835485,0.125584831,0.127363622,0.129176603,0.130247696,0.130374407,0.130491447,0.13028859,0.127854072,0.126841591,0.123843947,0.11960817,0.113379535,0.105888191,0.098668159,0.089516111,0.080679359,0.069347984,0.060034399,0.050099501,0.041608813,0.032335383,0.023893118,0.016754069,0.010423964,0.005417209,0.004286059,0.003397474,0.002683376,0.002108703,0.00165043,0.001290112,0.001008051,0.000788053,0.000615865,0.000481147,0.000375782,0.000290921,0.000225207,0.000174324,0.000134928
70,0,0,0,0,0,0,0,0,0.000027879,0.000106127,0.000232337,0.000390656,0.000568062,0.000775843,0.000970199,0.00108336,0.001095608,0.001005631,0.000901521,0.000939808,0.001263086,0.001942669,0.003071096,0.004713851,0.006933888,0.009812349,0.013560861,0.01839593,0.024645581,0.032782422,0.043330774,0.056927613,0.074462467,0.096648846,0.124578295,0.158116041,0.197745443,0.240930017,0.284544326,0.325273872,0.349915619,0.362845958,0.358325244,0.341250955,0.31407243,0.284986013,0.256947712,0.229938118,0.204755279,0.182274056,0.163179676,0.147995244,0.136992416,0.129817108,0.125428292,0.12302562,0.121399938,0.12120132,0.121409791,0.122248539,0.12397081,0.125615682,0.127305584,0.129047198,0.130067895,0.130168894,0.130272788,0.130071384,0.127657751,0.126681725,0.123743157,0.119561938,0.113381777,0.105930796,0.098742878,0.089612665,0.080788492,0.069456001,0.060134161,0.050180574,0.041665211,0.032373378,0.023920196,0.016776739,0.010446518,0.005443475,0.004306841,0.003413947,0.002696387,0.002118927,0.001658432,0.001296367,0.001012938,0.000791874,0.000618851,0.00048348,0.000377604,0.000292331,0.000226299,0.000175169,0.000135582
è·äQà»äOÅiéqÅj,0,0,0,0,0.007233025,0.013226462,0.02027448,0.027072111,0.032279402,0.035564932,0.038009623,0.041642424,0.048643395,0.060201683,0.075690311,0.093100418,0.11046671,0.126490723,0.140855719,0.15414169,0.167325528,0.18123455,0.19667954,0.213929528,0.232740244,0.25226385,0.271179558,0.287644972,0.300064544,0.307265276,0.308709878,0.304202851,0.293748824,0.27747132,0.255936726,0.230109807,0.201264956,0.170925639,0.1407112,0.112052172,0.086151406,0.063853746,0.045541517,0.031201584,0.020492576,0.012864618,0.007707718,0.004416427,0.002425604,0.001288305,0.000677661,0.000364304,0.000204248,0.00011763,0.000067684,0.000038091,0.000020386,0.000010535,0.000005613,0.000003293,0.000001921,0.000001031,0.000000572,0.000000317,0.000000176,0.000000097,0.000000054,0.00000003,0.000000017,0.000000009,0.000000005,0.000000003,0.000000002,0.000000001,0,0,0,0,0,0,0,0,0,0,0,0,0,0,0,0,0,0,0,0,0,0,0,0,0,0,0
è·äQì]Ç—ÅiïvÅj,0,0.000000342,0.000016857,0.000044054,0.000079478,0.000113506,0.000136592,0.000147985,0.00015408,0.000162534,0.000181822,0.000214494,0.000257045,0.000307457,0.000370038,0.000451268,0.000559387,0.000701725,0.00088637,0.00112372,0.001426573,0.00180766,0.002279285,0.002843451,0.003496344,0.004247523,0.005139352,0.006245695,0.007670137,0.009531562,0.012017291,0.015417771,0.020169739,0.026828545,0.036155193,0.049059137,0.066192393,0.087335316,0.111109947,0.135104729,0.156527293,0.173158064,0.184103819,0.189829839,0.191710337,0.191300356,0.189720165,0.187456746,0.184664305,0.181413798,0.177748482,0.173701428,0.169312742,0.164623707,0.159687766,0.154564524,0.149301628,0.143921504,0.13841474,0.132727949,0.126787541,0.120536722,0.113937308,0.106987184,0.099724197,0.092204369,0.084486067,0.076657074,0.068826107,0.061100529,0.053611851,0.046514298,0.039950817,0.034039481,0.028864106,0.024439498,0.020706767,0.017573649,0.014938236,0.012700954,0.010789129,0.009159594,0.007778979,0.006606464,0.00561068,0.00476499,0.00404677,0.003436806,0.00291878,0.002478837,0.002105205,0.00178789,0.001518404,0.001289537,0.001095167,0.000930094,0.000789902,0.000670841,0.000569726,0.000483852,0.000410922
è·äQì]Ç—ÅiéqÅj,0,0,0.000042042,0.001322744,0.003583834,0.006853765,0.010731321,0.014856872,0.019240453,0.024171207,0.029667994,0.035956284,0.043253886,0.051683247,0.061309547,0.072547373,0.085537667,0.100187866,0.116137344,0.132825837,0.149378665,0.164845163,0.178355635,0.189368517,0.197752987,0.20376431,0.207802055,0.210108634,0.210509615,0.208633349,0.204304509,0.197682384,0.189121049,0.179057569,0.167812331,0.155428234,0.141904759,0.127529479,0.112863174,0.098580933,0.085283102,0.073234966,0.062305574,0.052246463,0.043048624,0.034911149,0.028011395,0.022378798,0.01787346,0.014200433,0.011113808,0.008504108,0.006334479,0.004597415,0.003303377,0.002836907,0.002190659,0.001691626,0.001306273,0.001008704,0.000778921,0.000601482,0.000464465,0.000358659,0.000276957,0.000213866,0.000165147,0.000127527,0.000098476,0.000076043,0.00005872,0.000045344,0.000035015,0.000027038,0.000020879,0.000016123,0.00001245,0.000009614,0.000007424,0.000005733,0.000004427,0.000003418,0.00000264,0.000002038,0.000001574,0.000001215,0.000000939,0.000000725,0.00000056,0.000000432,0.000000334,0.000000258,0.000000199,0.000000154,0.000000119,0.000000092,0.000000071,0.000000055,0.000000042,0.000000033,0.000000025
