年度別年齢別雇用ﾒ割合,,,,,,,,,,,,,,,,,,,,,,,,,,,,,,,,,,,,,,,,,,,,,,,,,,,,,,,,,,,,,,,,,,,,,,,,,,,,,,,,,,,,,,,,,,,,,
男性,,,,,,,,,,,,,,,,,,,,,,,,,,,,,,,,,,,,,,,,,,,,,,,,,,,,,,,,,,,,,,,,,,,,,,,,,,,,,,,,,,,,,,,,,,,,,
年度,性,合計,15,16,17,18,19,20,21,22,23,24,25,26,27,28,29,30,31,32,33,34,35,36,37,38,39,40,41,42,43,44,45,46,47,48,49,50,51,52,53,54,55,56,57,58,59,60,61,62,63,64,65,66,67,68,69,70,71,72,73,74,75,76,77,78,79,80,81,82,83,84,85,86,87,88,89,90,91,92,93,94,95,96,97,98,99,100,101,102,103,104,105
2020,1,0,0.9272211652,0.9469176519,0.9633233152,0.9741059535,0.9786676544,0.9789765341,0.9778494846,0.9768938611,0.9754152363,0.9725527501,0.9682776138,0.9636078478,0.9594460433,0.9563003448,0.9540804662,0.9524374967,0.9508377839,0.9483443423,0.9446290402,0.9400137690,0.9351918773,0.9304243900,0.9256410847,0.9208891170,0.9170560837,0.9150429418,0.9151973615,0.9161135618,0.9163563072,0.9148795556,0.9122091164,0.9093138438,0.9076101260,0.9072080873,0.9070041845,0.9055113068,0.9023309604,0.8984193599,0.8949769609,0.8925786996,0.8907027431,0.8883982943,0.8855157825,0.8824504932,0.8793780971,0.8754457767,0.8691950968,0.8586689667,0.8430295361,0.8230815079,0.8011830181,0.7794973243,0.7592329857,0.7394502087,0.7181821182,0.6954075943,0.6748999452,0.6611140708,0.6533403966,0.6438347693,0.6238625744,0.5907782279,0.5506525875,0.5120664745,0.4796004687,0.4531028918,0.4304085835,0.4098859548,0.3900600156,0.3693808234,0.3467091593,0.3467091593,0.3467091593,0.3467091593,0.3467091593,0.3467091593,0.3467091593,0.3467091593,0.3467091593,0.3467091593,0.3467091593,0.3467091593,0.3467091593,0.3467091593,0.3467091593,0.3467091593,0.3467091593,0.3467091593,0.3467091593,0.3467091593,0.3467091593
2021,1,0,0.9001842280,0.9345738134,0.9601292120,0.9738454807,0.9775333539,0.9763436877,0.9754099707,0.9755448048,0.9747398100,0.9723558014,0.9686281404,0.9642686492,0.9603471264,0.9572891460,0.9550993325,0.9531554380,0.9505095026,0.9466592129,0.9419692467,0.9378890235,0.9351919522,0.9334856681,0.9308391476,0.9261183126,0.9200833763,0.9152623166,0.9130291353,0.9133988792,0.9147041046,0.9155888783,0.9147876372,0.9125751548,0.9097012875,0.9074554204,0.9061968753,0.9055458929,0.9044375678,0.9021573307,0.8987899294,0.8954745293,0.8931478290,0.8920855316,0.8910127681,0.8886787723,0.8841161937,0.8777816220,0.8700816399,0.8602231039,0.8468885000,0.8298905847,0.8108820067,0.7911751012,0.7702511860,0.7472234951,0.7222134825,0.6975639998,0.6772778170,0.6631309446,0.6532572773,0.6418495957,0.6242998098,0.5992245299,0.5681920804,0.5346537221,0.5005225526,0.4684805372,0.4422618787,0.4218771162,0.4048445825,0.3861980122,0.3634269520,0.3634269520,0.3634269520,0.3634269520,0.3634269520,0.3634269520,0.3634269520,0.3634269520,0.3634269520,0.3634269520,0.3634269520,0.3634269520,0.3634269520,0.3634269520,0.3634269520,0.3634269520,0.3634269520,0.3634269520,0.3634269520,0.3634269520,0.3634269520
2022,1,0,0.9970334296,0.9904974887,0.9846748412,0.9797288197,0.9755320640,0.9722076169,0.9700046798,0.9689624435,0.9685663311,0.9679176303,0.9666385176,0.9647337251,0.9626985428,0.9605818016,0.9583825764,0.9560988746,0.9535176528,0.9501494838,0.9457838154,0.9410088067,0.9369003941,0.9332899574,0.9294541091,0.9247664705,0.9202815825,0.9172272868,0.9161548829,0.9160872908,0.9159988169,0.9151649303,0.9139043467,0.9122680860,0.9104598330,0.9084818736,0.9067804369,0.9057720047,0.9053935214,0.9051572855,0.9041961080,0.9020972394,0.8993397448,0.8967378224,0.8944311674,0.8918896509,0.8881108346,0.8829904125,0.8763499318,0.8676615994,0.8545121160,0.8362585654,0.8147011707,0.7935899109,0.7743276305,0.7556204684,0.7349689905,0.7130547066,0.6920364690,0.6744224578,0.6584241964,0.6412850151,0.6222434733,0.6026038291,0.5832774253,0.5612167630,0.5345486224,0.5026541066,0.4676412684,0.4396204488,0.4269692540,0.4323812846,0.4520023363,0.4520023363,0.4520023363,0.4520023363,0.4520023363,0.4520023363,0.4520023363,0.4520023363,0.4520023363,0.4520023363,0.4520023363,0.4520023363,0.4520023363,0.4520023363,0.4520023363,0.4520023363,0.4520023363,0.4520023363,0.4520023363,0.4520023363,0.4520023363
2023,1,0,0.9970334296,0.9904974887,0.9846748412,0.9797288197,0.9755320640,0.9722076169,0.9700046798,0.9689624435,0.9670175692,0.9659350083,0.9645936253,0.9630282217,0.9612131561,0.9594423349,0.9577395289,0.9559206860,0.9536076981,0.9502986514,0.9460743618,0.9415318080,0.9374746223,0.9343734327,0.9312090927,0.9271473332,0.9221830354,0.9180210165,0.9157154351,0.9151804366,0.9151794386,0.9148545971,0.9139893840,0.9131409513,0.9122680860,0.9104598330,0.9084818736,0.9064954014,0.9048337826,0.9045335525,0.9049735830,0.9041961080,0.9020972394,0.8993397448,0.8962922313,0.8928452229,0.8891354287,0.8847141020,0.8791004601,0.8711665002,0.8594626229,0.8425750587,0.8220762622,0.8010101009,0.7820966882,0.7643017040,0.7447815092,0.7227684325,0.7013806352,0.6835135188,0.6685621681,0.6515437605,0.6301959730,0.6069674918,0.5857648832,0.5675200955,0.5467947821,0.5212671246,0.4914764295,0.4612893170,0.4391960605,0.4269692540,0.4323812846,0.4520023363,0.4520023363,0.4520023363,0.4520023363,0.4520023363,0.4520023363,0.4520023363,0.4520023363,0.4520023363,0.4520023363,0.4520023363,0.4520023363,0.4520023363,0.4520023363,0.4520023363,0.4520023363,0.4520023363,0.4520023363,0.4520023363,0.4520023363
2024,1,0,0.9970334296,0.9904974887,0.9846748412,0.9797288197,0.9755320640,0.9722076169,0.9700046798,0.9689624435,0.9670175692,0.9643904539,0.9626178120,0.9609909669,0.9595138766,0.9579619723,0.9566034338,0.9552792904,0.9534299738,0.9503883927,0.9462228897,0.9418210482,0.9379956594,0.9349461122,0.9322901523,0.9288979611,0.9245572468,0.9199177987,0.9165078565,0.9147414563,0.9142734831,0.9140362423,0.9136794495,0.9132259176,0.9131409513,0.9122680860,0.9104598330,0.9081963032,0.9055564300,0.9039743454,0.9043499767,0.9049735830,0.9041961080,0.9020972394,0.8988928608,0.8947029868,0.8900880498,0.8857347774,0.8808165561,0.8739007597,0.8629344041,0.8474564098,0.8282856326,0.8082612538,0.7894094148,0.7719701687,0.7533382173,0.7324180624,0.7109353288,0.6927426046,0.6775742338,0.6615757919,0.6402773250,0.6147247589,0.5900066093,0.5699403544,0.5529361334,0.5332090138,0.5096755440,0.4848007261,0.4608440106,0.4391960605,0.4269692540,0.4323812846,0.4520023363,0.4520023363,0.4520023363,0.4520023363,0.4520023363,0.4520023363,0.4520023363,0.4520023363,0.4520023363,0.4520023363,0.4520023363,0.4520023363,0.4520023363,0.4520023363,0.4520023363,0.4520023363,0.4520023363,0.4520023363,0.4520023363
2025,1,0,0.9970334296,0.9904974887,0.9846748412,0.9797288197,0.9755320640,0.9722076169,0.9700046798,0.9689624435,0.9670175692,0.9643904539,0.9610785618,0.9590225330,0.9574840563,0.9562684404,0.9551274515,0.9541461137,0.9527902493,0.9502112684,0.9463122461,0.9419689084,0.9382838133,0.9354657440,0.9328615550,0.9299763376,0.9263029842,0.9222861781,0.9184015122,0.9155330348,0.9138349378,0.9131314185,0.9128621459,0.9129162420,0.9132259176,0.9131409513,0.9122680860,0.9101736408,0.9072555700,0.9046963064,0.9037908831,0.9043499767,0.9049735830,0.9041961080,0.9016489851,0.8972990050,0.8919400769,0.8866837550,0.8818327350,0.8756067054,0.8656428263,0.8508796922,0.8330841997,0.8143662756,0.7965555523,0.7791882107,0.7608966820,0.7408327282,0.7204269757,0.7021796249,0.6867231248,0.6704936828,0.6501358835,0.6245586153,0.5975471100,0.5740674896,0.5552941971,0.5391977759,0.5213518777,0.5027526428,0.4843327230,0.4608440106,0.4391960605,0.4269692540,0.4323812846,0.4520023363,0.4520023363,0.4520023363,0.4520023363,0.4520023363,0.4520023363,0.4520023363,0.4520023363,0.4520023363,0.4520023363,0.4520023363,0.4520023363,0.4520023363,0.4520023363,0.4520023363,0.4520023363,0.4520023363,0.4520023363
2026,1,0,0.9970334296,0.9904974887,0.9846748412,0.9797288197,0.9755320640,0.9722076169,0.9700046798,0.9689624435,0.9670175692,0.9643904539,0.9610785618,0.9574890318,0.9555228057,0.9542454856,0.9534389306,0.9526739229,0.9516600252,0.9495737036,0.9461358814,0.9420578630,0.9384311182,0.9357531207,0.9333800281,0.9305463222,0.9273783482,0.9240276273,0.9207659879,0.9174246764,0.9146257319,0.9126934210,0.9119584844,0.9120996211,0.9129162420,0.9132259176,0.9131409513,0.9119813254,0.9092308595,0.9063938325,0.9045126975,0.9037908831,0.9043499767,0.9049735830,0.9037468108,0.9000502424,0.8945280784,0.8885286987,0.8827775320,0.8766168737,0.8673326515,0.8535502792,0.8364494258,0.8190842027,0.8025721577,0.7862418207,0.7680111852,0.7482657218,0.7287038774,0.7115543751,0.6960781436,0.6795469693,0.6588995670,0.6341751476,0.6071061727,0.5814042825,0.5593152744,0.5414972508,0.5272074659,0.5142703774,0.5022673098,0.4843327230,0.4608440106,0.4391960605,0.4269692540,0.4323812846,0.4520023363,0.4520023363,0.4520023363,0.4520023363,0.4520023363,0.4520023363,0.4520023363,0.4520023363,0.4520023363,0.4520023363,0.4520023363,0.4520023363,0.4520023363,0.4520023363,0.4520023363,0.4520023363,0.4520023363
2027,1,0,0.9970334296,0.9904974887,0.9846748412,0.9797288197,0.9755320640,0.9722076169,0.9700046798,0.9689624435,0.9670175692,0.9643904539,0.9610785618,0.9574890318,0.9539949007,0.9522908688,0.9514219616,0.9509897394,0.9501916703,0.9484472950,0.9455010511,0.9418822913,0.9385197387,0.9359000282,0.9336667641,0.9310635086,0.9279467404,0.9251003498,0.9225045667,0.9197866372,0.9165154989,0.9134832273,0.9115210495,0.9111967144,0.9120996211,0.9129162420,0.9132259176,0.9128539163,0.9110366716,0.9083672458,0.9062098791,0.9045126975,0.9037908831,0.9043499767,0.9045238995,0.9021443484,0.8972708198,0.8911068020,0.8846143478,0.8775560824,0.8683332743,0.8552164985,0.8390747217,0.8223928762,0.8072217571,0.7921805236,0.7749636151,0.7552621235,0.7360151786,0.7197293405,0.7053714333,0.6888042295,0.6677963049,0.6427236841,0.6164539841,0.5907051056,0.5664635287,0.5454184196,0.5294558066,0.5200464293,0.5137739257,0.5022673098,0.4843327230,0.4608440106,0.4391960605,0.4269692540,0.4323812846,0.4520023363,0.4520023363,0.4520023363,0.4520023363,0.4520023363,0.4520023363,0.4520023363,0.4520023363,0.4520023363,0.4520023363,0.4520023363,0.4520023363,0.4520023363,0.4520023363,0.4520023363,0.4520023363
2028,1,0,0.9970334296,0.9904974887,0.9846748412,0.9797288197,0.9755320640,0.9722076169,0.9700046798,0.9689624435,0.9670175692,0.9643904539,0.9610785618,0.9574890318,0.9539949007,0.9507681317,0.9494731283,0.9489779516,0.9485118751,0.9469838971,0.9443794736,0.9412503150,0.9383448263,0.9359884097,0.9338133441,0.9313495329,0.9284624820,0.9256673458,0.9235755210,0.9215233668,0.9188751189,0.9153706336,0.9123098412,0.9107596449,0.9111967144,0.9120996211,0.9129162420,0.9129388560,0.9119083587,0.9101713427,0.9081828919,0.9062098791,0.9045126975,0.9037908831,0.9039006031,0.9029200592,0.8993584590,0.8938390532,0.8871810934,0.8793820339,0.8692636079,0.8562031431,0.8407126833,0.8249740539,0.8104825125,0.7967699204,0.7808171305,0.7620991423,0.7428970358,0.7269505975,0.7134753636,0.6980004057,0.6768934894,0.6514020084,0.6247636433,0.5998003844,0.5755253420,0.5523890670,0.5332897792,0.5222642309,0.5195444017,0.5137739257,0.5022673098,0.4843327230,0.4608440106,0.4391960605,0.4269692540,0.4323812846,0.4520023363,0.4520023363,0.4520023363,0.4520023363,0.4520023363,0.4520023363,0.4520023363,0.4520023363,0.4520023363,0.4520023363,0.4520023363,0.4520023363,0.4520023363,0.4520023363,0.4520023363
2029,1,0,0.9970334296,0.9904974887,0.9846748412,0.9797288197,0.9755320640,0.9722076169,0.9700046798,0.9689624435,0.9670175692,0.9643904539,0.9610785618,0.9574890318,0.9539949007,0.9507681317,0.9479548968,0.9470341244,0.9465053291,0.9453097728,0.9429223521,0.9401337798,0.9377152236,0.9358139691,0.9339015286,0.9314957491,0.9287477073,0.9261818205,0.9241415825,0.9225931820,0.9206101274,0.9177273062,0.9141948232,0.9115477777,0.9107596449,0.9111967144,0.9120996211,0.9126292777,0.9119932103,0.9110422018,0.9099866227,0.9081828919,0.9062098791,0.9045126975,0.9033417873,0.9022978679,0.9001317744,0.8959187079,0.8899013080,0.8819335977,0.8710723051,0.8571204805,0.8416825951,0.8265844895,0.8130263081,0.7999884557,0.7853406950,0.7678554888,0.7496221195,0.7337476995,0.7206338726,0.7060196511,0.6859306462,0.6602758584,0.6331994636,0.6078855569,0.5843868931,0.5612257287,0.5401054180,0.5260461268,0.5217600624,0.5195444017,0.5137739257,0.5022673098,0.4843327230,0.4608440106,0.4391960605,0.4269692540,0.4323812846,0.4520023363,0.4520023363,0.4520023363,0.4520023363,0.4520023363,0.4520023363,0.4520023363,0.4520023363,0.4520023363,0.4520023363,0.4520023363,0.4520023363,0.4520023363,0.4520023363
2030,1,0,0.9970334296,0.9904974887,0.9846748412,0.9797288197,0.9755320640,0.9722076169,0.9700046798,0.9689624435,0.9670175692,0.9643904539,0.9610785618,0.9574890318,0.9539949007,0.9507681317,0.9479548968,0.9455197930,0.9445665667,0.9433100007,0.9412554080,0.9386832092,0.9366028818,0.9351860646,0.9337274769,0.9315837147,0.9288935150,0.9264663452,0.9246552092,0.9231586414,0.9216788824,0.9194601473,0.9165484685,0.9134311851,0.9115477777,0.9107596449,0.9111967144,0.9118129135,0.9116839527,0.9111269729,0.9108573051,0.9099866227,0.9081828919,0.9062098791,0.9040632431,0.9017400430,0.8995115044,0.8966890656,0.8919718009,0.8846377227,0.8735997579,0.8589039112,0.8425843752,0.8275381020,0.8146134204,0.8024993145,0.7885130622,0.7723039617,0.7552842237,0.7403899587,0.7273719122,0.7131033548,0.6938112235,0.6690911544,0.6418253460,0.6160934823,0.5922642952,0.5698671040,0.5487455762,0.5327691892,0.5255383074,0.5217600624,0.5195444017,0.5137739257,0.5022673098,0.4843327230,0.4608440106,0.4391960605,0.4269692540,0.4323812846,0.4520023363,0.4520023363,0.4520023363,0.4520023363,0.4520023363,0.4520023363,0.4520023363,0.4520023363,0.4520023363,0.4520023363,0.4520023363,0.4520023363,0.4520023363
2031,1,0,0.9970334296,0.9904974887,0.9846748412,0.9797288197,0.9755320640,0.9722076169,0.9700046798,0.9689624435,0.9670175692,0.9643904539,0.9610785618,0.9574890318,0.9539949007,0.9507681317,0.9479548968,0.9455197930,0.9430561810,0.9413777835,0.9392642128,0.9370237592,0.9351577592,0.9340767229,0.9331009723,0.9314100950,0.9289812349,0.9266117948,0.9249392649,0.9236717218,0.9222437814,0.9205275673,0.9182790838,0.9157828644,0.9134311851,0.9115477777,0.9107596449,0.9109102906,0.9108684341,0.9108180090,0.9109420589,0.9108573051,0.9099866227,0.9081828919,0.9057595813,0.9024602195,0.8989554021,0.8960711680,0.8927387648,0.8866959691,0.8762783302,0.8613960569,0.8443375603,0.8284247276,0.8155532222,0.8040658770,0.7909879041,0.7754236673,0.7596598664,0.7459823298,0.7339564546,0.7197709829,0.7007724364,0.6767782648,0.6503943105,0.6244863351,0.6002612957,0.5775487827,0.5571947905,0.5412919884,0.5322548796,0.5255383074,0.5217600624,0.5195444017,0.5137739257,0.5022673098,0.4843327230,0.4608440106,0.4391960605,0.4269692540,0.4323812846,0.4520023363,0.4520023363,0.4520023363,0.4520023363,0.4520023363,0.4520023363,0.4520023363,0.4520023363,0.4520023363,0.4520023363,0.4520023363,0.4520023363
2032,1,0,0.9970334296,0.9904974887,0.9846748412,0.9797288197,0.9755320640,0.9722076169,0.9700046798,0.9689624435,0.9670175692,0.9643904539,0.9610785618,0.9574890318,0.9539949007,0.9507681317,0.9479548968,0.9455197930,0.9430561810,0.9398724967,0.9373402827,0.9350415160,0.9335045417,0.9326354980,0.9319941041,0.9307851453,0.9288081002,0.9266992992,0.9250844747,0.9239554754,0.9227563533,0.9210917607,0.9193451327,0.9175120341,0.9157828644,0.9134311851,0.9115477777,0.9104733585,0.9099667462,0.9100032650,0.9106331577,0.9109420589,0.9108573051,0.9099866227,0.9077316137,0.9041535500,0.8996733547,0.8955171926,0.8921235893,0.8874583966,0.8783171272,0.8640372111,0.8467874411,0.8301484503,0.8164270072,0.8049935103,0.7925319952,0.7778574266,0.7627284965,0.7503040832,0.7395002316,0.7262867177,0.7073247685,0.6835685810,0.6578666150,0.6328238077,0.6084384715,0.5853470882,0.5647056493,0.5496264374,0.5407694513,0.5322548796,0.5255383074,0.5217600624,0.5195444017,0.5137739257,0.5022673098,0.4843327230,0.4608440106,0.4391960605,0.4269692540,0.4323812846,0.4520023363,0.4520023363,0.4520023363,0.4520023363,0.4520023363,0.4520023363,0.4520023363,0.4520023363,0.4520023363,0.4520023363,0.4520023363
2033,1,0,0.9970334296,0.9904974887,0.9846748412,0.9797288197,0.9755320640,0.9722076169,0.9700046798,0.9689624435,0.9670175692,0.9643904539,0.9610785618,0.9574890318,0.9539949007,0.9507681317,0.9479548968,0.9455197930,0.9430561810,0.9398724967,0.9358414520,0.9331262353,0.9315297432,0.9309867395,0.9305560925,0.9296810242,0.9281848964,0.9265265898,0.9251718349,0.9241005307,0.9230398257,0.9216036924,0.9199086013,0.9185771925,0.9175120341,0.9157828644,0.9134311851,0.9112612436,0.9095302667,0.9091024335,0.9098185791,0.9106331577,0.9109420589,0.9108573051,0.9095344482,0.9061220856,0.9013614560,0.8962323992,0.8915720544,0.8868468598,0.8790723501,0.8660475272,0.8493838033,0.8325571609,0.8181257660,0.8058559816,0.7934463221,0.7793758856,0.7651224105,0.7533349208,0.7437844318,0.7317725631,0.7137278338,0.6899600543,0.6644671850,0.6400942467,0.6165616902,0.5933210923,0.5723305414,0.5570352765,0.5490958547,0.5407694513,0.5322548796,0.5255383074,0.5217600624,0.5195444017,0.5137739257,0.5022673098,0.4843327230,0.4608440106,0.4391960605,0.4269692540,0.4323812846,0.4520023363,0.4520023363,0.4520023363,0.4520023363,0.4520023363,0.4520023363,0.4520023363,0.4520023363,0.4520023363,0.4520023363
2034,1,0,0.9970334296,0.9904974887,0.9846748412,0.9797288197,0.9755320640,0.9722076169,0.9700046798,0.9689624435,0.9670175692,0.9643904539,0.9610785618,0.9574890318,0.9539949007,0.9507681317,0.9479548968,0.9455197930,0.9430561810,0.9398724967,0.9358414520,0.9316341430,0.9296216559,0.9290172673,0.9289110100,0.9282465815,0.9270838597,0.9259049168,0.9249994102,0.9241877980,0.9231847373,0.9218868106,0.9204198754,0.9191401905,0.9185771925,0.9175120341,0.9157828644,0.9131440590,0.9103173357,0.9086663686,0.9089179304,0.9098185791,0.9106331577,0.9109420589,0.9104046979,0.9079217235,0.9033239127,0.8979140441,0.8922841103,0.8862985871,0.8784665920,0.8667922001,0.8513600260,0.8351098912,0.8204995922,0.8075327451,0.7942964217,0.7802750345,0.7666160094,0.7556993519,0.7467889334,0.7360119941,0.7191188185,0.6962059254,0.6706800573,0.6465165013,0.6236452957,0.6012424800,0.5801272251,0.5645566001,0.5564975416,0.5490958547,0.5407694513,0.5322548796,0.5255383074,0.5217600624,0.5195444017,0.5137739257,0.5022673098,0.4843327230,0.4608440106,0.4391960605,0.4269692540,0.4323812846,0.4520023363,0.4520023363,0.4520023363,0.4520023363,0.4520023363,0.4520023363,0.4520023363,0.4520023363,0.4520023363
2035,1,0,0.9970334296,0.9904974887,0.9846748412,0.9797288197,0.9755320640,0.9722076169,0.9700046798,0.9689624435,0.9670175692,0.9643904539,0.9610785618,0.9574890318,0.9539949007,0.9507681317,0.9479548968,0.9455197930,0.9430561810,0.9398724967,0.9358414520,0.9316341430,0.9281351674,0.9271143264,0.9269459290,0.9266055819,0.9256534243,0.9248065847,0.9243787619,0.9240155567,0.9232719181,0.9220315412,0.9207026300,0.9196510375,0.9191401905,0.9185771925,0.9175120341,0.9154949991,0.9121982008,0.9094526900,0.9084819540,0.9089179304,0.9098185791,0.9106331577,0.9104894096,0.9087904302,0.9051179931,0.8998689950,0.8939583468,0.8870064313,0.8779235002,0.8661949040,0.8520920698,0.8370529034,0.8230153524,0.8098758352,0.7959491329,0.7811110224,0.7675004376,0.7571745560,0.7491328192,0.7389850991,0.7232849416,0.7014645622,0.6767513960,0.6525615319,0.6299025131,0.6081500848,0.5878724624,0.5722473817,0.5640116045,0.5564975416,0.5490958547,0.5407694513,0.5322548796,0.5255383074,0.5217600624,0.5195444017,0.5137739257,0.5022673098,0.4843327230,0.4608440106,0.4391960605,0.4269692540,0.4323812846,0.4520023363,0.4520023363,0.4520023363,0.4520023363,0.4520023363,0.4520023363,0.4520023363,0.4520023363
2036,1,0,0.9970334296,0.9904974887,0.9846748412,0.9797288197,0.9755320640,0.9722076169,0.9700046798,0.9689624435,0.9670175692,0.9643904539,0.9610785618,0.9574890318,0.9539949007,0.9507681317,0.9479548968,0.9455197930,0.9430561810,0.9398724967,0.9358414520,0.9316341430,0.9281351674,0.9256318472,0.9250472309,0.9246453780,0.9240170090,0.9233796630,0.9232822401,0.9233955685,0.9230998475,0.9221186131,0.9208471747,0.9199335559,0.9196510375,0.9191401905,0.9185771925,0.9172236252,0.9145467057,0.9113317686,0.9092681158,0.9084819540,0.9089179304,0.9098185791,0.9101806620,0.9088749917,0.9059840172,0.9016562137,0.8959046853,0.8886707650,0.8786246556,0.8656593989,0.8515049035,0.8377726452,0.8249302248,0.8123590215,0.7982586127,0.7827362984,0.7683227388,0.7580480918,0.7505952048,0.7413044916,0.7262066359,0.7055284076,0.6818630873,0.6584688525,0.6357922003,0.6142518342,0.5946264607,0.5798874158,0.5716949618,0.5640116045,0.5564975416,0.5490958547,0.5407694513,0.5322548796,0.5255383074,0.5217600624,0.5195444017,0.5137739257,0.5022673098,0.4843327230,0.4608440106,0.4391960605,0.4269692540,0.4323812846,0.4520023363,0.4520023363,0.4520023363,0.4520023363,0.4520023363,0.4520023363,0.4520023363
2037,1,0,0.9970334296,0.9904974887,0.9846748412,0.9797288197,0.9755320640,0.9722076169,0.9700046798,0.9689624435,0.9670175692,0.9643904539,0.9610785618,0.9574890318,0.9539949007,0.9507681317,0.9479548968,0.9455197930,0.9430561810,0.9398724967,0.9358414520,0.9316341430,0.9281351674,0.9256318472,0.9235680571,0.9227513922,0.9220622811,0.9217472674,0.9218576704,0.9223002130,0.9224804737,0.9219467574,0.9209341347,0.9200779799,0.9199335559,0.9196510375,0.9191401905,0.9182884488,0.9162735413,0.9136780429,0.9111468131,0.9092681158,0.9084819540,0.9089179304,0.9093664881,0.9085667915,0.9060683175,0.9025189255,0.8976840305,0.8906055913,0.8802732622,0.8663507596,0.8509784801,0.8371953462,0.8256395429,0.8142491004,0.8007061791,0.7850074406,0.7699214059,0.7588602657,0.7514611501,0.7427515954,0.7284859217,0.7083783748,0.6858133741,0.6634424506,0.6415477163,0.6199951851,0.6005925235,0.5865496748,0.5793276206,0.5716949618,0.5640116045,0.5564975416,0.5490958547,0.5407694513,0.5322548796,0.5255383074,0.5217600624,0.5195444017,0.5137739257,0.5022673098,0.4843327230,0.4608440106,0.4391960605,0.4269692540,0.4323812846,0.4520023363,0.4520023363,0.4520023363,0.4520023363,0.4520023363,0.4520023363
2038,1,0,0.9970334296,0.9904974887,0.9846748412,0.9797288197,0.9755320640,0.9722076169,0.9700046798,0.9689624435,0.9670175692,0.9643904539,0.9610785618,0.9574890318,0.9539949007,0.9507681317,0.9479548968,0.9455197930,0.9430561810,0.9398724967,0.9358414520,0.9316341430,0.9281351674,0.9256318472,0.9235680571,0.9212758895,0.9201735864,0.9197973410,0.9202279655,0.9208771586,0.9213862038,0.9213281573,0.9207624998,0.9201648672,0.9200779799,0.9199335559,0.9196510375,0.9188512698,0.9173372619,0.9154032383,0.9134926112,0.9111468131,0.9092681158,0.9084819540,0.9084662870,0.9077540612,0.9057610691,0.9026029035,0.8985429417,0.8923744121,0.8821898054,0.8679763361,0.8516581158,0.8366777694,0.8250706046,0.8149492342,0.8025691458,0.7874143772,0.7721553651,0.7604392441,0.7522662667,0.7436084917,0.7299080023,0.7106017045,0.6885837028,0.6672860198,0.6463935044,0.6256076984,0.6062081577,0.5924347009,0.5859834481,0.5793276206,0.5716949618,0.5640116045,0.5564975416,0.5490958547,0.5407694513,0.5322548796,0.5255383074,0.5217600624,0.5195444017,0.5137739257,0.5022673098,0.4843327230,0.4608440106,0.4391960605,0.4269692540,0.4323812846,0.4520023363,0.4520023363,0.4520023363,0.4520023363,0.4520023363
2039,1,0,0.9970334296,0.9904974887,0.9846748412,0.9797288197,0.9755320640,0.9722076169,0.9700046798,0.9689624435,0.9670175692,0.9643904539,0.9610785618,0.9574890318,0.9539949007,0.9507681317,0.9479548968,0.9455197930,0.9430561810,0.9398724967,0.9358414520,0.9316341430,0.9281351674,0.9256318472,0.9235680571,0.9212758895,0.9187022056,0.9179132857,0.9182812532,0.9192491870,0.9199645595,0.9202352543,0.9201446943,0.9199933757,0.9201648672,0.9200779799,0.9199335559,0.9193619562,0.9178994999,0.9164659485,0.9152174564,0.9134926112,0.9111468131,0.9092681158,0.9080305272,0.9068554563,0.9049508486,0.9022968301,0.8986265497,0.8932282429,0.8839419117,0.8698661062,0.8532561238,0.8373459838,0.8245605237,0.8143876626,0.8032592366,0.7892464184,0.7745228955,0.7626456904,0.7538315248,0.7444051951,0.7307500813,0.7119888733,0.6907449046,0.6699815077,0.6501383027,0.6303330872,0.6116958638,0.5979740581,0.5918627931,0.5859834481,0.5793276206,0.5716949618,0.5640116045,0.5564975416,0.5490958547,0.5407694513,0.5322548796,0.5255383074,0.5217600624,0.5195444017,0.5137739257,0.5022673098,0.4843327230,0.4608440106,0.4391960605,0.4269692540,0.4323812846,0.4520023363,0.4520023363,0.4520023363,0.4520023363
2040,1,0,0.9970334296,0.9904974887,0.9846748412,0.9797288197,0.9755320640,0.9722076169,0.9700046798,0.9689624435,0.9670175692,0.9643904539,0.9610785618,0.9574890318,0.9539949007,0.9507681317,0.9479548968,0.9455197930,0.9430561810,0.9398724967,0.9358414520,0.9316341430,0.9281351674,0.9256318472,0.9235680571,0.9212758895,0.9187022056,0.9164455192,0.9164003032,0.9173045452,0.9183382013,0.9188153859,0.9190531952,0.9193760863,0.9199933757,0.9201648672,0.9200779799,0.9196443858,0.9184096574,0.9170276525,0.9162799510,0.9152174564,0.9134926112,0.9111468131,0.9088162984,0.9064204691,0.9040550186,0.9014897085,0.8983218247,0.8933113564,0.8847876742,0.8715937365,0.8551138449,0.8389171372,0.8252190607,0.8138841861,0.8027057204,0.7899250537,0.7763249428,0.7649840629,0.7560187986,0.7459540964,0.7315330081,0.7128102793,0.6920933108,0.6720843242,0.6527645227,0.6339848415,0.6163161726,0.6033872250,0.5973968030,0.5918627931,0.5859834481,0.5793276206,0.5716949618,0.5640116045,0.5564975416,0.5490958547,0.5407694513,0.5322548796,0.5255383074,0.5217600624,0.5195444017,0.5137739257,0.5022673098,0.4843327230,0.4608440106,0.4391960605,0.4269692540,0.4323812846,0.4520023363,0.4520023363,0.4520023363
2041,1,0,0.9970334296,0.9904974887,0.9846748412,0.9797288197,0.9755320640,0.9722076169,0.9700046798,0.9689624435,0.9670175692,0.9643904539,0.9610785618,0.9574890318,0.9539949007,0.9507681317,0.9479548968,0.9455197930,0.9430561810,0.9398724967,0.9358414520,0.9316341430,0.9281351674,0.9256318472,0.9235680571,0.9212758895,0.9187022056,0.9164455192,0.9149349561,0.9154255959,0.9163954867,0.9171910593,0.9176351506,0.9182854988,0.9193760863,0.9199933757,0.9201648672,0.9197887644,0.9186917944,0.9175373254,0.9168415410,0.9162799510,0.9152174564,0.9134926112,0.9106940621,0.9072048470,0.9036213748,0.9005973047,0.8975182588,0.8930084339,0.8848700023,0.8724276843,0.8568121759,0.8407436393,0.8267674597,0.8145341964,0.8022094660,0.7893807259,0.7769924675,0.7667639166,0.7583368521,0.7481185135,0.7330551260,0.7135739854,0.6928917638,0.6733963031,0.6548133017,0.6365458100,0.6198867217,0.6079447763,0.6028047442,0.5973968030,0.5918627931,0.5859834481,0.5793276206,0.5716949618,0.5640116045,0.5564975416,0.5490958547,0.5407694513,0.5322548796,0.5255383074,0.5217600624,0.5195444017,0.5137739257,0.5022673098,0.4843327230,0.4608440106,0.4391960605,0.4269692540,0.4323812846,0.4520023363,0.4520023363
2042,1,0,0.9970334296,0.9904974887,0.9846748412,0.9797288197,0.9755320640,0.9722076169,0.9700046798,0.9689624435,0.9670175692,0.9643904539,0.9610785618,0.9574890318,0.9539949007,0.9507681317,0.9479548968,0.9455197930,0.9430561810,0.9398724967,0.9358414520,0.9316341430,0.9281351674,0.9256318472,0.9235680571,0.9212758895,0.9187022056,0.9164455192,0.9149349561,0.9139618073,0.9145183995,0.9152507714,0.9160129104,0.9168686388,0.9182854988,0.9193760863,0.9199933757,0.9198756244,0.9188360234,0.9178191945,0.9173511104,0.9168415410,0.9162799510,0.9152174564,0.9130386945,0.9090792812,0.9044033304,0.9001653194,0.8966297865,0.8922096209,0.8845699422,0.8725088623,0.8576319805,0.8424134298,0.8285675093,0.8160625469,0.8028501523,0.7888927094,0.7764570514,0.7674232202,0.7601012400,0.7504123437,0.7351821161,0.7150587355,0.6936341291,0.6741731857,0.6560915657,0.6385436846,0.6223907411,0.6114668268,0.6073578959,0.6028047442,0.5973968030,0.5918627931,0.5859834481,0.5793276206,0.5716949618,0.5640116045,0.5564975416,0.5490958547,0.5407694513,0.5322548796,0.5255383074,0.5217600624,0.5195444017,0.5137739257,0.5022673098,0.4843327230,0.4608440106,0.4391960605,0.4269692540,0.4323812846,0.4520023363
2043,1,0,0.9970334296,0.9904974887,0.9846748412,0.9797288197,0.9755320640,0.9722076169,0.9700046798,0.9689624435,0.9670175692,0.9643904539,0.9610785618,0.9574890318,0.9539949007,0.9507681317,0.9479548968,0.9455197930,0.9430561810,0.9398724967,0.9358414520,0.9316341430,0.9281351674,0.9256318472,0.9235680571,0.9212758895,0.9187022056,0.9164455192,0.9149349561,0.9139618073,0.9130560615,0.9133760289,0.9140751149,0.9152477537,0.9168686388,0.9182854988,0.9193760863,0.9197041868,0.9189227935,0.9179632865,0.9176329223,0.9173511104,0.9168415410,0.9162799510,0.9147626827,0.9114197563,0.9062719762,0.9009442844,0.8961997042,0.8913264037,0.8837786776,0.8722129939,0.8577117818,0.8432194576,0.8302131170,0.8178392896,0.8043565794,0.7895227602,0.7759770246,0.7668943981,0.7607548147,0.7521582940,0.7374362817,0.7171335084,0.6950773899,0.6748954959,0.6568484843,0.6397901886,0.6243441884,0.6139368342,0.6108765464,0.6073578959,0.6028047442,0.5973968030,0.5918627931,0.5859834481,0.5793276206,0.5716949618,0.5640116045,0.5564975416,0.5490958547,0.5407694513,0.5322548796,0.5255383074,0.5217600624,0.5195444017,0.5137739257,0.5022673098,0.4843327230,0.4608440106,0.4391960605,0.4269692540,0.4323812846
2044,1,0,0.9970334296,0.9904974887,0.9846748412,0.9797288197,0.9755320640,0.9722076169,0.9700046798,0.9689624435,0.9670175692,0.9643904539,0.9610785618,0.9574890318,0.9539949007,0.9507681317,0.9479548968,0.9455197930,0.9430561810,0.9398724967,0.9358414520,0.9316341430,0.9281351674,0.9256318472,0.9235680571,0.9212758895,0.9187022056,0.9164455192,0.9149349561,0.9139618073,0.9130560615,0.9119155177,0.9122027806,0.9133115769,0.9152477537,0.9168686388,0.9182854988,0.9190870914,0.9187515334,0.9180499741,0.9177769851,0.9176329223,0.9173511104,0.9168415410,0.9158246493,0.9131406877,0.9086052238,0.9028057832,0.8969752375,0.8908988653,0.8829038064,0.8714327828,0.8574209311,0.8432979179,0.8310074715,0.8194635901,0.8061078358,0.7910041805,0.7765967603,0.7664202833,0.7602305878,0.7528050390,0.7391520412,0.7193323345,0.6970941861,0.6762997668,0.6575522328,0.6405283006,0.6255629735,0.6158637479,0.6133441693,0.6108765464,0.6073578959,0.6028047442,0.5973968030,0.5918627931,0.5859834481,0.5793276206,0.5716949618,0.5640116045,0.5564975416,0.5490958547,0.5407694513,0.5322548796,0.5255383074,0.5217600624,0.5195444017,0.5137739257,0.5022673098,0.4843327230,0.4608440106,0.4391960605,0.4269692540
2045,1,0,0.9970334296,0.9904974887,0.9846748412,0.9797288197,0.9755320640,0.9722076169,0.9700046798,0.9689624435,0.9670175692,0.9643904539,0.9610785618,0.9574890318,0.9539949007,0.9507681317,0.9479548968,0.9455197930,0.9430561810,0.9398724967,0.9358414520,0.9316341430,0.9281351674,0.9256318472,0.9235680571,0.9212758895,0.9187022056,0.9164455192,0.9149349561,0.9139618073,0.9130560615,0.9119155177,0.9107441454,0.9114408065,0.9133115769,0.9152477537,0.9168686388,0.9179968468,0.9181350773,0.9178788767,0.9178636551,0.9177769851,0.9176329223,0.9173511104,0.9163859603,0.9142007713,0.9103208408,0.9051301069,0.8988285357,0.8916698115,0.8824803081,0.8705701330,0.8566539518,0.8430119549,0.8310847954,0.8202476593,0.8077088366,0.7927263658,0.7780539269,0.7670323865,0.7597605927,0.7522862901,0.7397876027,0.7210059724,0.6992315690,0.6782620789,0.6589204171,0.6412145636,0.6262846719,0.6170659783,0.6152692229,0.6133441693,0.6108765464,0.6073578959,0.6028047442,0.5973968030,0.5918627931,0.5859834481,0.5793276206,0.5716949618,0.5640116045,0.5564975416,0.5490958547,0.5407694513,0.5322548796,0.5255383074,0.5217600624,0.5195444017,0.5137739257,0.5022673098,0.4843327230,0.4608440106,0.4391960605
2046,1,0,0.9970334296,0.9904974887,0.9846748412,0.9797288197,0.9755320640,0.9722076169,0.9700046798,0.9689624435,0.9670175692,0.9643904539,0.9610785618,0.9574890318,0.9539949007,0.9507681317,0.9479548968,0.9455197930,0.9430561810,0.9398724967,0.9358414520,0.9316341430,0.9281351674,0.9256318472,0.9235680571,0.9212758895,0.9187022056,0.9164455192,0.9149349561,0.9139618073,0.9130560615,0.9119155177,0.9107441454,0.9099833897,0.9114408065,0.9133115769,0.9152477537,0.9165804322,0.9170459620,0.9172630061,0.9176925925,0.9178636551,0.9177769851,0.9176329223,0.9168952765,0.9147610869,0.9113776507,0.9068391622,0.9011426197,0.8935121477,0.8832439692,0.8701525507,0.8558059320,0.8422578647,0.8308029739,0.8203239821,0.8084816587,0.7943007899,0.7797479168,0.7684716070,0.7603673771,0.7518212064,0.7392778240,0.7216259309,0.7008584393,0.6803417201,0.6608323023,0.6425487538,0.6269556743,0.6177778739,0.6164702927,0.6152692229,0.6133441693,0.6108765464,0.6073578959,0.6028047442,0.5973968030,0.5918627931,0.5859834481,0.5793276206,0.5716949618,0.5640116045,0.5564975416,0.5490958547,0.5407694513,0.5322548796,0.5255383074,0.5217600624,0.5195444017,0.5137739257,0.5022673098,0.4843327230,0.4608440106
2047,1,0,0.9970334296,0.9904974887,0.9846748412,0.9797288197,0.9755320640,0.9722076169,0.9700046798,0.9689624435,0.9670175692,0.9643904539,0.9610785618,0.9574890318,0.9539949007,0.9507681317,0.9479548968,0.9455197930,0.9430561810,0.9398724967,0.9358414520,0.9316341430,0.9281351674,0.9256318472,0.9235680571,0.9212758895,0.9187022056,0.9164455192,0.9149349561,0.9139618073,0.9130560615,0.9119155177,0.9107441454,0.9099833897,0.9099833897,0.9114408065,0.9133115769,0.9149600565,0.9156310145,0.9161749253,0.9170768468,0.9176925925,0.9178636551,0.9177769851,0.9171769483,0.9152695001,0.9119362361,0.9078919302,0.9028441458,0.8958125444,0.8850688963,0.8709055439,0.8553954315,0.8414240958,0.8300598049,0.8200458096,0.8085568867,0.7950607831,0.7812965644,0.7701447341,0.7617940917,0.7524216500,0.7388207824,0.7211286672,0.7014610740,0.6819246403,0.6628585015,0.6444131359,0.6282601956,0.6184397621,0.6171815010,0.6164702927,0.6152692229,0.6133441693,0.6108765464,0.6073578959,0.6028047442,0.5973968030,0.5918627931,0.5859834481,0.5793276206,0.5716949618,0.5640116045,0.5564975416,0.5490958547,0.5407694513,0.5322548796,0.5255383074,0.5217600624,0.5195444017,0.5137739257,0.5022673098,0.4843327230
2048,1,0,0.9970334296,0.9904974887,0.9846748412,0.9797288197,0.9755320640,0.9722076169,0.9700046798,0.9689624435,0.9670175692,0.9643904539,0.9610785618,0.9574890318,0.9539949007,0.9507681317,0.9479548968,0.9455197930,0.9430561810,0.9398724967,0.9358414520,0.9316341430,0.9281351674,0.9256318472,0.9235680571,0.9212758895,0.9187022056,0.9164455192,0.9149349561,0.9139618073,0.9130560615,0.9119155177,0.9107441454,0.9099833897,0.9099833897,0.9099833897,0.9114408065,0.9130244883,0.9140123173,0.9147613217,0.9159889868,0.9170768468,0.9176925925,0.9178636551,0.9173209395,0.9155506725,0.9124430792,0.9084483791,0.9038922760,0.8975040064,0.8873475553,0.8727049778,0.8561356545,0.8410204938,0.8292381111,0.8193122631,0.8082827044,0.7951347623,0.7820441151,0.7716743090,0.7634526804,0.7538334557,0.7394108432,0.7206828460,0.7009777057,0.6825109947,0.6644007443,0.6463889918,0.6300831189,0.6197265641,0.6178427503,0.6171815010,0.6164702927,0.6152692229,0.6133441693,0.6108765464,0.6073578959,0.6028047442,0.5973968030,0.5918627931,0.5859834481,0.5793276206,0.5716949618,0.5640116045,0.5564975416,0.5490958547,0.5407694513,0.5322548796,0.5255383074,0.5217600624,0.5195444017,0.5137739257,0.5022673098
2049,1,0,0.9970334296,0.9904974887,0.9846748412,0.9797288197,0.9755320640,0.9722076169,0.9700046798,0.9689624435,0.9670175692,0.9643904539,0.9610785618,0.9574890318,0.9539949007,0.9507681317,0.9479548968,0.9455197930,0.9430561810,0.9398724967,0.9358414520,0.9316341430,0.9281351674,0.9256318472,0.9235680571,0.9212758895,0.9187022056,0.9164455192,0.9149349561,0.9139618073,0.9130560615,0.9119155177,0.9107441454,0.9099833897,0.9099833897,0.9099833897,0.9099833897,0.9111543060,0.9120787540,0.9131441620,0.9145756702,0.9159889868,0.9170768468,0.9176925925,0.9174075665,0.9156944084,0.9127233833,0.9089532838,0.9044462735,0.8985459370,0.8890230338,0.8749518052,0.8579045714,0.8417482774,0.8288403543,0.8185012085,0.8075596802,0.7948651315,0.7821168831,0.7724126530,0.7649689643,0.7554747123,0.7407982361,0.7212584209,0.7005443423,0.6820406846,0.6649720307,0.6478929157,0.6320150370,0.6215247267,0.6191283102,0.6178427503,0.6171815010,0.6164702927,0.6152692229,0.6133441693,0.6108765464,0.6073578959,0.6028047442,0.5973968030,0.5918627931,0.5859834481,0.5793276206,0.5716949618,0.5640116045,0.5564975416,0.5490958547,0.5407694513,0.5322548796,0.5255383074,0.5217600624,0.5195444017,0.5137739257
2050,1,0,0.9970334296,0.9904974887,0.9846748412,0.9797288197,0.9755320640,0.9722076169,0.9700046798,0.9689624435,0.9670175692,0.9643904539,0.9610785618,0.9574890318,0.9539949007,0.9507681317,0.9479548968,0.9455197930,0.9430561810,0.9398724967,0.9358414520,0.9316341430,0.9281351674,0.9256318472,0.9235680571,0.9212758895,0.9187022056,0.9164455192,0.9149349561,0.9139618073,0.9130560615,0.9119155177,0.9107441454,0.9099833897,0.9099833897,0.9099833897,0.9099833897,0.9096973473,0.9102105089,0.9112124353,0.9129588387,0.9145756702,0.9159889868,0.9170768468,0.9172365889,0.9157808817,0.9128666753,0.9092325158,0.9049489538,0.8990966578,0.8900551187,0.8766038782,0.8601132943,0.8434874675,0.8295575977,0.8181086019,0.8067602598,0.7941541095,0.7818516667,0.7724845248,0.7657008927,0.7569751513,0.7424111123,0.7226117534,0.7011038335,0.6816190286,0.6645138065,0.6484500078,0.6334855177,0.6234304037,0.6209247369,0.6191283102,0.6178427503,0.6171815010,0.6164702927,0.6152692229,0.6133441693,0.6108765464,0.6073578959,0.6028047442,0.5973968030,0.5918627931,0.5859834481,0.5793276206,0.5716949618,0.5640116045,0.5564975416,0.5490958547,0.5407694513,0.5322548796,0.5255383074,0.5217600624,0.5195444017
2051,1,0,0.9970334296,0.9904974887,0.9846748412,0.9797288197,0.9755320640,0.9722076169,0.9700046798,0.9689624435,0.9670175692,0.9643904539,0.9610785618,0.9574890318,0.9539949007,0.9507681317,0.9479548968,0.9455197930,0.9430561810,0.9398724967,0.9358414520,0.9316341430,0.9281351674,0.9256318472,0.9235680571,0.9212758895,0.9187022056,0.9164455192,0.9149349561,0.9139618073,0.9130560615,0.9119155177,0.9107441454,0.9099833897,0.9099833897,0.9099833897,0.9099833897,0.9096973473,0.9087550593,0.9093459647,0.9110275040,0.9129588387,0.9145756702,0.9159889868,0.9166211492,0.9156102072,0.9129528817,0.9093752598,0.9052269557,0.8995963649,0.8906006354,0.8776215455,0.8617373495,0.8456590729,0.8312715999,0.8188165584,0.8063732848,0.7933679596,0.7811522855,0.7722225747,0.7657721399,0.7576994311,0.7438856058,0.7241850338,0.7024193490,0.6821634051,0.6641029861,0.6480031688,0.6340302216,0.6248809109,0.6228285742,0.6209247369,0.6191283102,0.6178427503,0.6171815010,0.6164702927,0.6152692229,0.6133441693,0.6108765464,0.6073578959,0.6028047442,0.5973968030,0.5918627931,0.5859834481,0.5793276206,0.5716949618,0.5640116045,0.5564975416,0.5490958547,0.5407694513,0.5322548796,0.5255383074,0.5217600624
2052,1,0,0.9970334296,0.9904974887,0.9846748412,0.9797288197,0.9755320640,0.9722076169,0.9700046798,0.9689624435,0.9670175692,0.9643904539,0.9610785618,0.9574890318,0.9539949007,0.9507681317,0.9479548968,0.9455197930,0.9430561810,0.9398724967,0.9358414520,0.9316341430,0.9281351674,0.9256318472,0.9235680571,0.9212758895,0.9187022056,0.9164455192,0.9149349561,0.9139618073,0.9130560615,0.9119155177,0.9107441454,0.9099833897,0.9099833897,0.9099833897,0.9099833897,0.9096973473,0.9087550593,0.9078918976,0.9091614121,0.9110275040,0.9129588387,0.9145756702,0.9155338297,0.9149958588,0.9127827343,0.9094611364,0.9053690708,0.8998727224,0.8910956205,0.8781594417,0.8627377579,0.8472558357,0.8334117548,0.8205083679,0.8070710861,0.7929874084,0.7803790063,0.7715318070,0.7655124660,0.7577699338,0.7445973614,0.7256233287,0.7039486662,0.6834433818,0.6646333734,0.6476025557,0.6335933191,0.6254182161,0.6242776812,0.6228285742,0.6209247369,0.6191283102,0.6178427503,0.6171815010,0.6164702927,0.6152692229,0.6133441693,0.6108765464,0.6073578959,0.6028047442,0.5973968030,0.5918627931,0.5859834481,0.5793276206,0.5716949618,0.5640116045,0.5564975416,0.5490958547,0.5407694513,0.5322548796,0.5255383074
2053,1,0,0.9970334296,0.9904974887,0.9846748412,0.9797288197,0.9755320640,0.9722076169,0.9700046798,0.9689624435,0.9670175692,0.9643904539,0.9610785618,0.9574890318,0.9539949007,0.9507681317,0.9479548968,0.9455197930,0.9430561810,0.9398724967,0.9358414520,0.9316341430,0.9281351674,0.9256318472,0.9235680571,0.9212758895,0.9187022056,0.9164455192,0.9149349561,0.9139618073,0.9130560615,0.9119155177,0.9107441454,0.9099833897,0.9099833897,0.9099833897,0.9099833897,0.9096973473,0.9087550593,0.9078918976,0.9077076401,0.9091614121,0.9110275040,0.9129588387,0.9141212154,0.9139104673,0.9121702830,0.9092916397,0.9054545692,0.9000139970,0.8913693666,0.8786475121,0.8632665317,0.8482394323,0.8349853924,0.8226208122,0.8087386275,0.7936736262,0.7800046856,0.7707680513,0.7648277006,0.7575129735,0.7446666450,0.7263176109,0.7053467700,0.6849313842,0.6658804576,0.6481197648,0.6332016146,0.6249872480,0.6248144677,0.6242776812,0.6228285742,0.6209247369,0.6191283102,0.6178427503,0.6171815010,0.6164702927,0.6152692229,0.6133441693,0.6108765464,0.6073578959,0.6028047442,0.5973968030,0.5918627931,0.5859834481,0.5793276206,0.5716949618,0.5640116045,0.5564975416,0.5490958547,0.5407694513,0.5322548796
2054,1,0,0.9970334296,0.9904974887,0.9846748412,0.9797288197,0.9755320640,0.9722076169,0.9700046798,0.9689624435,0.9670175692,0.9643904539,0.9610785618,0.9574890318,0.9539949007,0.9507681317,0.9479548968,0.9455197930,0.9430561810,0.9398724967,0.9358414520,0.9316341430,0.9281351674,0.9256318472,0.9235680571,0.9212758895,0.9187022056,0.9164455192,0.9149349561,0.9139618073,0.9130560615,0.9119155177,0.9107441454,0.9099833897,0.9099833897,0.9099833897,0.9099833897,0.9096973473,0.9087550593,0.9078918976,0.9077076401,0.9077076401,0.9091614121,0.9110275040,0.9125051873,0.9125003577,0.9110882433,0.9086815309,0.9052858192,0.9000989896,0.8915093062,0.8789174341,0.8637463248,0.8487593200,0.8359547439,0.8241740745,0.8108207701,0.7953134862,0.7806796686,0.7703983406,0.7640705814,0.7568353638,0.7444141280,0.7263851936,0.7060216513,0.6862917179,0.6673302218,0.6493358638,0.6337073223,0.6246008640,0.6243839156,0.6248144677,0.6242776812,0.6228285742,0.6209247369,0.6191283102,0.6178427503,0.6171815010,0.6164702927,0.6152692229,0.6133441693,0.6108765464,0.6073578959,0.6028047442,0.5973968030,0.5918627931,0.5859834481,0.5793276206,0.5716949618,0.5640116045,0.5564975416,0.5490958547,0.5407694513
2055,1,0,0.9970334296,0.9904974887,0.9846748412,0.9797288197,0.9755320640,0.9722076169,0.9700046798,0.9689624435,0.9670175692,0.9643904539,0.9610785618,0.9574890318,0.9539949007,0.9507681317,0.9479548968,0.9455197930,0.9430561810,0.9398724967,0.9358414520,0.9316341430,0.9281351674,0.9256318472,0.9235680571,0.9212758895,0.9187022056,0.9164455192,0.9149349561,0.9139618073,0.9130560615,0.9119155177,0.9107441454,0.9099833897,0.9099833897,0.9099833897,0.9099833897,0.9096973473,0.9087550593,0.9078918976,0.9077076401,0.9077076401,0.9077076401,0.9091614121,0.9105748123,0.9108871951,0.9096824882,0.9076036296,0.9046783981,0.8999312377,0.8915934957,0.8790554188,0.8640116692,0.8492310502,0.8364671024,0.8251308750,0.8123517517,0.7973610650,0.7822926810,0.7710650107,0.7637040833,0.7560861564,0.7437482354,0.7261388758,0.7060873455,0.6869483673,0.6686555981,0.6507496068,0.6348963785,0.6250997028,0.6239979046,0.6243839156,0.6248144677,0.6242776812,0.6228285742,0.6209247369,0.6191283102,0.6178427503,0.6171815010,0.6164702927,0.6152692229,0.6133441693,0.6108765464,0.6073578959,0.6028047442,0.5973968030,0.5918627931,0.5859834481,0.5793276206,0.5716949618,0.5640116045,0.5564975416,0.5490958547
2056,1,0,0.9970334296,0.9904974887,0.9846748412,0.9797288197,0.9755320640,0.9722076169,0.9700046798,0.9689624435,0.9670175692,0.9643904539,0.9610785618,0.9574890318,0.9539949007,0.9507681317,0.9479548968,0.9455197930,0.9430561810,0.9398724967,0.9358414520,0.9316341430,0.9281351674,0.9256318472,0.9235680571,0.9212758895,0.9187022056,0.9164455192,0.9149349561,0.9139618073,0.9130560615,0.9119155177,0.9107441454,0.9099833897,0.9099833897,0.9099833897,0.9099833897,0.9096973473,0.9087550593,0.9078918976,0.9077076401,0.9077076401,0.9077076401,0.9077076401,0.9087096477,0.9089602429,0.9080743071,0.9062032511,0.9036052455,0.8993274094,0.8914273290,0.8791384322,0.8641473138,0.8494919355,0.8369320007,0.8256365995,0.8132948273,0.7988666321,0.7843067370,0.7726581576,0.7643649604,0.7557234881,0.7430119833,0.7254893308,0.7058479107,0.6870122867,0.6692953730,0.6520420526,0.6362786837,0.6262726080,0.6244962618,0.6239979046,0.6243839156,0.6248144677,0.6242776812,0.6228285742,0.6209247369,0.6191283102,0.6178427503,0.6171815010,0.6164702927,0.6152692229,0.6133441693,0.6108765464,0.6073578959,0.6028047442,0.5973968030,0.5918627931,0.5859834481,0.5793276206,0.5716949618,0.5640116045,0.5564975416
2057,1,0,0.9970334296,0.9904974887,0.9846748412,0.9797288197,0.9755320640,0.9722076169,0.9700046798,0.9689624435,0.9670175692,0.9643904539,0.9610785618,0.9574890318,0.9539949007,0.9507681317,0.9479548968,0.9455197930,0.9430561810,0.9398724967,0.9358414520,0.9316341430,0.9281351674,0.9256318472,0.9235680571,0.9212758895,0.9187022056,0.9164455192,0.9149349561,0.9139618073,0.9130560615,0.9119155177,0.9107441454,0.9099833897,0.9099833897,0.9099833897,0.9099833897,0.9096973473,0.9087550593,0.9078918976,0.9077076401,0.9077076401,0.9077076401,0.9077076401,0.9072565981,0.9070983855,0.9061533055,0.9046012208,0.9022110362,0.8982606043,0.8908292066,0.8789745868,0.8642289193,0.8496253005,0.8371891077,0.8260954783,0.8137932975,0.7997940526,0.7857876551,0.7746474090,0.7659442640,0.7563774592,0.7426555862,0.7247711535,0.7052165164,0.6867793203,0.6693576499,0.6526659315,0.6375423890,0.6276361375,0.6256680348,0.6244962618,0.6239979046,0.6243839156,0.6248144677,0.6242776812,0.6228285742,0.6209247369,0.6191283102,0.6178427503,0.6171815010,0.6164702927,0.6152692229,0.6133441693,0.6108765464,0.6073578959,0.6028047442,0.5973968030,0.5918627931,0.5859834481,0.5793276206,0.5716949618,0.5640116045
2058,1,0,0.9970334296,0.9904974887,0.9846748412,0.9797288197,0.9755320640,0.9722076169,0.9700046798,0.9689624435,0.9670175692,0.9643904539,0.9610785618,0.9574890318,0.9539949007,0.9507681317,0.9479548968,0.9455197930,0.9430561810,0.9398724967,0.9358414520,0.9316341430,0.9281351674,0.9256318472,0.9235680571,0.9212758895,0.9187022056,0.9164455192,0.9149349561,0.9139618073,0.9130560615,0.9119155177,0.9107441454,0.9099833897,0.9099833897,0.9099833897,0.9099833897,0.9096973473,0.9087550593,0.9078918976,0.9077076401,0.9077076401,0.9077076401,0.9077076401,0.9072565981,0.9056479123,0.9042971977,0.9026875663,0.9006160635,0.8968746415,0.8897724822,0.8783848198,0.8640678526,0.8497055347,0.8373205413,0.8263492563,0.8142455940,0.8002842482,0.7866998920,0.7761100885,0.7679162300,0.7579402592,0.7432982489,0.7244235059,0.7045184076,0.6861649832,0.6691306702,0.6527266611,0.6381523945,0.6288826778,0.6270302480,0.6256680348,0.6244962618,0.6239979046,0.6243839156,0.6248144677,0.6242776812,0.6228285742,0.6209247369,0.6191283102,0.6178427503,0.6171815010,0.6164702927,0.6152692229,0.6133441693,0.6108765464,0.6073578959,0.6028047442,0.5973968030,0.5918627931,0.5859834481,0.5793276206,0.5716949618
2059,1,0,0.9970334296,0.9904974887,0.9846748412,0.9797288197,0.9755320640,0.9722076169,0.9700046798,0.9689624435,0.9670175692,0.9643904539,0.9610785618,0.9574890318,0.9539949007,0.9507681317,0.9479548968,0.9455197930,0.9430561810,0.9398724967,0.9358414520,0.9316341430,0.9281351674,0.9256318472,0.9235680571,0.9212758895,0.9187022056,0.9164455192,0.9149349561,0.9139618073,0.9130560615,0.9119155177,0.9107441454,0.9099833897,0.9099833897,0.9099833897,0.9099833897,0.9096973473,0.9087550593,0.9078918976,0.9077076401,0.9077076401,0.9077076401,0.9077076401,0.9072565981,0.9056479123,0.9028512037,0.9008385575,0.8987108396,0.8952891027,0.8883996161,0.8773428573,0.8634880876,0.8495471747,0.8373996135,0.8264789881,0.8144957317,0.8007290365,0.7871820621,0.7770110905,0.7693661998,0.7598916185,0.7448340252,0.7250503914,0.7041804746,0.6854857340,0.6685321201,0.6525053210,0.6382117736,0.6294843977,0.6282755850,0.6270302480,0.6256680348,0.6244962618,0.6239979046,0.6243839156,0.6248144677,0.6242776812,0.6228285742,0.6209247369,0.6191283102,0.6178427503,0.6171815010,0.6164702927,0.6152692229,0.6133441693,0.6108765464,0.6073578959,0.6028047442,0.5973968030,0.5918627931,0.5859834481,0.5793276206
2060,1,0,0.9970334296,0.9904974887,0.9846748412,0.9797288197,0.9755320640,0.9722076169,0.9700046798,0.9689624435,0.9670175692,0.9643904539,0.9610785618,0.9574890318,0.9539949007,0.9507681317,0.9479548968,0.9455197930,0.9430561810,0.9398724967,0.9358414520,0.9316341430,0.9281351674,0.9256318472,0.9235680571,0.9212758895,0.9187022056,0.9164455192,0.9149349561,0.9139618073,0.9130560615,0.9119155177,0.9107441454,0.9099833897,0.9099833897,0.9099833897,0.9099833897,0.9096973473,0.9087550593,0.9078918976,0.9077076401,0.9077076401,0.9077076401,0.9077076401,0.9072565981,0.9056479123,0.9028512037,0.8993980940,0.8968699764,0.8933951478,0.8868290599,0.8759891693,0.8624637960,0.8489771527,0.8372435469,0.8265570365,0.8146236025,0.8009750218,0.7876195683,0.7774873223,0.7702593727,0.7613264364,0.7467516417,0.7265484645,0.7047898425,0.6851569302,0.6678703260,0.6519216426,0.6379953555,0.6295429703,0.6288767240,0.6282755850,0.6270302480,0.6256680348,0.6244962618,0.6239979046,0.6243839156,0.6248144677,0.6242776812,0.6228285742,0.6209247369,0.6191283102,0.6178427503,0.6171815010,0.6164702927,0.6152692229,0.6133441693,0.6108765464,0.6073578959,0.6028047442,0.5973968030,0.5918627931,0.5859834481
2061,1,0,0.9970334296,0.9904974887,0.9846748412,0.9797288197,0.9755320640,0.9722076169,0.9700046798,0.9689624435,0.9670175692,0.9643904539,0.9610785618,0.9574890318,0.9539949007,0.9507681317,0.9479548968,0.9455197930,0.9430561810,0.9398724967,0.9358414520,0.9316341430,0.9281351674,0.9256318472,0.9235680571,0.9212758895,0.9187022056,0.9164455192,0.9149349561,0.9139618073,0.9130560615,0.9119155177,0.9107441454,0.9099833897,0.9099833897,0.9099833897,0.9099833897,0.9096973473,0.9087550593,0.9078918976,0.9077076401,0.9077076401,0.9077076401,0.9077076401,0.9072565981,0.9056479123,0.9028512037,0.8993980940,0.8954358587,0.8915651730,0.8849530019,0.8744405529,0.8611330655,0.8479700743,0.8366817803,0.8264029907,0.8147005313,0.8011007700,0.7878615264,0.7779194403,0.7707314663,0.7622102757,0.7481616488,0.7284190039,0.7062460541,0.6857498360,0.6675499718,0.6512762915,0.6374246565,0.6293294918,0.6289352400,0.6288767240,0.6282755850,0.6270302480,0.6256680348,0.6244962618,0.6239979046,0.6243839156,0.6248144677,0.6242776812,0.6228285742,0.6209247369,0.6191283102,0.6178427503,0.6171815010,0.6164702927,0.6152692229,0.6133441693,0.6108765464,0.6073578959,0.6028047442,0.5973968030,0.5918627931
2062,1,0,0.9970334296,0.9904974887,0.9846748412,0.9797288197,0.9755320640,0.9722076169,0.9700046798,0.9689624435,0.9670175692,0.9643904539,0.9610785618,0.9574890318,0.9539949007,0.9507681317,0.9479548968,0.9455197930,0.9430561810,0.9398724967,0.9358414520,0.9316341430,0.9281351674,0.9256318472,0.9235680571,0.9212758895,0.9187022056,0.9164455192,0.9149349561,0.9139618073,0.9130560615,0.9119155177,0.9107441454,0.9099833897,0.9099833897,0.9099833897,0.9099833897,0.9096973473,0.9087550593,0.9078918976,0.9077076401,0.9077076401,0.9077076401,0.9077076401,0.9072565981,0.9056479123,0.9028512037,0.8993980940,0.8954358587,0.8901395378,0.8831403194,0.8725907024,0.8596107125,0.8466617068,0.8356892870,0.8258484977,0.8145486952,0.8011764218,0.7879852159,0.7781584185,0.7711598296,0.7626774360,0.7490302049,0.7297943955,0.7080643238,0.6871667078,0.6681276413,0.6509638969,0.6367936564,0.6287665446,0.6287219676,0.6289352400,0.6288767240,0.6282755850,0.6270302480,0.6256680348,0.6244962618,0.6239979046,0.6243839156,0.6248144677,0.6242776812,0.6228285742,0.6209247369,0.6191283102,0.6178427503,0.6171815010,0.6164702927,0.6152692229,0.6133441693,0.6108765464,0.6073578959,0.6028047442,0.5973968030
2063,1,0,0.9970334296,0.9904974887,0.9846748412,0.9797288197,0.9755320640,0.9722076169,0.9700046798,0.9689624435,0.9670175692,0.9643904539,0.9610785618,0.9574890318,0.9539949007,0.9507681317,0.9479548968,0.9455197930,0.9430561810,0.9398724967,0.9358414520,0.9316341430,0.9281351674,0.9256318472,0.9235680571,0.9212758895,0.9187022056,0.9164455192,0.9149349561,0.9139618073,0.9130560615,0.9119155177,0.9107441454,0.9099833897,0.9099833897,0.9099833897,0.9099833897,0.9096973473,0.9087550593,0.9078918976,0.9077076401,0.9077076401,0.9077076401,0.9077076401,0.9072565981,0.9056479123,0.9028512037,0.8993980940,0.8954358587,0.8901395378,0.8817281558,0.8708033421,0.8577922340,0.8451649369,0.8343998680,0.8248688551,0.8140021562,0.8010271062,0.7880596291,0.7782805847,0.7713967312,0.7631013229,0.7494892871,0.7306416287,0.7094012819,0.6889358566,0.6695081027,0.6515272135,0.6364882085,0.6281441153,0.6281595638,0.6287219676,0.6289352400,0.6288767240,0.6282755850,0.6270302480,0.6256680348,0.6244962618,0.6239979046,0.6243839156,0.6248144677,0.6242776812,0.6228285742,0.6209247369,0.6191283102,0.6178427503,0.6171815010,0.6164702927,0.6152692229,0.6133441693,0.6108765464,0.6073578959,0.6028047442
2064,1,0,0.9970334296,0.9904974887,0.9846748412,0.9797288197,0.9755320640,0.9722076169,0.9700046798,0.9689624435,0.9670175692,0.9643904539,0.9610785618,0.9574890318,0.9539949007,0.9507681317,0.9479548968,0.9455197930,0.9430561810,0.9398724967,0.9358414520,0.9316341430,0.9281351674,0.9256318472,0.9235680571,0.9212758895,0.9187022056,0.9164455192,0.9149349561,0.9139618073,0.9130560615,0.9119155177,0.9107441454,0.9099833897,0.9099833897,0.9099833897,0.9099833897,0.9096973473,0.9087550593,0.9078918976,0.9077076401,0.9077076401,0.9077076401,0.9077076401,0.9072565981,0.9056479123,0.9028512037,0.8993980940,0.8954358587,0.8901395378,0.8817281558,0.8694109056,0.8560351860,0.8433770180,0.8329247752,0.8235961314,0.8130365660,0.8004896398,0.7879127581,0.7783540814,0.7715178358,0.7633357490,0.7499058442,0.7310894405,0.7102248403,0.6902366967,0.6712317885,0.6528733757,0.6370389985,0.6278428163,0.6275377354,0.6281595638,0.6287219676,0.6289352400,0.6288767240,0.6282755850,0.6270302480,0.6256680348,0.6244962618,0.6239979046,0.6243839156,0.6248144677,0.6242776812,0.6228285742,0.6209247369,0.6191283102,0.6178427503,0.6171815010,0.6164702927,0.6152692229,0.6133441693,0.6108765464,0.6073578959
2065,1,0,0.9970334296,0.9904974887,0.9846748412,0.9797288197,0.9755320640,0.9722076169,0.9700046798,0.9689624435,0.9670175692,0.9643904539,0.9610785618,0.9574890318,0.9539949007,0.9507681317,0.9479548968,0.9455197930,0.9430561810,0.9398724967,0.9358414520,0.9316341430,0.9281351674,0.9256318472,0.9235680571,0.9212758895,0.9187022056,0.9164455192,0.9149349561,0.9139618073,0.9130560615,0.9119155177,0.9107441454,0.9099833897,0.9099833897,0.9099833897,0.9099833897,0.9096973473,0.9087550593,0.9078918976,0.9077076401,0.9077076401,0.9077076401,0.9077076401,0.9072565981,0.9056479123,0.9028512037,0.8993980940,0.8954358587,0.8901395378,0.8817281558,0.8694109056,0.8546663642,0.8416494972,0.8311627500,0.8221401380,0.8117820988,0.7995400785,0.7873840910,0.7782090192,0.7715906939,0.7634555881,0.7501362166,0.7314957712,0.7106601387,0.6910380065,0.6724991999,0.6545542345,0.6383552257,0.6283861249,0.6272367273,0.6275377354,0.6281595638,0.6287219676,0.6289352400,0.6288767240,0.6282755850,0.6270302480,0.6256680348,0.6244962618,0.6239979046,0.6243839156,0.6248144677,0.6242776812,0.6228285742,0.6209247369,0.6191283102,0.6178427503,0.6171815010,0.6164702927,0.6152692229,0.6133441693,0.6108765464
2066,1,0,0.9970334296,0.9904974887,0.9846748412,0.9797288197,0.9755320640,0.9722076169,0.9700046798,0.9689624435,0.9670175692,0.9643904539,0.9610785618,0.9574890318,0.9539949007,0.9507681317,0.9479548968,0.9455197930,0.9430561810,0.9398724967,0.9358414520,0.9316341430,0.9281351674,0.9256318472,0.9235680571,0.9212758895,0.9187022056,0.9164455192,0.9149349561,0.9139618073,0.9130560615,0.9119155177,0.9107441454,0.9099833897,0.9099833897,0.9099833897,0.9099833897,0.9096973473,0.9087550593,0.9078918976,0.9077076401,0.9077076401,0.9077076401,0.9077076401,0.9072565981,0.9056479123,0.9028512037,0.8993980940,0.8954358587,0.8901395378,0.8817281558,0.8694109056,0.8546663642,0.8403036785,0.8294602481,0.8204009273,0.8103469908,0.7983064356,0.7864500759,0.7776868631,0.7714468922,0.7635276848,0.7502539834,0.7317204880,0.7110551150,0.6914615452,0.6732799179,0.6557901556,0.6399987067,0.6296844738,0.6277795114,0.6272367273,0.6275377354,0.6281595638,0.6287219676,0.6289352400,0.6288767240,0.6282755850,0.6270302480,0.6256680348,0.6244962618,0.6239979046,0.6243839156,0.6248144677,0.6242776812,0.6228285742,0.6209247369,0.6191283102,0.6178427503,0.6171815010,0.6164702927,0.6152692229,0.6133441693
2067,1,0,0.9970334296,0.9904974887,0.9846748412,0.9797288197,0.9755320640,0.9722076169,0.9700046798,0.9689624435,0.9670175692,0.9643904539,0.9610785618,0.9574890318,0.9539949007,0.9507681317,0.9479548968,0.9455197930,0.9430561810,0.9398724967,0.9358414520,0.9316341430,0.9281351674,0.9256318472,0.9235680571,0.9212758895,0.9187022056,0.9164455192,0.9149349561,0.9139618073,0.9130560615,0.9119155177,0.9107441454,0.9099833897,0.9099833897,0.9099833897,0.9099833897,0.9096973473,0.9087550593,0.9078918976,0.9077076401,0.9077076401,0.9077076401,0.9077076401,0.9072565981,0.9056479123,0.9028512037,0.8993980940,0.8954358587,0.8901395378,0.8817281558,0.8694109056,0.8546663642,0.8403036785,0.8281339203,0.8187204693,0.8086327282,0.7968951505,0.7852366301,0.7767643510,0.7709292733,0.7633853858,0.7503248335,0.7318353637,0.7112735524,0.6918458512,0.6736925726,0.6565514757,0.6412071442,0.6313056315,0.6290766070,0.6277795114,0.6272367273,0.6275377354,0.6281595638,0.6287219676,0.6289352400,0.6288767240,0.6282755850,0.6270302480,0.6256680348,0.6244962618,0.6239979046,0.6243839156,0.6248144677,0.6242776812,0.6228285742,0.6209247369,0.6191283102,0.6178427503,0.6171815010,0.6164702927,0.6152692229
2068,1,0,0.9970334296,0.9904974887,0.9846748412,0.9797288197,0.9755320640,0.9722076169,0.9700046798,0.9689624435,0.9670175692,0.9643904539,0.9610785618,0.9574890318,0.9539949007,0.9507681317,0.9479548968,0.9455197930,0.9430561810,0.9398724967,0.9358414520,0.9316341430,0.9281351674,0.9256318472,0.9235680571,0.9212758895,0.9187022056,0.9164455192,0.9149349561,0.9139618073,0.9130560615,0.9119155177,0.9107441454,0.9099833897,0.9099833897,0.9099833897,0.9099833897,0.9096973473,0.9087550593,0.9078918976,0.9077076401,0.9077076401,0.9077076401,0.9077076401,0.9072565981,0.9056479123,0.9028512037,0.8993980940,0.8954358587,0.8901395378,0.8817281558,0.8694109056,0.8546663642,0.8403036785,0.8281339203,0.8174113147,0.8069763754,0.7952093448,0.7838484504,0.7755658497,0.7700147772,0.7628731759,0.7501849951,0.7319044744,0.7113852180,0.6920583874,0.6740670028,0.6569538775,0.6419515346,0.6324976549,0.6306961996,0.6290766070,0.6277795114,0.6272367273,0.6275377354,0.6281595638,0.6287219676,0.6289352400,0.6288767240,0.6282755850,0.6270302480,0.6256680348,0.6244962618,0.6239979046,0.6243839156,0.6248144677,0.6242776812,0.6228285742,0.6209247369,0.6191283102,0.6178427503,0.6171815010,0.6164702927
2069,1,0,0.9970334296,0.9904974887,0.9846748412,0.9797288197,0.9755320640,0.9722076169,0.9700046798,0.9689624435,0.9670175692,0.9643904539,0.9610785618,0.9574890318,0.9539949007,0.9507681317,0.9479548968,0.9455197930,0.9430561810,0.9398724967,0.9358414520,0.9316341430,0.9281351674,0.9256318472,0.9235680571,0.9212758895,0.9187022056,0.9164455192,0.9149349561,0.9139618073,0.9130560615,0.9119155177,0.9107441454,0.9099833897,0.9099833897,0.9099833897,0.9099833897,0.9096973473,0.9087550593,0.9078918976,0.9077076401,0.9077076401,0.9077076401,0.9077076401,0.9072565981,0.9056479123,0.9028512037,0.8993980940,0.8954358587,0.8901395378,0.8817281558,0.8694109056,0.8546663642,0.8403036785,0.8281339203,0.8174113147,0.8056859999,0.7935804876,0.7821902446,0.7741947666,0.7688266902,0.7619682362,0.7496816423,0.7317680690,0.7114523975,0.6921670364,0.6742740774,0.6573190045,0.6423449881,0.6332319343,0.6318870723,0.6306961996,0.6290766070,0.6277795114,0.6272367273,0.6275377354,0.6281595638,0.6287219676,0.6289352400,0.6288767240,0.6282755850,0.6270302480,0.6256680348,0.6244962618,0.6239979046,0.6243839156,0.6248144677,0.6242776812,0.6228285742,0.6209247369,0.6191283102,0.6178427503,0.6171815010
2070,1,0,0.9970334296,0.9904974887,0.9846748412,0.9797288197,0.9755320640,0.9722076169,0.9700046798,0.9689624435,0.9670175692,0.9643904539,0.9610785618,0.9574890318,0.9539949007,0.9507681317,0.9479548968,0.9455197930,0.9430561810,0.9398724967,0.9358414520,0.9316341430,0.9281351674,0.9256318472,0.9235680571,0.9212758895,0.9187022056,0.9164455192,0.9149349561,0.9139618073,0.9130560615,0.9119155177,0.9107441454,0.9099833897,0.9099833897,0.9099833897,0.9099833897,0.9096973473,0.9087550593,0.9078918976,0.9077076401,0.9077076401,0.9077076401,0.9077076401,0.9072565981,0.9056479123,0.9028512037,0.8993980940,0.8954358587,0.8901395378,0.8817281558,0.8694109056,0.8546663642,0.8403036785,0.8281339203,0.8174113147,0.8056859999,0.7923115325,0.7805880549,0.7725569828,0.7674675208,0.7607925645,0.7487923508,0.7312770734,0.7113198038,0.6922324010,0.6743799343,0.6575209341,0.6427019957,0.6336200435,0.6326206428,0.6318870723,0.6306961996,0.6290766070,0.6277795114,0.6272367273,0.6275377354,0.6281595638,0.6287219676,0.6289352400,0.6288767240,0.6282755850,0.6270302480,0.6256680348,0.6244962618,0.6239979046,0.6243839156,0.6248144677,0.6242776812,0.6228285742,0.6209247369,0.6191283102,0.6178427503
2071,1,0,0.9970334296,0.9904974887,0.9846748412,0.9797288197,0.9755320640,0.9722076169,0.9700046798,0.9689624435,0.9670175692,0.9643904539,0.9610785618,0.9574890318,0.9539949007,0.9507681317,0.9479548968,0.9455197930,0.9430561810,0.9398724967,0.9358414520,0.9316341430,0.9281351674,0.9256318472,0.9235680571,0.9212758895,0.9187022056,0.9164455192,0.9149349561,0.9139618073,0.9130560615,0.9119155177,0.9107441454,0.9099833897,0.9099833897,0.9099833897,0.9099833897,0.9096973473,0.9087550593,0.9078918976,0.9077076401,0.9077076401,0.9077076401,0.9077076401,0.9072565981,0.9056479123,0.9028512037,0.8993980940,0.8954358587,0.8901395378,0.8817281558,0.8694109056,0.8546663642,0.8403036785,0.8281339203,0.8174113147,0.8056859999,0.7923115325,0.7793398750,0.7709745253,0.7658439683,0.7594475983,0.7476370086,0.7304096138,0.7108425284,0.6921033893,0.6744436192,0.6576241609,0.6428994349,0.6339722019,0.6330083774,0.6326206428,0.6318870723,0.6306961996,0.6290766070,0.6277795114,0.6272367273,0.6275377354,0.6281595638,0.6287219676,0.6289352400,0.6288767240,0.6282755850,0.6270302480,0.6256680348,0.6244962618,0.6239979046,0.6243839156,0.6248144677,0.6242776812,0.6228285742,0.6209247369,0.6191283102
2072,1,0,0.9970334296,0.9904974887,0.9846748412,0.9797288197,0.9755320640,0.9722076169,0.9700046798,0.9689624435,0.9670175692,0.9643904539,0.9610785618,0.9574890318,0.9539949007,0.9507681317,0.9479548968,0.9455197930,0.9430561810,0.9398724967,0.9358414520,0.9316341430,0.9281351674,0.9256318472,0.9235680571,0.9212758895,0.9187022056,0.9164455192,0.9149349561,0.9139618073,0.9130560615,0.9119155177,0.9107441454,0.9099833897,0.9099833897,0.9099833897,0.9099833897,0.9096973473,0.9087550593,0.9078918976,0.9077076401,0.9077076401,0.9077076401,0.9077076401,0.9072565981,0.9056479123,0.9028512037,0.8993980940,0.8954358587,0.8901395378,0.8817281558,0.8694109056,0.8546663642,0.8403036785,0.8281339203,0.8174113147,0.8056859999,0.7923115325,0.7793398750,0.7697417176,0.7642752613,0.7578410116,0.7463152994,0.7292826352,0.7099993088,0.6916390076,0.6743179229,0.6576862635,0.6430003662,0.6341669592,0.6333601958,0.6330083774,0.6326206428,0.6318870723,0.6306961996,0.6290766070,0.6277795114,0.6272367273,0.6275377354,0.6281595638,0.6287219676,0.6289352400,0.6288767240,0.6282755850,0.6270302480,0.6256680348,0.6244962618,0.6239979046,0.6243839156,0.6248144677,0.6242776812,0.6228285742,0.6209247369
2073,1,0,0.9970334296,0.9904974887,0.9846748412,0.9797288197,0.9755320640,0.9722076169,0.9700046798,0.9689624435,0.9670175692,0.9643904539,0.9610785618,0.9574890318,0.9539949007,0.9507681317,0.9479548968,0.9455197930,0.9430561810,0.9398724967,0.9358414520,0.9316341430,0.9281351674,0.9256318472,0.9235680571,0.9212758895,0.9187022056,0.9164455192,0.9149349561,0.9139618073,0.9130560615,0.9119155177,0.9107441454,0.9099833897,0.9099833897,0.9099833897,0.9099833897,0.9096973473,0.9087550593,0.9078918976,0.9077076401,0.9077076401,0.9077076401,0.9077076401,0.9072565981,0.9056479123,0.9028512037,0.8993980940,0.8954358587,0.8901395378,0.8817281558,0.8694109056,0.8546663642,0.8403036785,0.8281339203,0.8174113147,0.8056859999,0.7923115325,0.7793398750,0.7697417176,0.7630531659,0.7562886974,0.7447364937,0.7279933737,0.7089038220,0.6908185677,0.6738654747,0.6575636902,0.6430610877,0.6342665196,0.6335547652,0.6333601958,0.6330083774,0.6326206428,0.6318870723,0.6306961996,0.6290766070,0.6277795114,0.6272367273,0.6275377354,0.6281595638,0.6287219676,0.6289352400,0.6288767240,0.6282755850,0.6270302480,0.6256680348,0.6244962618,0.6239979046,0.6243839156,0.6248144677,0.6242776812,0.6228285742
2074,1,0,0.9970334296,0.9904974887,0.9846748412,0.9797288197,0.9755320640,0.9722076169,0.9700046798,0.9689624435,0.9670175692,0.9643904539,0.9610785618,0.9574890318,0.9539949007,0.9507681317,0.9479548968,0.9455197930,0.9430561810,0.9398724967,0.9358414520,0.9316341430,0.9281351674,0.9256318472,0.9235680571,0.9212758895,0.9187022056,0.9164455192,0.9149349561,0.9139618073,0.9130560615,0.9119155177,0.9107441454,0.9099833897,0.9099833897,0.9099833897,0.9099833897,0.9096973473,0.9087550593,0.9078918976,0.9077076401,0.9077076401,0.9077076401,0.9077076401,0.9072565981,0.9056479123,0.9028512037,0.8993980940,0.8954358587,0.8901395378,0.8817281558,0.8694109056,0.8546663642,0.8403036785,0.8281339203,0.8174113147,0.8056859999,0.7923115325,0.7793398750,0.7697417176,0.7630531659,0.7550793727,0.7432110220,0.7264533275,0.7076505873,0.6897526757,0.6730661182,0.6571224836,0.6429412402,0.6343264164,0.6336542294,0.6335547652,0.6333601958,0.6330083774,0.6326206428,0.6318870723,0.6306961996,0.6290766070,0.6277795114,0.6272367273,0.6275377354,0.6281595638,0.6287219676,0.6289352400,0.6288767240,0.6282755850,0.6270302480,0.6256680348,0.6244962618,0.6239979046,0.6243839156,0.6248144677,0.6242776812
2075,1,0,0.9970334296,0.9904974887,0.9846748412,0.9797288197,0.9755320640,0.9722076169,0.9700046798,0.9689624435,0.9670175692,0.9643904539,0.9610785618,0.9574890318,0.9539949007,0.9507681317,0.9479548968,0.9455197930,0.9430561810,0.9398724967,0.9358414520,0.9316341430,0.9281351674,0.9256318472,0.9235680571,0.9212758895,0.9187022056,0.9164455192,0.9149349561,0.9139618073,0.9130560615,0.9119155177,0.9107441454,0.9099833897,0.9099833897,0.9099833897,0.9099833897,0.9096973473,0.9087550593,0.9078918976,0.9077076401,0.9077076401,0.9077076401,0.9077076401,0.9072565981,0.9056479123,0.9028512037,0.8993980940,0.8954358587,0.8901395378,0.8817281558,0.8694109056,0.8546663642,0.8403036785,0.8281339203,0.8174113147,0.8056859999,0.7923115325,0.7793398750,0.7697417176,0.7630531659,0.7550793727,0.7420226089,0.7249653059,0.7061535755,0.6885332973,0.6720276172,0.6563429881,0.6425098449,0.6342081967,0.6337140684,0.6336542294,0.6335547652,0.6333601958,0.6330083774,0.6326206428,0.6318870723,0.6306961996,0.6290766070,0.6277795114,0.6272367273,0.6275377354,0.6281595638,0.6287219676,0.6289352400,0.6288767240,0.6282755850,0.6270302480,0.6256680348,0.6244962618,0.6239979046,0.6243839156,0.6248144677
2076,1,0,0.9970334296,0.9904974887,0.9846748412,0.9797288197,0.9755320640,0.9722076169,0.9700046798,0.9689624435,0.9670175692,0.9643904539,0.9610785618,0.9574890318,0.9539949007,0.9507681317,0.9479548968,0.9455197930,0.9430561810,0.9398724967,0.9358414520,0.9316341430,0.9281351674,0.9256318472,0.9235680571,0.9212758895,0.9187022056,0.9164455192,0.9149349561,0.9139618073,0.9130560615,0.9119155177,0.9107441454,0.9099833897,0.9099833897,0.9099833897,0.9099833897,0.9096973473,0.9087550593,0.9078918976,0.9077076401,0.9077076401,0.9077076401,0.9077076401,0.9072565981,0.9056479123,0.9028512037,0.8993980940,0.8954358587,0.8901395378,0.8817281558,0.8694109056,0.8546663642,0.8403036785,0.8281339203,0.8174113147,0.8056859999,0.7923115325,0.7793398750,0.7697417176,0.7630531659,0.7550793727,0.7420226089,0.7238060681,0.7047071346,0.6870767275,0.6708395740,0.6553302899,0.6417476832,0.6337826610,0.6335959628,0.6337140684,0.6336542294,0.6335547652,0.6333601958,0.6330083774,0.6326206428,0.6318870723,0.6306961996,0.6290766070,0.6277795114,0.6272367273,0.6275377354,0.6281595638,0.6287219676,0.6289352400,0.6288767240,0.6282755850,0.6270302480,0.6256680348,0.6244962618,0.6239979046,0.6243839156
2077,1,0,0.9970334296,0.9904974887,0.9846748412,0.9797288197,0.9755320640,0.9722076169,0.9700046798,0.9689624435,0.9670175692,0.9643904539,0.9610785618,0.9574890318,0.9539949007,0.9507681317,0.9479548968,0.9455197930,0.9430561810,0.9398724967,0.9358414520,0.9316341430,0.9281351674,0.9256318472,0.9235680571,0.9212758895,0.9187022056,0.9164455192,0.9149349561,0.9139618073,0.9130560615,0.9119155177,0.9107441454,0.9099833897,0.9099833897,0.9099833897,0.9099833897,0.9096973473,0.9087550593,0.9078918976,0.9077076401,0.9077076401,0.9077076401,0.9077076401,0.9072565981,0.9056479123,0.9028512037,0.8993980940,0.8954358587,0.8901395378,0.8817281558,0.8694109056,0.8546663642,0.8403036785,0.8281339203,0.8174113147,0.8056859999,0.7923115325,0.7793398750,0.7697417176,0.7630531659,0.7550793727,0.7420226089,0.7238060681,0.7035802902,0.6856693625,0.6694204347,0.6541717650,0.6407575047,0.6330308518,0.6331708379,0.6335959628,0.6337140684,0.6336542294,0.6335547652,0.6333601958,0.6330083774,0.6326206428,0.6318870723,0.6306961996,0.6290766070,0.6277795114,0.6272367273,0.6275377354,0.6281595638,0.6287219676,0.6289352400,0.6288767240,0.6282755850,0.6270302480,0.6256680348,0.6244962618,0.6239979046
2078,1,0,0.9970334296,0.9904974887,0.9846748412,0.9797288197,0.9755320640,0.9722076169,0.9700046798,0.9689624435,0.9670175692,0.9643904539,0.9610785618,0.9574890318,0.9539949007,0.9507681317,0.9479548968,0.9455197930,0.9430561810,0.9398724967,0.9358414520,0.9316341430,0.9281351674,0.9256318472,0.9235680571,0.9212758895,0.9187022056,0.9164455192,0.9149349561,0.9139618073,0.9130560615,0.9119155177,0.9107441454,0.9099833897,0.9099833897,0.9099833897,0.9099833897,0.9096973473,0.9087550593,0.9078918976,0.9077076401,0.9077076401,0.9077076401,0.9077076401,0.9072565981,0.9056479123,0.9028512037,0.8993980940,0.8954358587,0.8901395378,0.8817281558,0.8694109056,0.8546663642,0.8403036785,0.8281339203,0.8174113147,0.8056859999,0.7923115325,0.7793398750,0.7697417176,0.7630531659,0.7550793727,0.7420226089,0.7238060681,0.7035802902,0.6845729599,0.6680492357,0.6527878859,0.6396247423,0.6320541228,0.6324197545,0.6331708379,0.6335959628,0.6337140684,0.6336542294,0.6335547652,0.6333601958,0.6330083774,0.6326206428,0.6318870723,0.6306961996,0.6290766070,0.6277795114,0.6272367273,0.6275377354,0.6281595638,0.6287219676,0.6289352400,0.6288767240,0.6282755850,0.6270302480,0.6256680348,0.6244962618
2079,1,0,0.9970334296,0.9904974887,0.9846748412,0.9797288197,0.9755320640,0.9722076169,0.9700046798,0.9689624435,0.9670175692,0.9643904539,0.9610785618,0.9574890318,0.9539949007,0.9507681317,0.9479548968,0.9455197930,0.9430561810,0.9398724967,0.9358414520,0.9316341430,0.9281351674,0.9256318472,0.9235680571,0.9212758895,0.9187022056,0.9164455192,0.9149349561,0.9139618073,0.9130560615,0.9119155177,0.9107441454,0.9099833897,0.9099833897,0.9099833897,0.9099833897,0.9096973473,0.9087550593,0.9078918976,0.9077076401,0.9077076401,0.9077076401,0.9077076401,0.9072565981,0.9056479123,0.9028512037,0.8993980940,0.8954358587,0.8901395378,0.8817281558,0.8694109056,0.8546663642,0.8403036785,0.8281339203,0.8174113147,0.8056859999,0.7923115325,0.7793398750,0.7697417176,0.7630531659,0.7550793727,0.7420226089,0.7238060681,0.7035802902,0.6845729599,0.6669810081,0.6514507560,0.6382716370,0.6309367467,0.6314439684,0.6324197545,0.6331708379,0.6335959628,0.6337140684,0.6336542294,0.6335547652,0.6333601958,0.6330083774,0.6326206428,0.6318870723,0.6306961996,0.6290766070,0.6277795114,0.6272367273,0.6275377354,0.6281595638,0.6287219676,0.6289352400,0.6288767240,0.6282755850,0.6270302480,0.6256680348
2080,1,0,0.9970334296,0.9904974887,0.9846748412,0.9797288197,0.9755320640,0.9722076169,0.9700046798,0.9689624435,0.9670175692,0.9643904539,0.9610785618,0.9574890318,0.9539949007,0.9507681317,0.9479548968,0.9455197930,0.9430561810,0.9398724967,0.9358414520,0.9316341430,0.9281351674,0.9256318472,0.9235680571,0.9212758895,0.9187022056,0.9164455192,0.9149349561,0.9139618073,0.9130560615,0.9119155177,0.9107441454,0.9099833897,0.9099833897,0.9099833897,0.9099833897,0.9096973473,0.9087550593,0.9078918976,0.9077076401,0.9077076401,0.9077076401,0.9077076401,0.9072565981,0.9056479123,0.9028512037,0.8993980940,0.8954358587,0.8901395378,0.8817281558,0.8694109056,0.8546663642,0.8403036785,0.8281339203,0.8174113147,0.8056859999,0.7923115325,0.7793398750,0.7697417176,0.7630531659,0.7550793727,0.7420226089,0.7238060681,0.7035802902,0.6845729599,0.6669810081,0.6504090698,0.6369642412,0.6296020205,0.6303276709,0.6314439684,0.6324197545,0.6331708379,0.6335959628,0.6337140684,0.6336542294,0.6335547652,0.6333601958,0.6330083774,0.6326206428,0.6318870723,0.6306961996,0.6290766070,0.6277795114,0.6272367273,0.6275377354,0.6281595638,0.6287219676,0.6289352400,0.6288767240,0.6282755850,0.6270302480
2081,1,0,0.9970334296,0.9904974887,0.9846748412,0.9797288197,0.9755320640,0.9722076169,0.9700046798,0.9689624435,0.9670175692,0.9643904539,0.9610785618,0.9574890318,0.9539949007,0.9507681317,0.9479548968,0.9455197930,0.9430561810,0.9398724967,0.9358414520,0.9316341430,0.9281351674,0.9256318472,0.9235680571,0.9212758895,0.9187022056,0.9164455192,0.9149349561,0.9139618073,0.9130560615,0.9119155177,0.9107441454,0.9099833897,0.9099833897,0.9099833897,0.9099833897,0.9096973473,0.9087550593,0.9078918976,0.9077076401,0.9077076401,0.9077076401,0.9077076401,0.9072565981,0.9056479123,0.9028512037,0.8993980940,0.8954358587,0.8901395378,0.8817281558,0.8694109056,0.8546663642,0.8403036785,0.8281339203,0.8174113147,0.8056859999,0.7923115325,0.7793398750,0.7697417176,0.7630531659,0.7550793727,0.7420226089,0.7238060681,0.7035802902,0.6845729599,0.6669810081,0.6504090698,0.6359457194,0.6283123831,0.6289942332,0.6303276709,0.6314439684,0.6324197545,0.6331708379,0.6335959628,0.6337140684,0.6336542294,0.6335547652,0.6333601958,0.6330083774,0.6326206428,0.6318870723,0.6306961996,0.6290766070,0.6277795114,0.6272367273,0.6275377354,0.6281595638,0.6287219676,0.6289352400,0.6288767240,0.6282755850
2082,1,0,0.9970334296,0.9904974887,0.9846748412,0.9797288197,0.9755320640,0.9722076169,0.9700046798,0.9689624435,0.9670175692,0.9643904539,0.9610785618,0.9574890318,0.9539949007,0.9507681317,0.9479548968,0.9455197930,0.9430561810,0.9398724967,0.9358414520,0.9316341430,0.9281351674,0.9256318472,0.9235680571,0.9212758895,0.9187022056,0.9164455192,0.9149349561,0.9139618073,0.9130560615,0.9119155177,0.9107441454,0.9099833897,0.9099833897,0.9099833897,0.9099833897,0.9096973473,0.9087550593,0.9078918976,0.9077076401,0.9077076401,0.9077076401,0.9077076401,0.9072565981,0.9056479123,0.9028512037,0.8993980940,0.8954358587,0.8901395378,0.8817281558,0.8694109056,0.8546663642,0.8403036785,0.8281339203,0.8174113147,0.8056859999,0.7923115325,0.7793398750,0.7697417176,0.7630531659,0.7550793727,0.7420226089,0.7238060681,0.7035802902,0.6845729599,0.6669810081,0.6504090698,0.6359457194,0.6273076957,0.6277058407,0.6289942332,0.6303276709,0.6314439684,0.6324197545,0.6331708379,0.6335959628,0.6337140684,0.6336542294,0.6335547652,0.6333601958,0.6330083774,0.6326206428,0.6318870723,0.6306961996,0.6290766070,0.6277795114,0.6272367273,0.6275377354,0.6281595638,0.6287219676,0.6289352400,0.6288767240
2083,1,0,0.9970334296,0.9904974887,0.9846748412,0.9797288197,0.9755320640,0.9722076169,0.9700046798,0.9689624435,0.9670175692,0.9643904539,0.9610785618,0.9574890318,0.9539949007,0.9507681317,0.9479548968,0.9455197930,0.9430561810,0.9398724967,0.9358414520,0.9316341430,0.9281351674,0.9256318472,0.9235680571,0.9212758895,0.9187022056,0.9164455192,0.9149349561,0.9139618073,0.9130560615,0.9119155177,0.9107441454,0.9099833897,0.9099833897,0.9099833897,0.9099833897,0.9096973473,0.9087550593,0.9078918976,0.9077076401,0.9077076401,0.9077076401,0.9077076401,0.9072565981,0.9056479123,0.9028512037,0.8993980940,0.8954358587,0.8901395378,0.8817281558,0.8694109056,0.8546663642,0.8403036785,0.8281339203,0.8174113147,0.8056859999,0.7923115325,0.7793398750,0.7697417176,0.7630531659,0.7550793727,0.7420226089,0.7238060681,0.7035802902,0.6845729599,0.6669810081,0.6504090698,0.6359457194,0.6273076957,0.6267021233,0.6277058407,0.6289942332,0.6303276709,0.6314439684,0.6324197545,0.6331708379,0.6335959628,0.6337140684,0.6336542294,0.6335547652,0.6333601958,0.6330083774,0.6326206428,0.6318870723,0.6306961996,0.6290766070,0.6277795114,0.6272367273,0.6275377354,0.6281595638,0.6287219676,0.6289352400
2084,1,0,0.9970334296,0.9904974887,0.9846748412,0.9797288197,0.9755320640,0.9722076169,0.9700046798,0.9689624435,0.9670175692,0.9643904539,0.9610785618,0.9574890318,0.9539949007,0.9507681317,0.9479548968,0.9455197930,0.9430561810,0.9398724967,0.9358414520,0.9316341430,0.9281351674,0.9256318472,0.9235680571,0.9212758895,0.9187022056,0.9164455192,0.9149349561,0.9139618073,0.9130560615,0.9119155177,0.9107441454,0.9099833897,0.9099833897,0.9099833897,0.9099833897,0.9096973473,0.9087550593,0.9078918976,0.9077076401,0.9077076401,0.9077076401,0.9077076401,0.9072565981,0.9056479123,0.9028512037,0.8993980940,0.8954358587,0.8901395378,0.8817281558,0.8694109056,0.8546663642,0.8403036785,0.8281339203,0.8174113147,0.8056859999,0.7923115325,0.7793398750,0.7697417176,0.7630531659,0.7550793727,0.7420226089,0.7238060681,0.7035802902,0.6845729599,0.6669810081,0.6504090698,0.6359457194,0.6273076957,0.6267021233,0.6267021233,0.6277058407,0.6289942332,0.6303276709,0.6314439684,0.6324197545,0.6331708379,0.6335959628,0.6337140684,0.6336542294,0.6335547652,0.6333601958,0.6330083774,0.6326206428,0.6318870723,0.6306961996,0.6290766070,0.6277795114,0.6272367273,0.6275377354,0.6281595638,0.6287219676
2085,1,0,0.9970334296,0.9904974887,0.9846748412,0.9797288197,0.9755320640,0.9722076169,0.9700046798,0.9689624435,0.9670175692,0.9643904539,0.9610785618,0.9574890318,0.9539949007,0.9507681317,0.9479548968,0.9455197930,0.9430561810,0.9398724967,0.9358414520,0.9316341430,0.9281351674,0.9256318472,0.9235680571,0.9212758895,0.9187022056,0.9164455192,0.9149349561,0.9139618073,0.9130560615,0.9119155177,0.9107441454,0.9099833897,0.9099833897,0.9099833897,0.9099833897,0.9096973473,0.9087550593,0.9078918976,0.9077076401,0.9077076401,0.9077076401,0.9077076401,0.9072565981,0.9056479123,0.9028512037,0.8993980940,0.8954358587,0.8901395378,0.8817281558,0.8694109056,0.8546663642,0.8403036785,0.8281339203,0.8174113147,0.8056859999,0.7923115325,0.7793398750,0.7697417176,0.7630531659,0.7550793727,0.7420226089,0.7238060681,0.7035802902,0.6845729599,0.6669810081,0.6504090698,0.6359457194,0.6273076957,0.6267021233,0.6267021233,0.6267021233,0.6277058407,0.6289942332,0.6303276709,0.6314439684,0.6324197545,0.6331708379,0.6335959628,0.6337140684,0.6336542294,0.6335547652,0.6333601958,0.6330083774,0.6326206428,0.6318870723,0.6306961996,0.6290766070,0.6277795114,0.6272367273,0.6275377354,0.6281595638
2086,1,0,0.9970334296,0.9904974887,0.9846748412,0.9797288197,0.9755320640,0.9722076169,0.9700046798,0.9689624435,0.9670175692,0.9643904539,0.9610785618,0.9574890318,0.9539949007,0.9507681317,0.9479548968,0.9455197930,0.9430561810,0.9398724967,0.9358414520,0.9316341430,0.9281351674,0.9256318472,0.9235680571,0.9212758895,0.9187022056,0.9164455192,0.9149349561,0.9139618073,0.9130560615,0.9119155177,0.9107441454,0.9099833897,0.9099833897,0.9099833897,0.9099833897,0.9096973473,0.9087550593,0.9078918976,0.9077076401,0.9077076401,0.9077076401,0.9077076401,0.9072565981,0.9056479123,0.9028512037,0.8993980940,0.8954358587,0.8901395378,0.8817281558,0.8694109056,0.8546663642,0.8403036785,0.8281339203,0.8174113147,0.8056859999,0.7923115325,0.7793398750,0.7697417176,0.7630531659,0.7550793727,0.7420226089,0.7238060681,0.7035802902,0.6845729599,0.6669810081,0.6504090698,0.6359457194,0.6273076957,0.6267021233,0.6267021233,0.6267021233,0.6267021233,0.6277058407,0.6289942332,0.6303276709,0.6314439684,0.6324197545,0.6331708379,0.6335959628,0.6337140684,0.6336542294,0.6335547652,0.6333601958,0.6330083774,0.6326206428,0.6318870723,0.6306961996,0.6290766070,0.6277795114,0.6272367273,0.6275377354
2087,1,0,0.9970334296,0.9904974887,0.9846748412,0.9797288197,0.9755320640,0.9722076169,0.9700046798,0.9689624435,0.9670175692,0.9643904539,0.9610785618,0.9574890318,0.9539949007,0.9507681317,0.9479548968,0.9455197930,0.9430561810,0.9398724967,0.9358414520,0.9316341430,0.9281351674,0.9256318472,0.9235680571,0.9212758895,0.9187022056,0.9164455192,0.9149349561,0.9139618073,0.9130560615,0.9119155177,0.9107441454,0.9099833897,0.9099833897,0.9099833897,0.9099833897,0.9096973473,0.9087550593,0.9078918976,0.9077076401,0.9077076401,0.9077076401,0.9077076401,0.9072565981,0.9056479123,0.9028512037,0.8993980940,0.8954358587,0.8901395378,0.8817281558,0.8694109056,0.8546663642,0.8403036785,0.8281339203,0.8174113147,0.8056859999,0.7923115325,0.7793398750,0.7697417176,0.7630531659,0.7550793727,0.7420226089,0.7238060681,0.7035802902,0.6845729599,0.6669810081,0.6504090698,0.6359457194,0.6273076957,0.6267021233,0.6267021233,0.6267021233,0.6267021233,0.6267021233,0.6277058407,0.6289942332,0.6303276709,0.6314439684,0.6324197545,0.6331708379,0.6335959628,0.6337140684,0.6336542294,0.6335547652,0.6333601958,0.6330083774,0.6326206428,0.6318870723,0.6306961996,0.6290766070,0.6277795114,0.6272367273
2088,1,0,0.9970334296,0.9904974887,0.9846748412,0.9797288197,0.9755320640,0.9722076169,0.9700046798,0.9689624435,0.9670175692,0.9643904539,0.9610785618,0.9574890318,0.9539949007,0.9507681317,0.9479548968,0.9455197930,0.9430561810,0.9398724967,0.9358414520,0.9316341430,0.9281351674,0.9256318472,0.9235680571,0.9212758895,0.9187022056,0.9164455192,0.9149349561,0.9139618073,0.9130560615,0.9119155177,0.9107441454,0.9099833897,0.9099833897,0.9099833897,0.9099833897,0.9096973473,0.9087550593,0.9078918976,0.9077076401,0.9077076401,0.9077076401,0.9077076401,0.9072565981,0.9056479123,0.9028512037,0.8993980940,0.8954358587,0.8901395378,0.8817281558,0.8694109056,0.8546663642,0.8403036785,0.8281339203,0.8174113147,0.8056859999,0.7923115325,0.7793398750,0.7697417176,0.7630531659,0.7550793727,0.7420226089,0.7238060681,0.7035802902,0.6845729599,0.6669810081,0.6504090698,0.6359457194,0.6273076957,0.6267021233,0.6267021233,0.6267021233,0.6267021233,0.6267021233,0.6267021233,0.6277058407,0.6289942332,0.6303276709,0.6314439684,0.6324197545,0.6331708379,0.6335959628,0.6337140684,0.6336542294,0.6335547652,0.6333601958,0.6330083774,0.6326206428,0.6318870723,0.6306961996,0.6290766070,0.6277795114
2089,1,0,0.9970334296,0.9904974887,0.9846748412,0.9797288197,0.9755320640,0.9722076169,0.9700046798,0.9689624435,0.9670175692,0.9643904539,0.9610785618,0.9574890318,0.9539949007,0.9507681317,0.9479548968,0.9455197930,0.9430561810,0.9398724967,0.9358414520,0.9316341430,0.9281351674,0.9256318472,0.9235680571,0.9212758895,0.9187022056,0.9164455192,0.9149349561,0.9139618073,0.9130560615,0.9119155177,0.9107441454,0.9099833897,0.9099833897,0.9099833897,0.9099833897,0.9096973473,0.9087550593,0.9078918976,0.9077076401,0.9077076401,0.9077076401,0.9077076401,0.9072565981,0.9056479123,0.9028512037,0.8993980940,0.8954358587,0.8901395378,0.8817281558,0.8694109056,0.8546663642,0.8403036785,0.8281339203,0.8174113147,0.8056859999,0.7923115325,0.7793398750,0.7697417176,0.7630531659,0.7550793727,0.7420226089,0.7238060681,0.7035802902,0.6845729599,0.6669810081,0.6504090698,0.6359457194,0.6273076957,0.6267021233,0.6267021233,0.6267021233,0.6267021233,0.6267021233,0.6267021233,0.6267021233,0.6277058407,0.6289942332,0.6303276709,0.6314439684,0.6324197545,0.6331708379,0.6335959628,0.6337140684,0.6336542294,0.6335547652,0.6333601958,0.6330083774,0.6326206428,0.6318870723,0.6306961996,0.6290766070
2090,1,0,0.9970334296,0.9904974887,0.9846748412,0.9797288197,0.9755320640,0.9722076169,0.9700046798,0.9689624435,0.9670175692,0.9643904539,0.9610785618,0.9574890318,0.9539949007,0.9507681317,0.9479548968,0.9455197930,0.9430561810,0.9398724967,0.9358414520,0.9316341430,0.9281351674,0.9256318472,0.9235680571,0.9212758895,0.9187022056,0.9164455192,0.9149349561,0.9139618073,0.9130560615,0.9119155177,0.9107441454,0.9099833897,0.9099833897,0.9099833897,0.9099833897,0.9096973473,0.9087550593,0.9078918976,0.9077076401,0.9077076401,0.9077076401,0.9077076401,0.9072565981,0.9056479123,0.9028512037,0.8993980940,0.8954358587,0.8901395378,0.8817281558,0.8694109056,0.8546663642,0.8403036785,0.8281339203,0.8174113147,0.8056859999,0.7923115325,0.7793398750,0.7697417176,0.7630531659,0.7550793727,0.7420226089,0.7238060681,0.7035802902,0.6845729599,0.6669810081,0.6504090698,0.6359457194,0.6273076957,0.6267021233,0.6267021233,0.6267021233,0.6267021233,0.6267021233,0.6267021233,0.6267021233,0.6267021233,0.6277058407,0.6289942332,0.6303276709,0.6314439684,0.6324197545,0.6331708379,0.6335959628,0.6337140684,0.6336542294,0.6335547652,0.6333601958,0.6330083774,0.6326206428,0.6318870723,0.6306961996
2091,1,0,0.9970334296,0.9904974887,0.9846748412,0.9797288197,0.9755320640,0.9722076169,0.9700046798,0.9689624435,0.9670175692,0.9643904539,0.9610785618,0.9574890318,0.9539949007,0.9507681317,0.9479548968,0.9455197930,0.9430561810,0.9398724967,0.9358414520,0.9316341430,0.9281351674,0.9256318472,0.9235680571,0.9212758895,0.9187022056,0.9164455192,0.9149349561,0.9139618073,0.9130560615,0.9119155177,0.9107441454,0.9099833897,0.9099833897,0.9099833897,0.9099833897,0.9096973473,0.9087550593,0.9078918976,0.9077076401,0.9077076401,0.9077076401,0.9077076401,0.9072565981,0.9056479123,0.9028512037,0.8993980940,0.8954358587,0.8901395378,0.8817281558,0.8694109056,0.8546663642,0.8403036785,0.8281339203,0.8174113147,0.8056859999,0.7923115325,0.7793398750,0.7697417176,0.7630531659,0.7550793727,0.7420226089,0.7238060681,0.7035802902,0.6845729599,0.6669810081,0.6504090698,0.6359457194,0.6273076957,0.6267021233,0.6267021233,0.6267021233,0.6267021233,0.6267021233,0.6267021233,0.6267021233,0.6267021233,0.6267021233,0.6277058407,0.6289942332,0.6303276709,0.6314439684,0.6324197545,0.6331708379,0.6335959628,0.6337140684,0.6336542294,0.6335547652,0.6333601958,0.6330083774,0.6326206428,0.6318870723
2092,1,0,0.9970334296,0.9904974887,0.9846748412,0.9797288197,0.9755320640,0.9722076169,0.9700046798,0.9689624435,0.9670175692,0.9643904539,0.9610785618,0.9574890318,0.9539949007,0.9507681317,0.9479548968,0.9455197930,0.9430561810,0.9398724967,0.9358414520,0.9316341430,0.9281351674,0.9256318472,0.9235680571,0.9212758895,0.9187022056,0.9164455192,0.9149349561,0.9139618073,0.9130560615,0.9119155177,0.9107441454,0.9099833897,0.9099833897,0.9099833897,0.9099833897,0.9096973473,0.9087550593,0.9078918976,0.9077076401,0.9077076401,0.9077076401,0.9077076401,0.9072565981,0.9056479123,0.9028512037,0.8993980940,0.8954358587,0.8901395378,0.8817281558,0.8694109056,0.8546663642,0.8403036785,0.8281339203,0.8174113147,0.8056859999,0.7923115325,0.7793398750,0.7697417176,0.7630531659,0.7550793727,0.7420226089,0.7238060681,0.7035802902,0.6845729599,0.6669810081,0.6504090698,0.6359457194,0.6273076957,0.6267021233,0.6267021233,0.6267021233,0.6267021233,0.6267021233,0.6267021233,0.6267021233,0.6267021233,0.6267021233,0.6267021233,0.6277058407,0.6289942332,0.6303276709,0.6314439684,0.6324197545,0.6331708379,0.6335959628,0.6337140684,0.6336542294,0.6335547652,0.6333601958,0.6330083774,0.6326206428
2093,1,0,0.9970334296,0.9904974887,0.9846748412,0.9797288197,0.9755320640,0.9722076169,0.9700046798,0.9689624435,0.9670175692,0.9643904539,0.9610785618,0.9574890318,0.9539949007,0.9507681317,0.9479548968,0.9455197930,0.9430561810,0.9398724967,0.9358414520,0.9316341430,0.9281351674,0.9256318472,0.9235680571,0.9212758895,0.9187022056,0.9164455192,0.9149349561,0.9139618073,0.9130560615,0.9119155177,0.9107441454,0.9099833897,0.9099833897,0.9099833897,0.9099833897,0.9096973473,0.9087550593,0.9078918976,0.9077076401,0.9077076401,0.9077076401,0.9077076401,0.9072565981,0.9056479123,0.9028512037,0.8993980940,0.8954358587,0.8901395378,0.8817281558,0.8694109056,0.8546663642,0.8403036785,0.8281339203,0.8174113147,0.8056859999,0.7923115325,0.7793398750,0.7697417176,0.7630531659,0.7550793727,0.7420226089,0.7238060681,0.7035802902,0.6845729599,0.6669810081,0.6504090698,0.6359457194,0.6273076957,0.6267021233,0.6267021233,0.6267021233,0.6267021233,0.6267021233,0.6267021233,0.6267021233,0.6267021233,0.6267021233,0.6267021233,0.6267021233,0.6277058407,0.6289942332,0.6303276709,0.6314439684,0.6324197545,0.6331708379,0.6335959628,0.6337140684,0.6336542294,0.6335547652,0.6333601958,0.6330083774
2094,1,0,0.9970334296,0.9904974887,0.9846748412,0.9797288197,0.9755320640,0.9722076169,0.9700046798,0.9689624435,0.9670175692,0.9643904539,0.9610785618,0.9574890318,0.9539949007,0.9507681317,0.9479548968,0.9455197930,0.9430561810,0.9398724967,0.9358414520,0.9316341430,0.9281351674,0.9256318472,0.9235680571,0.9212758895,0.9187022056,0.9164455192,0.9149349561,0.9139618073,0.9130560615,0.9119155177,0.9107441454,0.9099833897,0.9099833897,0.9099833897,0.9099833897,0.9096973473,0.9087550593,0.9078918976,0.9077076401,0.9077076401,0.9077076401,0.9077076401,0.9072565981,0.9056479123,0.9028512037,0.8993980940,0.8954358587,0.8901395378,0.8817281558,0.8694109056,0.8546663642,0.8403036785,0.8281339203,0.8174113147,0.8056859999,0.7923115325,0.7793398750,0.7697417176,0.7630531659,0.7550793727,0.7420226089,0.7238060681,0.7035802902,0.6845729599,0.6669810081,0.6504090698,0.6359457194,0.6273076957,0.6267021233,0.6267021233,0.6267021233,0.6267021233,0.6267021233,0.6267021233,0.6267021233,0.6267021233,0.6267021233,0.6267021233,0.6267021233,0.6267021233,0.6277058407,0.6289942332,0.6303276709,0.6314439684,0.6324197545,0.6331708379,0.6335959628,0.6337140684,0.6336542294,0.6335547652,0.6333601958
2095,1,0,0.9970334296,0.9904974887,0.9846748412,0.9797288197,0.9755320640,0.9722076169,0.9700046798,0.9689624435,0.9670175692,0.9643904539,0.9610785618,0.9574890318,0.9539949007,0.9507681317,0.9479548968,0.9455197930,0.9430561810,0.9398724967,0.9358414520,0.9316341430,0.9281351674,0.9256318472,0.9235680571,0.9212758895,0.9187022056,0.9164455192,0.9149349561,0.9139618073,0.9130560615,0.9119155177,0.9107441454,0.9099833897,0.9099833897,0.9099833897,0.9099833897,0.9096973473,0.9087550593,0.9078918976,0.9077076401,0.9077076401,0.9077076401,0.9077076401,0.9072565981,0.9056479123,0.9028512037,0.8993980940,0.8954358587,0.8901395378,0.8817281558,0.8694109056,0.8546663642,0.8403036785,0.8281339203,0.8174113147,0.8056859999,0.7923115325,0.7793398750,0.7697417176,0.7630531659,0.7550793727,0.7420226089,0.7238060681,0.7035802902,0.6845729599,0.6669810081,0.6504090698,0.6359457194,0.6273076957,0.6267021233,0.6267021233,0.6267021233,0.6267021233,0.6267021233,0.6267021233,0.6267021233,0.6267021233,0.6267021233,0.6267021233,0.6267021233,0.6267021233,0.6267021233,0.6277058407,0.6289942332,0.6303276709,0.6314439684,0.6324197545,0.6331708379,0.6335959628,0.6337140684,0.6336542294,0.6335547652
2096,1,0,0.9970334296,0.9904974887,0.9846748412,0.9797288197,0.9755320640,0.9722076169,0.9700046798,0.9689624435,0.9670175692,0.9643904539,0.9610785618,0.9574890318,0.9539949007,0.9507681317,0.9479548968,0.9455197930,0.9430561810,0.9398724967,0.9358414520,0.9316341430,0.9281351674,0.9256318472,0.9235680571,0.9212758895,0.9187022056,0.9164455192,0.9149349561,0.9139618073,0.9130560615,0.9119155177,0.9107441454,0.9099833897,0.9099833897,0.9099833897,0.9099833897,0.9096973473,0.9087550593,0.9078918976,0.9077076401,0.9077076401,0.9077076401,0.9077076401,0.9072565981,0.9056479123,0.9028512037,0.8993980940,0.8954358587,0.8901395378,0.8817281558,0.8694109056,0.8546663642,0.8403036785,0.8281339203,0.8174113147,0.8056859999,0.7923115325,0.7793398750,0.7697417176,0.7630531659,0.7550793727,0.7420226089,0.7238060681,0.7035802902,0.6845729599,0.6669810081,0.6504090698,0.6359457194,0.6273076957,0.6267021233,0.6267021233,0.6267021233,0.6267021233,0.6267021233,0.6267021233,0.6267021233,0.6267021233,0.6267021233,0.6267021233,0.6267021233,0.6267021233,0.6267021233,0.6267021233,0.6277058407,0.6289942332,0.6303276709,0.6314439684,0.6324197545,0.6331708379,0.6335959628,0.6337140684,0.6336542294
2097,1,0,0.9970334296,0.9904974887,0.9846748412,0.9797288197,0.9755320640,0.9722076169,0.9700046798,0.9689624435,0.9670175692,0.9643904539,0.9610785618,0.9574890318,0.9539949007,0.9507681317,0.9479548968,0.9455197930,0.9430561810,0.9398724967,0.9358414520,0.9316341430,0.9281351674,0.9256318472,0.9235680571,0.9212758895,0.9187022056,0.9164455192,0.9149349561,0.9139618073,0.9130560615,0.9119155177,0.9107441454,0.9099833897,0.9099833897,0.9099833897,0.9099833897,0.9096973473,0.9087550593,0.9078918976,0.9077076401,0.9077076401,0.9077076401,0.9077076401,0.9072565981,0.9056479123,0.9028512037,0.8993980940,0.8954358587,0.8901395378,0.8817281558,0.8694109056,0.8546663642,0.8403036785,0.8281339203,0.8174113147,0.8056859999,0.7923115325,0.7793398750,0.7697417176,0.7630531659,0.7550793727,0.7420226089,0.7238060681,0.7035802902,0.6845729599,0.6669810081,0.6504090698,0.6359457194,0.6273076957,0.6267021233,0.6267021233,0.6267021233,0.6267021233,0.6267021233,0.6267021233,0.6267021233,0.6267021233,0.6267021233,0.6267021233,0.6267021233,0.6267021233,0.6267021233,0.6267021233,0.6267021233,0.6277058407,0.6289942332,0.6303276709,0.6314439684,0.6324197545,0.6331708379,0.6335959628,0.6337140684
2098,1,0,0.9970334296,0.9904974887,0.9846748412,0.9797288197,0.9755320640,0.9722076169,0.9700046798,0.9689624435,0.9670175692,0.9643904539,0.9610785618,0.9574890318,0.9539949007,0.9507681317,0.9479548968,0.9455197930,0.9430561810,0.9398724967,0.9358414520,0.9316341430,0.9281351674,0.9256318472,0.9235680571,0.9212758895,0.9187022056,0.9164455192,0.9149349561,0.9139618073,0.9130560615,0.9119155177,0.9107441454,0.9099833897,0.9099833897,0.9099833897,0.9099833897,0.9096973473,0.9087550593,0.9078918976,0.9077076401,0.9077076401,0.9077076401,0.9077076401,0.9072565981,0.9056479123,0.9028512037,0.8993980940,0.8954358587,0.8901395378,0.8817281558,0.8694109056,0.8546663642,0.8403036785,0.8281339203,0.8174113147,0.8056859999,0.7923115325,0.7793398750,0.7697417176,0.7630531659,0.7550793727,0.7420226089,0.7238060681,0.7035802902,0.6845729599,0.6669810081,0.6504090698,0.6359457194,0.6273076957,0.6267021233,0.6267021233,0.6267021233,0.6267021233,0.6267021233,0.6267021233,0.6267021233,0.6267021233,0.6267021233,0.6267021233,0.6267021233,0.6267021233,0.6267021233,0.6267021233,0.6267021233,0.6267021233,0.6277058407,0.6289942332,0.6303276709,0.6314439684,0.6324197545,0.6331708379,0.6335959628
2099,1,0,0.9970334296,0.9904974887,0.9846748412,0.9797288197,0.9755320640,0.9722076169,0.9700046798,0.9689624435,0.9670175692,0.9643904539,0.9610785618,0.9574890318,0.9539949007,0.9507681317,0.9479548968,0.9455197930,0.9430561810,0.9398724967,0.9358414520,0.9316341430,0.9281351674,0.9256318472,0.9235680571,0.9212758895,0.9187022056,0.9164455192,0.9149349561,0.9139618073,0.9130560615,0.9119155177,0.9107441454,0.9099833897,0.9099833897,0.9099833897,0.9099833897,0.9096973473,0.9087550593,0.9078918976,0.9077076401,0.9077076401,0.9077076401,0.9077076401,0.9072565981,0.9056479123,0.9028512037,0.8993980940,0.8954358587,0.8901395378,0.8817281558,0.8694109056,0.8546663642,0.8403036785,0.8281339203,0.8174113147,0.8056859999,0.7923115325,0.7793398750,0.7697417176,0.7630531659,0.7550793727,0.7420226089,0.7238060681,0.7035802902,0.6845729599,0.6669810081,0.6504090698,0.6359457194,0.6273076957,0.6267021233,0.6267021233,0.6267021233,0.6267021233,0.6267021233,0.6267021233,0.6267021233,0.6267021233,0.6267021233,0.6267021233,0.6267021233,0.6267021233,0.6267021233,0.6267021233,0.6267021233,0.6267021233,0.6267021233,0.6277058407,0.6289942332,0.6303276709,0.6314439684,0.6324197545,0.6331708379
2100,1,0,0.9970334296,0.9904974887,0.9846748412,0.9797288197,0.9755320640,0.9722076169,0.9700046798,0.9689624435,0.9670175692,0.9643904539,0.9610785618,0.9574890318,0.9539949007,0.9507681317,0.9479548968,0.9455197930,0.9430561810,0.9398724967,0.9358414520,0.9316341430,0.9281351674,0.9256318472,0.9235680571,0.9212758895,0.9187022056,0.9164455192,0.9149349561,0.9139618073,0.9130560615,0.9119155177,0.9107441454,0.9099833897,0.9099833897,0.9099833897,0.9099833897,0.9096973473,0.9087550593,0.9078918976,0.9077076401,0.9077076401,0.9077076401,0.9077076401,0.9072565981,0.9056479123,0.9028512037,0.8993980940,0.8954358587,0.8901395378,0.8817281558,0.8694109056,0.8546663642,0.8403036785,0.8281339203,0.8174113147,0.8056859999,0.7923115325,0.7793398750,0.7697417176,0.7630531659,0.7550793727,0.7420226089,0.7238060681,0.7035802902,0.6845729599,0.6669810081,0.6504090698,0.6359457194,0.6273076957,0.6267021233,0.6267021233,0.6267021233,0.6267021233,0.6267021233,0.6267021233,0.6267021233,0.6267021233,0.6267021233,0.6267021233,0.6267021233,0.6267021233,0.6267021233,0.6267021233,0.6267021233,0.6267021233,0.6267021233,0.6267021233,0.6277058407,0.6289942332,0.6303276709,0.6314439684,0.6324197545
2101,1,0,0.9970334296,0.9904974887,0.9846748412,0.9797288197,0.9755320640,0.9722076169,0.9700046798,0.9689624435,0.9670175692,0.9643904539,0.9610785618,0.9574890318,0.9539949007,0.9507681317,0.9479548968,0.9455197930,0.9430561810,0.9398724967,0.9358414520,0.9316341430,0.9281351674,0.9256318472,0.9235680571,0.9212758895,0.9187022056,0.9164455192,0.9149349561,0.9139618073,0.9130560615,0.9119155177,0.9107441454,0.9099833897,0.9099833897,0.9099833897,0.9099833897,0.9096973473,0.9087550593,0.9078918976,0.9077076401,0.9077076401,0.9077076401,0.9077076401,0.9072565981,0.9056479123,0.9028512037,0.8993980940,0.8954358587,0.8901395378,0.8817281558,0.8694109056,0.8546663642,0.8403036785,0.8281339203,0.8174113147,0.8056859999,0.7923115325,0.7793398750,0.7697417176,0.7630531659,0.7550793727,0.7420226089,0.7238060681,0.7035802902,0.6845729599,0.6669810081,0.6504090698,0.6359457194,0.6273076957,0.6267021233,0.6267021233,0.6267021233,0.6267021233,0.6267021233,0.6267021233,0.6267021233,0.6267021233,0.6267021233,0.6267021233,0.6267021233,0.6267021233,0.6267021233,0.6267021233,0.6267021233,0.6267021233,0.6267021233,0.6267021233,0.6267021233,0.6277058407,0.6289942332,0.6303276709,0.6314439684
2102,1,0,0.9970334296,0.9904974887,0.9846748412,0.9797288197,0.9755320640,0.9722076169,0.9700046798,0.9689624435,0.9670175692,0.9643904539,0.9610785618,0.9574890318,0.9539949007,0.9507681317,0.9479548968,0.9455197930,0.9430561810,0.9398724967,0.9358414520,0.9316341430,0.9281351674,0.9256318472,0.9235680571,0.9212758895,0.9187022056,0.9164455192,0.9149349561,0.9139618073,0.9130560615,0.9119155177,0.9107441454,0.9099833897,0.9099833897,0.9099833897,0.9099833897,0.9096973473,0.9087550593,0.9078918976,0.9077076401,0.9077076401,0.9077076401,0.9077076401,0.9072565981,0.9056479123,0.9028512037,0.8993980940,0.8954358587,0.8901395378,0.8817281558,0.8694109056,0.8546663642,0.8403036785,0.8281339203,0.8174113147,0.8056859999,0.7923115325,0.7793398750,0.7697417176,0.7630531659,0.7550793727,0.7420226089,0.7238060681,0.7035802902,0.6845729599,0.6669810081,0.6504090698,0.6359457194,0.6273076957,0.6267021233,0.6267021233,0.6267021233,0.6267021233,0.6267021233,0.6267021233,0.6267021233,0.6267021233,0.6267021233,0.6267021233,0.6267021233,0.6267021233,0.6267021233,0.6267021233,0.6267021233,0.6267021233,0.6267021233,0.6267021233,0.6267021233,0.6267021233,0.6277058407,0.6289942332,0.6303276709
2103,1,0,0.9970334296,0.9904974887,0.9846748412,0.9797288197,0.9755320640,0.9722076169,0.9700046798,0.9689624435,0.9670175692,0.9643904539,0.9610785618,0.9574890318,0.9539949007,0.9507681317,0.9479548968,0.9455197930,0.9430561810,0.9398724967,0.9358414520,0.9316341430,0.9281351674,0.9256318472,0.9235680571,0.9212758895,0.9187022056,0.9164455192,0.9149349561,0.9139618073,0.9130560615,0.9119155177,0.9107441454,0.9099833897,0.9099833897,0.9099833897,0.9099833897,0.9096973473,0.9087550593,0.9078918976,0.9077076401,0.9077076401,0.9077076401,0.9077076401,0.9072565981,0.9056479123,0.9028512037,0.8993980940,0.8954358587,0.8901395378,0.8817281558,0.8694109056,0.8546663642,0.8403036785,0.8281339203,0.8174113147,0.8056859999,0.7923115325,0.7793398750,0.7697417176,0.7630531659,0.7550793727,0.7420226089,0.7238060681,0.7035802902,0.6845729599,0.6669810081,0.6504090698,0.6359457194,0.6273076957,0.6267021233,0.6267021233,0.6267021233,0.6267021233,0.6267021233,0.6267021233,0.6267021233,0.6267021233,0.6267021233,0.6267021233,0.6267021233,0.6267021233,0.6267021233,0.6267021233,0.6267021233,0.6267021233,0.6267021233,0.6267021233,0.6267021233,0.6267021233,0.6267021233,0.6277058407,0.6289942332
2104,1,0,0.9970334296,0.9904974887,0.9846748412,0.9797288197,0.9755320640,0.9722076169,0.9700046798,0.9689624435,0.9670175692,0.9643904539,0.9610785618,0.9574890318,0.9539949007,0.9507681317,0.9479548968,0.9455197930,0.9430561810,0.9398724967,0.9358414520,0.9316341430,0.9281351674,0.9256318472,0.9235680571,0.9212758895,0.9187022056,0.9164455192,0.9149349561,0.9139618073,0.9130560615,0.9119155177,0.9107441454,0.9099833897,0.9099833897,0.9099833897,0.9099833897,0.9096973473,0.9087550593,0.9078918976,0.9077076401,0.9077076401,0.9077076401,0.9077076401,0.9072565981,0.9056479123,0.9028512037,0.8993980940,0.8954358587,0.8901395378,0.8817281558,0.8694109056,0.8546663642,0.8403036785,0.8281339203,0.8174113147,0.8056859999,0.7923115325,0.7793398750,0.7697417176,0.7630531659,0.7550793727,0.7420226089,0.7238060681,0.7035802902,0.6845729599,0.6669810081,0.6504090698,0.6359457194,0.6273076957,0.6267021233,0.6267021233,0.6267021233,0.6267021233,0.6267021233,0.6267021233,0.6267021233,0.6267021233,0.6267021233,0.6267021233,0.6267021233,0.6267021233,0.6267021233,0.6267021233,0.6267021233,0.6267021233,0.6267021233,0.6267021233,0.6267021233,0.6267021233,0.6267021233,0.6267021233,0.6277058407
2105,1,0,0.9970334296,0.9904974887,0.9846748412,0.9797288197,0.9755320640,0.9722076169,0.9700046798,0.9689624435,0.9670175692,0.9643904539,0.9610785618,0.9574890318,0.9539949007,0.9507681317,0.9479548968,0.9455197930,0.9430561810,0.9398724967,0.9358414520,0.9316341430,0.9281351674,0.9256318472,0.9235680571,0.9212758895,0.9187022056,0.9164455192,0.9149349561,0.9139618073,0.9130560615,0.9119155177,0.9107441454,0.9099833897,0.9099833897,0.9099833897,0.9099833897,0.9096973473,0.9087550593,0.9078918976,0.9077076401,0.9077076401,0.9077076401,0.9077076401,0.9072565981,0.9056479123,0.9028512037,0.8993980940,0.8954358587,0.8901395378,0.8817281558,0.8694109056,0.8546663642,0.8403036785,0.8281339203,0.8174113147,0.8056859999,0.7923115325,0.7793398750,0.7697417176,0.7630531659,0.7550793727,0.7420226089,0.7238060681,0.7035802902,0.6845729599,0.6669810081,0.6504090698,0.6359457194,0.6273076957,0.6267021233,0.6267021233,0.6267021233,0.6267021233,0.6267021233,0.6267021233,0.6267021233,0.6267021233,0.6267021233,0.6267021233,0.6267021233,0.6267021233,0.6267021233,0.6267021233,0.6267021233,0.6267021233,0.6267021233,0.6267021233,0.6267021233,0.6267021233,0.6267021233,0.6267021233,0.6267021233
2106,1,0,0.9970334296,0.9904974887,0.9846748412,0.9797288197,0.9755320640,0.9722076169,0.9700046798,0.9689624435,0.9670175692,0.9643904539,0.9610785618,0.9574890318,0.9539949007,0.9507681317,0.9479548968,0.9455197930,0.9430561810,0.9398724967,0.9358414520,0.9316341430,0.9281351674,0.9256318472,0.9235680571,0.9212758895,0.9187022056,0.9164455192,0.9149349561,0.9139618073,0.9130560615,0.9119155177,0.9107441454,0.9099833897,0.9099833897,0.9099833897,0.9099833897,0.9096973473,0.9087550593,0.9078918976,0.9077076401,0.9077076401,0.9077076401,0.9077076401,0.9072565981,0.9056479123,0.9028512037,0.8993980940,0.8954358587,0.8901395378,0.8817281558,0.8694109056,0.8546663642,0.8403036785,0.8281339203,0.8174113147,0.8056859999,0.7923115325,0.7793398750,0.7697417176,0.7630531659,0.7550793727,0.7420226089,0.7238060681,0.7035802902,0.6845729599,0.6669810081,0.6504090698,0.6359457194,0.6273076957,0.6267021233,0.6267021233,0.6267021233,0.6267021233,0.6267021233,0.6267021233,0.6267021233,0.6267021233,0.6267021233,0.6267021233,0.6267021233,0.6267021233,0.6267021233,0.6267021233,0.6267021233,0.6267021233,0.6267021233,0.6267021233,0.6267021233,0.6267021233,0.6267021233,0.6267021233,0.6267021233
2107,1,0,0.9970334296,0.9904974887,0.9846748412,0.9797288197,0.9755320640,0.9722076169,0.9700046798,0.9689624435,0.9670175692,0.9643904539,0.9610785618,0.9574890318,0.9539949007,0.9507681317,0.9479548968,0.9455197930,0.9430561810,0.9398724967,0.9358414520,0.9316341430,0.9281351674,0.9256318472,0.9235680571,0.9212758895,0.9187022056,0.9164455192,0.9149349561,0.9139618073,0.9130560615,0.9119155177,0.9107441454,0.9099833897,0.9099833897,0.9099833897,0.9099833897,0.9096973473,0.9087550593,0.9078918976,0.9077076401,0.9077076401,0.9077076401,0.9077076401,0.9072565981,0.9056479123,0.9028512037,0.8993980940,0.8954358587,0.8901395378,0.8817281558,0.8694109056,0.8546663642,0.8403036785,0.8281339203,0.8174113147,0.8056859999,0.7923115325,0.7793398750,0.7697417176,0.7630531659,0.7550793727,0.7420226089,0.7238060681,0.7035802902,0.6845729599,0.6669810081,0.6504090698,0.6359457194,0.6273076957,0.6267021233,0.6267021233,0.6267021233,0.6267021233,0.6267021233,0.6267021233,0.6267021233,0.6267021233,0.6267021233,0.6267021233,0.6267021233,0.6267021233,0.6267021233,0.6267021233,0.6267021233,0.6267021233,0.6267021233,0.6267021233,0.6267021233,0.6267021233,0.6267021233,0.6267021233,0.6267021233
2108,1,0,0.9970334296,0.9904974887,0.9846748412,0.9797288197,0.9755320640,0.9722076169,0.9700046798,0.9689624435,0.9670175692,0.9643904539,0.9610785618,0.9574890318,0.9539949007,0.9507681317,0.9479548968,0.9455197930,0.9430561810,0.9398724967,0.9358414520,0.9316341430,0.9281351674,0.9256318472,0.9235680571,0.9212758895,0.9187022056,0.9164455192,0.9149349561,0.9139618073,0.9130560615,0.9119155177,0.9107441454,0.9099833897,0.9099833897,0.9099833897,0.9099833897,0.9096973473,0.9087550593,0.9078918976,0.9077076401,0.9077076401,0.9077076401,0.9077076401,0.9072565981,0.9056479123,0.9028512037,0.8993980940,0.8954358587,0.8901395378,0.8817281558,0.8694109056,0.8546663642,0.8403036785,0.8281339203,0.8174113147,0.8056859999,0.7923115325,0.7793398750,0.7697417176,0.7630531659,0.7550793727,0.7420226089,0.7238060681,0.7035802902,0.6845729599,0.6669810081,0.6504090698,0.6359457194,0.6273076957,0.6267021233,0.6267021233,0.6267021233,0.6267021233,0.6267021233,0.6267021233,0.6267021233,0.6267021233,0.6267021233,0.6267021233,0.6267021233,0.6267021233,0.6267021233,0.6267021233,0.6267021233,0.6267021233,0.6267021233,0.6267021233,0.6267021233,0.6267021233,0.6267021233,0.6267021233,0.6267021233
2109,1,0,0.9970334296,0.9904974887,0.9846748412,0.9797288197,0.9755320640,0.9722076169,0.9700046798,0.9689624435,0.9670175692,0.9643904539,0.9610785618,0.9574890318,0.9539949007,0.9507681317,0.9479548968,0.9455197930,0.9430561810,0.9398724967,0.9358414520,0.9316341430,0.9281351674,0.9256318472,0.9235680571,0.9212758895,0.9187022056,0.9164455192,0.9149349561,0.9139618073,0.9130560615,0.9119155177,0.9107441454,0.9099833897,0.9099833897,0.9099833897,0.9099833897,0.9096973473,0.9087550593,0.9078918976,0.9077076401,0.9077076401,0.9077076401,0.9077076401,0.9072565981,0.9056479123,0.9028512037,0.8993980940,0.8954358587,0.8901395378,0.8817281558,0.8694109056,0.8546663642,0.8403036785,0.8281339203,0.8174113147,0.8056859999,0.7923115325,0.7793398750,0.7697417176,0.7630531659,0.7550793727,0.7420226089,0.7238060681,0.7035802902,0.6845729599,0.6669810081,0.6504090698,0.6359457194,0.6273076957,0.6267021233,0.6267021233,0.6267021233,0.6267021233,0.6267021233,0.6267021233,0.6267021233,0.6267021233,0.6267021233,0.6267021233,0.6267021233,0.6267021233,0.6267021233,0.6267021233,0.6267021233,0.6267021233,0.6267021233,0.6267021233,0.6267021233,0.6267021233,0.6267021233,0.6267021233,0.6267021233
2110,1,0,0.9970334296,0.9904974887,0.9846748412,0.9797288197,0.9755320640,0.9722076169,0.9700046798,0.9689624435,0.9670175692,0.9643904539,0.9610785618,0.9574890318,0.9539949007,0.9507681317,0.9479548968,0.9455197930,0.9430561810,0.9398724967,0.9358414520,0.9316341430,0.9281351674,0.9256318472,0.9235680571,0.9212758895,0.9187022056,0.9164455192,0.9149349561,0.9139618073,0.9130560615,0.9119155177,0.9107441454,0.9099833897,0.9099833897,0.9099833897,0.9099833897,0.9096973473,0.9087550593,0.9078918976,0.9077076401,0.9077076401,0.9077076401,0.9077076401,0.9072565981,0.9056479123,0.9028512037,0.8993980940,0.8954358587,0.8901395378,0.8817281558,0.8694109056,0.8546663642,0.8403036785,0.8281339203,0.8174113147,0.8056859999,0.7923115325,0.7793398750,0.7697417176,0.7630531659,0.7550793727,0.7420226089,0.7238060681,0.7035802902,0.6845729599,0.6669810081,0.6504090698,0.6359457194,0.6273076957,0.6267021233,0.6267021233,0.6267021233,0.6267021233,0.6267021233,0.6267021233,0.6267021233,0.6267021233,0.6267021233,0.6267021233,0.6267021233,0.6267021233,0.6267021233,0.6267021233,0.6267021233,0.6267021233,0.6267021233,0.6267021233,0.6267021233,0.6267021233,0.6267021233,0.6267021233,0.6267021233
2111,1,0,0.9970334296,0.9904974887,0.9846748412,0.9797288197,0.9755320640,0.9722076169,0.9700046798,0.9689624435,0.9670175692,0.9643904539,0.9610785618,0.9574890318,0.9539949007,0.9507681317,0.9479548968,0.9455197930,0.9430561810,0.9398724967,0.9358414520,0.9316341430,0.9281351674,0.9256318472,0.9235680571,0.9212758895,0.9187022056,0.9164455192,0.9149349561,0.9139618073,0.9130560615,0.9119155177,0.9107441454,0.9099833897,0.9099833897,0.9099833897,0.9099833897,0.9096973473,0.9087550593,0.9078918976,0.9077076401,0.9077076401,0.9077076401,0.9077076401,0.9072565981,0.9056479123,0.9028512037,0.8993980940,0.8954358587,0.8901395378,0.8817281558,0.8694109056,0.8546663642,0.8403036785,0.8281339203,0.8174113147,0.8056859999,0.7923115325,0.7793398750,0.7697417176,0.7630531659,0.7550793727,0.7420226089,0.7238060681,0.7035802902,0.6845729599,0.6669810081,0.6504090698,0.6359457194,0.6273076957,0.6267021233,0.6267021233,0.6267021233,0.6267021233,0.6267021233,0.6267021233,0.6267021233,0.6267021233,0.6267021233,0.6267021233,0.6267021233,0.6267021233,0.6267021233,0.6267021233,0.6267021233,0.6267021233,0.6267021233,0.6267021233,0.6267021233,0.6267021233,0.6267021233,0.6267021233,0.6267021233
2112,1,0,0.9970334296,0.9904974887,0.9846748412,0.9797288197,0.9755320640,0.9722076169,0.9700046798,0.9689624435,0.9670175692,0.9643904539,0.9610785618,0.9574890318,0.9539949007,0.9507681317,0.9479548968,0.9455197930,0.9430561810,0.9398724967,0.9358414520,0.9316341430,0.9281351674,0.9256318472,0.9235680571,0.9212758895,0.9187022056,0.9164455192,0.9149349561,0.9139618073,0.9130560615,0.9119155177,0.9107441454,0.9099833897,0.9099833897,0.9099833897,0.9099833897,0.9096973473,0.9087550593,0.9078918976,0.9077076401,0.9077076401,0.9077076401,0.9077076401,0.9072565981,0.9056479123,0.9028512037,0.8993980940,0.8954358587,0.8901395378,0.8817281558,0.8694109056,0.8546663642,0.8403036785,0.8281339203,0.8174113147,0.8056859999,0.7923115325,0.7793398750,0.7697417176,0.7630531659,0.7550793727,0.7420226089,0.7238060681,0.7035802902,0.6845729599,0.6669810081,0.6504090698,0.6359457194,0.6273076957,0.6267021233,0.6267021233,0.6267021233,0.6267021233,0.6267021233,0.6267021233,0.6267021233,0.6267021233,0.6267021233,0.6267021233,0.6267021233,0.6267021233,0.6267021233,0.6267021233,0.6267021233,0.6267021233,0.6267021233,0.6267021233,0.6267021233,0.6267021233,0.6267021233,0.6267021233,0.6267021233
2113,1,0,0.9970334296,0.9904974887,0.9846748412,0.9797288197,0.9755320640,0.9722076169,0.9700046798,0.9689624435,0.9670175692,0.9643904539,0.9610785618,0.9574890318,0.9539949007,0.9507681317,0.9479548968,0.9455197930,0.9430561810,0.9398724967,0.9358414520,0.9316341430,0.9281351674,0.9256318472,0.9235680571,0.9212758895,0.9187022056,0.9164455192,0.9149349561,0.9139618073,0.9130560615,0.9119155177,0.9107441454,0.9099833897,0.9099833897,0.9099833897,0.9099833897,0.9096973473,0.9087550593,0.9078918976,0.9077076401,0.9077076401,0.9077076401,0.9077076401,0.9072565981,0.9056479123,0.9028512037,0.8993980940,0.8954358587,0.8901395378,0.8817281558,0.8694109056,0.8546663642,0.8403036785,0.8281339203,0.8174113147,0.8056859999,0.7923115325,0.7793398750,0.7697417176,0.7630531659,0.7550793727,0.7420226089,0.7238060681,0.7035802902,0.6845729599,0.6669810081,0.6504090698,0.6359457194,0.6273076957,0.6267021233,0.6267021233,0.6267021233,0.6267021233,0.6267021233,0.6267021233,0.6267021233,0.6267021233,0.6267021233,0.6267021233,0.6267021233,0.6267021233,0.6267021233,0.6267021233,0.6267021233,0.6267021233,0.6267021233,0.6267021233,0.6267021233,0.6267021233,0.6267021233,0.6267021233,0.6267021233
2114,1,0,0.9970334296,0.9904974887,0.9846748412,0.9797288197,0.9755320640,0.9722076169,0.9700046798,0.9689624435,0.9670175692,0.9643904539,0.9610785618,0.9574890318,0.9539949007,0.9507681317,0.9479548968,0.9455197930,0.9430561810,0.9398724967,0.9358414520,0.9316341430,0.9281351674,0.9256318472,0.9235680571,0.9212758895,0.9187022056,0.9164455192,0.9149349561,0.9139618073,0.9130560615,0.9119155177,0.9107441454,0.9099833897,0.9099833897,0.9099833897,0.9099833897,0.9096973473,0.9087550593,0.9078918976,0.9077076401,0.9077076401,0.9077076401,0.9077076401,0.9072565981,0.9056479123,0.9028512037,0.8993980940,0.8954358587,0.8901395378,0.8817281558,0.8694109056,0.8546663642,0.8403036785,0.8281339203,0.8174113147,0.8056859999,0.7923115325,0.7793398750,0.7697417176,0.7630531659,0.7550793727,0.7420226089,0.7238060681,0.7035802902,0.6845729599,0.6669810081,0.6504090698,0.6359457194,0.6273076957,0.6267021233,0.6267021233,0.6267021233,0.6267021233,0.6267021233,0.6267021233,0.6267021233,0.6267021233,0.6267021233,0.6267021233,0.6267021233,0.6267021233,0.6267021233,0.6267021233,0.6267021233,0.6267021233,0.6267021233,0.6267021233,0.6267021233,0.6267021233,0.6267021233,0.6267021233,0.6267021233
2115,1,0,0.9970334296,0.9904974887,0.9846748412,0.9797288197,0.9755320640,0.9722076169,0.9700046798,0.9689624435,0.9670175692,0.9643904539,0.9610785618,0.9574890318,0.9539949007,0.9507681317,0.9479548968,0.9455197930,0.9430561810,0.9398724967,0.9358414520,0.9316341430,0.9281351674,0.9256318472,0.9235680571,0.9212758895,0.9187022056,0.9164455192,0.9149349561,0.9139618073,0.9130560615,0.9119155177,0.9107441454,0.9099833897,0.9099833897,0.9099833897,0.9099833897,0.9096973473,0.9087550593,0.9078918976,0.9077076401,0.9077076401,0.9077076401,0.9077076401,0.9072565981,0.9056479123,0.9028512037,0.8993980940,0.8954358587,0.8901395378,0.8817281558,0.8694109056,0.8546663642,0.8403036785,0.8281339203,0.8174113147,0.8056859999,0.7923115325,0.7793398750,0.7697417176,0.7630531659,0.7550793727,0.7420226089,0.7238060681,0.7035802902,0.6845729599,0.6669810081,0.6504090698,0.6359457194,0.6273076957,0.6267021233,0.6267021233,0.6267021233,0.6267021233,0.6267021233,0.6267021233,0.6267021233,0.6267021233,0.6267021233,0.6267021233,0.6267021233,0.6267021233,0.6267021233,0.6267021233,0.6267021233,0.6267021233,0.6267021233,0.6267021233,0.6267021233,0.6267021233,0.6267021233,0.6267021233,0.6267021233
2116,1,0,0.9970334296,0.9904974887,0.9846748412,0.9797288197,0.9755320640,0.9722076169,0.9700046798,0.9689624435,0.9670175692,0.9643904539,0.9610785618,0.9574890318,0.9539949007,0.9507681317,0.9479548968,0.9455197930,0.9430561810,0.9398724967,0.9358414520,0.9316341430,0.9281351674,0.9256318472,0.9235680571,0.9212758895,0.9187022056,0.9164455192,0.9149349561,0.9139618073,0.9130560615,0.9119155177,0.9107441454,0.9099833897,0.9099833897,0.9099833897,0.9099833897,0.9096973473,0.9087550593,0.9078918976,0.9077076401,0.9077076401,0.9077076401,0.9077076401,0.9072565981,0.9056479123,0.9028512037,0.8993980940,0.8954358587,0.8901395378,0.8817281558,0.8694109056,0.8546663642,0.8403036785,0.8281339203,0.8174113147,0.8056859999,0.7923115325,0.7793398750,0.7697417176,0.7630531659,0.7550793727,0.7420226089,0.7238060681,0.7035802902,0.6845729599,0.6669810081,0.6504090698,0.6359457194,0.6273076957,0.6267021233,0.6267021233,0.6267021233,0.6267021233,0.6267021233,0.6267021233,0.6267021233,0.6267021233,0.6267021233,0.6267021233,0.6267021233,0.6267021233,0.6267021233,0.6267021233,0.6267021233,0.6267021233,0.6267021233,0.6267021233,0.6267021233,0.6267021233,0.6267021233,0.6267021233,0.6267021233
2117,1,0,0.9970334296,0.9904974887,0.9846748412,0.9797288197,0.9755320640,0.9722076169,0.9700046798,0.9689624435,0.9670175692,0.9643904539,0.9610785618,0.9574890318,0.9539949007,0.9507681317,0.9479548968,0.9455197930,0.9430561810,0.9398724967,0.9358414520,0.9316341430,0.9281351674,0.9256318472,0.9235680571,0.9212758895,0.9187022056,0.9164455192,0.9149349561,0.9139618073,0.9130560615,0.9119155177,0.9107441454,0.9099833897,0.9099833897,0.9099833897,0.9099833897,0.9096973473,0.9087550593,0.9078918976,0.9077076401,0.9077076401,0.9077076401,0.9077076401,0.9072565981,0.9056479123,0.9028512037,0.8993980940,0.8954358587,0.8901395378,0.8817281558,0.8694109056,0.8546663642,0.8403036785,0.8281339203,0.8174113147,0.8056859999,0.7923115325,0.7793398750,0.7697417176,0.7630531659,0.7550793727,0.7420226089,0.7238060681,0.7035802902,0.6845729599,0.6669810081,0.6504090698,0.6359457194,0.6273076957,0.6267021233,0.6267021233,0.6267021233,0.6267021233,0.6267021233,0.6267021233,0.6267021233,0.6267021233,0.6267021233,0.6267021233,0.6267021233,0.6267021233,0.6267021233,0.6267021233,0.6267021233,0.6267021233,0.6267021233,0.6267021233,0.6267021233,0.6267021233,0.6267021233,0.6267021233,0.6267021233
2118,1,0,0.9970334296,0.9904974887,0.9846748412,0.9797288197,0.9755320640,0.9722076169,0.9700046798,0.9689624435,0.9670175692,0.9643904539,0.9610785618,0.9574890318,0.9539949007,0.9507681317,0.9479548968,0.9455197930,0.9430561810,0.9398724967,0.9358414520,0.9316341430,0.9281351674,0.9256318472,0.9235680571,0.9212758895,0.9187022056,0.9164455192,0.9149349561,0.9139618073,0.9130560615,0.9119155177,0.9107441454,0.9099833897,0.9099833897,0.9099833897,0.9099833897,0.9096973473,0.9087550593,0.9078918976,0.9077076401,0.9077076401,0.9077076401,0.9077076401,0.9072565981,0.9056479123,0.9028512037,0.8993980940,0.8954358587,0.8901395378,0.8817281558,0.8694109056,0.8546663642,0.8403036785,0.8281339203,0.8174113147,0.8056859999,0.7923115325,0.7793398750,0.7697417176,0.7630531659,0.7550793727,0.7420226089,0.7238060681,0.7035802902,0.6845729599,0.6669810081,0.6504090698,0.6359457194,0.6273076957,0.6267021233,0.6267021233,0.6267021233,0.6267021233,0.6267021233,0.6267021233,0.6267021233,0.6267021233,0.6267021233,0.6267021233,0.6267021233,0.6267021233,0.6267021233,0.6267021233,0.6267021233,0.6267021233,0.6267021233,0.6267021233,0.6267021233,0.6267021233,0.6267021233,0.6267021233,0.6267021233
2119,1,0,0.9970334296,0.9904974887,0.9846748412,0.9797288197,0.9755320640,0.9722076169,0.9700046798,0.9689624435,0.9670175692,0.9643904539,0.9610785618,0.9574890318,0.9539949007,0.9507681317,0.9479548968,0.9455197930,0.9430561810,0.9398724967,0.9358414520,0.9316341430,0.9281351674,0.9256318472,0.9235680571,0.9212758895,0.9187022056,0.9164455192,0.9149349561,0.9139618073,0.9130560615,0.9119155177,0.9107441454,0.9099833897,0.9099833897,0.9099833897,0.9099833897,0.9096973473,0.9087550593,0.9078918976,0.9077076401,0.9077076401,0.9077076401,0.9077076401,0.9072565981,0.9056479123,0.9028512037,0.8993980940,0.8954358587,0.8901395378,0.8817281558,0.8694109056,0.8546663642,0.8403036785,0.8281339203,0.8174113147,0.8056859999,0.7923115325,0.7793398750,0.7697417176,0.7630531659,0.7550793727,0.7420226089,0.7238060681,0.7035802902,0.6845729599,0.6669810081,0.6504090698,0.6359457194,0.6273076957,0.6267021233,0.6267021233,0.6267021233,0.6267021233,0.6267021233,0.6267021233,0.6267021233,0.6267021233,0.6267021233,0.6267021233,0.6267021233,0.6267021233,0.6267021233,0.6267021233,0.6267021233,0.6267021233,0.6267021233,0.6267021233,0.6267021233,0.6267021233,0.6267021233,0.6267021233,0.6267021233
2120,1,0,0.9970334296,0.9904974887,0.9846748412,0.9797288197,0.9755320640,0.9722076169,0.9700046798,0.9689624435,0.9670175692,0.9643904539,0.9610785618,0.9574890318,0.9539949007,0.9507681317,0.9479548968,0.9455197930,0.9430561810,0.9398724967,0.9358414520,0.9316341430,0.9281351674,0.9256318472,0.9235680571,0.9212758895,0.9187022056,0.9164455192,0.9149349561,0.9139618073,0.9130560615,0.9119155177,0.9107441454,0.9099833897,0.9099833897,0.9099833897,0.9099833897,0.9096973473,0.9087550593,0.9078918976,0.9077076401,0.9077076401,0.9077076401,0.9077076401,0.9072565981,0.9056479123,0.9028512037,0.8993980940,0.8954358587,0.8901395378,0.8817281558,0.8694109056,0.8546663642,0.8403036785,0.8281339203,0.8174113147,0.8056859999,0.7923115325,0.7793398750,0.7697417176,0.7630531659,0.7550793727,0.7420226089,0.7238060681,0.7035802902,0.6845729599,0.6669810081,0.6504090698,0.6359457194,0.6273076957,0.6267021233,0.6267021233,0.6267021233,0.6267021233,0.6267021233,0.6267021233,0.6267021233,0.6267021233,0.6267021233,0.6267021233,0.6267021233,0.6267021233,0.6267021233,0.6267021233,0.6267021233,0.6267021233,0.6267021233,0.6267021233,0.6267021233,0.6267021233,0.6267021233,0.6267021233,0.6267021233
2121,1,0,0.9970334296,0.9904974887,0.9846748412,0.9797288197,0.9755320640,0.9722076169,0.9700046798,0.9689624435,0.9670175692,0.9643904539,0.9610785618,0.9574890318,0.9539949007,0.9507681317,0.9479548968,0.9455197930,0.9430561810,0.9398724967,0.9358414520,0.9316341430,0.9281351674,0.9256318472,0.9235680571,0.9212758895,0.9187022056,0.9164455192,0.9149349561,0.9139618073,0.9130560615,0.9119155177,0.9107441454,0.9099833897,0.9099833897,0.9099833897,0.9099833897,0.9096973473,0.9087550593,0.9078918976,0.9077076401,0.9077076401,0.9077076401,0.9077076401,0.9072565981,0.9056479123,0.9028512037,0.8993980940,0.8954358587,0.8901395378,0.8817281558,0.8694109056,0.8546663642,0.8403036785,0.8281339203,0.8174113147,0.8056859999,0.7923115325,0.7793398750,0.7697417176,0.7630531659,0.7550793727,0.7420226089,0.7238060681,0.7035802902,0.6845729599,0.6669810081,0.6504090698,0.6359457194,0.6273076957,0.6267021233,0.6267021233,0.6267021233,0.6267021233,0.6267021233,0.6267021233,0.6267021233,0.6267021233,0.6267021233,0.6267021233,0.6267021233,0.6267021233,0.6267021233,0.6267021233,0.6267021233,0.6267021233,0.6267021233,0.6267021233,0.6267021233,0.6267021233,0.6267021233,0.6267021233,0.6267021233
2122,1,0,0.9970334296,0.9904974887,0.9846748412,0.9797288197,0.9755320640,0.9722076169,0.9700046798,0.9689624435,0.9670175692,0.9643904539,0.9610785618,0.9574890318,0.9539949007,0.9507681317,0.9479548968,0.9455197930,0.9430561810,0.9398724967,0.9358414520,0.9316341430,0.9281351674,0.9256318472,0.9235680571,0.9212758895,0.9187022056,0.9164455192,0.9149349561,0.9139618073,0.9130560615,0.9119155177,0.9107441454,0.9099833897,0.9099833897,0.9099833897,0.9099833897,0.9096973473,0.9087550593,0.9078918976,0.9077076401,0.9077076401,0.9077076401,0.9077076401,0.9072565981,0.9056479123,0.9028512037,0.8993980940,0.8954358587,0.8901395378,0.8817281558,0.8694109056,0.8546663642,0.8403036785,0.8281339203,0.8174113147,0.8056859999,0.7923115325,0.7793398750,0.7697417176,0.7630531659,0.7550793727,0.7420226089,0.7238060681,0.7035802902,0.6845729599,0.6669810081,0.6504090698,0.6359457194,0.6273076957,0.6267021233,0.6267021233,0.6267021233,0.6267021233,0.6267021233,0.6267021233,0.6267021233,0.6267021233,0.6267021233,0.6267021233,0.6267021233,0.6267021233,0.6267021233,0.6267021233,0.6267021233,0.6267021233,0.6267021233,0.6267021233,0.6267021233,0.6267021233,0.6267021233,0.6267021233,0.6267021233
2123,1,0,0.9970334296,0.9904974887,0.9846748412,0.9797288197,0.9755320640,0.9722076169,0.9700046798,0.9689624435,0.9670175692,0.9643904539,0.9610785618,0.9574890318,0.9539949007,0.9507681317,0.9479548968,0.9455197930,0.9430561810,0.9398724967,0.9358414520,0.9316341430,0.9281351674,0.9256318472,0.9235680571,0.9212758895,0.9187022056,0.9164455192,0.9149349561,0.9139618073,0.9130560615,0.9119155177,0.9107441454,0.9099833897,0.9099833897,0.9099833897,0.9099833897,0.9096973473,0.9087550593,0.9078918976,0.9077076401,0.9077076401,0.9077076401,0.9077076401,0.9072565981,0.9056479123,0.9028512037,0.8993980940,0.8954358587,0.8901395378,0.8817281558,0.8694109056,0.8546663642,0.8403036785,0.8281339203,0.8174113147,0.8056859999,0.7923115325,0.7793398750,0.7697417176,0.7630531659,0.7550793727,0.7420226089,0.7238060681,0.7035802902,0.6845729599,0.6669810081,0.6504090698,0.6359457194,0.6273076957,0.6267021233,0.6267021233,0.6267021233,0.6267021233,0.6267021233,0.6267021233,0.6267021233,0.6267021233,0.6267021233,0.6267021233,0.6267021233,0.6267021233,0.6267021233,0.6267021233,0.6267021233,0.6267021233,0.6267021233,0.6267021233,0.6267021233,0.6267021233,0.6267021233,0.6267021233,0.6267021233
2124,1,0,0.9970334296,0.9904974887,0.9846748412,0.9797288197,0.9755320640,0.9722076169,0.9700046798,0.9689624435,0.9670175692,0.9643904539,0.9610785618,0.9574890318,0.9539949007,0.9507681317,0.9479548968,0.9455197930,0.9430561810,0.9398724967,0.9358414520,0.9316341430,0.9281351674,0.9256318472,0.9235680571,0.9212758895,0.9187022056,0.9164455192,0.9149349561,0.9139618073,0.9130560615,0.9119155177,0.9107441454,0.9099833897,0.9099833897,0.9099833897,0.9099833897,0.9096973473,0.9087550593,0.9078918976,0.9077076401,0.9077076401,0.9077076401,0.9077076401,0.9072565981,0.9056479123,0.9028512037,0.8993980940,0.8954358587,0.8901395378,0.8817281558,0.8694109056,0.8546663642,0.8403036785,0.8281339203,0.8174113147,0.8056859999,0.7923115325,0.7793398750,0.7697417176,0.7630531659,0.7550793727,0.7420226089,0.7238060681,0.7035802902,0.6845729599,0.6669810081,0.6504090698,0.6359457194,0.6273076957,0.6267021233,0.6267021233,0.6267021233,0.6267021233,0.6267021233,0.6267021233,0.6267021233,0.6267021233,0.6267021233,0.6267021233,0.6267021233,0.6267021233,0.6267021233,0.6267021233,0.6267021233,0.6267021233,0.6267021233,0.6267021233,0.6267021233,0.6267021233,0.6267021233,0.6267021233,0.6267021233
2125,1,0,0.9970334296,0.9904974887,0.9846748412,0.9797288197,0.9755320640,0.9722076169,0.9700046798,0.9689624435,0.9670175692,0.9643904539,0.9610785618,0.9574890318,0.9539949007,0.9507681317,0.9479548968,0.9455197930,0.9430561810,0.9398724967,0.9358414520,0.9316341430,0.9281351674,0.9256318472,0.9235680571,0.9212758895,0.9187022056,0.9164455192,0.9149349561,0.9139618073,0.9130560615,0.9119155177,0.9107441454,0.9099833897,0.9099833897,0.9099833897,0.9099833897,0.9096973473,0.9087550593,0.9078918976,0.9077076401,0.9077076401,0.9077076401,0.9077076401,0.9072565981,0.9056479123,0.9028512037,0.8993980940,0.8954358587,0.8901395378,0.8817281558,0.8694109056,0.8546663642,0.8403036785,0.8281339203,0.8174113147,0.8056859999,0.7923115325,0.7793398750,0.7697417176,0.7630531659,0.7550793727,0.7420226089,0.7238060681,0.7035802902,0.6845729599,0.6669810081,0.6504090698,0.6359457194,0.6273076957,0.6267021233,0.6267021233,0.6267021233,0.6267021233,0.6267021233,0.6267021233,0.6267021233,0.6267021233,0.6267021233,0.6267021233,0.6267021233,0.6267021233,0.6267021233,0.6267021233,0.6267021233,0.6267021233,0.6267021233,0.6267021233,0.6267021233,0.6267021233,0.6267021233,0.6267021233,0.6267021233
2126,1,0,0.9970334296,0.9904974887,0.9846748412,0.9797288197,0.9755320640,0.9722076169,0.9700046798,0.9689624435,0.9670175692,0.9643904539,0.9610785618,0.9574890318,0.9539949007,0.9507681317,0.9479548968,0.9455197930,0.9430561810,0.9398724967,0.9358414520,0.9316341430,0.9281351674,0.9256318472,0.9235680571,0.9212758895,0.9187022056,0.9164455192,0.9149349561,0.9139618073,0.9130560615,0.9119155177,0.9107441454,0.9099833897,0.9099833897,0.9099833897,0.9099833897,0.9096973473,0.9087550593,0.9078918976,0.9077076401,0.9077076401,0.9077076401,0.9077076401,0.9072565981,0.9056479123,0.9028512037,0.8993980940,0.8954358587,0.8901395378,0.8817281558,0.8694109056,0.8546663642,0.8403036785,0.8281339203,0.8174113147,0.8056859999,0.7923115325,0.7793398750,0.7697417176,0.7630531659,0.7550793727,0.7420226089,0.7238060681,0.7035802902,0.6845729599,0.6669810081,0.6504090698,0.6359457194,0.6273076957,0.6267021233,0.6267021233,0.6267021233,0.6267021233,0.6267021233,0.6267021233,0.6267021233,0.6267021233,0.6267021233,0.6267021233,0.6267021233,0.6267021233,0.6267021233,0.6267021233,0.6267021233,0.6267021233,0.6267021233,0.6267021233,0.6267021233,0.6267021233,0.6267021233,0.6267021233,0.6267021233
2127,1,0,0.9970334296,0.9904974887,0.9846748412,0.9797288197,0.9755320640,0.9722076169,0.9700046798,0.9689624435,0.9670175692,0.9643904539,0.9610785618,0.9574890318,0.9539949007,0.9507681317,0.9479548968,0.9455197930,0.9430561810,0.9398724967,0.9358414520,0.9316341430,0.9281351674,0.9256318472,0.9235680571,0.9212758895,0.9187022056,0.9164455192,0.9149349561,0.9139618073,0.9130560615,0.9119155177,0.9107441454,0.9099833897,0.9099833897,0.9099833897,0.9099833897,0.9096973473,0.9087550593,0.9078918976,0.9077076401,0.9077076401,0.9077076401,0.9077076401,0.9072565981,0.9056479123,0.9028512037,0.8993980940,0.8954358587,0.8901395378,0.8817281558,0.8694109056,0.8546663642,0.8403036785,0.8281339203,0.8174113147,0.8056859999,0.7923115325,0.7793398750,0.7697417176,0.7630531659,0.7550793727,0.7420226089,0.7238060681,0.7035802902,0.6845729599,0.6669810081,0.6504090698,0.6359457194,0.6273076957,0.6267021233,0.6267021233,0.6267021233,0.6267021233,0.6267021233,0.6267021233,0.6267021233,0.6267021233,0.6267021233,0.6267021233,0.6267021233,0.6267021233,0.6267021233,0.6267021233,0.6267021233,0.6267021233,0.6267021233,0.6267021233,0.6267021233,0.6267021233,0.6267021233,0.6267021233,0.6267021233
2128,1,0,0.9970334296,0.9904974887,0.9846748412,0.9797288197,0.9755320640,0.9722076169,0.9700046798,0.9689624435,0.9670175692,0.9643904539,0.9610785618,0.9574890318,0.9539949007,0.9507681317,0.9479548968,0.9455197930,0.9430561810,0.9398724967,0.9358414520,0.9316341430,0.9281351674,0.9256318472,0.9235680571,0.9212758895,0.9187022056,0.9164455192,0.9149349561,0.9139618073,0.9130560615,0.9119155177,0.9107441454,0.9099833897,0.9099833897,0.9099833897,0.9099833897,0.9096973473,0.9087550593,0.9078918976,0.9077076401,0.9077076401,0.9077076401,0.9077076401,0.9072565981,0.9056479123,0.9028512037,0.8993980940,0.8954358587,0.8901395378,0.8817281558,0.8694109056,0.8546663642,0.8403036785,0.8281339203,0.8174113147,0.8056859999,0.7923115325,0.7793398750,0.7697417176,0.7630531659,0.7550793727,0.7420226089,0.7238060681,0.7035802902,0.6845729599,0.6669810081,0.6504090698,0.6359457194,0.6273076957,0.6267021233,0.6267021233,0.6267021233,0.6267021233,0.6267021233,0.6267021233,0.6267021233,0.6267021233,0.6267021233,0.6267021233,0.6267021233,0.6267021233,0.6267021233,0.6267021233,0.6267021233,0.6267021233,0.6267021233,0.6267021233,0.6267021233,0.6267021233,0.6267021233,0.6267021233,0.6267021233
2129,1,0,0.9970334296,0.9904974887,0.9846748412,0.9797288197,0.9755320640,0.9722076169,0.9700046798,0.9689624435,0.9670175692,0.9643904539,0.9610785618,0.9574890318,0.9539949007,0.9507681317,0.9479548968,0.9455197930,0.9430561810,0.9398724967,0.9358414520,0.9316341430,0.9281351674,0.9256318472,0.9235680571,0.9212758895,0.9187022056,0.9164455192,0.9149349561,0.9139618073,0.9130560615,0.9119155177,0.9107441454,0.9099833897,0.9099833897,0.9099833897,0.9099833897,0.9096973473,0.9087550593,0.9078918976,0.9077076401,0.9077076401,0.9077076401,0.9077076401,0.9072565981,0.9056479123,0.9028512037,0.8993980940,0.8954358587,0.8901395378,0.8817281558,0.8694109056,0.8546663642,0.8403036785,0.8281339203,0.8174113147,0.8056859999,0.7923115325,0.7793398750,0.7697417176,0.7630531659,0.7550793727,0.7420226089,0.7238060681,0.7035802902,0.6845729599,0.6669810081,0.6504090698,0.6359457194,0.6273076957,0.6267021233,0.6267021233,0.6267021233,0.6267021233,0.6267021233,0.6267021233,0.6267021233,0.6267021233,0.6267021233,0.6267021233,0.6267021233,0.6267021233,0.6267021233,0.6267021233,0.6267021233,0.6267021233,0.6267021233,0.6267021233,0.6267021233,0.6267021233,0.6267021233,0.6267021233,0.6267021233
2130,1,0,0.9970334296,0.9904974887,0.9846748412,0.9797288197,0.9755320640,0.9722076169,0.9700046798,0.9689624435,0.9670175692,0.9643904539,0.9610785618,0.9574890318,0.9539949007,0.9507681317,0.9479548968,0.9455197930,0.9430561810,0.9398724967,0.9358414520,0.9316341430,0.9281351674,0.9256318472,0.9235680571,0.9212758895,0.9187022056,0.9164455192,0.9149349561,0.9139618073,0.9130560615,0.9119155177,0.9107441454,0.9099833897,0.9099833897,0.9099833897,0.9099833897,0.9096973473,0.9087550593,0.9078918976,0.9077076401,0.9077076401,0.9077076401,0.9077076401,0.9072565981,0.9056479123,0.9028512037,0.8993980940,0.8954358587,0.8901395378,0.8817281558,0.8694109056,0.8546663642,0.8403036785,0.8281339203,0.8174113147,0.8056859999,0.7923115325,0.7793398750,0.7697417176,0.7630531659,0.7550793727,0.7420226089,0.7238060681,0.7035802902,0.6845729599,0.6669810081,0.6504090698,0.6359457194,0.6273076957,0.6267021233,0.6267021233,0.6267021233,0.6267021233,0.6267021233,0.6267021233,0.6267021233,0.6267021233,0.6267021233,0.6267021233,0.6267021233,0.6267021233,0.6267021233,0.6267021233,0.6267021233,0.6267021233,0.6267021233,0.6267021233,0.6267021233,0.6267021233,0.6267021233,0.6267021233,0.6267021233
2131,1,0,0.9970334296,0.9904974887,0.9846748412,0.9797288197,0.9755320640,0.9722076169,0.9700046798,0.9689624435,0.9670175692,0.9643904539,0.9610785618,0.9574890318,0.9539949007,0.9507681317,0.9479548968,0.9455197930,0.9430561810,0.9398724967,0.9358414520,0.9316341430,0.9281351674,0.9256318472,0.9235680571,0.9212758895,0.9187022056,0.9164455192,0.9149349561,0.9139618073,0.9130560615,0.9119155177,0.9107441454,0.9099833897,0.9099833897,0.9099833897,0.9099833897,0.9096973473,0.9087550593,0.9078918976,0.9077076401,0.9077076401,0.9077076401,0.9077076401,0.9072565981,0.9056479123,0.9028512037,0.8993980940,0.8954358587,0.8901395378,0.8817281558,0.8694109056,0.8546663642,0.8403036785,0.8281339203,0.8174113147,0.8056859999,0.7923115325,0.7793398750,0.7697417176,0.7630531659,0.7550793727,0.7420226089,0.7238060681,0.7035802902,0.6845729599,0.6669810081,0.6504090698,0.6359457194,0.6273076957,0.6267021233,0.6267021233,0.6267021233,0.6267021233,0.6267021233,0.6267021233,0.6267021233,0.6267021233,0.6267021233,0.6267021233,0.6267021233,0.6267021233,0.6267021233,0.6267021233,0.6267021233,0.6267021233,0.6267021233,0.6267021233,0.6267021233,0.6267021233,0.6267021233,0.6267021233,0.6267021233
2132,1,0,0.9970334296,0.9904974887,0.9846748412,0.9797288197,0.9755320640,0.9722076169,0.9700046798,0.9689624435,0.9670175692,0.9643904539,0.9610785618,0.9574890318,0.9539949007,0.9507681317,0.9479548968,0.9455197930,0.9430561810,0.9398724967,0.9358414520,0.9316341430,0.9281351674,0.9256318472,0.9235680571,0.9212758895,0.9187022056,0.9164455192,0.9149349561,0.9139618073,0.9130560615,0.9119155177,0.9107441454,0.9099833897,0.9099833897,0.9099833897,0.9099833897,0.9096973473,0.9087550593,0.9078918976,0.9077076401,0.9077076401,0.9077076401,0.9077076401,0.9072565981,0.9056479123,0.9028512037,0.8993980940,0.8954358587,0.8901395378,0.8817281558,0.8694109056,0.8546663642,0.8403036785,0.8281339203,0.8174113147,0.8056859999,0.7923115325,0.7793398750,0.7697417176,0.7630531659,0.7550793727,0.7420226089,0.7238060681,0.7035802902,0.6845729599,0.6669810081,0.6504090698,0.6359457194,0.6273076957,0.6267021233,0.6267021233,0.6267021233,0.6267021233,0.6267021233,0.6267021233,0.6267021233,0.6267021233,0.6267021233,0.6267021233,0.6267021233,0.6267021233,0.6267021233,0.6267021233,0.6267021233,0.6267021233,0.6267021233,0.6267021233,0.6267021233,0.6267021233,0.6267021233,0.6267021233,0.6267021233
2133,1,0,0.9970334296,0.9904974887,0.9846748412,0.9797288197,0.9755320640,0.9722076169,0.9700046798,0.9689624435,0.9670175692,0.9643904539,0.9610785618,0.9574890318,0.9539949007,0.9507681317,0.9479548968,0.9455197930,0.9430561810,0.9398724967,0.9358414520,0.9316341430,0.9281351674,0.9256318472,0.9235680571,0.9212758895,0.9187022056,0.9164455192,0.9149349561,0.9139618073,0.9130560615,0.9119155177,0.9107441454,0.9099833897,0.9099833897,0.9099833897,0.9099833897,0.9096973473,0.9087550593,0.9078918976,0.9077076401,0.9077076401,0.9077076401,0.9077076401,0.9072565981,0.9056479123,0.9028512037,0.8993980940,0.8954358587,0.8901395378,0.8817281558,0.8694109056,0.8546663642,0.8403036785,0.8281339203,0.8174113147,0.8056859999,0.7923115325,0.7793398750,0.7697417176,0.7630531659,0.7550793727,0.7420226089,0.7238060681,0.7035802902,0.6845729599,0.6669810081,0.6504090698,0.6359457194,0.6273076957,0.6267021233,0.6267021233,0.6267021233,0.6267021233,0.6267021233,0.6267021233,0.6267021233,0.6267021233,0.6267021233,0.6267021233,0.6267021233,0.6267021233,0.6267021233,0.6267021233,0.6267021233,0.6267021233,0.6267021233,0.6267021233,0.6267021233,0.6267021233,0.6267021233,0.6267021233,0.6267021233
2134,1,0,0.9970334296,0.9904974887,0.9846748412,0.9797288197,0.9755320640,0.9722076169,0.9700046798,0.9689624435,0.9670175692,0.9643904539,0.9610785618,0.9574890318,0.9539949007,0.9507681317,0.9479548968,0.9455197930,0.9430561810,0.9398724967,0.9358414520,0.9316341430,0.9281351674,0.9256318472,0.9235680571,0.9212758895,0.9187022056,0.9164455192,0.9149349561,0.9139618073,0.9130560615,0.9119155177,0.9107441454,0.9099833897,0.9099833897,0.9099833897,0.9099833897,0.9096973473,0.9087550593,0.9078918976,0.9077076401,0.9077076401,0.9077076401,0.9077076401,0.9072565981,0.9056479123,0.9028512037,0.8993980940,0.8954358587,0.8901395378,0.8817281558,0.8694109056,0.8546663642,0.8403036785,0.8281339203,0.8174113147,0.8056859999,0.7923115325,0.7793398750,0.7697417176,0.7630531659,0.7550793727,0.7420226089,0.7238060681,0.7035802902,0.6845729599,0.6669810081,0.6504090698,0.6359457194,0.6273076957,0.6267021233,0.6267021233,0.6267021233,0.6267021233,0.6267021233,0.6267021233,0.6267021233,0.6267021233,0.6267021233,0.6267021233,0.6267021233,0.6267021233,0.6267021233,0.6267021233,0.6267021233,0.6267021233,0.6267021233,0.6267021233,0.6267021233,0.6267021233,0.6267021233,0.6267021233,0.6267021233
2135,1,0,0.9970334296,0.9904974887,0.9846748412,0.9797288197,0.9755320640,0.9722076169,0.9700046798,0.9689624435,0.9670175692,0.9643904539,0.9610785618,0.9574890318,0.9539949007,0.9507681317,0.9479548968,0.9455197930,0.9430561810,0.9398724967,0.9358414520,0.9316341430,0.9281351674,0.9256318472,0.9235680571,0.9212758895,0.9187022056,0.9164455192,0.9149349561,0.9139618073,0.9130560615,0.9119155177,0.9107441454,0.9099833897,0.9099833897,0.9099833897,0.9099833897,0.9096973473,0.9087550593,0.9078918976,0.9077076401,0.9077076401,0.9077076401,0.9077076401,0.9072565981,0.9056479123,0.9028512037,0.8993980940,0.8954358587,0.8901395378,0.8817281558,0.8694109056,0.8546663642,0.8403036785,0.8281339203,0.8174113147,0.8056859999,0.7923115325,0.7793398750,0.7697417176,0.7630531659,0.7550793727,0.7420226089,0.7238060681,0.7035802902,0.6845729599,0.6669810081,0.6504090698,0.6359457194,0.6273076957,0.6267021233,0.6267021233,0.6267021233,0.6267021233,0.6267021233,0.6267021233,0.6267021233,0.6267021233,0.6267021233,0.6267021233,0.6267021233,0.6267021233,0.6267021233,0.6267021233,0.6267021233,0.6267021233,0.6267021233,0.6267021233,0.6267021233,0.6267021233,0.6267021233,0.6267021233,0.6267021233
2136,1,0,0.9970334296,0.9904974887,0.9846748412,0.9797288197,0.9755320640,0.9722076169,0.9700046798,0.9689624435,0.9670175692,0.9643904539,0.9610785618,0.9574890318,0.9539949007,0.9507681317,0.9479548968,0.9455197930,0.9430561810,0.9398724967,0.9358414520,0.9316341430,0.9281351674,0.9256318472,0.9235680571,0.9212758895,0.9187022056,0.9164455192,0.9149349561,0.9139618073,0.9130560615,0.9119155177,0.9107441454,0.9099833897,0.9099833897,0.9099833897,0.9099833897,0.9096973473,0.9087550593,0.9078918976,0.9077076401,0.9077076401,0.9077076401,0.9077076401,0.9072565981,0.9056479123,0.9028512037,0.8993980940,0.8954358587,0.8901395378,0.8817281558,0.8694109056,0.8546663642,0.8403036785,0.8281339203,0.8174113147,0.8056859999,0.7923115325,0.7793398750,0.7697417176,0.7630531659,0.7550793727,0.7420226089,0.7238060681,0.7035802902,0.6845729599,0.6669810081,0.6504090698,0.6359457194,0.6273076957,0.6267021233,0.6267021233,0.6267021233,0.6267021233,0.6267021233,0.6267021233,0.6267021233,0.6267021233,0.6267021233,0.6267021233,0.6267021233,0.6267021233,0.6267021233,0.6267021233,0.6267021233,0.6267021233,0.6267021233,0.6267021233,0.6267021233,0.6267021233,0.6267021233,0.6267021233,0.6267021233
2137,1,0,0.9970334296,0.9904974887,0.9846748412,0.9797288197,0.9755320640,0.9722076169,0.9700046798,0.9689624435,0.9670175692,0.9643904539,0.9610785618,0.9574890318,0.9539949007,0.9507681317,0.9479548968,0.9455197930,0.9430561810,0.9398724967,0.9358414520,0.9316341430,0.9281351674,0.9256318472,0.9235680571,0.9212758895,0.9187022056,0.9164455192,0.9149349561,0.9139618073,0.9130560615,0.9119155177,0.9107441454,0.9099833897,0.9099833897,0.9099833897,0.9099833897,0.9096973473,0.9087550593,0.9078918976,0.9077076401,0.9077076401,0.9077076401,0.9077076401,0.9072565981,0.9056479123,0.9028512037,0.8993980940,0.8954358587,0.8901395378,0.8817281558,0.8694109056,0.8546663642,0.8403036785,0.8281339203,0.8174113147,0.8056859999,0.7923115325,0.7793398750,0.7697417176,0.7630531659,0.7550793727,0.7420226089,0.7238060681,0.7035802902,0.6845729599,0.6669810081,0.6504090698,0.6359457194,0.6273076957,0.6267021233,0.6267021233,0.6267021233,0.6267021233,0.6267021233,0.6267021233,0.6267021233,0.6267021233,0.6267021233,0.6267021233,0.6267021233,0.6267021233,0.6267021233,0.6267021233,0.6267021233,0.6267021233,0.6267021233,0.6267021233,0.6267021233,0.6267021233,0.6267021233,0.6267021233,0.6267021233
2138,1,0,0.9970334296,0.9904974887,0.9846748412,0.9797288197,0.9755320640,0.9722076169,0.9700046798,0.9689624435,0.9670175692,0.9643904539,0.9610785618,0.9574890318,0.9539949007,0.9507681317,0.9479548968,0.9455197930,0.9430561810,0.9398724967,0.9358414520,0.9316341430,0.9281351674,0.9256318472,0.9235680571,0.9212758895,0.9187022056,0.9164455192,0.9149349561,0.9139618073,0.9130560615,0.9119155177,0.9107441454,0.9099833897,0.9099833897,0.9099833897,0.9099833897,0.9096973473,0.9087550593,0.9078918976,0.9077076401,0.9077076401,0.9077076401,0.9077076401,0.9072565981,0.9056479123,0.9028512037,0.8993980940,0.8954358587,0.8901395378,0.8817281558,0.8694109056,0.8546663642,0.8403036785,0.8281339203,0.8174113147,0.8056859999,0.7923115325,0.7793398750,0.7697417176,0.7630531659,0.7550793727,0.7420226089,0.7238060681,0.7035802902,0.6845729599,0.6669810081,0.6504090698,0.6359457194,0.6273076957,0.6267021233,0.6267021233,0.6267021233,0.6267021233,0.6267021233,0.6267021233,0.6267021233,0.6267021233,0.6267021233,0.6267021233,0.6267021233,0.6267021233,0.6267021233,0.6267021233,0.6267021233,0.6267021233,0.6267021233,0.6267021233,0.6267021233,0.6267021233,0.6267021233,0.6267021233,0.6267021233
2139,1,0,0.9970334296,0.9904974887,0.9846748412,0.9797288197,0.9755320640,0.9722076169,0.9700046798,0.9689624435,0.9670175692,0.9643904539,0.9610785618,0.9574890318,0.9539949007,0.9507681317,0.9479548968,0.9455197930,0.9430561810,0.9398724967,0.9358414520,0.9316341430,0.9281351674,0.9256318472,0.9235680571,0.9212758895,0.9187022056,0.9164455192,0.9149349561,0.9139618073,0.9130560615,0.9119155177,0.9107441454,0.9099833897,0.9099833897,0.9099833897,0.9099833897,0.9096973473,0.9087550593,0.9078918976,0.9077076401,0.9077076401,0.9077076401,0.9077076401,0.9072565981,0.9056479123,0.9028512037,0.8993980940,0.8954358587,0.8901395378,0.8817281558,0.8694109056,0.8546663642,0.8403036785,0.8281339203,0.8174113147,0.8056859999,0.7923115325,0.7793398750,0.7697417176,0.7630531659,0.7550793727,0.7420226089,0.7238060681,0.7035802902,0.6845729599,0.6669810081,0.6504090698,0.6359457194,0.6273076957,0.6267021233,0.6267021233,0.6267021233,0.6267021233,0.6267021233,0.6267021233,0.6267021233,0.6267021233,0.6267021233,0.6267021233,0.6267021233,0.6267021233,0.6267021233,0.6267021233,0.6267021233,0.6267021233,0.6267021233,0.6267021233,0.6267021233,0.6267021233,0.6267021233,0.6267021233,0.6267021233
2140,1,0,0.9970334296,0.9904974887,0.9846748412,0.9797288197,0.9755320640,0.9722076169,0.9700046798,0.9689624435,0.9670175692,0.9643904539,0.9610785618,0.9574890318,0.9539949007,0.9507681317,0.9479548968,0.9455197930,0.9430561810,0.9398724967,0.9358414520,0.9316341430,0.9281351674,0.9256318472,0.9235680571,0.9212758895,0.9187022056,0.9164455192,0.9149349561,0.9139618073,0.9130560615,0.9119155177,0.9107441454,0.9099833897,0.9099833897,0.9099833897,0.9099833897,0.9096973473,0.9087550593,0.9078918976,0.9077076401,0.9077076401,0.9077076401,0.9077076401,0.9072565981,0.9056479123,0.9028512037,0.8993980940,0.8954358587,0.8901395378,0.8817281558,0.8694109056,0.8546663642,0.8403036785,0.8281339203,0.8174113147,0.8056859999,0.7923115325,0.7793398750,0.7697417176,0.7630531659,0.7550793727,0.7420226089,0.7238060681,0.7035802902,0.6845729599,0.6669810081,0.6504090698,0.6359457194,0.6273076957,0.6267021233,0.6267021233,0.6267021233,0.6267021233,0.6267021233,0.6267021233,0.6267021233,0.6267021233,0.6267021233,0.6267021233,0.6267021233,0.6267021233,0.6267021233,0.6267021233,0.6267021233,0.6267021233,0.6267021233,0.6267021233,0.6267021233,0.6267021233,0.6267021233,0.6267021233,0.6267021233
2141,1,0,0.9970334296,0.9904974887,0.9846748412,0.9797288197,0.9755320640,0.9722076169,0.9700046798,0.9689624435,0.9670175692,0.9643904539,0.9610785618,0.9574890318,0.9539949007,0.9507681317,0.9479548968,0.9455197930,0.9430561810,0.9398724967,0.9358414520,0.9316341430,0.9281351674,0.9256318472,0.9235680571,0.9212758895,0.9187022056,0.9164455192,0.9149349561,0.9139618073,0.9130560615,0.9119155177,0.9107441454,0.9099833897,0.9099833897,0.9099833897,0.9099833897,0.9096973473,0.9087550593,0.9078918976,0.9077076401,0.9077076401,0.9077076401,0.9077076401,0.9072565981,0.9056479123,0.9028512037,0.8993980940,0.8954358587,0.8901395378,0.8817281558,0.8694109056,0.8546663642,0.8403036785,0.8281339203,0.8174113147,0.8056859999,0.7923115325,0.7793398750,0.7697417176,0.7630531659,0.7550793727,0.7420226089,0.7238060681,0.7035802902,0.6845729599,0.6669810081,0.6504090698,0.6359457194,0.6273076957,0.6267021233,0.6267021233,0.6267021233,0.6267021233,0.6267021233,0.6267021233,0.6267021233,0.6267021233,0.6267021233,0.6267021233,0.6267021233,0.6267021233,0.6267021233,0.6267021233,0.6267021233,0.6267021233,0.6267021233,0.6267021233,0.6267021233,0.6267021233,0.6267021233,0.6267021233,0.6267021233
2142,1,0,0.9970334296,0.9904974887,0.9846748412,0.9797288197,0.9755320640,0.9722076169,0.9700046798,0.9689624435,0.9670175692,0.9643904539,0.9610785618,0.9574890318,0.9539949007,0.9507681317,0.9479548968,0.9455197930,0.9430561810,0.9398724967,0.9358414520,0.9316341430,0.9281351674,0.9256318472,0.9235680571,0.9212758895,0.9187022056,0.9164455192,0.9149349561,0.9139618073,0.9130560615,0.9119155177,0.9107441454,0.9099833897,0.9099833897,0.9099833897,0.9099833897,0.9096973473,0.9087550593,0.9078918976,0.9077076401,0.9077076401,0.9077076401,0.9077076401,0.9072565981,0.9056479123,0.9028512037,0.8993980940,0.8954358587,0.8901395378,0.8817281558,0.8694109056,0.8546663642,0.8403036785,0.8281339203,0.8174113147,0.8056859999,0.7923115325,0.7793398750,0.7697417176,0.7630531659,0.7550793727,0.7420226089,0.7238060681,0.7035802902,0.6845729599,0.6669810081,0.6504090698,0.6359457194,0.6273076957,0.6267021233,0.6267021233,0.6267021233,0.6267021233,0.6267021233,0.6267021233,0.6267021233,0.6267021233,0.6267021233,0.6267021233,0.6267021233,0.6267021233,0.6267021233,0.6267021233,0.6267021233,0.6267021233,0.6267021233,0.6267021233,0.6267021233,0.6267021233,0.6267021233,0.6267021233,0.6267021233
2143,1,0,0.9970334296,0.9904974887,0.9846748412,0.9797288197,0.9755320640,0.9722076169,0.9700046798,0.9689624435,0.9670175692,0.9643904539,0.9610785618,0.9574890318,0.9539949007,0.9507681317,0.9479548968,0.9455197930,0.9430561810,0.9398724967,0.9358414520,0.9316341430,0.9281351674,0.9256318472,0.9235680571,0.9212758895,0.9187022056,0.9164455192,0.9149349561,0.9139618073,0.9130560615,0.9119155177,0.9107441454,0.9099833897,0.9099833897,0.9099833897,0.9099833897,0.9096973473,0.9087550593,0.9078918976,0.9077076401,0.9077076401,0.9077076401,0.9077076401,0.9072565981,0.9056479123,0.9028512037,0.8993980940,0.8954358587,0.8901395378,0.8817281558,0.8694109056,0.8546663642,0.8403036785,0.8281339203,0.8174113147,0.8056859999,0.7923115325,0.7793398750,0.7697417176,0.7630531659,0.7550793727,0.7420226089,0.7238060681,0.7035802902,0.6845729599,0.6669810081,0.6504090698,0.6359457194,0.6273076957,0.6267021233,0.6267021233,0.6267021233,0.6267021233,0.6267021233,0.6267021233,0.6267021233,0.6267021233,0.6267021233,0.6267021233,0.6267021233,0.6267021233,0.6267021233,0.6267021233,0.6267021233,0.6267021233,0.6267021233,0.6267021233,0.6267021233,0.6267021233,0.6267021233,0.6267021233,0.6267021233
2144,1,0,0.9970334296,0.9904974887,0.9846748412,0.9797288197,0.9755320640,0.9722076169,0.9700046798,0.9689624435,0.9670175692,0.9643904539,0.9610785618,0.9574890318,0.9539949007,0.9507681317,0.9479548968,0.9455197930,0.9430561810,0.9398724967,0.9358414520,0.9316341430,0.9281351674,0.9256318472,0.9235680571,0.9212758895,0.9187022056,0.9164455192,0.9149349561,0.9139618073,0.9130560615,0.9119155177,0.9107441454,0.9099833897,0.9099833897,0.9099833897,0.9099833897,0.9096973473,0.9087550593,0.9078918976,0.9077076401,0.9077076401,0.9077076401,0.9077076401,0.9072565981,0.9056479123,0.9028512037,0.8993980940,0.8954358587,0.8901395378,0.8817281558,0.8694109056,0.8546663642,0.8403036785,0.8281339203,0.8174113147,0.8056859999,0.7923115325,0.7793398750,0.7697417176,0.7630531659,0.7550793727,0.7420226089,0.7238060681,0.7035802902,0.6845729599,0.6669810081,0.6504090698,0.6359457194,0.6273076957,0.6267021233,0.6267021233,0.6267021233,0.6267021233,0.6267021233,0.6267021233,0.6267021233,0.6267021233,0.6267021233,0.6267021233,0.6267021233,0.6267021233,0.6267021233,0.6267021233,0.6267021233,0.6267021233,0.6267021233,0.6267021233,0.6267021233,0.6267021233,0.6267021233,0.6267021233,0.6267021233
2145,1,0,0.9970334296,0.9904974887,0.9846748412,0.9797288197,0.9755320640,0.9722076169,0.9700046798,0.9689624435,0.9670175692,0.9643904539,0.9610785618,0.9574890318,0.9539949007,0.9507681317,0.9479548968,0.9455197930,0.9430561810,0.9398724967,0.9358414520,0.9316341430,0.9281351674,0.9256318472,0.9235680571,0.9212758895,0.9187022056,0.9164455192,0.9149349561,0.9139618073,0.9130560615,0.9119155177,0.9107441454,0.9099833897,0.9099833897,0.9099833897,0.9099833897,0.9096973473,0.9087550593,0.9078918976,0.9077076401,0.9077076401,0.9077076401,0.9077076401,0.9072565981,0.9056479123,0.9028512037,0.8993980940,0.8954358587,0.8901395378,0.8817281558,0.8694109056,0.8546663642,0.8403036785,0.8281339203,0.8174113147,0.8056859999,0.7923115325,0.7793398750,0.7697417176,0.7630531659,0.7550793727,0.7420226089,0.7238060681,0.7035802902,0.6845729599,0.6669810081,0.6504090698,0.6359457194,0.6273076957,0.6267021233,0.6267021233,0.6267021233,0.6267021233,0.6267021233,0.6267021233,0.6267021233,0.6267021233,0.6267021233,0.6267021233,0.6267021233,0.6267021233,0.6267021233,0.6267021233,0.6267021233,0.6267021233,0.6267021233,0.6267021233,0.6267021233,0.6267021233,0.6267021233,0.6267021233,0.6267021233
2146,1,0,0.9970334296,0.9904974887,0.9846748412,0.9797288197,0.9755320640,0.9722076169,0.9700046798,0.9689624435,0.9670175692,0.9643904539,0.9610785618,0.9574890318,0.9539949007,0.9507681317,0.9479548968,0.9455197930,0.9430561810,0.9398724967,0.9358414520,0.9316341430,0.9281351674,0.9256318472,0.9235680571,0.9212758895,0.9187022056,0.9164455192,0.9149349561,0.9139618073,0.9130560615,0.9119155177,0.9107441454,0.9099833897,0.9099833897,0.9099833897,0.9099833897,0.9096973473,0.9087550593,0.9078918976,0.9077076401,0.9077076401,0.9077076401,0.9077076401,0.9072565981,0.9056479123,0.9028512037,0.8993980940,0.8954358587,0.8901395378,0.8817281558,0.8694109056,0.8546663642,0.8403036785,0.8281339203,0.8174113147,0.8056859999,0.7923115325,0.7793398750,0.7697417176,0.7630531659,0.7550793727,0.7420226089,0.7238060681,0.7035802902,0.6845729599,0.6669810081,0.6504090698,0.6359457194,0.6273076957,0.6267021233,0.6267021233,0.6267021233,0.6267021233,0.6267021233,0.6267021233,0.6267021233,0.6267021233,0.6267021233,0.6267021233,0.6267021233,0.6267021233,0.6267021233,0.6267021233,0.6267021233,0.6267021233,0.6267021233,0.6267021233,0.6267021233,0.6267021233,0.6267021233,0.6267021233,0.6267021233
2147,1,0,0.9970334296,0.9904974887,0.9846748412,0.9797288197,0.9755320640,0.9722076169,0.9700046798,0.9689624435,0.9670175692,0.9643904539,0.9610785618,0.9574890318,0.9539949007,0.9507681317,0.9479548968,0.9455197930,0.9430561810,0.9398724967,0.9358414520,0.9316341430,0.9281351674,0.9256318472,0.9235680571,0.9212758895,0.9187022056,0.9164455192,0.9149349561,0.9139618073,0.9130560615,0.9119155177,0.9107441454,0.9099833897,0.9099833897,0.9099833897,0.9099833897,0.9096973473,0.9087550593,0.9078918976,0.9077076401,0.9077076401,0.9077076401,0.9077076401,0.9072565981,0.9056479123,0.9028512037,0.8993980940,0.8954358587,0.8901395378,0.8817281558,0.8694109056,0.8546663642,0.8403036785,0.8281339203,0.8174113147,0.8056859999,0.7923115325,0.7793398750,0.7697417176,0.7630531659,0.7550793727,0.7420226089,0.7238060681,0.7035802902,0.6845729599,0.6669810081,0.6504090698,0.6359457194,0.6273076957,0.6267021233,0.6267021233,0.6267021233,0.6267021233,0.6267021233,0.6267021233,0.6267021233,0.6267021233,0.6267021233,0.6267021233,0.6267021233,0.6267021233,0.6267021233,0.6267021233,0.6267021233,0.6267021233,0.6267021233,0.6267021233,0.6267021233,0.6267021233,0.6267021233,0.6267021233,0.6267021233
2148,1,0,0.9970334296,0.9904974887,0.9846748412,0.9797288197,0.9755320640,0.9722076169,0.9700046798,0.9689624435,0.9670175692,0.9643904539,0.9610785618,0.9574890318,0.9539949007,0.9507681317,0.9479548968,0.9455197930,0.9430561810,0.9398724967,0.9358414520,0.9316341430,0.9281351674,0.9256318472,0.9235680571,0.9212758895,0.9187022056,0.9164455192,0.9149349561,0.9139618073,0.9130560615,0.9119155177,0.9107441454,0.9099833897,0.9099833897,0.9099833897,0.9099833897,0.9096973473,0.9087550593,0.9078918976,0.9077076401,0.9077076401,0.9077076401,0.9077076401,0.9072565981,0.9056479123,0.9028512037,0.8993980940,0.8954358587,0.8901395378,0.8817281558,0.8694109056,0.8546663642,0.8403036785,0.8281339203,0.8174113147,0.8056859999,0.7923115325,0.7793398750,0.7697417176,0.7630531659,0.7550793727,0.7420226089,0.7238060681,0.7035802902,0.6845729599,0.6669810081,0.6504090698,0.6359457194,0.6273076957,0.6267021233,0.6267021233,0.6267021233,0.6267021233,0.6267021233,0.6267021233,0.6267021233,0.6267021233,0.6267021233,0.6267021233,0.6267021233,0.6267021233,0.6267021233,0.6267021233,0.6267021233,0.6267021233,0.6267021233,0.6267021233,0.6267021233,0.6267021233,0.6267021233,0.6267021233,0.6267021233
2149,1,0,0.9970334296,0.9904974887,0.9846748412,0.9797288197,0.9755320640,0.9722076169,0.9700046798,0.9689624435,0.9670175692,0.9643904539,0.9610785618,0.9574890318,0.9539949007,0.9507681317,0.9479548968,0.9455197930,0.9430561810,0.9398724967,0.9358414520,0.9316341430,0.9281351674,0.9256318472,0.9235680571,0.9212758895,0.9187022056,0.9164455192,0.9149349561,0.9139618073,0.9130560615,0.9119155177,0.9107441454,0.9099833897,0.9099833897,0.9099833897,0.9099833897,0.9096973473,0.9087550593,0.9078918976,0.9077076401,0.9077076401,0.9077076401,0.9077076401,0.9072565981,0.9056479123,0.9028512037,0.8993980940,0.8954358587,0.8901395378,0.8817281558,0.8694109056,0.8546663642,0.8403036785,0.8281339203,0.8174113147,0.8056859999,0.7923115325,0.7793398750,0.7697417176,0.7630531659,0.7550793727,0.7420226089,0.7238060681,0.7035802902,0.6845729599,0.6669810081,0.6504090698,0.6359457194,0.6273076957,0.6267021233,0.6267021233,0.6267021233,0.6267021233,0.6267021233,0.6267021233,0.6267021233,0.6267021233,0.6267021233,0.6267021233,0.6267021233,0.6267021233,0.6267021233,0.6267021233,0.6267021233,0.6267021233,0.6267021233,0.6267021233,0.6267021233,0.6267021233,0.6267021233,0.6267021233,0.6267021233
2150,1,0,0.9970334296,0.9904974887,0.9846748412,0.9797288197,0.9755320640,0.9722076169,0.9700046798,0.9689624435,0.9670175692,0.9643904539,0.9610785618,0.9574890318,0.9539949007,0.9507681317,0.9479548968,0.9455197930,0.9430561810,0.9398724967,0.9358414520,0.9316341430,0.9281351674,0.9256318472,0.9235680571,0.9212758895,0.9187022056,0.9164455192,0.9149349561,0.9139618073,0.9130560615,0.9119155177,0.9107441454,0.9099833897,0.9099833897,0.9099833897,0.9099833897,0.9096973473,0.9087550593,0.9078918976,0.9077076401,0.9077076401,0.9077076401,0.9077076401,0.9072565981,0.9056479123,0.9028512037,0.8993980940,0.8954358587,0.8901395378,0.8817281558,0.8694109056,0.8546663642,0.8403036785,0.8281339203,0.8174113147,0.8056859999,0.7923115325,0.7793398750,0.7697417176,0.7630531659,0.7550793727,0.7420226089,0.7238060681,0.7035802902,0.6845729599,0.6669810081,0.6504090698,0.6359457194,0.6273076957,0.6267021233,0.6267021233,0.6267021233,0.6267021233,0.6267021233,0.6267021233,0.6267021233,0.6267021233,0.6267021233,0.6267021233,0.6267021233,0.6267021233,0.6267021233,0.6267021233,0.6267021233,0.6267021233,0.6267021233,0.6267021233,0.6267021233,0.6267021233,0.6267021233,0.6267021233,0.6267021233
女性有配偶,,,,,,,,,,,,,,,,,,,,,,,,,,,,,,,,,,,,,,,,,,,,,,,,,,,,,,,,,,,,,,,,,,,,,,,,,,,,,,,,,,,,,,,,,,,,,
年度,性,合計,15,16,17,18,19,20,21,22,23,24,25,26,27,28,29,30,31,32,33,34,35,36,37,38,39,40,41,42,43,44,45,46,47,48,49,50,51,52,53,54,55,56,57,58,59,60,61,62,63,64,65,66,67,68,69,70,71,72,73,74,75,76,77,78,79,80,81,82,83,84,85,86,87,88,89,90,91,92,93,94,95,96,97,98,99,100,101,102,103,104,105
2020,3,0,1.0000000000,1.0000000000,1.0000000000,1.0000000000,1.0000000000,0.9926135125,0.9819126105,0.9726564110,0.9672905343,0.9663166596,0.9678931589,0.9688116991,0.9679934670,0.9654461710,0.9628030550,0.9601650387,0.9584880112,0.9571151016,0.9549755381,0.9507981642,0.9448243564,0.9387809603,0.9348919122,0.9338086596,0.9349884628,0.9362721889,0.9366732751,0.9364297578,0.9369706489,0.9388608765,0.9412491445,0.9425025196,0.9417016901,0.9392150990,0.9365302897,0.9340181760,0.9314992520,0.9283826607,0.9252806008,0.9222676813,0.9189499646,0.9146163918,0.9095176609,0.9041339902,0.8984330159,0.8918193466,0.8835329124,0.8721918440,0.8571145348,0.8383233268,0.8171111540,0.7942113874,0.7703445777,0.7458260497,0.7204023444,0.6937609600,0.6650534884,0.6340557288,0.6028552064,0.5746729295,0.5502534065,0.5243108369,0.4916763502,0.4500929952,0.4038505270,0.3597637271,0.3244844715,0.3002792174,0.2855965048,0.2767411633,0.2697765746,0.2697765746,0.2697765746,0.2697765746,0.2697765746,0.2697765746,0.2697765746,0.2697765746,0.2697765746,0.2697765746,0.2697765746,0.2697765746,0.2697765746,0.2697765746,0.2697765746,0.2697765746,0.2697765746,0.2697765746,0.2697765746,0.2697765746,0.2697765746
2021,3,0,0.9405913106,0.9405913106,0.9405913106,0.9405913106,0.9405913106,0.9536139941,0.9634970089,0.9674021075,0.9661423208,0.9638076553,0.9643095818,0.9681723746,0.9717288386,0.9709801738,0.9664373414,0.9605950705,0.9555402337,0.9519159578,0.9490507560,0.9463808029,0.9437590519,0.9415264261,0.9396636374,0.9381887322,0.9369157653,0.9356913508,0.9339783855,0.9322541304,0.9313202654,0.9320045011,0.9341035008,0.9366709252,0.9384878989,0.9390446642,0.9383743038,0.9367531305,0.9341312786,0.9310247744,0.9278367194,0.9244545980,0.9206208798,0.9167084185,0.9132053399,0.9100324516,0.9059624828,0.8999715793,0.8912587680,0.8790971454,0.8623856196,0.8408455058,0.8177685820,0.7975598547,0.7813048514,0.7652946262,0.7438966255,0.7169225284,0.6885555140,0.6638228720,0.6428846617,0.6189571288,0.5874489338,0.5482385454,0.5047264747,0.4619605054,0.4210266692,0.3839301967,0.3508455032,0.3270967794,0.3181311926,0.3239603112,0.3411316060,0.3411316060,0.3411316060,0.3411316060,0.3411316060,0.3411316060,0.3411316060,0.3411316060,0.3411316060,0.3411316060,0.3411316060,0.3411316060,0.3411316060,0.3411316060,0.3411316060,0.3411316060,0.3411316060,0.3411316060,0.3411316060,0.3411316060,0.3411316060
2022,3,0,0.9997908385,0.9997908385,0.9997908385,0.9997908385,0.9997908385,0.9920763668,0.9852436319,0.9802066230,0.9770848727,0.9752725722,0.9743240212,0.9741019461,0.9746620976,0.9750759658,0.9740363379,0.9701745962,0.9633055412,0.9547737466,0.9469149574,0.9411209256,0.9374331536,0.9347822390,0.9327364096,0.9320317662,0.9332328100,0.9359893940,0.9385144524,0.9388647659,0.9373647615,0.9352401264,0.9337510320,0.9331178139,0.9332569869,0.9341839937,0.9354431861,0.9365434094,0.9368485610,0.9357784547,0.9333955282,0.9301048499,0.9261559044,0.9219958840,0.9181589062,0.9148050140,0.9107593995,0.9043068837,0.8942433781,0.8807979211,0.8647202250,0.8475525770,0.8299150131,0.8123244379,0.7946580269,0.7760050541,0.7541352772,0.7278535117,0.6994859035,0.6733655331,0.6513577400,0.6311898106,0.6069620302,0.5761203026,0.5364685343,0.4892770652,0.4395836710,0.3975812396,0.3727447922,0.3658856045,0.3691379642,0.3713427784,0.3660603316,0.3660603316,0.3660603316,0.3660603316,0.3660603316,0.3660603316,0.3660603316,0.3660603316,0.3660603316,0.3660603316,0.3660603316,0.3660603316,0.3660603316,0.3660603316,0.3660603316,0.3660603316,0.3660603316,0.3660603316,0.3660603316,0.3660603316,0.3660603316
2023,3,0,0.9997908385,0.9997908385,0.9997908385,0.9997908385,0.9997908385,0.9920763668,0.9852436319,0.9802066230,0.9802066230,0.9770848727,0.9752725722,0.9743240212,0.9741019461,0.9746620976,0.9750759658,0.9735452681,0.9686843400,0.9607730654,0.9514803485,0.9432721484,0.9377182542,0.9346418249,0.9326283390,0.9311418762,0.9310520888,0.9329781550,0.9359893940,0.9385144524,0.9388647659,0.9370573149,0.9344534521,0.9326643079,0.9319812040,0.9321157722,0.9329394280,0.9340526066,0.9353142005,0.9362711032,0.9357784547,0.9333955282,0.9295376793,0.9243942666,0.9194735619,0.9155855819,0.9123419063,0.9081907440,0.9011957034,0.8897972516,0.8738311917,0.8545559660,0.8354552778,0.8181211425,0.8022613230,0.7857988176,0.7659659424,0.7416454460,0.7135183905,0.6863473533,0.6634752490,0.6444317276,0.6246110736,0.5975937291,0.5630482067,0.5208595716,0.4743470970,0.4293729281,0.3949332832,0.3727447922,0.3658856045,0.3691379642,0.3700475503,0.3660603316,0.3660603316,0.3660603316,0.3660603316,0.3660603316,0.3660603316,0.3660603316,0.3660603316,0.3660603316,0.3660603316,0.3660603316,0.3660603316,0.3660603316,0.3660603316,0.3660603316,0.3660603316,0.3660603316,0.3660603316,0.3660603316,0.3660603316
2024,3,0,0.9997908385,0.9997908385,0.9997908385,0.9997908385,0.9997908385,0.9920763668,0.9852436319,0.9802066230,0.9802066230,0.9802066230,0.9770848727,0.9752725722,0.9743240212,0.9741019461,0.9746620976,0.9745843718,0.9720498344,0.9661377237,0.9574589732,0.9478199763,0.9398616991,0.9349260766,0.9324882484,0.9310339904,0.9301631342,0.9307980289,0.9329781550,0.9359893940,0.9385144524,0.9385568273,0.9362691120,0.9333659104,0.9315282503,0.9308415494,0.9308739619,0.9315525705,0.9328266669,0.9347376885,0.9362711032,0.9357784547,0.9328263510,0.9277696091,0.9218653832,0.9168965530,0.9131203726,0.9097687877,0.9050662017,0.8967150104,0.8827593414,0.8635598388,0.8423587058,0.8235826748,0.8079862178,0.7933173487,0.7756330047,0.7532801741,0.7270386918,0.7001162659,0.6762663942,0.6564203887,0.6377149733,0.6149703641,0.5840344038,0.5466658880,0.5049658839,0.4633288618,0.4265132338,0.3949332832,0.3727447922,0.3658856045,0.3678504264,0.3700475503,0.3660603316,0.3660603316,0.3660603316,0.3660603316,0.3660603316,0.3660603316,0.3660603316,0.3660603316,0.3660603316,0.3660603316,0.3660603316,0.3660603316,0.3660603316,0.3660603316,0.3660603316,0.3660603316,0.3660603316,0.3660603316,0.3660603316
2025,3,0,0.9997908385,0.9997908385,0.9997908385,0.9997908385,0.9997908385,0.9920763668,0.9852436319,0.9802066230,0.9802066230,0.9802066230,0.9802066230,0.9770848727,0.9752725722,0.9743240212,0.9741019461,0.9741707123,0.9730873420,0.9694943703,0.9628051266,0.9537756011,0.9443930841,0.9370631392,0.9327718452,0.9308941393,0.9300553618,0.9299093169,0.9307980289,0.9329781550,0.9359893940,0.9382066287,0.9377673631,0.9351794573,0.9322289983,0.9303891496,0.9296014367,0.9294901748,0.9303299121,0.9322516881,0.9347376885,0.9362711032,0.9352078244,0.9310520253,0.9252314917,0.9192816708,0.9144278139,0.9105450584,0.9066388162,0.9005662647,0.8896223837,0.8723830436,0.8512340645,0.8303879987,0.8133800923,0.7989784197,0.7830542692,0.7627871326,0.7384442732,0.7133826133,0.6898330713,0.6690755233,0.6495786796,0.6278720086,0.6010167652,0.5670414757,0.5299847376,0.4932364290,0.4602430154,0.4265132338,0.3949332832,0.3727447922,0.3646094108,0.3678504264,0.3700475503,0.3660603316,0.3660603316,0.3660603316,0.3660603316,0.3660603316,0.3660603316,0.3660603316,0.3660603316,0.3660603316,0.3660603316,0.3660603316,0.3660603316,0.3660603316,0.3660603316,0.3660603316,0.3660603316,0.3660603316,0.3660603316
2026,3,0,0.9997908385,0.9997908385,0.9997908385,0.9997908385,0.9997908385,0.9920763668,0.9852436319,0.9802066230,0.9802066230,0.9802066230,0.9802066230,0.9802066230,0.9770848727,0.9752725722,0.9743240212,0.9736108432,0.9726743179,0.9705291503,0.9661501949,0.9591011877,0.9503271760,0.9415810313,0.9349039835,0.9311772512,0.9299156577,0.9298015739,0.9299093169,0.9307980289,0.9329781550,0.9356823984,0.9374174591,0.9366759647,0.9340403361,0.9310890407,0.9291496396,0.9282195413,0.9282702233,0.9297564723,0.9322516881,0.9347376885,0.9357001724,0.9334289690,0.9285049282,0.9226383451,0.9168065098,0.9118488122,0.9074124162,0.9021310603,0.8934431763,0.8791654150,0.8599313337,0.8391372302,0.8201011115,0.8043121610,0.7886421035,0.7700854876,0.7477639916,0.7245739619,0.7029045647,0.6824979433,0.6621019128,0.6395526016,0.6136256730,0.5835297223,0.5497385776,0.5176741394,0.4899513933,0.4602430154,0.4265132338,0.3949332832,0.3714446739,0.3646094108,0.3678504264,0.3700475503,0.3660603316,0.3660603316,0.3660603316,0.3660603316,0.3660603316,0.3660603316,0.3660603316,0.3660603316,0.3660603316,0.3660603316,0.3660603316,0.3660603316,0.3660603316,0.3660603316,0.3660603316,0.3660603316,0.3660603316
2027,3,0,0.9997908385,0.9997908385,0.9997908385,0.9997908385,0.9997908385,0.9920763668,0.9852436319,0.9802066230,0.9802066230,0.9802066230,0.9802066230,0.9802066230,0.9802066230,0.9770848727,0.9752725722,0.9738328064,0.9721153087,0.9701172121,0.9671814055,0.9624333873,0.9556335077,0.9474974537,0.9394114657,0.9333057446,0.9301984720,0.9296619079,0.9298015739,0.9299093169,0.9307980289,0.9326721472,0.9348953521,0.9363264679,0.9355350206,0.9328981635,0.9298485983,0.9277684158,0.9270012574,0.9276980530,0.9297564723,0.9322516881,0.9341676928,0.9339203805,0.9308753692,0.9259026071,0.9201541462,0.9142207994,0.9087116847,0.9029008141,0.8949955951,0.8829412965,0.8666168990,0.8477109031,0.8287419571,0.8109582512,0.7939068425,0.7755807773,0.7549186050,0.7337186266,0.7139315366,0.6954304450,0.6753844342,0.6518825419,0.6250412349,0.5957717643,0.5657236961,0.5369691330,0.5142263446,0.4899513933,0.4602430154,0.4265132338,0.3935557724,0.3714446739,0.3646094108,0.3678504264,0.3700475503,0.3660603316,0.3660603316,0.3660603316,0.3660603316,0.3660603316,0.3660603316,0.3660603316,0.3660603316,0.3660603316,0.3660603316,0.3660603316,0.3660603316,0.3660603316,0.3660603316,0.3660603316,0.3660603316
2028,3,0,0.9997908385,0.9997908385,0.9997908385,0.9997908385,0.9997908385,0.9920763668,0.9852436319,0.9802066230,0.9802066230,0.9802066230,0.9802066230,0.9802066230,0.9802066230,0.9802066230,0.9770848727,0.9747808792,0.9723369310,0.9695596725,0.9667708882,0.9634606309,0.9589536596,0.9527879851,0.9453142556,0.9378055212,0.9323247282,0.9299446451,0.9296619079,0.9298015739,0.9299093169,0.9304927361,0.9318876329,0.9338072961,0.9351859495,0.9343910203,0.9316553109,0.9284663354,0.9265507241,0.9264298693,0.9276980530,0.9297564723,0.9316832084,0.9323908158,0.9313654363,0.9282664044,0.9234096192,0.9175589943,0.9110755112,0.9041936226,0.8957592604,0.8844754675,0.8703388865,0.8543014602,0.8372094190,0.8195027647,0.8004669528,0.7807583229,0.7603056647,0.7407388539,0.7229418860,0.7063401650,0.6881821436,0.6649600511,0.6370914105,0.6068551817,0.5775921803,0.5525829458,0.5333928304,0.5142263446,0.4899513933,0.4602430154,0.4250255735,0.3935557724,0.3714446739,0.3646094108,0.3678504264,0.3700475503,0.3660603316,0.3660603316,0.3660603316,0.3660603316,0.3660603316,0.3660603316,0.3660603316,0.3660603316,0.3660603316,0.3660603316,0.3660603316,0.3660603316,0.3660603316,0.3660603316,0.3660603316
2029,3,0,0.9997908385,0.9997908385,0.9997908385,0.9997908385,0.9997908385,0.9920763668,0.9852436319,0.9802066230,0.9802066230,0.9802066230,0.9802066230,0.9802066230,0.9802066230,0.9802066230,0.9802066230,0.9765922660,0.9732835474,0.9697807121,0.9662152718,0.9630516928,0.9599771891,0.9560982509,0.9505925967,0.9436982202,0.9368197749,0.9320703210,0.9299446451,0.9296619079,0.9298015739,0.9296043156,0.9297100550,0.9308030774,0.9326698464,0.9340423761,0.9331461788,0.9302703623,0.9272477277,0.9259796137,0.9264298693,0.9276980530,0.9291895141,0.9299110571,0.9298400561,0.9287550981,0.9257670521,0.9208052858,0.9144022214,0.9065456963,0.8970418434,0.8852301564,0.8718511600,0.8579705548,0.8437183319,0.8278758274,0.8089009267,0.7872097860,0.7653812381,0.7460247276,0.7298590013,0.7152547055,0.6989781542,0.6775602312,0.6498721926,0.6185547481,0.5883373944,0.5641757463,0.5489026526,0.5333928304,0.5142263446,0.4899513933,0.4586377070,0.4250255735,0.3935557724,0.3714446739,0.3646094108,0.3678504264,0.3700475503,0.3660603316,0.3660603316,0.3660603316,0.3660603316,0.3660603316,0.3660603316,0.3660603316,0.3660603316,0.3660603316,0.3660603316,0.3660603316,0.3660603316,0.3660603316,0.3660603316
2030,3,0,0.9997908385,0.9997908385,0.9997908385,0.9997908385,0.9997908385,0.9920763668,0.9852436319,0.9802066230,0.9802066230,0.9802066230,0.9802066230,0.9802066230,0.9802066230,0.9802066230,0.9802066230,0.9797124424,0.9750921519,0.9707248400,0.9664355490,0.9624982139,0.9595697296,0.9571187327,0.9538952350,0.9489675378,0.9427062799,0.9365641412,0.9320703210,0.9299446451,0.9296619079,0.9294966079,0.9288223818,0.9286280339,0.9296692870,0.9315293497,0.9327979991,0.9317590140,0.9290493867,0.9266761877,0.9259796137,0.9264298693,0.9271323501,0.9274221061,0.9273670813,0.9272339930,0.9262544299,0.9231560698,0.9176373443,0.9098558663,0.8993753132,0.8864976634,0.8725950770,0.8594613374,0.8473419735,0.8343121760,0.8171656678,0.7955040782,0.7717056393,0.7510049658,0.7350672369,0.7220982698,0.7077997807,0.6881896082,0.6621864762,0.6309636636,0.5996799563,0.5746713683,0.5604182431,0.5489026526,0.5333928304,0.5142263446,0.4882424634,0.4586377070,0.4250255735,0.3935557724,0.3714446739,0.3646094108,0.3678504264,0.3700475503,0.3660603316,0.3660603316,0.3660603316,0.3660603316,0.3660603316,0.3660603316,0.3660603316,0.3660603316,0.3660603316,0.3660603316,0.3660603316,0.3660603316,0.3660603316
2031,3,0,0.9997908385,0.9997908385,0.9997908385,0.9997908385,0.9997908385,0.9920763668,0.9852436319,0.9802066230,0.9802066230,0.9802066230,0.9802066230,0.9802066230,0.9802066230,0.9802066230,0.9802066230,0.9797124424,0.9782075354,0.9725286897,0.9673764202,0.9627176437,0.9590182518,0.9567124864,0.9549133655,0.9522645302,0.9479700589,0.9424490399,0.9365641412,0.9320703210,0.9299446451,0.9293569877,0.9287147647,0.9277413937,0.9274968928,0.9285324595,0.9302883206,0.9314113518,0.9305360846,0.9284767362,0.9266761877,0.9259796137,0.9258649397,0.9253688550,0.9248849394,0.9247679493,0.9247374204,0.9236420731,0.9199800407,0.9130749044,0.9026593012,0.8888037048,0.8738444926,0.8601946827,0.8488142883,0.8378954197,0.8235187499,0.8036319403,0.7798365748,0.7572105747,0.7399743261,0.7272511252,0.7145720162,0.6968750752,0.6725746740,0.6429196537,0.6117102219,0.5857504628,0.5708439626,0.5604182431,0.5489026526,0.5333928304,0.5124327446,0.4882424634,0.4586377070,0.4250255735,0.3935557724,0.3714446739,0.3646094108,0.3678504264,0.3700475503,0.3660603316,0.3660603316,0.3660603316,0.3660603316,0.3660603316,0.3660603316,0.3660603316,0.3660603316,0.3660603316,0.3660603316,0.3660603316,0.3660603316
2032,3,0,0.9997908385,0.9997908385,0.9997908385,0.9997908385,0.9997908385,0.9920763668,0.9852436319,0.9802066230,0.9802066230,0.9802066230,0.9802066230,0.9802066230,0.9802066230,0.9802066230,0.9802066230,0.9797124424,0.9782075354,0.9756358831,0.9691740477,0.9636548953,0.9592368882,0.9561626508,0.9545080553,0.9532809201,0.9512635857,0.9477113826,0.9424490399,0.9365641412,0.9320703210,0.9296396322,0.9285752620,0.9276339019,0.9266113327,0.9263627218,0.9272954231,0.9289054041,0.9301888787,0.9299625177,0.9284767362,0.9266761877,0.9254149586,0.9241038553,0.9228373054,0.9222927640,0.9222780165,0.9221293421,0.9204643720,0.9154059531,0.9058528781,0.8920490915,0.8761176193,0.8614263430,0.8495385489,0.8393513204,0.8270556375,0.8098798040,0.7878043582,0.7651887857,0.7460887881,0.7321060365,0.7196711647,0.7035427830,0.6810630689,0.6530055990,0.6233013828,0.5975012868,0.5818492685,0.5708439626,0.5604182431,0.5489026526,0.5315323785,0.5124327446,0.4882424634,0.4586377070,0.4250255735,0.3935557724,0.3714446739,0.3646094108,0.3678504264,0.3700475503,0.3660603316,0.3660603316,0.3660603316,0.3660603316,0.3660603316,0.3660603316,0.3660603316,0.3660603316,0.3660603316,0.3660603316,0.3660603316
2033,3,0,0.9997908385,0.9997908385,0.9997908385,0.9997908385,0.9997908385,0.9920763668,0.9852436319,0.9802066230,0.9802066230,0.9802066230,0.9802066230,0.9802066230,0.9802066230,0.9802066230,0.9802066230,0.9797124424,0.9782075354,0.9756358831,0.9722705231,0.9654456073,0.9601707512,0.9563806361,0.9539594865,0.9528763028,0.9522789073,0.9510040107,0.9477113826,0.9424490399,0.9365641412,0.9317646109,0.9288576687,0.9274945615,0.9265039718,0.9254782445,0.9251285760,0.9259169556,0.9276862201,0.9296155258,0.9299625177,0.9284767362,0.9261111078,0.9236547301,0.9215757664,0.9202508689,0.9198094957,0.9196768745,0.9189568454,0.9158878762,0.9081654892,0.8952051298,0.8793166839,0.8636671664,0.8507549512,0.8400675066,0.8284927033,0.8133581144,0.7939291698,0.7730069090,0.7539498164,0.7381554822,0.7244754743,0.7085632274,0.6875794872,0.6612470175,0.6330795621,0.6088232058,0.5935218301,0.5818492685,0.5708439626,0.5604182431,0.5469881031,0.5315323785,0.5124327446,0.4882424634,0.4586377070,0.4250255735,0.3935557724,0.3714446739,0.3646094108,0.3678504264,0.3700475503,0.3660603316,0.3660603316,0.3660603316,0.3660603316,0.3660603316,0.3660603316,0.3660603316,0.3660603316,0.3660603316,0.3660603316
2034,3,0,0.9997908385,0.9997908385,0.9997908385,0.9997908385,0.9997908385,0.9920763668,0.9852436319,0.9802066230,0.9802066230,0.9802066230,0.9802066230,0.9802066230,0.9802066230,0.9802066230,0.9802066230,0.9797124424,0.9782075354,0.9756358831,0.9722705231,0.9685301705,0.9619549887,0.9573117184,0.9541769696,0.9523286718,0.9518747153,0.9520190552,0.9510040107,0.9477113826,0.9424490399,0.9362569571,0.9309808600,0.9277766395,0.9263648011,0.9253710149,0.9242452771,0.9237533297,0.9247016939,0.9271144098,0.9296155258,0.9299625177,0.9279105584,0.9243495552,0.9211278699,0.9189928657,0.9177730983,0.9172153158,0.9165128153,0.9143878450,0.9086436005,0.8974905575,0.8824276755,0.8668207693,0.8529680153,0.8412703479,0.8291996242,0.8147713798,0.7973389747,0.7790166773,0.7616531084,0.7459329226,0.7304618682,0.7132933838,0.6924860184,0.6675738356,0.6410694991,0.6183742554,0.6047683432,0.5935218301,0.5818492685,0.5708439626,0.5584635278,0.5469881031,0.5315323785,0.5124327446,0.4882424634,0.4586377070,0.4250255735,0.3935557724,0.3714446739,0.3646094108,0.3678504264,0.3700475503,0.3660603316,0.3660603316,0.3660603316,0.3660603316,0.3660603316,0.3660603316,0.3660603316,0.3660603316,0.3660603316
2035,3,0,0.9997908385,0.9997908385,0.9997908385,0.9997908385,0.9997908385,0.9920763668,0.9852436319,0.9802066230,0.9802066230,0.9802066230,0.9802066230,0.9802066230,0.9802066230,0.9802066230,0.9802066230,0.9797124424,0.9782075354,0.9756358831,0.9722705231,0.9685301705,0.9650283996,0.9590906431,0.9551059065,0.9525457831,0.9513276600,0.9516149735,0.9520190552,0.9510040107,0.9477113826,0.9421399257,0.9354694275,0.9298973598,0.9266465356,0.9252320145,0.9241381903,0.9228713438,0.9225409077,0.9241317232,0.9271144098,0.9296155258,0.9293954339,0.9261455831,0.9218207941,0.9185462245,0.9165184823,0.9151846618,0.9140597253,0.9119559665,0.9071554338,0.8979630490,0.8846804828,0.8698875507,0.8560825512,0.8434587397,0.8303869046,0.8154665929,0.7987244058,0.7823624352,0.7675746062,0.7535543040,0.7381582463,0.7191873792,0.6971088482,0.6723376076,0.6472032586,0.6261786005,0.6142557813,0.6047683432,0.5935218301,0.5818492685,0.5688528828,0.5584635278,0.5469881031,0.5315323785,0.5124327446,0.4882424634,0.4586377070,0.4250255735,0.3935557724,0.3714446739,0.3646094108,0.3678504264,0.3700475503,0.3660603316,0.3660603316,0.3660603316,0.3660603316,0.3660603316,0.3660603316,0.3660603316,0.3660603316
2036,3,0,0.9997908385,0.9997908385,0.9997908385,0.9997908385,0.9997908385,0.9920763668,0.9852436319,0.9802066230,0.9802066230,0.9802066230,0.9802066230,0.9802066230,0.9802066230,0.9802066230,0.9802066230,0.9797124424,0.9782075354,0.9756358831,0.9722705231,0.9685301705,0.9650283996,0.9621549025,0.9568807323,0.9534731320,0.9515445431,0.9510680674,0.9516149735,0.9520190552,0.9510040107,0.9474005423,0.9413474476,0.9343807034,0.9287646727,0.9255134044,0.9239993750,0.9227644163,0.9216600795,0.9219722689,0.9241317232,0.9271144098,0.9290486536,0.9276276341,0.9236119086,0.9192372067,0.9160730437,0.9139335842,0.9120360576,0.9095150731,0.9047427904,0.8964923748,0.8851462303,0.8721083436,0.8591113412,0.8465385533,0.8325469853,0.8166342097,0.7994059266,0.7837218436,0.7708712222,0.7594128374,0.7457001919,0.7267649657,0.7028691096,0.6768259326,0.6518216671,0.6321698837,0.6220081481,0.6142557813,0.6047683432,0.5935218301,0.5798198026,0.5688528828,0.5584635278,0.5469881031,0.5315323785,0.5124327446,0.4882424634,0.4586377070,0.4250255735,0.3935557724,0.3714446739,0.3646094108,0.3678504264,0.3700475503,0.3660603316,0.3660603316,0.3660603316,0.3660603316,0.3660603316,0.3660603316,0.3660603316
2037,3,0,0.9997908385,0.9997908385,0.9997908385,0.9997908385,0.9997908385,0.9920763668,0.9852436319,0.9802066230,0.9802066230,0.9802066230,0.9802066230,0.9802066230,0.9802066230,0.9802066230,0.9802066230,0.9797124424,0.9782075354,0.9756358831,0.9722705231,0.9685301705,0.9650283996,0.9621549025,0.9599379311,0.9552449237,0.9524709172,0.9512848913,0.9510680674,0.9516149735,0.9520190552,0.9506920905,0.9466036393,0.9402518826,0.9332425552,0.9276289513,0.9242803901,0.9226258073,0.9215532922,0.9210919836,0.9219722689,0.9241317232,0.9265490627,0.9272815135,0.9250899052,0.9210233012,0.9167621654,0.9134894019,0.9107892842,0.9075014669,0.9023212035,0.8941080906,0.8836965473,0.8725674723,0.8613046227,0.8495335770,0.8355869556,0.8187585157,0.8005505471,0.7843905633,0.7722106638,0.7626743999,0.7514976632,0.7341905033,0.7102747616,0.6824185947,0.6561730338,0.6366810149,0.6279595284,0.6220081481,0.6142557813,0.6047683432,0.5914516507,0.5798198026,0.5688528828,0.5584635278,0.5469881031,0.5315323785,0.5124327446,0.4882424634,0.4586377070,0.4250255735,0.3935557724,0.3714446739,0.3646094108,0.3678504264,0.3700475503,0.3660603316,0.3660603316,0.3660603316,0.3660603316,0.3660603316,0.3660603316
2038,3,0,0.9997908385,0.9997908385,0.9997908385,0.9997908385,0.9997908385,0.9920763668,0.9852436319,0.9802066230,0.9802066230,0.9802066230,0.9802066230,0.9802066230,0.9802066230,0.9802066230,0.9802066230,0.9797124424,0.9782075354,0.9756358831,0.9722705231,0.9685301705,0.9650283996,0.9621549025,0.9599379311,0.9582968961,0.9542408465,0.9522110127,0.9512848913,0.9510680674,0.9516149735,0.9517068021,0.9498924188,0.9455019569,0.9391065828,0.9321013582,0.9263931186,0.9229064046,0.9214148652,0.9209852622,0.9210919836,0.9219722689,0.9235681950,0.9247866771,0.9247447314,0.9224971554,0.9185434508,0.9141765800,0.9103466300,0.9062608924,0.9003235241,0.8917149679,0.8813462945,0.8711383908,0.8617580638,0.8517024068,0.8385432329,0.8217481387,0.8026330147,0.7855136842,0.7728695614,0.7639995989,0.7547252312,0.7398984922,0.7175318147,0.6896087737,0.6615950396,0.6409313071,0.6324406147,0.6279595284,0.6220081481,0.6142557813,0.6026589365,0.5914516507,0.5798198026,0.5688528828,0.5584635278,0.5469881031,0.5315323785,0.5124327446,0.4882424634,0.4586377070,0.4250255735,0.3935557724,0.3714446739,0.3646094108,0.3678504264,0.3700475503,0.3660603316,0.3660603316,0.3660603316,0.3660603316,0.3660603316
2039,3,0,0.9997908385,0.9997908385,0.9997908385,0.9997908385,0.9997908385,0.9920763668,0.9852436319,0.9802066230,0.9802066230,0.9802066230,0.9802066230,0.9802066230,0.9802066230,0.9802066230,0.9802066230,0.9797124424,0.9782075354,0.9756358831,0.9722705231,0.9685301705,0.9650283996,0.9621549025,0.9599379311,0.9582968961,0.9572896109,0.9539804590,0.9522110127,0.9512848913,0.9510680674,0.9513028529,0.9509062769,0.9487869089,0.9443502622,0.9379582151,0.9308595671,0.9250159925,0.9216950942,0.9208469205,0.9209852622,0.9210919836,0.9214100575,0.9218114792,0.9222567202,0.9221529491,0.9200133367,0.9159528416,0.9110314440,0.9058204391,0.8990927619,0.8897407700,0.8789873294,0.8688215372,0.8603466857,0.8521507927,0.8406840048,0.8246554547,0.8055637569,0.7875570365,0.7739761861,0.7646514904,0.7560366180,0.7430762435,0.7231102901,0.6966546773,0.6685658149,0.6462273694,0.6366625993,0.6324406147,0.6279595284,0.6220081481,0.6121132828,0.6026589365,0.5914516507,0.5798198026,0.5688528828,0.5584635278,0.5469881031,0.5315323785,0.5124327446,0.4882424634,0.4586377070,0.4250255735,0.3935557724,0.3714446739,0.3646094108,0.3678504264,0.3700475503,0.3660603316,0.3660603316,0.3660603316,0.3660603316
2040,3,0,0.9997908385,0.9997908385,0.9997908385,0.9997908385,0.9997908385,0.9920763668,0.9852436319,0.9802066230,0.9802066230,0.9802066230,0.9802066230,0.9802066230,0.9802066230,0.9802066230,0.9802066230,0.9797124424,0.9782075354,0.9756358831,0.9722705231,0.9685301705,0.9650283996,0.9621549025,0.9599379311,0.9582968961,0.9572896109,0.9570283915,0.9539804590,0.9522110127,0.9512848913,0.9507561262,0.9505026675,0.9497995870,0.9476312128,0.9431954823,0.9367086212,0.9294758014,0.9238019133,0.9211269768,0.9208469205,0.9209852622,0.9205303090,0.9196574467,0.9192896616,0.9196719110,0.9196700571,0.9174185819,0.9128015945,0.9065018482,0.8986557925,0.8885244747,0.8770413096,0.8664960952,0.8580585335,0.8507551494,0.8411265900,0.8267607716,0.8084138131,0.7904327301,0.7759895260,0.7657463481,0.7566817149,0.7443673894,0.7262159386,0.7020708426,0.6753967174,0.6530362260,0.6419233889,0.6366625993,0.6324406147,0.6279595284,0.6198386097,0.6121132828,0.6026589365,0.5914516507,0.5798198026,0.5688528828,0.5584635278,0.5469881031,0.5315323785,0.5124327446,0.4882424634,0.4586377070,0.4250255735,0.3935557724,0.3714446739,0.3646094108,0.3678504264,0.3700475503,0.3660603316,0.3660603316,0.3660603316
2041,3,0,0.9997908385,0.9997908385,0.9997908385,0.9997908385,0.9997908385,0.9920763668,0.9852436319,0.9802066230,0.9802066230,0.9802066230,0.9802066230,0.9802066230,0.9802066230,0.9802066230,0.9802066230,0.9797124424,0.9782075354,0.9756358831,0.9722705231,0.9685301705,0.9650283996,0.9621549025,0.9599379311,0.9582968961,0.9572896109,0.9570283915,0.9570283915,0.9539804590,0.9522110127,0.9509728790,0.9499564007,0.9493964473,0.9486426574,0.9464724209,0.9419389111,0.9353161606,0.9282558687,0.9232324972,0.9211269768,0.9208469205,0.9204236526,0.9187793716,0.9171415219,0.9167131682,0.9171956992,0.9170762705,0.9142622921,0.9082631977,0.8993318119,0.8880926416,0.8758423748,0.8645777302,0.8557618991,0.8484925065,0.8397490019,0.8271960267,0.8104776657,0.7932292534,0.7788229819,0.7677382798,0.7577651613,0.7450025295,0.7274777886,0.7050861299,0.6806476120,0.6597084589,0.6486868975,0.6419233889,0.6366625993,0.6324406147,0.6257692318,0.6198386097,0.6121132828,0.6026589365,0.5914516507,0.5798198026,0.5688528828,0.5584635278,0.5469881031,0.5315323785,0.5124327446,0.4882424634,0.4586377070,0.4250255735,0.3935557724,0.3714446739,0.3646094108,0.3678504264,0.3700475503,0.3660603316,0.3660603316
2042,3,0,0.9997908385,0.9997908385,0.9997908385,0.9997908385,0.9997908385,0.9920763668,0.9852436319,0.9802066230,0.9802066230,0.9802066230,0.9802066230,0.9802066230,0.9802066230,0.9802066230,0.9802066230,0.9797124424,0.9782075354,0.9756358831,0.9722705231,0.9685301705,0.9650283996,0.9621549025,0.9599379311,0.9582968961,0.9572896109,0.9570283915,0.9570283915,0.9570283915,0.9539804590,0.9518986966,0.9501729711,0.9488508163,0.9482400087,0.9474826286,0.9452114839,0.9405386754,0.9340885625,0.9276837073,0.9232324972,0.9211269768,0.9202853953,0.9186729181,0.9162658490,0.9145710491,0.9142449228,0.9146088911,0.9139211584,0.9097166327,0.9010792299,0.8887607148,0.8754167053,0.8633958334,0.8538672989,0.8462214761,0.8375156307,0.8258412540,0.8109043484,0.7952543402,0.7815784302,0.7705416070,0.7597363315,0.7460692531,0.7280985174,0.7063112654,0.6835708898,0.6648373846,0.6553146922,0.6486868975,0.6419233889,0.6366625993,0.6302346883,0.6257692318,0.6198386097,0.6121132828,0.6026589365,0.5914516507,0.5798198026,0.5688528828,0.5584635278,0.5469881031,0.5315323785,0.5124327446,0.4882424634,0.4586377070,0.4250255735,0.3935557724,0.3714446739,0.3646094108,0.3678504264,0.3700475503,0.3660603316
2043,3,0,0.9997908385,0.9997908385,0.9997908385,0.9997908385,0.9997908385,0.9920763668,0.9852436319,0.9802066230,0.9802066230,0.9802066230,0.9802066230,0.9802066230,0.9802066230,0.9802066230,0.9802066230,0.9797124424,0.9782075354,0.9756358831,0.9722705231,0.9685301705,0.9650283996,0.9621549025,0.9599379311,0.9582968961,0.9572896109,0.9570283915,0.9570283915,0.9570283915,0.9570283915,0.9536675626,0.9510980099,0.9490671347,0.9476950423,0.9470804724,0.9462203459,0.9438063835,0.9393042228,0.9335128059,0.9276837073,0.9232324972,0.9205652808,0.9185349238,0.9161596867,0.9136978304,0.9121085714,0.9116664370,0.9114622678,0.9093771951,0.9025211689,0.8904875929,0.8760752430,0.8629762130,0.8527000435,0.8443479978,0.8352739804,0.8236448714,0.8095762581,0.7956730086,0.7835737729,0.7732677561,0.7625104403,0.7480099988,0.7291410372,0.7069139336,0.6847586411,0.6676927598,0.6604094584,0.6553146922,0.6486868975,0.6419233889,0.6344419468,0.6302346883,0.6257692318,0.6198386097,0.6121132828,0.6026589365,0.5914516507,0.5798198026,0.5688528828,0.5584635278,0.5469881031,0.5315323785,0.5124327446,0.4882424634,0.4586377070,0.4250255735,0.3935557724,0.3714446739,0.3646094108,0.3678504264,0.3700475503
2044,3,0,0.9997908385,0.9997908385,0.9997908385,0.9997908385,0.9997908385,0.9920763668,0.9852436319,0.9802066230,0.9802066230,0.9802066230,0.9802066230,0.9802066230,0.9802066230,0.9802066230,0.9802066230,0.9797124424,0.9782075354,0.9756358831,0.9722705231,0.9685301705,0.9650283996,0.9621549025,0.9599379311,0.9582968961,0.9572896109,0.9570283915,0.9570283915,0.9570283915,0.9570283915,0.9567144954,0.9528653881,0.9499910969,0.9479110973,0.9465361724,0.9458187254,0.9448137457,0.9425676419,0.9387252513,0.9335128059,0.9276837073,0.9226695173,0.9188142769,0.9160220699,0.9135919657,0.9112377038,0.9095361108,0.9085299369,0.9069305300,0.9021844161,0.8919125828,0.8777774730,0.8636253923,0.8522856214,0.8431937554,0.8334247391,0.8214403468,0.8074231333,0.7943698639,0.7839862919,0.7752418819,0.7652081754,0.7507412900,0.7310377476,0.7079261205,0.6853429193,0.6688529218,0.6632458164,0.6604094584,0.6553146922,0.6486868975,0.6396843870,0.6344419468,0.6302346883,0.6257692318,0.6198386097,0.6121132828,0.6026589365,0.5914516507,0.5798198026,0.5688528828,0.5584635278,0.5469881031,0.5315323785,0.5124327446,0.4882424634,0.4586377070,0.4250255735,0.3935557724,0.3714446739,0.3646094108,0.3678504264
2045,3,0,0.9997908385,0.9997908385,0.9997908385,0.9997908385,0.9997908385,0.9920763668,0.9852436319,0.9802066230,0.9802066230,0.9802066230,0.9802066230,0.9802066230,0.9802066230,0.9802066230,0.9802066230,0.9797124424,0.9782075354,0.9756358831,0.9722705231,0.9685301705,0.9650283996,0.9621549025,0.9599379311,0.9582968961,0.9572896109,0.9570283915,0.9570283915,0.9570283915,0.9570283915,0.9567144954,0.9559097579,0.9517564181,0.9488339340,0.9467519631,0.9452751505,0.9444127222,0.9435736820,0.9419866590,0.9387252513,0.9335128059,0.9271180131,0.9209145110,0.9163006588,0.9134547345,0.9111321241,0.9086676993,0.9064069398,0.9040127784,0.8997571030,0.8915797883,0.8791821237,0.8653034320,0.8529267586,0.8427839535,0.8322854291,0.8196217323,0.8052620270,0.7922571816,0.7827022877,0.7756500146,0.7671617255,0.7533973863,0.7337070661,0.7097676447,0.6863242200,0.6694236282,0.6643982514,0.6632458164,0.6604094584,0.6553146922,0.6464243047,0.6396843870,0.6344419468,0.6302346883,0.6257692318,0.6198386097,0.6121132828,0.6026589365,0.5914516507,0.5798198026,0.5688528828,0.5584635278,0.5469881031,0.5315323785,0.5124327446,0.4882424634,0.4586377070,0.4250255735,0.3935557724,0.3714446739,0.3646094108
2046,3,0,0.9997908385,0.9997908385,0.9997908385,0.9997908385,0.9997908385,0.9920763668,0.9852436319,0.9802066230,0.9802066230,0.9802066230,0.9802066230,0.9802066230,0.9802066230,0.9802066230,0.9802066230,0.9797124424,0.9782075354,0.9756358831,0.9722705231,0.9685301705,0.9650283996,0.9621549025,0.9599379311,0.9582968961,0.9572896109,0.9570283915,0.9570283915,0.9570283915,0.9570283915,0.9567144954,0.9559097579,0.9547972449,0.9505971049,0.9476736714,0.9454906538,0.9438699554,0.9431731849,0.9429920790,0.9419866590,0.9387252513,0.9329435571,0.9253545452,0.9183951472,0.9137325426,0.9109952625,0.9085624174,0.9055415161,0.9019003368,0.8968624296,0.8891810068,0.8788540793,0.8666881213,0.8545840107,0.8434179430,0.8318809287,0.8185012913,0.8034792302,0.7901366677,0.7806206361,0.7743796633,0.7675656042,0.7553207837,0.7363028960,0.7123592973,0.6881095513,0.6703821351,0.6649651569,0.6643982514,0.6632458164,0.6604094584,0.6530289819,0.6464243047,0.6396843870,0.6344419468,0.6302346883,0.6257692318,0.6198386097,0.6121132828,0.6026589365,0.5914516507,0.5798198026,0.5688528828,0.5584635278,0.5469881031,0.5315323785,0.5124327446,0.4882424634,0.4586377070,0.4250255735,0.3935557724,0.3714446739
2047,3,0,0.9997908385,0.9997908385,0.9997908385,0.9997908385,0.9997908385,0.9920763668,0.9852436319,0.9802066230,0.9802066230,0.9802066230,0.9802066230,0.9802066230,0.9802066230,0.9802066230,0.9802066230,0.9797124424,0.9782075354,0.9756358831,0.9722705231,0.9685301705,0.9650283996,0.9621549025,0.9599379311,0.9582968961,0.9572896109,0.9570283915,0.9570283915,0.9570283915,0.9570283915,0.9567144954,0.9559097579,0.9547972449,0.9536342277,0.9494346863,0.9464111341,0.9440851383,0.9426311305,0.9425918287,0.9429920790,0.9419866590,0.9381528241,0.9311690085,0.9228230348,0.9158211608,0.9112723226,0.9084259418,0.9054365964,0.9010392159,0.8947666965,0.8863203586,0.8764895361,0.8663647387,0.8559515464,0.8450567193,0.8325067164,0.8181034902,0.8023808564,0.7883873575,0.7785312680,0.7723201464,0.7663084935,0.7557184287,0.7381826518,0.7148795995,0.6906221213,0.6721259963,0.6659172799,0.6649651569,0.6643982514,0.6632458164,0.6581059778,0.6530289819,0.6464243047,0.6396843870,0.6344419468,0.6302346883,0.6257692318,0.6198386097,0.6121132828,0.6026589365,0.5914516507,0.5798198026,0.5688528828,0.5584635278,0.5469881031,0.5315323785,0.5124327446,0.4882424634,0.4586377070,0.4250255735,0.3935557724
2048,3,0,0.9997908385,0.9997908385,0.9997908385,0.9997908385,0.9997908385,0.9920763668,0.9852436319,0.9802066230,0.9802066230,0.9802066230,0.9802066230,0.9802066230,0.9802066230,0.9802066230,0.9802066230,0.9797124424,0.9782075354,0.9756358831,0.9722705231,0.9685301705,0.9650283996,0.9621549025,0.9599379311,0.9582968961,0.9572896109,0.9570283915,0.9570283915,0.9570283915,0.9570283915,0.9567144954,0.9559097579,0.9547972449,0.9536342277,0.9524680952,0.9481698029,0.9450042503,0.9428460309,0.9420501084,0.9425918287,0.9429920790,0.9414122430,0.9363683670,0.9286215914,0.9202366384,0.9133553172,0.9087022205,0.9053005903,0.9009348179,0.8939123867,0.8842492595,0.8736697185,0.8640337979,0.8556321699,0.8464090091,0.8341242920,0.8187189137,0.8019908900,0.7873096145,0.7768076513,0.7702529949,0.7642704424,0.7544807212,0.7385712743,0.7167046624,0.6930655181,0.6745802038,0.6676495267,0.6659172799,0.6649651569,0.6643982514,0.6609324427,0.6581059778,0.6530289819,0.6464243047,0.6396843870,0.6344419468,0.6302346883,0.6257692318,0.6198386097,0.6121132828,0.6026589365,0.5914516507,0.5798198026,0.5688528828,0.5584635278,0.5469881031,0.5315323785,0.5124327446,0.4882424634,0.4586377070,0.4250255735
2049,3,0,0.9997908385,0.9997908385,0.9997908385,0.9997908385,0.9997908385,0.9920763668,0.9852436319,0.9802066230,0.9802066230,0.9802066230,0.9802066230,0.9802066230,0.9802066230,0.9802066230,0.9802066230,0.9797124424,0.9782075354,0.9756358831,0.9722705231,0.9685301705,0.9650283996,0.9621549025,0.9599379311,0.9582968961,0.9572896109,0.9570283915,0.9570283915,0.9570283915,0.9570283915,0.9567144954,0.9559097579,0.9547972449,0.9536342277,0.9524680952,0.9511991705,0.9467603047,0.9437639366,0.9422648764,0.9420501084,0.9425918287,0.9424170498,0.9396215861,0.9338067258,0.9260189433,0.9177589061,0.9107793403,0.9055759185,0.9007994880,0.8938088144,0.8834049916,0.8716281806,0.8612540525,0.8533301049,0.8460931931,0.8354590873,0.8203096993,0.8025941927,0.7869269730,0.7757457381,0.7685477058,0.7622248364,0.7524741269,0.7373616502,0.7170819776,0.6948348904,0.6769668449,0.6700873889,0.6676495267,0.6659172799,0.6649651569,0.6620808581,0.6609324427,0.6581059778,0.6530289819,0.6464243047,0.6396843870,0.6344419468,0.6302346883,0.6257692318,0.6198386097,0.6121132828,0.6026589365,0.5914516507,0.5798198026,0.5688528828,0.5584635278,0.5469881031,0.5315323785,0.5124327446,0.4882424634,0.4586377070
2050,3,0,0.9997908385,0.9997908385,0.9997908385,0.9997908385,0.9997908385,0.9920763668,0.9852436319,0.9802066230,0.9802066230,0.9802066230,0.9802066230,0.9802066230,0.9802066230,0.9802066230,0.9802066230,0.9797124424,0.9782075354,0.9756358831,0.9722705231,0.9685301705,0.9650283996,0.9621549025,0.9599379311,0.9582968961,0.9572896109,0.9570283915,0.9570283915,0.9570283915,0.9570283915,0.9567144954,0.9559097579,0.9547972449,0.9536342277,0.9524680952,0.9511991705,0.9497851691,0.9455176862,0.9431822163,0.9422648764,0.9420501084,0.9420170436,0.9406244817,0.9370510451,0.9311895454,0.9235256422,0.9151705096,0.9076458922,0.9010734473,0.8936745549,0.8833026367,0.8707959631,0.8592415269,0.8505847951,0.8438167926,0.8351473570,0.8216223880,0.8041536477,0.7875189437,0.7753687167,0.7674970841,0.7605373211,0.7504600943,0.7354005853,0.7159075485,0.6952006921,0.6786951179,0.6724581345,0.6700873889,0.6676495267,0.6659172799,0.6626457862,0.6620808581,0.6609324427,0.6581059778,0.6530289819,0.6464243047,0.6396843870,0.6344419468,0.6302346883,0.6257692318,0.6198386097,0.6121132828,0.6026589365,0.5914516507,0.5798198026,0.5688528828,0.5584635278,0.5469881031,0.5315323785,0.5124327446,0.4882424634
2051,3,0,0.9997908385,0.9997908385,0.9997908385,0.9997908385,0.9997908385,0.9920763668,0.9852436319,0.9802066230,0.9802066230,0.9802066230,0.9802066230,0.9802066230,0.9802066230,0.9802066230,0.9802066230,0.9797124424,0.9782075354,0.9756358831,0.9722705231,0.9685301705,0.9650283996,0.9621549025,0.9599379311,0.9582968961,0.9572896109,0.9570283915,0.9570283915,0.9570283915,0.9570283915,0.9567144954,0.9559097579,0.9547972449,0.9536342277,0.9524680952,0.9511991705,0.9497851691,0.9485385804,0.9449348849,0.9431822163,0.9422648764,0.9414756536,0.9402252364,0.9380511970,0.9344247718,0.9286823224,0.9209209815,0.9120219540,0.9031331292,0.8939463473,0.8831699554,0.8706950692,0.8584211359,0.8485972008,0.8411020888,0.8329004061,0.8213158205,0.8054404829,0.7890491072,0.7759519927,0.7671240717,0.7594976498,0.7487986253,0.7334322507,0.7140035422,0.6940620999,0.6790524226,0.6741748969,0.6724581345,0.6700873889,0.6676495267,0.6635945883,0.6626457862,0.6620808581,0.6609324427,0.6581059778,0.6530289819,0.6464243047,0.6396843870,0.6344419468,0.6302346883,0.6257692318,0.6198386097,0.6121132828,0.6026589365,0.5914516507,0.5798198026,0.5688528828,0.5584635278,0.5469881031,0.5315323785,0.5124327446
2052,3,0,0.9997908385,0.9997908385,0.9997908385,0.9997908385,0.9997908385,0.9920763668,0.9852436319,0.9802066230,0.9802066230,0.9802066230,0.9802066230,0.9802066230,0.9802066230,0.9802066230,0.9802066230,0.9797124424,0.9782075354,0.9756358831,0.9722705231,0.9685301705,0.9650283996,0.9621549025,0.9599379311,0.9582968961,0.9572896109,0.9570283915,0.9570283915,0.9570283915,0.9570283915,0.9567144954,0.9559097579,0.9547972449,0.9536342277,0.9524680952,0.9511991705,0.9497851691,0.9485385804,0.9479539171,0.9449348849,0.9431822163,0.9416902907,0.9396848762,0.9376530439,0.9354221206,0.9319088380,0.9260631181,0.9177526420,0.9074874335,0.8959897380,0.8834385530,0.8705642817,0.8583216758,0.8477869729,0.8391366530,0.8302208222,0.8191060832,0.8051399533,0.7903117716,0.7774596814,0.7677011455,0.7591285251,0.7477750011,0.7318084803,0.7120924779,0.6922161932,0.6779402779,0.6745298219,0.6741748969,0.6724581345,0.6700873889,0.6653207931,0.6635945883,0.6626457862,0.6620808581,0.6609324427,0.6581059778,0.6530289819,0.6464243047,0.6396843870,0.6344419468,0.6302346883,0.6257692318,0.6198386097,0.6121132828,0.6026589365,0.5914516507,0.5798198026,0.5688528828,0.5584635278,0.5469881031,0.5315323785
2053,3,0,0.9997908385,0.9997908385,0.9997908385,0.9997908385,0.9997908385,0.9920763668,0.9852436319,0.9802066230,0.9802066230,0.9802066230,0.9802066230,0.9802066230,0.9802066230,0.9802066230,0.9802066230,0.9797124424,0.9782075354,0.9756358831,0.9722705231,0.9685301705,0.9650283996,0.9621549025,0.9599379311,0.9582968961,0.9572896109,0.9570283915,0.9570283915,0.9570283915,0.9570283915,0.9567144954,0.9559097579,0.9547972449,0.9536342277,0.9524680952,0.9511991705,0.9497851691,0.9485385804,0.9479539171,0.9479539171,0.9449348849,0.9426070712,0.9398991050,0.9371141620,0.9350250834,0.9329035015,0.9292805338,0.9228770876,0.9131896289,0.9003096016,0.8854579249,0.8708290455,0.8581927469,0.8476887449,0.8383354579,0.8282808131,0.8164708780,0.8029737368,0.7900168869,0.7787038000,0.7691928027,0.7596995843,0.7474115738,0.7308080819,0.7105159523,0.6903634437,0.6761372482,0.6734250843,0.6745298219,0.6741748969,0.6724581345,0.6677501521,0.6653207931,0.6635945883,0.6626457862,0.6620808581,0.6609324427,0.6581059778,0.6530289819,0.6464243047,0.6396843870,0.6344419468,0.6302346883,0.6257692318,0.6198386097,0.6121132828,0.6026589365,0.5914516507,0.5798198026,0.5688528828,0.5584635278,0.5469881031
2054,3,0,0.9997908385,0.9997908385,0.9997908385,0.9997908385,0.9997908385,0.9920763668,0.9852436319,0.9802066230,0.9802066230,0.9802066230,0.9802066230,0.9802066230,0.9802066230,0.9802066230,0.9802066230,0.9797124424,0.9782075354,0.9756358831,0.9722705231,0.9685301705,0.9650283996,0.9621549025,0.9599379311,0.9582968961,0.9572896109,0.9570283915,0.9570283915,0.9570283915,0.9570283915,0.9567144954,0.9559097579,0.9547972449,0.9536342277,0.9524680952,0.9511991705,0.9497851691,0.9485385804,0.9479539171,0.9479539171,0.9479539171,0.9443586710,0.9408141417,0.9373278047,0.9344877118,0.9325075333,0.9302723920,0.9260834341,0.9182885960,0.9059666951,0.8897270112,0.8728195945,0.8584537482,0.8475614131,0.8382383250,0.8274899830,0.8145629989,0.8003904322,0.7878913588,0.7784132465,0.7704236924,0.7611756943,0.7479738188,0.7304529008,0.7095446613,0.6888350248,0.6743275348,0.6716340631,0.6734250843,0.6745298219,0.6741748969,0.6701126287,0.6677501521,0.6653207931,0.6635945883,0.6626457862,0.6620808581,0.6609324427,0.6581059778,0.6530289819,0.6464243047,0.6396843870,0.6344419468,0.6302346883,0.6257692318,0.6198386097,0.6121132828,0.6026589365,0.5914516507,0.5798198026,0.5688528828,0.5584635278
2055,3,0,0.9997908385,0.9997908385,0.9997908385,0.9997908385,0.9997908385,0.9920763668,0.9852436319,0.9802066230,0.9802066230,0.9802066230,0.9802066230,0.9802066230,0.9802066230,0.9802066230,0.9802066230,0.9797124424,0.9782075354,0.9756358831,0.9722705231,0.9685301705,0.9650283996,0.9621549025,0.9599379311,0.9582968961,0.9572896109,0.9570283915,0.9570283915,0.9570283915,0.9570283915,0.9567144954,0.9559097579,0.9547972449,0.9536342277,0.9524680952,0.9511991705,0.9497851691,0.9485385804,0.9479539171,0.9479539171,0.9479539171,0.9473758623,0.9425624098,0.9382403381,0.9347007557,0.9319716086,0.9298775406,0.9270718799,0.9214790007,0.9110253316,0.8953176090,0.8770277472,0.8604160096,0.8478191811,0.8381124128,0.8273941067,0.8137852664,0.7985201289,0.7853565768,0.7763189378,0.7701362284,0.7623937547,0.7494271454,0.7310023885,0.7091998144,0.6878933721,0.6728346183,0.6698364027,0.6716340631,0.6734250843,0.6745298219,0.6718234030,0.6701126287,0.6677501521,0.6653207931,0.6635945883,0.6626457862,0.6620808581,0.6609324427,0.6581059778,0.6530289819,0.6464243047,0.6396843870,0.6344419468,0.6302346883,0.6257692318,0.6198386097,0.6121132828,0.6026589365,0.5914516507,0.5798198026,0.5688528828
2056,3,0,0.9997908385,0.9997908385,0.9997908385,0.9997908385,0.9997908385,0.9920763668,0.9852436319,0.9802066230,0.9802066230,0.9802066230,0.9802066230,0.9802066230,0.9802066230,0.9802066230,0.9802066230,0.9797124424,0.9782075354,0.9756358831,0.9722705231,0.9685301705,0.9650283996,0.9621549025,0.9599379311,0.9582968961,0.9572896109,0.9570283915,0.9570283915,0.9570283915,0.9570283915,0.9567144954,0.9559097579,0.9547972449,0.9536342277,0.9524680952,0.9511991705,0.9497851691,0.9485385804,0.9479539171,0.9479539171,0.9479539171,0.9473758623,0.9455738620,0.9399838235,0.9356107316,0.9321840789,0.9293431274,0.9266783870,0.9224625320,0.9141905016,0.9003167843,0.8825385492,0.8645643605,0.8497571339,0.8383673071,0.8272698234,0.8136909779,0.7977577139,0.7835214037,0.7738213863,0.7680641889,0.7621092869,0.7506264054,0.7324227394,0.7097333144,0.6875590479,0.6719148386,0.6683534292,0.6698364027,0.6716340631,0.6734250843,0.6721770901,0.6718234030,0.6701126287,0.6677501521,0.6653207931,0.6635945883,0.6626457862,0.6620808581,0.6609324427,0.6581059778,0.6530289819,0.6464243047,0.6396843870,0.6344419468,0.6302346883,0.6257692318,0.6198386097,0.6121132828,0.6026589365,0.5914516507,0.5798198026
2057,3,0,0.9997908385,0.9997908385,0.9997908385,0.9997908385,0.9997908385,0.9920763668,0.9852436319,0.9802066230,0.9802066230,0.9802066230,0.9802066230,0.9802066230,0.9802066230,0.9802066230,0.9802066230,0.9797124424,0.9782075354,0.9756358831,0.9722705231,0.9685301705,0.9650283996,0.9621549025,0.9599379311,0.9582968961,0.9572896109,0.9570283915,0.9570283915,0.9570283915,0.9570283915,0.9567144954,0.9559097579,0.9547972449,0.9536342277,0.9524680952,0.9511991705,0.9497851691,0.9485385804,0.9479539171,0.9479539171,0.9479539171,0.9473758623,0.9455738620,0.9429870372,0.9373493305,0.9330916046,0.9295549984,0.9261458123,0.9220709955,0.9151662536,0.9034447497,0.8874663703,0.8699968489,0.8538540949,0.8402836547,0.8275214201,0.8135687530,0.7976652825,0.7827733092,0.7720131679,0.7655931943,0.7600588438,0.7503463282,0.7335947883,0.7111123390,0.6880762685,0.6715882802,0.6674397754,0.6683534292,0.6698364027,0.6716340631,0.6710762057,0.6721770901,0.6718234030,0.6701126287,0.6677501521,0.6653207931,0.6635945883,0.6626457862,0.6620808581,0.6609324427,0.6581059778,0.6530289819,0.6464243047,0.6396843870,0.6344419468,0.6302346883,0.6257692318,0.6198386097,0.6121132828,0.6026589365,0.5914516507
2058,3,0,0.9997908385,0.9997908385,0.9997908385,0.9997908385,0.9997908385,0.9920763668,0.9852436319,0.9802066230,0.9802066230,0.9802066230,0.9802066230,0.9802066230,0.9802066230,0.9802066230,0.9802066230,0.9797124424,0.9782075354,0.9756358831,0.9722705231,0.9685301705,0.9650283996,0.9621549025,0.9599379311,0.9582968961,0.9572896109,0.9570283915,0.9570283915,0.9570283915,0.9570283915,0.9567144954,0.9559097579,0.9547972449,0.9536342277,0.9524680952,0.9511991705,0.9497851691,0.9485385804,0.9479539171,0.9479539171,0.9479539171,0.9473758623,0.9455738620,0.9429870372,0.9403441271,0.9348255224,0.9304599646,0.9263569545,0.9215410688,0.9147778140,0.9044090323,0.8905496895,0.8748546409,0.8592192853,0.8443349409,0.8294129761,0.8138161829,0.7975454647,0.7826826140,0.7712760613,0.7638042030,0.7576136037,0.7483275332,0.7333210660,0.7122502863,0.6894132132,0.6720934867,0.6671153919,0.6674397754,0.6683534292,0.6698364027,0.6692914316,0.6710762057,0.6721770901,0.6718234030,0.6701126287,0.6677501521,0.6653207931,0.6635945883,0.6626457862,0.6620808581,0.6609324427,0.6581059778,0.6530289819,0.6464243047,0.6396843870,0.6344419468,0.6302346883,0.6257692318,0.6198386097,0.6121132828,0.6026589365
2059,3,0,0.9997908385,0.9997908385,0.9997908385,0.9997908385,0.9997908385,0.9920763668,0.9852436319,0.9802066230,0.9802066230,0.9802066230,0.9802066230,0.9802066230,0.9802066230,0.9802066230,0.9802066230,0.9797124424,0.9782075354,0.9756358831,0.9722705231,0.9685301705,0.9650283996,0.9621549025,0.9599379311,0.9582968961,0.9572896109,0.9570283915,0.9570283915,0.9570283915,0.9570283915,0.9567144954,0.9559097579,0.9547972449,0.9536342277,0.9524680952,0.9511991705,0.9497851691,0.9485385804,0.9479539171,0.9479539171,0.9479539171,0.9473758623,0.9455738620,0.9429870372,0.9403441271,0.9378122555,0.9321889921,0.9272588072,0.9217511611,0.9142520788,0.9040251585,0.8915002087,0.8778941433,0.8640168988,0.8496403177,0.8334118512,0.8156764113,0.7977880215,0.7825650468,0.7711866982,0.7630749342,0.7558432587,0.7459200348,0.7313480772,0.7119845282,0.6905164367,0.6733993765,0.6676172336,0.6671153919,0.6674397754,0.6683534292,0.6675000413,0.6692914316,0.6710762057,0.6721770901,0.6718234030,0.6701126287,0.6677501521,0.6653207931,0.6635945883,0.6626457862,0.6620808581,0.6609324427,0.6581059778,0.6530289819,0.6464243047,0.6396843870,0.6344419468,0.6302346883,0.6257692318,0.6198386097,0.6121132828
2060,3,0,0.9997908385,0.9997908385,0.9997908385,0.9997908385,0.9997908385,0.9920763668,0.9852436319,0.9802066230,0.9802066230,0.9802066230,0.9802066230,0.9802066230,0.9802066230,0.9802066230,0.9802066230,0.9797124424,0.9782075354,0.9756358831,0.9722705231,0.9685301705,0.9650283996,0.9621549025,0.9599379311,0.9582968961,0.9572896109,0.9570283915,0.9570283915,0.9570283915,0.9570283915,0.9567144954,0.9559097579,0.9547972449,0.9536342277,0.9524680952,0.9511991705,0.9497851691,0.9485385804,0.9479539171,0.9479539171,0.9479539171,0.9473758623,0.9455738620,0.9429870372,0.9403441271,0.9378122555,0.9351673017,0.9289818862,0.9226485299,0.9144605094,0.9035056030,0.8911218140,0.8788311548,0.8670187477,0.8543844453,0.8386485928,0.8196090578,0.7996116126,0.7828030475,0.7710708578,0.7629865213,0.7551215909,0.7441770146,0.7289952046,0.7100689450,0.6902587880,0.6744769741,0.6689144260,0.6676172336,0.6671153919,0.6674397754,0.6660222404,0.6675000413,0.6692914316,0.6710762057,0.6721770901,0.6718234030,0.6701126287,0.6677501521,0.6653207931,0.6635945883,0.6626457862,0.6620808581,0.6609324427,0.6581059778,0.6530289819,0.6464243047,0.6396843870,0.6344419468,0.6302346883,0.6257692318,0.6198386097
2061,3,0,0.9997908385,0.9997908385,0.9997908385,0.9997908385,0.9997908385,0.9920763668,0.9852436319,0.9802066230,0.9802066230,0.9802066230,0.9802066230,0.9802066230,0.9802066230,0.9802066230,0.9802066230,0.9797124424,0.9782075354,0.9756358831,0.9722705231,0.9685301705,0.9650283996,0.9621549025,0.9599379311,0.9582968961,0.9572896109,0.9570283915,0.9570283915,0.9570283915,0.9570283915,0.9567144954,0.9559097579,0.9547972449,0.9536342277,0.9524680952,0.9511991705,0.9497851691,0.9485385804,0.9479539171,0.9479539171,0.9479539171,0.9473758623,0.9455738620,0.9429870372,0.9403441271,0.9378122555,0.9351673017,0.9319499491,0.9243630418,0.9153507804,0.9037115836,0.8906096742,0.8784581374,0.8679441514,0.8573528282,0.8433313459,0.8247590696,0.8034668054,0.7845923859,0.7713053628,0.7628719127,0.7550340995,0.7434664855,0.7272917333,0.7077845310,0.6884016576,0.6742253102,0.6699848466,0.6689144260,0.6676172336,0.6671153919,0.6651117733,0.6660222404,0.6675000413,0.6692914316,0.6710762057,0.6721770901,0.6718234030,0.6701126287,0.6677501521,0.6653207931,0.6635945883,0.6626457862,0.6620808581,0.6609324427,0.6581059778,0.6530289819,0.6464243047,0.6396843870,0.6344419468,0.6302346883,0.6257692318
2062,3,0,0.9997908385,0.9997908385,0.9997908385,0.9997908385,0.9997908385,0.9920763668,0.9852436319,0.9802066230,0.9802066230,0.9802066230,0.9802066230,0.9802066230,0.9802066230,0.9802066230,0.9802066230,0.9797124424,0.9782075354,0.9756358831,0.9722705231,0.9685301705,0.9650283996,0.9621549025,0.9599379311,0.9582968961,0.9572896109,0.9570283915,0.9570283915,0.9570283915,0.9570283915,0.9567144954,0.9559097579,0.9547972449,0.9536342277,0.9524680952,0.9511991705,0.9497851691,0.9485385804,0.9479539171,0.9479539171,0.9479539171,0.9473758623,0.9455738620,0.9429870372,0.9403441271,0.9378122555,0.9351673017,0.9319499491,0.9273163477,0.9170517312,0.9045913901,0.8908127149,0.8779532756,0.8675757550,0.8582679150,0.8462613271,0.8293642680,0.8085153873,0.7883751660,0.7730684197,0.7631039242,0.7549206854,0.7433803445,0.7265973261,0.7061306235,0.6861869510,0.6724113175,0.6697348588,0.6699848466,0.6689144260,0.6676172336,0.6647885213,0.6651117733,0.6660222404,0.6675000413,0.6692914316,0.6710762057,0.6721770901,0.6718234030,0.6701126287,0.6677501521,0.6653207931,0.6635945883,0.6626457862,0.6620808581,0.6609324427,0.6581059778,0.6530289819,0.6464243047,0.6396843870,0.6344419468,0.6302346883
2063,3,0,0.9997908385,0.9997908385,0.9997908385,0.9997908385,0.9997908385,0.9920763668,0.9852436319,0.9802066230,0.9802066230,0.9802066230,0.9802066230,0.9802066230,0.9802066230,0.9802066230,0.9802066230,0.9797124424,0.9782075354,0.9756358831,0.9722705231,0.9685301705,0.9650283996,0.9621549025,0.9599379311,0.9582968961,0.9572896109,0.9570283915,0.9570283915,0.9570283915,0.9570283915,0.9567144954,0.9559097579,0.9547972449,0.9536342277,0.9524680952,0.9511991705,0.9497851691,0.9485385804,0.9479539171,0.9479539171,0.9479539171,0.9473758623,0.9455738620,0.9429870372,0.9403441271,0.9378122555,0.9351673017,0.9319499491,0.9273163477,0.9199816778,0.9062723473,0.8916799636,0.8781534309,0.8670771474,0.8579036257,0.8471645756,0.8322457234,0.8130298860,0.7933289197,0.7767956389,0.7648482341,0.7551502787,0.7432686810,0.7265131396,0.7054564206,0.6845835114,0.6702480546,0.6679329477,0.6697348588,0.6699848466,0.6689144260,0.6652886127,0.6647885213,0.6651117733,0.6660222404,0.6675000413,0.6692914316,0.6710762057,0.6721770901,0.6718234030,0.6701126287,0.6677501521,0.6653207931,0.6635945883,0.6626457862,0.6620808581,0.6609324427,0.6581059778,0.6530289819,0.6464243047,0.6396843870,0.6344419468
2064,3,0,0.9997908385,0.9997908385,0.9997908385,0.9997908385,0.9997908385,0.9920763668,0.9852436319,0.9802066230,0.9802066230,0.9802066230,0.9802066230,0.9802066230,0.9802066230,0.9802066230,0.9802066230,0.9797124424,0.9782075354,0.9756358831,0.9722705231,0.9685301705,0.9650283996,0.9621549025,0.9599379311,0.9582968961,0.9572896109,0.9570283915,0.9570283915,0.9570283915,0.9570283915,0.9567144954,0.9559097579,0.9547972449,0.9536342277,0.9524680952,0.9511991705,0.9497851691,0.9485385804,0.9479539171,0.9479539171,0.9479539171,0.9473758623,0.9455738620,0.9429870372,0.9403441271,0.9378122555,0.9351673017,0.9319499491,0.9273163477,0.9199816778,0.9091678541,0.8933369281,0.8790083552,0.8672748232,0.8574105769,0.8468049990,0.8331340125,0.8158545910,0.7977586218,0.7816766326,0.7685358211,0.7568764081,0.7434947305,0.7264040097,0.7053746836,0.6839298813,0.6686818600,0.6657840924,0.6679329477,0.6697348588,0.6699848466,0.6665812804,0.6652886127,0.6647885213,0.6651117733,0.6660222404,0.6675000413,0.6692914316,0.6710762057,0.6721770901,0.6718234030,0.6701126287,0.6677501521,0.6653207931,0.6635945883,0.6626457862,0.6620808581,0.6609324427,0.6581059778,0.6530289819,0.6464243047,0.6396843870
2065,3,0,0.9997908385,0.9997908385,0.9997908385,0.9997908385,0.9997908385,0.9920763668,0.9852436319,0.9802066230,0.9802066230,0.9802066230,0.9802066230,0.9802066230,0.9802066230,0.9802066230,0.9802066230,0.9797124424,0.9782075354,0.9756358831,0.9722705231,0.9685301705,0.9650283996,0.9621549025,0.9599379311,0.9582968961,0.9572896109,0.9570283915,0.9570283915,0.9570283915,0.9570283915,0.9567144954,0.9559097579,0.9547972449,0.9536342277,0.9524680952,0.9511991705,0.9497851691,0.9485385804,0.9479539171,0.9479539171,0.9479539171,0.9473758623,0.9455738620,0.9429870372,0.9403441271,0.9378122555,0.9351673017,0.9319499491,0.9273163477,0.9199816778,0.9091678541,0.8961911068,0.8806417727,0.8681191566,0.8576060488,0.8463183287,0.8327803912,0.8167253852,0.8005302700,0.7860412721,0.7733649143,0.7605255603,0.7451942176,0.7266249302,0.7052687289,0.6838506385,0.6680434126,0.6642283290,0.6657840924,0.6679329477,0.6697348588,0.6676479675,0.6665812804,0.6652886127,0.6647885213,0.6651117733,0.6660222404,0.6675000413,0.6692914316,0.6710762057,0.6721770901,0.6718234030,0.6701126287,0.6677501521,0.6653207931,0.6635945883,0.6626457862,0.6620808581,0.6609324427,0.6581059778,0.6530289819,0.6464243047
2066,3,0,0.9997908385,0.9997908385,0.9997908385,0.9997908385,0.9997908385,0.9920763668,0.9852436319,0.9802066230,0.9802066230,0.9802066230,0.9802066230,0.9802066230,0.9802066230,0.9802066230,0.9802066230,0.9797124424,0.9782075354,0.9756358831,0.9722705231,0.9685301705,0.9650283996,0.9621549025,0.9599379311,0.9582968961,0.9572896109,0.9570283915,0.9570283915,0.9570283915,0.9570283915,0.9567144954,0.9559097579,0.9547972449,0.9536342277,0.9524680952,0.9511991705,0.9497851691,0.9485385804,0.9479539171,0.9479539171,0.9479539171,0.9473758623,0.9455738620,0.9429870372,0.9403441271,0.9378122555,0.9351673017,0.9319499491,0.9273163477,0.9199816778,0.9091678541,0.8961911068,0.8834553908,0.8697323393,0.8584409693,0.8465112718,0.8323017810,0.8163787285,0.8013847079,0.7887722107,0.7776831437,0.7653043210,0.7487870460,0.7282858561,0.7054832216,0.6837479169,0.6679660104,0.6635941338,0.6642283290,0.6657840924,0.6679329477,0.6673988516,0.6676479675,0.6665812804,0.6652886127,0.6647885213,0.6651117733,0.6660222404,0.6675000413,0.6692914316,0.6710762057,0.6721770901,0.6718234030,0.6701126287,0.6677501521,0.6653207931,0.6635945883,0.6626457862,0.6620808581,0.6609324427,0.6581059778,0.6530289819
2067,3,0,0.9997908385,0.9997908385,0.9997908385,0.9997908385,0.9997908385,0.9920763668,0.9852436319,0.9802066230,0.9802066230,0.9802066230,0.9802066230,0.9802066230,0.9802066230,0.9802066230,0.9802066230,0.9797124424,0.9782075354,0.9756358831,0.9722705231,0.9685301705,0.9650283996,0.9621549025,0.9599379311,0.9582968961,0.9572896109,0.9570283915,0.9570283915,0.9570283915,0.9570283915,0.9567144954,0.9559097579,0.9547972449,0.9536342277,0.9524680952,0.9511991705,0.9497851691,0.9485385804,0.9479539171,0.9479539171,0.9479539171,0.9473758623,0.9455738620,0.9429870372,0.9403441271,0.9378122555,0.9351673017,0.9319499491,0.9273163477,0.9199816778,0.9091678541,0.8961911068,0.8834553908,0.8725111021,0.8600361674,0.8473353910,0.8324915286,0.8159095445,0.8010445625,0.7896140987,0.7803850437,0.7695775425,0.7534920478,0.7317971637,0.7070958216,0.6839558645,0.6678656749,0.6635172471,0.6635941338,0.6642283290,0.6657840924,0.6656032255,0.6673988516,0.6676479675,0.6665812804,0.6652886127,0.6647885213,0.6651117733,0.6660222404,0.6675000413,0.6692914316,0.6710762057,0.6721770901,0.6718234030,0.6701126287,0.6677501521,0.6653207931,0.6635945883,0.6626457862,0.6620808581,0.6609324427,0.6581059778
2068,3,0,0.9997908385,0.9997908385,0.9997908385,0.9997908385,0.9997908385,0.9920763668,0.9852436319,0.9802066230,0.9802066230,0.9802066230,0.9802066230,0.9802066230,0.9802066230,0.9802066230,0.9802066230,0.9797124424,0.9782075354,0.9756358831,0.9722705231,0.9685301705,0.9650283996,0.9621549025,0.9599379311,0.9582968961,0.9572896109,0.9570283915,0.9570283915,0.9570283915,0.9570283915,0.9567144954,0.9559097579,0.9547972449,0.9536342277,0.9524680952,0.9511991705,0.9497851691,0.9485385804,0.9479539171,0.9479539171,0.9479539171,0.9473758623,0.9455738620,0.9429870372,0.9403441271,0.9378122555,0.9351673017,0.9319499491,0.9273163477,0.9199816778,0.9091678541,0.8961911068,0.8834553908,0.8725111021,0.8627839514,0.8489099522,0.8333019989,0.8160955551,0.8005841913,0.7892789493,0.7812179798,0.7722512813,0.7576993133,0.7363954097,0.7105049650,0.6855192571,0.6680687923,0.6634175798,0.6635172471,0.6635941338,0.6642283290,0.6634618654,0.6656032255,0.6673988516,0.6676479675,0.6665812804,0.6652886127,0.6647885213,0.6651117733,0.6660222404,0.6675000413,0.6692914316,0.6710762057,0.6721770901,0.6718234030,0.6701126287,0.6677501521,0.6653207931,0.6635945883,0.6626457862,0.6620808581,0.6609324427
2069,3,0,0.9997908385,0.9997908385,0.9997908385,0.9997908385,0.9997908385,0.9920763668,0.9852436319,0.9802066230,0.9802066230,0.9802066230,0.9802066230,0.9802066230,0.9802066230,0.9802066230,0.9802066230,0.9797124424,0.9782075354,0.9756358831,0.9722705231,0.9685301705,0.9650283996,0.9621549025,0.9599379311,0.9582968961,0.9572896109,0.9570283915,0.9570283915,0.9570283915,0.9570283915,0.9567144954,0.9559097579,0.9547972449,0.9536342277,0.9524680952,0.9511991705,0.9497851691,0.9485385804,0.9479539171,0.9479539171,0.9479539171,0.9473758623,0.9455738620,0.9429870372,0.9403441271,0.9378122555,0.9351673017,0.9319499491,0.9273163477,0.9199816778,0.9091678541,0.8961911068,0.8834553908,0.8725111021,0.8627839514,0.8516221883,0.8348504826,0.8168900631,0.8007667080,0.7888253400,0.7808863941,0.7730755359,0.7603317836,0.7405072128,0.7149694215,0.6888243727,0.6695958700,0.6636193444,0.6634175798,0.6635172471,0.6635941338,0.6619115284,0.6634618654,0.6656032255,0.6673988516,0.6676479675,0.6665812804,0.6652886127,0.6647885213,0.6651117733,0.6660222404,0.6675000413,0.6692914316,0.6710762057,0.6721770901,0.6718234030,0.6701126287,0.6677501521,0.6653207931,0.6635945883,0.6626457862,0.6620808581
2070,3,0,0.9997908385,0.9997908385,0.9997908385,0.9997908385,0.9997908385,0.9920763668,0.9852436319,0.9802066230,0.9802066230,0.9802066230,0.9802066230,0.9802066230,0.9802066230,0.9802066230,0.9802066230,0.9797124424,0.9782075354,0.9756358831,0.9722705231,0.9685301705,0.9650283996,0.9621549025,0.9599379311,0.9582968961,0.9572896109,0.9570283915,0.9570283915,0.9570283915,0.9570283915,0.9567144954,0.9559097579,0.9547972449,0.9536342277,0.9524680952,0.9511991705,0.9497851691,0.9485385804,0.9479539171,0.9479539171,0.9479539171,0.9473758623,0.9455738620,0.9429870372,0.9403441271,0.9378122555,0.9351673017,0.9319499491,0.9273163477,0.9199816778,0.9091678541,0.8961911068,0.8834553908,0.8725111021,0.8627839514,0.8516221883,0.8375177991,0.8184080493,0.8015462926,0.7890051759,0.7804376081,0.7727474062,0.7611433161,0.7430799527,0.7189615886,0.6931525992,0.6728242138,0.6651362515,0.6636193444,0.6634175798,0.6635172471,0.6612795452,0.6619115284,0.6634618654,0.6656032255,0.6673988516,0.6676479675,0.6665812804,0.6652886127,0.6647885213,0.6651117733,0.6660222404,0.6675000413,0.6692914316,0.6710762057,0.6721770901,0.6718234030,0.6701126287,0.6677501521,0.6653207931,0.6635945883,0.6626457862
2071,3,0,0.9997908385,0.9997908385,0.9997908385,0.9997908385,0.9997908385,0.9920763668,0.9852436319,0.9802066230,0.9802066230,0.9802066230,0.9802066230,0.9802066230,0.9802066230,0.9802066230,0.9802066230,0.9797124424,0.9782075354,0.9756358831,0.9722705231,0.9685301705,0.9650283996,0.9621549025,0.9599379311,0.9582968961,0.9572896109,0.9570283915,0.9570283915,0.9570283915,0.9570283915,0.9567144954,0.9559097579,0.9547972449,0.9536342277,0.9524680952,0.9511991705,0.9497851691,0.9485385804,0.9479539171,0.9479539171,0.9479539171,0.9473758623,0.9455738620,0.9429870372,0.9403441271,0.9378122555,0.9351673017,0.9319499491,0.9273163477,0.9199816778,0.9091678541,0.8961911068,0.8834553908,0.8725111021,0.8627839514,0.8516221883,0.8375177991,0.8210228329,0.8030357662,0.7897733102,0.7806155318,0.7723032978,0.7608202510,0.7438730716,0.7214594726,0.6970229480,0.6770519033,0.6683430940,0.6651362515,0.6636193444,0.6634175798,0.6612029267,0.6612795452,0.6619115284,0.6634618654,0.6656032255,0.6673988516,0.6676479675,0.6665812804,0.6652886127,0.6647885213,0.6651117733,0.6660222404,0.6675000413,0.6692914316,0.6710762057,0.6721770901,0.6718234030,0.6701126287,0.6677501521,0.6653207931,0.6635945883
2072,3,0,0.9997908385,0.9997908385,0.9997908385,0.9997908385,0.9997908385,0.9920763668,0.9852436319,0.9802066230,0.9802066230,0.9802066230,0.9802066230,0.9802066230,0.9802066230,0.9802066230,0.9802066230,0.9797124424,0.9782075354,0.9756358831,0.9722705231,0.9685301705,0.9650283996,0.9621549025,0.9599379311,0.9582968961,0.9572896109,0.9570283915,0.9570283915,0.9570283915,0.9570283915,0.9567144954,0.9559097579,0.9547972449,0.9536342277,0.9524680952,0.9511991705,0.9497851691,0.9485385804,0.9479539171,0.9479539171,0.9479539171,0.9473758623,0.9455738620,0.9429870372,0.9403441271,0.9378122555,0.9351673017,0.9319499491,0.9273163477,0.9199816778,0.9091678541,0.8961911068,0.8834553908,0.8725111021,0.8627839514,0.8516221883,0.8375177991,0.8210228329,0.8056014360,0.7912409066,0.7813754983,0.7724793670,0.7603829973,0.7435573368,0.7222295151,0.6994446107,0.6808323507,0.6725426264,0.6683430940,0.6651362515,0.6636193444,0.6611036070,0.6612029267,0.6612795452,0.6619115284,0.6634618654,0.6656032255,0.6673988516,0.6676479675,0.6665812804,0.6652886127,0.6647885213,0.6651117733,0.6660222404,0.6675000413,0.6692914316,0.6710762057,0.6721770901,0.6718234030,0.6701126287,0.6677501521,0.6653207931
2073,3,0,0.9997908385,0.9997908385,0.9997908385,0.9997908385,0.9997908385,0.9920763668,0.9852436319,0.9802066230,0.9802066230,0.9802066230,0.9802066230,0.9802066230,0.9802066230,0.9802066230,0.9802066230,0.9797124424,0.9782075354,0.9756358831,0.9722705231,0.9685301705,0.9650283996,0.9621549025,0.9599379311,0.9582968961,0.9572896109,0.9570283915,0.9570283915,0.9570283915,0.9570283915,0.9567144954,0.9559097579,0.9547972449,0.9536342277,0.9524680952,0.9511991705,0.9497851691,0.9485385804,0.9479539171,0.9479539171,0.9479539171,0.9473758623,0.9455738620,0.9429870372,0.9403441271,0.9378122555,0.9351673017,0.9319499491,0.9273163477,0.9199816778,0.9091678541,0.8961911068,0.8834553908,0.8725111021,0.8627839514,0.8516221883,0.8375177991,0.8210228329,0.8056014360,0.7937688922,0.7828274895,0.7732314126,0.7605563489,0.7431300043,0.7219229669,0.7001911559,0.6831977626,0.6762978954,0.6725426264,0.6683430940,0.6651362515,0.6613046678,0.6611036070,0.6612029267,0.6612795452,0.6619115284,0.6634618654,0.6656032255,0.6673988516,0.6676479675,0.6665812804,0.6652886127,0.6647885213,0.6651117733,0.6660222404,0.6675000413,0.6692914316,0.6710762057,0.6721770901,0.6718234030,0.6701126287,0.6677501521
2074,3,0,0.9997908385,0.9997908385,0.9997908385,0.9997908385,0.9997908385,0.9920763668,0.9852436319,0.9802066230,0.9802066230,0.9802066230,0.9802066230,0.9802066230,0.9802066230,0.9802066230,0.9802066230,0.9797124424,0.9782075354,0.9756358831,0.9722705231,0.9685301705,0.9650283996,0.9621549025,0.9599379311,0.9582968961,0.9572896109,0.9570283915,0.9570283915,0.9570283915,0.9570283915,0.9567144954,0.9559097579,0.9547972449,0.9536342277,0.9524680952,0.9511991705,0.9497851691,0.9485385804,0.9479539171,0.9479539171,0.9479539171,0.9473758623,0.9455738620,0.9429870372,0.9403441271,0.9378122555,0.9351673017,0.9319499491,0.9273163477,0.9199816778,0.9091678541,0.8961911068,0.8834553908,0.8725111021,0.8627839514,0.8516221883,0.8375177991,0.8210228329,0.8056014360,0.7937688922,0.7853285946,0.7746682701,0.7612967869,0.7432994227,0.7215080679,0.6998939618,0.6839269668,0.6786475533,0.6762978954,0.6725426264,0.6683430940,0.6628162841,0.6613046678,0.6611036070,0.6612029267,0.6612795452,0.6619115284,0.6634618654,0.6656032255,0.6673988516,0.6676479675,0.6665812804,0.6652886127,0.6647885213,0.6651117733,0.6660222404,0.6675000413,0.6692914316,0.6710762057,0.6721770901,0.6718234030,0.6701126287
2075,3,0,0.9997908385,0.9997908385,0.9997908385,0.9997908385,0.9997908385,0.9920763668,0.9852436319,0.9802066230,0.9802066230,0.9802066230,0.9802066230,0.9802066230,0.9802066230,0.9802066230,0.9802066230,0.9797124424,0.9782075354,0.9756358831,0.9722705231,0.9685301705,0.9650283996,0.9621549025,0.9599379311,0.9582968961,0.9572896109,0.9570283915,0.9570283915,0.9570283915,0.9570283915,0.9567144954,0.9559097579,0.9547972449,0.9536342277,0.9524680952,0.9511991705,0.9497851691,0.9485385804,0.9479539171,0.9479539171,0.9479539171,0.9473758623,0.9455738620,0.9429870372,0.9403441271,0.9378122555,0.9351673017,0.9319499491,0.9273163477,0.9199816778,0.9091678541,0.8961911068,0.8834553908,0.8725111021,0.8627839514,0.8516221883,0.8375177991,0.8210228329,0.8056014360,0.7937688922,0.7853285946,0.7771433067,0.7627114668,0.7440230602,0.7216725569,0.6994917232,0.6836366760,0.6793719009,0.6786475533,0.6762978954,0.6725426264,0.6660119412,0.6628162841,0.6613046678,0.6611036070,0.6612029267,0.6612795452,0.6619115284,0.6634618654,0.6656032255,0.6673988516,0.6676479675,0.6665812804,0.6652886127,0.6647885213,0.6651117733,0.6660222404,0.6675000413,0.6692914316,0.6710762057,0.6721770901,0.6718234030
2076,3,0,0.9997908385,0.9997908385,0.9997908385,0.9997908385,0.9997908385,0.9920763668,0.9852436319,0.9802066230,0.9802066230,0.9802066230,0.9802066230,0.9802066230,0.9802066230,0.9802066230,0.9802066230,0.9797124424,0.9782075354,0.9756358831,0.9722705231,0.9685301705,0.9650283996,0.9621549025,0.9599379311,0.9582968961,0.9572896109,0.9570283915,0.9570283915,0.9570283915,0.9570283915,0.9567144954,0.9559097579,0.9547972449,0.9536342277,0.9524680952,0.9511991705,0.9497851691,0.9485385804,0.9479539171,0.9479539171,0.9479539171,0.9473758623,0.9455738620,0.9429870372,0.9403441271,0.9378122555,0.9351673017,0.9319499491,0.9273163477,0.9199816778,0.9091678541,0.8961911068,0.8834553908,0.8725111021,0.8627839514,0.8516221883,0.8375177991,0.8210228329,0.8056014360,0.7937688922,0.7853285946,0.7771433067,0.7651483019,0.7454056412,0.7223751396,0.6996511929,0.6832437807,0.6790835434,0.6793719009,0.6786475533,0.6762978954,0.6701968258,0.6660119412,0.6628162841,0.6613046678,0.6611036070,0.6612029267,0.6612795452,0.6619115284,0.6634618654,0.6656032255,0.6673988516,0.6676479675,0.6665812804,0.6652886127,0.6647885213,0.6651117733,0.6660222404,0.6675000413,0.6692914316,0.6710762057,0.6721770901
2077,3,0,0.9997908385,0.9997908385,0.9997908385,0.9997908385,0.9997908385,0.9920763668,0.9852436319,0.9802066230,0.9802066230,0.9802066230,0.9802066230,0.9802066230,0.9802066230,0.9802066230,0.9802066230,0.9797124424,0.9782075354,0.9756358831,0.9722705231,0.9685301705,0.9650283996,0.9621549025,0.9599379311,0.9582968961,0.9572896109,0.9570283915,0.9570283915,0.9570283915,0.9570283915,0.9567144954,0.9559097579,0.9547972449,0.9536342277,0.9524680952,0.9511991705,0.9497851691,0.9485385804,0.9479539171,0.9479539171,0.9479539171,0.9473758623,0.9455738620,0.9429870372,0.9403441271,0.9378122555,0.9351673017,0.9319499491,0.9273163477,0.9199816778,0.9091678541,0.8961911068,0.8834553908,0.8725111021,0.8627839514,0.8516221883,0.8375177991,0.8210228329,0.8056014360,0.7937688922,0.7853285946,0.7771433067,0.7651483019,0.7477871848,0.7237174934,0.7003323368,0.6833995462,0.6786932649,0.6790835434,0.6793719009,0.6786475533,0.6739389967,0.6701968258,0.6660119412,0.6628162841,0.6613046678,0.6611036070,0.6612029267,0.6612795452,0.6619115284,0.6634618654,0.6656032255,0.6673988516,0.6676479675,0.6665812804,0.6652886127,0.6647885213,0.6651117733,0.6660222404,0.6675000413,0.6692914316,0.6710762057
2078,3,0,0.9997908385,0.9997908385,0.9997908385,0.9997908385,0.9997908385,0.9920763668,0.9852436319,0.9802066230,0.9802066230,0.9802066230,0.9802066230,0.9802066230,0.9802066230,0.9802066230,0.9802066230,0.9797124424,0.9782075354,0.9756358831,0.9722705231,0.9685301705,0.9650283996,0.9621549025,0.9599379311,0.9582968961,0.9572896109,0.9570283915,0.9570283915,0.9570283915,0.9570283915,0.9567144954,0.9559097579,0.9547972449,0.9536342277,0.9524680952,0.9511991705,0.9497851691,0.9485385804,0.9479539171,0.9479539171,0.9479539171,0.9473758623,0.9455738620,0.9429870372,0.9403441271,0.9378122555,0.9351673017,0.9319499491,0.9273163477,0.9199816778,0.9091678541,0.8961911068,0.8834553908,0.8725111021,0.8627839514,0.8516221883,0.8375177991,0.8210228329,0.8056014360,0.7937688922,0.7853285946,0.7771433067,0.7651483019,0.7477871848,0.7260297442,0.7016337295,0.6840648683,0.6788479930,0.6786932649,0.6790835434,0.6793719009,0.6762804590,0.6739389967,0.6701968258,0.6660119412,0.6628162841,0.6613046678,0.6611036070,0.6612029267,0.6612795452,0.6619115284,0.6634618654,0.6656032255,0.6673988516,0.6676479675,0.6665812804,0.6652886127,0.6647885213,0.6651117733,0.6660222404,0.6675000413,0.6692914316
2079,3,0,0.9997908385,0.9997908385,0.9997908385,0.9997908385,0.9997908385,0.9920763668,0.9852436319,0.9802066230,0.9802066230,0.9802066230,0.9802066230,0.9802066230,0.9802066230,0.9802066230,0.9802066230,0.9797124424,0.9782075354,0.9756358831,0.9722705231,0.9685301705,0.9650283996,0.9621549025,0.9599379311,0.9582968961,0.9572896109,0.9570283915,0.9570283915,0.9570283915,0.9570283915,0.9567144954,0.9559097579,0.9547972449,0.9536342277,0.9524680952,0.9511991705,0.9497851691,0.9485385804,0.9479539171,0.9479539171,0.9479539171,0.9473758623,0.9455738620,0.9429870372,0.9403441271,0.9378122555,0.9351673017,0.9319499491,0.9273163477,0.9199816778,0.9091678541,0.8961911068,0.8834553908,0.8725111021,0.8627839514,0.8516221883,0.8375177991,0.8210228329,0.8056014360,0.7937688922,0.7853285946,0.7771433067,0.7651483019,0.7477871848,0.7260297442,0.7038754235,0.6853360321,0.6795088839,0.6788479930,0.6786932649,0.6790835434,0.6770022801,0.6762804590,0.6739389967,0.6701968258,0.6660119412,0.6628162841,0.6613046678,0.6611036070,0.6612029267,0.6612795452,0.6619115284,0.6634618654,0.6656032255,0.6673988516,0.6676479675,0.6665812804,0.6652886127,0.6647885213,0.6651117733,0.6660222404,0.6675000413
2080,3,0,0.9997908385,0.9997908385,0.9997908385,0.9997908385,0.9997908385,0.9920763668,0.9852436319,0.9802066230,0.9802066230,0.9802066230,0.9802066230,0.9802066230,0.9802066230,0.9802066230,0.9802066230,0.9797124424,0.9782075354,0.9756358831,0.9722705231,0.9685301705,0.9650283996,0.9621549025,0.9599379311,0.9582968961,0.9572896109,0.9570283915,0.9570283915,0.9570283915,0.9570283915,0.9567144954,0.9559097579,0.9547972449,0.9536342277,0.9524680952,0.9511991705,0.9497851691,0.9485385804,0.9479539171,0.9479539171,0.9479539171,0.9473758623,0.9455738620,0.9429870372,0.9403441271,0.9378122555,0.9351673017,0.9319499491,0.9273163477,0.9199816778,0.9091678541,0.8961911068,0.8834553908,0.8725111021,0.8627839514,0.8516221883,0.8375177991,0.8210228329,0.8056014360,0.7937688922,0.7853285946,0.7771433067,0.7651483019,0.7477871848,0.7260297442,0.7038754235,0.6875256555,0.6807715815,0.6795088839,0.6788479930,0.6786932649,0.6767149284,0.6770022801,0.6762804590,0.6739389967,0.6701968258,0.6660119412,0.6628162841,0.6613046678,0.6611036070,0.6612029267,0.6612795452,0.6619115284,0.6634618654,0.6656032255,0.6673988516,0.6676479675,0.6665812804,0.6652886127,0.6647885213,0.6651117733,0.6660222404
2081,3,0,0.9997908385,0.9997908385,0.9997908385,0.9997908385,0.9997908385,0.9920763668,0.9852436319,0.9802066230,0.9802066230,0.9802066230,0.9802066230,0.9802066230,0.9802066230,0.9802066230,0.9802066230,0.9797124424,0.9782075354,0.9756358831,0.9722705231,0.9685301705,0.9650283996,0.9621549025,0.9599379311,0.9582968961,0.9572896109,0.9570283915,0.9570283915,0.9570283915,0.9570283915,0.9567144954,0.9559097579,0.9547972449,0.9536342277,0.9524680952,0.9511991705,0.9497851691,0.9485385804,0.9479539171,0.9479539171,0.9479539171,0.9473758623,0.9455738620,0.9429870372,0.9403441271,0.9378122555,0.9351673017,0.9319499491,0.9273163477,0.9199816778,0.9091678541,0.8961911068,0.8834553908,0.8725111021,0.8627839514,0.8516221883,0.8375177991,0.8210228329,0.8056014360,0.7937688922,0.7853285946,0.7771433067,0.7651483019,0.7477871848,0.7260297442,0.7038754235,0.6875256555,0.6829466217,0.6807715815,0.6795088839,0.6788479930,0.6763260112,0.6767149284,0.6770022801,0.6762804590,0.6739389967,0.6701968258,0.6660119412,0.6628162841,0.6613046678,0.6611036070,0.6612029267,0.6612795452,0.6619115284,0.6634618654,0.6656032255,0.6673988516,0.6676479675,0.6665812804,0.6652886127,0.6647885213,0.6651117733
2082,3,0,0.9997908385,0.9997908385,0.9997908385,0.9997908385,0.9997908385,0.9920763668,0.9852436319,0.9802066230,0.9802066230,0.9802066230,0.9802066230,0.9802066230,0.9802066230,0.9802066230,0.9802066230,0.9797124424,0.9782075354,0.9756358831,0.9722705231,0.9685301705,0.9650283996,0.9621549025,0.9599379311,0.9582968961,0.9572896109,0.9570283915,0.9570283915,0.9570283915,0.9570283915,0.9567144954,0.9559097579,0.9547972449,0.9536342277,0.9524680952,0.9511991705,0.9497851691,0.9485385804,0.9479539171,0.9479539171,0.9479539171,0.9473758623,0.9455738620,0.9429870372,0.9403441271,0.9378122555,0.9351673017,0.9319499491,0.9273163477,0.9199816778,0.9091678541,0.8961911068,0.8834553908,0.8725111021,0.8627839514,0.8516221883,0.8375177991,0.8210228329,0.8056014360,0.7937688922,0.7853285946,0.7771433067,0.7651483019,0.7477871848,0.7260297442,0.7038754235,0.6875256555,0.6829466217,0.6829466217,0.6807715815,0.6795088839,0.6764801996,0.6763260112,0.6767149284,0.6770022801,0.6762804590,0.6739389967,0.6701968258,0.6660119412,0.6628162841,0.6613046678,0.6611036070,0.6612029267,0.6612795452,0.6619115284,0.6634618654,0.6656032255,0.6673988516,0.6676479675,0.6665812804,0.6652886127,0.6647885213
2083,3,0,0.9997908385,0.9997908385,0.9997908385,0.9997908385,0.9997908385,0.9920763668,0.9852436319,0.9802066230,0.9802066230,0.9802066230,0.9802066230,0.9802066230,0.9802066230,0.9802066230,0.9802066230,0.9797124424,0.9782075354,0.9756358831,0.9722705231,0.9685301705,0.9650283996,0.9621549025,0.9599379311,0.9582968961,0.9572896109,0.9570283915,0.9570283915,0.9570283915,0.9570283915,0.9567144954,0.9559097579,0.9547972449,0.9536342277,0.9524680952,0.9511991705,0.9497851691,0.9485385804,0.9479539171,0.9479539171,0.9479539171,0.9473758623,0.9455738620,0.9429870372,0.9403441271,0.9378122555,0.9351673017,0.9319499491,0.9273163477,0.9199816778,0.9091678541,0.8961911068,0.8834553908,0.8725111021,0.8627839514,0.8516221883,0.8375177991,0.8210228329,0.8056014360,0.7937688922,0.7853285946,0.7771433067,0.7651483019,0.7477871848,0.7260297442,0.7038754235,0.6875256555,0.6829466217,0.6829466217,0.6829466217,0.6807715815,0.6771387854,0.6764801996,0.6763260112,0.6767149284,0.6770022801,0.6762804590,0.6739389967,0.6701968258,0.6660119412,0.6628162841,0.6613046678,0.6611036070,0.6612029267,0.6612795452,0.6619115284,0.6634618654,0.6656032255,0.6673988516,0.6676479675,0.6665812804,0.6652886127
2084,3,0,0.9997908385,0.9997908385,0.9997908385,0.9997908385,0.9997908385,0.9920763668,0.9852436319,0.9802066230,0.9802066230,0.9802066230,0.9802066230,0.9802066230,0.9802066230,0.9802066230,0.9802066230,0.9797124424,0.9782075354,0.9756358831,0.9722705231,0.9685301705,0.9650283996,0.9621549025,0.9599379311,0.9582968961,0.9572896109,0.9570283915,0.9570283915,0.9570283915,0.9570283915,0.9567144954,0.9559097579,0.9547972449,0.9536342277,0.9524680952,0.9511991705,0.9497851691,0.9485385804,0.9479539171,0.9479539171,0.9479539171,0.9473758623,0.9455738620,0.9429870372,0.9403441271,0.9378122555,0.9351673017,0.9319499491,0.9273163477,0.9199816778,0.9091678541,0.8961911068,0.8834553908,0.8725111021,0.8627839514,0.8516221883,0.8375177991,0.8210228329,0.8056014360,0.7937688922,0.7853285946,0.7771433067,0.7651483019,0.7477871848,0.7260297442,0.7038754235,0.6875256555,0.6829466217,0.6829466217,0.6829466217,0.6829466217,0.6783970787,0.6771387854,0.6764801996,0.6763260112,0.6767149284,0.6770022801,0.6762804590,0.6739389967,0.6701968258,0.6660119412,0.6628162841,0.6613046678,0.6611036070,0.6612029267,0.6612795452,0.6619115284,0.6634618654,0.6656032255,0.6673988516,0.6676479675,0.6665812804
2085,3,0,0.9997908385,0.9997908385,0.9997908385,0.9997908385,0.9997908385,0.9920763668,0.9852436319,0.9802066230,0.9802066230,0.9802066230,0.9802066230,0.9802066230,0.9802066230,0.9802066230,0.9802066230,0.9797124424,0.9782075354,0.9756358831,0.9722705231,0.9685301705,0.9650283996,0.9621549025,0.9599379311,0.9582968961,0.9572896109,0.9570283915,0.9570283915,0.9570283915,0.9570283915,0.9567144954,0.9559097579,0.9547972449,0.9536342277,0.9524680952,0.9511991705,0.9497851691,0.9485385804,0.9479539171,0.9479539171,0.9479539171,0.9473758623,0.9455738620,0.9429870372,0.9403441271,0.9378122555,0.9351673017,0.9319499491,0.9273163477,0.9199816778,0.9091678541,0.8961911068,0.8834553908,0.8725111021,0.8627839514,0.8516221883,0.8375177991,0.8210228329,0.8056014360,0.7937688922,0.7853285946,0.7771433067,0.7651483019,0.7477871848,0.7260297442,0.7038754235,0.6875256555,0.6829466217,0.6829466217,0.6829466217,0.6829466217,0.6805645324,0.6783970787,0.6771387854,0.6764801996,0.6763260112,0.6767149284,0.6770022801,0.6762804590,0.6739389967,0.6701968258,0.6660119412,0.6628162841,0.6613046678,0.6611036070,0.6612029267,0.6612795452,0.6619115284,0.6634618654,0.6656032255,0.6673988516,0.6676479675
2086,3,0,0.9997908385,0.9997908385,0.9997908385,0.9997908385,0.9997908385,0.9920763668,0.9852436319,0.9802066230,0.9802066230,0.9802066230,0.9802066230,0.9802066230,0.9802066230,0.9802066230,0.9802066230,0.9797124424,0.9782075354,0.9756358831,0.9722705231,0.9685301705,0.9650283996,0.9621549025,0.9599379311,0.9582968961,0.9572896109,0.9570283915,0.9570283915,0.9570283915,0.9570283915,0.9567144954,0.9559097579,0.9547972449,0.9536342277,0.9524680952,0.9511991705,0.9497851691,0.9485385804,0.9479539171,0.9479539171,0.9479539171,0.9473758623,0.9455738620,0.9429870372,0.9403441271,0.9378122555,0.9351673017,0.9319499491,0.9273163477,0.9199816778,0.9091678541,0.8961911068,0.8834553908,0.8725111021,0.8627839514,0.8516221883,0.8375177991,0.8210228329,0.8056014360,0.7937688922,0.7853285946,0.7771433067,0.7651483019,0.7477871848,0.7260297442,0.7038754235,0.6875256555,0.6829466217,0.6829466217,0.6829466217,0.6829466217,0.6805645324,0.6805645324,0.6783970787,0.6771387854,0.6764801996,0.6763260112,0.6767149284,0.6770022801,0.6762804590,0.6739389967,0.6701968258,0.6660119412,0.6628162841,0.6613046678,0.6611036070,0.6612029267,0.6612795452,0.6619115284,0.6634618654,0.6656032255,0.6673988516
2087,3,0,0.9997908385,0.9997908385,0.9997908385,0.9997908385,0.9997908385,0.9920763668,0.9852436319,0.9802066230,0.9802066230,0.9802066230,0.9802066230,0.9802066230,0.9802066230,0.9802066230,0.9802066230,0.9797124424,0.9782075354,0.9756358831,0.9722705231,0.9685301705,0.9650283996,0.9621549025,0.9599379311,0.9582968961,0.9572896109,0.9570283915,0.9570283915,0.9570283915,0.9570283915,0.9567144954,0.9559097579,0.9547972449,0.9536342277,0.9524680952,0.9511991705,0.9497851691,0.9485385804,0.9479539171,0.9479539171,0.9479539171,0.9473758623,0.9455738620,0.9429870372,0.9403441271,0.9378122555,0.9351673017,0.9319499491,0.9273163477,0.9199816778,0.9091678541,0.8961911068,0.8834553908,0.8725111021,0.8627839514,0.8516221883,0.8375177991,0.8210228329,0.8056014360,0.7937688922,0.7853285946,0.7771433067,0.7651483019,0.7477871848,0.7260297442,0.7038754235,0.6875256555,0.6829466217,0.6829466217,0.6829466217,0.6829466217,0.6805645324,0.6805645324,0.6805645324,0.6783970787,0.6771387854,0.6764801996,0.6763260112,0.6767149284,0.6770022801,0.6762804590,0.6739389967,0.6701968258,0.6660119412,0.6628162841,0.6613046678,0.6611036070,0.6612029267,0.6612795452,0.6619115284,0.6634618654,0.6656032255
2088,3,0,0.9997908385,0.9997908385,0.9997908385,0.9997908385,0.9997908385,0.9920763668,0.9852436319,0.9802066230,0.9802066230,0.9802066230,0.9802066230,0.9802066230,0.9802066230,0.9802066230,0.9802066230,0.9797124424,0.9782075354,0.9756358831,0.9722705231,0.9685301705,0.9650283996,0.9621549025,0.9599379311,0.9582968961,0.9572896109,0.9570283915,0.9570283915,0.9570283915,0.9570283915,0.9567144954,0.9559097579,0.9547972449,0.9536342277,0.9524680952,0.9511991705,0.9497851691,0.9485385804,0.9479539171,0.9479539171,0.9479539171,0.9473758623,0.9455738620,0.9429870372,0.9403441271,0.9378122555,0.9351673017,0.9319499491,0.9273163477,0.9199816778,0.9091678541,0.8961911068,0.8834553908,0.8725111021,0.8627839514,0.8516221883,0.8375177991,0.8210228329,0.8056014360,0.7937688922,0.7853285946,0.7771433067,0.7651483019,0.7477871848,0.7260297442,0.7038754235,0.6875256555,0.6829466217,0.6829466217,0.6829466217,0.6829466217,0.6805645324,0.6805645324,0.6805645324,0.6805645324,0.6783970787,0.6771387854,0.6764801996,0.6763260112,0.6767149284,0.6770022801,0.6762804590,0.6739389967,0.6701968258,0.6660119412,0.6628162841,0.6613046678,0.6611036070,0.6612029267,0.6612795452,0.6619115284,0.6634618654
2089,3,0,0.9997908385,0.9997908385,0.9997908385,0.9997908385,0.9997908385,0.9920763668,0.9852436319,0.9802066230,0.9802066230,0.9802066230,0.9802066230,0.9802066230,0.9802066230,0.9802066230,0.9802066230,0.9797124424,0.9782075354,0.9756358831,0.9722705231,0.9685301705,0.9650283996,0.9621549025,0.9599379311,0.9582968961,0.9572896109,0.9570283915,0.9570283915,0.9570283915,0.9570283915,0.9567144954,0.9559097579,0.9547972449,0.9536342277,0.9524680952,0.9511991705,0.9497851691,0.9485385804,0.9479539171,0.9479539171,0.9479539171,0.9473758623,0.9455738620,0.9429870372,0.9403441271,0.9378122555,0.9351673017,0.9319499491,0.9273163477,0.9199816778,0.9091678541,0.8961911068,0.8834553908,0.8725111021,0.8627839514,0.8516221883,0.8375177991,0.8210228329,0.8056014360,0.7937688922,0.7853285946,0.7771433067,0.7651483019,0.7477871848,0.7260297442,0.7038754235,0.6875256555,0.6829466217,0.6829466217,0.6829466217,0.6829466217,0.6805645324,0.6805645324,0.6805645324,0.6805645324,0.6805645324,0.6783970787,0.6771387854,0.6764801996,0.6763260112,0.6767149284,0.6770022801,0.6762804590,0.6739389967,0.6701968258,0.6660119412,0.6628162841,0.6613046678,0.6611036070,0.6612029267,0.6612795452,0.6619115284
2090,3,0,0.9997908385,0.9997908385,0.9997908385,0.9997908385,0.9997908385,0.9920763668,0.9852436319,0.9802066230,0.9802066230,0.9802066230,0.9802066230,0.9802066230,0.9802066230,0.9802066230,0.9802066230,0.9797124424,0.9782075354,0.9756358831,0.9722705231,0.9685301705,0.9650283996,0.9621549025,0.9599379311,0.9582968961,0.9572896109,0.9570283915,0.9570283915,0.9570283915,0.9570283915,0.9567144954,0.9559097579,0.9547972449,0.9536342277,0.9524680952,0.9511991705,0.9497851691,0.9485385804,0.9479539171,0.9479539171,0.9479539171,0.9473758623,0.9455738620,0.9429870372,0.9403441271,0.9378122555,0.9351673017,0.9319499491,0.9273163477,0.9199816778,0.9091678541,0.8961911068,0.8834553908,0.8725111021,0.8627839514,0.8516221883,0.8375177991,0.8210228329,0.8056014360,0.7937688922,0.7853285946,0.7771433067,0.7651483019,0.7477871848,0.7260297442,0.7038754235,0.6875256555,0.6829466217,0.6829466217,0.6829466217,0.6829466217,0.6805645324,0.6805645324,0.6805645324,0.6805645324,0.6805645324,0.6805645324,0.6783970787,0.6771387854,0.6764801996,0.6763260112,0.6767149284,0.6770022801,0.6762804590,0.6739389967,0.6701968258,0.6660119412,0.6628162841,0.6613046678,0.6611036070,0.6612029267,0.6612795452
2091,3,0,0.9997908385,0.9997908385,0.9997908385,0.9997908385,0.9997908385,0.9920763668,0.9852436319,0.9802066230,0.9802066230,0.9802066230,0.9802066230,0.9802066230,0.9802066230,0.9802066230,0.9802066230,0.9797124424,0.9782075354,0.9756358831,0.9722705231,0.9685301705,0.9650283996,0.9621549025,0.9599379311,0.9582968961,0.9572896109,0.9570283915,0.9570283915,0.9570283915,0.9570283915,0.9567144954,0.9559097579,0.9547972449,0.9536342277,0.9524680952,0.9511991705,0.9497851691,0.9485385804,0.9479539171,0.9479539171,0.9479539171,0.9473758623,0.9455738620,0.9429870372,0.9403441271,0.9378122555,0.9351673017,0.9319499491,0.9273163477,0.9199816778,0.9091678541,0.8961911068,0.8834553908,0.8725111021,0.8627839514,0.8516221883,0.8375177991,0.8210228329,0.8056014360,0.7937688922,0.7853285946,0.7771433067,0.7651483019,0.7477871848,0.7260297442,0.7038754235,0.6875256555,0.6829466217,0.6829466217,0.6829466217,0.6829466217,0.6805645324,0.6805645324,0.6805645324,0.6805645324,0.6805645324,0.6805645324,0.6805645324,0.6783970787,0.6771387854,0.6764801996,0.6763260112,0.6767149284,0.6770022801,0.6762804590,0.6739389967,0.6701968258,0.6660119412,0.6628162841,0.6613046678,0.6611036070,0.6612029267
2092,3,0,0.9997908385,0.9997908385,0.9997908385,0.9997908385,0.9997908385,0.9920763668,0.9852436319,0.9802066230,0.9802066230,0.9802066230,0.9802066230,0.9802066230,0.9802066230,0.9802066230,0.9802066230,0.9797124424,0.9782075354,0.9756358831,0.9722705231,0.9685301705,0.9650283996,0.9621549025,0.9599379311,0.9582968961,0.9572896109,0.9570283915,0.9570283915,0.9570283915,0.9570283915,0.9567144954,0.9559097579,0.9547972449,0.9536342277,0.9524680952,0.9511991705,0.9497851691,0.9485385804,0.9479539171,0.9479539171,0.9479539171,0.9473758623,0.9455738620,0.9429870372,0.9403441271,0.9378122555,0.9351673017,0.9319499491,0.9273163477,0.9199816778,0.9091678541,0.8961911068,0.8834553908,0.8725111021,0.8627839514,0.8516221883,0.8375177991,0.8210228329,0.8056014360,0.7937688922,0.7853285946,0.7771433067,0.7651483019,0.7477871848,0.7260297442,0.7038754235,0.6875256555,0.6829466217,0.6829466217,0.6829466217,0.6829466217,0.6805645324,0.6805645324,0.6805645324,0.6805645324,0.6805645324,0.6805645324,0.6805645324,0.6805645324,0.6783970787,0.6771387854,0.6764801996,0.6763260112,0.6767149284,0.6770022801,0.6762804590,0.6739389967,0.6701968258,0.6660119412,0.6628162841,0.6613046678,0.6611036070
2093,3,0,0.9997908385,0.9997908385,0.9997908385,0.9997908385,0.9997908385,0.9920763668,0.9852436319,0.9802066230,0.9802066230,0.9802066230,0.9802066230,0.9802066230,0.9802066230,0.9802066230,0.9802066230,0.9797124424,0.9782075354,0.9756358831,0.9722705231,0.9685301705,0.9650283996,0.9621549025,0.9599379311,0.9582968961,0.9572896109,0.9570283915,0.9570283915,0.9570283915,0.9570283915,0.9567144954,0.9559097579,0.9547972449,0.9536342277,0.9524680952,0.9511991705,0.9497851691,0.9485385804,0.9479539171,0.9479539171,0.9479539171,0.9473758623,0.9455738620,0.9429870372,0.9403441271,0.9378122555,0.9351673017,0.9319499491,0.9273163477,0.9199816778,0.9091678541,0.8961911068,0.8834553908,0.8725111021,0.8627839514,0.8516221883,0.8375177991,0.8210228329,0.8056014360,0.7937688922,0.7853285946,0.7771433067,0.7651483019,0.7477871848,0.7260297442,0.7038754235,0.6875256555,0.6829466217,0.6829466217,0.6829466217,0.6829466217,0.6805645324,0.6805645324,0.6805645324,0.6805645324,0.6805645324,0.6805645324,0.6805645324,0.6805645324,0.6805645324,0.6783970787,0.6771387854,0.6764801996,0.6763260112,0.6767149284,0.6770022801,0.6762804590,0.6739389967,0.6701968258,0.6660119412,0.6628162841,0.6613046678
2094,3,0,0.9997908385,0.9997908385,0.9997908385,0.9997908385,0.9997908385,0.9920763668,0.9852436319,0.9802066230,0.9802066230,0.9802066230,0.9802066230,0.9802066230,0.9802066230,0.9802066230,0.9802066230,0.9797124424,0.9782075354,0.9756358831,0.9722705231,0.9685301705,0.9650283996,0.9621549025,0.9599379311,0.9582968961,0.9572896109,0.9570283915,0.9570283915,0.9570283915,0.9570283915,0.9567144954,0.9559097579,0.9547972449,0.9536342277,0.9524680952,0.9511991705,0.9497851691,0.9485385804,0.9479539171,0.9479539171,0.9479539171,0.9473758623,0.9455738620,0.9429870372,0.9403441271,0.9378122555,0.9351673017,0.9319499491,0.9273163477,0.9199816778,0.9091678541,0.8961911068,0.8834553908,0.8725111021,0.8627839514,0.8516221883,0.8375177991,0.8210228329,0.8056014360,0.7937688922,0.7853285946,0.7771433067,0.7651483019,0.7477871848,0.7260297442,0.7038754235,0.6875256555,0.6829466217,0.6829466217,0.6829466217,0.6829466217,0.6805645324,0.6805645324,0.6805645324,0.6805645324,0.6805645324,0.6805645324,0.6805645324,0.6805645324,0.6805645324,0.6805645324,0.6783970787,0.6771387854,0.6764801996,0.6763260112,0.6767149284,0.6770022801,0.6762804590,0.6739389967,0.6701968258,0.6660119412,0.6628162841
2095,3,0,0.9997908385,0.9997908385,0.9997908385,0.9997908385,0.9997908385,0.9920763668,0.9852436319,0.9802066230,0.9802066230,0.9802066230,0.9802066230,0.9802066230,0.9802066230,0.9802066230,0.9802066230,0.9797124424,0.9782075354,0.9756358831,0.9722705231,0.9685301705,0.9650283996,0.9621549025,0.9599379311,0.9582968961,0.9572896109,0.9570283915,0.9570283915,0.9570283915,0.9570283915,0.9567144954,0.9559097579,0.9547972449,0.9536342277,0.9524680952,0.9511991705,0.9497851691,0.9485385804,0.9479539171,0.9479539171,0.9479539171,0.9473758623,0.9455738620,0.9429870372,0.9403441271,0.9378122555,0.9351673017,0.9319499491,0.9273163477,0.9199816778,0.9091678541,0.8961911068,0.8834553908,0.8725111021,0.8627839514,0.8516221883,0.8375177991,0.8210228329,0.8056014360,0.7937688922,0.7853285946,0.7771433067,0.7651483019,0.7477871848,0.7260297442,0.7038754235,0.6875256555,0.6829466217,0.6829466217,0.6829466217,0.6829466217,0.6805645324,0.6805645324,0.6805645324,0.6805645324,0.6805645324,0.6805645324,0.6805645324,0.6805645324,0.6805645324,0.6805645324,0.6805645324,0.6783970787,0.6771387854,0.6764801996,0.6763260112,0.6767149284,0.6770022801,0.6762804590,0.6739389967,0.6701968258,0.6660119412
2096,3,0,0.9997908385,0.9997908385,0.9997908385,0.9997908385,0.9997908385,0.9920763668,0.9852436319,0.9802066230,0.9802066230,0.9802066230,0.9802066230,0.9802066230,0.9802066230,0.9802066230,0.9802066230,0.9797124424,0.9782075354,0.9756358831,0.9722705231,0.9685301705,0.9650283996,0.9621549025,0.9599379311,0.9582968961,0.9572896109,0.9570283915,0.9570283915,0.9570283915,0.9570283915,0.9567144954,0.9559097579,0.9547972449,0.9536342277,0.9524680952,0.9511991705,0.9497851691,0.9485385804,0.9479539171,0.9479539171,0.9479539171,0.9473758623,0.9455738620,0.9429870372,0.9403441271,0.9378122555,0.9351673017,0.9319499491,0.9273163477,0.9199816778,0.9091678541,0.8961911068,0.8834553908,0.8725111021,0.8627839514,0.8516221883,0.8375177991,0.8210228329,0.8056014360,0.7937688922,0.7853285946,0.7771433067,0.7651483019,0.7477871848,0.7260297442,0.7038754235,0.6875256555,0.6829466217,0.6829466217,0.6829466217,0.6829466217,0.6805645324,0.6805645324,0.6805645324,0.6805645324,0.6805645324,0.6805645324,0.6805645324,0.6805645324,0.6805645324,0.6805645324,0.6805645324,0.6805645324,0.6783970787,0.6771387854,0.6764801996,0.6763260112,0.6767149284,0.6770022801,0.6762804590,0.6739389967,0.6701968258
2097,3,0,0.9997908385,0.9997908385,0.9997908385,0.9997908385,0.9997908385,0.9920763668,0.9852436319,0.9802066230,0.9802066230,0.9802066230,0.9802066230,0.9802066230,0.9802066230,0.9802066230,0.9802066230,0.9797124424,0.9782075354,0.9756358831,0.9722705231,0.9685301705,0.9650283996,0.9621549025,0.9599379311,0.9582968961,0.9572896109,0.9570283915,0.9570283915,0.9570283915,0.9570283915,0.9567144954,0.9559097579,0.9547972449,0.9536342277,0.9524680952,0.9511991705,0.9497851691,0.9485385804,0.9479539171,0.9479539171,0.9479539171,0.9473758623,0.9455738620,0.9429870372,0.9403441271,0.9378122555,0.9351673017,0.9319499491,0.9273163477,0.9199816778,0.9091678541,0.8961911068,0.8834553908,0.8725111021,0.8627839514,0.8516221883,0.8375177991,0.8210228329,0.8056014360,0.7937688922,0.7853285946,0.7771433067,0.7651483019,0.7477871848,0.7260297442,0.7038754235,0.6875256555,0.6829466217,0.6829466217,0.6829466217,0.6829466217,0.6805645324,0.6805645324,0.6805645324,0.6805645324,0.6805645324,0.6805645324,0.6805645324,0.6805645324,0.6805645324,0.6805645324,0.6805645324,0.6805645324,0.6805645324,0.6783970787,0.6771387854,0.6764801996,0.6763260112,0.6767149284,0.6770022801,0.6762804590,0.6739389967
2098,3,0,0.9997908385,0.9997908385,0.9997908385,0.9997908385,0.9997908385,0.9920763668,0.9852436319,0.9802066230,0.9802066230,0.9802066230,0.9802066230,0.9802066230,0.9802066230,0.9802066230,0.9802066230,0.9797124424,0.9782075354,0.9756358831,0.9722705231,0.9685301705,0.9650283996,0.9621549025,0.9599379311,0.9582968961,0.9572896109,0.9570283915,0.9570283915,0.9570283915,0.9570283915,0.9567144954,0.9559097579,0.9547972449,0.9536342277,0.9524680952,0.9511991705,0.9497851691,0.9485385804,0.9479539171,0.9479539171,0.9479539171,0.9473758623,0.9455738620,0.9429870372,0.9403441271,0.9378122555,0.9351673017,0.9319499491,0.9273163477,0.9199816778,0.9091678541,0.8961911068,0.8834553908,0.8725111021,0.8627839514,0.8516221883,0.8375177991,0.8210228329,0.8056014360,0.7937688922,0.7853285946,0.7771433067,0.7651483019,0.7477871848,0.7260297442,0.7038754235,0.6875256555,0.6829466217,0.6829466217,0.6829466217,0.6829466217,0.6805645324,0.6805645324,0.6805645324,0.6805645324,0.6805645324,0.6805645324,0.6805645324,0.6805645324,0.6805645324,0.6805645324,0.6805645324,0.6805645324,0.6805645324,0.6805645324,0.6783970787,0.6771387854,0.6764801996,0.6763260112,0.6767149284,0.6770022801,0.6762804590
2099,3,0,0.9997908385,0.9997908385,0.9997908385,0.9997908385,0.9997908385,0.9920763668,0.9852436319,0.9802066230,0.9802066230,0.9802066230,0.9802066230,0.9802066230,0.9802066230,0.9802066230,0.9802066230,0.9797124424,0.9782075354,0.9756358831,0.9722705231,0.9685301705,0.9650283996,0.9621549025,0.9599379311,0.9582968961,0.9572896109,0.9570283915,0.9570283915,0.9570283915,0.9570283915,0.9567144954,0.9559097579,0.9547972449,0.9536342277,0.9524680952,0.9511991705,0.9497851691,0.9485385804,0.9479539171,0.9479539171,0.9479539171,0.9473758623,0.9455738620,0.9429870372,0.9403441271,0.9378122555,0.9351673017,0.9319499491,0.9273163477,0.9199816778,0.9091678541,0.8961911068,0.8834553908,0.8725111021,0.8627839514,0.8516221883,0.8375177991,0.8210228329,0.8056014360,0.7937688922,0.7853285946,0.7771433067,0.7651483019,0.7477871848,0.7260297442,0.7038754235,0.6875256555,0.6829466217,0.6829466217,0.6829466217,0.6829466217,0.6805645324,0.6805645324,0.6805645324,0.6805645324,0.6805645324,0.6805645324,0.6805645324,0.6805645324,0.6805645324,0.6805645324,0.6805645324,0.6805645324,0.6805645324,0.6805645324,0.6805645324,0.6783970787,0.6771387854,0.6764801996,0.6763260112,0.6767149284,0.6770022801
2100,3,0,0.9997908385,0.9997908385,0.9997908385,0.9997908385,0.9997908385,0.9920763668,0.9852436319,0.9802066230,0.9802066230,0.9802066230,0.9802066230,0.9802066230,0.9802066230,0.9802066230,0.9802066230,0.9797124424,0.9782075354,0.9756358831,0.9722705231,0.9685301705,0.9650283996,0.9621549025,0.9599379311,0.9582968961,0.9572896109,0.9570283915,0.9570283915,0.9570283915,0.9570283915,0.9567144954,0.9559097579,0.9547972449,0.9536342277,0.9524680952,0.9511991705,0.9497851691,0.9485385804,0.9479539171,0.9479539171,0.9479539171,0.9473758623,0.9455738620,0.9429870372,0.9403441271,0.9378122555,0.9351673017,0.9319499491,0.9273163477,0.9199816778,0.9091678541,0.8961911068,0.8834553908,0.8725111021,0.8627839514,0.8516221883,0.8375177991,0.8210228329,0.8056014360,0.7937688922,0.7853285946,0.7771433067,0.7651483019,0.7477871848,0.7260297442,0.7038754235,0.6875256555,0.6829466217,0.6829466217,0.6829466217,0.6829466217,0.6805645324,0.6805645324,0.6805645324,0.6805645324,0.6805645324,0.6805645324,0.6805645324,0.6805645324,0.6805645324,0.6805645324,0.6805645324,0.6805645324,0.6805645324,0.6805645324,0.6805645324,0.6805645324,0.6783970787,0.6771387854,0.6764801996,0.6763260112,0.6767149284
2101,3,0,0.9997908385,0.9997908385,0.9997908385,0.9997908385,0.9997908385,0.9920763668,0.9852436319,0.9802066230,0.9802066230,0.9802066230,0.9802066230,0.9802066230,0.9802066230,0.9802066230,0.9802066230,0.9797124424,0.9782075354,0.9756358831,0.9722705231,0.9685301705,0.9650283996,0.9621549025,0.9599379311,0.9582968961,0.9572896109,0.9570283915,0.9570283915,0.9570283915,0.9570283915,0.9567144954,0.9559097579,0.9547972449,0.9536342277,0.9524680952,0.9511991705,0.9497851691,0.9485385804,0.9479539171,0.9479539171,0.9479539171,0.9473758623,0.9455738620,0.9429870372,0.9403441271,0.9378122555,0.9351673017,0.9319499491,0.9273163477,0.9199816778,0.9091678541,0.8961911068,0.8834553908,0.8725111021,0.8627839514,0.8516221883,0.8375177991,0.8210228329,0.8056014360,0.7937688922,0.7853285946,0.7771433067,0.7651483019,0.7477871848,0.7260297442,0.7038754235,0.6875256555,0.6829466217,0.6829466217,0.6829466217,0.6829466217,0.6805645324,0.6805645324,0.6805645324,0.6805645324,0.6805645324,0.6805645324,0.6805645324,0.6805645324,0.6805645324,0.6805645324,0.6805645324,0.6805645324,0.6805645324,0.6805645324,0.6805645324,0.6805645324,0.6805645324,0.6783970787,0.6771387854,0.6764801996,0.6763260112
2102,3,0,0.9997908385,0.9997908385,0.9997908385,0.9997908385,0.9997908385,0.9920763668,0.9852436319,0.9802066230,0.9802066230,0.9802066230,0.9802066230,0.9802066230,0.9802066230,0.9802066230,0.9802066230,0.9797124424,0.9782075354,0.9756358831,0.9722705231,0.9685301705,0.9650283996,0.9621549025,0.9599379311,0.9582968961,0.9572896109,0.9570283915,0.9570283915,0.9570283915,0.9570283915,0.9567144954,0.9559097579,0.9547972449,0.9536342277,0.9524680952,0.9511991705,0.9497851691,0.9485385804,0.9479539171,0.9479539171,0.9479539171,0.9473758623,0.9455738620,0.9429870372,0.9403441271,0.9378122555,0.9351673017,0.9319499491,0.9273163477,0.9199816778,0.9091678541,0.8961911068,0.8834553908,0.8725111021,0.8627839514,0.8516221883,0.8375177991,0.8210228329,0.8056014360,0.7937688922,0.7853285946,0.7771433067,0.7651483019,0.7477871848,0.7260297442,0.7038754235,0.6875256555,0.6829466217,0.6829466217,0.6829466217,0.6829466217,0.6805645324,0.6805645324,0.6805645324,0.6805645324,0.6805645324,0.6805645324,0.6805645324,0.6805645324,0.6805645324,0.6805645324,0.6805645324,0.6805645324,0.6805645324,0.6805645324,0.6805645324,0.6805645324,0.6805645324,0.6805645324,0.6783970787,0.6771387854,0.6764801996
2103,3,0,0.9997908385,0.9997908385,0.9997908385,0.9997908385,0.9997908385,0.9920763668,0.9852436319,0.9802066230,0.9802066230,0.9802066230,0.9802066230,0.9802066230,0.9802066230,0.9802066230,0.9802066230,0.9797124424,0.9782075354,0.9756358831,0.9722705231,0.9685301705,0.9650283996,0.9621549025,0.9599379311,0.9582968961,0.9572896109,0.9570283915,0.9570283915,0.9570283915,0.9570283915,0.9567144954,0.9559097579,0.9547972449,0.9536342277,0.9524680952,0.9511991705,0.9497851691,0.9485385804,0.9479539171,0.9479539171,0.9479539171,0.9473758623,0.9455738620,0.9429870372,0.9403441271,0.9378122555,0.9351673017,0.9319499491,0.9273163477,0.9199816778,0.9091678541,0.8961911068,0.8834553908,0.8725111021,0.8627839514,0.8516221883,0.8375177991,0.8210228329,0.8056014360,0.7937688922,0.7853285946,0.7771433067,0.7651483019,0.7477871848,0.7260297442,0.7038754235,0.6875256555,0.6829466217,0.6829466217,0.6829466217,0.6829466217,0.6805645324,0.6805645324,0.6805645324,0.6805645324,0.6805645324,0.6805645324,0.6805645324,0.6805645324,0.6805645324,0.6805645324,0.6805645324,0.6805645324,0.6805645324,0.6805645324,0.6805645324,0.6805645324,0.6805645324,0.6805645324,0.6805645324,0.6783970787,0.6771387854
2104,3,0,0.9997908385,0.9997908385,0.9997908385,0.9997908385,0.9997908385,0.9920763668,0.9852436319,0.9802066230,0.9802066230,0.9802066230,0.9802066230,0.9802066230,0.9802066230,0.9802066230,0.9802066230,0.9797124424,0.9782075354,0.9756358831,0.9722705231,0.9685301705,0.9650283996,0.9621549025,0.9599379311,0.9582968961,0.9572896109,0.9570283915,0.9570283915,0.9570283915,0.9570283915,0.9567144954,0.9559097579,0.9547972449,0.9536342277,0.9524680952,0.9511991705,0.9497851691,0.9485385804,0.9479539171,0.9479539171,0.9479539171,0.9473758623,0.9455738620,0.9429870372,0.9403441271,0.9378122555,0.9351673017,0.9319499491,0.9273163477,0.9199816778,0.9091678541,0.8961911068,0.8834553908,0.8725111021,0.8627839514,0.8516221883,0.8375177991,0.8210228329,0.8056014360,0.7937688922,0.7853285946,0.7771433067,0.7651483019,0.7477871848,0.7260297442,0.7038754235,0.6875256555,0.6829466217,0.6829466217,0.6829466217,0.6829466217,0.6805645324,0.6805645324,0.6805645324,0.6805645324,0.6805645324,0.6805645324,0.6805645324,0.6805645324,0.6805645324,0.6805645324,0.6805645324,0.6805645324,0.6805645324,0.6805645324,0.6805645324,0.6805645324,0.6805645324,0.6805645324,0.6805645324,0.6805645324,0.6783970787
2105,3,0,0.9997908385,0.9997908385,0.9997908385,0.9997908385,0.9997908385,0.9920763668,0.9852436319,0.9802066230,0.9802066230,0.9802066230,0.9802066230,0.9802066230,0.9802066230,0.9802066230,0.9802066230,0.9797124424,0.9782075354,0.9756358831,0.9722705231,0.9685301705,0.9650283996,0.9621549025,0.9599379311,0.9582968961,0.9572896109,0.9570283915,0.9570283915,0.9570283915,0.9570283915,0.9567144954,0.9559097579,0.9547972449,0.9536342277,0.9524680952,0.9511991705,0.9497851691,0.9485385804,0.9479539171,0.9479539171,0.9479539171,0.9473758623,0.9455738620,0.9429870372,0.9403441271,0.9378122555,0.9351673017,0.9319499491,0.9273163477,0.9199816778,0.9091678541,0.8961911068,0.8834553908,0.8725111021,0.8627839514,0.8516221883,0.8375177991,0.8210228329,0.8056014360,0.7937688922,0.7853285946,0.7771433067,0.7651483019,0.7477871848,0.7260297442,0.7038754235,0.6875256555,0.6829466217,0.6829466217,0.6829466217,0.6829466217,0.6805645324,0.6805645324,0.6805645324,0.6805645324,0.6805645324,0.6805645324,0.6805645324,0.6805645324,0.6805645324,0.6805645324,0.6805645324,0.6805645324,0.6805645324,0.6805645324,0.6805645324,0.6805645324,0.6805645324,0.6805645324,0.6805645324,0.6805645324,0.6805645324
2106,3,0,0.9997908385,0.9997908385,0.9997908385,0.9997908385,0.9997908385,0.9920763668,0.9852436319,0.9802066230,0.9802066230,0.9802066230,0.9802066230,0.9802066230,0.9802066230,0.9802066230,0.9802066230,0.9797124424,0.9782075354,0.9756358831,0.9722705231,0.9685301705,0.9650283996,0.9621549025,0.9599379311,0.9582968961,0.9572896109,0.9570283915,0.9570283915,0.9570283915,0.9570283915,0.9567144954,0.9559097579,0.9547972449,0.9536342277,0.9524680952,0.9511991705,0.9497851691,0.9485385804,0.9479539171,0.9479539171,0.9479539171,0.9473758623,0.9455738620,0.9429870372,0.9403441271,0.9378122555,0.9351673017,0.9319499491,0.9273163477,0.9199816778,0.9091678541,0.8961911068,0.8834553908,0.8725111021,0.8627839514,0.8516221883,0.8375177991,0.8210228329,0.8056014360,0.7937688922,0.7853285946,0.7771433067,0.7651483019,0.7477871848,0.7260297442,0.7038754235,0.6875256555,0.6829466217,0.6829466217,0.6829466217,0.6829466217,0.6805645324,0.6805645324,0.6805645324,0.6805645324,0.6805645324,0.6805645324,0.6805645324,0.6805645324,0.6805645324,0.6805645324,0.6805645324,0.6805645324,0.6805645324,0.6805645324,0.6805645324,0.6805645324,0.6805645324,0.6805645324,0.6805645324,0.6805645324,0.6805645324
2107,3,0,0.9997908385,0.9997908385,0.9997908385,0.9997908385,0.9997908385,0.9920763668,0.9852436319,0.9802066230,0.9802066230,0.9802066230,0.9802066230,0.9802066230,0.9802066230,0.9802066230,0.9802066230,0.9797124424,0.9782075354,0.9756358831,0.9722705231,0.9685301705,0.9650283996,0.9621549025,0.9599379311,0.9582968961,0.9572896109,0.9570283915,0.9570283915,0.9570283915,0.9570283915,0.9567144954,0.9559097579,0.9547972449,0.9536342277,0.9524680952,0.9511991705,0.9497851691,0.9485385804,0.9479539171,0.9479539171,0.9479539171,0.9473758623,0.9455738620,0.9429870372,0.9403441271,0.9378122555,0.9351673017,0.9319499491,0.9273163477,0.9199816778,0.9091678541,0.8961911068,0.8834553908,0.8725111021,0.8627839514,0.8516221883,0.8375177991,0.8210228329,0.8056014360,0.7937688922,0.7853285946,0.7771433067,0.7651483019,0.7477871848,0.7260297442,0.7038754235,0.6875256555,0.6829466217,0.6829466217,0.6829466217,0.6829466217,0.6805645324,0.6805645324,0.6805645324,0.6805645324,0.6805645324,0.6805645324,0.6805645324,0.6805645324,0.6805645324,0.6805645324,0.6805645324,0.6805645324,0.6805645324,0.6805645324,0.6805645324,0.6805645324,0.6805645324,0.6805645324,0.6805645324,0.6805645324,0.6805645324
2108,3,0,0.9997908385,0.9997908385,0.9997908385,0.9997908385,0.9997908385,0.9920763668,0.9852436319,0.9802066230,0.9802066230,0.9802066230,0.9802066230,0.9802066230,0.9802066230,0.9802066230,0.9802066230,0.9797124424,0.9782075354,0.9756358831,0.9722705231,0.9685301705,0.9650283996,0.9621549025,0.9599379311,0.9582968961,0.9572896109,0.9570283915,0.9570283915,0.9570283915,0.9570283915,0.9567144954,0.9559097579,0.9547972449,0.9536342277,0.9524680952,0.9511991705,0.9497851691,0.9485385804,0.9479539171,0.9479539171,0.9479539171,0.9473758623,0.9455738620,0.9429870372,0.9403441271,0.9378122555,0.9351673017,0.9319499491,0.9273163477,0.9199816778,0.9091678541,0.8961911068,0.8834553908,0.8725111021,0.8627839514,0.8516221883,0.8375177991,0.8210228329,0.8056014360,0.7937688922,0.7853285946,0.7771433067,0.7651483019,0.7477871848,0.7260297442,0.7038754235,0.6875256555,0.6829466217,0.6829466217,0.6829466217,0.6829466217,0.6805645324,0.6805645324,0.6805645324,0.6805645324,0.6805645324,0.6805645324,0.6805645324,0.6805645324,0.6805645324,0.6805645324,0.6805645324,0.6805645324,0.6805645324,0.6805645324,0.6805645324,0.6805645324,0.6805645324,0.6805645324,0.6805645324,0.6805645324,0.6805645324
2109,3,0,0.9997908385,0.9997908385,0.9997908385,0.9997908385,0.9997908385,0.9920763668,0.9852436319,0.9802066230,0.9802066230,0.9802066230,0.9802066230,0.9802066230,0.9802066230,0.9802066230,0.9802066230,0.9797124424,0.9782075354,0.9756358831,0.9722705231,0.9685301705,0.9650283996,0.9621549025,0.9599379311,0.9582968961,0.9572896109,0.9570283915,0.9570283915,0.9570283915,0.9570283915,0.9567144954,0.9559097579,0.9547972449,0.9536342277,0.9524680952,0.9511991705,0.9497851691,0.9485385804,0.9479539171,0.9479539171,0.9479539171,0.9473758623,0.9455738620,0.9429870372,0.9403441271,0.9378122555,0.9351673017,0.9319499491,0.9273163477,0.9199816778,0.9091678541,0.8961911068,0.8834553908,0.8725111021,0.8627839514,0.8516221883,0.8375177991,0.8210228329,0.8056014360,0.7937688922,0.7853285946,0.7771433067,0.7651483019,0.7477871848,0.7260297442,0.7038754235,0.6875256555,0.6829466217,0.6829466217,0.6829466217,0.6829466217,0.6805645324,0.6805645324,0.6805645324,0.6805645324,0.6805645324,0.6805645324,0.6805645324,0.6805645324,0.6805645324,0.6805645324,0.6805645324,0.6805645324,0.6805645324,0.6805645324,0.6805645324,0.6805645324,0.6805645324,0.6805645324,0.6805645324,0.6805645324,0.6805645324
2110,3,0,0.9997908385,0.9997908385,0.9997908385,0.9997908385,0.9997908385,0.9920763668,0.9852436319,0.9802066230,0.9802066230,0.9802066230,0.9802066230,0.9802066230,0.9802066230,0.9802066230,0.9802066230,0.9797124424,0.9782075354,0.9756358831,0.9722705231,0.9685301705,0.9650283996,0.9621549025,0.9599379311,0.9582968961,0.9572896109,0.9570283915,0.9570283915,0.9570283915,0.9570283915,0.9567144954,0.9559097579,0.9547972449,0.9536342277,0.9524680952,0.9511991705,0.9497851691,0.9485385804,0.9479539171,0.9479539171,0.9479539171,0.9473758623,0.9455738620,0.9429870372,0.9403441271,0.9378122555,0.9351673017,0.9319499491,0.9273163477,0.9199816778,0.9091678541,0.8961911068,0.8834553908,0.8725111021,0.8627839514,0.8516221883,0.8375177991,0.8210228329,0.8056014360,0.7937688922,0.7853285946,0.7771433067,0.7651483019,0.7477871848,0.7260297442,0.7038754235,0.6875256555,0.6829466217,0.6829466217,0.6829466217,0.6829466217,0.6805645324,0.6805645324,0.6805645324,0.6805645324,0.6805645324,0.6805645324,0.6805645324,0.6805645324,0.6805645324,0.6805645324,0.6805645324,0.6805645324,0.6805645324,0.6805645324,0.6805645324,0.6805645324,0.6805645324,0.6805645324,0.6805645324,0.6805645324,0.6805645324
2111,3,0,0.9997908385,0.9997908385,0.9997908385,0.9997908385,0.9997908385,0.9920763668,0.9852436319,0.9802066230,0.9802066230,0.9802066230,0.9802066230,0.9802066230,0.9802066230,0.9802066230,0.9802066230,0.9797124424,0.9782075354,0.9756358831,0.9722705231,0.9685301705,0.9650283996,0.9621549025,0.9599379311,0.9582968961,0.9572896109,0.9570283915,0.9570283915,0.9570283915,0.9570283915,0.9567144954,0.9559097579,0.9547972449,0.9536342277,0.9524680952,0.9511991705,0.9497851691,0.9485385804,0.9479539171,0.9479539171,0.9479539171,0.9473758623,0.9455738620,0.9429870372,0.9403441271,0.9378122555,0.9351673017,0.9319499491,0.9273163477,0.9199816778,0.9091678541,0.8961911068,0.8834553908,0.8725111021,0.8627839514,0.8516221883,0.8375177991,0.8210228329,0.8056014360,0.7937688922,0.7853285946,0.7771433067,0.7651483019,0.7477871848,0.7260297442,0.7038754235,0.6875256555,0.6829466217,0.6829466217,0.6829466217,0.6829466217,0.6805645324,0.6805645324,0.6805645324,0.6805645324,0.6805645324,0.6805645324,0.6805645324,0.6805645324,0.6805645324,0.6805645324,0.6805645324,0.6805645324,0.6805645324,0.6805645324,0.6805645324,0.6805645324,0.6805645324,0.6805645324,0.6805645324,0.6805645324,0.6805645324
2112,3,0,0.9997908385,0.9997908385,0.9997908385,0.9997908385,0.9997908385,0.9920763668,0.9852436319,0.9802066230,0.9802066230,0.9802066230,0.9802066230,0.9802066230,0.9802066230,0.9802066230,0.9802066230,0.9797124424,0.9782075354,0.9756358831,0.9722705231,0.9685301705,0.9650283996,0.9621549025,0.9599379311,0.9582968961,0.9572896109,0.9570283915,0.9570283915,0.9570283915,0.9570283915,0.9567144954,0.9559097579,0.9547972449,0.9536342277,0.9524680952,0.9511991705,0.9497851691,0.9485385804,0.9479539171,0.9479539171,0.9479539171,0.9473758623,0.9455738620,0.9429870372,0.9403441271,0.9378122555,0.9351673017,0.9319499491,0.9273163477,0.9199816778,0.9091678541,0.8961911068,0.8834553908,0.8725111021,0.8627839514,0.8516221883,0.8375177991,0.8210228329,0.8056014360,0.7937688922,0.7853285946,0.7771433067,0.7651483019,0.7477871848,0.7260297442,0.7038754235,0.6875256555,0.6829466217,0.6829466217,0.6829466217,0.6829466217,0.6805645324,0.6805645324,0.6805645324,0.6805645324,0.6805645324,0.6805645324,0.6805645324,0.6805645324,0.6805645324,0.6805645324,0.6805645324,0.6805645324,0.6805645324,0.6805645324,0.6805645324,0.6805645324,0.6805645324,0.6805645324,0.6805645324,0.6805645324,0.6805645324
2113,3,0,0.9997908385,0.9997908385,0.9997908385,0.9997908385,0.9997908385,0.9920763668,0.9852436319,0.9802066230,0.9802066230,0.9802066230,0.9802066230,0.9802066230,0.9802066230,0.9802066230,0.9802066230,0.9797124424,0.9782075354,0.9756358831,0.9722705231,0.9685301705,0.9650283996,0.9621549025,0.9599379311,0.9582968961,0.9572896109,0.9570283915,0.9570283915,0.9570283915,0.9570283915,0.9567144954,0.9559097579,0.9547972449,0.9536342277,0.9524680952,0.9511991705,0.9497851691,0.9485385804,0.9479539171,0.9479539171,0.9479539171,0.9473758623,0.9455738620,0.9429870372,0.9403441271,0.9378122555,0.9351673017,0.9319499491,0.9273163477,0.9199816778,0.9091678541,0.8961911068,0.8834553908,0.8725111021,0.8627839514,0.8516221883,0.8375177991,0.8210228329,0.8056014360,0.7937688922,0.7853285946,0.7771433067,0.7651483019,0.7477871848,0.7260297442,0.7038754235,0.6875256555,0.6829466217,0.6829466217,0.6829466217,0.6829466217,0.6805645324,0.6805645324,0.6805645324,0.6805645324,0.6805645324,0.6805645324,0.6805645324,0.6805645324,0.6805645324,0.6805645324,0.6805645324,0.6805645324,0.6805645324,0.6805645324,0.6805645324,0.6805645324,0.6805645324,0.6805645324,0.6805645324,0.6805645324,0.6805645324
2114,3,0,0.9997908385,0.9997908385,0.9997908385,0.9997908385,0.9997908385,0.9920763668,0.9852436319,0.9802066230,0.9802066230,0.9802066230,0.9802066230,0.9802066230,0.9802066230,0.9802066230,0.9802066230,0.9797124424,0.9782075354,0.9756358831,0.9722705231,0.9685301705,0.9650283996,0.9621549025,0.9599379311,0.9582968961,0.9572896109,0.9570283915,0.9570283915,0.9570283915,0.9570283915,0.9567144954,0.9559097579,0.9547972449,0.9536342277,0.9524680952,0.9511991705,0.9497851691,0.9485385804,0.9479539171,0.9479539171,0.9479539171,0.9473758623,0.9455738620,0.9429870372,0.9403441271,0.9378122555,0.9351673017,0.9319499491,0.9273163477,0.9199816778,0.9091678541,0.8961911068,0.8834553908,0.8725111021,0.8627839514,0.8516221883,0.8375177991,0.8210228329,0.8056014360,0.7937688922,0.7853285946,0.7771433067,0.7651483019,0.7477871848,0.7260297442,0.7038754235,0.6875256555,0.6829466217,0.6829466217,0.6829466217,0.6829466217,0.6805645324,0.6805645324,0.6805645324,0.6805645324,0.6805645324,0.6805645324,0.6805645324,0.6805645324,0.6805645324,0.6805645324,0.6805645324,0.6805645324,0.6805645324,0.6805645324,0.6805645324,0.6805645324,0.6805645324,0.6805645324,0.6805645324,0.6805645324,0.6805645324
2115,3,0,0.9997908385,0.9997908385,0.9997908385,0.9997908385,0.9997908385,0.9920763668,0.9852436319,0.9802066230,0.9802066230,0.9802066230,0.9802066230,0.9802066230,0.9802066230,0.9802066230,0.9802066230,0.9797124424,0.9782075354,0.9756358831,0.9722705231,0.9685301705,0.9650283996,0.9621549025,0.9599379311,0.9582968961,0.9572896109,0.9570283915,0.9570283915,0.9570283915,0.9570283915,0.9567144954,0.9559097579,0.9547972449,0.9536342277,0.9524680952,0.9511991705,0.9497851691,0.9485385804,0.9479539171,0.9479539171,0.9479539171,0.9473758623,0.9455738620,0.9429870372,0.9403441271,0.9378122555,0.9351673017,0.9319499491,0.9273163477,0.9199816778,0.9091678541,0.8961911068,0.8834553908,0.8725111021,0.8627839514,0.8516221883,0.8375177991,0.8210228329,0.8056014360,0.7937688922,0.7853285946,0.7771433067,0.7651483019,0.7477871848,0.7260297442,0.7038754235,0.6875256555,0.6829466217,0.6829466217,0.6829466217,0.6829466217,0.6805645324,0.6805645324,0.6805645324,0.6805645324,0.6805645324,0.6805645324,0.6805645324,0.6805645324,0.6805645324,0.6805645324,0.6805645324,0.6805645324,0.6805645324,0.6805645324,0.6805645324,0.6805645324,0.6805645324,0.6805645324,0.6805645324,0.6805645324,0.6805645324
2116,3,0,0.9997908385,0.9997908385,0.9997908385,0.9997908385,0.9997908385,0.9920763668,0.9852436319,0.9802066230,0.9802066230,0.9802066230,0.9802066230,0.9802066230,0.9802066230,0.9802066230,0.9802066230,0.9797124424,0.9782075354,0.9756358831,0.9722705231,0.9685301705,0.9650283996,0.9621549025,0.9599379311,0.9582968961,0.9572896109,0.9570283915,0.9570283915,0.9570283915,0.9570283915,0.9567144954,0.9559097579,0.9547972449,0.9536342277,0.9524680952,0.9511991705,0.9497851691,0.9485385804,0.9479539171,0.9479539171,0.9479539171,0.9473758623,0.9455738620,0.9429870372,0.9403441271,0.9378122555,0.9351673017,0.9319499491,0.9273163477,0.9199816778,0.9091678541,0.8961911068,0.8834553908,0.8725111021,0.8627839514,0.8516221883,0.8375177991,0.8210228329,0.8056014360,0.7937688922,0.7853285946,0.7771433067,0.7651483019,0.7477871848,0.7260297442,0.7038754235,0.6875256555,0.6829466217,0.6829466217,0.6829466217,0.6829466217,0.6805645324,0.6805645324,0.6805645324,0.6805645324,0.6805645324,0.6805645324,0.6805645324,0.6805645324,0.6805645324,0.6805645324,0.6805645324,0.6805645324,0.6805645324,0.6805645324,0.6805645324,0.6805645324,0.6805645324,0.6805645324,0.6805645324,0.6805645324,0.6805645324
2117,3,0,0.9997908385,0.9997908385,0.9997908385,0.9997908385,0.9997908385,0.9920763668,0.9852436319,0.9802066230,0.9802066230,0.9802066230,0.9802066230,0.9802066230,0.9802066230,0.9802066230,0.9802066230,0.9797124424,0.9782075354,0.9756358831,0.9722705231,0.9685301705,0.9650283996,0.9621549025,0.9599379311,0.9582968961,0.9572896109,0.9570283915,0.9570283915,0.9570283915,0.9570283915,0.9567144954,0.9559097579,0.9547972449,0.9536342277,0.9524680952,0.9511991705,0.9497851691,0.9485385804,0.9479539171,0.9479539171,0.9479539171,0.9473758623,0.9455738620,0.9429870372,0.9403441271,0.9378122555,0.9351673017,0.9319499491,0.9273163477,0.9199816778,0.9091678541,0.8961911068,0.8834553908,0.8725111021,0.8627839514,0.8516221883,0.8375177991,0.8210228329,0.8056014360,0.7937688922,0.7853285946,0.7771433067,0.7651483019,0.7477871848,0.7260297442,0.7038754235,0.6875256555,0.6829466217,0.6829466217,0.6829466217,0.6829466217,0.6805645324,0.6805645324,0.6805645324,0.6805645324,0.6805645324,0.6805645324,0.6805645324,0.6805645324,0.6805645324,0.6805645324,0.6805645324,0.6805645324,0.6805645324,0.6805645324,0.6805645324,0.6805645324,0.6805645324,0.6805645324,0.6805645324,0.6805645324,0.6805645324
2118,3,0,0.9997908385,0.9997908385,0.9997908385,0.9997908385,0.9997908385,0.9920763668,0.9852436319,0.9802066230,0.9802066230,0.9802066230,0.9802066230,0.9802066230,0.9802066230,0.9802066230,0.9802066230,0.9797124424,0.9782075354,0.9756358831,0.9722705231,0.9685301705,0.9650283996,0.9621549025,0.9599379311,0.9582968961,0.9572896109,0.9570283915,0.9570283915,0.9570283915,0.9570283915,0.9567144954,0.9559097579,0.9547972449,0.9536342277,0.9524680952,0.9511991705,0.9497851691,0.9485385804,0.9479539171,0.9479539171,0.9479539171,0.9473758623,0.9455738620,0.9429870372,0.9403441271,0.9378122555,0.9351673017,0.9319499491,0.9273163477,0.9199816778,0.9091678541,0.8961911068,0.8834553908,0.8725111021,0.8627839514,0.8516221883,0.8375177991,0.8210228329,0.8056014360,0.7937688922,0.7853285946,0.7771433067,0.7651483019,0.7477871848,0.7260297442,0.7038754235,0.6875256555,0.6829466217,0.6829466217,0.6829466217,0.6829466217,0.6805645324,0.6805645324,0.6805645324,0.6805645324,0.6805645324,0.6805645324,0.6805645324,0.6805645324,0.6805645324,0.6805645324,0.6805645324,0.6805645324,0.6805645324,0.6805645324,0.6805645324,0.6805645324,0.6805645324,0.6805645324,0.6805645324,0.6805645324,0.6805645324
2119,3,0,0.9997908385,0.9997908385,0.9997908385,0.9997908385,0.9997908385,0.9920763668,0.9852436319,0.9802066230,0.9802066230,0.9802066230,0.9802066230,0.9802066230,0.9802066230,0.9802066230,0.9802066230,0.9797124424,0.9782075354,0.9756358831,0.9722705231,0.9685301705,0.9650283996,0.9621549025,0.9599379311,0.9582968961,0.9572896109,0.9570283915,0.9570283915,0.9570283915,0.9570283915,0.9567144954,0.9559097579,0.9547972449,0.9536342277,0.9524680952,0.9511991705,0.9497851691,0.9485385804,0.9479539171,0.9479539171,0.9479539171,0.9473758623,0.9455738620,0.9429870372,0.9403441271,0.9378122555,0.9351673017,0.9319499491,0.9273163477,0.9199816778,0.9091678541,0.8961911068,0.8834553908,0.8725111021,0.8627839514,0.8516221883,0.8375177991,0.8210228329,0.8056014360,0.7937688922,0.7853285946,0.7771433067,0.7651483019,0.7477871848,0.7260297442,0.7038754235,0.6875256555,0.6829466217,0.6829466217,0.6829466217,0.6829466217,0.6805645324,0.6805645324,0.6805645324,0.6805645324,0.6805645324,0.6805645324,0.6805645324,0.6805645324,0.6805645324,0.6805645324,0.6805645324,0.6805645324,0.6805645324,0.6805645324,0.6805645324,0.6805645324,0.6805645324,0.6805645324,0.6805645324,0.6805645324,0.6805645324
2120,3,0,0.9997908385,0.9997908385,0.9997908385,0.9997908385,0.9997908385,0.9920763668,0.9852436319,0.9802066230,0.9802066230,0.9802066230,0.9802066230,0.9802066230,0.9802066230,0.9802066230,0.9802066230,0.9797124424,0.9782075354,0.9756358831,0.9722705231,0.9685301705,0.9650283996,0.9621549025,0.9599379311,0.9582968961,0.9572896109,0.9570283915,0.9570283915,0.9570283915,0.9570283915,0.9567144954,0.9559097579,0.9547972449,0.9536342277,0.9524680952,0.9511991705,0.9497851691,0.9485385804,0.9479539171,0.9479539171,0.9479539171,0.9473758623,0.9455738620,0.9429870372,0.9403441271,0.9378122555,0.9351673017,0.9319499491,0.9273163477,0.9199816778,0.9091678541,0.8961911068,0.8834553908,0.8725111021,0.8627839514,0.8516221883,0.8375177991,0.8210228329,0.8056014360,0.7937688922,0.7853285946,0.7771433067,0.7651483019,0.7477871848,0.7260297442,0.7038754235,0.6875256555,0.6829466217,0.6829466217,0.6829466217,0.6829466217,0.6805645324,0.6805645324,0.6805645324,0.6805645324,0.6805645324,0.6805645324,0.6805645324,0.6805645324,0.6805645324,0.6805645324,0.6805645324,0.6805645324,0.6805645324,0.6805645324,0.6805645324,0.6805645324,0.6805645324,0.6805645324,0.6805645324,0.6805645324,0.6805645324
2121,3,0,0.9997908385,0.9997908385,0.9997908385,0.9997908385,0.9997908385,0.9920763668,0.9852436319,0.9802066230,0.9802066230,0.9802066230,0.9802066230,0.9802066230,0.9802066230,0.9802066230,0.9802066230,0.9797124424,0.9782075354,0.9756358831,0.9722705231,0.9685301705,0.9650283996,0.9621549025,0.9599379311,0.9582968961,0.9572896109,0.9570283915,0.9570283915,0.9570283915,0.9570283915,0.9567144954,0.9559097579,0.9547972449,0.9536342277,0.9524680952,0.9511991705,0.9497851691,0.9485385804,0.9479539171,0.9479539171,0.9479539171,0.9473758623,0.9455738620,0.9429870372,0.9403441271,0.9378122555,0.9351673017,0.9319499491,0.9273163477,0.9199816778,0.9091678541,0.8961911068,0.8834553908,0.8725111021,0.8627839514,0.8516221883,0.8375177991,0.8210228329,0.8056014360,0.7937688922,0.7853285946,0.7771433067,0.7651483019,0.7477871848,0.7260297442,0.7038754235,0.6875256555,0.6829466217,0.6829466217,0.6829466217,0.6829466217,0.6805645324,0.6805645324,0.6805645324,0.6805645324,0.6805645324,0.6805645324,0.6805645324,0.6805645324,0.6805645324,0.6805645324,0.6805645324,0.6805645324,0.6805645324,0.6805645324,0.6805645324,0.6805645324,0.6805645324,0.6805645324,0.6805645324,0.6805645324,0.6805645324
2122,3,0,0.9997908385,0.9997908385,0.9997908385,0.9997908385,0.9997908385,0.9920763668,0.9852436319,0.9802066230,0.9802066230,0.9802066230,0.9802066230,0.9802066230,0.9802066230,0.9802066230,0.9802066230,0.9797124424,0.9782075354,0.9756358831,0.9722705231,0.9685301705,0.9650283996,0.9621549025,0.9599379311,0.9582968961,0.9572896109,0.9570283915,0.9570283915,0.9570283915,0.9570283915,0.9567144954,0.9559097579,0.9547972449,0.9536342277,0.9524680952,0.9511991705,0.9497851691,0.9485385804,0.9479539171,0.9479539171,0.9479539171,0.9473758623,0.9455738620,0.9429870372,0.9403441271,0.9378122555,0.9351673017,0.9319499491,0.9273163477,0.9199816778,0.9091678541,0.8961911068,0.8834553908,0.8725111021,0.8627839514,0.8516221883,0.8375177991,0.8210228329,0.8056014360,0.7937688922,0.7853285946,0.7771433067,0.7651483019,0.7477871848,0.7260297442,0.7038754235,0.6875256555,0.6829466217,0.6829466217,0.6829466217,0.6829466217,0.6805645324,0.6805645324,0.6805645324,0.6805645324,0.6805645324,0.6805645324,0.6805645324,0.6805645324,0.6805645324,0.6805645324,0.6805645324,0.6805645324,0.6805645324,0.6805645324,0.6805645324,0.6805645324,0.6805645324,0.6805645324,0.6805645324,0.6805645324,0.6805645324
2123,3,0,0.9997908385,0.9997908385,0.9997908385,0.9997908385,0.9997908385,0.9920763668,0.9852436319,0.9802066230,0.9802066230,0.9802066230,0.9802066230,0.9802066230,0.9802066230,0.9802066230,0.9802066230,0.9797124424,0.9782075354,0.9756358831,0.9722705231,0.9685301705,0.9650283996,0.9621549025,0.9599379311,0.9582968961,0.9572896109,0.9570283915,0.9570283915,0.9570283915,0.9570283915,0.9567144954,0.9559097579,0.9547972449,0.9536342277,0.9524680952,0.9511991705,0.9497851691,0.9485385804,0.9479539171,0.9479539171,0.9479539171,0.9473758623,0.9455738620,0.9429870372,0.9403441271,0.9378122555,0.9351673017,0.9319499491,0.9273163477,0.9199816778,0.9091678541,0.8961911068,0.8834553908,0.8725111021,0.8627839514,0.8516221883,0.8375177991,0.8210228329,0.8056014360,0.7937688922,0.7853285946,0.7771433067,0.7651483019,0.7477871848,0.7260297442,0.7038754235,0.6875256555,0.6829466217,0.6829466217,0.6829466217,0.6829466217,0.6805645324,0.6805645324,0.6805645324,0.6805645324,0.6805645324,0.6805645324,0.6805645324,0.6805645324,0.6805645324,0.6805645324,0.6805645324,0.6805645324,0.6805645324,0.6805645324,0.6805645324,0.6805645324,0.6805645324,0.6805645324,0.6805645324,0.6805645324,0.6805645324
2124,3,0,0.9997908385,0.9997908385,0.9997908385,0.9997908385,0.9997908385,0.9920763668,0.9852436319,0.9802066230,0.9802066230,0.9802066230,0.9802066230,0.9802066230,0.9802066230,0.9802066230,0.9802066230,0.9797124424,0.9782075354,0.9756358831,0.9722705231,0.9685301705,0.9650283996,0.9621549025,0.9599379311,0.9582968961,0.9572896109,0.9570283915,0.9570283915,0.9570283915,0.9570283915,0.9567144954,0.9559097579,0.9547972449,0.9536342277,0.9524680952,0.9511991705,0.9497851691,0.9485385804,0.9479539171,0.9479539171,0.9479539171,0.9473758623,0.9455738620,0.9429870372,0.9403441271,0.9378122555,0.9351673017,0.9319499491,0.9273163477,0.9199816778,0.9091678541,0.8961911068,0.8834553908,0.8725111021,0.8627839514,0.8516221883,0.8375177991,0.8210228329,0.8056014360,0.7937688922,0.7853285946,0.7771433067,0.7651483019,0.7477871848,0.7260297442,0.7038754235,0.6875256555,0.6829466217,0.6829466217,0.6829466217,0.6829466217,0.6805645324,0.6805645324,0.6805645324,0.6805645324,0.6805645324,0.6805645324,0.6805645324,0.6805645324,0.6805645324,0.6805645324,0.6805645324,0.6805645324,0.6805645324,0.6805645324,0.6805645324,0.6805645324,0.6805645324,0.6805645324,0.6805645324,0.6805645324,0.6805645324
2125,3,0,0.9997908385,0.9997908385,0.9997908385,0.9997908385,0.9997908385,0.9920763668,0.9852436319,0.9802066230,0.9802066230,0.9802066230,0.9802066230,0.9802066230,0.9802066230,0.9802066230,0.9802066230,0.9797124424,0.9782075354,0.9756358831,0.9722705231,0.9685301705,0.9650283996,0.9621549025,0.9599379311,0.9582968961,0.9572896109,0.9570283915,0.9570283915,0.9570283915,0.9570283915,0.9567144954,0.9559097579,0.9547972449,0.9536342277,0.9524680952,0.9511991705,0.9497851691,0.9485385804,0.9479539171,0.9479539171,0.9479539171,0.9473758623,0.9455738620,0.9429870372,0.9403441271,0.9378122555,0.9351673017,0.9319499491,0.9273163477,0.9199816778,0.9091678541,0.8961911068,0.8834553908,0.8725111021,0.8627839514,0.8516221883,0.8375177991,0.8210228329,0.8056014360,0.7937688922,0.7853285946,0.7771433067,0.7651483019,0.7477871848,0.7260297442,0.7038754235,0.6875256555,0.6829466217,0.6829466217,0.6829466217,0.6829466217,0.6805645324,0.6805645324,0.6805645324,0.6805645324,0.6805645324,0.6805645324,0.6805645324,0.6805645324,0.6805645324,0.6805645324,0.6805645324,0.6805645324,0.6805645324,0.6805645324,0.6805645324,0.6805645324,0.6805645324,0.6805645324,0.6805645324,0.6805645324,0.6805645324
2126,3,0,0.9997908385,0.9997908385,0.9997908385,0.9997908385,0.9997908385,0.9920763668,0.9852436319,0.9802066230,0.9802066230,0.9802066230,0.9802066230,0.9802066230,0.9802066230,0.9802066230,0.9802066230,0.9797124424,0.9782075354,0.9756358831,0.9722705231,0.9685301705,0.9650283996,0.9621549025,0.9599379311,0.9582968961,0.9572896109,0.9570283915,0.9570283915,0.9570283915,0.9570283915,0.9567144954,0.9559097579,0.9547972449,0.9536342277,0.9524680952,0.9511991705,0.9497851691,0.9485385804,0.9479539171,0.9479539171,0.9479539171,0.9473758623,0.9455738620,0.9429870372,0.9403441271,0.9378122555,0.9351673017,0.9319499491,0.9273163477,0.9199816778,0.9091678541,0.8961911068,0.8834553908,0.8725111021,0.8627839514,0.8516221883,0.8375177991,0.8210228329,0.8056014360,0.7937688922,0.7853285946,0.7771433067,0.7651483019,0.7477871848,0.7260297442,0.7038754235,0.6875256555,0.6829466217,0.6829466217,0.6829466217,0.6829466217,0.6805645324,0.6805645324,0.6805645324,0.6805645324,0.6805645324,0.6805645324,0.6805645324,0.6805645324,0.6805645324,0.6805645324,0.6805645324,0.6805645324,0.6805645324,0.6805645324,0.6805645324,0.6805645324,0.6805645324,0.6805645324,0.6805645324,0.6805645324,0.6805645324
2127,3,0,0.9997908385,0.9997908385,0.9997908385,0.9997908385,0.9997908385,0.9920763668,0.9852436319,0.9802066230,0.9802066230,0.9802066230,0.9802066230,0.9802066230,0.9802066230,0.9802066230,0.9802066230,0.9797124424,0.9782075354,0.9756358831,0.9722705231,0.9685301705,0.9650283996,0.9621549025,0.9599379311,0.9582968961,0.9572896109,0.9570283915,0.9570283915,0.9570283915,0.9570283915,0.9567144954,0.9559097579,0.9547972449,0.9536342277,0.9524680952,0.9511991705,0.9497851691,0.9485385804,0.9479539171,0.9479539171,0.9479539171,0.9473758623,0.9455738620,0.9429870372,0.9403441271,0.9378122555,0.9351673017,0.9319499491,0.9273163477,0.9199816778,0.9091678541,0.8961911068,0.8834553908,0.8725111021,0.8627839514,0.8516221883,0.8375177991,0.8210228329,0.8056014360,0.7937688922,0.7853285946,0.7771433067,0.7651483019,0.7477871848,0.7260297442,0.7038754235,0.6875256555,0.6829466217,0.6829466217,0.6829466217,0.6829466217,0.6805645324,0.6805645324,0.6805645324,0.6805645324,0.6805645324,0.6805645324,0.6805645324,0.6805645324,0.6805645324,0.6805645324,0.6805645324,0.6805645324,0.6805645324,0.6805645324,0.6805645324,0.6805645324,0.6805645324,0.6805645324,0.6805645324,0.6805645324,0.6805645324
2128,3,0,0.9997908385,0.9997908385,0.9997908385,0.9997908385,0.9997908385,0.9920763668,0.9852436319,0.9802066230,0.9802066230,0.9802066230,0.9802066230,0.9802066230,0.9802066230,0.9802066230,0.9802066230,0.9797124424,0.9782075354,0.9756358831,0.9722705231,0.9685301705,0.9650283996,0.9621549025,0.9599379311,0.9582968961,0.9572896109,0.9570283915,0.9570283915,0.9570283915,0.9570283915,0.9567144954,0.9559097579,0.9547972449,0.9536342277,0.9524680952,0.9511991705,0.9497851691,0.9485385804,0.9479539171,0.9479539171,0.9479539171,0.9473758623,0.9455738620,0.9429870372,0.9403441271,0.9378122555,0.9351673017,0.9319499491,0.9273163477,0.9199816778,0.9091678541,0.8961911068,0.8834553908,0.8725111021,0.8627839514,0.8516221883,0.8375177991,0.8210228329,0.8056014360,0.7937688922,0.7853285946,0.7771433067,0.7651483019,0.7477871848,0.7260297442,0.7038754235,0.6875256555,0.6829466217,0.6829466217,0.6829466217,0.6829466217,0.6805645324,0.6805645324,0.6805645324,0.6805645324,0.6805645324,0.6805645324,0.6805645324,0.6805645324,0.6805645324,0.6805645324,0.6805645324,0.6805645324,0.6805645324,0.6805645324,0.6805645324,0.6805645324,0.6805645324,0.6805645324,0.6805645324,0.6805645324,0.6805645324
2129,3,0,0.9997908385,0.9997908385,0.9997908385,0.9997908385,0.9997908385,0.9920763668,0.9852436319,0.9802066230,0.9802066230,0.9802066230,0.9802066230,0.9802066230,0.9802066230,0.9802066230,0.9802066230,0.9797124424,0.9782075354,0.9756358831,0.9722705231,0.9685301705,0.9650283996,0.9621549025,0.9599379311,0.9582968961,0.9572896109,0.9570283915,0.9570283915,0.9570283915,0.9570283915,0.9567144954,0.9559097579,0.9547972449,0.9536342277,0.9524680952,0.9511991705,0.9497851691,0.9485385804,0.9479539171,0.9479539171,0.9479539171,0.9473758623,0.9455738620,0.9429870372,0.9403441271,0.9378122555,0.9351673017,0.9319499491,0.9273163477,0.9199816778,0.9091678541,0.8961911068,0.8834553908,0.8725111021,0.8627839514,0.8516221883,0.8375177991,0.8210228329,0.8056014360,0.7937688922,0.7853285946,0.7771433067,0.7651483019,0.7477871848,0.7260297442,0.7038754235,0.6875256555,0.6829466217,0.6829466217,0.6829466217,0.6829466217,0.6805645324,0.6805645324,0.6805645324,0.6805645324,0.6805645324,0.6805645324,0.6805645324,0.6805645324,0.6805645324,0.6805645324,0.6805645324,0.6805645324,0.6805645324,0.6805645324,0.6805645324,0.6805645324,0.6805645324,0.6805645324,0.6805645324,0.6805645324,0.6805645324
2130,3,0,0.9997908385,0.9997908385,0.9997908385,0.9997908385,0.9997908385,0.9920763668,0.9852436319,0.9802066230,0.9802066230,0.9802066230,0.9802066230,0.9802066230,0.9802066230,0.9802066230,0.9802066230,0.9797124424,0.9782075354,0.9756358831,0.9722705231,0.9685301705,0.9650283996,0.9621549025,0.9599379311,0.9582968961,0.9572896109,0.9570283915,0.9570283915,0.9570283915,0.9570283915,0.9567144954,0.9559097579,0.9547972449,0.9536342277,0.9524680952,0.9511991705,0.9497851691,0.9485385804,0.9479539171,0.9479539171,0.9479539171,0.9473758623,0.9455738620,0.9429870372,0.9403441271,0.9378122555,0.9351673017,0.9319499491,0.9273163477,0.9199816778,0.9091678541,0.8961911068,0.8834553908,0.8725111021,0.8627839514,0.8516221883,0.8375177991,0.8210228329,0.8056014360,0.7937688922,0.7853285946,0.7771433067,0.7651483019,0.7477871848,0.7260297442,0.7038754235,0.6875256555,0.6829466217,0.6829466217,0.6829466217,0.6829466217,0.6805645324,0.6805645324,0.6805645324,0.6805645324,0.6805645324,0.6805645324,0.6805645324,0.6805645324,0.6805645324,0.6805645324,0.6805645324,0.6805645324,0.6805645324,0.6805645324,0.6805645324,0.6805645324,0.6805645324,0.6805645324,0.6805645324,0.6805645324,0.6805645324
2131,3,0,0.9997908385,0.9997908385,0.9997908385,0.9997908385,0.9997908385,0.9920763668,0.9852436319,0.9802066230,0.9802066230,0.9802066230,0.9802066230,0.9802066230,0.9802066230,0.9802066230,0.9802066230,0.9797124424,0.9782075354,0.9756358831,0.9722705231,0.9685301705,0.9650283996,0.9621549025,0.9599379311,0.9582968961,0.9572896109,0.9570283915,0.9570283915,0.9570283915,0.9570283915,0.9567144954,0.9559097579,0.9547972449,0.9536342277,0.9524680952,0.9511991705,0.9497851691,0.9485385804,0.9479539171,0.9479539171,0.9479539171,0.9473758623,0.9455738620,0.9429870372,0.9403441271,0.9378122555,0.9351673017,0.9319499491,0.9273163477,0.9199816778,0.9091678541,0.8961911068,0.8834553908,0.8725111021,0.8627839514,0.8516221883,0.8375177991,0.8210228329,0.8056014360,0.7937688922,0.7853285946,0.7771433067,0.7651483019,0.7477871848,0.7260297442,0.7038754235,0.6875256555,0.6829466217,0.6829466217,0.6829466217,0.6829466217,0.6805645324,0.6805645324,0.6805645324,0.6805645324,0.6805645324,0.6805645324,0.6805645324,0.6805645324,0.6805645324,0.6805645324,0.6805645324,0.6805645324,0.6805645324,0.6805645324,0.6805645324,0.6805645324,0.6805645324,0.6805645324,0.6805645324,0.6805645324,0.6805645324
2132,3,0,0.9997908385,0.9997908385,0.9997908385,0.9997908385,0.9997908385,0.9920763668,0.9852436319,0.9802066230,0.9802066230,0.9802066230,0.9802066230,0.9802066230,0.9802066230,0.9802066230,0.9802066230,0.9797124424,0.9782075354,0.9756358831,0.9722705231,0.9685301705,0.9650283996,0.9621549025,0.9599379311,0.9582968961,0.9572896109,0.9570283915,0.9570283915,0.9570283915,0.9570283915,0.9567144954,0.9559097579,0.9547972449,0.9536342277,0.9524680952,0.9511991705,0.9497851691,0.9485385804,0.9479539171,0.9479539171,0.9479539171,0.9473758623,0.9455738620,0.9429870372,0.9403441271,0.9378122555,0.9351673017,0.9319499491,0.9273163477,0.9199816778,0.9091678541,0.8961911068,0.8834553908,0.8725111021,0.8627839514,0.8516221883,0.8375177991,0.8210228329,0.8056014360,0.7937688922,0.7853285946,0.7771433067,0.7651483019,0.7477871848,0.7260297442,0.7038754235,0.6875256555,0.6829466217,0.6829466217,0.6829466217,0.6829466217,0.6805645324,0.6805645324,0.6805645324,0.6805645324,0.6805645324,0.6805645324,0.6805645324,0.6805645324,0.6805645324,0.6805645324,0.6805645324,0.6805645324,0.6805645324,0.6805645324,0.6805645324,0.6805645324,0.6805645324,0.6805645324,0.6805645324,0.6805645324,0.6805645324
2133,3,0,0.9997908385,0.9997908385,0.9997908385,0.9997908385,0.9997908385,0.9920763668,0.9852436319,0.9802066230,0.9802066230,0.9802066230,0.9802066230,0.9802066230,0.9802066230,0.9802066230,0.9802066230,0.9797124424,0.9782075354,0.9756358831,0.9722705231,0.9685301705,0.9650283996,0.9621549025,0.9599379311,0.9582968961,0.9572896109,0.9570283915,0.9570283915,0.9570283915,0.9570283915,0.9567144954,0.9559097579,0.9547972449,0.9536342277,0.9524680952,0.9511991705,0.9497851691,0.9485385804,0.9479539171,0.9479539171,0.9479539171,0.9473758623,0.9455738620,0.9429870372,0.9403441271,0.9378122555,0.9351673017,0.9319499491,0.9273163477,0.9199816778,0.9091678541,0.8961911068,0.8834553908,0.8725111021,0.8627839514,0.8516221883,0.8375177991,0.8210228329,0.8056014360,0.7937688922,0.7853285946,0.7771433067,0.7651483019,0.7477871848,0.7260297442,0.7038754235,0.6875256555,0.6829466217,0.6829466217,0.6829466217,0.6829466217,0.6805645324,0.6805645324,0.6805645324,0.6805645324,0.6805645324,0.6805645324,0.6805645324,0.6805645324,0.6805645324,0.6805645324,0.6805645324,0.6805645324,0.6805645324,0.6805645324,0.6805645324,0.6805645324,0.6805645324,0.6805645324,0.6805645324,0.6805645324,0.6805645324
2134,3,0,0.9997908385,0.9997908385,0.9997908385,0.9997908385,0.9997908385,0.9920763668,0.9852436319,0.9802066230,0.9802066230,0.9802066230,0.9802066230,0.9802066230,0.9802066230,0.9802066230,0.9802066230,0.9797124424,0.9782075354,0.9756358831,0.9722705231,0.9685301705,0.9650283996,0.9621549025,0.9599379311,0.9582968961,0.9572896109,0.9570283915,0.9570283915,0.9570283915,0.9570283915,0.9567144954,0.9559097579,0.9547972449,0.9536342277,0.9524680952,0.9511991705,0.9497851691,0.9485385804,0.9479539171,0.9479539171,0.9479539171,0.9473758623,0.9455738620,0.9429870372,0.9403441271,0.9378122555,0.9351673017,0.9319499491,0.9273163477,0.9199816778,0.9091678541,0.8961911068,0.8834553908,0.8725111021,0.8627839514,0.8516221883,0.8375177991,0.8210228329,0.8056014360,0.7937688922,0.7853285946,0.7771433067,0.7651483019,0.7477871848,0.7260297442,0.7038754235,0.6875256555,0.6829466217,0.6829466217,0.6829466217,0.6829466217,0.6805645324,0.6805645324,0.6805645324,0.6805645324,0.6805645324,0.6805645324,0.6805645324,0.6805645324,0.6805645324,0.6805645324,0.6805645324,0.6805645324,0.6805645324,0.6805645324,0.6805645324,0.6805645324,0.6805645324,0.6805645324,0.6805645324,0.6805645324,0.6805645324
2135,3,0,0.9997908385,0.9997908385,0.9997908385,0.9997908385,0.9997908385,0.9920763668,0.9852436319,0.9802066230,0.9802066230,0.9802066230,0.9802066230,0.9802066230,0.9802066230,0.9802066230,0.9802066230,0.9797124424,0.9782075354,0.9756358831,0.9722705231,0.9685301705,0.9650283996,0.9621549025,0.9599379311,0.9582968961,0.9572896109,0.9570283915,0.9570283915,0.9570283915,0.9570283915,0.9567144954,0.9559097579,0.9547972449,0.9536342277,0.9524680952,0.9511991705,0.9497851691,0.9485385804,0.9479539171,0.9479539171,0.9479539171,0.9473758623,0.9455738620,0.9429870372,0.9403441271,0.9378122555,0.9351673017,0.9319499491,0.9273163477,0.9199816778,0.9091678541,0.8961911068,0.8834553908,0.8725111021,0.8627839514,0.8516221883,0.8375177991,0.8210228329,0.8056014360,0.7937688922,0.7853285946,0.7771433067,0.7651483019,0.7477871848,0.7260297442,0.7038754235,0.6875256555,0.6829466217,0.6829466217,0.6829466217,0.6829466217,0.6805645324,0.6805645324,0.6805645324,0.6805645324,0.6805645324,0.6805645324,0.6805645324,0.6805645324,0.6805645324,0.6805645324,0.6805645324,0.6805645324,0.6805645324,0.6805645324,0.6805645324,0.6805645324,0.6805645324,0.6805645324,0.6805645324,0.6805645324,0.6805645324
2136,3,0,0.9997908385,0.9997908385,0.9997908385,0.9997908385,0.9997908385,0.9920763668,0.9852436319,0.9802066230,0.9802066230,0.9802066230,0.9802066230,0.9802066230,0.9802066230,0.9802066230,0.9802066230,0.9797124424,0.9782075354,0.9756358831,0.9722705231,0.9685301705,0.9650283996,0.9621549025,0.9599379311,0.9582968961,0.9572896109,0.9570283915,0.9570283915,0.9570283915,0.9570283915,0.9567144954,0.9559097579,0.9547972449,0.9536342277,0.9524680952,0.9511991705,0.9497851691,0.9485385804,0.9479539171,0.9479539171,0.9479539171,0.9473758623,0.9455738620,0.9429870372,0.9403441271,0.9378122555,0.9351673017,0.9319499491,0.9273163477,0.9199816778,0.9091678541,0.8961911068,0.8834553908,0.8725111021,0.8627839514,0.8516221883,0.8375177991,0.8210228329,0.8056014360,0.7937688922,0.7853285946,0.7771433067,0.7651483019,0.7477871848,0.7260297442,0.7038754235,0.6875256555,0.6829466217,0.6829466217,0.6829466217,0.6829466217,0.6805645324,0.6805645324,0.6805645324,0.6805645324,0.6805645324,0.6805645324,0.6805645324,0.6805645324,0.6805645324,0.6805645324,0.6805645324,0.6805645324,0.6805645324,0.6805645324,0.6805645324,0.6805645324,0.6805645324,0.6805645324,0.6805645324,0.6805645324,0.6805645324
2137,3,0,0.9997908385,0.9997908385,0.9997908385,0.9997908385,0.9997908385,0.9920763668,0.9852436319,0.9802066230,0.9802066230,0.9802066230,0.9802066230,0.9802066230,0.9802066230,0.9802066230,0.9802066230,0.9797124424,0.9782075354,0.9756358831,0.9722705231,0.9685301705,0.9650283996,0.9621549025,0.9599379311,0.9582968961,0.9572896109,0.9570283915,0.9570283915,0.9570283915,0.9570283915,0.9567144954,0.9559097579,0.9547972449,0.9536342277,0.9524680952,0.9511991705,0.9497851691,0.9485385804,0.9479539171,0.9479539171,0.9479539171,0.9473758623,0.9455738620,0.9429870372,0.9403441271,0.9378122555,0.9351673017,0.9319499491,0.9273163477,0.9199816778,0.9091678541,0.8961911068,0.8834553908,0.8725111021,0.8627839514,0.8516221883,0.8375177991,0.8210228329,0.8056014360,0.7937688922,0.7853285946,0.7771433067,0.7651483019,0.7477871848,0.7260297442,0.7038754235,0.6875256555,0.6829466217,0.6829466217,0.6829466217,0.6829466217,0.6805645324,0.6805645324,0.6805645324,0.6805645324,0.6805645324,0.6805645324,0.6805645324,0.6805645324,0.6805645324,0.6805645324,0.6805645324,0.6805645324,0.6805645324,0.6805645324,0.6805645324,0.6805645324,0.6805645324,0.6805645324,0.6805645324,0.6805645324,0.6805645324
2138,3,0,0.9997908385,0.9997908385,0.9997908385,0.9997908385,0.9997908385,0.9920763668,0.9852436319,0.9802066230,0.9802066230,0.9802066230,0.9802066230,0.9802066230,0.9802066230,0.9802066230,0.9802066230,0.9797124424,0.9782075354,0.9756358831,0.9722705231,0.9685301705,0.9650283996,0.9621549025,0.9599379311,0.9582968961,0.9572896109,0.9570283915,0.9570283915,0.9570283915,0.9570283915,0.9567144954,0.9559097579,0.9547972449,0.9536342277,0.9524680952,0.9511991705,0.9497851691,0.9485385804,0.9479539171,0.9479539171,0.9479539171,0.9473758623,0.9455738620,0.9429870372,0.9403441271,0.9378122555,0.9351673017,0.9319499491,0.9273163477,0.9199816778,0.9091678541,0.8961911068,0.8834553908,0.8725111021,0.8627839514,0.8516221883,0.8375177991,0.8210228329,0.8056014360,0.7937688922,0.7853285946,0.7771433067,0.7651483019,0.7477871848,0.7260297442,0.7038754235,0.6875256555,0.6829466217,0.6829466217,0.6829466217,0.6829466217,0.6805645324,0.6805645324,0.6805645324,0.6805645324,0.6805645324,0.6805645324,0.6805645324,0.6805645324,0.6805645324,0.6805645324,0.6805645324,0.6805645324,0.6805645324,0.6805645324,0.6805645324,0.6805645324,0.6805645324,0.6805645324,0.6805645324,0.6805645324,0.6805645324
2139,3,0,0.9997908385,0.9997908385,0.9997908385,0.9997908385,0.9997908385,0.9920763668,0.9852436319,0.9802066230,0.9802066230,0.9802066230,0.9802066230,0.9802066230,0.9802066230,0.9802066230,0.9802066230,0.9797124424,0.9782075354,0.9756358831,0.9722705231,0.9685301705,0.9650283996,0.9621549025,0.9599379311,0.9582968961,0.9572896109,0.9570283915,0.9570283915,0.9570283915,0.9570283915,0.9567144954,0.9559097579,0.9547972449,0.9536342277,0.9524680952,0.9511991705,0.9497851691,0.9485385804,0.9479539171,0.9479539171,0.9479539171,0.9473758623,0.9455738620,0.9429870372,0.9403441271,0.9378122555,0.9351673017,0.9319499491,0.9273163477,0.9199816778,0.9091678541,0.8961911068,0.8834553908,0.8725111021,0.8627839514,0.8516221883,0.8375177991,0.8210228329,0.8056014360,0.7937688922,0.7853285946,0.7771433067,0.7651483019,0.7477871848,0.7260297442,0.7038754235,0.6875256555,0.6829466217,0.6829466217,0.6829466217,0.6829466217,0.6805645324,0.6805645324,0.6805645324,0.6805645324,0.6805645324,0.6805645324,0.6805645324,0.6805645324,0.6805645324,0.6805645324,0.6805645324,0.6805645324,0.6805645324,0.6805645324,0.6805645324,0.6805645324,0.6805645324,0.6805645324,0.6805645324,0.6805645324,0.6805645324
2140,3,0,0.9997908385,0.9997908385,0.9997908385,0.9997908385,0.9997908385,0.9920763668,0.9852436319,0.9802066230,0.9802066230,0.9802066230,0.9802066230,0.9802066230,0.9802066230,0.9802066230,0.9802066230,0.9797124424,0.9782075354,0.9756358831,0.9722705231,0.9685301705,0.9650283996,0.9621549025,0.9599379311,0.9582968961,0.9572896109,0.9570283915,0.9570283915,0.9570283915,0.9570283915,0.9567144954,0.9559097579,0.9547972449,0.9536342277,0.9524680952,0.9511991705,0.9497851691,0.9485385804,0.9479539171,0.9479539171,0.9479539171,0.9473758623,0.9455738620,0.9429870372,0.9403441271,0.9378122555,0.9351673017,0.9319499491,0.9273163477,0.9199816778,0.9091678541,0.8961911068,0.8834553908,0.8725111021,0.8627839514,0.8516221883,0.8375177991,0.8210228329,0.8056014360,0.7937688922,0.7853285946,0.7771433067,0.7651483019,0.7477871848,0.7260297442,0.7038754235,0.6875256555,0.6829466217,0.6829466217,0.6829466217,0.6829466217,0.6805645324,0.6805645324,0.6805645324,0.6805645324,0.6805645324,0.6805645324,0.6805645324,0.6805645324,0.6805645324,0.6805645324,0.6805645324,0.6805645324,0.6805645324,0.6805645324,0.6805645324,0.6805645324,0.6805645324,0.6805645324,0.6805645324,0.6805645324,0.6805645324
2141,3,0,0.9997908385,0.9997908385,0.9997908385,0.9997908385,0.9997908385,0.9920763668,0.9852436319,0.9802066230,0.9802066230,0.9802066230,0.9802066230,0.9802066230,0.9802066230,0.9802066230,0.9802066230,0.9797124424,0.9782075354,0.9756358831,0.9722705231,0.9685301705,0.9650283996,0.9621549025,0.9599379311,0.9582968961,0.9572896109,0.9570283915,0.9570283915,0.9570283915,0.9570283915,0.9567144954,0.9559097579,0.9547972449,0.9536342277,0.9524680952,0.9511991705,0.9497851691,0.9485385804,0.9479539171,0.9479539171,0.9479539171,0.9473758623,0.9455738620,0.9429870372,0.9403441271,0.9378122555,0.9351673017,0.9319499491,0.9273163477,0.9199816778,0.9091678541,0.8961911068,0.8834553908,0.8725111021,0.8627839514,0.8516221883,0.8375177991,0.8210228329,0.8056014360,0.7937688922,0.7853285946,0.7771433067,0.7651483019,0.7477871848,0.7260297442,0.7038754235,0.6875256555,0.6829466217,0.6829466217,0.6829466217,0.6829466217,0.6805645324,0.6805645324,0.6805645324,0.6805645324,0.6805645324,0.6805645324,0.6805645324,0.6805645324,0.6805645324,0.6805645324,0.6805645324,0.6805645324,0.6805645324,0.6805645324,0.6805645324,0.6805645324,0.6805645324,0.6805645324,0.6805645324,0.6805645324,0.6805645324
2142,3,0,0.9997908385,0.9997908385,0.9997908385,0.9997908385,0.9997908385,0.9920763668,0.9852436319,0.9802066230,0.9802066230,0.9802066230,0.9802066230,0.9802066230,0.9802066230,0.9802066230,0.9802066230,0.9797124424,0.9782075354,0.9756358831,0.9722705231,0.9685301705,0.9650283996,0.9621549025,0.9599379311,0.9582968961,0.9572896109,0.9570283915,0.9570283915,0.9570283915,0.9570283915,0.9567144954,0.9559097579,0.9547972449,0.9536342277,0.9524680952,0.9511991705,0.9497851691,0.9485385804,0.9479539171,0.9479539171,0.9479539171,0.9473758623,0.9455738620,0.9429870372,0.9403441271,0.9378122555,0.9351673017,0.9319499491,0.9273163477,0.9199816778,0.9091678541,0.8961911068,0.8834553908,0.8725111021,0.8627839514,0.8516221883,0.8375177991,0.8210228329,0.8056014360,0.7937688922,0.7853285946,0.7771433067,0.7651483019,0.7477871848,0.7260297442,0.7038754235,0.6875256555,0.6829466217,0.6829466217,0.6829466217,0.6829466217,0.6805645324,0.6805645324,0.6805645324,0.6805645324,0.6805645324,0.6805645324,0.6805645324,0.6805645324,0.6805645324,0.6805645324,0.6805645324,0.6805645324,0.6805645324,0.6805645324,0.6805645324,0.6805645324,0.6805645324,0.6805645324,0.6805645324,0.6805645324,0.6805645324
2143,3,0,0.9997908385,0.9997908385,0.9997908385,0.9997908385,0.9997908385,0.9920763668,0.9852436319,0.9802066230,0.9802066230,0.9802066230,0.9802066230,0.9802066230,0.9802066230,0.9802066230,0.9802066230,0.9797124424,0.9782075354,0.9756358831,0.9722705231,0.9685301705,0.9650283996,0.9621549025,0.9599379311,0.9582968961,0.9572896109,0.9570283915,0.9570283915,0.9570283915,0.9570283915,0.9567144954,0.9559097579,0.9547972449,0.9536342277,0.9524680952,0.9511991705,0.9497851691,0.9485385804,0.9479539171,0.9479539171,0.9479539171,0.9473758623,0.9455738620,0.9429870372,0.9403441271,0.9378122555,0.9351673017,0.9319499491,0.9273163477,0.9199816778,0.9091678541,0.8961911068,0.8834553908,0.8725111021,0.8627839514,0.8516221883,0.8375177991,0.8210228329,0.8056014360,0.7937688922,0.7853285946,0.7771433067,0.7651483019,0.7477871848,0.7260297442,0.7038754235,0.6875256555,0.6829466217,0.6829466217,0.6829466217,0.6829466217,0.6805645324,0.6805645324,0.6805645324,0.6805645324,0.6805645324,0.6805645324,0.6805645324,0.6805645324,0.6805645324,0.6805645324,0.6805645324,0.6805645324,0.6805645324,0.6805645324,0.6805645324,0.6805645324,0.6805645324,0.6805645324,0.6805645324,0.6805645324,0.6805645324
2144,3,0,0.9997908385,0.9997908385,0.9997908385,0.9997908385,0.9997908385,0.9920763668,0.9852436319,0.9802066230,0.9802066230,0.9802066230,0.9802066230,0.9802066230,0.9802066230,0.9802066230,0.9802066230,0.9797124424,0.9782075354,0.9756358831,0.9722705231,0.9685301705,0.9650283996,0.9621549025,0.9599379311,0.9582968961,0.9572896109,0.9570283915,0.9570283915,0.9570283915,0.9570283915,0.9567144954,0.9559097579,0.9547972449,0.9536342277,0.9524680952,0.9511991705,0.9497851691,0.9485385804,0.9479539171,0.9479539171,0.9479539171,0.9473758623,0.9455738620,0.9429870372,0.9403441271,0.9378122555,0.9351673017,0.9319499491,0.9273163477,0.9199816778,0.9091678541,0.8961911068,0.8834553908,0.8725111021,0.8627839514,0.8516221883,0.8375177991,0.8210228329,0.8056014360,0.7937688922,0.7853285946,0.7771433067,0.7651483019,0.7477871848,0.7260297442,0.7038754235,0.6875256555,0.6829466217,0.6829466217,0.6829466217,0.6829466217,0.6805645324,0.6805645324,0.6805645324,0.6805645324,0.6805645324,0.6805645324,0.6805645324,0.6805645324,0.6805645324,0.6805645324,0.6805645324,0.6805645324,0.6805645324,0.6805645324,0.6805645324,0.6805645324,0.6805645324,0.6805645324,0.6805645324,0.6805645324,0.6805645324
2145,3,0,0.9997908385,0.9997908385,0.9997908385,0.9997908385,0.9997908385,0.9920763668,0.9852436319,0.9802066230,0.9802066230,0.9802066230,0.9802066230,0.9802066230,0.9802066230,0.9802066230,0.9802066230,0.9797124424,0.9782075354,0.9756358831,0.9722705231,0.9685301705,0.9650283996,0.9621549025,0.9599379311,0.9582968961,0.9572896109,0.9570283915,0.9570283915,0.9570283915,0.9570283915,0.9567144954,0.9559097579,0.9547972449,0.9536342277,0.9524680952,0.9511991705,0.9497851691,0.9485385804,0.9479539171,0.9479539171,0.9479539171,0.9473758623,0.9455738620,0.9429870372,0.9403441271,0.9378122555,0.9351673017,0.9319499491,0.9273163477,0.9199816778,0.9091678541,0.8961911068,0.8834553908,0.8725111021,0.8627839514,0.8516221883,0.8375177991,0.8210228329,0.8056014360,0.7937688922,0.7853285946,0.7771433067,0.7651483019,0.7477871848,0.7260297442,0.7038754235,0.6875256555,0.6829466217,0.6829466217,0.6829466217,0.6829466217,0.6805645324,0.6805645324,0.6805645324,0.6805645324,0.6805645324,0.6805645324,0.6805645324,0.6805645324,0.6805645324,0.6805645324,0.6805645324,0.6805645324,0.6805645324,0.6805645324,0.6805645324,0.6805645324,0.6805645324,0.6805645324,0.6805645324,0.6805645324,0.6805645324
2146,3,0,0.9997908385,0.9997908385,0.9997908385,0.9997908385,0.9997908385,0.9920763668,0.9852436319,0.9802066230,0.9802066230,0.9802066230,0.9802066230,0.9802066230,0.9802066230,0.9802066230,0.9802066230,0.9797124424,0.9782075354,0.9756358831,0.9722705231,0.9685301705,0.9650283996,0.9621549025,0.9599379311,0.9582968961,0.9572896109,0.9570283915,0.9570283915,0.9570283915,0.9570283915,0.9567144954,0.9559097579,0.9547972449,0.9536342277,0.9524680952,0.9511991705,0.9497851691,0.9485385804,0.9479539171,0.9479539171,0.9479539171,0.9473758623,0.9455738620,0.9429870372,0.9403441271,0.9378122555,0.9351673017,0.9319499491,0.9273163477,0.9199816778,0.9091678541,0.8961911068,0.8834553908,0.8725111021,0.8627839514,0.8516221883,0.8375177991,0.8210228329,0.8056014360,0.7937688922,0.7853285946,0.7771433067,0.7651483019,0.7477871848,0.7260297442,0.7038754235,0.6875256555,0.6829466217,0.6829466217,0.6829466217,0.6829466217,0.6805645324,0.6805645324,0.6805645324,0.6805645324,0.6805645324,0.6805645324,0.6805645324,0.6805645324,0.6805645324,0.6805645324,0.6805645324,0.6805645324,0.6805645324,0.6805645324,0.6805645324,0.6805645324,0.6805645324,0.6805645324,0.6805645324,0.6805645324,0.6805645324
2147,3,0,0.9997908385,0.9997908385,0.9997908385,0.9997908385,0.9997908385,0.9920763668,0.9852436319,0.9802066230,0.9802066230,0.9802066230,0.9802066230,0.9802066230,0.9802066230,0.9802066230,0.9802066230,0.9797124424,0.9782075354,0.9756358831,0.9722705231,0.9685301705,0.9650283996,0.9621549025,0.9599379311,0.9582968961,0.9572896109,0.9570283915,0.9570283915,0.9570283915,0.9570283915,0.9567144954,0.9559097579,0.9547972449,0.9536342277,0.9524680952,0.9511991705,0.9497851691,0.9485385804,0.9479539171,0.9479539171,0.9479539171,0.9473758623,0.9455738620,0.9429870372,0.9403441271,0.9378122555,0.9351673017,0.9319499491,0.9273163477,0.9199816778,0.9091678541,0.8961911068,0.8834553908,0.8725111021,0.8627839514,0.8516221883,0.8375177991,0.8210228329,0.8056014360,0.7937688922,0.7853285946,0.7771433067,0.7651483019,0.7477871848,0.7260297442,0.7038754235,0.6875256555,0.6829466217,0.6829466217,0.6829466217,0.6829466217,0.6805645324,0.6805645324,0.6805645324,0.6805645324,0.6805645324,0.6805645324,0.6805645324,0.6805645324,0.6805645324,0.6805645324,0.6805645324,0.6805645324,0.6805645324,0.6805645324,0.6805645324,0.6805645324,0.6805645324,0.6805645324,0.6805645324,0.6805645324,0.6805645324
2148,3,0,0.9997908385,0.9997908385,0.9997908385,0.9997908385,0.9997908385,0.9920763668,0.9852436319,0.9802066230,0.9802066230,0.9802066230,0.9802066230,0.9802066230,0.9802066230,0.9802066230,0.9802066230,0.9797124424,0.9782075354,0.9756358831,0.9722705231,0.9685301705,0.9650283996,0.9621549025,0.9599379311,0.9582968961,0.9572896109,0.9570283915,0.9570283915,0.9570283915,0.9570283915,0.9567144954,0.9559097579,0.9547972449,0.9536342277,0.9524680952,0.9511991705,0.9497851691,0.9485385804,0.9479539171,0.9479539171,0.9479539171,0.9473758623,0.9455738620,0.9429870372,0.9403441271,0.9378122555,0.9351673017,0.9319499491,0.9273163477,0.9199816778,0.9091678541,0.8961911068,0.8834553908,0.8725111021,0.8627839514,0.8516221883,0.8375177991,0.8210228329,0.8056014360,0.7937688922,0.7853285946,0.7771433067,0.7651483019,0.7477871848,0.7260297442,0.7038754235,0.6875256555,0.6829466217,0.6829466217,0.6829466217,0.6829466217,0.6805645324,0.6805645324,0.6805645324,0.6805645324,0.6805645324,0.6805645324,0.6805645324,0.6805645324,0.6805645324,0.6805645324,0.6805645324,0.6805645324,0.6805645324,0.6805645324,0.6805645324,0.6805645324,0.6805645324,0.6805645324,0.6805645324,0.6805645324,0.6805645324
2149,3,0,0.9997908385,0.9997908385,0.9997908385,0.9997908385,0.9997908385,0.9920763668,0.9852436319,0.9802066230,0.9802066230,0.9802066230,0.9802066230,0.9802066230,0.9802066230,0.9802066230,0.9802066230,0.9797124424,0.9782075354,0.9756358831,0.9722705231,0.9685301705,0.9650283996,0.9621549025,0.9599379311,0.9582968961,0.9572896109,0.9570283915,0.9570283915,0.9570283915,0.9570283915,0.9567144954,0.9559097579,0.9547972449,0.9536342277,0.9524680952,0.9511991705,0.9497851691,0.9485385804,0.9479539171,0.9479539171,0.9479539171,0.9473758623,0.9455738620,0.9429870372,0.9403441271,0.9378122555,0.9351673017,0.9319499491,0.9273163477,0.9199816778,0.9091678541,0.8961911068,0.8834553908,0.8725111021,0.8627839514,0.8516221883,0.8375177991,0.8210228329,0.8056014360,0.7937688922,0.7853285946,0.7771433067,0.7651483019,0.7477871848,0.7260297442,0.7038754235,0.6875256555,0.6829466217,0.6829466217,0.6829466217,0.6829466217,0.6805645324,0.6805645324,0.6805645324,0.6805645324,0.6805645324,0.6805645324,0.6805645324,0.6805645324,0.6805645324,0.6805645324,0.6805645324,0.6805645324,0.6805645324,0.6805645324,0.6805645324,0.6805645324,0.6805645324,0.6805645324,0.6805645324,0.6805645324,0.6805645324
2150,3,0,0.9997908385,0.9997908385,0.9997908385,0.9997908385,0.9997908385,0.9920763668,0.9852436319,0.9802066230,0.9802066230,0.9802066230,0.9802066230,0.9802066230,0.9802066230,0.9802066230,0.9802066230,0.9797124424,0.9782075354,0.9756358831,0.9722705231,0.9685301705,0.9650283996,0.9621549025,0.9599379311,0.9582968961,0.9572896109,0.9570283915,0.9570283915,0.9570283915,0.9570283915,0.9567144954,0.9559097579,0.9547972449,0.9536342277,0.9524680952,0.9511991705,0.9497851691,0.9485385804,0.9479539171,0.9479539171,0.9479539171,0.9473758623,0.9455738620,0.9429870372,0.9403441271,0.9378122555,0.9351673017,0.9319499491,0.9273163477,0.9199816778,0.9091678541,0.8961911068,0.8834553908,0.8725111021,0.8627839514,0.8516221883,0.8375177991,0.8210228329,0.8056014360,0.7937688922,0.7853285946,0.7771433067,0.7651483019,0.7477871848,0.7260297442,0.7038754235,0.6875256555,0.6829466217,0.6829466217,0.6829466217,0.6829466217,0.6805645324,0.6805645324,0.6805645324,0.6805645324,0.6805645324,0.6805645324,0.6805645324,0.6805645324,0.6805645324,0.6805645324,0.6805645324,0.6805645324,0.6805645324,0.6805645324,0.6805645324,0.6805645324,0.6805645324,0.6805645324,0.6805645324,0.6805645324,0.6805645324
女性無配偶,,,,,,,,,,,,,,,,,,,,,,,,,,,,,,,,,,,,,,,,,,,,,,,,,,,,,,,,,,,,,,,,,,,,,,,,,,,,,,,,,,,,,,,,,,,,,
年度,性,合計,15,16,17,18,19,20,21,22,23,24,25,26,27,28,29,30,31,32,33,34,35,36,37,38,39,40,41,42,43,44,45,46,47,48,49,50,51,52,53,54,55,56,57,58,59,60,61,62,63,64,65,66,67,68,69,70,71,72,73,74,75,76,77,78,79,80,81,82,83,84,85,86,87,88,89,90,91,92,93,94,95,96,97,98,99,100,101,102,103,104,105
2020,4,0,0.9767694227,0.9771452649,0.9779259960,0.9791389764,0.9806816824,0.9823590916,0.9841227672,0.9857012711,0.9866320855,0.9867703551,0.9858579631,0.9840031043,0.9814739822,0.9784874600,0.9749119452,0.9703196046,0.9648460805,0.9596038164,0.9562616808,0.9552565507,0.9552390840,0.9542131959,0.9518120109,0.9494499483,0.9483945338,0.9479616381,0.9461575497,0.9423176117,0.9380701183,0.9356410061,0.9358621296,0.9377752494,0.9401272383,0.9420906304,0.9435343295,0.9434809258,0.9409314978,0.9355737489,0.9293371405,0.9245920956,0.9229020331,0.9233146254,0.9235169019,0.9214887140,0.9166598127,0.9102477604,0.9040340484,0.8994192733,0.8952557249,0.8891661668,0.8799459545,0.8693283552,0.8596310564,0.8512763163,0.8411909996,0.8246012461,0.8017830347,0.7777013624,0.7555760087,0.7340747757,0.7085520480,0.6779129331,0.6416155823,0.5997643180,0.5503325418,0.4936892979,0.4391469164,0.3987102067,0.3789656582,0.3759629716,0.3798601068,0.3798601068,0.3798601068,0.3798601068,0.3798601068,0.3798601068,0.3798601068,0.3798601068,0.3798601068,0.3798601068,0.3798601068,0.3798601068,0.3798601068,0.3798601068,0.3798601068,0.3798601068,0.3798601068,0.3798601068,0.3798601068,0.3798601068,0.3798601068
2021,4,0,0.9596158186,0.9747851987,0.9850874663,0.9896083931,0.9896991097,0.9880611415,0.9866580118,0.9854534594,0.9838444166,0.9823629449,0.9813531575,0.9803866553,0.9785867397,0.9756339790,0.9721458343,0.9686889920,0.9650331662,0.9606981971,0.9558382012,0.9511241879,0.9476351997,0.9460532862,0.9461475876,0.9463223796,0.9454052381,0.9432080204,0.9411256567,0.9401963309,0.9406275206,0.9408264282,0.9401489272,0.9390347801,0.9390462154,0.9397693239,0.9395238223,0.9375975849,0.9354399291,0.9349013348,0.9359035512,0.9360705417,0.9337641785,0.9294379092,0.9252091995,0.9216624703,0.9180701180,0.9137295291,0.9086838040,0.9030594614,0.8961887459,0.8881971966,0.8800878767,0.8739532264,0.8691038609,0.8619536985,0.8490577495,0.8325763635,0.8155735182,0.7996127755,0.7788767308,0.7494570315,0.7115804425,0.6726600915,0.6384072904,0.6081778693,0.5772172086,0.5411337079,0.4977198869,0.4528229868,0.4109932182,0.3763467490,0.3480742824,0.3480742824,0.3480742824,0.3480742824,0.3480742824,0.3480742824,0.3480742824,0.3480742824,0.3480742824,0.3480742824,0.3480742824,0.3480742824,0.3480742824,0.3480742824,0.3480742824,0.3480742824,0.3480742824,0.3480742824,0.3480742824,0.3480742824,0.3480742824
2022,4,0,0.9904886833,0.9901737486,0.9897215129,0.9890602554,0.9883561505,0.9878929980,0.9876794338,0.9871335453,0.9857143822,0.9832122338,0.9797673938,0.9755971169,0.9713887208,0.9677190341,0.9651013294,0.9639566280,0.9634488384,0.9621347111,0.9588034412,0.9541320078,0.9498521928,0.9469946723,0.9457817272,0.9453567195,0.9442448969,0.9418466512,0.9387611138,0.9367453856,0.9369048688,0.9392459461,0.9423174863,0.9444047690,0.9450497340,0.9452134180,0.9449757956,0.9437205054,0.9413229953,0.9388038768,0.9372460117,0.9369351847,0.9369236096,0.9359562186,0.9332143759,0.9293230787,0.9251322498,0.9218130948,0.9195170359,0.9169982204,0.9120289370,0.9038986804,0.8936284452,0.8828089192,0.8722949081,0.8615640943,0.8506621703,0.8388825698,0.8256820158,0.8073297681,0.7822728547,0.7515445440,0.7182861507,0.6843389173,0.6512950347,0.6178327188,0.5840273339,0.5515937722,0.5261978469,0.5021159713,0.4708131291,0.4249393102,0.3637583403,0.3637583403,0.3637583403,0.3637583403,0.3637583403,0.3637583403,0.3637583403,0.3637583403,0.3637583403,0.3637583403,0.3637583403,0.3637583403,0.3637583403,0.3637583403,0.3637583403,0.3637583403,0.3637583403,0.3637583403,0.3637583403,0.3637583403,0.3637583403
2023,4,0,0.9904886833,0.9901737486,0.9897215129,0.9890602554,0.9883561505,0.9878929980,0.9876794338,0.9871335453,0.9863968620,0.9838868009,0.9806105583,0.9766822097,0.9722162887,0.9677888596,0.9640319983,0.9615512734,0.9607149869,0.9607875479,0.9601140534,0.9570551919,0.9518131834,0.9462107535,0.9423156749,0.9410396791,0.9414907952,0.9412430913,0.9391112097,0.9359472459,0.9341887587,0.9349181328,0.9379500835,0.9415902904,0.9444047690,0.9450497340,0.9452134180,0.9449757956,0.9430913453,0.9397690953,0.9378209460,0.9372460117,0.9369351847,0.9369236096,0.9359562186,0.9318202957,0.9253283327,0.9199785264,0.9172011397,0.9159972184,0.9139965960,0.9091023631,0.9016209216,0.8932631098,0.8828089192,0.8722949081,0.8585269563,0.8446163467,0.8326971251,0.8211396324,0.8030652355,0.7743592368,0.7378694298,0.7006441049,0.6658923729,0.6340860350,0.6005769603,0.5657328468,0.5344415254,0.5136632878,0.4954834977,0.4657154323,0.4159989131,0.3637583403,0.3637583403,0.3637583403,0.3637583403,0.3637583403,0.3637583403,0.3637583403,0.3637583403,0.3637583403,0.3637583403,0.3637583403,0.3637583403,0.3637583403,0.3637583403,0.3637583403,0.3637583403,0.3637583403,0.3637583403,0.3637583403,0.3637583403
2024,4,0,0.9904886833,0.9901737486,0.9897215129,0.9890602554,0.9883561505,0.9878929980,0.9876794338,0.9871335453,0.9863968620,0.9845680154,0.9812833405,0.9775227192,0.9732976212,0.9686133607,0.9641015578,0.9604858757,0.9583177211,0.9580612479,0.9587697194,0.9583634143,0.9547292633,0.9481642264,0.9415356294,0.9375910053,0.9371914088,0.9384977450,0.9385094028,0.9362962924,0.9333927973,0.9322077823,0.9336282412,0.9372262579,0.9415902904,0.9444047690,0.9450497340,0.9452134180,0.9443457986,0.9415345262,0.9387851539,0.9378209460,0.9372460117,0.9369351847,0.9369236096,0.9345580426,0.9278148153,0.9201735170,0.9153757499,0.9136901872,0.9129988706,0.9110637082,0.9068114914,0.9012523188,0.8932631098,0.8828089192,0.8692199424,0.8524252360,0.8383886244,0.8281161490,0.8168021524,0.7949412780,0.7602689862,0.7197463931,0.6817580497,0.6482976716,0.6163763295,0.5817640609,0.5481409342,0.5217105937,0.5068782852,0.4901186842,0.4559171368,0.4159989131,0.3637583403,0.3637583403,0.3637583403,0.3637583403,0.3637583403,0.3637583403,0.3637583403,0.3637583403,0.3637583403,0.3637583403,0.3637583403,0.3637583403,0.3637583403,0.3637583403,0.3637583403,0.3637583403,0.3637583403,0.3637583403,0.3637583403
2025,4,0,0.9904886833,0.9901737486,0.9897215129,0.9890602554,0.9883561505,0.9878929980,0.9876794338,0.9871335453,0.9863968620,0.9845680154,0.9819627524,0.9781933828,0.9741352181,0.9696906859,0.9649229175,0.9605551794,0.9572559062,0.9556706040,0.9560491453,0.9570215316,0.9560343063,0.9510691268,0.9434794503,0.9368148707,0.9337568379,0.9342120267,0.9357720300,0.9356962893,0.9337408911,0.9314135087,0.9309216301,0.9329077509,0.9372262579,0.9415902904,0.9444047690,0.9450497340,0.9445832625,0.9427869087,0.9405487364,0.9387851539,0.9378209460,0.9372460117,0.9369351847,0.9355239883,0.9305407938,0.9226461479,0.9155697649,0.9118717849,0.9106993911,0.9100691843,0.9087678940,0.9064407665,0.9012523188,0.8932631098,0.8796968901,0.8630422250,0.8461399354,0.8337763372,0.8237418171,0.8085392297,0.7804765163,0.7415957871,0.7003454304,0.6637441336,0.6301910422,0.5970685195,0.5636736450,0.5350836689,0.5148192938,0.5013900954,0.4798069630,0.4559171368,0.4159989131,0.3637583403,0.3637583403,0.3637583403,0.3637583403,0.3637583403,0.3637583403,0.3637583403,0.3637583403,0.3637583403,0.3637583403,0.3637583403,0.3637583403,0.3637583403,0.3637583403,0.3637583403,0.3637583403,0.3637583403,0.3637583403
2026,4,0,0.9904886833,0.9901737486,0.9897215129,0.9890602554,0.9883561505,0.9878929980,0.9876794338,0.9871335453,0.9863968620,0.9845680154,0.9819627524,0.9788706553,0.9748035576,0.9705251787,0.9659961381,0.9613735178,0.9573249768,0.9546117221,0.9536635221,0.9543059180,0.9546956848,0.9523691668,0.9463699980,0.9387489456,0.9329838773,0.9307883744,0.9314987587,0.9329671216,0.9331425256,0.9317608644,0.9301284524,0.9302032285,0.9329077509,0.9372262579,0.9415902904,0.9444047690,0.9444196877,0.9430239806,0.9417998076,0.9405487364,0.9387851539,0.9378209460,0.9372460117,0.9355355462,0.9315025874,0.9253569405,0.9180300250,0.9120650572,0.9088869409,0.9077770835,0.9077758763,0.9083963693,0.9064407665,0.9012523188,0.8901142282,0.8734447109,0.8566786407,0.8414850054,0.8293721067,0.8154086915,0.7938270395,0.7613069939,0.7216058680,0.6818403849,0.6452060923,0.6104504903,0.5785021993,0.5502463750,0.5280157235,0.5092451233,0.4908412323,0.4798069630,0.4559171368,0.4159989131,0.3637583403,0.3637583403,0.3637583403,0.3637583403,0.3637583403,0.3637583403,0.3637583403,0.3637583403,0.3637583403,0.3637583403,0.3637583403,0.3637583403,0.3637583403,0.3637583403,0.3637583403,0.3637583403,0.3637583403
2027,4,0,0.9904886833,0.9901737486,0.9897215129,0.9890602554,0.9883561505,0.9878929980,0.9876794338,0.9871335453,0.9863968620,0.9845680154,0.9819627524,0.9788706553,0.9754784831,0.9711910414,0.9668274515,0.9624427906,0.9581405632,0.9546806019,0.9526068641,0.9519246448,0.9519866710,0.9510356771,0.9476636146,0.9416250004,0.9349100430,0.9300178711,0.9280850500,0.9287066592,0.9304208065,0.9311637678,0.9304753289,0.9294106629,0.9302032285,0.9329077509,0.9372262579,0.9415902904,0.9437751526,0.9428606758,0.9420366313,0.9417998076,0.9405487364,0.9387851539,0.9378209460,0.9358459088,0.9315140956,0.9263133762,0.9207272551,0.9145158996,0.9090795806,0.9059704492,0.9054895514,0.9074047572,0.9083963693,0.9064407665,0.8980752740,0.8837880110,0.8670044246,0.8519657333,0.8370400557,0.8209820240,0.8005715044,0.7743296108,0.7407857537,0.7025390634,0.6627969243,0.6249951983,0.5914680471,0.5647216983,0.5429781446,0.5222986695,0.4985309964,0.4908412323,0.4798069630,0.4559171368,0.4159989131,0.3637583403,0.3637583403,0.3637583403,0.3637583403,0.3637583403,0.3637583403,0.3637583403,0.3637583403,0.3637583403,0.3637583403,0.3637583403,0.3637583403,0.3637583403,0.3637583403,0.3637583403,0.3637583403
2028,4,0,0.9904886833,0.9901737486,0.9897215129,0.9890602554,0.9883561505,0.9878929980,0.9876794338,0.9871335453,0.9863968620,0.9845680154,0.9819627524,0.9788706553,0.9754784831,0.9718634657,0.9674907772,0.9632710460,0.9592062402,0.9554939355,0.9526755992,0.9508699134,0.9496111849,0.9483370488,0.9463367135,0.9429121309,0.9377743365,0.9319379134,0.9273167845,0.9253031827,0.9261719721,0.9284478201,0.9298790560,0.9297572717,0.9294106629,0.9302032285,0.9329077509,0.9372262579,0.9409625504,0.9422172048,0.9418734975,0.9420366313,0.9417998076,0.9405487364,0.9387851539,0.9364199843,0.9318231241,0.9263248202,0.9216789056,0.9172028050,0.9115224007,0.9061624708,0.9036874697,0.9051193670,0.9074047572,0.9083963693,0.9032454317,0.8916924761,0.8772714590,0.8622347113,0.8474654216,0.8285724025,0.8060434245,0.7809084229,0.7534573424,0.7212121640,0.6829174991,0.6420350026,0.6055604758,0.5773786866,0.5572622627,0.5370990861,0.5113099061,0.4985309964,0.4908412323,0.4798069630,0.4559171368,0.4159989131,0.3637583403,0.3637583403,0.3637583403,0.3637583403,0.3637583403,0.3637583403,0.3637583403,0.3637583403,0.3637583403,0.3637583403,0.3637583403,0.3637583403,0.3637583403,0.3637583403,0.3637583403
2029,4,0,0.9904886833,0.9901737486,0.9897215129,0.9890602554,0.9883561505,0.9878929980,0.9876794338,0.9871335453,0.9863968620,0.9845680154,0.9819627524,0.9788706553,0.9754784831,0.9718634657,0.9681606396,0.9639319318,0.9600317104,0.9565566689,0.9534872247,0.9509385232,0.9485590168,0.9459706696,0.9436514188,0.9415918828,0.9390562035,0.9347931012,0.9292312503,0.9245372200,0.9227777846,0.9242079955,0.9271668555,0.9291614590,0.9297572717,0.9294106629,0.9302032285,0.9329077509,0.9366014274,0.9394092455,0.9412307002,0.9418734975,0.9420366313,0.9417998076,0.9405487364,0.9373827518,0.9323947319,0.9266321272,0.9216902924,0.9181508127,0.9142005110,0.9085974521,0.9038790074,0.9033180220,0.9051193670,0.9074047572,0.9051941407,0.8968258885,0.8851176411,0.8724452629,0.8576801561,0.8388923035,0.8134956885,0.7862459455,0.7598588208,0.7335489346,0.7010690694,0.6615253062,0.6220704139,0.5911354196,0.5697520643,0.5512285438,0.5257989333,0.5113099061,0.4985309964,0.4908412323,0.4798069630,0.4559171368,0.4159989131,0.3637583403,0.3637583403,0.3637583403,0.3637583403,0.3637583403,0.3637583403,0.3637583403,0.3637583403,0.3637583403,0.3637583403,0.3637583403,0.3637583403,0.3637583403,0.3637583403
2030,4,0,0.9904886833,0.9901737486,0.9897215129,0.9890602554,0.9883561505,0.9878929980,0.9876794338,0.9871335453,0.9863968620,0.9845680154,0.9819627524,0.9788706553,0.9754784831,0.9718634657,0.9681606396,0.9645993301,0.9606903737,0.9573798588,0.9545477261,0.9517486687,0.9486274599,0.9449225352,0.9412967317,0.9389200519,0.9377413544,0.9360708930,0.9320781456,0.9264459474,0.9220139124,0.9208210055,0.9229328805,0.9264513515,0.9291614590,0.9297572717,0.9294106629,0.9302032285,0.9322857994,0.9350553216,0.9384256808,0.9412307002,0.9418734975,0.9420366313,0.9417998076,0.9391436997,0.9333533609,0.9272005507,0.9219960619,0.9181621559,0.9151454155,0.9112669688,0.9063078528,0.9035094814,0.9033180220,0.9051193670,0.9042060242,0.8987607476,0.8902132026,0.8802482802,0.8678367728,0.8490037038,0.8236278084,0.7935151721,0.7650524690,0.7397812684,0.7130612801,0.6791082838,0.6409546510,0.6072520744,0.5833270839,0.5635831130,0.5396311180,0.5257989333,0.5113099061,0.4985309964,0.4908412323,0.4798069630,0.4559171368,0.4159989131,0.3637583403,0.3637583403,0.3637583403,0.3637583403,0.3637583403,0.3637583403,0.3637583403,0.3637583403,0.3637583403,0.3637583403,0.3637583403,0.3637583403,0.3637583403
2031,4,0,0.9904886833,0.9901737486,0.9897215129,0.9890602554,0.9883561505,0.9878929980,0.9876794338,0.9871335453,0.9863968620,0.9845680154,0.9819627524,0.9788706553,0.9754784831,0.9718634657,0.9681606396,0.9645993301,0.9613555276,0.9580367028,0.9553691872,0.9528072365,0.9494356366,0.9449907159,0.9402537760,0.9365771709,0.9350804496,0.9347602239,0.9333522263,0.9292843094,0.9239174304,0.9200587531,0.9195505635,0.9222206439,0.9264513515,0.9291614590,0.9297572717,0.9294106629,0.9295830801,0.9307468177,0.9340763155,0.9384256808,0.9412307002,0.9418734975,0.9420366313,0.9403929021,0.9351067393,0.9281538394,0.9225616414,0.9184667549,0.9151567216,0.9122088412,0.9089706424,0.9059373338,0.9035094814,0.9033180220,0.9019286903,0.8977796538,0.8921337952,0.8853158091,0.8755985725,0.8590575743,0.8335552215,0.8033984339,0.7721257516,0.7448376861,0.7191195480,0.6907248420,0.6579908719,0.6256864701,0.5992308531,0.5770111500,0.5517257565,0.5396311180,0.5257989333,0.5113099061,0.4985309964,0.4908412323,0.4798069630,0.4559171368,0.4159989131,0.3637583403,0.3637583403,0.3637583403,0.3637583403,0.3637583403,0.3637583403,0.3637583403,0.3637583403,0.3637583403,0.3637583403,0.3637583403,0.3637583403
2032,4,0,0.9904886833,0.9901737486,0.9897215129,0.9890602554,0.9883561505,0.9878929980,0.9876794338,0.9871335453,0.9863968620,0.9845680154,0.9819627524,0.9788706553,0.9754784831,0.9718634657,0.9681606396,0.9645993301,0.9613555276,0.9587000194,0.9560246516,0.9536271998,0.9504916317,0.9457957942,0.9403216198,0.9355394445,0.9327471495,0.9321077783,0.9320453638,0.9305545711,0.9267480457,0.9219582346,0.9187893628,0.9188409371,0.9222206439,0.9264513515,0.9291614590,0.9297572717,0.9287910428,0.9280485599,0.9297723226,0.9340763155,0.9384256808,0.9412307002,0.9418734975,0.9406293720,0.9363505719,0.9298974501,0.9235101607,0.9190301695,0.9154603236,0.9122201110,0.9099101415,0.9085990349,0.9059373338,0.9035094814,0.9001336954,0.8955185054,0.8911599354,0.8872258359,0.8806393334,0.8667408542,0.8434261517,0.8130820168,0.7817426073,0.7517240732,0.7240347426,0.6965933364,0.6692462040,0.6423168712,0.6174217480,0.5927427222,0.5648712780,0.5517257565,0.5396311180,0.5257989333,0.5113099061,0.4985309964,0.4908412323,0.4798069630,0.4559171368,0.4159989131,0.3637583403,0.3637583403,0.3637583403,0.3637583403,0.3637583403,0.3637583403,0.3637583403,0.3637583403,0.3637583403,0.3637583403,0.3637583403
2033,4,0,0.9904886833,0.9901737486,0.9897215129,0.9890602554,0.9883561505,0.9878929980,0.9876794338,0.9871335453,0.9863968620,0.9845680154,0.9819627524,0.9788706553,0.9754784831,0.9718634657,0.9681606396,0.9645993301,0.9613555276,0.9587000194,0.9566865752,0.9542814690,0.9513096022,0.9468477410,0.9411227204,0.9356069481,0.9317136668,0.9297818959,0.9294006218,0.9292516258,0.9280148406,0.9247828475,0.9206862236,0.9180803238,0.9188409371,0.9222206439,0.9264513515,0.9291614590,0.9291374206,0.9272578301,0.9270768899,0.9297723226,0.9340763155,0.9384256808,0.9412307002,0.9404664819,0.9365860253,0.9311343535,0.9252450479,0.9199750579,0.9160218939,0.9125227388,0.9099213829,0.9095381498,0.9085990349,0.9059373338,0.9003244798,0.8937362678,0.8889154594,0.8862573336,0.8825392708,0.8717306218,0.8509696265,0.8227105040,0.7911651666,0.7610868253,0.7307287963,0.7013545639,0.6749322129,0.6533040900,0.6338324773,0.6107366564,0.5802718699,0.5648712780,0.5517257565,0.5396311180,0.5257989333,0.5113099061,0.4985309964,0.4908412323,0.4798069630,0.4559171368,0.4159989131,0.3637583403,0.3637583403,0.3637583403,0.3637583403,0.3637583403,0.3637583403,0.3637583403,0.3637583403,0.3637583403,0.3637583403
2034,4,0,0.9904886833,0.9901737486,0.9897215129,0.9890602554,0.9883561505,0.9878929980,0.9876794338,0.9871335453,0.9863968620,0.9845680154,0.9819627524,0.9788706553,0.9754784831,0.9718634657,0.9681606396,0.9645993301,0.9613555276,0.9587000194,0.9566865752,0.9549421856,0.9519622814,0.9476625757,0.9421694696,0.9364040321,0.9317808944,0.9287516986,0.9270814946,0.9266148112,0.9267154514,0.9260469561,0.9235069394,0.9199757208,0.9180803238,0.9188409371,0.9222206439,0.9264513515,0.9285420051,0.9276036361,0.9262869881,0.9270768899,0.9297723226,0.9340763155,0.9384256808,0.9398246448,0.9364238354,0.9313684953,0.9264757629,0.9217033041,0.9169636894,0.9130825071,0.9102232480,0.9095493866,0.9095381498,0.9085990349,0.9027437737,0.8939256963,0.8871463630,0.8840252053,0.8815758845,0.8736113391,0.8558686002,0.8300687012,0.8005341153,0.7702604147,0.7398300514,0.7078389283,0.6795453862,0.6588546525,0.6446745654,0.6269696997,0.5978872256,0.5802718699,0.5648712780,0.5517257565,0.5396311180,0.5257989333,0.5113099061,0.4985309964,0.4908412323,0.4798069630,0.4559171368,0.4159989131,0.3637583403,0.3637583403,0.3637583403,0.3637583403,0.3637583403,0.3637583403,0.3637583403,0.3637583403,0.3637583403
2035,4,0,0.9904886833,0.9901737486,0.9897215129,0.9890602554,0.9883561505,0.9878929980,0.9876794338,0.9871335453,0.9863968620,0.9845680154,0.9819627524,0.9788706553,0.9754784831,0.9718634657,0.9681606396,0.9645993301,0.9613555276,0.9587000194,0.9566865752,0.9549421856,0.9526213923,0.9483127527,0.9429802783,0.9374455329,0.9325747187,0.9288187125,0.9260542894,0.9243026354,0.9240858333,0.9247503223,0.9247693039,0.9227942598,0.9199757208,0.9180803238,0.9188409371,0.9222206439,0.9258337044,0.9270092035,0.9266324319,0.9262869881,0.9270768899,0.9297723226,0.9340763155,0.9370238157,0.9357847573,0.9312072089,0.9267087333,0.9229293082,0.9186862785,0.9140212806,0.9107816058,0.9098511283,0.9095493866,0.9095381498,0.9053960918,0.8963277958,0.8873343948,0.8822658414,0.8793555469,0.8726576986,0.8577150960,0.8348473498,0.8076939703,0.7793818101,0.7487474270,0.7166550892,0.6858281142,0.6633579354,0.6501518102,0.6376943959,0.6137787381,0.5978872256,0.5802718699,0.5648712780,0.5517257565,0.5396311180,0.5257989333,0.5113099061,0.4985309964,0.4908412323,0.4798069630,0.4559171368,0.4159989131,0.3637583403,0.3637583403,0.3637583403,0.3637583403,0.3637583403,0.3637583403,0.3637583403,0.3637583403
2036,4,0,0.9904886833,0.9901737486,0.9897215129,0.9890602554,0.9883561505,0.9878929980,0.9876794338,0.9871335453,0.9863968620,0.9845680154,0.9819627524,0.9788706553,0.9754784831,0.9718634657,0.9681606396,0.9645993301,0.9613555276,0.9587000194,0.9566865752,0.9549421856,0.9526213923,0.9489693368,0.9436272428,0.9382522763,0.9336119605,0.9296100132,0.9261211086,0.9232785092,0.9217799681,0.9221262804,0.9234744591,0.9240556502,0.9227942598,0.9199757208,0.9180803238,0.9188409371,0.9216058173,0.9243053736,0.9260386217,0.9266324319,0.9262869881,0.9270768899,0.9297723226,0.9326809477,0.9329959677,0.9305716909,0.9265482538,0.9231613867,0.9199082695,0.9157383421,0.9117180136,0.9104092578,0.9098511283,0.9095493866,0.9063318962,0.8989612634,0.8897187826,0.8824528388,0.8776054764,0.8704598223,0.8567788079,0.8366484932,0.8123438090,0.7863524821,0.7576140664,0.7252931307,0.6943701296,0.6694910025,0.6545956091,0.6431123362,0.6242777949,0.6137787381,0.5978872256,0.5802718699,0.5648712780,0.5517257565,0.5396311180,0.5257989333,0.5113099061,0.4985309964,0.4908412323,0.4798069630,0.4559171368,0.4159989131,0.3637583403,0.3637583403,0.3637583403,0.3637583403,0.3637583403,0.3637583403,0.3637583403
2037,4,0,0.9904886833,0.9901737486,0.9897215129,0.9890602554,0.9883561505,0.9878929980,0.9876794338,0.9871335453,0.9863968620,0.9845680154,0.9819627524,0.9788706553,0.9754784831,0.9718634657,0.9681606396,0.9645993301,0.9613555276,0.9587000194,0.9566865752,0.9549421856,0.9526213923,0.9489693368,0.9442805828,0.9388959971,0.9344154048,0.9306439576,0.9269101111,0.9233451281,0.9207586369,0.9198253048,0.9208540376,0.9227618045,0.9240556502,0.9227942598,0.9199757208,0.9180803238,0.9182283636,0.9200844657,0.9233376227,0.9260386217,0.9266324319,0.9262869881,0.9270768899,0.9283833843,0.9286717678,0.9277984371,0.9259159154,0.9230015215,0.9201395883,0.9169564119,0.9134307483,0.9113452828,0.9104092578,0.9098511283,0.9063430935,0.8998904169,0.8923328325,0.8848241091,0.8777914860,0.8687274559,0.8546209242,0.8357352016,0.8140964021,0.7908794594,0.7643900510,0.7338820252,0.7027395643,0.6778295386,0.6606476643,0.6475080202,0.6295817459,0.6242777949,0.6137787381,0.5978872256,0.5802718699,0.5648712780,0.5517257565,0.5396311180,0.5257989333,0.5113099061,0.4985309964,0.4908412323,0.4798069630,0.4559171368,0.4159989131,0.3637583403,0.3637583403,0.3637583403,0.3637583403,0.3637583403,0.3637583403
2038,4,0,0.9904886833,0.9901737486,0.9897215129,0.9890602554,0.9883561505,0.9878929980,0.9876794338,0.9871335453,0.9863968620,0.9845680154,0.9819627524,0.9788706553,0.9754784831,0.9718634657,0.9681606396,0.9645993301,0.9613555276,0.9587000194,0.9566865752,0.9549421856,0.9526213923,0.9489693368,0.9442805828,0.9395460612,0.9350564932,0.9314448477,0.9279410526,0.9241317657,0.9208250741,0.9188061395,0.9185562366,0.9201434053,0.9227618045,0.9240556502,0.9227942598,0.9199757208,0.9174682575,0.9167125874,0.9191211341,0.9233376227,0.9260386217,0.9266324319,0.9262869881,0.9256919782,0.9243926777,0.9234983264,0.9231565366,0.9223716037,0.9199802465,0.9171869885,0.9146457485,0.9130573173,0.9113452828,0.9104092578,0.9066437715,0.8999015345,0.8932551349,0.8874237782,0.8801502306,0.8689115837,0.8529200800,0.8336303183,0.8132077285,0.7925857442,0.7687905921,0.7404457540,0.7110613803,0.6859996050,0.6688760562,0.6534945471,0.6338849480,0.6295817459,0.6242777949,0.6137787381,0.5978872256,0.5802718699,0.5648712780,0.5517257565,0.5396311180,0.5257989333,0.5113099061,0.4985309964,0.4908412323,0.4798069630,0.4559171368,0.4159989131,0.3637583403,0.3637583403,0.3637583403,0.3637583403,0.3637583403
2039,4,0,0.9904886833,0.9901737486,0.9897215129,0.9890602554,0.9883561505,0.9878929980,0.9876794338,0.9871335453,0.9863968620,0.9845680154,0.9819627524,0.9788706553,0.9754784831,0.9718634657,0.9681606396,0.9645993301,0.9613555276,0.9587000194,0.9566865752,0.9549421856,0.9526213923,0.9489693368,0.9442805828,0.9395460612,0.9357038990,0.9320838980,0.9287396166,0.9251596169,0.9216095647,0.9188724357,0.9175384774,0.9178473775,0.9201434053,0.9227618045,0.9240556502,0.9227942598,0.9193623908,0.9159537360,0.9157527862,0.9191211341,0.9233376227,0.9260386217,0.9266324319,0.9249032563,0.9217128407,0.9192430743,0.9188779399,0.9196227875,0.9193523905,0.9170281579,0.9148757441,0.9142718209,0.9130573173,0.9113452828,0.9071999335,0.9002000756,0.8932661706,0.8883410067,0.8827361675,0.8712464669,0.8531008574,0.8319712490,0.8111595830,0.7917205517,0.7704492212,0.7447084494,0.7174210047,0.6941231870,0.6769382038,0.6616338467,0.6397455230,0.6338849480,0.6295817459,0.6242777949,0.6137787381,0.5978872256,0.5802718699,0.5648712780,0.5517257565,0.5396311180,0.5257989333,0.5113099061,0.4985309964,0.4908412323,0.4798069630,0.4559171368,0.4159989131,0.3637583403,0.3637583403,0.3637583403,0.3637583403
2040,4,0,0.9904886833,0.9901737486,0.9897215129,0.9890602554,0.9883561505,0.9878929980,0.9876794338,0.9871335453,0.9863968620,0.9845680154,0.9819627524,0.9788706553,0.9754784831,0.9718634657,0.9681606396,0.9645993301,0.9613555276,0.9587000194,0.9566865752,0.9549421856,0.9526213923,0.9489693368,0.9442805828,0.9395460612,0.9357038990,0.9327292456,0.9293768109,0.9259557874,0.9226346107,0.9196552628,0.9176046821,0.9168304037,0.9178473775,0.9201434053,0.9227618045,0.9240556502,0.9221790508,0.9178447426,0.9149947293,0.9157527862,0.9191211341,0.9233376227,0.9260386217,0.9252481842,0.9209275092,0.9165781662,0.9146439774,0.9153605688,0.9166125721,0.9164023167,0.9147173138,0.9145017224,0.9142718209,0.9130573173,0.9081326589,0.9007522848,0.8935625104,0.8883519816,0.8836485510,0.8738062440,0.8553932550,0.8321475864,0.8095452344,0.7897265238,0.7696081932,0.7463151225,0.7215511482,0.7003313188,0.6849544810,0.6696087019,0.6477135780,0.6397455230,0.6338849480,0.6295817459,0.6242777949,0.6137787381,0.5978872256,0.5802718699,0.5648712780,0.5517257565,0.5396311180,0.5257989333,0.5113099061,0.4985309964,0.4908412323,0.4798069630,0.4559171368,0.4159989131,0.3637583403,0.3637583403,0.3637583403
2041,4,0,0.9904886833,0.9901737486,0.9897215129,0.9890602554,0.9883561505,0.9878929980,0.9876794338,0.9871335453,0.9863968620,0.9845680154,0.9819627524,0.9788706553,0.9754784831,0.9718634657,0.9681606396,0.9645993301,0.9613555276,0.9587000194,0.9566865752,0.9549421856,0.9526213923,0.9489693368,0.9442805828,0.9395460612,0.9357038990,0.9327292456,0.9300202842,0.9265910717,0.9234286081,0.9206781351,0.9183864292,0.9168965574,0.9168304037,0.9178473775,0.9201434053,0.9227618045,0.9234396002,0.9206567529,0.9168837560,0.9149947293,0.9157527862,0.9191211341,0.9233376227,0.9246552610,0.9212709543,0.9157972096,0.9119924021,0.9111428135,0.9123643050,0.9136712899,0.9140930496,0.9143433568,0.9145017224,0.9142718209,0.9098386582,0.9016783811,0.8941106479,0.8886466912,0.8836594680,0.8747093976,0.8579064544,0.8343836797,0.8097168185,0.7881548307,0.7676698575,0.7455004394,0.7231078605,0.7043630782,0.6910806094,0.6775381835,0.6555206484,0.6477135780,0.6397455230,0.6338849480,0.6295817459,0.6242777949,0.6137787381,0.5978872256,0.5802718699,0.5648712780,0.5517257565,0.5396311180,0.5257989333,0.5113099061,0.4985309964,0.4908412323,0.4798069630,0.4559171368,0.4159989131,0.3637583403,0.3637583403
2042,4,0,0.9904886833,0.9901737486,0.9897215129,0.9890602554,0.9883561505,0.9878929980,0.9876794338,0.9871335453,0.9863968620,0.9845680154,0.9819627524,0.9788706553,0.9754784831,0.9718634657,0.9681606396,0.9645993301,0.9613555276,0.9587000194,0.9566865752,0.9549421856,0.9526213923,0.9489693368,0.9442805828,0.9395460612,0.9357038990,0.9327292456,0.9300202842,0.9272326163,0.9240621586,0.9214704489,0.9194078903,0.9176777011,0.9168965574,0.9168304037,0.9178473775,0.9201434053,0.9221466171,0.9219152214,0.9196928222,0.9168837560,0.9149947293,0.9157527862,0.9191211341,0.9219582969,0.9206805799,0.9161387414,0.9112153528,0.9085013882,0.9081603557,0.9094366549,0.9113689049,0.9137193479,0.9143433568,0.9145017224,0.9110488804,0.9033722556,0.8950299157,0.8891918132,0.8839526208,0.8747202041,0.8587931742,0.8368351516,0.8118926373,0.7883218811,0.7661420610,0.7436228215,0.7223185106,0.7058827080,0.6950591130,0.6835979816,0.6632832997,0.6555206484,0.6477135780,0.6397455230,0.6338849480,0.6295817459,0.6242777949,0.6137787381,0.5978872256,0.5802718699,0.5648712780,0.5517257565,0.5396311180,0.5257989333,0.5113099061,0.4985309964,0.4908412323,0.4798069630,0.4559171368,0.4159989131,0.3637583403
2043,4,0,0.9904886833,0.9901737486,0.9897215129,0.9890602554,0.9883561505,0.9878929980,0.9876794338,0.9871335453,0.9863968620,0.9845680154,0.9819627524,0.9788706553,0.9754784831,0.9718634657,0.9681606396,0.9645993301,0.9613555276,0.9587000194,0.9566865752,0.9549421856,0.9526213923,0.9489693368,0.9442805828,0.9395460612,0.9357038990,0.9327292456,0.9300202842,0.9272326163,0.9247019522,0.9221026559,0.9201991109,0.9186983739,0.9176777011,0.9168965574,0.9168304037,0.9178473775,0.9195299635,0.9206243728,0.9209499731,0.9196928222,0.9168837560,0.9149947293,0.9157527862,0.9177481071,0.9179952088,0.9155516558,0.9115551759,0.9077273133,0.9055275766,0.9052461955,0.9071449409,0.9109963168,0.9137193479,0.9143433568,0.9112779716,0.9045738765,0.8967113005,0.8901060238,0.8844948633,0.8750103914,0.8588037841,0.8377000924,0.8142780291,0.7904402088,0.7663044457,0.7421428828,0.7204992788,0.7051121612,0.6965586699,0.6875334082,0.6692156043,0.6632832997,0.6555206484,0.6477135780,0.6397455230,0.6338849480,0.6295817459,0.6242777949,0.6137787381,0.5978872256,0.5802718699,0.5648712780,0.5517257565,0.5396311180,0.5257989333,0.5113099061,0.4985309964,0.4908412323,0.4798069630,0.4559171368,0.4159989131
2044,4,0,0.9904886833,0.9901737486,0.9897215129,0.9890602554,0.9883561505,0.9878929980,0.9876794338,0.9871335453,0.9863968620,0.9845680154,0.9819627524,0.9788706553,0.9754784831,0.9718634657,0.9681606396,0.9645993301,0.9613555276,0.9587000194,0.9566865752,0.9549421856,0.9526213923,0.9489693368,0.9442805828,0.9395460612,0.9357038990,0.9327292456,0.9300202842,0.9272326163,0.9247019522,0.9227410928,0.9208304456,0.9194889840,0.9186983739,0.9176777011,0.9168965574,0.9168304037,0.9172354665,0.9180120386,0.9196604760,0.9209499731,0.9196928222,0.9168837560,0.9149947293,0.9143847910,0.9138031168,0.9128812444,0.9109710276,0.9080658356,0.9047560355,0.9026218647,0.9029650411,0.9067740797,0.9109963168,0.9137193479,0.9111201642,0.9048013395,0.8979040614,0.8917781586,0.8854042448,0.8755471485,0.8590886910,0.8377104417,0.8151196552,0.7927625720,0.7683636096,0.7423001809,0.7190653599,0.7033362653,0.6957983014,0.6890167288,0.6730682326,0.6692156043,0.6632832997,0.6555206484,0.6477135780,0.6397455230,0.6338849480,0.6295817459,0.6242777949,0.6137787381,0.5978872256,0.5802718699,0.5648712780,0.5517257565,0.5396311180,0.5257989333,0.5113099061,0.4985309964,0.4908412323,0.4798069630,0.4559171368
2045,4,0,0.9904886833,0.9901737486,0.9897215129,0.9890602554,0.9883561505,0.9878929980,0.9876794338,0.9871335453,0.9863968620,0.9845680154,0.9819627524,0.9788706553,0.9754784831,0.9718634657,0.9681606396,0.9645993301,0.9613555276,0.9587000194,0.9566865752,0.9549421856,0.9526213923,0.9489693368,0.9442805828,0.9395460612,0.9357038990,0.9327292456,0.9300202842,0.9272326163,0.9247019522,0.9227410928,0.9214680017,0.9201198315,0.9194889840,0.9186983739,0.9176777011,0.9168965574,0.9162191707,0.9157213293,0.9170508769,0.9196604760,0.9209499731,0.9196928222,0.9168837560,0.9136278665,0.9104542581,0.9087125057,0.9083139766,0.9074839234,0.9050934498,0.9018527993,0.9003473234,0.9025958887,0.9067740797,0.9109963168,0.9104983550,0.9046446537,0.8981298471,0.8929643577,0.8870675470,0.8764473305,0.8596156814,0.8379883510,0.8151297255,0.7935819601,0.7706211104,0.7442948420,0.7192177667,0.7019365038,0.6940458633,0.6882645931,0.6745203453,0.6730682326,0.6692156043,0.6632832997,0.6555206484,0.6477135780,0.6397455230,0.6338849480,0.6295817459,0.6242777949,0.6137787381,0.5978872256,0.5802718699,0.5648712780,0.5517257565,0.5396311180,0.5257989333,0.5113099061,0.4985309964,0.4908412323,0.4798069630
2046,4,0,0.9904886833,0.9901737486,0.9897215129,0.9890602554,0.9883561505,0.9878929980,0.9876794338,0.9871335453,0.9863968620,0.9845680154,0.9819627524,0.9788706553,0.9754784831,0.9718634657,0.9681606396,0.9645993301,0.9613555276,0.9587000194,0.9566865752,0.9549421856,0.9526213923,0.9489693368,0.9442805828,0.9395460612,0.9357038990,0.9327292456,0.9300202842,0.9272326163,0.9247019522,0.9227410928,0.9214680017,0.9207568956,0.9201198315,0.9194889840,0.9186983739,0.9176777011,0.9162852802,0.9147067111,0.9147625659,0.9170508769,0.9196604760,0.9209499731,0.9196928222,0.9155140713,0.9097005873,0.9053823028,0.9041660946,0.9048370433,0.9045134423,0.9021891309,0.8995801960,0.8999792412,0.9025958887,0.9067740797,0.9077849230,0.9040272638,0.8979743167,0.8931889013,0.8882474802,0.8780938064,0.8604994836,0.8385023977,0.8154001437,0.7935917643,0.7714176133,0.7464816272,0.7211504023,0.7020852801,0.6926645914,0.6865311295,0.6737840339,0.6745203453,0.6730682326,0.6692156043,0.6632832997,0.6555206484,0.6477135780,0.6397455230,0.6338849480,0.6295817459,0.6242777949,0.6137787381,0.5978872256,0.5802718699,0.5648712780,0.5517257565,0.5396311180,0.5257989333,0.5113099061,0.4985309964,0.4908412323
2047,4,0,0.9904886833,0.9901737486,0.9897215129,0.9890602554,0.9883561505,0.9878929980,0.9876794338,0.9871335453,0.9863968620,0.9845680154,0.9819627524,0.9788706553,0.9754784831,0.9718634657,0.9681606396,0.9645993301,0.9613555276,0.9587000194,0.9566865752,0.9549421856,0.9526213923,0.9489693368,0.9442805828,0.9395460612,0.9357038990,0.9327292456,0.9300202842,0.9272326163,0.9247019522,0.9227410928,0.9214680017,0.9207568956,0.9207568956,0.9201198315,0.9194889840,0.9186983739,0.9170659032,0.9147727116,0.9137490101,0.9147625659,0.9170508769,0.9196604760,0.9209499731,0.9183189412,0.9115786841,0.9046328305,0.9008525532,0.9007050390,0.9018752263,0.9016109845,0.8999156800,0.8992124275,0.8999792412,0.9025958887,0.9035775699,0.9013331167,0.8973614791,0.8930342265,0.8884708377,0.8792618032,0.8621160002,0.8393644926,0.8159003342,0.7938550373,0.7714271437,0.7472531799,0.7232691877,0.7039718784,0.6928114025,0.6851648131,0.6720870410,0.6737840339,0.6745203453,0.6730682326,0.6692156043,0.6632832997,0.6555206484,0.6477135780,0.6397455230,0.6338849480,0.6295817459,0.6242777949,0.6137787381,0.5978872256,0.5802718699,0.5648712780,0.5517257565,0.5396311180,0.5257989333,0.5113099061,0.4985309964
2048,4,0,0.9904886833,0.9901737486,0.9897215129,0.9890602554,0.9883561505,0.9878929980,0.9876794338,0.9871335453,0.9863968620,0.9845680154,0.9819627524,0.9788706553,0.9754784831,0.9718634657,0.9681606396,0.9645993301,0.9613555276,0.9587000194,0.9566865752,0.9549421856,0.9526213923,0.9489693368,0.9442805828,0.9395460612,0.9357038990,0.9327292456,0.9300202842,0.9272326163,0.9247019522,0.9227410928,0.9214680017,0.9207568956,0.9207568956,0.9207568956,0.9201198315,0.9194889840,0.9180858956,0.9155520459,0.9138149415,0.9137490101,0.9147625659,0.9170508769,0.9196604760,0.9195742141,0.9143714971,0.9065004649,0.9001068306,0.8974041814,0.8977567473,0.8989812342,0.8993389906,0.8995477743,0.8992124275,0.8999792412,0.8994141077,0.8971556661,0.8946871971,0.8924247603,0.8883169800,0.8794829012,0.8632627442,0.8409413055,0.8167391911,0.7943420113,0.7716830636,0.7472624118,0.7240167483,0.7060401922,0.6946730806,0.6853100347,0.6707494709,0.6720870410,0.6737840339,0.6745203453,0.6730682326,0.6692156043,0.6632832997,0.6555206484,0.6477135780,0.6397455230,0.6338849480,0.6295817459,0.6242777949,0.6137787381,0.5978872256,0.5802718699,0.5648712780,0.5517257565,0.5396311180,0.5257989333,0.5113099061
2049,4,0,0.9904886833,0.9901737486,0.9897215129,0.9890602554,0.9883561505,0.9878929980,0.9876794338,0.9871335453,0.9863968620,0.9845680154,0.9819627524,0.9788706553,0.9754784831,0.9718634657,0.9681606396,0.9645993301,0.9613555276,0.9587000194,0.9566865752,0.9549421856,0.9526213923,0.9489693368,0.9442805828,0.9395460612,0.9357038990,0.9327292456,0.9300202842,0.9272326163,0.9247019522,0.9227410928,0.9214680017,0.9207568956,0.9207568956,0.9207568956,0.9207568956,0.9201198315,0.9188759785,0.9165703545,0.9145934598,0.9138149415,0.9137490101,0.9147625659,0.9170508769,0.9182866433,0.9156213741,0.9092777196,0.9019651209,0.8966613134,0.8944666945,0.8948759709,0.8967158670,0.8989713206,0.8995477743,0.8992124275,0.8968066842,0.8930217944,0.8905405486,0.8897651905,0.8877107331,0.8793305999,0.8634798190,0.8420598839,0.8182735005,0.7951587033,0.7721564367,0.7475103151,0.7240256931,0.7067699452,0.6967140739,0.6871515556,0.6708916371,0.6707494709,0.6720870410,0.6737840339,0.6745203453,0.6730682326,0.6692156043,0.6632832997,0.6555206484,0.6477135780,0.6397455230,0.6338849480,0.6295817459,0.6242777949,0.6137787381,0.5978872256,0.5802718699,0.5648712780,0.5517257565,0.5396311180,0.5257989333
2050,4,0,0.9904886833,0.9901737486,0.9897215129,0.9890602554,0.9883561505,0.9878929980,0.9876794338,0.9871335453,0.9863968620,0.9845680154,0.9819627524,0.9788706553,0.9754784831,0.9718634657,0.9681606396,0.9645993301,0.9613555276,0.9587000194,0.9566865752,0.9549421856,0.9526213923,0.9489693368,0.9442805828,0.9395460612,0.9357038990,0.9327292456,0.9300202842,0.9272326163,0.9247019522,0.9227410928,0.9214680017,0.9207568956,0.9207568956,0.9207568956,0.9207568956,0.9207568956,0.9195064055,0.9173591332,0.9156107023,0.9145934598,0.9138149415,0.9137490101,0.9147625659,0.9156809425,0.9143393380,0.9105206339,0.9047284807,0.8985124904,0.8937262582,0.8915964754,0.8926209486,0.8963492695,0.8989713206,0.8995477743,0.8960425736,0.8904329024,0.8864371577,0.8856413543,0.8850652119,0.8787304860,0.8633302890,0.8422716271,0.8193619273,0.7966524721,0.7729503189,0.7479688600,0.7242658876,0.7067786769,0.6974341876,0.6891704502,0.6726944139,0.6708916371,0.6707494709,0.6720870410,0.6737840339,0.6745203453,0.6730682326,0.6692156043,0.6632832997,0.6555206484,0.6477135780,0.6397455230,0.6338849480,0.6295817459,0.6242777949,0.6137787381,0.5978872256,0.5802718699,0.5648712780,0.5517257565,0.5396311180
2051,4,0,0.9904886833,0.9901737486,0.9897215129,0.9890602554,0.9883561505,0.9878929980,0.9876794338,0.9871335453,0.9863968620,0.9845680154,0.9819627524,0.9788706553,0.9754784831,0.9718634657,0.9681606396,0.9645993301,0.9613555276,0.9587000194,0.9566865752,0.9549421856,0.9526213923,0.9489693368,0.9442805828,0.9395460612,0.9357038990,0.9327292456,0.9300202842,0.9272326163,0.9247019522,0.9227410928,0.9214680017,0.9207568956,0.9207568956,0.9207568956,0.9207568956,0.9207568956,0.9201430448,0.9179885195,0.9163986551,0.9156107023,0.9145934598,0.9138149415,0.9137490101,0.9133960499,0.9117448380,0.9092457397,0.9059651765,0.9012652723,0.8955713756,0.8908584150,0.8893497173,0.8922560252,0.8963492695,0.8989713206,0.8963767383,0.8896742225,0.8838673548,0.8815605377,0.8809631589,0.8761117274,0.8627410948,0.8421257698,0.8195679629,0.7977121397,0.7744023675,0.7487378740,0.7247101737,0.7070131498,0.6974428040,0.6898827669,0.6746708325,0.6726944139,0.6708916371,0.6707494709,0.6720870410,0.6737840339,0.6745203453,0.6730682326,0.6692156043,0.6632832997,0.6555206484,0.6477135780,0.6397455230,0.6338849480,0.6295817459,0.6242777949,0.6137787381,0.5978872256,0.5802718699,0.5648712780,0.5517257565
2052,4,0,0.9904886833,0.9901737486,0.9897215129,0.9890602554,0.9883561505,0.9878929980,0.9876794338,0.9871335453,0.9863968620,0.9845680154,0.9819627524,0.9788706553,0.9754784831,0.9718634657,0.9681606396,0.9645993301,0.9613555276,0.9587000194,0.9566865752,0.9549421856,0.9526213923,0.9489693368,0.9442805828,0.9395460612,0.9357038990,0.9327292456,0.9300202842,0.9272326163,0.9247019522,0.9227410928,0.9214680017,0.9207568956,0.9207568956,0.9207568956,0.9207568956,0.9207568956,0.9201430448,0.9186241079,0.9170273824,0.9163986551,0.9156107023,0.9145934598,0.9138149415,0.9123840082,0.9094697672,0.9066656932,0.9046966608,0.9024972341,0.8983151469,0.8926976117,0.8886135167,0.8889861312,0.8922560252,0.8963492695,0.8958023167,0.8900060122,0.8831142689,0.8790048722,0.8769038983,0.8720511715,0.8601699871,0.8415510469,0.8194260372,0.7979127313,0.7754324391,0.7501444376,0.7254552747,0.7074468525,0.6976741797,0.6898912900,0.6753681626,0.6746708325,0.6726944139,0.6708916371,0.6707494709,0.6720870410,0.6737840339,0.6745203453,0.6730682326,0.6692156043,0.6632832997,0.6555206484,0.6477135780,0.6397455230,0.6338849480,0.6295817459,0.6242777949,0.6137787381,0.5978872256,0.5802718699,0.5648712780
2053,4,0,0.9904886833,0.9901737486,0.9897215129,0.9890602554,0.9883561505,0.9878929980,0.9876794338,0.9871335453,0.9863968620,0.9845680154,0.9819627524,0.9788706553,0.9754784831,0.9718634657,0.9681606396,0.9645993301,0.9613555276,0.9587000194,0.9566865752,0.9549421856,0.9526213923,0.9489693368,0.9442805828,0.9395460612,0.9357038990,0.9327292456,0.9300202842,0.9272326163,0.9247019522,0.9227410928,0.9214680017,0.9207568956,0.9207568956,0.9207568956,0.9207568956,0.9207568956,0.9201430448,0.9186241079,0.9176623054,0.9170273824,0.9163986551,0.9156107023,0.9145934598,0.9124498411,0.9084620758,0.9044032963,0.9021295226,0.9012335742,0.8995430761,0.8954325786,0.8904480788,0.8882502316,0.8889861312,0.8922560252,0.8931895087,0.8894356731,0.8834436122,0.8782559294,0.8743617325,0.8680329751,0.8561833171,0.8390430890,0.8188668062,0.7977745556,0.7756274283,0.7511422425,0.7268181000,0.7081742044,0.6981021536,0.6901201605,0.6753765064,0.6753681626,0.6746708325,0.6726944139,0.6708916371,0.6707494709,0.6720870410,0.6737840339,0.6745203453,0.6730682326,0.6692156043,0.6632832997,0.6555206484,0.6477135780,0.6397455230,0.6338849480,0.6295817459,0.6242777949,0.6137787381,0.5978872256,0.5802718699
2054,4,0,0.9904886833,0.9901737486,0.9897215129,0.9890602554,0.9883561505,0.9878929980,0.9876794338,0.9871335453,0.9863968620,0.9845680154,0.9819627524,0.9788706553,0.9754784831,0.9718634657,0.9681606396,0.9645993301,0.9613555276,0.9587000194,0.9566865752,0.9549421856,0.9526213923,0.9489693368,0.9442805828,0.9395460612,0.9357038990,0.9327292456,0.9300202842,0.9272326163,0.9247019522,0.9227410928,0.9214680017,0.9207568956,0.9207568956,0.9207568956,0.9207568956,0.9207568956,0.9201430448,0.9186241079,0.9176623054,0.9176623054,0.9170273824,0.9163986551,0.9156107023,0.9132271965,0.9085276256,0.9034012185,0.8998784448,0.8986762627,0.8982835525,0.8966565675,0.8931761538,0.8900840437,0.8882502316,0.8889861312,0.8891106936,0.8868414348,0.8828774785,0.8785834608,0.8736167457,0.8655165263,0.8522382359,0.8351543369,0.8164264510,0.7972301010,0.7754931118,0.7513311237,0.7277848774,0.7095045659,0.6988198979,0.6905435005,0.6756005616,0.6753765064,0.6753681626,0.6746708325,0.6726944139,0.6708916371,0.6707494709,0.6720870410,0.6737840339,0.6745203453,0.6730682326,0.6692156043,0.6632832997,0.6555206484,0.6477135780,0.6397455230,0.6338849480,0.6295817459,0.6242777949,0.6137787381,0.5978872256
2055,4,0,0.9904886833,0.9901737486,0.9897215129,0.9890602554,0.9883561505,0.9878929980,0.9876794338,0.9871335453,0.9863968620,0.9845680154,0.9819627524,0.9788706553,0.9754784831,0.9718634657,0.9681606396,0.9645993301,0.9613555276,0.9587000194,0.9566865752,0.9549421856,0.9526213923,0.9489693368,0.9442805828,0.9395460612,0.9357038990,0.9327292456,0.9300202842,0.9272326163,0.9247019522,0.9227410928,0.9214680017,0.9207568956,0.9207568956,0.9207568956,0.9207568956,0.9207568956,0.9201430448,0.9186241079,0.9176623054,0.9176623054,0.9176623054,0.9170273824,0.9163986551,0.9142429193,0.9093016395,0.9034664032,0.8988813805,0.8964338018,0.8957346119,0.8954010856,0.8943970584,0.8928110033,0.8900840437,0.8882502316,0.8858523265,0.8827916087,0.8803023687,0.8780204416,0.8739425471,0.8647790760,0.8497675765,0.8313061520,0.8126425212,0.7948542267,0.7749638635,0.7512010146,0.7279678852,0.7104483137,0.7001326865,0.6912534735,0.6760149949,0.6756005616,0.6753765064,0.6753681626,0.6746708325,0.6726944139,0.6708916371,0.6707494709,0.6720870410,0.6737840339,0.6745203453,0.6730682326,0.6692156043,0.6632832997,0.6555206484,0.6477135780,0.6397455230,0.6338849480,0.6295817459,0.6242777949,0.6137787381
2056,4,0,0.9904886833,0.9901737486,0.9897215129,0.9890602554,0.9883561505,0.9878929980,0.9876794338,0.9871335453,0.9863968620,0.9845680154,0.9819627524,0.9788706553,0.9754784831,0.9718634657,0.9681606396,0.9645993301,0.9613555276,0.9587000194,0.9566865752,0.9549421856,0.9526213923,0.9489693368,0.9442805828,0.9395460612,0.9357038990,0.9327292456,0.9300202842,0.9272326163,0.9247019522,0.9227410928,0.9214680017,0.9207568956,0.9207568956,0.9207568956,0.9207568956,0.9207568956,0.9201430448,0.9186241079,0.9176623054,0.9176623054,0.9176623054,0.9176623054,0.9170273824,0.9150296950,0.9103129962,0.9042361052,0.8989462391,0.8954405542,0.8934994913,0.8928603242,0.8931447401,0.8940314088,0.8928110033,0.8900840437,0.8851190211,0.8795563994,0.8762824037,0.8754594984,0.8733825019,0.8651015815,0.8490435448,0.8288961751,0.8088980652,0.7911702787,0.7726543462,0.7506883449,0.7278418219,0.7106269620,0.7010639683,0.6925520480,0.6767100305,0.6760149949,0.6756005616,0.6753765064,0.6753681626,0.6746708325,0.6726944139,0.6708916371,0.6707494709,0.6720870410,0.6737840339,0.6745203453,0.6730682326,0.6692156043,0.6632832997,0.6555206484,0.6477135780,0.6397455230,0.6338849480,0.6295817459,0.6242777949
2057,4,0,0.9904886833,0.9901737486,0.9897215129,0.9890602554,0.9883561505,0.9878929980,0.9876794338,0.9871335453,0.9863968620,0.9845680154,0.9819627524,0.9788706553,0.9754784831,0.9718634657,0.9681606396,0.9645993301,0.9613555276,0.9587000194,0.9566865752,0.9549421856,0.9526213923,0.9489693368,0.9442805828,0.9395460612,0.9357038990,0.9327292456,0.9300202842,0.9272326163,0.9247019522,0.9227410928,0.9214680017,0.9207568956,0.9207568956,0.9207568956,0.9207568956,0.9207568956,0.9201430448,0.9186241079,0.9176623054,0.9176623054,0.9176623054,0.9176623054,0.9176623054,0.9156574831,0.9110963900,0.9052418278,0.8997120902,0.8955051645,0.8925094949,0.8906323758,0.8906103813,0.8927796026,0.8940314088,0.8928110033,0.8869463687,0.8788283058,0.8730710490,0.8714616488,0.8708350863,0.8645472018,0.8493601820,0.8281899267,0.8065530500,0.7875247615,0.7690732890,0.7484511725,0.7273450941,0.7105039017,0.7012402569,0.6934732464,0.6779812841,0.6767100305,0.6760149949,0.6756005616,0.6753765064,0.6753681626,0.6746708325,0.6726944139,0.6708916371,0.6707494709,0.6720870410,0.6737840339,0.6745203453,0.6730682326,0.6692156043,0.6632832997,0.6555206484,0.6477135780,0.6397455230,0.6338849480,0.6295817459
2058,4,0,0.9904886833,0.9901737486,0.9897215129,0.9890602554,0.9883561505,0.9878929980,0.9876794338,0.9871335453,0.9863968620,0.9845680154,0.9819627524,0.9788706553,0.9754784831,0.9718634657,0.9681606396,0.9645993301,0.9613555276,0.9587000194,0.9566865752,0.9549421856,0.9526213923,0.9489693368,0.9442805828,0.9395460612,0.9357038990,0.9327292456,0.9300202842,0.9272326163,0.9247019522,0.9227410928,0.9214680017,0.9207568956,0.9207568956,0.9207568956,0.9207568956,0.9207568956,0.9201430448,0.9186241079,0.9176623054,0.9176623054,0.9176623054,0.9176623054,0.9176623054,0.9162914576,0.9117214795,0.9060208575,0.9007127810,0.8962680840,0.8925738937,0.8896455561,0.8883880471,0.8902462798,0.8927796026,0.8940314088,0.8896637154,0.8806426661,0.8723483239,0.8682679609,0.8668583544,0.8620255563,0.8488158898,0.8284987868,0.8058658386,0.7852417080,0.7655295893,0.7449822909,0.7251774884,0.7100190064,0.7011188221,0.6936476263,0.6788831012,0.6779812841,0.6767100305,0.6760149949,0.6756005616,0.6753765064,0.6753681626,0.6746708325,0.6726944139,0.6708916371,0.6707494709,0.6720870410,0.6737840339,0.6745203453,0.6730682326,0.6692156043,0.6632832997,0.6555206484,0.6477135780,0.6397455230,0.6338849480
2059,4,0,0.9904886833,0.9901737486,0.9897215129,0.9890602554,0.9883561505,0.9878929980,0.9876794338,0.9871335453,0.9863968620,0.9845680154,0.9819627524,0.9788706553,0.9754784831,0.9718634657,0.9681606396,0.9645993301,0.9613555276,0.9587000194,0.9566865752,0.9549421856,0.9526213923,0.9489693368,0.9442805828,0.9395460612,0.9357038990,0.9327292456,0.9300202842,0.9272326163,0.9247019522,0.9227410928,0.9214680017,0.9207568956,0.9207568956,0.9207568956,0.9207568956,0.9207568956,0.9201430448,0.9186241079,0.9176623054,0.9176623054,0.9176623054,0.9176623054,0.9176623054,0.9162914576,0.9123527288,0.9066424647,0.9014879131,0.8972649443,0.8933343159,0.8897097483,0.8874037142,0.8880248541,0.8902462798,0.8927796026,0.8908798188,0.8833407001,0.8741493061,0.8675492118,0.8636815364,0.8580890538,0.8463401282,0.8279678632,0.8061663733,0.7845726547,0.7633103003,0.7415495966,0.7218164744,0.7079030353,0.7006403319,0.6935275063,0.6790538122,0.6788831012,0.6779812841,0.6767100305,0.6760149949,0.6756005616,0.6753765064,0.6753681626,0.6746708325,0.6726944139,0.6708916371,0.6707494709,0.6720870410,0.6737840339,0.6745203453,0.6730682326,0.6692156043,0.6632832997,0.6555206484,0.6477135780,0.6397455230
2060,4,0,0.9904886833,0.9901737486,0.9897215129,0.9890602554,0.9883561505,0.9878929980,0.9876794338,0.9871335453,0.9863968620,0.9845680154,0.9819627524,0.9788706553,0.9754784831,0.9718634657,0.9681606396,0.9645993301,0.9613555276,0.9587000194,0.9566865752,0.9549421856,0.9526213923,0.9489693368,0.9442805828,0.9395460612,0.9357038990,0.9327292456,0.9300202842,0.9272326163,0.9247019522,0.9227410928,0.9214680017,0.9207568956,0.9207568956,0.9207568956,0.9207568956,0.9207568956,0.9201430448,0.9186241079,0.9176623054,0.9176623054,0.9176623054,0.9176623054,0.9176623054,0.9162914576,0.9123527288,0.9072701975,0.9021064104,0.8980371092,0.8943279132,0.8904677304,0.8874677446,0.8870409237,0.8880248541,0.8902462798,0.8896324253,0.8845481603,0.8768274463,0.8693402862,0.8629665839,0.8549443731,0.8424752543,0.8255529095,0.8056497609,0.7848652484,0.7626599333,0.7393998262,0.7184905224,0.7046220840,0.6985523106,0.6930541968,0.6789362195,0.6790538122,0.6788831012,0.6779812841,0.6767100305,0.6760149949,0.6756005616,0.6753765064,0.6753681626,0.6746708325,0.6726944139,0.6708916371,0.6707494709,0.6720870410,0.6737840339,0.6745203453,0.6730682326,0.6692156043,0.6632832997,0.6555206484,0.6477135780
2061,4,0,0.9904886833,0.9901737486,0.9897215129,0.9890602554,0.9883561505,0.9878929980,0.9876794338,0.9871335453,0.9863968620,0.9845680154,0.9819627524,0.9788706553,0.9754784831,0.9718634657,0.9681606396,0.9645993301,0.9613555276,0.9587000194,0.9566865752,0.9549421856,0.9526213923,0.9489693368,0.9442805828,0.9395460612,0.9357038990,0.9327292456,0.9300202842,0.9272326163,0.9247019522,0.9227410928,0.9214680017,0.9207568956,0.9207568956,0.9207568956,0.9207568956,0.9207568956,0.9201430448,0.9186241079,0.9176623054,0.9176623054,0.9176623054,0.9176623054,0.9176623054,0.9162914576,0.9123527288,0.9072701975,0.9027310025,0.8986532390,0.8950975506,0.8914581394,0.8882238167,0.8871049279,0.8870409237,0.8880248541,0.8871080329,0.8833096324,0.8780260035,0.8720036929,0.8647481974,0.8542366532,0.8393877943,0.8217829620,0.8032999030,0.7843622863,0.7629443551,0.7387698317,0.7164076008,0.7013753595,0.6953146976,0.6909887835,0.6784728680,0.6789362195,0.6790538122,0.6788831012,0.6779812841,0.6767100305,0.6760149949,0.6756005616,0.6753765064,0.6753681626,0.6746708325,0.6726944139,0.6708916371,0.6707494709,0.6720870410,0.6737840339,0.6745203453,0.6730682326,0.6692156043,0.6632832997,0.6555206484
2062,4,0,0.9904886833,0.9901737486,0.9897215129,0.9890602554,0.9883561505,0.9878929980,0.9876794338,0.9871335453,0.9863968620,0.9845680154,0.9819627524,0.9788706553,0.9754784831,0.9718634657,0.9681606396,0.9645993301,0.9613555276,0.9587000194,0.9566865752,0.9549421856,0.9526213923,0.9489693368,0.9442805828,0.9395460612,0.9357038990,0.9327292456,0.9300202842,0.9272326163,0.9247019522,0.9227410928,0.9214680017,0.9207568956,0.9207568956,0.9207568956,0.9207568956,0.9207568956,0.9201430448,0.9186241079,0.9176623054,0.9176623054,0.9176623054,0.9176623054,0.9176623054,0.9162914576,0.9123527288,0.9072701975,0.9027310025,0.8992754402,0.8957116635,0.8922253071,0.8892117299,0.8878606909,0.8871049279,0.8870409237,0.8848944381,0.8808031813,0.8767966077,0.8731956564,0.8673975353,0.8560002435,0.8386929521,0.8187713340,0.7996315754,0.7820745181,0.7624554404,0.7390453441,0.7157971966,0.6993420552,0.6921108593,0.6877862256,0.6764509094,0.6784728680,0.6789362195,0.6790538122,0.6788831012,0.6779812841,0.6767100305,0.6760149949,0.6756005616,0.6753765064,0.6753681626,0.6746708325,0.6726944139,0.6708916371,0.6707494709,0.6720870410,0.6737840339,0.6745203453,0.6730682326,0.6692156043,0.6632832997
2063,4,0,0.9904886833,0.9901737486,0.9897215129,0.9890602554,0.9883561505,0.9878929980,0.9876794338,0.9871335453,0.9863968620,0.9845680154,0.9819627524,0.9788706553,0.9754784831,0.9718634657,0.9681606396,0.9645993301,0.9613555276,0.9587000194,0.9566865752,0.9549421856,0.9526213923,0.9489693368,0.9442805828,0.9395460612,0.9357038990,0.9327292456,0.9300202842,0.9272326163,0.9247019522,0.9227410928,0.9214680017,0.9207568956,0.9207568956,0.9207568956,0.9207568956,0.9207568956,0.9201430448,0.9186241079,0.9176623054,0.9176623054,0.9176623054,0.9176623054,0.9176623054,0.9162914576,0.9123527288,0.9072701975,0.9027310025,0.8992754402,0.8963318281,0.8928374495,0.8899769644,0.8888482002,0.8878606909,0.8871049279,0.8839139761,0.8786053190,0.8743086378,0.8719730240,0.8685832025,0.8586227802,0.8404244521,0.8180935580,0.7967011267,0.7785031178,0.7602315684,0.7385717446,0.7160641416,0.6987461914,0.6901044130,0.6846170765,0.6733157308,0.6764509094,0.6784728680,0.6789362195,0.6790538122,0.6788831012,0.6779812841,0.6767100305,0.6760149949,0.6756005616,0.6753765064,0.6753681626,0.6746708325,0.6726944139,0.6708916371,0.6707494709,0.6720870410,0.6737840339,0.6745203453,0.6730682326,0.6692156043
2064,4,0,0.9904886833,0.9901737486,0.9897215129,0.9890602554,0.9883561505,0.9878929980,0.9876794338,0.9871335453,0.9863968620,0.9845680154,0.9819627524,0.9788706553,0.9754784831,0.9718634657,0.9681606396,0.9645993301,0.9613555276,0.9587000194,0.9566865752,0.9549421856,0.9526213923,0.9489693368,0.9442805828,0.9395460612,0.9357038990,0.9327292456,0.9300202842,0.9272326163,0.9247019522,0.9227410928,0.9214680017,0.9207568956,0.9207568956,0.9207568956,0.9207568956,0.9207568956,0.9201430448,0.9186241079,0.9176623054,0.9176623054,0.9176623054,0.9176623054,0.9176623054,0.9162914576,0.9123527288,0.9072701975,0.9027310025,0.8992754402,0.8963318281,0.8934556240,0.8905875642,0.8896131218,0.8888482002,0.8878606909,0.8839777547,0.8776318253,0.8721269812,0.8694987413,0.8673670283,0.8597964530,0.8429992691,0.8197825301,0.7960416203,0.7756500996,0.7567599155,0.7364175347,0.7156052691,0.6990067776,0.6895164199,0.6826323549,0.6702132583,0.6733157308,0.6764509094,0.6784728680,0.6789362195,0.6790538122,0.6788831012,0.6779812841,0.6767100305,0.6760149949,0.6756005616,0.6753765064,0.6753681626,0.6746708325,0.6726944139,0.6708916371,0.6707494709,0.6720870410,0.6737840339,0.6745203453,0.6730682326
2065,4,0,0.9904886833,0.9901737486,0.9897215129,0.9890602554,0.9883561505,0.9878929980,0.9876794338,0.9871335453,0.9863968620,0.9845680154,0.9819627524,0.9788706553,0.9754784831,0.9718634657,0.9681606396,0.9645993301,0.9613555276,0.9587000194,0.9566865752,0.9549421856,0.9526213923,0.9489693368,0.9442805828,0.9395460612,0.9357038990,0.9327292456,0.9300202842,0.9272326163,0.9247019522,0.9227410928,0.9214680017,0.9207568956,0.9207568956,0.9207568956,0.9207568956,0.9207568956,0.9201430448,0.9186241079,0.9176623054,0.9176623054,0.9176623054,0.9176623054,0.9176623054,0.9162914576,0.9123527288,0.9072701975,0.9027310025,0.8992754402,0.8963318281,0.8934556240,0.8912041810,0.8902234720,0.8896131218,0.8888482002,0.8847308535,0.8776951506,0.8711606656,0.8673290868,0.8649058155,0.8585925819,0.8441515857,0.8222941063,0.7976850657,0.7750080192,0.7539865807,0.7330546303,0.7135180461,0.6985588358,0.6897735640,0.6820507283,0.6682702937,0.6702132583,0.6733157308,0.6764509094,0.6784728680,0.6789362195,0.6790538122,0.6788831012,0.6779812841,0.6767100305,0.6760149949,0.6756005616,0.6753765064,0.6753681626,0.6746708325,0.6726944139,0.6708916371,0.6707494709,0.6720870410,0.6737840339,0.6745203453
2066,4,0,0.9904886833,0.9901737486,0.9897215129,0.9890602554,0.9883561505,0.9878929980,0.9876794338,0.9871335453,0.9863968620,0.9845680154,0.9819627524,0.9788706553,0.9754784831,0.9718634657,0.9681606396,0.9645993301,0.9613555276,0.9587000194,0.9566865752,0.9549421856,0.9526213923,0.9489693368,0.9442805828,0.9395460612,0.9357038990,0.9327292456,0.9300202842,0.9272326163,0.9247019522,0.9227410928,0.9214680017,0.9207568956,0.9207568956,0.9207568956,0.9207568956,0.9207568956,0.9201430448,0.9186241079,0.9176623054,0.9176623054,0.9176623054,0.9176623054,0.9176623054,0.9162914576,0.9123527288,0.9072701975,0.9027310025,0.8992754402,0.8963318281,0.8934556240,0.8912041810,0.8908398367,0.8902234720,0.8896131218,0.8857148817,0.8784428970,0.8712235240,0.8663680872,0.8627476217,0.8561562671,0.8429696202,0.8234181204,0.8001289416,0.7766080402,0.7533624333,0.7303681694,0.7102597139,0.6965213325,0.6893315391,0.6823050882,0.6677009041,0.6682702937,0.6702132583,0.6733157308,0.6764509094,0.6784728680,0.6789362195,0.6790538122,0.6788831012,0.6779812841,0.6767100305,0.6760149949,0.6756005616,0.6753765064,0.6753681626,0.6746708325,0.6726944139,0.6708916371,0.6707494709,0.6720870410,0.6737840339
2067,4,0,0.9904886833,0.9901737486,0.9897215129,0.9890602554,0.9883561505,0.9878929980,0.9876794338,0.9871335453,0.9863968620,0.9845680154,0.9819627524,0.9788706553,0.9754784831,0.9718634657,0.9681606396,0.9645993301,0.9613555276,0.9587000194,0.9566865752,0.9549421856,0.9526213923,0.9489693368,0.9442805828,0.9395460612,0.9357038990,0.9327292456,0.9300202842,0.9272326163,0.9247019522,0.9227410928,0.9214680017,0.9207568956,0.9207568956,0.9207568956,0.9207568956,0.9207568956,0.9201430448,0.9186241079,0.9176623054,0.9176623054,0.9176623054,0.9176623054,0.9176623054,0.9162914576,0.9123527288,0.9072701975,0.9027310025,0.8992754402,0.8963318281,0.8934556240,0.8912041810,0.8908398367,0.8908398367,0.8902234720,0.8864771069,0.8794199315,0.8719657569,0.8664305998,0.8617916984,0.8540199061,0.8405776367,0.8222651856,0.8012226577,0.7789873422,0.7549177665,0.7297635732,0.7076567906,0.6933406171,0.6873209494,0.6818678493,0.6679499124,0.6677009041,0.6682702937,0.6702132583,0.6733157308,0.6764509094,0.6784728680,0.6789362195,0.6790538122,0.6788831012,0.6779812841,0.6767100305,0.6760149949,0.6756005616,0.6753765064,0.6753681626,0.6746708325,0.6726944139,0.6708916371,0.6707494709,0.6720870410
2068,4,0,0.9904886833,0.9901737486,0.9897215129,0.9890602554,0.9883561505,0.9878929980,0.9876794338,0.9871335453,0.9863968620,0.9845680154,0.9819627524,0.9788706553,0.9754784831,0.9718634657,0.9681606396,0.9645993301,0.9613555276,0.9587000194,0.9566865752,0.9549421856,0.9526213923,0.9489693368,0.9442805828,0.9395460612,0.9357038990,0.9327292456,0.9300202842,0.9272326163,0.9247019522,0.9227410928,0.9214680017,0.9207568956,0.9207568956,0.9207568956,0.9207568956,0.9207568956,0.9201430448,0.9186241079,0.9176623054,0.9176623054,0.9176623054,0.9176623054,0.9176623054,0.9162914576,0.9123527288,0.9072701975,0.9027310025,0.8992754402,0.8963318281,0.8934556240,0.8912041810,0.8908398367,0.8908398367,0.8908398367,0.8870853055,0.8801767394,0.8729355873,0.8671687494,0.8618538808,0.8530736530,0.8384801489,0.8199319523,0.8001008006,0.7800521593,0.7572306159,0.7312701861,0.7070709948,0.6907996980,0.6841822481,0.6798790290,0.6675218727,0.6679499124,0.6677009041,0.6682702937,0.6702132583,0.6733157308,0.6764509094,0.6784728680,0.6789362195,0.6790538122,0.6788831012,0.6779812841,0.6767100305,0.6760149949,0.6756005616,0.6753765064,0.6753681626,0.6746708325,0.6726944139,0.6708916371,0.6707494709
2069,4,0,0.9904886833,0.9901737486,0.9897215129,0.9890602554,0.9883561505,0.9878929980,0.9876794338,0.9871335453,0.9863968620,0.9845680154,0.9819627524,0.9788706553,0.9754784831,0.9718634657,0.9681606396,0.9645993301,0.9613555276,0.9587000194,0.9566865752,0.9549421856,0.9526213923,0.9489693368,0.9442805828,0.9395460612,0.9357038990,0.9327292456,0.9300202842,0.9272326163,0.9247019522,0.9227410928,0.9214680017,0.9207568956,0.9207568956,0.9207568956,0.9207568956,0.9207568956,0.9201430448,0.9186241079,0.9176623054,0.9176623054,0.9176623054,0.9176623054,0.9176623054,0.9162914576,0.9123527288,0.9072701975,0.9027310025,0.8992754402,0.8963318281,0.8934556240,0.8912041810,0.8908398367,0.8908398367,0.8908398367,0.8876994975,0.8807806155,0.8736868150,0.8681332444,0.8625881313,0.8531352063,0.8375511139,0.8178859815,0.7978304602,0.7789599447,0.7582656931,0.7335105861,0.7085307584,0.6902278565,0.6816748922,0.6767743119,0.6655748957,0.6675218727,0.6679499124,0.6677009041,0.6682702937,0.6702132583,0.6733157308,0.6764509094,0.6784728680,0.6789362195,0.6790538122,0.6788831012,0.6779812841,0.6767100305,0.6760149949,0.6756005616,0.6753765064,0.6753681626,0.6746708325,0.6726944139,0.6708916371
2070,4,0,0.9904886833,0.9901737486,0.9897215129,0.9890602554,0.9883561505,0.9878929980,0.9876794338,0.9871335453,0.9863968620,0.9845680154,0.9819627524,0.9788706553,0.9754784831,0.9718634657,0.9681606396,0.9645993301,0.9613555276,0.9587000194,0.9566865752,0.9549421856,0.9526213923,0.9489693368,0.9442805828,0.9395460612,0.9357038990,0.9327292456,0.9300202842,0.9272326163,0.9247019522,0.9227410928,0.9214680017,0.9207568956,0.9207568956,0.9207568956,0.9207568956,0.9207568956,0.9201430448,0.9186241079,0.9176623054,0.9176623054,0.9176623054,0.9176623054,0.9176623054,0.9162914576,0.9123527288,0.9072701975,0.9027310025,0.8992754402,0.8963318281,0.8934556240,0.8912041810,0.8908398367,0.8908398367,0.8908398367,0.8876994975,0.8813904422,0.8742862383,0.8688803393,0.8635475316,0.8538620290,0.8376115472,0.8169797648,0.7958396391,0.7767495930,0.7572039835,0.7345132399,0.7107014914,0.6916528470,0.6811106041,0.6742941042,0.6625354994,0.6655748957,0.6675218727,0.6679499124,0.6677009041,0.6682702937,0.6702132583,0.6733157308,0.6764509094,0.6784728680,0.6789362195,0.6790538122,0.6788831012,0.6779812841,0.6767100305,0.6760149949,0.6756005616,0.6753765064,0.6753681626,0.6746708325,0.6726944139
2071,4,0,0.9904886833,0.9901737486,0.9897215129,0.9890602554,0.9883561505,0.9878929980,0.9876794338,0.9871335453,0.9863968620,0.9845680154,0.9819627524,0.9788706553,0.9754784831,0.9718634657,0.9681606396,0.9645993301,0.9613555276,0.9587000194,0.9566865752,0.9549421856,0.9526213923,0.9489693368,0.9442805828,0.9395460612,0.9357038990,0.9327292456,0.9300202842,0.9272326163,0.9247019522,0.9227410928,0.9214680017,0.9207568956,0.9207568956,0.9207568956,0.9207568956,0.9207568956,0.9201430448,0.9186241079,0.9176623054,0.9176623054,0.9176623054,0.9176623054,0.9176623054,0.9162914576,0.9123527288,0.9072701975,0.9027310025,0.8992754402,0.8963318281,0.8934556240,0.8912041810,0.8908398367,0.8908398367,0.8908398367,0.8876994975,0.8813904422,0.8748915686,0.8694764650,0.8642906801,0.8548117239,0.8383251446,0.8170387138,0.7949578498,0.7748113749,0.7550553658,0.7334847880,0.7116729668,0.6937718710,0.6825167719,0.6737359259,0.6601074733,0.6625354994,0.6655748957,0.6675218727,0.6679499124,0.6677009041,0.6682702937,0.6702132583,0.6733157308,0.6764509094,0.6784728680,0.6789362195,0.6790538122,0.6788831012,0.6779812841,0.6767100305,0.6760149949,0.6756005616,0.6753765064,0.6753681626,0.6746708325
2072,4,0,0.9904886833,0.9901737486,0.9897215129,0.9890602554,0.9883561505,0.9878929980,0.9876794338,0.9871335453,0.9863968620,0.9845680154,0.9819627524,0.9788706553,0.9754784831,0.9718634657,0.9681606396,0.9645993301,0.9613555276,0.9587000194,0.9566865752,0.9549421856,0.9526213923,0.9489693368,0.9442805828,0.9395460612,0.9357038990,0.9327292456,0.9300202842,0.9272326163,0.9247019522,0.9227410928,0.9214680017,0.9207568956,0.9207568956,0.9207568956,0.9207568956,0.9207568956,0.9201430448,0.9186241079,0.9176623054,0.9176623054,0.9176623054,0.9176623054,0.9176623054,0.9162914576,0.9123527288,0.9072701975,0.9027310025,0.8992754402,0.8963318281,0.8934556240,0.8912041810,0.8908398367,0.8908398367,0.8908398367,0.8876994975,0.8813904422,0.8748915686,0.8700784651,0.8648836569,0.8555473546,0.8392575588,0.8177347843,0.7950152098,0.7739528848,0.7531712812,0.7314034751,0.7106764955,0.6947202049,0.6846078056,0.6751268685,0.6595610387,0.6601074733,0.6625354994,0.6655748957,0.6675218727,0.6679499124,0.6677009041,0.6682702937,0.6702132583,0.6733157308,0.6764509094,0.6784728680,0.6789362195,0.6790538122,0.6788831012,0.6779812841,0.6767100305,0.6760149949,0.6756005616,0.6753765064,0.6753681626
2073,4,0,0.9904886833,0.9901737486,0.9897215129,0.9890602554,0.9883561505,0.9878929980,0.9876794338,0.9871335453,0.9863968620,0.9845680154,0.9819627524,0.9788706553,0.9754784831,0.9718634657,0.9681606396,0.9645993301,0.9613555276,0.9587000194,0.9566865752,0.9549421856,0.9526213923,0.9489693368,0.9442805828,0.9395460612,0.9357038990,0.9327292456,0.9300202842,0.9272326163,0.9247019522,0.9227410928,0.9214680017,0.9207568956,0.9207568956,0.9207568956,0.9207568956,0.9207568956,0.9201430448,0.9186241079,0.9176623054,0.9176623054,0.9176623054,0.9176623054,0.9176623054,0.9162914576,0.9123527288,0.9072701975,0.9027310025,0.8992754402,0.8963318281,0.8934556240,0.8912041810,0.8908398367,0.8908398367,0.8908398367,0.8876994975,0.8813904422,0.8748915686,0.8700784651,0.8654824771,0.8561343327,0.8399798039,0.8186442972,0.7956925175,0.7740087292,0.7523367683,0.7295784089,0.7086599027,0.6937474705,0.6855436129,0.6771952616,0.6609227169,0.6595610387,0.6601074733,0.6625354994,0.6655748957,0.6675218727,0.6679499124,0.6677009041,0.6682702937,0.6702132583,0.6733157308,0.6764509094,0.6784728680,0.6789362195,0.6790538122,0.6788831012,0.6779812841,0.6767100305,0.6760149949,0.6756005616,0.6753765064
2074,4,0,0.9904886833,0.9901737486,0.9897215129,0.9890602554,0.9883561505,0.9878929980,0.9876794338,0.9871335453,0.9863968620,0.9845680154,0.9819627524,0.9788706553,0.9754784831,0.9718634657,0.9681606396,0.9645993301,0.9613555276,0.9587000194,0.9566865752,0.9549421856,0.9526213923,0.9489693368,0.9442805828,0.9395460612,0.9357038990,0.9327292456,0.9300202842,0.9272326163,0.9247019522,0.9227410928,0.9214680017,0.9207568956,0.9207568956,0.9207568956,0.9207568956,0.9207568956,0.9201430448,0.9186241079,0.9176623054,0.9176623054,0.9176623054,0.9176623054,0.9176623054,0.9162914576,0.9123527288,0.9072701975,0.9027310025,0.8992754402,0.8963318281,0.8934556240,0.8912041810,0.8908398367,0.8908398367,0.8908398367,0.8876994975,0.8813904422,0.8748915686,0.8700784651,0.8654824771,0.8567270951,0.8405561014,0.8193488031,0.7965775142,0.7746681406,0.7523910530,0.7287700369,0.7068915883,0.6917789150,0.6845837274,0.6781209366,0.6629475927,0.6609227169,0.6595610387,0.6601074733,0.6625354994,0.6655748957,0.6675218727,0.6679499124,0.6677009041,0.6682702937,0.6702132583,0.6733157308,0.6764509094,0.6784728680,0.6789362195,0.6790538122,0.6788831012,0.6779812841,0.6767100305,0.6760149949,0.6756005616
2075,4,0,0.9904886833,0.9901737486,0.9897215129,0.9890602554,0.9883561505,0.9878929980,0.9876794338,0.9871335453,0.9863968620,0.9845680154,0.9819627524,0.9788706553,0.9754784831,0.9718634657,0.9681606396,0.9645993301,0.9613555276,0.9587000194,0.9566865752,0.9549421856,0.9526213923,0.9489693368,0.9442805828,0.9395460612,0.9357038990,0.9327292456,0.9300202842,0.9272326163,0.9247019522,0.9227410928,0.9214680017,0.9207568956,0.9207568956,0.9207568956,0.9207568956,0.9207568956,0.9201430448,0.9186241079,0.9176623054,0.9176623054,0.9176623054,0.9176623054,0.9176623054,0.9162914576,0.9123527288,0.9072701975,0.9027310025,0.8992754402,0.8963318281,0.8934556240,0.8912041810,0.8908398367,0.8908398367,0.8908398367,0.8876994975,0.8813904422,0.8748915686,0.8700784651,0.8654824771,0.8567270951,0.8411380779,0.8199109459,0.7972630299,0.7755297533,0.7530320474,0.7288226211,0.7061083533,0.6900527236,0.6826411746,0.6771714442,0.6638537921,0.6629475927,0.6609227169,0.6595610387,0.6601074733,0.6625354994,0.6655748957,0.6675218727,0.6679499124,0.6677009041,0.6682702937,0.6702132583,0.6733157308,0.6764509094,0.6784728680,0.6789362195,0.6790538122,0.6788831012,0.6779812841,0.6767100305,0.6760149949
2076,4,0,0.9904886833,0.9901737486,0.9897215129,0.9890602554,0.9883561505,0.9878929980,0.9876794338,0.9871335453,0.9863968620,0.9845680154,0.9819627524,0.9788706553,0.9754784831,0.9718634657,0.9681606396,0.9645993301,0.9613555276,0.9587000194,0.9566865752,0.9549421856,0.9526213923,0.9489693368,0.9442805828,0.9395460612,0.9357038990,0.9327292456,0.9300202842,0.9272326163,0.9247019522,0.9227410928,0.9214680017,0.9207568956,0.9207568956,0.9207568956,0.9207568956,0.9207568956,0.9201430448,0.9186241079,0.9176623054,0.9176623054,0.9176623054,0.9176623054,0.9176623054,0.9162914576,0.9123527288,0.9072701975,0.9027310025,0.8992754402,0.8963318281,0.8934556240,0.8912041810,0.8908398367,0.8908398367,0.8908398367,0.8876994975,0.8813904422,0.8748915686,0.8700784651,0.8654824771,0.8567270951,0.8411380779,0.8204786283,0.7978100201,0.7761971558,0.7538695956,0.7294435365,0.7061593024,0.6892881460,0.6809377846,0.6752499242,0.6629242763,0.6638537921,0.6629475927,0.6609227169,0.6595610387,0.6601074733,0.6625354994,0.6655748957,0.6675218727,0.6679499124,0.6677009041,0.6682702937,0.6702132583,0.6733157308,0.6764509094,0.6784728680,0.6789362195,0.6790538122,0.6788831012,0.6779812841,0.6767100305
2077,4,0,0.9904886833,0.9901737486,0.9897215129,0.9890602554,0.9883561505,0.9878929980,0.9876794338,0.9871335453,0.9863968620,0.9845680154,0.9819627524,0.9788706553,0.9754784831,0.9718634657,0.9681606396,0.9645993301,0.9613555276,0.9587000194,0.9566865752,0.9549421856,0.9526213923,0.9489693368,0.9442805828,0.9395460612,0.9357038990,0.9327292456,0.9300202842,0.9272326163,0.9247019522,0.9227410928,0.9214680017,0.9207568956,0.9207568956,0.9207568956,0.9207568956,0.9207568956,0.9201430448,0.9186241079,0.9176623054,0.9176623054,0.9176623054,0.9176623054,0.9176623054,0.9162914576,0.9123527288,0.9072701975,0.9027310025,0.8992754402,0.8963318281,0.8934556240,0.8912041810,0.8908398367,0.8908398367,0.8908398367,0.8876994975,0.8813904422,0.8748915686,0.8700784651,0.8654824771,0.8567270951,0.8411380779,0.8204786283,0.7983624004,0.7767296929,0.7545183579,0.7302548488,0.7067609099,0.6893378815,0.6801833063,0.6735649776,0.6610431837,0.6629242763,0.6638537921,0.6629475927,0.6609227169,0.6595610387,0.6601074733,0.6625354994,0.6655748957,0.6675218727,0.6679499124,0.6677009041,0.6682702937,0.6702132583,0.6733157308,0.6764509094,0.6784728680,0.6789362195,0.6790538122,0.6788831012,0.6779812841
2078,4,0,0.9904886833,0.9901737486,0.9897215129,0.9890602554,0.9883561505,0.9878929980,0.9876794338,0.9871335453,0.9863968620,0.9845680154,0.9819627524,0.9788706553,0.9754784831,0.9718634657,0.9681606396,0.9645993301,0.9613555276,0.9587000194,0.9566865752,0.9549421856,0.9526213923,0.9489693368,0.9442805828,0.9395460612,0.9357038990,0.9327292456,0.9300202842,0.9272326163,0.9247019522,0.9227410928,0.9214680017,0.9207568956,0.9207568956,0.9207568956,0.9207568956,0.9207568956,0.9201430448,0.9186241079,0.9176623054,0.9176623054,0.9176623054,0.9176623054,0.9176623054,0.9162914576,0.9123527288,0.9072701975,0.9027310025,0.8992754402,0.8963318281,0.8934556240,0.8912041810,0.8908398367,0.8908398367,0.8908398367,0.8876994975,0.8813904422,0.8748915686,0.8700784651,0.8654824771,0.8567270951,0.8411380779,0.8204786283,0.7983624004,0.7772674779,0.7550360216,0.7308832888,0.7075469938,0.6899251581,0.6802323848,0.6728186684,0.6593936870,0.6610431837,0.6629242763,0.6638537921,0.6629475927,0.6609227169,0.6595610387,0.6601074733,0.6625354994,0.6655748957,0.6675218727,0.6679499124,0.6677009041,0.6682702937,0.6702132583,0.6733157308,0.6764509094,0.6784728680,0.6789362195,0.6790538122,0.6788831012
2079,4,0,0.9904886833,0.9901737486,0.9897215129,0.9890602554,0.9883561505,0.9878929980,0.9876794338,0.9871335453,0.9863968620,0.9845680154,0.9819627524,0.9788706553,0.9754784831,0.9718634657,0.9681606396,0.9645993301,0.9613555276,0.9587000194,0.9566865752,0.9549421856,0.9526213923,0.9489693368,0.9442805828,0.9395460612,0.9357038990,0.9327292456,0.9300202842,0.9272326163,0.9247019522,0.9227410928,0.9214680017,0.9207568956,0.9207568956,0.9207568956,0.9207568956,0.9207568956,0.9201430448,0.9186241079,0.9176623054,0.9176623054,0.9176623054,0.9176623054,0.9176623054,0.9162914576,0.9123527288,0.9072701975,0.9027310025,0.8992754402,0.8963318281,0.8934556240,0.8912041810,0.8908398367,0.8908398367,0.8908398367,0.8876994975,0.8813904422,0.8748915686,0.8700784651,0.8654824771,0.8567270951,0.8411380779,0.8204786283,0.7983624004,0.7772674779,0.7555587864,0.7313847368,0.7081558920,0.6906925167,0.6808119041,0.6728672154,0.6586630796,0.6593936870,0.6610431837,0.6629242763,0.6638537921,0.6629475927,0.6609227169,0.6595610387,0.6601074733,0.6625354994,0.6655748957,0.6675218727,0.6679499124,0.6677009041,0.6682702937,0.6702132583,0.6733157308,0.6764509094,0.6784728680,0.6789362195,0.6790538122
2080,4,0,0.9904886833,0.9901737486,0.9897215129,0.9890602554,0.9883561505,0.9878929980,0.9876794338,0.9871335453,0.9863968620,0.9845680154,0.9819627524,0.9788706553,0.9754784831,0.9718634657,0.9681606396,0.9645993301,0.9613555276,0.9587000194,0.9566865752,0.9549421856,0.9526213923,0.9489693368,0.9442805828,0.9395460612,0.9357038990,0.9327292456,0.9300202842,0.9272326163,0.9247019522,0.9227410928,0.9214680017,0.9207568956,0.9207568956,0.9207568956,0.9207568956,0.9207568956,0.9201430448,0.9186241079,0.9176623054,0.9176623054,0.9176623054,0.9176623054,0.9176623054,0.9162914576,0.9123527288,0.9072701975,0.9027310025,0.8992754402,0.8963318281,0.8934556240,0.8912041810,0.8908398367,0.8908398367,0.8908398367,0.8876994975,0.8813904422,0.8748915686,0.8700784651,0.8654824771,0.8567270951,0.8411380779,0.8204786283,0.7983624004,0.7772674779,0.7555587864,0.7318911263,0.7086417471,0.6912869103,0.6815691266,0.6734404601,0.6587106053,0.6586630796,0.6593936870,0.6610431837,0.6629242763,0.6638537921,0.6629475927,0.6609227169,0.6595610387,0.6601074733,0.6625354994,0.6655748957,0.6675218727,0.6679499124,0.6677009041,0.6682702937,0.6702132583,0.6733157308,0.6764509094,0.6784728680,0.6789362195
2081,4,0,0.9904886833,0.9901737486,0.9897215129,0.9890602554,0.9883561505,0.9878929980,0.9876794338,0.9871335453,0.9863968620,0.9845680154,0.9819627524,0.9788706553,0.9754784831,0.9718634657,0.9681606396,0.9645993301,0.9613555276,0.9587000194,0.9566865752,0.9549421856,0.9526213923,0.9489693368,0.9442805828,0.9395460612,0.9357038990,0.9327292456,0.9300202842,0.9272326163,0.9247019522,0.9227410928,0.9214680017,0.9207568956,0.9207568956,0.9207568956,0.9207568956,0.9207568956,0.9201430448,0.9186241079,0.9176623054,0.9176623054,0.9176623054,0.9176623054,0.9176623054,0.9162914576,0.9123527288,0.9072701975,0.9027310025,0.8992754402,0.8963318281,0.8934556240,0.8912041810,0.8908398367,0.8908398367,0.8908398367,0.8876994975,0.8813904422,0.8748915686,0.8700784651,0.8654824771,0.8567270951,0.8411380779,0.8204786283,0.7983624004,0.7772674779,0.7555587864,0.7318911263,0.7091323899,0.6917611919,0.6821556689,0.6741894838,0.6592717893,0.6587106053,0.6586630796,0.6593936870,0.6610431837,0.6629242763,0.6638537921,0.6629475927,0.6609227169,0.6595610387,0.6601074733,0.6625354994,0.6655748957,0.6675218727,0.6679499124,0.6677009041,0.6682702937,0.6702132583,0.6733157308,0.6764509094,0.6784728680
2082,4,0,0.9904886833,0.9901737486,0.9897215129,0.9890602554,0.9883561505,0.9878929980,0.9876794338,0.9871335453,0.9863968620,0.9845680154,0.9819627524,0.9788706553,0.9754784831,0.9718634657,0.9681606396,0.9645993301,0.9613555276,0.9587000194,0.9566865752,0.9549421856,0.9526213923,0.9489693368,0.9442805828,0.9395460612,0.9357038990,0.9327292456,0.9300202842,0.9272326163,0.9247019522,0.9227410928,0.9214680017,0.9207568956,0.9207568956,0.9207568956,0.9207568956,0.9207568956,0.9201430448,0.9186241079,0.9176623054,0.9176623054,0.9176623054,0.9176623054,0.9176623054,0.9162914576,0.9123527288,0.9072701975,0.9027310025,0.8992754402,0.8963318281,0.8934556240,0.8912041810,0.8908398367,0.8908398367,0.8908398367,0.8876994975,0.8813904422,0.8748915686,0.8700784651,0.8654824771,0.8567270951,0.8411380779,0.8204786283,0.7983624004,0.7772674779,0.7555587864,0.7318911263,0.7091323899,0.6922401471,0.6826236856,0.6747696753,0.6600050541,0.6592717893,0.6587106053,0.6586630796,0.6593936870,0.6610431837,0.6629242763,0.6638537921,0.6629475927,0.6609227169,0.6595610387,0.6601074733,0.6625354994,0.6655748957,0.6675218727,0.6679499124,0.6677009041,0.6682702937,0.6702132583,0.6733157308,0.6764509094
2083,4,0,0.9904886833,0.9901737486,0.9897215129,0.9890602554,0.9883561505,0.9878929980,0.9876794338,0.9871335453,0.9863968620,0.9845680154,0.9819627524,0.9788706553,0.9754784831,0.9718634657,0.9681606396,0.9645993301,0.9613555276,0.9587000194,0.9566865752,0.9549421856,0.9526213923,0.9489693368,0.9442805828,0.9395460612,0.9357038990,0.9327292456,0.9300202842,0.9272326163,0.9247019522,0.9227410928,0.9214680017,0.9207568956,0.9207568956,0.9207568956,0.9207568956,0.9207568956,0.9201430448,0.9186241079,0.9176623054,0.9176623054,0.9176623054,0.9176623054,0.9176623054,0.9162914576,0.9123527288,0.9072701975,0.9027310025,0.8992754402,0.8963318281,0.8934556240,0.8912041810,0.8908398367,0.8908398367,0.8908398367,0.8876994975,0.8813904422,0.8748915686,0.8700784651,0.8654824771,0.8567270951,0.8411380779,0.8204786283,0.7983624004,0.7772674779,0.7555587864,0.7318911263,0.7091323899,0.6922401471,0.6830963143,0.6752326246,0.6605730388,0.6600050541,0.6592717893,0.6587106053,0.6586630796,0.6593936870,0.6610431837,0.6629242763,0.6638537921,0.6629475927,0.6609227169,0.6595610387,0.6601074733,0.6625354994,0.6655748957,0.6675218727,0.6679499124,0.6677009041,0.6682702937,0.6702132583,0.6733157308
2084,4,0,0.9904886833,0.9901737486,0.9897215129,0.9890602554,0.9883561505,0.9878929980,0.9876794338,0.9871335453,0.9863968620,0.9845680154,0.9819627524,0.9788706553,0.9754784831,0.9718634657,0.9681606396,0.9645993301,0.9613555276,0.9587000194,0.9566865752,0.9549421856,0.9526213923,0.9489693368,0.9442805828,0.9395460612,0.9357038990,0.9327292456,0.9300202842,0.9272326163,0.9247019522,0.9227410928,0.9214680017,0.9207568956,0.9207568956,0.9207568956,0.9207568956,0.9207568956,0.9201430448,0.9186241079,0.9176623054,0.9176623054,0.9176623054,0.9176623054,0.9176623054,0.9162914576,0.9123527288,0.9072701975,0.9027310025,0.8992754402,0.8963318281,0.8934556240,0.8912041810,0.8908398367,0.8908398367,0.8908398367,0.8876994975,0.8813904422,0.8748915686,0.8700784651,0.8654824771,0.8567270951,0.8411380779,0.8204786283,0.7983624004,0.7772674779,0.7555587864,0.7318911263,0.7091323899,0.6922401471,0.6830963143,0.6757001359,0.6610262480,0.6605730388,0.6600050541,0.6592717893,0.6587106053,0.6586630796,0.6593936870,0.6610431837,0.6629242763,0.6638537921,0.6629475927,0.6609227169,0.6595610387,0.6601074733,0.6625354994,0.6655748957,0.6675218727,0.6679499124,0.6677009041,0.6682702937,0.6702132583
2085,4,0,0.9904886833,0.9901737486,0.9897215129,0.9890602554,0.9883561505,0.9878929980,0.9876794338,0.9871335453,0.9863968620,0.9845680154,0.9819627524,0.9788706553,0.9754784831,0.9718634657,0.9681606396,0.9645993301,0.9613555276,0.9587000194,0.9566865752,0.9549421856,0.9526213923,0.9489693368,0.9442805828,0.9395460612,0.9357038990,0.9327292456,0.9300202842,0.9272326163,0.9247019522,0.9227410928,0.9214680017,0.9207568956,0.9207568956,0.9207568956,0.9207568956,0.9207568956,0.9201430448,0.9186241079,0.9176623054,0.9176623054,0.9176623054,0.9176623054,0.9176623054,0.9162914576,0.9123527288,0.9072701975,0.9027310025,0.8992754402,0.8963318281,0.8934556240,0.8912041810,0.8908398367,0.8908398367,0.8908398367,0.8876994975,0.8813904422,0.8748915686,0.8700784651,0.8654824771,0.8567270951,0.8411380779,0.8204786283,0.7983624004,0.7772674779,0.7555587864,0.7318911263,0.7091323899,0.6922401471,0.6830963143,0.6757001359,0.6614839233,0.6610262480,0.6605730388,0.6600050541,0.6592717893,0.6587106053,0.6586630796,0.6593936870,0.6610431837,0.6629242763,0.6638537921,0.6629475927,0.6609227169,0.6595610387,0.6601074733,0.6625354994,0.6655748957,0.6675218727,0.6679499124,0.6677009041,0.6682702937
2086,4,0,0.9904886833,0.9901737486,0.9897215129,0.9890602554,0.9883561505,0.9878929980,0.9876794338,0.9871335453,0.9863968620,0.9845680154,0.9819627524,0.9788706553,0.9754784831,0.9718634657,0.9681606396,0.9645993301,0.9613555276,0.9587000194,0.9566865752,0.9549421856,0.9526213923,0.9489693368,0.9442805828,0.9395460612,0.9357038990,0.9327292456,0.9300202842,0.9272326163,0.9247019522,0.9227410928,0.9214680017,0.9207568956,0.9207568956,0.9207568956,0.9207568956,0.9207568956,0.9201430448,0.9186241079,0.9176623054,0.9176623054,0.9176623054,0.9176623054,0.9176623054,0.9162914576,0.9123527288,0.9072701975,0.9027310025,0.8992754402,0.8963318281,0.8934556240,0.8912041810,0.8908398367,0.8908398367,0.8908398367,0.8876994975,0.8813904422,0.8748915686,0.8700784651,0.8654824771,0.8567270951,0.8411380779,0.8204786283,0.7983624004,0.7772674779,0.7555587864,0.7318911263,0.7091323899,0.6922401471,0.6830963143,0.6757001359,0.6614839233,0.6614839233,0.6610262480,0.6605730388,0.6600050541,0.6592717893,0.6587106053,0.6586630796,0.6593936870,0.6610431837,0.6629242763,0.6638537921,0.6629475927,0.6609227169,0.6595610387,0.6601074733,0.6625354994,0.6655748957,0.6675218727,0.6679499124,0.6677009041
2087,4,0,0.9904886833,0.9901737486,0.9897215129,0.9890602554,0.9883561505,0.9878929980,0.9876794338,0.9871335453,0.9863968620,0.9845680154,0.9819627524,0.9788706553,0.9754784831,0.9718634657,0.9681606396,0.9645993301,0.9613555276,0.9587000194,0.9566865752,0.9549421856,0.9526213923,0.9489693368,0.9442805828,0.9395460612,0.9357038990,0.9327292456,0.9300202842,0.9272326163,0.9247019522,0.9227410928,0.9214680017,0.9207568956,0.9207568956,0.9207568956,0.9207568956,0.9207568956,0.9201430448,0.9186241079,0.9176623054,0.9176623054,0.9176623054,0.9176623054,0.9176623054,0.9162914576,0.9123527288,0.9072701975,0.9027310025,0.8992754402,0.8963318281,0.8934556240,0.8912041810,0.8908398367,0.8908398367,0.8908398367,0.8876994975,0.8813904422,0.8748915686,0.8700784651,0.8654824771,0.8567270951,0.8411380779,0.8204786283,0.7983624004,0.7772674779,0.7555587864,0.7318911263,0.7091323899,0.6922401471,0.6830963143,0.6757001359,0.6614839233,0.6614839233,0.6614839233,0.6610262480,0.6605730388,0.6600050541,0.6592717893,0.6587106053,0.6586630796,0.6593936870,0.6610431837,0.6629242763,0.6638537921,0.6629475927,0.6609227169,0.6595610387,0.6601074733,0.6625354994,0.6655748957,0.6675218727,0.6679499124
2088,4,0,0.9904886833,0.9901737486,0.9897215129,0.9890602554,0.9883561505,0.9878929980,0.9876794338,0.9871335453,0.9863968620,0.9845680154,0.9819627524,0.9788706553,0.9754784831,0.9718634657,0.9681606396,0.9645993301,0.9613555276,0.9587000194,0.9566865752,0.9549421856,0.9526213923,0.9489693368,0.9442805828,0.9395460612,0.9357038990,0.9327292456,0.9300202842,0.9272326163,0.9247019522,0.9227410928,0.9214680017,0.9207568956,0.9207568956,0.9207568956,0.9207568956,0.9207568956,0.9201430448,0.9186241079,0.9176623054,0.9176623054,0.9176623054,0.9176623054,0.9176623054,0.9162914576,0.9123527288,0.9072701975,0.9027310025,0.8992754402,0.8963318281,0.8934556240,0.8912041810,0.8908398367,0.8908398367,0.8908398367,0.8876994975,0.8813904422,0.8748915686,0.8700784651,0.8654824771,0.8567270951,0.8411380779,0.8204786283,0.7983624004,0.7772674779,0.7555587864,0.7318911263,0.7091323899,0.6922401471,0.6830963143,0.6757001359,0.6614839233,0.6614839233,0.6614839233,0.6614839233,0.6610262480,0.6605730388,0.6600050541,0.6592717893,0.6587106053,0.6586630796,0.6593936870,0.6610431837,0.6629242763,0.6638537921,0.6629475927,0.6609227169,0.6595610387,0.6601074733,0.6625354994,0.6655748957,0.6675218727
2089,4,0,0.9904886833,0.9901737486,0.9897215129,0.9890602554,0.9883561505,0.9878929980,0.9876794338,0.9871335453,0.9863968620,0.9845680154,0.9819627524,0.9788706553,0.9754784831,0.9718634657,0.9681606396,0.9645993301,0.9613555276,0.9587000194,0.9566865752,0.9549421856,0.9526213923,0.9489693368,0.9442805828,0.9395460612,0.9357038990,0.9327292456,0.9300202842,0.9272326163,0.9247019522,0.9227410928,0.9214680017,0.9207568956,0.9207568956,0.9207568956,0.9207568956,0.9207568956,0.9201430448,0.9186241079,0.9176623054,0.9176623054,0.9176623054,0.9176623054,0.9176623054,0.9162914576,0.9123527288,0.9072701975,0.9027310025,0.8992754402,0.8963318281,0.8934556240,0.8912041810,0.8908398367,0.8908398367,0.8908398367,0.8876994975,0.8813904422,0.8748915686,0.8700784651,0.8654824771,0.8567270951,0.8411380779,0.8204786283,0.7983624004,0.7772674779,0.7555587864,0.7318911263,0.7091323899,0.6922401471,0.6830963143,0.6757001359,0.6614839233,0.6614839233,0.6614839233,0.6614839233,0.6614839233,0.6610262480,0.6605730388,0.6600050541,0.6592717893,0.6587106053,0.6586630796,0.6593936870,0.6610431837,0.6629242763,0.6638537921,0.6629475927,0.6609227169,0.6595610387,0.6601074733,0.6625354994,0.6655748957
2090,4,0,0.9904886833,0.9901737486,0.9897215129,0.9890602554,0.9883561505,0.9878929980,0.9876794338,0.9871335453,0.9863968620,0.9845680154,0.9819627524,0.9788706553,0.9754784831,0.9718634657,0.9681606396,0.9645993301,0.9613555276,0.9587000194,0.9566865752,0.9549421856,0.9526213923,0.9489693368,0.9442805828,0.9395460612,0.9357038990,0.9327292456,0.9300202842,0.9272326163,0.9247019522,0.9227410928,0.9214680017,0.9207568956,0.9207568956,0.9207568956,0.9207568956,0.9207568956,0.9201430448,0.9186241079,0.9176623054,0.9176623054,0.9176623054,0.9176623054,0.9176623054,0.9162914576,0.9123527288,0.9072701975,0.9027310025,0.8992754402,0.8963318281,0.8934556240,0.8912041810,0.8908398367,0.8908398367,0.8908398367,0.8876994975,0.8813904422,0.8748915686,0.8700784651,0.8654824771,0.8567270951,0.8411380779,0.8204786283,0.7983624004,0.7772674779,0.7555587864,0.7318911263,0.7091323899,0.6922401471,0.6830963143,0.6757001359,0.6614839233,0.6614839233,0.6614839233,0.6614839233,0.6614839233,0.6614839233,0.6610262480,0.6605730388,0.6600050541,0.6592717893,0.6587106053,0.6586630796,0.6593936870,0.6610431837,0.6629242763,0.6638537921,0.6629475927,0.6609227169,0.6595610387,0.6601074733,0.6625354994
2091,4,0,0.9904886833,0.9901737486,0.9897215129,0.9890602554,0.9883561505,0.9878929980,0.9876794338,0.9871335453,0.9863968620,0.9845680154,0.9819627524,0.9788706553,0.9754784831,0.9718634657,0.9681606396,0.9645993301,0.9613555276,0.9587000194,0.9566865752,0.9549421856,0.9526213923,0.9489693368,0.9442805828,0.9395460612,0.9357038990,0.9327292456,0.9300202842,0.9272326163,0.9247019522,0.9227410928,0.9214680017,0.9207568956,0.9207568956,0.9207568956,0.9207568956,0.9207568956,0.9201430448,0.9186241079,0.9176623054,0.9176623054,0.9176623054,0.9176623054,0.9176623054,0.9162914576,0.9123527288,0.9072701975,0.9027310025,0.8992754402,0.8963318281,0.8934556240,0.8912041810,0.8908398367,0.8908398367,0.8908398367,0.8876994975,0.8813904422,0.8748915686,0.8700784651,0.8654824771,0.8567270951,0.8411380779,0.8204786283,0.7983624004,0.7772674779,0.7555587864,0.7318911263,0.7091323899,0.6922401471,0.6830963143,0.6757001359,0.6614839233,0.6614839233,0.6614839233,0.6614839233,0.6614839233,0.6614839233,0.6614839233,0.6610262480,0.6605730388,0.6600050541,0.6592717893,0.6587106053,0.6586630796,0.6593936870,0.6610431837,0.6629242763,0.6638537921,0.6629475927,0.6609227169,0.6595610387,0.6601074733
2092,4,0,0.9904886833,0.9901737486,0.9897215129,0.9890602554,0.9883561505,0.9878929980,0.9876794338,0.9871335453,0.9863968620,0.9845680154,0.9819627524,0.9788706553,0.9754784831,0.9718634657,0.9681606396,0.9645993301,0.9613555276,0.9587000194,0.9566865752,0.9549421856,0.9526213923,0.9489693368,0.9442805828,0.9395460612,0.9357038990,0.9327292456,0.9300202842,0.9272326163,0.9247019522,0.9227410928,0.9214680017,0.9207568956,0.9207568956,0.9207568956,0.9207568956,0.9207568956,0.9201430448,0.9186241079,0.9176623054,0.9176623054,0.9176623054,0.9176623054,0.9176623054,0.9162914576,0.9123527288,0.9072701975,0.9027310025,0.8992754402,0.8963318281,0.8934556240,0.8912041810,0.8908398367,0.8908398367,0.8908398367,0.8876994975,0.8813904422,0.8748915686,0.8700784651,0.8654824771,0.8567270951,0.8411380779,0.8204786283,0.7983624004,0.7772674779,0.7555587864,0.7318911263,0.7091323899,0.6922401471,0.6830963143,0.6757001359,0.6614839233,0.6614839233,0.6614839233,0.6614839233,0.6614839233,0.6614839233,0.6614839233,0.6614839233,0.6610262480,0.6605730388,0.6600050541,0.6592717893,0.6587106053,0.6586630796,0.6593936870,0.6610431837,0.6629242763,0.6638537921,0.6629475927,0.6609227169,0.6595610387
2093,4,0,0.9904886833,0.9901737486,0.9897215129,0.9890602554,0.9883561505,0.9878929980,0.9876794338,0.9871335453,0.9863968620,0.9845680154,0.9819627524,0.9788706553,0.9754784831,0.9718634657,0.9681606396,0.9645993301,0.9613555276,0.9587000194,0.9566865752,0.9549421856,0.9526213923,0.9489693368,0.9442805828,0.9395460612,0.9357038990,0.9327292456,0.9300202842,0.9272326163,0.9247019522,0.9227410928,0.9214680017,0.9207568956,0.9207568956,0.9207568956,0.9207568956,0.9207568956,0.9201430448,0.9186241079,0.9176623054,0.9176623054,0.9176623054,0.9176623054,0.9176623054,0.9162914576,0.9123527288,0.9072701975,0.9027310025,0.8992754402,0.8963318281,0.8934556240,0.8912041810,0.8908398367,0.8908398367,0.8908398367,0.8876994975,0.8813904422,0.8748915686,0.8700784651,0.8654824771,0.8567270951,0.8411380779,0.8204786283,0.7983624004,0.7772674779,0.7555587864,0.7318911263,0.7091323899,0.6922401471,0.6830963143,0.6757001359,0.6614839233,0.6614839233,0.6614839233,0.6614839233,0.6614839233,0.6614839233,0.6614839233,0.6614839233,0.6614839233,0.6610262480,0.6605730388,0.6600050541,0.6592717893,0.6587106053,0.6586630796,0.6593936870,0.6610431837,0.6629242763,0.6638537921,0.6629475927,0.6609227169
2094,4,0,0.9904886833,0.9901737486,0.9897215129,0.9890602554,0.9883561505,0.9878929980,0.9876794338,0.9871335453,0.9863968620,0.9845680154,0.9819627524,0.9788706553,0.9754784831,0.9718634657,0.9681606396,0.9645993301,0.9613555276,0.9587000194,0.9566865752,0.9549421856,0.9526213923,0.9489693368,0.9442805828,0.9395460612,0.9357038990,0.9327292456,0.9300202842,0.9272326163,0.9247019522,0.9227410928,0.9214680017,0.9207568956,0.9207568956,0.9207568956,0.9207568956,0.9207568956,0.9201430448,0.9186241079,0.9176623054,0.9176623054,0.9176623054,0.9176623054,0.9176623054,0.9162914576,0.9123527288,0.9072701975,0.9027310025,0.8992754402,0.8963318281,0.8934556240,0.8912041810,0.8908398367,0.8908398367,0.8908398367,0.8876994975,0.8813904422,0.8748915686,0.8700784651,0.8654824771,0.8567270951,0.8411380779,0.8204786283,0.7983624004,0.7772674779,0.7555587864,0.7318911263,0.7091323899,0.6922401471,0.6830963143,0.6757001359,0.6614839233,0.6614839233,0.6614839233,0.6614839233,0.6614839233,0.6614839233,0.6614839233,0.6614839233,0.6614839233,0.6614839233,0.6610262480,0.6605730388,0.6600050541,0.6592717893,0.6587106053,0.6586630796,0.6593936870,0.6610431837,0.6629242763,0.6638537921,0.6629475927
2095,4,0,0.9904886833,0.9901737486,0.9897215129,0.9890602554,0.9883561505,0.9878929980,0.9876794338,0.9871335453,0.9863968620,0.9845680154,0.9819627524,0.9788706553,0.9754784831,0.9718634657,0.9681606396,0.9645993301,0.9613555276,0.9587000194,0.9566865752,0.9549421856,0.9526213923,0.9489693368,0.9442805828,0.9395460612,0.9357038990,0.9327292456,0.9300202842,0.9272326163,0.9247019522,0.9227410928,0.9214680017,0.9207568956,0.9207568956,0.9207568956,0.9207568956,0.9207568956,0.9201430448,0.9186241079,0.9176623054,0.9176623054,0.9176623054,0.9176623054,0.9176623054,0.9162914576,0.9123527288,0.9072701975,0.9027310025,0.8992754402,0.8963318281,0.8934556240,0.8912041810,0.8908398367,0.8908398367,0.8908398367,0.8876994975,0.8813904422,0.8748915686,0.8700784651,0.8654824771,0.8567270951,0.8411380779,0.8204786283,0.7983624004,0.7772674779,0.7555587864,0.7318911263,0.7091323899,0.6922401471,0.6830963143,0.6757001359,0.6614839233,0.6614839233,0.6614839233,0.6614839233,0.6614839233,0.6614839233,0.6614839233,0.6614839233,0.6614839233,0.6614839233,0.6614839233,0.6610262480,0.6605730388,0.6600050541,0.6592717893,0.6587106053,0.6586630796,0.6593936870,0.6610431837,0.6629242763,0.6638537921
2096,4,0,0.9904886833,0.9901737486,0.9897215129,0.9890602554,0.9883561505,0.9878929980,0.9876794338,0.9871335453,0.9863968620,0.9845680154,0.9819627524,0.9788706553,0.9754784831,0.9718634657,0.9681606396,0.9645993301,0.9613555276,0.9587000194,0.9566865752,0.9549421856,0.9526213923,0.9489693368,0.9442805828,0.9395460612,0.9357038990,0.9327292456,0.9300202842,0.9272326163,0.9247019522,0.9227410928,0.9214680017,0.9207568956,0.9207568956,0.9207568956,0.9207568956,0.9207568956,0.9201430448,0.9186241079,0.9176623054,0.9176623054,0.9176623054,0.9176623054,0.9176623054,0.9162914576,0.9123527288,0.9072701975,0.9027310025,0.8992754402,0.8963318281,0.8934556240,0.8912041810,0.8908398367,0.8908398367,0.8908398367,0.8876994975,0.8813904422,0.8748915686,0.8700784651,0.8654824771,0.8567270951,0.8411380779,0.8204786283,0.7983624004,0.7772674779,0.7555587864,0.7318911263,0.7091323899,0.6922401471,0.6830963143,0.6757001359,0.6614839233,0.6614839233,0.6614839233,0.6614839233,0.6614839233,0.6614839233,0.6614839233,0.6614839233,0.6614839233,0.6614839233,0.6614839233,0.6614839233,0.6610262480,0.6605730388,0.6600050541,0.6592717893,0.6587106053,0.6586630796,0.6593936870,0.6610431837,0.6629242763
2097,4,0,0.9904886833,0.9901737486,0.9897215129,0.9890602554,0.9883561505,0.9878929980,0.9876794338,0.9871335453,0.9863968620,0.9845680154,0.9819627524,0.9788706553,0.9754784831,0.9718634657,0.9681606396,0.9645993301,0.9613555276,0.9587000194,0.9566865752,0.9549421856,0.9526213923,0.9489693368,0.9442805828,0.9395460612,0.9357038990,0.9327292456,0.9300202842,0.9272326163,0.9247019522,0.9227410928,0.9214680017,0.9207568956,0.9207568956,0.9207568956,0.9207568956,0.9207568956,0.9201430448,0.9186241079,0.9176623054,0.9176623054,0.9176623054,0.9176623054,0.9176623054,0.9162914576,0.9123527288,0.9072701975,0.9027310025,0.8992754402,0.8963318281,0.8934556240,0.8912041810,0.8908398367,0.8908398367,0.8908398367,0.8876994975,0.8813904422,0.8748915686,0.8700784651,0.8654824771,0.8567270951,0.8411380779,0.8204786283,0.7983624004,0.7772674779,0.7555587864,0.7318911263,0.7091323899,0.6922401471,0.6830963143,0.6757001359,0.6614839233,0.6614839233,0.6614839233,0.6614839233,0.6614839233,0.6614839233,0.6614839233,0.6614839233,0.6614839233,0.6614839233,0.6614839233,0.6614839233,0.6614839233,0.6610262480,0.6605730388,0.6600050541,0.6592717893,0.6587106053,0.6586630796,0.6593936870,0.6610431837
2098,4,0,0.9904886833,0.9901737486,0.9897215129,0.9890602554,0.9883561505,0.9878929980,0.9876794338,0.9871335453,0.9863968620,0.9845680154,0.9819627524,0.9788706553,0.9754784831,0.9718634657,0.9681606396,0.9645993301,0.9613555276,0.9587000194,0.9566865752,0.9549421856,0.9526213923,0.9489693368,0.9442805828,0.9395460612,0.9357038990,0.9327292456,0.9300202842,0.9272326163,0.9247019522,0.9227410928,0.9214680017,0.9207568956,0.9207568956,0.9207568956,0.9207568956,0.9207568956,0.9201430448,0.9186241079,0.9176623054,0.9176623054,0.9176623054,0.9176623054,0.9176623054,0.9162914576,0.9123527288,0.9072701975,0.9027310025,0.8992754402,0.8963318281,0.8934556240,0.8912041810,0.8908398367,0.8908398367,0.8908398367,0.8876994975,0.8813904422,0.8748915686,0.8700784651,0.8654824771,0.8567270951,0.8411380779,0.8204786283,0.7983624004,0.7772674779,0.7555587864,0.7318911263,0.7091323899,0.6922401471,0.6830963143,0.6757001359,0.6614839233,0.6614839233,0.6614839233,0.6614839233,0.6614839233,0.6614839233,0.6614839233,0.6614839233,0.6614839233,0.6614839233,0.6614839233,0.6614839233,0.6614839233,0.6614839233,0.6610262480,0.6605730388,0.6600050541,0.6592717893,0.6587106053,0.6586630796,0.6593936870
2099,4,0,0.9904886833,0.9901737486,0.9897215129,0.9890602554,0.9883561505,0.9878929980,0.9876794338,0.9871335453,0.9863968620,0.9845680154,0.9819627524,0.9788706553,0.9754784831,0.9718634657,0.9681606396,0.9645993301,0.9613555276,0.9587000194,0.9566865752,0.9549421856,0.9526213923,0.9489693368,0.9442805828,0.9395460612,0.9357038990,0.9327292456,0.9300202842,0.9272326163,0.9247019522,0.9227410928,0.9214680017,0.9207568956,0.9207568956,0.9207568956,0.9207568956,0.9207568956,0.9201430448,0.9186241079,0.9176623054,0.9176623054,0.9176623054,0.9176623054,0.9176623054,0.9162914576,0.9123527288,0.9072701975,0.9027310025,0.8992754402,0.8963318281,0.8934556240,0.8912041810,0.8908398367,0.8908398367,0.8908398367,0.8876994975,0.8813904422,0.8748915686,0.8700784651,0.8654824771,0.8567270951,0.8411380779,0.8204786283,0.7983624004,0.7772674779,0.7555587864,0.7318911263,0.7091323899,0.6922401471,0.6830963143,0.6757001359,0.6614839233,0.6614839233,0.6614839233,0.6614839233,0.6614839233,0.6614839233,0.6614839233,0.6614839233,0.6614839233,0.6614839233,0.6614839233,0.6614839233,0.6614839233,0.6614839233,0.6614839233,0.6610262480,0.6605730388,0.6600050541,0.6592717893,0.6587106053,0.6586630796
2100,4,0,0.9904886833,0.9901737486,0.9897215129,0.9890602554,0.9883561505,0.9878929980,0.9876794338,0.9871335453,0.9863968620,0.9845680154,0.9819627524,0.9788706553,0.9754784831,0.9718634657,0.9681606396,0.9645993301,0.9613555276,0.9587000194,0.9566865752,0.9549421856,0.9526213923,0.9489693368,0.9442805828,0.9395460612,0.9357038990,0.9327292456,0.9300202842,0.9272326163,0.9247019522,0.9227410928,0.9214680017,0.9207568956,0.9207568956,0.9207568956,0.9207568956,0.9207568956,0.9201430448,0.9186241079,0.9176623054,0.9176623054,0.9176623054,0.9176623054,0.9176623054,0.9162914576,0.9123527288,0.9072701975,0.9027310025,0.8992754402,0.8963318281,0.8934556240,0.8912041810,0.8908398367,0.8908398367,0.8908398367,0.8876994975,0.8813904422,0.8748915686,0.8700784651,0.8654824771,0.8567270951,0.8411380779,0.8204786283,0.7983624004,0.7772674779,0.7555587864,0.7318911263,0.7091323899,0.6922401471,0.6830963143,0.6757001359,0.6614839233,0.6614839233,0.6614839233,0.6614839233,0.6614839233,0.6614839233,0.6614839233,0.6614839233,0.6614839233,0.6614839233,0.6614839233,0.6614839233,0.6614839233,0.6614839233,0.6614839233,0.6614839233,0.6610262480,0.6605730388,0.6600050541,0.6592717893,0.6587106053
2101,4,0,0.9904886833,0.9901737486,0.9897215129,0.9890602554,0.9883561505,0.9878929980,0.9876794338,0.9871335453,0.9863968620,0.9845680154,0.9819627524,0.9788706553,0.9754784831,0.9718634657,0.9681606396,0.9645993301,0.9613555276,0.9587000194,0.9566865752,0.9549421856,0.9526213923,0.9489693368,0.9442805828,0.9395460612,0.9357038990,0.9327292456,0.9300202842,0.9272326163,0.9247019522,0.9227410928,0.9214680017,0.9207568956,0.9207568956,0.9207568956,0.9207568956,0.9207568956,0.9201430448,0.9186241079,0.9176623054,0.9176623054,0.9176623054,0.9176623054,0.9176623054,0.9162914576,0.9123527288,0.9072701975,0.9027310025,0.8992754402,0.8963318281,0.8934556240,0.8912041810,0.8908398367,0.8908398367,0.8908398367,0.8876994975,0.8813904422,0.8748915686,0.8700784651,0.8654824771,0.8567270951,0.8411380779,0.8204786283,0.7983624004,0.7772674779,0.7555587864,0.7318911263,0.7091323899,0.6922401471,0.6830963143,0.6757001359,0.6614839233,0.6614839233,0.6614839233,0.6614839233,0.6614839233,0.6614839233,0.6614839233,0.6614839233,0.6614839233,0.6614839233,0.6614839233,0.6614839233,0.6614839233,0.6614839233,0.6614839233,0.6614839233,0.6614839233,0.6610262480,0.6605730388,0.6600050541,0.6592717893
2102,4,0,0.9904886833,0.9901737486,0.9897215129,0.9890602554,0.9883561505,0.9878929980,0.9876794338,0.9871335453,0.9863968620,0.9845680154,0.9819627524,0.9788706553,0.9754784831,0.9718634657,0.9681606396,0.9645993301,0.9613555276,0.9587000194,0.9566865752,0.9549421856,0.9526213923,0.9489693368,0.9442805828,0.9395460612,0.9357038990,0.9327292456,0.9300202842,0.9272326163,0.9247019522,0.9227410928,0.9214680017,0.9207568956,0.9207568956,0.9207568956,0.9207568956,0.9207568956,0.9201430448,0.9186241079,0.9176623054,0.9176623054,0.9176623054,0.9176623054,0.9176623054,0.9162914576,0.9123527288,0.9072701975,0.9027310025,0.8992754402,0.8963318281,0.8934556240,0.8912041810,0.8908398367,0.8908398367,0.8908398367,0.8876994975,0.8813904422,0.8748915686,0.8700784651,0.8654824771,0.8567270951,0.8411380779,0.8204786283,0.7983624004,0.7772674779,0.7555587864,0.7318911263,0.7091323899,0.6922401471,0.6830963143,0.6757001359,0.6614839233,0.6614839233,0.6614839233,0.6614839233,0.6614839233,0.6614839233,0.6614839233,0.6614839233,0.6614839233,0.6614839233,0.6614839233,0.6614839233,0.6614839233,0.6614839233,0.6614839233,0.6614839233,0.6614839233,0.6614839233,0.6610262480,0.6605730388,0.6600050541
2103,4,0,0.9904886833,0.9901737486,0.9897215129,0.9890602554,0.9883561505,0.9878929980,0.9876794338,0.9871335453,0.9863968620,0.9845680154,0.9819627524,0.9788706553,0.9754784831,0.9718634657,0.9681606396,0.9645993301,0.9613555276,0.9587000194,0.9566865752,0.9549421856,0.9526213923,0.9489693368,0.9442805828,0.9395460612,0.9357038990,0.9327292456,0.9300202842,0.9272326163,0.9247019522,0.9227410928,0.9214680017,0.9207568956,0.9207568956,0.9207568956,0.9207568956,0.9207568956,0.9201430448,0.9186241079,0.9176623054,0.9176623054,0.9176623054,0.9176623054,0.9176623054,0.9162914576,0.9123527288,0.9072701975,0.9027310025,0.8992754402,0.8963318281,0.8934556240,0.8912041810,0.8908398367,0.8908398367,0.8908398367,0.8876994975,0.8813904422,0.8748915686,0.8700784651,0.8654824771,0.8567270951,0.8411380779,0.8204786283,0.7983624004,0.7772674779,0.7555587864,0.7318911263,0.7091323899,0.6922401471,0.6830963143,0.6757001359,0.6614839233,0.6614839233,0.6614839233,0.6614839233,0.6614839233,0.6614839233,0.6614839233,0.6614839233,0.6614839233,0.6614839233,0.6614839233,0.6614839233,0.6614839233,0.6614839233,0.6614839233,0.6614839233,0.6614839233,0.6614839233,0.6614839233,0.6610262480,0.6605730388
2104,4,0,0.9904886833,0.9901737486,0.9897215129,0.9890602554,0.9883561505,0.9878929980,0.9876794338,0.9871335453,0.9863968620,0.9845680154,0.9819627524,0.9788706553,0.9754784831,0.9718634657,0.9681606396,0.9645993301,0.9613555276,0.9587000194,0.9566865752,0.9549421856,0.9526213923,0.9489693368,0.9442805828,0.9395460612,0.9357038990,0.9327292456,0.9300202842,0.9272326163,0.9247019522,0.9227410928,0.9214680017,0.9207568956,0.9207568956,0.9207568956,0.9207568956,0.9207568956,0.9201430448,0.9186241079,0.9176623054,0.9176623054,0.9176623054,0.9176623054,0.9176623054,0.9162914576,0.9123527288,0.9072701975,0.9027310025,0.8992754402,0.8963318281,0.8934556240,0.8912041810,0.8908398367,0.8908398367,0.8908398367,0.8876994975,0.8813904422,0.8748915686,0.8700784651,0.8654824771,0.8567270951,0.8411380779,0.8204786283,0.7983624004,0.7772674779,0.7555587864,0.7318911263,0.7091323899,0.6922401471,0.6830963143,0.6757001359,0.6614839233,0.6614839233,0.6614839233,0.6614839233,0.6614839233,0.6614839233,0.6614839233,0.6614839233,0.6614839233,0.6614839233,0.6614839233,0.6614839233,0.6614839233,0.6614839233,0.6614839233,0.6614839233,0.6614839233,0.6614839233,0.6614839233,0.6614839233,0.6610262480
2105,4,0,0.9904886833,0.9901737486,0.9897215129,0.9890602554,0.9883561505,0.9878929980,0.9876794338,0.9871335453,0.9863968620,0.9845680154,0.9819627524,0.9788706553,0.9754784831,0.9718634657,0.9681606396,0.9645993301,0.9613555276,0.9587000194,0.9566865752,0.9549421856,0.9526213923,0.9489693368,0.9442805828,0.9395460612,0.9357038990,0.9327292456,0.9300202842,0.9272326163,0.9247019522,0.9227410928,0.9214680017,0.9207568956,0.9207568956,0.9207568956,0.9207568956,0.9207568956,0.9201430448,0.9186241079,0.9176623054,0.9176623054,0.9176623054,0.9176623054,0.9176623054,0.9162914576,0.9123527288,0.9072701975,0.9027310025,0.8992754402,0.8963318281,0.8934556240,0.8912041810,0.8908398367,0.8908398367,0.8908398367,0.8876994975,0.8813904422,0.8748915686,0.8700784651,0.8654824771,0.8567270951,0.8411380779,0.8204786283,0.7983624004,0.7772674779,0.7555587864,0.7318911263,0.7091323899,0.6922401471,0.6830963143,0.6757001359,0.6614839233,0.6614839233,0.6614839233,0.6614839233,0.6614839233,0.6614839233,0.6614839233,0.6614839233,0.6614839233,0.6614839233,0.6614839233,0.6614839233,0.6614839233,0.6614839233,0.6614839233,0.6614839233,0.6614839233,0.6614839233,0.6614839233,0.6614839233,0.6614839233
2106,4,0,0.9904886833,0.9901737486,0.9897215129,0.9890602554,0.9883561505,0.9878929980,0.9876794338,0.9871335453,0.9863968620,0.9845680154,0.9819627524,0.9788706553,0.9754784831,0.9718634657,0.9681606396,0.9645993301,0.9613555276,0.9587000194,0.9566865752,0.9549421856,0.9526213923,0.9489693368,0.9442805828,0.9395460612,0.9357038990,0.9327292456,0.9300202842,0.9272326163,0.9247019522,0.9227410928,0.9214680017,0.9207568956,0.9207568956,0.9207568956,0.9207568956,0.9207568956,0.9201430448,0.9186241079,0.9176623054,0.9176623054,0.9176623054,0.9176623054,0.9176623054,0.9162914576,0.9123527288,0.9072701975,0.9027310025,0.8992754402,0.8963318281,0.8934556240,0.8912041810,0.8908398367,0.8908398367,0.8908398367,0.8876994975,0.8813904422,0.8748915686,0.8700784651,0.8654824771,0.8567270951,0.8411380779,0.8204786283,0.7983624004,0.7772674779,0.7555587864,0.7318911263,0.7091323899,0.6922401471,0.6830963143,0.6757001359,0.6614839233,0.6614839233,0.6614839233,0.6614839233,0.6614839233,0.6614839233,0.6614839233,0.6614839233,0.6614839233,0.6614839233,0.6614839233,0.6614839233,0.6614839233,0.6614839233,0.6614839233,0.6614839233,0.6614839233,0.6614839233,0.6614839233,0.6614839233,0.6614839233
2107,4,0,0.9904886833,0.9901737486,0.9897215129,0.9890602554,0.9883561505,0.9878929980,0.9876794338,0.9871335453,0.9863968620,0.9845680154,0.9819627524,0.9788706553,0.9754784831,0.9718634657,0.9681606396,0.9645993301,0.9613555276,0.9587000194,0.9566865752,0.9549421856,0.9526213923,0.9489693368,0.9442805828,0.9395460612,0.9357038990,0.9327292456,0.9300202842,0.9272326163,0.9247019522,0.9227410928,0.9214680017,0.9207568956,0.9207568956,0.9207568956,0.9207568956,0.9207568956,0.9201430448,0.9186241079,0.9176623054,0.9176623054,0.9176623054,0.9176623054,0.9176623054,0.9162914576,0.9123527288,0.9072701975,0.9027310025,0.8992754402,0.8963318281,0.8934556240,0.8912041810,0.8908398367,0.8908398367,0.8908398367,0.8876994975,0.8813904422,0.8748915686,0.8700784651,0.8654824771,0.8567270951,0.8411380779,0.8204786283,0.7983624004,0.7772674779,0.7555587864,0.7318911263,0.7091323899,0.6922401471,0.6830963143,0.6757001359,0.6614839233,0.6614839233,0.6614839233,0.6614839233,0.6614839233,0.6614839233,0.6614839233,0.6614839233,0.6614839233,0.6614839233,0.6614839233,0.6614839233,0.6614839233,0.6614839233,0.6614839233,0.6614839233,0.6614839233,0.6614839233,0.6614839233,0.6614839233,0.6614839233
2108,4,0,0.9904886833,0.9901737486,0.9897215129,0.9890602554,0.9883561505,0.9878929980,0.9876794338,0.9871335453,0.9863968620,0.9845680154,0.9819627524,0.9788706553,0.9754784831,0.9718634657,0.9681606396,0.9645993301,0.9613555276,0.9587000194,0.9566865752,0.9549421856,0.9526213923,0.9489693368,0.9442805828,0.9395460612,0.9357038990,0.9327292456,0.9300202842,0.9272326163,0.9247019522,0.9227410928,0.9214680017,0.9207568956,0.9207568956,0.9207568956,0.9207568956,0.9207568956,0.9201430448,0.9186241079,0.9176623054,0.9176623054,0.9176623054,0.9176623054,0.9176623054,0.9162914576,0.9123527288,0.9072701975,0.9027310025,0.8992754402,0.8963318281,0.8934556240,0.8912041810,0.8908398367,0.8908398367,0.8908398367,0.8876994975,0.8813904422,0.8748915686,0.8700784651,0.8654824771,0.8567270951,0.8411380779,0.8204786283,0.7983624004,0.7772674779,0.7555587864,0.7318911263,0.7091323899,0.6922401471,0.6830963143,0.6757001359,0.6614839233,0.6614839233,0.6614839233,0.6614839233,0.6614839233,0.6614839233,0.6614839233,0.6614839233,0.6614839233,0.6614839233,0.6614839233,0.6614839233,0.6614839233,0.6614839233,0.6614839233,0.6614839233,0.6614839233,0.6614839233,0.6614839233,0.6614839233,0.6614839233
2109,4,0,0.9904886833,0.9901737486,0.9897215129,0.9890602554,0.9883561505,0.9878929980,0.9876794338,0.9871335453,0.9863968620,0.9845680154,0.9819627524,0.9788706553,0.9754784831,0.9718634657,0.9681606396,0.9645993301,0.9613555276,0.9587000194,0.9566865752,0.9549421856,0.9526213923,0.9489693368,0.9442805828,0.9395460612,0.9357038990,0.9327292456,0.9300202842,0.9272326163,0.9247019522,0.9227410928,0.9214680017,0.9207568956,0.9207568956,0.9207568956,0.9207568956,0.9207568956,0.9201430448,0.9186241079,0.9176623054,0.9176623054,0.9176623054,0.9176623054,0.9176623054,0.9162914576,0.9123527288,0.9072701975,0.9027310025,0.8992754402,0.8963318281,0.8934556240,0.8912041810,0.8908398367,0.8908398367,0.8908398367,0.8876994975,0.8813904422,0.8748915686,0.8700784651,0.8654824771,0.8567270951,0.8411380779,0.8204786283,0.7983624004,0.7772674779,0.7555587864,0.7318911263,0.7091323899,0.6922401471,0.6830963143,0.6757001359,0.6614839233,0.6614839233,0.6614839233,0.6614839233,0.6614839233,0.6614839233,0.6614839233,0.6614839233,0.6614839233,0.6614839233,0.6614839233,0.6614839233,0.6614839233,0.6614839233,0.6614839233,0.6614839233,0.6614839233,0.6614839233,0.6614839233,0.6614839233,0.6614839233
2110,4,0,0.9904886833,0.9901737486,0.9897215129,0.9890602554,0.9883561505,0.9878929980,0.9876794338,0.9871335453,0.9863968620,0.9845680154,0.9819627524,0.9788706553,0.9754784831,0.9718634657,0.9681606396,0.9645993301,0.9613555276,0.9587000194,0.9566865752,0.9549421856,0.9526213923,0.9489693368,0.9442805828,0.9395460612,0.9357038990,0.9327292456,0.9300202842,0.9272326163,0.9247019522,0.9227410928,0.9214680017,0.9207568956,0.9207568956,0.9207568956,0.9207568956,0.9207568956,0.9201430448,0.9186241079,0.9176623054,0.9176623054,0.9176623054,0.9176623054,0.9176623054,0.9162914576,0.9123527288,0.9072701975,0.9027310025,0.8992754402,0.8963318281,0.8934556240,0.8912041810,0.8908398367,0.8908398367,0.8908398367,0.8876994975,0.8813904422,0.8748915686,0.8700784651,0.8654824771,0.8567270951,0.8411380779,0.8204786283,0.7983624004,0.7772674779,0.7555587864,0.7318911263,0.7091323899,0.6922401471,0.6830963143,0.6757001359,0.6614839233,0.6614839233,0.6614839233,0.6614839233,0.6614839233,0.6614839233,0.6614839233,0.6614839233,0.6614839233,0.6614839233,0.6614839233,0.6614839233,0.6614839233,0.6614839233,0.6614839233,0.6614839233,0.6614839233,0.6614839233,0.6614839233,0.6614839233,0.6614839233
2111,4,0,0.9904886833,0.9901737486,0.9897215129,0.9890602554,0.9883561505,0.9878929980,0.9876794338,0.9871335453,0.9863968620,0.9845680154,0.9819627524,0.9788706553,0.9754784831,0.9718634657,0.9681606396,0.9645993301,0.9613555276,0.9587000194,0.9566865752,0.9549421856,0.9526213923,0.9489693368,0.9442805828,0.9395460612,0.9357038990,0.9327292456,0.9300202842,0.9272326163,0.9247019522,0.9227410928,0.9214680017,0.9207568956,0.9207568956,0.9207568956,0.9207568956,0.9207568956,0.9201430448,0.9186241079,0.9176623054,0.9176623054,0.9176623054,0.9176623054,0.9176623054,0.9162914576,0.9123527288,0.9072701975,0.9027310025,0.8992754402,0.8963318281,0.8934556240,0.8912041810,0.8908398367,0.8908398367,0.8908398367,0.8876994975,0.8813904422,0.8748915686,0.8700784651,0.8654824771,0.8567270951,0.8411380779,0.8204786283,0.7983624004,0.7772674779,0.7555587864,0.7318911263,0.7091323899,0.6922401471,0.6830963143,0.6757001359,0.6614839233,0.6614839233,0.6614839233,0.6614839233,0.6614839233,0.6614839233,0.6614839233,0.6614839233,0.6614839233,0.6614839233,0.6614839233,0.6614839233,0.6614839233,0.6614839233,0.6614839233,0.6614839233,0.6614839233,0.6614839233,0.6614839233,0.6614839233,0.6614839233
2112,4,0,0.9904886833,0.9901737486,0.9897215129,0.9890602554,0.9883561505,0.9878929980,0.9876794338,0.9871335453,0.9863968620,0.9845680154,0.9819627524,0.9788706553,0.9754784831,0.9718634657,0.9681606396,0.9645993301,0.9613555276,0.9587000194,0.9566865752,0.9549421856,0.9526213923,0.9489693368,0.9442805828,0.9395460612,0.9357038990,0.9327292456,0.9300202842,0.9272326163,0.9247019522,0.9227410928,0.9214680017,0.9207568956,0.9207568956,0.9207568956,0.9207568956,0.9207568956,0.9201430448,0.9186241079,0.9176623054,0.9176623054,0.9176623054,0.9176623054,0.9176623054,0.9162914576,0.9123527288,0.9072701975,0.9027310025,0.8992754402,0.8963318281,0.8934556240,0.8912041810,0.8908398367,0.8908398367,0.8908398367,0.8876994975,0.8813904422,0.8748915686,0.8700784651,0.8654824771,0.8567270951,0.8411380779,0.8204786283,0.7983624004,0.7772674779,0.7555587864,0.7318911263,0.7091323899,0.6922401471,0.6830963143,0.6757001359,0.6614839233,0.6614839233,0.6614839233,0.6614839233,0.6614839233,0.6614839233,0.6614839233,0.6614839233,0.6614839233,0.6614839233,0.6614839233,0.6614839233,0.6614839233,0.6614839233,0.6614839233,0.6614839233,0.6614839233,0.6614839233,0.6614839233,0.6614839233,0.6614839233
2113,4,0,0.9904886833,0.9901737486,0.9897215129,0.9890602554,0.9883561505,0.9878929980,0.9876794338,0.9871335453,0.9863968620,0.9845680154,0.9819627524,0.9788706553,0.9754784831,0.9718634657,0.9681606396,0.9645993301,0.9613555276,0.9587000194,0.9566865752,0.9549421856,0.9526213923,0.9489693368,0.9442805828,0.9395460612,0.9357038990,0.9327292456,0.9300202842,0.9272326163,0.9247019522,0.9227410928,0.9214680017,0.9207568956,0.9207568956,0.9207568956,0.9207568956,0.9207568956,0.9201430448,0.9186241079,0.9176623054,0.9176623054,0.9176623054,0.9176623054,0.9176623054,0.9162914576,0.9123527288,0.9072701975,0.9027310025,0.8992754402,0.8963318281,0.8934556240,0.8912041810,0.8908398367,0.8908398367,0.8908398367,0.8876994975,0.8813904422,0.8748915686,0.8700784651,0.8654824771,0.8567270951,0.8411380779,0.8204786283,0.7983624004,0.7772674779,0.7555587864,0.7318911263,0.7091323899,0.6922401471,0.6830963143,0.6757001359,0.6614839233,0.6614839233,0.6614839233,0.6614839233,0.6614839233,0.6614839233,0.6614839233,0.6614839233,0.6614839233,0.6614839233,0.6614839233,0.6614839233,0.6614839233,0.6614839233,0.6614839233,0.6614839233,0.6614839233,0.6614839233,0.6614839233,0.6614839233,0.6614839233
2114,4,0,0.9904886833,0.9901737486,0.9897215129,0.9890602554,0.9883561505,0.9878929980,0.9876794338,0.9871335453,0.9863968620,0.9845680154,0.9819627524,0.9788706553,0.9754784831,0.9718634657,0.9681606396,0.9645993301,0.9613555276,0.9587000194,0.9566865752,0.9549421856,0.9526213923,0.9489693368,0.9442805828,0.9395460612,0.9357038990,0.9327292456,0.9300202842,0.9272326163,0.9247019522,0.9227410928,0.9214680017,0.9207568956,0.9207568956,0.9207568956,0.9207568956,0.9207568956,0.9201430448,0.9186241079,0.9176623054,0.9176623054,0.9176623054,0.9176623054,0.9176623054,0.9162914576,0.9123527288,0.9072701975,0.9027310025,0.8992754402,0.8963318281,0.8934556240,0.8912041810,0.8908398367,0.8908398367,0.8908398367,0.8876994975,0.8813904422,0.8748915686,0.8700784651,0.8654824771,0.8567270951,0.8411380779,0.8204786283,0.7983624004,0.7772674779,0.7555587864,0.7318911263,0.7091323899,0.6922401471,0.6830963143,0.6757001359,0.6614839233,0.6614839233,0.6614839233,0.6614839233,0.6614839233,0.6614839233,0.6614839233,0.6614839233,0.6614839233,0.6614839233,0.6614839233,0.6614839233,0.6614839233,0.6614839233,0.6614839233,0.6614839233,0.6614839233,0.6614839233,0.6614839233,0.6614839233,0.6614839233
2115,4,0,0.9904886833,0.9901737486,0.9897215129,0.9890602554,0.9883561505,0.9878929980,0.9876794338,0.9871335453,0.9863968620,0.9845680154,0.9819627524,0.9788706553,0.9754784831,0.9718634657,0.9681606396,0.9645993301,0.9613555276,0.9587000194,0.9566865752,0.9549421856,0.9526213923,0.9489693368,0.9442805828,0.9395460612,0.9357038990,0.9327292456,0.9300202842,0.9272326163,0.9247019522,0.9227410928,0.9214680017,0.9207568956,0.9207568956,0.9207568956,0.9207568956,0.9207568956,0.9201430448,0.9186241079,0.9176623054,0.9176623054,0.9176623054,0.9176623054,0.9176623054,0.9162914576,0.9123527288,0.9072701975,0.9027310025,0.8992754402,0.8963318281,0.8934556240,0.8912041810,0.8908398367,0.8908398367,0.8908398367,0.8876994975,0.8813904422,0.8748915686,0.8700784651,0.8654824771,0.8567270951,0.8411380779,0.8204786283,0.7983624004,0.7772674779,0.7555587864,0.7318911263,0.7091323899,0.6922401471,0.6830963143,0.6757001359,0.6614839233,0.6614839233,0.6614839233,0.6614839233,0.6614839233,0.6614839233,0.6614839233,0.6614839233,0.6614839233,0.6614839233,0.6614839233,0.6614839233,0.6614839233,0.6614839233,0.6614839233,0.6614839233,0.6614839233,0.6614839233,0.6614839233,0.6614839233,0.6614839233
2116,4,0,0.9904886833,0.9901737486,0.9897215129,0.9890602554,0.9883561505,0.9878929980,0.9876794338,0.9871335453,0.9863968620,0.9845680154,0.9819627524,0.9788706553,0.9754784831,0.9718634657,0.9681606396,0.9645993301,0.9613555276,0.9587000194,0.9566865752,0.9549421856,0.9526213923,0.9489693368,0.9442805828,0.9395460612,0.9357038990,0.9327292456,0.9300202842,0.9272326163,0.9247019522,0.9227410928,0.9214680017,0.9207568956,0.9207568956,0.9207568956,0.9207568956,0.9207568956,0.9201430448,0.9186241079,0.9176623054,0.9176623054,0.9176623054,0.9176623054,0.9176623054,0.9162914576,0.9123527288,0.9072701975,0.9027310025,0.8992754402,0.8963318281,0.8934556240,0.8912041810,0.8908398367,0.8908398367,0.8908398367,0.8876994975,0.8813904422,0.8748915686,0.8700784651,0.8654824771,0.8567270951,0.8411380779,0.8204786283,0.7983624004,0.7772674779,0.7555587864,0.7318911263,0.7091323899,0.6922401471,0.6830963143,0.6757001359,0.6614839233,0.6614839233,0.6614839233,0.6614839233,0.6614839233,0.6614839233,0.6614839233,0.6614839233,0.6614839233,0.6614839233,0.6614839233,0.6614839233,0.6614839233,0.6614839233,0.6614839233,0.6614839233,0.6614839233,0.6614839233,0.6614839233,0.6614839233,0.6614839233
2117,4,0,0.9904886833,0.9901737486,0.9897215129,0.9890602554,0.9883561505,0.9878929980,0.9876794338,0.9871335453,0.9863968620,0.9845680154,0.9819627524,0.9788706553,0.9754784831,0.9718634657,0.9681606396,0.9645993301,0.9613555276,0.9587000194,0.9566865752,0.9549421856,0.9526213923,0.9489693368,0.9442805828,0.9395460612,0.9357038990,0.9327292456,0.9300202842,0.9272326163,0.9247019522,0.9227410928,0.9214680017,0.9207568956,0.9207568956,0.9207568956,0.9207568956,0.9207568956,0.9201430448,0.9186241079,0.9176623054,0.9176623054,0.9176623054,0.9176623054,0.9176623054,0.9162914576,0.9123527288,0.9072701975,0.9027310025,0.8992754402,0.8963318281,0.8934556240,0.8912041810,0.8908398367,0.8908398367,0.8908398367,0.8876994975,0.8813904422,0.8748915686,0.8700784651,0.8654824771,0.8567270951,0.8411380779,0.8204786283,0.7983624004,0.7772674779,0.7555587864,0.7318911263,0.7091323899,0.6922401471,0.6830963143,0.6757001359,0.6614839233,0.6614839233,0.6614839233,0.6614839233,0.6614839233,0.6614839233,0.6614839233,0.6614839233,0.6614839233,0.6614839233,0.6614839233,0.6614839233,0.6614839233,0.6614839233,0.6614839233,0.6614839233,0.6614839233,0.6614839233,0.6614839233,0.6614839233,0.6614839233
2118,4,0,0.9904886833,0.9901737486,0.9897215129,0.9890602554,0.9883561505,0.9878929980,0.9876794338,0.9871335453,0.9863968620,0.9845680154,0.9819627524,0.9788706553,0.9754784831,0.9718634657,0.9681606396,0.9645993301,0.9613555276,0.9587000194,0.9566865752,0.9549421856,0.9526213923,0.9489693368,0.9442805828,0.9395460612,0.9357038990,0.9327292456,0.9300202842,0.9272326163,0.9247019522,0.9227410928,0.9214680017,0.9207568956,0.9207568956,0.9207568956,0.9207568956,0.9207568956,0.9201430448,0.9186241079,0.9176623054,0.9176623054,0.9176623054,0.9176623054,0.9176623054,0.9162914576,0.9123527288,0.9072701975,0.9027310025,0.8992754402,0.8963318281,0.8934556240,0.8912041810,0.8908398367,0.8908398367,0.8908398367,0.8876994975,0.8813904422,0.8748915686,0.8700784651,0.8654824771,0.8567270951,0.8411380779,0.8204786283,0.7983624004,0.7772674779,0.7555587864,0.7318911263,0.7091323899,0.6922401471,0.6830963143,0.6757001359,0.6614839233,0.6614839233,0.6614839233,0.6614839233,0.6614839233,0.6614839233,0.6614839233,0.6614839233,0.6614839233,0.6614839233,0.6614839233,0.6614839233,0.6614839233,0.6614839233,0.6614839233,0.6614839233,0.6614839233,0.6614839233,0.6614839233,0.6614839233,0.6614839233
2119,4,0,0.9904886833,0.9901737486,0.9897215129,0.9890602554,0.9883561505,0.9878929980,0.9876794338,0.9871335453,0.9863968620,0.9845680154,0.9819627524,0.9788706553,0.9754784831,0.9718634657,0.9681606396,0.9645993301,0.9613555276,0.9587000194,0.9566865752,0.9549421856,0.9526213923,0.9489693368,0.9442805828,0.9395460612,0.9357038990,0.9327292456,0.9300202842,0.9272326163,0.9247019522,0.9227410928,0.9214680017,0.9207568956,0.9207568956,0.9207568956,0.9207568956,0.9207568956,0.9201430448,0.9186241079,0.9176623054,0.9176623054,0.9176623054,0.9176623054,0.9176623054,0.9162914576,0.9123527288,0.9072701975,0.9027310025,0.8992754402,0.8963318281,0.8934556240,0.8912041810,0.8908398367,0.8908398367,0.8908398367,0.8876994975,0.8813904422,0.8748915686,0.8700784651,0.8654824771,0.8567270951,0.8411380779,0.8204786283,0.7983624004,0.7772674779,0.7555587864,0.7318911263,0.7091323899,0.6922401471,0.6830963143,0.6757001359,0.6614839233,0.6614839233,0.6614839233,0.6614839233,0.6614839233,0.6614839233,0.6614839233,0.6614839233,0.6614839233,0.6614839233,0.6614839233,0.6614839233,0.6614839233,0.6614839233,0.6614839233,0.6614839233,0.6614839233,0.6614839233,0.6614839233,0.6614839233,0.6614839233
2120,4,0,0.9904886833,0.9901737486,0.9897215129,0.9890602554,0.9883561505,0.9878929980,0.9876794338,0.9871335453,0.9863968620,0.9845680154,0.9819627524,0.9788706553,0.9754784831,0.9718634657,0.9681606396,0.9645993301,0.9613555276,0.9587000194,0.9566865752,0.9549421856,0.9526213923,0.9489693368,0.9442805828,0.9395460612,0.9357038990,0.9327292456,0.9300202842,0.9272326163,0.9247019522,0.9227410928,0.9214680017,0.9207568956,0.9207568956,0.9207568956,0.9207568956,0.9207568956,0.9201430448,0.9186241079,0.9176623054,0.9176623054,0.9176623054,0.9176623054,0.9176623054,0.9162914576,0.9123527288,0.9072701975,0.9027310025,0.8992754402,0.8963318281,0.8934556240,0.8912041810,0.8908398367,0.8908398367,0.8908398367,0.8876994975,0.8813904422,0.8748915686,0.8700784651,0.8654824771,0.8567270951,0.8411380779,0.8204786283,0.7983624004,0.7772674779,0.7555587864,0.7318911263,0.7091323899,0.6922401471,0.6830963143,0.6757001359,0.6614839233,0.6614839233,0.6614839233,0.6614839233,0.6614839233,0.6614839233,0.6614839233,0.6614839233,0.6614839233,0.6614839233,0.6614839233,0.6614839233,0.6614839233,0.6614839233,0.6614839233,0.6614839233,0.6614839233,0.6614839233,0.6614839233,0.6614839233,0.6614839233
2121,4,0,0.9904886833,0.9901737486,0.9897215129,0.9890602554,0.9883561505,0.9878929980,0.9876794338,0.9871335453,0.9863968620,0.9845680154,0.9819627524,0.9788706553,0.9754784831,0.9718634657,0.9681606396,0.9645993301,0.9613555276,0.9587000194,0.9566865752,0.9549421856,0.9526213923,0.9489693368,0.9442805828,0.9395460612,0.9357038990,0.9327292456,0.9300202842,0.9272326163,0.9247019522,0.9227410928,0.9214680017,0.9207568956,0.9207568956,0.9207568956,0.9207568956,0.9207568956,0.9201430448,0.9186241079,0.9176623054,0.9176623054,0.9176623054,0.9176623054,0.9176623054,0.9162914576,0.9123527288,0.9072701975,0.9027310025,0.8992754402,0.8963318281,0.8934556240,0.8912041810,0.8908398367,0.8908398367,0.8908398367,0.8876994975,0.8813904422,0.8748915686,0.8700784651,0.8654824771,0.8567270951,0.8411380779,0.8204786283,0.7983624004,0.7772674779,0.7555587864,0.7318911263,0.7091323899,0.6922401471,0.6830963143,0.6757001359,0.6614839233,0.6614839233,0.6614839233,0.6614839233,0.6614839233,0.6614839233,0.6614839233,0.6614839233,0.6614839233,0.6614839233,0.6614839233,0.6614839233,0.6614839233,0.6614839233,0.6614839233,0.6614839233,0.6614839233,0.6614839233,0.6614839233,0.6614839233,0.6614839233
2122,4,0,0.9904886833,0.9901737486,0.9897215129,0.9890602554,0.9883561505,0.9878929980,0.9876794338,0.9871335453,0.9863968620,0.9845680154,0.9819627524,0.9788706553,0.9754784831,0.9718634657,0.9681606396,0.9645993301,0.9613555276,0.9587000194,0.9566865752,0.9549421856,0.9526213923,0.9489693368,0.9442805828,0.9395460612,0.9357038990,0.9327292456,0.9300202842,0.9272326163,0.9247019522,0.9227410928,0.9214680017,0.9207568956,0.9207568956,0.9207568956,0.9207568956,0.9207568956,0.9201430448,0.9186241079,0.9176623054,0.9176623054,0.9176623054,0.9176623054,0.9176623054,0.9162914576,0.9123527288,0.9072701975,0.9027310025,0.8992754402,0.8963318281,0.8934556240,0.8912041810,0.8908398367,0.8908398367,0.8908398367,0.8876994975,0.8813904422,0.8748915686,0.8700784651,0.8654824771,0.8567270951,0.8411380779,0.8204786283,0.7983624004,0.7772674779,0.7555587864,0.7318911263,0.7091323899,0.6922401471,0.6830963143,0.6757001359,0.6614839233,0.6614839233,0.6614839233,0.6614839233,0.6614839233,0.6614839233,0.6614839233,0.6614839233,0.6614839233,0.6614839233,0.6614839233,0.6614839233,0.6614839233,0.6614839233,0.6614839233,0.6614839233,0.6614839233,0.6614839233,0.6614839233,0.6614839233,0.6614839233
2123,4,0,0.9904886833,0.9901737486,0.9897215129,0.9890602554,0.9883561505,0.9878929980,0.9876794338,0.9871335453,0.9863968620,0.9845680154,0.9819627524,0.9788706553,0.9754784831,0.9718634657,0.9681606396,0.9645993301,0.9613555276,0.9587000194,0.9566865752,0.9549421856,0.9526213923,0.9489693368,0.9442805828,0.9395460612,0.9357038990,0.9327292456,0.9300202842,0.9272326163,0.9247019522,0.9227410928,0.9214680017,0.9207568956,0.9207568956,0.9207568956,0.9207568956,0.9207568956,0.9201430448,0.9186241079,0.9176623054,0.9176623054,0.9176623054,0.9176623054,0.9176623054,0.9162914576,0.9123527288,0.9072701975,0.9027310025,0.8992754402,0.8963318281,0.8934556240,0.8912041810,0.8908398367,0.8908398367,0.8908398367,0.8876994975,0.8813904422,0.8748915686,0.8700784651,0.8654824771,0.8567270951,0.8411380779,0.8204786283,0.7983624004,0.7772674779,0.7555587864,0.7318911263,0.7091323899,0.6922401471,0.6830963143,0.6757001359,0.6614839233,0.6614839233,0.6614839233,0.6614839233,0.6614839233,0.6614839233,0.6614839233,0.6614839233,0.6614839233,0.6614839233,0.6614839233,0.6614839233,0.6614839233,0.6614839233,0.6614839233,0.6614839233,0.6614839233,0.6614839233,0.6614839233,0.6614839233,0.6614839233
2124,4,0,0.9904886833,0.9901737486,0.9897215129,0.9890602554,0.9883561505,0.9878929980,0.9876794338,0.9871335453,0.9863968620,0.9845680154,0.9819627524,0.9788706553,0.9754784831,0.9718634657,0.9681606396,0.9645993301,0.9613555276,0.9587000194,0.9566865752,0.9549421856,0.9526213923,0.9489693368,0.9442805828,0.9395460612,0.9357038990,0.9327292456,0.9300202842,0.9272326163,0.9247019522,0.9227410928,0.9214680017,0.9207568956,0.9207568956,0.9207568956,0.9207568956,0.9207568956,0.9201430448,0.9186241079,0.9176623054,0.9176623054,0.9176623054,0.9176623054,0.9176623054,0.9162914576,0.9123527288,0.9072701975,0.9027310025,0.8992754402,0.8963318281,0.8934556240,0.8912041810,0.8908398367,0.8908398367,0.8908398367,0.8876994975,0.8813904422,0.8748915686,0.8700784651,0.8654824771,0.8567270951,0.8411380779,0.8204786283,0.7983624004,0.7772674779,0.7555587864,0.7318911263,0.7091323899,0.6922401471,0.6830963143,0.6757001359,0.6614839233,0.6614839233,0.6614839233,0.6614839233,0.6614839233,0.6614839233,0.6614839233,0.6614839233,0.6614839233,0.6614839233,0.6614839233,0.6614839233,0.6614839233,0.6614839233,0.6614839233,0.6614839233,0.6614839233,0.6614839233,0.6614839233,0.6614839233,0.6614839233
2125,4,0,0.9904886833,0.9901737486,0.9897215129,0.9890602554,0.9883561505,0.9878929980,0.9876794338,0.9871335453,0.9863968620,0.9845680154,0.9819627524,0.9788706553,0.9754784831,0.9718634657,0.9681606396,0.9645993301,0.9613555276,0.9587000194,0.9566865752,0.9549421856,0.9526213923,0.9489693368,0.9442805828,0.9395460612,0.9357038990,0.9327292456,0.9300202842,0.9272326163,0.9247019522,0.9227410928,0.9214680017,0.9207568956,0.9207568956,0.9207568956,0.9207568956,0.9207568956,0.9201430448,0.9186241079,0.9176623054,0.9176623054,0.9176623054,0.9176623054,0.9176623054,0.9162914576,0.9123527288,0.9072701975,0.9027310025,0.8992754402,0.8963318281,0.8934556240,0.8912041810,0.8908398367,0.8908398367,0.8908398367,0.8876994975,0.8813904422,0.8748915686,0.8700784651,0.8654824771,0.8567270951,0.8411380779,0.8204786283,0.7983624004,0.7772674779,0.7555587864,0.7318911263,0.7091323899,0.6922401471,0.6830963143,0.6757001359,0.6614839233,0.6614839233,0.6614839233,0.6614839233,0.6614839233,0.6614839233,0.6614839233,0.6614839233,0.6614839233,0.6614839233,0.6614839233,0.6614839233,0.6614839233,0.6614839233,0.6614839233,0.6614839233,0.6614839233,0.6614839233,0.6614839233,0.6614839233,0.6614839233
2126,4,0,0.9904886833,0.9901737486,0.9897215129,0.9890602554,0.9883561505,0.9878929980,0.9876794338,0.9871335453,0.9863968620,0.9845680154,0.9819627524,0.9788706553,0.9754784831,0.9718634657,0.9681606396,0.9645993301,0.9613555276,0.9587000194,0.9566865752,0.9549421856,0.9526213923,0.9489693368,0.9442805828,0.9395460612,0.9357038990,0.9327292456,0.9300202842,0.9272326163,0.9247019522,0.9227410928,0.9214680017,0.9207568956,0.9207568956,0.9207568956,0.9207568956,0.9207568956,0.9201430448,0.9186241079,0.9176623054,0.9176623054,0.9176623054,0.9176623054,0.9176623054,0.9162914576,0.9123527288,0.9072701975,0.9027310025,0.8992754402,0.8963318281,0.8934556240,0.8912041810,0.8908398367,0.8908398367,0.8908398367,0.8876994975,0.8813904422,0.8748915686,0.8700784651,0.8654824771,0.8567270951,0.8411380779,0.8204786283,0.7983624004,0.7772674779,0.7555587864,0.7318911263,0.7091323899,0.6922401471,0.6830963143,0.6757001359,0.6614839233,0.6614839233,0.6614839233,0.6614839233,0.6614839233,0.6614839233,0.6614839233,0.6614839233,0.6614839233,0.6614839233,0.6614839233,0.6614839233,0.6614839233,0.6614839233,0.6614839233,0.6614839233,0.6614839233,0.6614839233,0.6614839233,0.6614839233,0.6614839233
2127,4,0,0.9904886833,0.9901737486,0.9897215129,0.9890602554,0.9883561505,0.9878929980,0.9876794338,0.9871335453,0.9863968620,0.9845680154,0.9819627524,0.9788706553,0.9754784831,0.9718634657,0.9681606396,0.9645993301,0.9613555276,0.9587000194,0.9566865752,0.9549421856,0.9526213923,0.9489693368,0.9442805828,0.9395460612,0.9357038990,0.9327292456,0.9300202842,0.9272326163,0.9247019522,0.9227410928,0.9214680017,0.9207568956,0.9207568956,0.9207568956,0.9207568956,0.9207568956,0.9201430448,0.9186241079,0.9176623054,0.9176623054,0.9176623054,0.9176623054,0.9176623054,0.9162914576,0.9123527288,0.9072701975,0.9027310025,0.8992754402,0.8963318281,0.8934556240,0.8912041810,0.8908398367,0.8908398367,0.8908398367,0.8876994975,0.8813904422,0.8748915686,0.8700784651,0.8654824771,0.8567270951,0.8411380779,0.8204786283,0.7983624004,0.7772674779,0.7555587864,0.7318911263,0.7091323899,0.6922401471,0.6830963143,0.6757001359,0.6614839233,0.6614839233,0.6614839233,0.6614839233,0.6614839233,0.6614839233,0.6614839233,0.6614839233,0.6614839233,0.6614839233,0.6614839233,0.6614839233,0.6614839233,0.6614839233,0.6614839233,0.6614839233,0.6614839233,0.6614839233,0.6614839233,0.6614839233,0.6614839233
2128,4,0,0.9904886833,0.9901737486,0.9897215129,0.9890602554,0.9883561505,0.9878929980,0.9876794338,0.9871335453,0.9863968620,0.9845680154,0.9819627524,0.9788706553,0.9754784831,0.9718634657,0.9681606396,0.9645993301,0.9613555276,0.9587000194,0.9566865752,0.9549421856,0.9526213923,0.9489693368,0.9442805828,0.9395460612,0.9357038990,0.9327292456,0.9300202842,0.9272326163,0.9247019522,0.9227410928,0.9214680017,0.9207568956,0.9207568956,0.9207568956,0.9207568956,0.9207568956,0.9201430448,0.9186241079,0.9176623054,0.9176623054,0.9176623054,0.9176623054,0.9176623054,0.9162914576,0.9123527288,0.9072701975,0.9027310025,0.8992754402,0.8963318281,0.8934556240,0.8912041810,0.8908398367,0.8908398367,0.8908398367,0.8876994975,0.8813904422,0.8748915686,0.8700784651,0.8654824771,0.8567270951,0.8411380779,0.8204786283,0.7983624004,0.7772674779,0.7555587864,0.7318911263,0.7091323899,0.6922401471,0.6830963143,0.6757001359,0.6614839233,0.6614839233,0.6614839233,0.6614839233,0.6614839233,0.6614839233,0.6614839233,0.6614839233,0.6614839233,0.6614839233,0.6614839233,0.6614839233,0.6614839233,0.6614839233,0.6614839233,0.6614839233,0.6614839233,0.6614839233,0.6614839233,0.6614839233,0.6614839233
2129,4,0,0.9904886833,0.9901737486,0.9897215129,0.9890602554,0.9883561505,0.9878929980,0.9876794338,0.9871335453,0.9863968620,0.9845680154,0.9819627524,0.9788706553,0.9754784831,0.9718634657,0.9681606396,0.9645993301,0.9613555276,0.9587000194,0.9566865752,0.9549421856,0.9526213923,0.9489693368,0.9442805828,0.9395460612,0.9357038990,0.9327292456,0.9300202842,0.9272326163,0.9247019522,0.9227410928,0.9214680017,0.9207568956,0.9207568956,0.9207568956,0.9207568956,0.9207568956,0.9201430448,0.9186241079,0.9176623054,0.9176623054,0.9176623054,0.9176623054,0.9176623054,0.9162914576,0.9123527288,0.9072701975,0.9027310025,0.8992754402,0.8963318281,0.8934556240,0.8912041810,0.8908398367,0.8908398367,0.8908398367,0.8876994975,0.8813904422,0.8748915686,0.8700784651,0.8654824771,0.8567270951,0.8411380779,0.8204786283,0.7983624004,0.7772674779,0.7555587864,0.7318911263,0.7091323899,0.6922401471,0.6830963143,0.6757001359,0.6614839233,0.6614839233,0.6614839233,0.6614839233,0.6614839233,0.6614839233,0.6614839233,0.6614839233,0.6614839233,0.6614839233,0.6614839233,0.6614839233,0.6614839233,0.6614839233,0.6614839233,0.6614839233,0.6614839233,0.6614839233,0.6614839233,0.6614839233,0.6614839233
2130,4,0,0.9904886833,0.9901737486,0.9897215129,0.9890602554,0.9883561505,0.9878929980,0.9876794338,0.9871335453,0.9863968620,0.9845680154,0.9819627524,0.9788706553,0.9754784831,0.9718634657,0.9681606396,0.9645993301,0.9613555276,0.9587000194,0.9566865752,0.9549421856,0.9526213923,0.9489693368,0.9442805828,0.9395460612,0.9357038990,0.9327292456,0.9300202842,0.9272326163,0.9247019522,0.9227410928,0.9214680017,0.9207568956,0.9207568956,0.9207568956,0.9207568956,0.9207568956,0.9201430448,0.9186241079,0.9176623054,0.9176623054,0.9176623054,0.9176623054,0.9176623054,0.9162914576,0.9123527288,0.9072701975,0.9027310025,0.8992754402,0.8963318281,0.8934556240,0.8912041810,0.8908398367,0.8908398367,0.8908398367,0.8876994975,0.8813904422,0.8748915686,0.8700784651,0.8654824771,0.8567270951,0.8411380779,0.8204786283,0.7983624004,0.7772674779,0.7555587864,0.7318911263,0.7091323899,0.6922401471,0.6830963143,0.6757001359,0.6614839233,0.6614839233,0.6614839233,0.6614839233,0.6614839233,0.6614839233,0.6614839233,0.6614839233,0.6614839233,0.6614839233,0.6614839233,0.6614839233,0.6614839233,0.6614839233,0.6614839233,0.6614839233,0.6614839233,0.6614839233,0.6614839233,0.6614839233,0.6614839233
2131,4,0,0.9904886833,0.9901737486,0.9897215129,0.9890602554,0.9883561505,0.9878929980,0.9876794338,0.9871335453,0.9863968620,0.9845680154,0.9819627524,0.9788706553,0.9754784831,0.9718634657,0.9681606396,0.9645993301,0.9613555276,0.9587000194,0.9566865752,0.9549421856,0.9526213923,0.9489693368,0.9442805828,0.9395460612,0.9357038990,0.9327292456,0.9300202842,0.9272326163,0.9247019522,0.9227410928,0.9214680017,0.9207568956,0.9207568956,0.9207568956,0.9207568956,0.9207568956,0.9201430448,0.9186241079,0.9176623054,0.9176623054,0.9176623054,0.9176623054,0.9176623054,0.9162914576,0.9123527288,0.9072701975,0.9027310025,0.8992754402,0.8963318281,0.8934556240,0.8912041810,0.8908398367,0.8908398367,0.8908398367,0.8876994975,0.8813904422,0.8748915686,0.8700784651,0.8654824771,0.8567270951,0.8411380779,0.8204786283,0.7983624004,0.7772674779,0.7555587864,0.7318911263,0.7091323899,0.6922401471,0.6830963143,0.6757001359,0.6614839233,0.6614839233,0.6614839233,0.6614839233,0.6614839233,0.6614839233,0.6614839233,0.6614839233,0.6614839233,0.6614839233,0.6614839233,0.6614839233,0.6614839233,0.6614839233,0.6614839233,0.6614839233,0.6614839233,0.6614839233,0.6614839233,0.6614839233,0.6614839233
2132,4,0,0.9904886833,0.9901737486,0.9897215129,0.9890602554,0.9883561505,0.9878929980,0.9876794338,0.9871335453,0.9863968620,0.9845680154,0.9819627524,0.9788706553,0.9754784831,0.9718634657,0.9681606396,0.9645993301,0.9613555276,0.9587000194,0.9566865752,0.9549421856,0.9526213923,0.9489693368,0.9442805828,0.9395460612,0.9357038990,0.9327292456,0.9300202842,0.9272326163,0.9247019522,0.9227410928,0.9214680017,0.9207568956,0.9207568956,0.9207568956,0.9207568956,0.9207568956,0.9201430448,0.9186241079,0.9176623054,0.9176623054,0.9176623054,0.9176623054,0.9176623054,0.9162914576,0.9123527288,0.9072701975,0.9027310025,0.8992754402,0.8963318281,0.8934556240,0.8912041810,0.8908398367,0.8908398367,0.8908398367,0.8876994975,0.8813904422,0.8748915686,0.8700784651,0.8654824771,0.8567270951,0.8411380779,0.8204786283,0.7983624004,0.7772674779,0.7555587864,0.7318911263,0.7091323899,0.6922401471,0.6830963143,0.6757001359,0.6614839233,0.6614839233,0.6614839233,0.6614839233,0.6614839233,0.6614839233,0.6614839233,0.6614839233,0.6614839233,0.6614839233,0.6614839233,0.6614839233,0.6614839233,0.6614839233,0.6614839233,0.6614839233,0.6614839233,0.6614839233,0.6614839233,0.6614839233,0.6614839233
2133,4,0,0.9904886833,0.9901737486,0.9897215129,0.9890602554,0.9883561505,0.9878929980,0.9876794338,0.9871335453,0.9863968620,0.9845680154,0.9819627524,0.9788706553,0.9754784831,0.9718634657,0.9681606396,0.9645993301,0.9613555276,0.9587000194,0.9566865752,0.9549421856,0.9526213923,0.9489693368,0.9442805828,0.9395460612,0.9357038990,0.9327292456,0.9300202842,0.9272326163,0.9247019522,0.9227410928,0.9214680017,0.9207568956,0.9207568956,0.9207568956,0.9207568956,0.9207568956,0.9201430448,0.9186241079,0.9176623054,0.9176623054,0.9176623054,0.9176623054,0.9176623054,0.9162914576,0.9123527288,0.9072701975,0.9027310025,0.8992754402,0.8963318281,0.8934556240,0.8912041810,0.8908398367,0.8908398367,0.8908398367,0.8876994975,0.8813904422,0.8748915686,0.8700784651,0.8654824771,0.8567270951,0.8411380779,0.8204786283,0.7983624004,0.7772674779,0.7555587864,0.7318911263,0.7091323899,0.6922401471,0.6830963143,0.6757001359,0.6614839233,0.6614839233,0.6614839233,0.6614839233,0.6614839233,0.6614839233,0.6614839233,0.6614839233,0.6614839233,0.6614839233,0.6614839233,0.6614839233,0.6614839233,0.6614839233,0.6614839233,0.6614839233,0.6614839233,0.6614839233,0.6614839233,0.6614839233,0.6614839233
2134,4,0,0.9904886833,0.9901737486,0.9897215129,0.9890602554,0.9883561505,0.9878929980,0.9876794338,0.9871335453,0.9863968620,0.9845680154,0.9819627524,0.9788706553,0.9754784831,0.9718634657,0.9681606396,0.9645993301,0.9613555276,0.9587000194,0.9566865752,0.9549421856,0.9526213923,0.9489693368,0.9442805828,0.9395460612,0.9357038990,0.9327292456,0.9300202842,0.9272326163,0.9247019522,0.9227410928,0.9214680017,0.9207568956,0.9207568956,0.9207568956,0.9207568956,0.9207568956,0.9201430448,0.9186241079,0.9176623054,0.9176623054,0.9176623054,0.9176623054,0.9176623054,0.9162914576,0.9123527288,0.9072701975,0.9027310025,0.8992754402,0.8963318281,0.8934556240,0.8912041810,0.8908398367,0.8908398367,0.8908398367,0.8876994975,0.8813904422,0.8748915686,0.8700784651,0.8654824771,0.8567270951,0.8411380779,0.8204786283,0.7983624004,0.7772674779,0.7555587864,0.7318911263,0.7091323899,0.6922401471,0.6830963143,0.6757001359,0.6614839233,0.6614839233,0.6614839233,0.6614839233,0.6614839233,0.6614839233,0.6614839233,0.6614839233,0.6614839233,0.6614839233,0.6614839233,0.6614839233,0.6614839233,0.6614839233,0.6614839233,0.6614839233,0.6614839233,0.6614839233,0.6614839233,0.6614839233,0.6614839233
2135,4,0,0.9904886833,0.9901737486,0.9897215129,0.9890602554,0.9883561505,0.9878929980,0.9876794338,0.9871335453,0.9863968620,0.9845680154,0.9819627524,0.9788706553,0.9754784831,0.9718634657,0.9681606396,0.9645993301,0.9613555276,0.9587000194,0.9566865752,0.9549421856,0.9526213923,0.9489693368,0.9442805828,0.9395460612,0.9357038990,0.9327292456,0.9300202842,0.9272326163,0.9247019522,0.9227410928,0.9214680017,0.9207568956,0.9207568956,0.9207568956,0.9207568956,0.9207568956,0.9201430448,0.9186241079,0.9176623054,0.9176623054,0.9176623054,0.9176623054,0.9176623054,0.9162914576,0.9123527288,0.9072701975,0.9027310025,0.8992754402,0.8963318281,0.8934556240,0.8912041810,0.8908398367,0.8908398367,0.8908398367,0.8876994975,0.8813904422,0.8748915686,0.8700784651,0.8654824771,0.8567270951,0.8411380779,0.8204786283,0.7983624004,0.7772674779,0.7555587864,0.7318911263,0.7091323899,0.6922401471,0.6830963143,0.6757001359,0.6614839233,0.6614839233,0.6614839233,0.6614839233,0.6614839233,0.6614839233,0.6614839233,0.6614839233,0.6614839233,0.6614839233,0.6614839233,0.6614839233,0.6614839233,0.6614839233,0.6614839233,0.6614839233,0.6614839233,0.6614839233,0.6614839233,0.6614839233,0.6614839233
2136,4,0,0.9904886833,0.9901737486,0.9897215129,0.9890602554,0.9883561505,0.9878929980,0.9876794338,0.9871335453,0.9863968620,0.9845680154,0.9819627524,0.9788706553,0.9754784831,0.9718634657,0.9681606396,0.9645993301,0.9613555276,0.9587000194,0.9566865752,0.9549421856,0.9526213923,0.9489693368,0.9442805828,0.9395460612,0.9357038990,0.9327292456,0.9300202842,0.9272326163,0.9247019522,0.9227410928,0.9214680017,0.9207568956,0.9207568956,0.9207568956,0.9207568956,0.9207568956,0.9201430448,0.9186241079,0.9176623054,0.9176623054,0.9176623054,0.9176623054,0.9176623054,0.9162914576,0.9123527288,0.9072701975,0.9027310025,0.8992754402,0.8963318281,0.8934556240,0.8912041810,0.8908398367,0.8908398367,0.8908398367,0.8876994975,0.8813904422,0.8748915686,0.8700784651,0.8654824771,0.8567270951,0.8411380779,0.8204786283,0.7983624004,0.7772674779,0.7555587864,0.7318911263,0.7091323899,0.6922401471,0.6830963143,0.6757001359,0.6614839233,0.6614839233,0.6614839233,0.6614839233,0.6614839233,0.6614839233,0.6614839233,0.6614839233,0.6614839233,0.6614839233,0.6614839233,0.6614839233,0.6614839233,0.6614839233,0.6614839233,0.6614839233,0.6614839233,0.6614839233,0.6614839233,0.6614839233,0.6614839233
2137,4,0,0.9904886833,0.9901737486,0.9897215129,0.9890602554,0.9883561505,0.9878929980,0.9876794338,0.9871335453,0.9863968620,0.9845680154,0.9819627524,0.9788706553,0.9754784831,0.9718634657,0.9681606396,0.9645993301,0.9613555276,0.9587000194,0.9566865752,0.9549421856,0.9526213923,0.9489693368,0.9442805828,0.9395460612,0.9357038990,0.9327292456,0.9300202842,0.9272326163,0.9247019522,0.9227410928,0.9214680017,0.9207568956,0.9207568956,0.9207568956,0.9207568956,0.9207568956,0.9201430448,0.9186241079,0.9176623054,0.9176623054,0.9176623054,0.9176623054,0.9176623054,0.9162914576,0.9123527288,0.9072701975,0.9027310025,0.8992754402,0.8963318281,0.8934556240,0.8912041810,0.8908398367,0.8908398367,0.8908398367,0.8876994975,0.8813904422,0.8748915686,0.8700784651,0.8654824771,0.8567270951,0.8411380779,0.8204786283,0.7983624004,0.7772674779,0.7555587864,0.7318911263,0.7091323899,0.6922401471,0.6830963143,0.6757001359,0.6614839233,0.6614839233,0.6614839233,0.6614839233,0.6614839233,0.6614839233,0.6614839233,0.6614839233,0.6614839233,0.6614839233,0.6614839233,0.6614839233,0.6614839233,0.6614839233,0.6614839233,0.6614839233,0.6614839233,0.6614839233,0.6614839233,0.6614839233,0.6614839233
2138,4,0,0.9904886833,0.9901737486,0.9897215129,0.9890602554,0.9883561505,0.9878929980,0.9876794338,0.9871335453,0.9863968620,0.9845680154,0.9819627524,0.9788706553,0.9754784831,0.9718634657,0.9681606396,0.9645993301,0.9613555276,0.9587000194,0.9566865752,0.9549421856,0.9526213923,0.9489693368,0.9442805828,0.9395460612,0.9357038990,0.9327292456,0.9300202842,0.9272326163,0.9247019522,0.9227410928,0.9214680017,0.9207568956,0.9207568956,0.9207568956,0.9207568956,0.9207568956,0.9201430448,0.9186241079,0.9176623054,0.9176623054,0.9176623054,0.9176623054,0.9176623054,0.9162914576,0.9123527288,0.9072701975,0.9027310025,0.8992754402,0.8963318281,0.8934556240,0.8912041810,0.8908398367,0.8908398367,0.8908398367,0.8876994975,0.8813904422,0.8748915686,0.8700784651,0.8654824771,0.8567270951,0.8411380779,0.8204786283,0.7983624004,0.7772674779,0.7555587864,0.7318911263,0.7091323899,0.6922401471,0.6830963143,0.6757001359,0.6614839233,0.6614839233,0.6614839233,0.6614839233,0.6614839233,0.6614839233,0.6614839233,0.6614839233,0.6614839233,0.6614839233,0.6614839233,0.6614839233,0.6614839233,0.6614839233,0.6614839233,0.6614839233,0.6614839233,0.6614839233,0.6614839233,0.6614839233,0.6614839233
2139,4,0,0.9904886833,0.9901737486,0.9897215129,0.9890602554,0.9883561505,0.9878929980,0.9876794338,0.9871335453,0.9863968620,0.9845680154,0.9819627524,0.9788706553,0.9754784831,0.9718634657,0.9681606396,0.9645993301,0.9613555276,0.9587000194,0.9566865752,0.9549421856,0.9526213923,0.9489693368,0.9442805828,0.9395460612,0.9357038990,0.9327292456,0.9300202842,0.9272326163,0.9247019522,0.9227410928,0.9214680017,0.9207568956,0.9207568956,0.9207568956,0.9207568956,0.9207568956,0.9201430448,0.9186241079,0.9176623054,0.9176623054,0.9176623054,0.9176623054,0.9176623054,0.9162914576,0.9123527288,0.9072701975,0.9027310025,0.8992754402,0.8963318281,0.8934556240,0.8912041810,0.8908398367,0.8908398367,0.8908398367,0.8876994975,0.8813904422,0.8748915686,0.8700784651,0.8654824771,0.8567270951,0.8411380779,0.8204786283,0.7983624004,0.7772674779,0.7555587864,0.7318911263,0.7091323899,0.6922401471,0.6830963143,0.6757001359,0.6614839233,0.6614839233,0.6614839233,0.6614839233,0.6614839233,0.6614839233,0.6614839233,0.6614839233,0.6614839233,0.6614839233,0.6614839233,0.6614839233,0.6614839233,0.6614839233,0.6614839233,0.6614839233,0.6614839233,0.6614839233,0.6614839233,0.6614839233,0.6614839233
2140,4,0,0.9904886833,0.9901737486,0.9897215129,0.9890602554,0.9883561505,0.9878929980,0.9876794338,0.9871335453,0.9863968620,0.9845680154,0.9819627524,0.9788706553,0.9754784831,0.9718634657,0.9681606396,0.9645993301,0.9613555276,0.9587000194,0.9566865752,0.9549421856,0.9526213923,0.9489693368,0.9442805828,0.9395460612,0.9357038990,0.9327292456,0.9300202842,0.9272326163,0.9247019522,0.9227410928,0.9214680017,0.9207568956,0.9207568956,0.9207568956,0.9207568956,0.9207568956,0.9201430448,0.9186241079,0.9176623054,0.9176623054,0.9176623054,0.9176623054,0.9176623054,0.9162914576,0.9123527288,0.9072701975,0.9027310025,0.8992754402,0.8963318281,0.8934556240,0.8912041810,0.8908398367,0.8908398367,0.8908398367,0.8876994975,0.8813904422,0.8748915686,0.8700784651,0.8654824771,0.8567270951,0.8411380779,0.8204786283,0.7983624004,0.7772674779,0.7555587864,0.7318911263,0.7091323899,0.6922401471,0.6830963143,0.6757001359,0.6614839233,0.6614839233,0.6614839233,0.6614839233,0.6614839233,0.6614839233,0.6614839233,0.6614839233,0.6614839233,0.6614839233,0.6614839233,0.6614839233,0.6614839233,0.6614839233,0.6614839233,0.6614839233,0.6614839233,0.6614839233,0.6614839233,0.6614839233,0.6614839233
2141,4,0,0.9904886833,0.9901737486,0.9897215129,0.9890602554,0.9883561505,0.9878929980,0.9876794338,0.9871335453,0.9863968620,0.9845680154,0.9819627524,0.9788706553,0.9754784831,0.9718634657,0.9681606396,0.9645993301,0.9613555276,0.9587000194,0.9566865752,0.9549421856,0.9526213923,0.9489693368,0.9442805828,0.9395460612,0.9357038990,0.9327292456,0.9300202842,0.9272326163,0.9247019522,0.9227410928,0.9214680017,0.9207568956,0.9207568956,0.9207568956,0.9207568956,0.9207568956,0.9201430448,0.9186241079,0.9176623054,0.9176623054,0.9176623054,0.9176623054,0.9176623054,0.9162914576,0.9123527288,0.9072701975,0.9027310025,0.8992754402,0.8963318281,0.8934556240,0.8912041810,0.8908398367,0.8908398367,0.8908398367,0.8876994975,0.8813904422,0.8748915686,0.8700784651,0.8654824771,0.8567270951,0.8411380779,0.8204786283,0.7983624004,0.7772674779,0.7555587864,0.7318911263,0.7091323899,0.6922401471,0.6830963143,0.6757001359,0.6614839233,0.6614839233,0.6614839233,0.6614839233,0.6614839233,0.6614839233,0.6614839233,0.6614839233,0.6614839233,0.6614839233,0.6614839233,0.6614839233,0.6614839233,0.6614839233,0.6614839233,0.6614839233,0.6614839233,0.6614839233,0.6614839233,0.6614839233,0.6614839233
2142,4,0,0.9904886833,0.9901737486,0.9897215129,0.9890602554,0.9883561505,0.9878929980,0.9876794338,0.9871335453,0.9863968620,0.9845680154,0.9819627524,0.9788706553,0.9754784831,0.9718634657,0.9681606396,0.9645993301,0.9613555276,0.9587000194,0.9566865752,0.9549421856,0.9526213923,0.9489693368,0.9442805828,0.9395460612,0.9357038990,0.9327292456,0.9300202842,0.9272326163,0.9247019522,0.9227410928,0.9214680017,0.9207568956,0.9207568956,0.9207568956,0.9207568956,0.9207568956,0.9201430448,0.9186241079,0.9176623054,0.9176623054,0.9176623054,0.9176623054,0.9176623054,0.9162914576,0.9123527288,0.9072701975,0.9027310025,0.8992754402,0.8963318281,0.8934556240,0.8912041810,0.8908398367,0.8908398367,0.8908398367,0.8876994975,0.8813904422,0.8748915686,0.8700784651,0.8654824771,0.8567270951,0.8411380779,0.8204786283,0.7983624004,0.7772674779,0.7555587864,0.7318911263,0.7091323899,0.6922401471,0.6830963143,0.6757001359,0.6614839233,0.6614839233,0.6614839233,0.6614839233,0.6614839233,0.6614839233,0.6614839233,0.6614839233,0.6614839233,0.6614839233,0.6614839233,0.6614839233,0.6614839233,0.6614839233,0.6614839233,0.6614839233,0.6614839233,0.6614839233,0.6614839233,0.6614839233,0.6614839233
2143,4,0,0.9904886833,0.9901737486,0.9897215129,0.9890602554,0.9883561505,0.9878929980,0.9876794338,0.9871335453,0.9863968620,0.9845680154,0.9819627524,0.9788706553,0.9754784831,0.9718634657,0.9681606396,0.9645993301,0.9613555276,0.9587000194,0.9566865752,0.9549421856,0.9526213923,0.9489693368,0.9442805828,0.9395460612,0.9357038990,0.9327292456,0.9300202842,0.9272326163,0.9247019522,0.9227410928,0.9214680017,0.9207568956,0.9207568956,0.9207568956,0.9207568956,0.9207568956,0.9201430448,0.9186241079,0.9176623054,0.9176623054,0.9176623054,0.9176623054,0.9176623054,0.9162914576,0.9123527288,0.9072701975,0.9027310025,0.8992754402,0.8963318281,0.8934556240,0.8912041810,0.8908398367,0.8908398367,0.8908398367,0.8876994975,0.8813904422,0.8748915686,0.8700784651,0.8654824771,0.8567270951,0.8411380779,0.8204786283,0.7983624004,0.7772674779,0.7555587864,0.7318911263,0.7091323899,0.6922401471,0.6830963143,0.6757001359,0.6614839233,0.6614839233,0.6614839233,0.6614839233,0.6614839233,0.6614839233,0.6614839233,0.6614839233,0.6614839233,0.6614839233,0.6614839233,0.6614839233,0.6614839233,0.6614839233,0.6614839233,0.6614839233,0.6614839233,0.6614839233,0.6614839233,0.6614839233,0.6614839233
2144,4,0,0.9904886833,0.9901737486,0.9897215129,0.9890602554,0.9883561505,0.9878929980,0.9876794338,0.9871335453,0.9863968620,0.9845680154,0.9819627524,0.9788706553,0.9754784831,0.9718634657,0.9681606396,0.9645993301,0.9613555276,0.9587000194,0.9566865752,0.9549421856,0.9526213923,0.9489693368,0.9442805828,0.9395460612,0.9357038990,0.9327292456,0.9300202842,0.9272326163,0.9247019522,0.9227410928,0.9214680017,0.9207568956,0.9207568956,0.9207568956,0.9207568956,0.9207568956,0.9201430448,0.9186241079,0.9176623054,0.9176623054,0.9176623054,0.9176623054,0.9176623054,0.9162914576,0.9123527288,0.9072701975,0.9027310025,0.8992754402,0.8963318281,0.8934556240,0.8912041810,0.8908398367,0.8908398367,0.8908398367,0.8876994975,0.8813904422,0.8748915686,0.8700784651,0.8654824771,0.8567270951,0.8411380779,0.8204786283,0.7983624004,0.7772674779,0.7555587864,0.7318911263,0.7091323899,0.6922401471,0.6830963143,0.6757001359,0.6614839233,0.6614839233,0.6614839233,0.6614839233,0.6614839233,0.6614839233,0.6614839233,0.6614839233,0.6614839233,0.6614839233,0.6614839233,0.6614839233,0.6614839233,0.6614839233,0.6614839233,0.6614839233,0.6614839233,0.6614839233,0.6614839233,0.6614839233,0.6614839233
2145,4,0,0.9904886833,0.9901737486,0.9897215129,0.9890602554,0.9883561505,0.9878929980,0.9876794338,0.9871335453,0.9863968620,0.9845680154,0.9819627524,0.9788706553,0.9754784831,0.9718634657,0.9681606396,0.9645993301,0.9613555276,0.9587000194,0.9566865752,0.9549421856,0.9526213923,0.9489693368,0.9442805828,0.9395460612,0.9357038990,0.9327292456,0.9300202842,0.9272326163,0.9247019522,0.9227410928,0.9214680017,0.9207568956,0.9207568956,0.9207568956,0.9207568956,0.9207568956,0.9201430448,0.9186241079,0.9176623054,0.9176623054,0.9176623054,0.9176623054,0.9176623054,0.9162914576,0.9123527288,0.9072701975,0.9027310025,0.8992754402,0.8963318281,0.8934556240,0.8912041810,0.8908398367,0.8908398367,0.8908398367,0.8876994975,0.8813904422,0.8748915686,0.8700784651,0.8654824771,0.8567270951,0.8411380779,0.8204786283,0.7983624004,0.7772674779,0.7555587864,0.7318911263,0.7091323899,0.6922401471,0.6830963143,0.6757001359,0.6614839233,0.6614839233,0.6614839233,0.6614839233,0.6614839233,0.6614839233,0.6614839233,0.6614839233,0.6614839233,0.6614839233,0.6614839233,0.6614839233,0.6614839233,0.6614839233,0.6614839233,0.6614839233,0.6614839233,0.6614839233,0.6614839233,0.6614839233,0.6614839233
2146,4,0,0.9904886833,0.9901737486,0.9897215129,0.9890602554,0.9883561505,0.9878929980,0.9876794338,0.9871335453,0.9863968620,0.9845680154,0.9819627524,0.9788706553,0.9754784831,0.9718634657,0.9681606396,0.9645993301,0.9613555276,0.9587000194,0.9566865752,0.9549421856,0.9526213923,0.9489693368,0.9442805828,0.9395460612,0.9357038990,0.9327292456,0.9300202842,0.9272326163,0.9247019522,0.9227410928,0.9214680017,0.9207568956,0.9207568956,0.9207568956,0.9207568956,0.9207568956,0.9201430448,0.9186241079,0.9176623054,0.9176623054,0.9176623054,0.9176623054,0.9176623054,0.9162914576,0.9123527288,0.9072701975,0.9027310025,0.8992754402,0.8963318281,0.8934556240,0.8912041810,0.8908398367,0.8908398367,0.8908398367,0.8876994975,0.8813904422,0.8748915686,0.8700784651,0.8654824771,0.8567270951,0.8411380779,0.8204786283,0.7983624004,0.7772674779,0.7555587864,0.7318911263,0.7091323899,0.6922401471,0.6830963143,0.6757001359,0.6614839233,0.6614839233,0.6614839233,0.6614839233,0.6614839233,0.6614839233,0.6614839233,0.6614839233,0.6614839233,0.6614839233,0.6614839233,0.6614839233,0.6614839233,0.6614839233,0.6614839233,0.6614839233,0.6614839233,0.6614839233,0.6614839233,0.6614839233,0.6614839233
2147,4,0,0.9904886833,0.9901737486,0.9897215129,0.9890602554,0.9883561505,0.9878929980,0.9876794338,0.9871335453,0.9863968620,0.9845680154,0.9819627524,0.9788706553,0.9754784831,0.9718634657,0.9681606396,0.9645993301,0.9613555276,0.9587000194,0.9566865752,0.9549421856,0.9526213923,0.9489693368,0.9442805828,0.9395460612,0.9357038990,0.9327292456,0.9300202842,0.9272326163,0.9247019522,0.9227410928,0.9214680017,0.9207568956,0.9207568956,0.9207568956,0.9207568956,0.9207568956,0.9201430448,0.9186241079,0.9176623054,0.9176623054,0.9176623054,0.9176623054,0.9176623054,0.9162914576,0.9123527288,0.9072701975,0.9027310025,0.8992754402,0.8963318281,0.8934556240,0.8912041810,0.8908398367,0.8908398367,0.8908398367,0.8876994975,0.8813904422,0.8748915686,0.8700784651,0.8654824771,0.8567270951,0.8411380779,0.8204786283,0.7983624004,0.7772674779,0.7555587864,0.7318911263,0.7091323899,0.6922401471,0.6830963143,0.6757001359,0.6614839233,0.6614839233,0.6614839233,0.6614839233,0.6614839233,0.6614839233,0.6614839233,0.6614839233,0.6614839233,0.6614839233,0.6614839233,0.6614839233,0.6614839233,0.6614839233,0.6614839233,0.6614839233,0.6614839233,0.6614839233,0.6614839233,0.6614839233,0.6614839233
2148,4,0,0.9904886833,0.9901737486,0.9897215129,0.9890602554,0.9883561505,0.9878929980,0.9876794338,0.9871335453,0.9863968620,0.9845680154,0.9819627524,0.9788706553,0.9754784831,0.9718634657,0.9681606396,0.9645993301,0.9613555276,0.9587000194,0.9566865752,0.9549421856,0.9526213923,0.9489693368,0.9442805828,0.9395460612,0.9357038990,0.9327292456,0.9300202842,0.9272326163,0.9247019522,0.9227410928,0.9214680017,0.9207568956,0.9207568956,0.9207568956,0.9207568956,0.9207568956,0.9201430448,0.9186241079,0.9176623054,0.9176623054,0.9176623054,0.9176623054,0.9176623054,0.9162914576,0.9123527288,0.9072701975,0.9027310025,0.8992754402,0.8963318281,0.8934556240,0.8912041810,0.8908398367,0.8908398367,0.8908398367,0.8876994975,0.8813904422,0.8748915686,0.8700784651,0.8654824771,0.8567270951,0.8411380779,0.8204786283,0.7983624004,0.7772674779,0.7555587864,0.7318911263,0.7091323899,0.6922401471,0.6830963143,0.6757001359,0.6614839233,0.6614839233,0.6614839233,0.6614839233,0.6614839233,0.6614839233,0.6614839233,0.6614839233,0.6614839233,0.6614839233,0.6614839233,0.6614839233,0.6614839233,0.6614839233,0.6614839233,0.6614839233,0.6614839233,0.6614839233,0.6614839233,0.6614839233,0.6614839233
2149,4,0,0.9904886833,0.9901737486,0.9897215129,0.9890602554,0.9883561505,0.9878929980,0.9876794338,0.9871335453,0.9863968620,0.9845680154,0.9819627524,0.9788706553,0.9754784831,0.9718634657,0.9681606396,0.9645993301,0.9613555276,0.9587000194,0.9566865752,0.9549421856,0.9526213923,0.9489693368,0.9442805828,0.9395460612,0.9357038990,0.9327292456,0.9300202842,0.9272326163,0.9247019522,0.9227410928,0.9214680017,0.9207568956,0.9207568956,0.9207568956,0.9207568956,0.9207568956,0.9201430448,0.9186241079,0.9176623054,0.9176623054,0.9176623054,0.9176623054,0.9176623054,0.9162914576,0.9123527288,0.9072701975,0.9027310025,0.8992754402,0.8963318281,0.8934556240,0.8912041810,0.8908398367,0.8908398367,0.8908398367,0.8876994975,0.8813904422,0.8748915686,0.8700784651,0.8654824771,0.8567270951,0.8411380779,0.8204786283,0.7983624004,0.7772674779,0.7555587864,0.7318911263,0.7091323899,0.6922401471,0.6830963143,0.6757001359,0.6614839233,0.6614839233,0.6614839233,0.6614839233,0.6614839233,0.6614839233,0.6614839233,0.6614839233,0.6614839233,0.6614839233,0.6614839233,0.6614839233,0.6614839233,0.6614839233,0.6614839233,0.6614839233,0.6614839233,0.6614839233,0.6614839233,0.6614839233,0.6614839233
2150,4,0,0.9904886833,0.9901737486,0.9897215129,0.9890602554,0.9883561505,0.9878929980,0.9876794338,0.9871335453,0.9863968620,0.9845680154,0.9819627524,0.9788706553,0.9754784831,0.9718634657,0.9681606396,0.9645993301,0.9613555276,0.9587000194,0.9566865752,0.9549421856,0.9526213923,0.9489693368,0.9442805828,0.9395460612,0.9357038990,0.9327292456,0.9300202842,0.9272326163,0.9247019522,0.9227410928,0.9214680017,0.9207568956,0.9207568956,0.9207568956,0.9207568956,0.9207568956,0.9201430448,0.9186241079,0.9176623054,0.9176623054,0.9176623054,0.9176623054,0.9176623054,0.9162914576,0.9123527288,0.9072701975,0.9027310025,0.8992754402,0.8963318281,0.8934556240,0.8912041810,0.8908398367,0.8908398367,0.8908398367,0.8876994975,0.8813904422,0.8748915686,0.8700784651,0.8654824771,0.8567270951,0.8411380779,0.8204786283,0.7983624004,0.7772674779,0.7555587864,0.7318911263,0.7091323899,0.6922401471,0.6830963143,0.6757001359,0.6614839233,0.6614839233,0.6614839233,0.6614839233,0.6614839233,0.6614839233,0.6614839233,0.6614839233,0.6614839233,0.6614839233,0.6614839233,0.6614839233,0.6614839233,0.6614839233,0.6614839233,0.6614839233,0.6614839233,0.6614839233,0.6614839233,0.6614839233,0.6614839233
