年度別年齢別労働力率,,,,,,,,,,,,,,,,,,,,,,,,,,,,,,,,,,,,,,,,,,,,,,,,,,,,,,,,,,,,,,,,,,,,,,,,,,,,,,,,,,,,,,,,,,,,,
男性,,,,,,,,,,,,,,,,,,,,,,,,,,,,,,,,,,,,,,,,,,,,,,,,,,,,,,,,,,,,,,,,,,,,,,,,,,,,,,,,,,,,,,,,,,,,,
年度,性,合計,15,16,17,18,19,20,21,22,23,24,25,26,27,28,29,30,31,32,33,34,35,36,37,38,39,40,41,42,43,44,45,46,47,48,49,50,51,52,53,54,55,56,57,58,59,60,61,62,63,64,65,66,67,68,69,70,71,72,73,74,75,76,77,78,79,80,81,82,83,84,85,86,87,88,89,90,91,92,93,94,95,96,97,98,99,100,101,102,103,104,105
2020,1,0,0.012421243671940700,0.055843237273365000,0.132432696035173000,0.282286623681901000,0.457918897074007000,0.602515603270683000,0.681362428619650000,0.751201831074828000,0.818160700184997000,0.875717013898688000,0.913655037228961000,0.935270354376498000,0.945236331536237000,0.947984228555166000,0.953279651425290000,0.953807067853715000,0.952767218725916000,0.951847032653783000,0.952430776885708000,0.954718260381639000,0.956767605647884000,0.958244110908612000,0.961776848262890000,0.961076502939186000,0.960993951214623000,0.960742989871204000,0.957061831422819000,0.957741057453598000,0.956856532729004000,0.960302209618760000,0.959750527208796000,0.956446651816500000,0.954726818013066000,0.954644955921251000,0.955951341493097000,0.955898298205147000,0.951787752718372000,0.950483114226392000,0.949367874773738000,0.947915755812810000,0.944793915671563000,0.939022732368677000,0.936637600618319000,0.931632023997597000,0.919758379557960000,0.903637732389197000,0.881136803891531000,0.856874295537571000,0.827430225870035000,0.781393563606757000,0.727012254286956000,0.664850170156228000,0.614932967708159000,0.577763611242182000,0.537679119871040000,0.493181582500350000,0.447481114271433000,0.410820312044750000,0.376505341935890000,0.339277054744911000,0.298172668459226000,0.270205327193374000,0.245788133591690000,0.221024408976526000,0.192516955229556000,0.164010587997654000,0.141344242960976000,0.126470455196968000,0.113947448634365000,0.106760147144413000,0.089623910316718900,0.070960730051419100,0.050516070484477500,0.050516070484477500,0.050516070484477500,0.050516070484477500,0.050516070484477500,0.050516070484477500,0.050516070484477500,0.050516070484477500,0.050516070484477500,0.050516070484477500,0.050516070484477500,0.050516070484477500,0.050516070484477500,0.050516070484477500,0.050516070484477500,0.050516070484477500,0.050516070484477500,0.050516070484477500,0.050516070484477500
2021,1,0,0.007606004984623130,0.050730438539163100,0.124185187897682000,0.282919303794564000,0.457027280695707000,0.601428511918479000,0.668869332808601000,0.741460589893174000,0.818252999693830000,0.885093257437570000,0.920527259549630000,0.940300043068438000,0.948446555776315000,0.957348404478171000,0.958164779908395000,0.959412767633419000,0.951392135014352000,0.952611133697493000,0.954442284232846000,0.959160057342330000,0.961781596260856000,0.959376138731379000,0.963982681313100000,0.965908633465331000,0.970598291872430000,0.967950592129714000,0.963203157651294000,0.961613734697557000,0.960753487304440000,0.962986807662773000,0.960860449074379000,0.959997323803851000,0.960193161639514000,0.958140502245100000,0.958647045491823000,0.955907007121373000,0.953543184563097000,0.950740895345535000,0.948098726759852000,0.949048286453385000,0.944218679814979000,0.939616823262096000,0.937584490182081000,0.934791773474478000,0.922840928010102000,0.905333096489148000,0.884472679860339000,0.863284768752040000,0.833363781216447000,0.784365651034730000,0.728081817782778000,0.668480264049708000,0.625231876887286000,0.587185750956466000,0.544793011023568000,0.501037049241822000,0.454150139337735000,0.414459925934449000,0.381525988268981000,0.344074201983998000,0.309212359155678000,0.266959293960011000,0.242710656383208000,0.222080148160431000,0.199823414115412000,0.179516397815507000,0.154116193254078000,0.135530122582115000,0.115502362410033000,0.106820004326245000,0.096489413700083100,0.078304107752846900,0.051597732179390600,0.051597732179390600,0.051597732179390600,0.051597732179390600,0.051597732179390600,0.051597732179390600,0.051597732179390600,0.051597732179390600,0.051597732179390600,0.051597732179390600,0.051597732179390600,0.051597732179390600,0.051597732179390600,0.051597732179390600,0.051597732179390600,0.051597732179390600,0.051597732179390600,0.051597732179390600,0.051597732179390600
2022,1,0,0.015210717419840600,0.054767078635206600,0.134118345315830000,0.288445371982387000,0.457618255973211000,0.592581947832494000,0.662995039386676000,0.735409800490366000,0.807761199906963000,0.874708602108263000,0.916451243001541000,0.938076532182739000,0.946257700482932000,0.945077480950585000,0.950489221096092000,0.950590232660779000,0.953793723671259000,0.954266027231452000,0.956871307429627000,0.959742165645794000,0.960528771491122000,0.959050267852705000,0.958896570705888000,0.962018080312702000,0.963436368930472000,0.963494227153993000,0.958942396573634000,0.958927268342609000,0.958622378167124000,0.959821626273264000,0.960907486657804000,0.958498055586982000,0.956850493337282000,0.955106454560813000,0.954626106770506000,0.953099090601266000,0.949032298701884000,0.944381554602341000,0.941150291003503000,0.940385500975821000,0.940476834090610000,0.938693739859450000,0.933717181480652000,0.932013278510581000,0.924034822442591000,0.906807511454993000,0.889909481792068000,0.865838653231789000,0.844293184033285000,0.786338976433777000,0.727308244601287000,0.671091172601776000,0.632348629331037000,0.594224207719627000,0.546599452700048000,0.501674334338048000,0.460377112590262000,0.425413740679971000,0.391755583635509000,0.358050237053465000,0.320398040986241000,0.282518932709663000,0.247655573539811000,0.220799713907733000,0.199321868435617000,0.179336754168878000,0.160007247715025000,0.138549670048645000,0.119787735087330000,0.100710835185606000,0.090506510978563500,0.084242940976667600,0.052842458703323400,0.052842458703323400,0.052842458703323400,0.052842458703323400,0.052842458703323400,0.052842458703323400,0.052842458703323400,0.052842458703323400,0.052842458703323400,0.052842458703323400,0.052842458703323400,0.052842458703323400,0.052842458703323400,0.052842458703323400,0.052842458703323400,0.052842458703323400,0.052842458703323400,0.052842458703323400,0.052842458703323400
2023,1,0,0.015211711245036900,0.068146475794106600,0.159307883025756000,0.293644875376830000,0.446487808575682000,0.571357602504124000,0.663972581502951000,0.735698253800872000,0.806251441918334000,0.866562743039113000,0.909964235981300000,0.933775704416691000,0.943298785977087000,0.947437166162721000,0.948902152877926000,0.951828471913818000,0.953108204511672000,0.955218459677333000,0.957213541816498000,0.959309110045284000,0.960043328054250000,0.959769295070261000,0.960271884190506000,0.961738403817286000,0.963273716506727000,0.962251082015671000,0.960750610689885000,0.959128128290648000,0.959421710333176000,0.960081225519254000,0.960039181238639000,0.959048138171902000,0.957114437903536000,0.955824511560191000,0.954575474020284000,0.952552134852035000,0.949138572753414000,0.945156183883511000,0.942273827040809000,0.940971558703002000,0.940152045027515000,0.937928516839984000,0.935105063449850000,0.930214880442538000,0.921239372346697000,0.907198824439503000,0.887793801891531000,0.866948404228046000,0.832415824754436000,0.786228287796598000,0.728482794790314000,0.677141608305531000,0.632770175765811000,0.591263564570289000,0.547696488912033000,0.503071744107728000,0.462667736092822000,0.426016697535872000,0.391893519679706000,0.356871078846173000,0.320441562340268000,0.283626016418007000,0.250412779234620000,0.222670281649886000,0.199890817860129000,0.179620302379980000,0.159356543276491000,0.139500682830356000,0.119729175652321000,0.103709143628491000,0.091855505460389700,0.084273256321126800,0.052866123096715800,0.052866123096715800,0.052866123096715800,0.052866123096715800,0.052866123096715800,0.052866123096715800,0.052866123096715800,0.052866123096715800,0.052866123096715800,0.052866123096715800,0.052866123096715800,0.052866123096715800,0.052866123096715800,0.052866123096715800,0.052866123096715800,0.052866123096715800,0.052866123096715800,0.052866123096715800,0.052866123096715800
2024,1,0,0.015208447053635700,0.068241812692236700,0.159460879812363000,0.293813528886492000,0.446635409356445000,0.571490153146963000,0.664097003378373000,0.735801854191600000,0.806317297190432000,0.866575875708307000,0.909928274623596000,0.933694852739911000,0.943196273800410000,0.947334312715966000,0.948819695587340000,0.951766097200715000,0.953066265707326000,0.955192491301016000,0.957199281318724000,0.959302248599549000,0.960044157784668000,0.959778032331467000,0.960286632701378000,0.961757227103299000,0.963294870175618000,0.962275114962242000,0.960777625450322000,0.959157064239718000,0.959451069507042000,0.960109842587610000,0.960067206744994000,0.959075775756308000,0.957142593845380000,0.955853751715963000,0.954606493616034000,0.952585100040584000,0.949173781854500000,0.945193051932218000,0.942311410961652000,0.941008812408007000,0.940188864925207000,0.937965204209557000,0.935140273266258000,0.930247582433645000,0.921268969398863000,0.907226403429748000,0.887820513950831000,0.866973663630252000,0.832441673743420000,0.786256332533198000,0.728515515428153000,0.677177630582243000,0.632808532521253000,0.591304169497596000,0.547740312592371000,0.503119013500082000,0.462717545494177000,0.426065312548975000,0.391937468796167000,0.356907625963860000,0.320471009395251000,0.283648446246061000,0.250430712923694000,0.222685839352368000,0.199906228674003000,0.179635027924825000,0.159370582102496000,0.139514092960238000,0.119742084536493000,0.103720891811309000,0.091865198899968600,0.084279978445286300,0.052874986346818600,0.052874986346818600,0.052874986346818600,0.052874986346818600,0.052874986346818600,0.052874986346818600,0.052874986346818600,0.052874986346818600,0.052874986346818600,0.052874986346818600,0.052874986346818600,0.052874986346818600,0.052874986346818600,0.052874986346818600,0.052874986346818600,0.052874986346818600,0.052874986346818600,0.052874986346818600,0.052874986346818600
2025,1,0,0.015210992339096500,0.068363212092312400,0.159674780235112000,0.294094405317168000,0.446953608954982000,0.571840995333804000,0.664475091146556000,0.736186511277984000,0.806691146430895000,0.866920022409322000,0.910239889367210000,0.933970657643461000,0.943454048580551000,0.947593326890259000,0.949099672340426000,0.952067281048669000,0.953388381136600000,0.955531388579208000,0.957550652475794000,0.959661821750418000,0.960411705142675000,0.960153385191950000,0.960668190802606000,0.962143421524742000,0.963683982218707000,0.962666716620838000,0.961171636770822000,0.959552377636085000,0.959846918412334000,0.960505201060606000,0.960461957397906000,0.959469759798796000,0.957536357783984000,0.956248107505338000,0.955002152333644000,0.952981932127127000,0.949571554692215000,0.945590963079937000,0.942708937218459000,0.941405510897988000,0.940584816424838000,0.938360173793413000,0.935532686299659000,0.930635618850223000,0.921650471372638000,0.907600523457636000,0.888186354427094000,0.867330088438201000,0.832785497580806000,0.786584710137822000,0.728826512875750000,0.677472319467456000,0.633088607666819000,0.591570638872215000,0.547993360045870000,0.503358462058951000,0.462944101389282000,0.426276673692357000,0.392131128109682000,0.357080502929076000,0.320622868574538000,0.283779223047404000,0.250544305288790000,0.222786457856373000,0.199997998940668000,0.179718369761598000,0.159445496639880000,0.139580794049501000,0.119800731891969000,0.103772258745098000,0.091909982550054900,0.084318893517872900,0.052904046365296200,0.052904046365296200,0.052904046365296200,0.052904046365296200,0.052904046365296200,0.052904046365296200,0.052904046365296200,0.052904046365296200,0.052904046365296200,0.052904046365296200,0.052904046365296200,0.052904046365296200,0.052904046365296200,0.052904046365296200,0.052904046365296200,0.052904046365296200,0.052904046365296200,0.052904046365296200,0.052904046365296200
2026,1,0,0.015222692454640300,0.068467957580296900,0.159887077820208000,0.294432568212181000,0.447416975670673000,0.572408050278911000,0.665121025471143000,0.736879149454183000,0.807413478160964000,0.867648061647745000,0.910960629904080000,0.934669031775575000,0.944133320544695000,0.948263609209218000,0.949773162944420000,0.952745103924126000,0.954069269808550000,0.956217029409926000,0.958242004444061000,0.960360009709618000,0.961115682007794000,0.960862375464892000,0.961381676284695000,0.962861028085902000,0.964404647232260000,0.963388472637028000,0.961894116260574000,0.960274880607071000,0.960570312461737000,0.961229161499284000,0.961185944620113000,0.960193043880378000,0.958258342860139000,0.956969417917667000,0.955722948713555000,0.953701618919105000,0.950289062603750000,0.946306610104840000,0.943424324956341000,0.942122610184779000,0.941303998572170000,0.939080358900953000,0.936252321798052000,0.931352023974811000,0.922359412752363000,0.908298105307858000,0.888868450652325000,0.867996933485012000,0.833427906241984000,0.787195060295215000,0.729395914706311000,0.678005698855268000,0.633591064690533000,0.592044116294063000,0.548436012335490000,0.503769475708184000,0.463326722785554000,0.426632758799633000,0.392461590597283000,0.357383620487875000,0.320897558949706000,0.284025189323710000,0.250762947518358000,0.222980613198341000,0.200170114051328000,0.179870374403134000,0.159577396008972000,0.139694425978304000,0.119897685357110000,0.103856943296714000,0.091985602777604700,0.084388734768045800,0.052949783684895000,0.052949783684895000,0.052949783684895000,0.052949783684895000,0.052949783684895000,0.052949783684895000,0.052949783684895000,0.052949783684895000,0.052949783684895000,0.052949783684895000,0.052949783684895000,0.052949783684895000,0.052949783684895000,0.052949783684895000,0.052949783684895000,0.052949783684895000,0.052949783684895000,0.052949783684895000,0.052949783684895000
2027,1,0,0.015220096794108400,0.068508435351350900,0.159949277436522000,0.294494293621324000,0.447460240341480000,0.572437627426726000,0.665142418917906000,0.736879852954786000,0.807377621077088000,0.867561320904693000,0.910825890918291000,0.934489637303995000,0.943925920113602000,0.948043333058555000,0.949554678668289000,0.952528162167108000,0.953854151537023000,0.956004648171910000,0.958033435156973000,0.960156290491739000,0.960917045154031000,0.960668993018827000,0.961192303819093000,0.962674389212035000,0.964219618303777000,0.963205490130958000,0.961713261712924000,0.960095570939310000,0.960391616826953000,0.961050413558256000,0.961007264083910000,0.960014592682044000,0.958080409665135000,0.956792020689720000,0.955546208290094000,0.953525667423608000,0.950114137257836000,0.946133564549787000,0.943253728066586000,0.941954948920003000,0.941139190557207000,0.938918643710760000,0.936092713807445000,0.931193787847760000,0.922202157597228000,0.908142695401098000,0.888715801364661000,0.867848634133530000,0.833287635885830000,0.787066151223575000,0.729280339118752000,0.677902363948660000,0.633498519551634000,0.591961610457551000,0.548363635765488000,0.503707408880774000,0.463274245492488000,0.426588205867617000,0.392423505900277000,0.357351132689382000,0.320870908147025000,0.284004441387229000,0.250746111371828000,0.222965378944565000,0.200154258425827000,0.179853469289833000,0.159559440254992000,0.139676873284429000,0.119882044632509000,0.103844097708756000,0.091974841390886200,0.084379328731239600,0.052945798373046700,0.052945798373046700,0.052945798373046700,0.052945798373046700,0.052945798373046700,0.052945798373046700,0.052945798373046700,0.052945798373046700,0.052945798373046700,0.052945798373046700,0.052945798373046700,0.052945798373046700,0.052945798373046700,0.052945798373046700,0.052945798373046700,0.052945798373046700,0.052945798373046700,0.052945798373046700,0.052945798373046700
2028,1,0,0.015216810437974100,0.068545784020332300,0.160004183900683000,0.294542611475336000,0.447483152839214000,0.572441177918358000,0.665133575771900000,0.736847067649269000,0.807305085444474000,0.867435186141931000,0.910649810240391000,0.934267842963080000,0.943675701789565000,0.947780056868515000,0.949293124975192000,0.952268015262987000,0.953595767152364000,0.955748902030853000,0.957781407292855000,0.959909014346647000,0.960674814835681000,0.960432026350959000,0.960959321799651000,0.962444072372633000,0.963990840562583000,0.962978804109916000,0.961488770644469000,0.959872697672023000,0.960169343901162000,0.960828058406495000,0.960784978271917000,0.959792581232642000,0.957859003920558000,0.956571209257738000,0.955326110026496000,0.953306449609435000,0.949896100238499000,0.945917587497651000,0.943040329611782000,0.941744543980690000,0.940931674838496000,0.938714320537612000,0.935890625447997000,0.930993293460317000,0.922003052439853000,0.907946073730997000,0.888522822129296000,0.867660951491106000,0.833109549809191000,0.786901522641411000,0.729131665025594000,0.677768260750532000,0.633377219946808000,0.591852233978807000,0.548266366010188000,0.503622474349015000,0.463200734331290000,0.426524283253832000,0.392367601684705000,0.357302417122687000,0.320829685215503000,0.283970794489134000,0.250717886223445000,0.222940017604159000,0.200129312637031000,0.179828397016478000,0.159534240037423000,0.139652979562254000,0.119860961744466000,0.103826537744224000,0.091959904237195500,0.084366091592440100,0.052939408405345900,0.052939408405345900,0.052939408405345900,0.052939408405345900,0.052939408405345900,0.052939408405345900,0.052939408405345900,0.052939408405345900,0.052939408405345900,0.052939408405345900,0.052939408405345900,0.052939408405345900,0.052939408405345900,0.052939408405345900,0.052939408405345900,0.052939408405345900,0.052939408405345900,0.052939408405345900,0.052939408405345900
2029,1,0,0.015210431525139100,0.068569168811478600,0.160026515436984000,0.294530997497434000,0.447415046111262000,0.572328308758811000,0.664989469986607000,0.736664450531415000,0.807068414191023000,0.867132721133403000,0.910288642473365000,0.933856187362016000,0.943233726978744000,0.947324197780934000,0.948838679577960000,0.951814370757758000,0.953143614022357000,0.955298947585907000,0.957334755412903000,0.959466678476648000,0.960237365847264000,0.959999887046339000,0.960531057376965000,0.962018169483696000,0.963566161228138000,0.962556420985223000,0.961068884106690000,0.959454756568910000,0.959751942429347000,0.960410440798117000,0.960367438720485000,0.959375517693417000,0.957442938933248000,0.956156000104493000,0.954911866804653000,0.952893497016363000,0.949485021253374000,0.945509376281952000,0.942635280504026000,0.941342750011445000,0.940532933568348000,0.938319220729129000,0.935498333289073000,0.930603590231871000,0.921616565905119000,0.907564927875039000,0.888149266502844000,0.867296931773958000,0.832762147284309000,0.786576966394289000,0.728834801795234000,0.677496404940789000,0.633127187408275000,0.591622561933645000,0.548057657060867000,0.503435172020867000,0.463033068691159000,0.426373658964110000,0.392231937147615000,0.357181067878118000,0.320723241309698000,0.283879417800527000,0.250638690487495000,0.222869333044372000,0.200063682379393000,0.179766768953024000,0.159476611334919000,0.139600699778605000,0.119815516113821000,0.103787873721681000,0.091926274677885500,0.084335705322585600,0.052922256204842400,0.052922256204842400,0.052922256204842400,0.052922256204842400,0.052922256204842400,0.052922256204842400,0.052922256204842400,0.052922256204842400,0.052922256204842400,0.052922256204842400,0.052922256204842400,0.052922256204842400,0.052922256204842400,0.052922256204842400,0.052922256204842400,0.052922256204842400,0.052922256204842400,0.052922256204842400,0.052922256204842400
2030,1,0,0.015207104456628300,0.068606278167858000,0.160080897888036000,0.294578407292278000,0.447436633183654000,0.572330191325783000,0.664978702742882000,0.736629558324589000,0.806993609453192000,0.867004199934401000,0.910110103285339000,0.933631914867511000,0.942981033628934000,0.947058448634540000,0.948574646683028000,0.951551734495235000,0.952882734529628000,0.955040697248702000,0.957080213457195000,0.959216876959973000,0.959992602520833000,0.959760382432359000,0.960295531606084000,0.961785301718925000,0.963334826414773000,0.962327178591254000,0.960841838643429000,0.959229331870177000,0.959527116566042000,0.960185530882087000,0.960142598195111000,0.959150954121408000,0.957218986037625000,0.955932644627917000,0.954689227351354000,0.952671742939710000,0.949264456619548000,0.945290880972326000,0.942419369391235000,0.941129832971335000,0.940322905013993000,0.938112387743171000,0.935293740929223000,0.930400604371736000,0.921414993920603000,0.907365877579337000,0.887953911200812000,0.867106928032309000,0.832581830261553000,0.786410226765769000,0.728684167489004000,0.677360475222494000,0.633004176602095000,0.591511582184641000,0.547958897760641000,0.503348864500245000,0.462958289800849000,0.426308564960553000,0.392174952240060000,0.357131365847977000,0.320681129909142000,0.283844981460972000,0.250609766752321000,0.222843350798302000,0.200038181551329000,0.179741200791891000,0.159450974362978000,0.139576425697107000,0.119794107389077000,0.103770030756017000,0.091911086207764100,0.084322237120180300,0.052915719190892800,0.052915719190892800,0.052915719190892800,0.052915719190892800,0.052915719190892800,0.052915719190892800,0.052915719190892800,0.052915719190892800,0.052915719190892800,0.052915719190892800,0.052915719190892800,0.052915719190892800,0.052915719190892800,0.052915719190892800,0.052915719190892800,0.052915719190892800,0.052915719190892800,0.052915719190892800,0.052915719190892800
2031,1,0,0.015224448018663000,0.068740032955526800,0.160353125322653000,0.295016811308927000,0.448040790736904000,0.573068208970614000,0.665813805301627000,0.737527494230214000,0.807942607182428000,0.867982147526415000,0.911097721100750000,0.934606867430724000,0.943947799745523000,0.948031658605813000,0.949572022095428000,0.952574941480030000,0.953929895738927000,0.956105048875700000,0.958153913464643000,0.960292329193360000,0.961068254843020000,0.960835085290651000,0.961370405733650000,0.962861681407738000,0.964413025370000000,0.963404280381280000,0.961917298464803000,0.960302537602236000,0.960599779790471000,0.961257595805559000,0.961213264937853000,0.960219140686856000,0.958284291267827000,0.956996476127015000,0.955752305346814000,0.953733184615121000,0.950322676918683000,0.946345294101371000,0.943471292297998000,0.942181129937788000,0.941374126450626000,0.939161932869348000,0.936341977139896000,0.931446226691606000,0.922454395882103000,0.908393284300815000,0.888963206401383000,0.868095362096803000,0.833532690434939000,0.787309117324157000,0.729517910682403000,0.678136372891285000,0.633731577590577000,0.592195155117244000,0.548597695720020000,0.503941681589829000,0.463509938274115000,0.426821809865267000,0.392651161821921000,0.357568000933513000,0.321076586227552000,0.284198818882605000,0.250924905701778000,0.223124841982964000,0.200290496820158000,0.179967200710667000,0.159650666634953000,0.139750652728660000,0.119943342697810000,0.103898928911547000,0.092024397504725200,0.084424831562965600,0.052980432948395900,0.052980432948395900,0.052980432948395900,0.052980432948395900,0.052980432948395900,0.052980432948395900,0.052980432948395900,0.052980432948395900,0.052980432948395900,0.052980432948395900,0.052980432948395900,0.052980432948395900,0.052980432948395900,0.052980432948395900,0.052980432948395900,0.052980432948395900,0.052980432948395900,0.052980432948395900,0.052980432948395900
2032,1,0,0.015217180367555100,0.068762702186136500,0.160366191862363000,0.294978371144565000,0.447920726193116000,0.572879884685561000,0.665572631556092000,0.737233211949614000,0.807585537248325000,0.867556943880233000,0.910612462687993000,0.934070913715360000,0.943388546943850000,0.947472249048506000,0.949034302740168000,0.952058214150703000,0.953434947119920000,0.955623784159972000,0.957678689667138000,0.959815400294253000,0.960590271250294000,0.960356528713190000,0.960891154757986000,0.962381525130662000,0.963932180555283000,0.962923969131247000,0.961437749074044000,0.959823344203119000,0.960119562790478000,0.960775716213496000,0.960730057935564000,0.959735059674485000,0.957800456269096000,0.956513249221472000,0.955270336652520000,0.953252844067714000,0.949844628720569000,0.945869868885363000,0.942998023371522000,0.941709321253212000,0.940903547363783000,0.938693254171806000,0.935876549411934000,0.930986101304003000,0.922002588623604000,0.907952215079451000,0.888535438185214000,0.867680468767773000,0.833136096993043000,0.786935277840008000,0.729172347164061000,0.677816025573505000,0.633434517932505000,0.591921415778673000,0.548349662498949000,0.503719859805495000,0.463312311398470000,0.426645090179380000,0.392492646923194000,0.357426625785374000,0.320953023084088000,0.284093252175869000,0.250834429229552000,0.223045656868737000,0.200219046752412000,0.179902286997114000,0.159592286047619000,0.139698974588411000,0.119898690904767000,0.103859875336621000,0.091988951583118500,0.084390952566668500,0.052959503616827300,0.052959503616827300,0.052959503616827300,0.052959503616827300,0.052959503616827300,0.052959503616827300,0.052959503616827300,0.052959503616827300,0.052959503616827300,0.052959503616827300,0.052959503616827300,0.052959503616827300,0.052959503616827300,0.052959503616827300,0.052959503616827300,0.052959503616827300,0.052959503616827300,0.052959503616827300,0.052959503616827300
2033,1,0,0.015210826975475300,0.068789453065062200,0.160388813102817000,0.294957561839401000,0.447827489070326000,0.572725903132941000,0.665371377265446000,0.736983171437573000,0.807276962014302000,0.867183873391418000,0.910181959571307000,0.933591160028990000,0.942886070845101000,0.946969859941148000,0.948553677610858000,0.951598742652778000,0.952997316974115000,0.955199956246305000,0.957261019849126000,0.959396154362251000,0.960170017791988000,0.959935688839248000,0.960469652999376000,0.961959207786280000,0.963509267791177000,0.962501529311197000,0.961015981773544000,0.959401836270996000,0.959697049843728000,0.960351581303960000,0.960304594079740000,0.959308663235495000,0.957374190217942000,0.956087513933157000,0.954845784305776000,0.952829798060857000,0.949423669700393000,0.945451293392555000,0.942581430923659000,0.941294110865313000,0.940489517406353000,0.938280991051892000,0.935467366326954000,0.930581924083537000,0.921606186192942000,0.907565702926015000,0.888161056859732000,0.867317706740333000,0.832789557790375000,0.786608716200846000,0.728870590436572000,0.677536398906078000,0.633175510581195000,0.591683231484241000,0.548134562119288000,0.503528285091482000,0.463142499498098000,0.426493979438477000,0.392357687372048000,0.357306698842242000,0.320848716434555000,0.284004727050726000,0.250758996835556000,0.222979848035366000,0.200159604359846000,0.179848163146660000,0.159543477917379000,0.139655676204712000,0.119861231427369000,0.103827052298577000,0.091959024829538000,0.084362138089901900,0.052941752225656700,0.052941752225656700,0.052941752225656700,0.052941752225656700,0.052941752225656700,0.052941752225656700,0.052941752225656700,0.052941752225656700,0.052941752225656700,0.052941752225656700,0.052941752225656700,0.052941752225656700,0.052941752225656700,0.052941752225656700,0.052941752225656700,0.052941752225656700,0.052941752225656700,0.052941752225656700,0.052941752225656700
2034,1,0,0.015204181115123100,0.068814833888636000,0.160408273892766000,0.294930993729566000,0.447725561141100000,0.572560836598241000,0.665157263964926000,0.736718911113765000,0.806952840306631000,0.866794138280143000,0.909733998800116000,0.933093532304072000,0.942365558082693000,0.946449354117065000,0.948054886154784000,0.951121027121715000,0.952541396746925000,0.954757783323245000,0.956824959396385000,0.958958477326482000,0.959731318934905000,0.959496408656675000,0.960029701040158000,0.961518411765895000,0.963067846502633000,0.962060600298700000,0.960575753799725000,0.958961899056138000,0.959256102691181000,0.959909000755548000,0.959860686640509000,0.958863843514513000,0.956929538658997000,0.955643417882493000,0.954402894504744000,0.952388452794903000,0.948984476345459000,0.945014559325659000,0.942146734412368000,0.940860820444815000,0.940057422165462000,0.937850704391969000,0.935040212174137000,0.930159867197671000,0.921192073240148000,0.907161746776806000,0.887769601205015000,0.866938268663394000,0.832427004894618000,0.786267028229075000,0.728554816956230000,0.677243741933026000,0.632904324093745000,0.591433662868980000,0.547908910576045000,0.503327012706430000,0.462963762269149000,0.426334645134591000,0.392215159001223000,0.357179876692105000,0.320738215243860000,0.283910715472267000,0.250678717903069000,0.222909728481883000,0.200096292730518000,0.179790563304449000,0.159491586910485000,0.139609679729284000,0.119821456533635000,0.103792223904072000,0.091927322674114300,0.084331696041963400,0.052922979163598900,0.052922979163598900,0.052922979163598900,0.052922979163598900,0.052922979163598900,0.052922979163598900,0.052922979163598900,0.052922979163598900,0.052922979163598900,0.052922979163598900,0.052922979163598900,0.052922979163598900,0.052922979163598900,0.052922979163598900,0.052922979163598900,0.052922979163598900,0.052922979163598900,0.052922979163598900,0.052922979163598900
2035,1,0,0.015201046734910200,0.068856072175534900,0.160464724163923000,0.294972475570225000,0.447726977328238000,0.572527951010281000,0.665096722721563000,0.736624762491237000,0.806815069920683000,0.866604600501207000,0.909496177902072000,0.932811464820627000,0.942062759090235000,0.946147504083425000,0.947775106881528000,0.950863017500637000,0.952305496057929000,0.954536132361577000,0.956609893818310000,0.958742288351602000,0.959514287070069000,0.959278741652473000,0.959811485707854000,0.961299696321772000,0.962848863606463000,0.961841877016694000,0.960357388590386000,0.958743452144722000,0.959036714356528000,0.959688130681780000,0.959638479384282000,0.958640494617470000,0.956705911622319000,0.955420049322485000,0.954180445262473000,0.952167082415581000,0.948764471285170000,0.944796096216098000,0.941929646016091000,0.940644840608519000,0.939842451417324000,0.937637032029835000,0.934829021997914000,0.929952645243000000,0.920990721475211000,0.906967308855424000,0.887583182479695000,0.866759054545129000,0.832256704254644000,0.786106931197855000,0.728407305056012000,0.677107495553457000,0.632779306450497000,0.591320683001007000,0.547809792379741000,0.503241974115018000,0.462891933597842000,0.426273757533209000,0.392163196053821000,0.357135528143172000,0.320701771021998000,0.283882255119016000,0.250656315613171000,0.222891073459028000,0.200079178791413000,0.179774473479122000,0.159476519806782000,0.139595917130915000,0.119809346890989000,0.103781360055359000,0.091916846131933500,0.084320726684608100,0.052916426119572000,0.052916426119572000,0.052916426119572000,0.052916426119572000,0.052916426119572000,0.052916426119572000,0.052916426119572000,0.052916426119572000,0.052916426119572000,0.052916426119572000,0.052916426119572000,0.052916426119572000,0.052916426119572000,0.052916426119572000,0.052916426119572000,0.052916426119572000,0.052916426119572000,0.052916426119572000,0.052916426119572000
2036,1,0,0.015215842225234000,0.069034398246082600,0.160798748753864000,0.295459180148825000,0.448339348728185000,0.573238781489808000,0.665874640017909000,0.737445137939616000,0.807672452189618000,0.867484717012263000,0.910382581531104000,0.933685101562904000,0.942924076992984000,0.947005611257853000,0.948641748560286000,0.951739615031253000,0.953190447907656000,0.955429748175998000,0.957511563423415000,0.959651611331663000,0.960429939323958000,0.960199742516834000,0.960736051458911000,0.962226225419043000,0.963774883864660000,0.962764900478864000,0.961276950494207000,0.959658791614652000,0.959949052826979000,0.960597181870361000,0.960543560927507000,0.959540683482939000,0.957601123148478000,0.956311741871182000,0.955069490806498000,0.953052727839649000,0.949645364405455000,0.945672586665157000,0.942803706622175000,0.941518911121112000,0.940717001382015000,0.938510695848581000,0.935702273532291000,0.930824531684687000,0.921858326652971000,0.907825706318424000,0.888427154535372000,0.867586688823876000,0.833054176675737000,0.786862394299432000,0.729109517129357000,0.677762685671266000,0.633393854754993000,0.591896977020461000,0.548345429121664000,0.503735924850073000,0.463348303575551000,0.426697114022841000,0.392556914737158000,0.357499651350843000,0.321034930178556000,0.284184074757534000,0.250927863267348000,0.223135233969654000,0.200298343185255000,0.179971082054964000,0.159650579136134000,0.139748241556831000,0.119940436063945000,0.103895280408390000,0.092017650058551800,0.084412568700636300,0.052976133234393300,0.052976133234393300,0.052976133234393300,0.052976133234393300,0.052976133234393300,0.052976133234393300,0.052976133234393300,0.052976133234393300,0.052976133234393300,0.052976133234393300,0.052976133234393300,0.052976133234393300,0.052976133234393300,0.052976133234393300,0.052976133234393300,0.052976133234393300,0.052976133234393300,0.052976133234393300,0.052976133234393300
2037,1,0,0.015213121283741600,0.069133340452784300,0.160947803433670000,0.295605911401926000,0.448435733350860000,0.573289823079224000,0.665886108040951000,0.737416650818610000,0.807600101569420000,0.867366216795345000,0.910220956400092000,0.933483855614717000,0.942699859403395000,0.946773478587121000,0.948416272392977000,0.951520533976675000,0.952978056493183000,0.955223448002884000,0.957310925250897000,0.959456167343710000,0.960239933027315000,0.960015354258861000,0.960554613107832000,0.962045035338949000,0.963591400534211000,0.962579581441890000,0.961089881222095000,0.959469360624141000,0.959756284081198000,0.960400376606737000,0.960342844635029000,0.959336225910436000,0.957393918597150000,0.956102500874926000,0.954859031738172000,0.952841189199740000,0.949432994865214000,0.945460387474825000,0.942592380520730000,0.941309074979112000,0.940508568848413000,0.938303918061549000,0.935498318349896000,0.930624829334494000,0.921664668431726000,0.907638998217358000,0.888248356106070000,0.867415547218374000,0.832892629650663000,0.786712016104416000,0.728972375153246000,0.677637634366194000,0.633279240888176000,0.591791881614531000,0.548249814192482000,0.503649979584496000,0.463271273004091000,0.426629264787749000,0.392498732617716000,0.357452235141061000,0.320998531564160000,0.284158762788182000,0.250910565404991000,0.223122543467229000,0.200286944109793000,0.179960525627137000,0.159640864147417000,0.139739701283469000,0.119933461655229000,0.103889607070045000,0.092012532541491500,0.084407242975130200,0.052974860893014000,0.052974860893014000,0.052974860893014000,0.052974860893014000,0.052974860893014000,0.052974860893014000,0.052974860893014000,0.052974860893014000,0.052974860893014000,0.052974860893014000,0.052974860893014000,0.052974860893014000,0.052974860893014000,0.052974860893014000,0.052974860893014000,0.052974860893014000,0.052974860893014000,0.052974860893014000,0.052974860893014000
2038,1,0,0.015210494658310900,0.069232672143594500,0.161097793432152000,0.295754405159360000,0.448534836057217000,0.573344364891862000,0.665901658439582000,0.737392699083539000,0.807532732452258000,0.867253081072963000,0.910064973910468000,0.933288408992174000,0.942481505769489000,0.946547237652768000,0.948196695704126000,0.951307369203224000,0.952771587953296000,0.955023082343111000,0.957116232412244000,0.959266680029048000,0.960055886302711000,0.959836922220288000,0.960379133248737000,0.961869812809998000,0.963413895050587000,0.962400234687570000,0.960908775705770000,0.959285884274634000,0.959569472910256000,0.960209534289238000,0.960148092310136000,0.959137727442968000,0.957192662196736000,0.955899200820121000,0.954654506408471000,0.952635572294786000,0.949226526436559000,0.945254064957135000,0.942386913184713000,0.941105089203516000,0.940305981275380000,0.938102971124040000,0.935300175807641000,0.930430908222194000,0.921476734337518000,0.907457925728077000,0.888075071512340000,0.867249788910814000,0.832736250691502000,0.786566518649137000,0.728839754928745000,0.677516785532761000,0.633168553606455000,0.591690454849077000,0.548157597363180000,0.503567155320417000,0.463197112505271000,0.426564057534078000,0.392442979630162000,0.357407029206376000,0.320964115643881000,0.284135203538496000,0.250894813408420000,0.223111226681974000,0.200276778160260000,0.179951077290044000,0.159632132256134000,0.139732021565350000,0.119927225704620000,0.103884573274716000,0.092007981484943200,0.084402437111213600,0.052973914094613800,0.052973914094613800,0.052973914094613800,0.052973914094613800,0.052973914094613800,0.052973914094613800,0.052973914094613800,0.052973914094613800,0.052973914094613800,0.052973914094613800,0.052973914094613800,0.052973914094613800,0.052973914094613800,0.052973914094613800,0.052973914094613800,0.052973914094613800,0.052973914094613800,0.052973914094613800,0.052973914094613800
2039,1,0,0.015207113339607000,0.069328524794134600,0.161239720083123000,0.295888145771657000,0.448611614256805000,0.573370398657607000,0.665884117497968000,0.737332119589393000,0.807425267827939000,0.867096900723179000,0.909863836613554000,0.933046669295438000,0.942216411350505000,0.946274057043052000,0.947930094755063000,0.951047023084147000,0.952517862673882000,0.954775345668593000,0.956874062320774000,0.959029606561225000,0.959824212064789000,0.959610871330244000,0.960156006432647000,0.961646869158293000,0.963188592628353000,0.962173142085318000,0.960679999138939000,0.959054818443965000,0.959335059485086000,0.959971059508158000,0.959905712118527000,0.958891652787996000,0.956943927338178000,0.955648487379637000,0.954402630019383000,0.952382705071890000,0.948972977404048000,0.945000859148973000,0.942134704674395000,0.940854425355707000,0.940056754781485000,0.937855494073899000,0.935055641301605000,0.930190835407640000,0.921243091063124000,0.907231837870712000,0.887857731508421000,0.867041006921058000,0.832538559144744000,0.786381998243436000,0.728670974811802000,0.677362322130260000,0.633026451176274000,0.591559670109576000,0.548038181844522000,0.503459344125439000,0.463099967432083000,0.426477682276707000,0.392367750204604000,0.357344083423090000,0.320913766273153000,0.284097536388457000,0.250866601970821000,0.223088829126444000,0.200256665511259000,0.179932691848725000,0.159615472520662000,0.139717402320790000,0.119915033654970000,0.103874379981772000,0.091998860826374900,0.084393439625952000,0.052970335671128000,0.052970335671128000,0.052970335671128000,0.052970335671128000,0.052970335671128000,0.052970335671128000,0.052970335671128000,0.052970335671128000,0.052970335671128000,0.052970335671128000,0.052970335671128000,0.052970335671128000,0.052970335671128000,0.052970335671128000,0.052970335671128000,0.052970335671128000,0.052970335671128000,0.052970335671128000,0.052970335671128000
2040,1,0,0.015206030991139900,0.069434825690765000,0.161405970347765000,0.296066559398513000,0.448756160542373000,0.573483067955499000,0.665967204812929000,0.737382977635427000,0.807439846421486000,0.867071794989684000,0.909800249725011000,0.932945995127439000,0.942093774972378000,0.946143950006291000,0.947806815695331000,0.950930468024267000,0.952408148772290000,0.954671959747350000,0.956776558490370000,0.958937523587507000,0.959737646810976000,0.959529895535728000,0.960078036230465000,0.961569307354058000,0.963108905718776000,0.962091512074261000,0.960596460025600000,0.958968745154220000,0.959245681931021000,0.959877717897288000,0.959808456368433000,0.958790550422138000,0.956839871224626000,0.955542257508214000,0.954295049276585000,0.952273828551069000,0.948862904022785000,0.944890528656432000,0.942024938076576000,0.940746009501478000,0.939949655321735000,0.937749810907511000,0.934952476724333000,0.930091396081768000,0.921148727278677000,0.907142910016998000,0.887774621280227000,0.866963306537826000,0.832466732214560000,0.786316363776921000,0.728612355184283000,0.677310261660503000,0.632980048367377000,0.591518315540093000,0.548001616538493000,0.503427643338472000,0.463072830848985000,0.426455778280611000,0.392351834347966000,0.357335155106150000,0.320911925612602000,0.284102810851180000,0.250876307776743000,0.223100149552305000,0.200266819958245000,0.179941501799357000,0.159622937494207000,0.139723900348416000,0.119920965788849000,0.103879886349864000,0.092003644980112800,0.084397197646119100,0.052974762753376600,0.052974762753376600,0.052974762753376600,0.052974762753376600,0.052974762753376600,0.052974762753376600,0.052974762753376600,0.052974762753376600,0.052974762753376600,0.052974762753376600,0.052974762753376600,0.052974762753376600,0.052974762753376600,0.052974762753376600,0.052974762753376600,0.052974762753376600,0.052974762753376600,0.052974762753376600,0.052974762753376600
女性有配偶,,,,,,,,,,,,,,,,,,,,,,,,,,,,,,,,,,,,,,,,,,,,,,,,,,,,,,,,,,,,,,,,,,,,,,,,,,,,,,,,,,,,,,,,,,,,,
年度,性,合計,15.000000000000000000,16.000000000000000000,17.000000000000000000,18.000000000000000000,19.000000000000000000,20.000000000000000000,21.000000000000000000,22.000000000000000000,23.000000000000000000,24.000000000000000000,25.000000000000000000,26.000000000000000000,27.000000000000000000,28.000000000000000000,29.000000000000000000,30.000000000000000000,31.000000000000000000,32.000000000000000000,33.000000000000000000,34.000000000000000000,35.000000000000000000,36.000000000000000000,37.000000000000000000,38.000000000000000000,39.000000000000000000,40.000000000000000000,41.000000000000000000,42.000000000000000000,43.000000000000000000,44.000000000000000000,45.000000000000000000,46.000000000000000000,47.000000000000000000,48.000000000000000000,49.000000000000000000,50.000000000000000000,51.000000000000000000,52.000000000000000000,53.000000000000000000,54.000000000000000000,55.000000000000000000,56.000000000000000000,57.000000000000000000,58.000000000000000000,59.000000000000000000,60.000000000000000000,61.000000000000000000,62.000000000000000000,63.000000000000000000,64.000000000000000000,65.000000000000000000,66.000000000000000000,67.000000000000000000,68.000000000000000000,69.000000000000000000,70.000000000000000000,71.000000000000000000,72.000000000000000000,73.000000000000000000,74.000000000000000000,75.000000000000000000,76.000000000000000000,77.000000000000000000,78.000000000000000000,79.000000000000000000,80.000000000000000000,81.000000000000000000,82.000000000000000000,83.000000000000000000,84.000000000000000000,85.000000000000000000,86.000000000000000000,87.000000000000000000,88.000000000000000000,89.000000000000000000,90.000000000000000000,91.000000000000000000,92.000000000000000000,93.000000000000000000,94.000000000000000000,95.000000000000000000,96.000000000000000000,97.000000000000000000,98.000000000000000000,99.000000000000000000,100.000000000000000000,101.000000000000000000,102.000000000000000000,103.000000000000000000,104.000000000000000000,105.000000000000000000
2020,3,0,0.018630681084745700,0.081073941207403700,0.179346547437628000,0.345905178059384000,0.461694773519803000,0.545640317474694000,0.568405251703160000,0.635558038000975000,0.698154277497948000,0.714613888842969000,0.739745180065435000,0.738060095978587000,0.746175267722129000,0.730929016425301000,0.717848074624923000,0.705022706586024000,0.698998348046419000,0.689829508254089000,0.693466388096549000,0.694861176227109000,0.700083643756419000,0.697673074751912000,0.704555268223348000,0.711745847699804000,0.715133625938047000,0.728181629473392000,0.741013514814836000,0.760961207493770000,0.770917933592050000,0.782242957440422000,0.786523298854237000,0.789465616167261000,0.787227328259856000,0.781532366033828000,0.778404290450271000,0.777625678279385000,0.780054952694997000,0.774442443822810000,0.770957010558581000,0.768069868408576000,0.755164347901517000,0.737428944152518000,0.715846437300289000,0.700665253770931000,0.678512386135933000,0.654828586175844000,0.618620686290495000,0.583325960601586000,0.543232350259890000,0.504475483845048000,0.461724439274209000,0.419971579024441000,0.381612873328004000,0.352458877508459000,0.319956299940105000,0.291426135499412000,0.258454777421271000,0.229167246398966000,0.201468372700672000,0.176014876127433000,0.153921972242285000,0.135720373201950000,0.121702142745876000,0.107580902163679000,0.100316358793891000,0.084903005475267100,0.072733097581741000,0.060321258346774200,0.054582284073080000,0.049275532405018400,0.037778382952662100,0.025310585201482300,0.027805549403086800,0.027805549403086800,0.027805549403086800,0.027805549403086800,0.027805549403086800,0.027805549403086800,0.027805549403086800,0.027805549403086800,0.027805549403086800,0.027805549403086800,0.027805549403086800,0.027805549403086800,0.027805549403086800,0.027805549403086800,0.027805549403086800,0.027805549403086800,0.027805549403086800,0.027805549403086800,0.027805549403086800
2021,3,0,0.017298165503446300,0.063348015377823000,0.147003430132711000,0.300557504024959000,0.465939064424541000,0.574730802329148000,0.636420556251045000,0.667962569420303000,0.722236655965323000,0.750606531325214000,0.766253022419144000,0.778511072422733000,0.764180652225291000,0.761907268116472000,0.736882392229840000,0.728807461018121000,0.719562415501911000,0.716834800034813000,0.710374953172255000,0.715303150029689000,0.719646172531868000,0.719443598930779000,0.723110602716587000,0.727256095323218000,0.737693142673961000,0.743905316011945000,0.753619975124120000,0.768278810471895000,0.779150499689073000,0.784404426794988000,0.783610975070055000,0.780211045976698000,0.779193833299031000,0.783218594345146000,0.778111704042793000,0.776240809847505000,0.772725339587297000,0.775434021327702000,0.772317305208130000,0.761541832809965000,0.754449233564015000,0.738091419076811000,0.726469181263328000,0.702403643589098000,0.684493627375782000,0.656004648357249000,0.629475809407959000,0.594710217130807000,0.560821639154687000,0.520981866573928000,0.480239968384404000,0.433259659495305000,0.394447437218233000,0.359536334865299000,0.327584395363500000,0.295560218713152000,0.261920623578425000,0.238151130216785000,0.208461721964151000,0.189604055759177000,0.164562088169754000,0.150125750724053000,0.129335446261553000,0.121515841374763000,0.105615354785459000,0.095108486815941300,0.081779099408406700,0.068978858496331700,0.061239623479461400,0.047297758977543600,0.046324591843046000,0.045945570428355700,0.027651562049761700,0.027651562049761700,0.027651562049761700,0.027651562049761700,0.027651562049761700,0.027651562049761700,0.027651562049761700,0.027651562049761700,0.027651562049761700,0.027651562049761700,0.027651562049761700,0.027651562049761700,0.027651562049761700,0.027651562049761700,0.027651562049761700,0.027651562049761700,0.027651562049761700,0.027651562049761700,0.027651562049761700
2022,3,0,0.017347621045051900,0.055933963680215000,0.118447278670774000,0.227301443255017000,0.338767458550638000,0.493363143810623000,0.616319001580818000,0.741097892212859000,0.779104825850166000,0.785146685285522000,0.786802773849783000,0.790861626962008000,0.789395390507412000,0.770878088820992000,0.751582903815377000,0.741565660088380000,0.737745171446235000,0.735919123494502000,0.724876461527312000,0.724286681327197000,0.726912940290317000,0.736181770847103000,0.735560221517868000,0.742586829774644000,0.750862882440048000,0.765923731590505000,0.776209947037095000,0.786575186085820000,0.792889211694983000,0.796191876268019000,0.799506318022885000,0.798960148973449000,0.797056508136235000,0.791483367990661000,0.792671056413144000,0.787679783964512000,0.787692152891710000,0.777913360456725000,0.773257587115997000,0.760825736204949000,0.752130371857797000,0.743428779371277000,0.731486597104977000,0.720787704337883000,0.693909630564843000,0.665207417673557000,0.636987911402658000,0.615438505382200000,0.588879541738439000,0.537253075722533000,0.481742571494926000,0.428238809787035000,0.396883646402603000,0.364082377928542000,0.334310435643911000,0.301693442285478000,0.274828314674024000,0.248760142763484000,0.225168587876292000,0.199138907956028000,0.178389536385267000,0.154041675295611000,0.135796059995539000,0.115856902995961000,0.104451343109010000,0.093329727528799500,0.079391422677427300,0.066257713867187700,0.052121963119732200,0.043285410964129400,0.033174198979764200,0.026772306888302800,0.033182883375669300,0.033182883375669300,0.033182883375669300,0.033182883375669300,0.033182883375669300,0.033182883375669300,0.033182883375669300,0.033182883375669300,0.033182883375669300,0.033182883375669300,0.033182883375669300,0.033182883375669300,0.033182883375669300,0.033182883375669300,0.033182883375669300,0.033182883375669300,0.033182883375669300,0.033182883375669300,0.033182883375669300
2023,3,0,0.017348607296630700,0.063900100596166600,0.133878470863538000,0.228154384499083000,0.353129104611420000,0.482804656356814000,0.616918085503395000,0.712167728506382000,0.768445163631383000,0.783680671972563000,0.787599510130273000,0.789015507373909000,0.783706968874493000,0.770613618400627000,0.754670080096075000,0.743625757988660000,0.738404812619218000,0.732841782562971000,0.728355457370809000,0.725353059683888000,0.729121544423088000,0.732879438850533000,0.738104075992953000,0.742997644584833000,0.753118852757058000,0.764326658431239000,0.776230899158187000,0.785219495708714000,0.791880239054081000,0.796190712446483000,0.798214324280146000,0.798502402313638000,0.795827916165007000,0.793731546909342000,0.790606040148001000,0.789342475593868000,0.784423209597482000,0.779615901126885000,0.770660401681365000,0.762066183595431000,0.752123282456236000,0.742343613478215000,0.731896356791375000,0.715390221617178000,0.693297385018946000,0.665364011890582000,0.639206962328692000,0.613764813624798000,0.580520345252291000,0.535955311048225000,0.482408166865168000,0.435618507715769000,0.396398706809419000,0.365089644748089000,0.333359631417484000,0.303608444202103000,0.275091917300665000,0.249583872515097000,0.224354157712199000,0.200897308737757000,0.177188343363252000,0.156074213709385000,0.135229996323346000,0.118699949994520000,0.104544530634082000,0.092389509043727800,0.079658405062549600,0.065922449245594300,0.053887091349407100,0.042859206680553300,0.034409421459496000,0.026771235731800200,0.033182757259529300,0.033182757259529300,0.033182757259529300,0.033182757259529300,0.033182757259529300,0.033182757259529300,0.033182757259529300,0.033182757259529300,0.033182757259529300,0.033182757259529300,0.033182757259529300,0.033182757259529300,0.033182757259529300,0.033182757259529300,0.033182757259529300,0.033182757259529300,0.033182757259529300,0.033182757259529300,0.033182757259529300
2024,3,0,0.017343188109111100,0.063866990276703100,0.133813288659849000,0.228052477688670000,0.352983820908097000,0.482614527360977000,0.616681724954497000,0.711898616382316000,0.768156813777761000,0.783387244753455000,0.787304540535939000,0.788719777217206000,0.783412888577841000,0.770323929585118000,0.754385982953387000,0.743345722149766000,0.738127019034901000,0.732566078996951000,0.728081248399266000,0.725079622678792000,0.728846764362703000,0.732603319042956000,0.737826034537312000,0.742717661162879000,0.752835170675901000,0.764038938270226000,0.775938923371779000,0.784924304446356000,0.791582688856851000,0.795891666857781000,0.797914497647321000,0.798202336765688000,0.795528668621954000,0.793433068288036000,0.790308783423632000,0.789045859151220000,0.784128375368658000,0.779322932234654000,0.770370711991832000,0.761779778350035000,0.751840582943340000,0.742064568708960000,0.731621468274910000,0.715121674941104000,0.693037218276832000,0.665114049491853000,0.638966649402843000,0.613534370545445000,0.580302652918729000,0.535754349354923000,0.482226741555402000,0.435454507952749000,0.396249450729017000,0.364952344005243000,0.333234100238642000,0.303494064461002000,0.274988303326247000,0.249489916186455000,0.224269603726532000,0.200821434943837000,0.177121228514724000,0.156015047256956000,0.135178519398942000,0.118654640424232000,0.104504472099732000,0.092354076680712400,0.079627778821826400,0.065896860045609600,0.053865925006790000,0.042842065523415400,0.034395500166458100,0.026760280783385700,0.033170379946205900,0.033170379946205900,0.033170379946205900,0.033170379946205900,0.033170379946205900,0.033170379946205900,0.033170379946205900,0.033170379946205900,0.033170379946205900,0.033170379946205900,0.033170379946205900,0.033170379946205900,0.033170379946205900,0.033170379946205900,0.033170379946205900,0.033170379946205900,0.033170379946205900,0.033170379946205900,0.033170379946205900
2025,3,0,0.017342878798437200,0.063852701628409500,0.133787539993609000,0.228017772800926000,0.352942549466305000,0.482566605553372000,0.616627073657560000,0.711839268546130000,0.768094804285474000,0.783324645389514000,0.787241553066792000,0.788656446266344000,0.783349643904874000,0.770261219853465000,0.754324168846386000,0.743284716318626000,0.738066717653847000,0.732506229080967000,0.728021571667543000,0.725019833590095000,0.728786742198050000,0.732543063991163000,0.737765396717847000,0.742656522748630000,0.752773314732795000,0.763976345425169000,0.775875581207935000,0.784860394331687000,0.791518381679513000,0.795827133905601000,0.797849779693065000,0.798137464752423000,0.795463826868275000,0.793368377985252000,0.790244394419010000,0.788981738247941000,0.784064587744719000,0.779259593984696000,0.770308015165264000,0.761717834596268000,0.751779416308228000,0.742004176282215000,0.731562154923252000,0.715063841653310000,0.692981257623169000,0.665060065604039000,0.638914610610564000,0.613484707774135000,0.580255948948502000,0.535711249693181000,0.482187406345404000,0.435418816714376000,0.396216951243382000,0.364922577975852000,0.333206757915836000,0.303469110564021000,0.274965715842165000,0.249469473121824000,0.224251131764160000,0.200804734120246000,0.177106303324933000,0.156001851437286000,0.135166873587783000,0.118644293154336000,0.104495206484246000,0.092345857054271600,0.079620615455482700,0.065890687890663400,0.053860630778710700,0.042837548295486800,0.034391713973395300,0.026757211155071100,0.033167776388502400,0.033167776388502400,0.033167776388502400,0.033167776388502400,0.033167776388502400,0.033167776388502400,0.033167776388502400,0.033167776388502400,0.033167776388502400,0.033167776388502400,0.033167776388502400,0.033167776388502400,0.033167776388502400,0.033167776388502400,0.033167776388502400,0.033167776388502400,0.033167776388502400,0.033167776388502400,0.033167776388502400
2026,3,0,0.017360975121166300,0.063920307097723300,0.133928872013352000,0.228257956966588000,0.353313388527401000,0.483073002944792000,0.617273658526781000,0.712585417421991000,0.768899780602159000,0.784145553658558000,0.788066588875752000,0.789482998903238000,0.784170671105448000,0.771068573379911000,0.755114847764625000,0.744063830998379000,0.738840342456187000,0.733274025829262000,0.728784682123762000,0.725779824289918000,0.729550675845212000,0.733310929538916000,0.738538732975416000,0.743434993229297000,0.753562381235237000,0.764777141378643000,0.776688833063462000,0.785683051385291000,0.792348006351658000,0.796661265233854000,0.798686032253391000,0.798974028210470000,0.796297601690595000,0.794199957920880000,0.791072696690801000,0.789808705046787000,0.784886405810456000,0.780076371511391000,0.771115416588426000,0.762516228179518000,0.752567395241015000,0.742781910831916000,0.732328927599224000,0.715813311312464000,0.693707575650051000,0.665757139738208000,0.639584293734154000,0.614127713684951000,0.580864107136301000,0.536272719767083000,0.482692819071429000,0.435875220821448000,0.396632265685452000,0.365305077279240000,0.333556025825485000,0.303787211192365000,0.275253937062697000,0.249730965224444000,0.224486197218576000,0.201015234345687000,0.177291975338919000,0.156165401911532000,0.135308596619058000,0.118768701403530000,0.104604789474874000,0.092442701400149100,0.079704120245383900,0.065959810924596300,0.053917151909836400,0.042882524378979800,0.034427834223371600,0.026785322150515800,0.033202533371326000,0.033202533371326000,0.033202533371326000,0.033202533371326000,0.033202533371326000,0.033202533371326000,0.033202533371326000,0.033202533371326000,0.033202533371326000,0.033202533371326000,0.033202533371326000,0.033202533371326000,0.033202533371326000,0.033202533371326000,0.033202533371326000,0.033202533371326000,0.033202533371326000,0.033202533371326000,0.033202533371326000
2027,3,0,0.017357213886013300,0.063907437376444700,0.133901588317663000,0.228210765044861000,0.353239406313104000,0.482971211282157000,0.617143095269383000,0.712434420349428000,0.768736711000220000,0.783979221534899000,0.787899447721709000,0.789315591342959000,0.784004426366986000,0.770905150562697000,0.754954836125335000,0.743906168370819000,0.738683766313116000,0.733118629632236000,0.728630251736092000,0.725626057287708000,0.729396104278871000,0.733155555704457000,0.738382248036835000,0.743277478121987000,0.753402711748377000,0.764615081934318000,0.776524232672261000,0.785516532449379000,0.792180063838184000,0.796492398969991000,0.798516738038250000,0.798804682313491000,0.796128836793738000,0.794031639074797000,0.790905037404187000,0.789641301644444000,0.784720050860487000,0.779911031858428000,0.770951982691315000,0.762354612828665000,0.752407890835343000,0.742624481982156000,0.732173697181268000,0.715661571051786000,0.693560514902584000,0.665616024751491000,0.639448739395393000,0.613997531982274000,0.580740956619275000,0.536159021752623000,0.482590520910536000,0.435782857469129000,0.396548219600026000,0.365227657014991000,0.333485346274532000,0.303722843338694000,0.275195613227888000,0.249678045722487000,0.224438634269427000,0.200972656149013000,0.177254436554385000,0.156132339970214000,0.135279965988909000,0.118743579743885000,0.104582674944612000,0.092423160306450300,0.079687277484806400,0.065945890519199300,0.053905791331268500,0.042873511370604300,0.034420609844744200,0.026779710444195500,0.033195488314544700,0.033195488314544700,0.033195488314544700,0.033195488314544700,0.033195488314544700,0.033195488314544700,0.033195488314544700,0.033195488314544700,0.033195488314544700,0.033195488314544700,0.033195488314544700,0.033195488314544700,0.033195488314544700,0.033195488314544700,0.033195488314544700,0.033195488314544700,0.033195488314544700,0.033195488314544700,0.033195488314544700
2028,3,0,0.017352682912275900,0.063891733091108500,0.133868365674601000,0.228153451604098000,0.353149757802768000,0.482847999975762000,0.616985162116775000,0.712251827404144000,0.768539548632540000,0.783778120668120000,0.787697363955350000,0.789113178349460000,0.783803411723302000,0.770707538760447000,0.754761342869551000,0.743715514122484000,0.738494430168183000,0.732930720242310000,0.728443507204407000,0.725440109362269000,0.729209184593494000,0.732967667025039000,0.738193016455436000,0.743086999268975000,0.753209629474147000,0.764419112449823000,0.776325194088034000,0.785315176525493000,0.791976988820057000,0.796288208957673000,0.798312030296380000,0.798599910115230000,0.795924764260494000,0.793828105600553000,0.790702302153075000,0.789438878328943000,0.784518894248142000,0.779711103820962000,0.770754357732755000,0.762159187704281000,0.752215017783640000,0.742434118371433000,0.731985995493854000,0.715478091825222000,0.693382695354894000,0.665445390268385000,0.639284826050556000,0.613840120023686000,0.580592050756041000,0.536021545561898000,0.482466820269643000,0.435671167510911000,0.396446586931390000,0.365134039214310000,0.333399876925922000,0.303645005627806000,0.275125084695788000,0.249614053207995000,0.224381117651175000,0.200921164974432000,0.177209036669269000,0.156092353675637000,0.135245335785293000,0.118713191883732000,0.104555922235400000,0.092399520299914300,0.079666900637645700,0.065929045441532600,0.053892040044980400,0.042862596922472400,0.034411858906893300,0.026772911049409600,0.033186971070030400,0.033186971070030400,0.033186971070030400,0.033186971070030400,0.033186971070030400,0.033186971070030400,0.033186971070030400,0.033186971070030400,0.033186971070030400,0.033186971070030400,0.033186971070030400,0.033186971070030400,0.033186971070030400,0.033186971070030400,0.033186971070030400,0.033186971070030400,0.033186971070030400,0.033186971070030400,0.033186971070030400
2029,3,0,0.017345019911139800,0.063864496146023000,0.133810979592161000,0.228054956611460000,0.352996366644421000,0.482637636261507000,0.616715865605138000,0.711940676039399000,0.768203668249598000,0.783435551311204000,0.787353104276802000,0.788768333871609000,0.783460923959424000,0.770370817555240000,0.754431618409729000,0.743390622389999000,0.738171798936816000,0.732610519991571000,0.728125281724540000,0.725123222570433000,0.728890645743583000,0.732647480794866000,0.737870544172321000,0.742762396366040000,0.752880596064271000,0.764085168575293000,0.775986032128617000,0.784972074581798000,0.791630965361312000,0.795940292354738000,0.797963230671995000,0.798250994066809000,0.795577030719776000,0.793481289555692000,0.790356848527731000,0.789093964690224000,0.784176135344935000,0.779370441281091000,0.770417614921423000,0.761826196121231000,0.751886373151608000,0.742109748589630000,0.731666173488646000,0.715165471893805000,0.693079723230552000,0.665154645756937000,0.639005524537465000,0.613571912573034000,0.580338350547765000,0.535787319809864000,0.482256036434627000,0.435480840764528000,0.396273397343046000,0.364974516284066000,0.333254230319612000,0.303512361284101000,0.275004897256594000,0.249505006421679000,0.224283101193388000,0.200833408373895000,0.177131651287557000,0.156024193355672000,0.135186294345922000,0.118661376766421000,0.104510297591797000,0.092359202540340100,0.079632144221719400,0.065900300412439700,0.053868561429833600,0.042843945906407700,0.034396896725359700,0.026761279213236600,0.033172463725294400,0.033172463725294400,0.033172463725294400,0.033172463725294400,0.033172463725294400,0.033172463725294400,0.033172463725294400,0.033172463725294400,0.033172463725294400,0.033172463725294400,0.033172463725294400,0.033172463725294400,0.033172463725294400,0.033172463725294400,0.033172463725294400,0.033172463725294400,0.033172463725294400,0.033172463725294400,0.033172463725294400
2030,3,0,0.017340369229018400,0.063848349888416200,0.133776831306501000,0.227996066443583000,0.352904278738444000,0.482511090454396000,0.616553672224618000,0.711753165397454000,0.768001199723082000,0.783229039111406000,0.787145582090217000,0.788560472640712000,0.783254497693291000,0.770167884493699000,0.754232913956263000,0.743194833200156000,0.737977363924242000,0.732417550147732000,0.727933507702637000,0.724932265858532000,0.728698691255244000,0.732454531369060000,0.737676215770574000,0.742566786893388000,0.752682313289737000,0.763883921212119000,0.775781633481815000,0.784765296540272000,0.791422422243451000,0.795730604488246000,0.797753011101247000,0.798040708040450000,0.795367462811636000,0.793272275180865000,0.790148653961793000,0.788886090797930000,0.783969562118804000,0.779165129829808000,0.770214668381742000,0.761625508765010000,0.751688306523497000,0.741914258931600000,0.731473417912819000,0.714977052768355000,0.692897116346032000,0.664979416799764000,0.638837197324386000,0.613410262454306000,0.580185436105062000,0.535646142769414000,0.482129004651860000,0.435366142744478000,0.396169027434085000,0.364878377453900000,0.333166459031790000,0.303432427070033000,0.274932469137975000,0.249439290464881000,0.224224035343110000,0.200780529931085000,0.177085027837653000,0.155983129294936000,0.135150730298484000,0.118630169202411000,0.104482822919507000,0.092334924508416300,0.079611217261928500,0.065883000061975700,0.053854437969586400,0.042832735424840000,0.034387908105265100,0.026754294887222600,0.033163717355163000,0.033163717355163000,0.033163717355163000,0.033163717355163000,0.033163717355163000,0.033163717355163000,0.033163717355163000,0.033163717355163000,0.033163717355163000,0.033163717355163000,0.033163717355163000,0.033163717355163000,0.033163717355163000,0.033163717355163000,0.033163717355163000,0.033163717355163000,0.033163717355163000,0.033163717355163000,0.033163717355163000
2031,3,0,0.017362895485728100,0.063926412322690800,0.133941978088615000,0.228280976258470000,0.353349941975462000,0.483123610896880000,0.617338812223626000,0.712660901479304000,0.768981367634157000,0.784228787176638000,0.788150216206888000,0.789566743001158000,0.784253815835913000,0.771150285243821000,0.755194839489856000,0.744142644892507000,0.738918623124633000,0.733351716422883000,0.728861882843089000,0.725856680412067000,0.729627936857588000,0.733388594269248000,0.738616954771811000,0.743513726435239000,0.753642195502742000,0.764858156986146000,0.776771127101255000,0.785766310674144000,0.792431982776522000,0.796745708198311000,0.798770688618510000,0.799058705865291000,0.796381982155812000,0.794284114644811000,0.791156525210403000,0.789892411465509000,0.784969585468756000,0.780159045540640000,0.771197134552561000,0.762597038808245000,0.752647149244935000,0.742860626279642000,0.732406552097823000,0.715889195692353000,0.693781123008210000,0.665827703569751000,0.639652070665172000,0.614192815332077000,0.580925702321844000,0.536329587869110000,0.482743965835738000,0.435921394252451000,0.396674280466879000,0.365343785827825000,0.333591358300506000,0.303819386635470000,0.275283092141797000,0.249757420597907000,0.224509971336800000,0.201036511093312000,0.177310726808495000,0.156181915332486000,0.135322889093984000,0.118781237705033000,0.104615819682148000,0.092452446942666200,0.079712517355016700,0.065966742304945200,0.053922799738099000,0.042886994108494600,0.034431411230983900,0.026788096274382400,0.033206059811784100,0.033206059811784100,0.033206059811784100,0.033206059811784100,0.033206059811784100,0.033206059811784100,0.033206059811784100,0.033206059811784100,0.033206059811784100,0.033206059811784100,0.033206059811784100,0.033206059811784100,0.033206059811784100,0.033206059811784100,0.033206059811784100,0.033206059811784100,0.033206059811784100,0.033206059811784100,0.033206059811784100
2032,3,0,0.017355394395401900,0.063893916359475400,0.133875478481535000,0.228171087782854000,0.353184511665579000,0.482900606234380000,0.617056314384784000,0.712336149016432000,0.768631645978327000,0.783872276651992000,0.787791809849726000,0.789207522975336000,0.783896831703501000,0.770799045002983000,0.754850717534558000,0.743803522928029000,0.738581983273074000,0.733017611152469000,0.728529751174040000,0.725525785292036000,0.729295350731654000,0.733054321716389000,0.738280316313953000,0.743174819921529000,0.753298715340308000,0.764509633358253000,0.776417258887350000,0.785408406597542000,0.792071097414885000,0.796382905821723000,0.798406958006925000,0.798694797418760000,0.796019224342764000,0.793922305034502000,0.790796156307435000,0.789532678214098000,0.784612068499913000,0.779803740383759000,0.770845878715366000,0.762249720018934000,0.752304350639274000,0.742522277280254000,0.732073049470252000,0.715563267257220000,0.693465292428952000,0.665524496143720000,0.639360718355874000,0.613913172345875000,0.580661305491574000,0.536085495226503000,0.482524061013476000,0.435722755488298000,0.396493517882814000,0.365177362157844000,0.333439338686514000,0.303680915484095000,0.275157635617764000,0.249643615774488000,0.224407635734632000,0.200944816034277000,0.177229781301222000,0.156110597436939000,0.135261017879768000,0.118726883608568000,0.104567891748689000,0.092410080251814000,0.079675960989938300,0.065936400236785200,0.053897906171308600,0.042867082936764800,0.034415367750609600,0.026775569570676300,0.033190975153710000,0.033190975153710000,0.033190975153710000,0.033190975153710000,0.033190975153710000,0.033190975153710000,0.033190975153710000,0.033190975153710000,0.033190975153710000,0.033190975153710000,0.033190975153710000,0.033190975153710000,0.033190975153710000,0.033190975153710000,0.033190975153710000,0.033190975153710000,0.033190975153710000,0.033190975153710000,0.033190975153710000
2033,3,0,0.017348651792610800,0.063864216773396400,0.133814836757161000,0.228071180377342000,0.353034527160616000,0.482698717633715000,0.616800796890338000,0.712042541819772000,0.768315530409545000,0.783550038445373000,0.787467847272558000,0.788882808766343000,0.783574121342070000,0.770481506048926000,0.754539599687078000,0.743496922087954000,0.738277636162691000,0.732715555335616000,0.728229472796553000,0.725226612231109000,0.728994651457852000,0.732752100345677000,0.737975957519254000,0.742868407102013000,0.752988171481899000,0.764194536150664000,0.776097337658425000,0.785084842571426000,0.791744843368505000,0.796054923244362000,0.798078135696103000,0.798365809896347000,0.795691270527261000,0.793595207745126000,0.790470363028992000,0.789207465295603000,0.784288856743760000,0.779482530190271000,0.770528326207927000,0.761935728697201000,0.751994444674092000,0.742216393230817000,0.731771554856331000,0.715268624944431000,0.693179781769486000,0.665250387084508000,0.639097320521947000,0.613660371110923000,0.580422296479725000,0.535864841441755000,0.482325253387337000,0.435543167698281000,0.396330091071184000,0.365026904982313000,0.333301897948124000,0.303555722104483000,0.275044209741462000,0.249540726040395000,0.224315111865748000,0.200861906896513000,0.177156584880583000,0.156046105240566000,0.135205060812695000,0.118677720759130000,0.104524536016475000,0.092371754174556300,0.079642888464267900,0.065908941317854400,0.053875369430841000,0.042849046332055700,0.034400829293416700,0.026764213829742400,0.033177341656402600,0.033177341656402600,0.033177341656402600,0.033177341656402600,0.033177341656402600,0.033177341656402600,0.033177341656402600,0.033177341656402600,0.033177341656402600,0.033177341656402600,0.033177341656402600,0.033177341656402600,0.033177341656402600,0.033177341656402600,0.033177341656402600,0.033177341656402600,0.033177341656402600,0.033177341656402600,0.033177341656402600
2034,3,0,0.017339216157153200,0.063824608087294700,0.133733430993084000,0.227935879966154000,0.352829752986561000,0.482421912988183000,0.616449548081402000,0.711638419925505000,0.767880165476899000,0.783106186208958000,0.787021662691825000,0.788435653097217000,0.783129793643859000,0.770044382048553000,0.754111371246776000,0.743074924600860000,0.737858702385517000,0.732299776133457000,0.727816167377117000,0.724814878320093000,0.728580806478483000,0.732336150057859000,0.737557059007553000,0.742446695252350000,0.752560757886010000,0.763760829825208000,0.775656959823298000,0.784639426947587000,0.791295703986625000,0.795603386327226000,0.797625445031851000,0.797912909414598000,0.795239818926762000,0.793144938003711000,0.790021882284956000,0.788759760867779000,0.783843916910835000,0.779040337881972000,0.770091181381945000,0.761503478679941000,0.751567822993118000,0.741795311106715000,0.731356483213242000,0.714862966945007000,0.692786683766678000,0.664873025654547000,0.638734729550300000,0.613312324655764000,0.580093200981909000,0.535561016861055000,0.482051584952517000,0.435295980119199000,0.396105150661392000,0.364819792655749000,0.333112726094327000,0.303383414470959000,0.274888094815828000,0.249399105583066000,0.224187772524073000,0.200747822463231000,0.177055892477852000,0.155957393577926000,0.135128119030740000,0.118610138389520000,0.104464957478482000,0.092319091483201900,0.079597454941731100,0.065871253066661600,0.053844471101821200,0.042824359555689800,0.034380951881843400,0.026748704366724200,0.033158558726482900,0.033158558726482900,0.033158558726482900,0.033158558726482900,0.033158558726482900,0.033158558726482900,0.033158558726482900,0.033158558726482900,0.033158558726482900,0.033158558726482900,0.033158558726482900,0.033158558726482900,0.033158558726482900,0.033158558726482900,0.033158558726482900,0.033158558726482900,0.033158558726482900,0.033158558726482900,0.033158558726482900
2035,3,0,0.017335212649459100,0.063804998513333500,0.133693928680984000,0.227871997321886000,0.352735525207828000,0.482296255272310000,0.616291436307200000,0.711457257205874000,0.767685379945032000,0.782907683623453000,0.786822054580821000,0.788235517036925000,0.782930823350792000,0.769848515917314000,0.753919408917403000,0.742885735489819000,0.737670942642367000,0.732113429333110000,0.727630889682909000,0.724630231921305000,0.728395228870445000,0.732149643684480000,0.737369240129169000,0.742257595007053000,0.752369124638561000,0.763566412823405000,0.775459598352044000,0.784439841881738000,0.791094480557541000,0.795401114939342000,0.797422653420201000,0.797709998085275000,0.795037519042234000,0.792943163649680000,0.789820918450407000,0.788559177875573000,0.783644558380785000,0.778842221880696000,0.769895309083063000,0.761309810614046000,0.751376670393432000,0.741606636304441000,0.731170548301353000,0.714681278155199000,0.692610638367173000,0.664703971455723000,0.638572256633082000,0.613156431230016000,0.579945850761548000,0.535424985459497000,0.481928945155537000,0.435185172513822000,0.396004311587517000,0.364726979788857000,0.333027919799421000,0.303306158097806000,0.274818103444032000,0.249335622861480000,0.224130672133970000,0.200696633194468000,0.177010672510889000,0.155917544107073000,0.135093513590571000,0.118579717228096000,0.104438108429056000,0.092295352917487700,0.079576959801251600,0.065854202761704500,0.053830442710776400,0.042813090108117500,0.034371846434253400,0.026741575627724100,0.033150164469758200,0.033150164469758200,0.033150164469758200,0.033150164469758200,0.033150164469758200,0.033150164469758200,0.033150164469758200,0.033150164469758200,0.033150164469758200,0.033150164469758200,0.033150164469758200,0.033150164469758200,0.033150164469758200,0.033150164469758200,0.033150164469758200,0.033150164469758200,0.033150164469758200,0.033150164469758200,0.033150164469758200
2036,3,0,0.017351339359907800,0.063859061593499200,0.133808933168671000,0.228071757598537000,0.353049806064327000,0.482729426451386000,0.616847623117742000,0.712100810351985000,0.768380549345440000,0.783616795252391000,0.787534588823650000,0.788949147332784000,0.783639454318927000,0.770545066578099000,0.754601385359982000,0.743557691868867000,0.738338292182639000,0.732775749399275000,0.728289076501020000,0.725285560258559000,0.729053992722579000,0.732811833207079000,0.738036169092599000,0.742928905993829000,0.753049627428483000,0.764257117482756000,0.776161152264574000,0.785149587464831000,0.791810306620267000,0.796120889452882000,0.798144250591193000,0.798431804617010000,0.795756833152659000,0.793660574860620000,0.790535522231407000,0.789272705028553000,0.784353610682613000,0.779546951574282000,0.770591908313533000,0.761998663387771000,0.752056523017785000,0.742277640514816000,0.731832202072468000,0.715328067890303000,0.693237489390211000,0.665305454590745000,0.639150023093660000,0.613711324626366000,0.580470797368107000,0.535909641101599000,0.482364960351038000,0.435578828804672000,0.396362517534973000,0.365056960825882000,0.333329156486334000,0.303580489888072000,0.275066678038388000,0.249561168720648000,0.224333379856573000,0.200878082651849000,0.177170629343705000,0.156058420391614000,0.135215489806922000,0.118686733269955000,0.104532301251973000,0.092378582027245800,0.079648689690087200,0.065913465908742700,0.053878786494702500,0.042851417601071300,0.034402554155021200,0.026765418013236000,0.033180201678499600,0.033180201678499600,0.033180201678499600,0.033180201678499600,0.033180201678499600,0.033180201678499600,0.033180201678499600,0.033180201678499600,0.033180201678499600,0.033180201678499600,0.033180201678499600,0.033180201678499600,0.033180201678499600,0.033180201678499600,0.033180201678499600,0.033180201678499600,0.033180201678499600,0.033180201678499600,0.033180201678499600
2037,3,0,0.017347614740474000,0.063840060979502700,0.133770842761758000,0.228010576674629000,0.352960159594850000,0.482610305202080000,0.616698074308701000,0.711929649726864000,0.768196615925247000,0.783429372411686000,0.787346106168969000,0.788760142205815000,0.783451524534677000,0.770360037585147000,0.754420023179101000,0.743378944674079000,0.738160909737437000,0.732599701577472000,0.728114028572663000,0.725111090065963000,0.728878646606680000,0.732635613441539000,0.737858711623703000,0.742750232744827000,0.752868566908538000,0.764073436407312000,0.775974701114104000,0.784961044374866000,0.791620223531905000,0.795929823119931000,0.797952691986149000,0.798240126346319000,0.795565722839014000,0.793469959968317000,0.790345675290535000,0.789083226293703000,0.784165285006217000,0.779359802598440000,0.770406874303149000,0.761815714456938000,0.751875948718915000,0.742099405803155000,0.731656567600471000,0.715156451781228000,0.693071208394345000,0.665145762628676000,0.638996538801676000,0.613564071741325000,0.580331628211985000,0.535781163338158000,0.482249102373768000,0.435474139830829000,0.396267245550814000,0.364969280633083000,0.333249031639662000,0.303507495547995000,0.275000549132343000,0.249501191920635000,0.224279427978339000,0.200829707645197000,0.177127885336187000,0.156020750290931000,0.135182765967080000,0.118657959772103000,0.104506898583227000,0.092356120716797900,0.079629293418623400,0.065897317311827900,0.053865487367574300,0.042840718547782900,0.034393901676427500,0.026758637864846200,0.033172277490654400,0.033172277490654400,0.033172277490654400,0.033172277490654400,0.033172277490654400,0.033172277490654400,0.033172277490654400,0.033172277490654400,0.033172277490654400,0.033172277490654400,0.033172277490654400,0.033172277490654400,0.033172277490654400,0.033172277490654400,0.033172277490654400,0.033172277490654400,0.033172277490654400,0.033172277490654400,0.033172277490654400
2038,3,0,0.017342112754046600,0.063814522384042100,0.133719051713149000,0.227926041203149000,0.352834357616075000,0.482441745880959000,0.616485350204233000,0.711685557380799000,0.767933986264513000,0.783161692759721000,0.787076965526591000,0.788490334331076000,0.783183335936589000,0.770096091031727000,0.754161376457698000,0.743124044033399000,0.737907908335298000,0.732348604503038000,0.727864390956164000,0.724862337889887000,0.728628632534209000,0.732384340831313000,0.737605666234272000,0.742495470497695000,0.752610380820776000,0.763811481872311000,0.775708757262482000,0.784692087965502000,0.791349044909989000,0.795657219739963000,0.797679389109876000,0.797966674385844000,0.795293112847561000,0.793198060097492000,0.790074863421151000,0.788812911924139000,0.783896627515976000,0.779092814082124000,0.770142917930917000,0.761554723252124000,0.751618350406681000,0.741845148615592000,0.731405980393443000,0.714911573219820000,0.692833927396071000,0.664917931477824000,0.638777594149961000,0.613353963795130000,0.580133008353120000,0.535597798734980000,0.482083841638062000,0.435324839874664000,0.396131379034131000,0.364844212107985000,0.333134767994041000,0.303403409211334000,0.274906248540975000,0.249415655636977000,0.224202500412984000,0.200760759227407000,0.177066996022872000,0.155967097148545000,0.135136193810676000,0.118617030809053000,0.104470790133406000,0.092324198368394300,0.079601739872037500,0.065874418203778900,0.053846670320787100,0.042825631004509800,0.034381726010911600,0.026749116684126900,0.033160955030801600,0.033160955030801600,0.033160955030801600,0.033160955030801600,0.033160955030801600,0.033160955030801600,0.033160955030801600,0.033160955030801600,0.033160955030801600,0.033160955030801600,0.033160955030801600,0.033160955030801600,0.033160955030801600,0.033160955030801600,0.033160955030801600,0.033160955030801600,0.033160955030801600,0.033160955030801600,0.033160955030801600
2039,3,0,0.017336748547727600,0.063789494099244200,0.133668328906827000,0.227843324221357000,0.352711367528060000,0.482277029184991000,0.616277534704285000,0.711447130718208000,0.767677469604722000,0.782900247227282000,0.786814090246975000,0.788226803185138000,0.782921381944469000,0.769838275052011000,0.753908733558365000,0.742875059372017000,0.737660781318092000,0.732103337557770000,0.727620547819479000,0.724619356384796000,0.728384419097250000,0.732138898737023000,0.737358492916130000,0.742246619274179000,0.752358186252381000,0.763555607982030000,0.775448988711915000,0.784429378329996000,0.791084166019348000,0.795390950355271000,0.797412436330961000,0.797699574841451000,0.795026834035117000,0.792932474732377000,0.789810341183375000,0.788548877099354000,0.783634210450638000,0.778832027734471000,0.769885092501263000,0.761299794607536000,0.751366735561275000,0.741596797097825000,0.731161215694549000,0.714672385823403000,0.692602161788130000,0.664695393557957000,0.638563734677188000,0.613148738558708000,0.579939006675211000,0.535418697782895000,0.481922418688980000,0.435179005507612000,0.395998666095579000,0.364722048043786000,0.333023156416770000,0.303301738266023000,0.274814136469450000,0.249332104930642000,0.224127357728950000,0.200693409110844000,0.177007516428415000,0.155914685750455000,0.135090697604878000,0.118577046302705000,0.104435513542591000,0.092293011168167700,0.079574820187637500,0.065852043709234800,0.053828282162421500,0.042810884643477200,0.034369824296345200,0.026739808668670500,0.033149896531250700,0.033149896531250700,0.033149896531250700,0.033149896531250700,0.033149896531250700,0.033149896531250700,0.033149896531250700,0.033149896531250700,0.033149896531250700,0.033149896531250700,0.033149896531250700,0.033149896531250700,0.033149896531250700,0.033149896531250700,0.033149896531250700,0.033149896531250700,0.033149896531250700,0.033149896531250700,0.033149896531250700
2040,3,0,0.017335445865651800,0.063779411975761000,0.133648924520299000,0.227813989373053000,0.352671013357571000,0.482225302713601000,0.616214102698136000,0.711375383620767000,0.767600806000691000,0.782822221113587000,0.786735551376175000,0.788147939491973000,0.782842852515334000,0.769760818587926000,0.753832718226492000,0.742800117297228000,0.737586475231368000,0.732029589532453000,0.727547173394037000,0.724546140519931000,0.728310853377099000,0.732064983956796000,0.737284069764352000,0.742171663434447000,0.752282256012862000,0.763478621751672000,0.775370894196408000,0.784350446650749000,0.791004624161386000,0.795311026986862000,0.797332303169264000,0.797619362205214000,0.794946815983434000,0.792852659459671000,0.789730857570501000,0.788469585335737000,0.783555385037665000,0.778753707963915000,0.769807637553349000,0.761223225052668000,0.751291152670133000,0.741522188613538000,0.731087749121300000,0.714600633489678000,0.692532660567314000,0.664628582007574000,0.638499479415645000,0.613087163201423000,0.579880874383494000,0.535365035898123000,0.481873901664925000,0.435135125934402000,0.395958728689079000,0.364685331923627000,0.332989566317259000,0.303271125599942000,0.274786408527923000,0.249306968353643000,0.224104724159665000,0.200673077969903000,0.176989506646878000,0.155898802485824000,0.135076850862344000,0.118564842409858000,0.104424704464609000,0.092283446698047000,0.079566543582580100,0.065845097309213300,0.053822505159061000,0.042806168274143400,0.034365974975242700,0.026736765453955800,0.033146604450527500,0.033146604450527500,0.033146604450527500,0.033146604450527500,0.033146604450527500,0.033146604450527500,0.033146604450527500,0.033146604450527500,0.033146604450527500,0.033146604450527500,0.033146604450527500,0.033146604450527500,0.033146604450527500,0.033146604450527500,0.033146604450527500,0.033146604450527500,0.033146604450527500,0.033146604450527500,0.033146604450527500
女性無配偶,,,,,,,,,,,,,,,,,,,,,,,,,,,,,,,,,,,,,,,,,,,,,,,,,,,,,,,,,,,,,,,,,,,,,,,,,,,,,,,,,,,,,,,,,,,,,
年度,性,合計,15.000000000000000000,16.000000000000000000,17.000000000000000000,18.000000000000000000,19.000000000000000000,20.000000000000000000,21.000000000000000000,22.000000000000000000,23.000000000000000000,24.000000000000000000,25.000000000000000000,26.000000000000000000,27.000000000000000000,28.000000000000000000,29.000000000000000000,30.000000000000000000,31.000000000000000000,32.000000000000000000,33.000000000000000000,34.000000000000000000,35.000000000000000000,36.000000000000000000,37.000000000000000000,38.000000000000000000,39.000000000000000000,40.000000000000000000,41.000000000000000000,42.000000000000000000,43.000000000000000000,44.000000000000000000,45.000000000000000000,46.000000000000000000,47.000000000000000000,48.000000000000000000,49.000000000000000000,50.000000000000000000,51.000000000000000000,52.000000000000000000,53.000000000000000000,54.000000000000000000,55.000000000000000000,56.000000000000000000,57.000000000000000000,58.000000000000000000,59.000000000000000000,60.000000000000000000,61.000000000000000000,62.000000000000000000,63.000000000000000000,64.000000000000000000,65.000000000000000000,66.000000000000000000,67.000000000000000000,68.000000000000000000,69.000000000000000000,70.000000000000000000,71.000000000000000000,72.000000000000000000,73.000000000000000000,74.000000000000000000,75.000000000000000000,76.000000000000000000,77.000000000000000000,78.000000000000000000,79.000000000000000000,80.000000000000000000,81.000000000000000000,82.000000000000000000,83.000000000000000000,84.000000000000000000,85.000000000000000000,86.000000000000000000,87.000000000000000000,88.000000000000000000,89.000000000000000000,90.000000000000000000,91.000000000000000000,92.000000000000000000,93.000000000000000000,94.000000000000000000,95.000000000000000000,96.000000000000000000,97.000000000000000000,98.000000000000000000,99.000000000000000000,100.000000000000000000,101.000000000000000000,102.000000000000000000,103.000000000000000000,104.000000000000000000,105.000000000000000000
2020,4,0,0.016047027243439300,0.069830820321079300,0.154475240043952000,0.297935957935026000,0.463366006737091000,0.598576543573433000,0.677073974406964000,0.767270758574043000,0.844197845753084000,0.904080080168398000,0.921681656909617000,0.926665251750773000,0.926815481010628000,0.924807752273778000,0.917540600928389000,0.907271823723739000,0.904530598084864000,0.902484015542563000,0.899426426235326000,0.889541601732413000,0.890131272489798000,0.889058053959076000,0.882287903402991000,0.874423274229425000,0.875908411665037000,0.884174305041433000,0.883839720432917000,0.879998270291994000,0.883105935476235000,0.887164330156798000,0.880304256532067000,0.868242170064791000,0.864704898485876000,0.873811559405084000,0.864246738759377000,0.863588076533960000,0.852902597485593000,0.860462193686307000,0.854547186521260000,0.844208490070978000,0.833626813042809000,0.827985047884967000,0.817890183916714000,0.796649980424659000,0.770102984135580000,0.751154237385729000,0.728679978203685000,0.693802174965752000,0.666412718274811000,0.622356013573974000,0.573680374561357000,0.500189189033252000,0.452713414761423000,0.413754468269695000,0.384062494804807000,0.337923137520337000,0.303007790203443000,0.269309779076037000,0.241532423148090000,0.210166746035444000,0.182668119384281000,0.162609691153061000,0.136712974608109000,0.114980477311986000,0.092744466171311300,0.075531488392723700,0.062233418416814300,0.053373769133128400,0.045129400808166000,0.036401994369842400,0.030959026788620900,0.029901217665957800,0.013299050402399600,0.013299050402399600,0.013299050402399600,0.013299050402399600,0.013299050402399600,0.013299050402399600,0.013299050402399600,0.013299050402399600,0.013299050402399600,0.013299050402399600,0.013299050402399600,0.013299050402399600,0.013299050402399600,0.013299050402399600,0.013299050402399600,0.013299050402399600,0.013299050402399600,0.013299050402399600,0.013299050402399600
2021,4,0,0.017532485987416200,0.064206125887802000,0.148994734637635000,0.304628847878727000,0.469777839753494000,0.603798903959140000,0.686154024111817000,0.777879618242865000,0.857996610258453000,0.903847931570394000,0.920426627878348000,0.925024770818608000,0.931748251966575000,0.924544851451375000,0.921826408899236000,0.905914590431604000,0.906655033935043000,0.906901609293080000,0.909339622856356000,0.898117002827513000,0.882361848652405000,0.880424535633563000,0.881904543637863000,0.878088837354147000,0.875897197131918000,0.878858733789796000,0.885249197052948000,0.883771374029327000,0.876777364766906000,0.884139172967726000,0.887621228620145000,0.889835723948812000,0.875590013286821000,0.874969474278182000,0.876324689428112000,0.878585612574643000,0.870021201271851000,0.864839589326368000,0.863901438063510000,0.855412347417248000,0.846061867952142000,0.832732069900665000,0.826533239203133000,0.809215973561923000,0.794579136780137000,0.761006692781600000,0.741673389329497000,0.708935083089015000,0.668206658839496000,0.614982232210511000,0.561720248078602000,0.514218412849747000,0.463696461784239000,0.425228516465899000,0.393306646418831000,0.355499510257704000,0.312902793186275000,0.284109712520267000,0.261337074966593000,0.231637628486975000,0.190976010637751000,0.153470091707638000,0.129889591286057000,0.108467619891009000,0.099423572583122300,0.081379788153012800,0.072060816924923900,0.056249063158204800,0.046413780625200500,0.037766295784383700,0.031486240717586100,0.029024474035869900,0.013255357664917300,0.013255357664917300,0.013255357664917300,0.013255357664917300,0.013255357664917300,0.013255357664917300,0.013255357664917300,0.013255357664917300,0.013255357664917300,0.013255357664917300,0.013255357664917300,0.013255357664917300,0.013255357664917300,0.013255357664917300,0.013255357664917300,0.013255357664917300,0.013255357664917300,0.013255357664917300,0.013255357664917300
2022,4,0,0.023802254542145900,0.076745649308921500,0.162518668664970000,0.311874855699377000,0.475614045147974000,0.601684082853480000,0.671711755341452000,0.764595855496901000,0.844757066299014000,0.902525933580024000,0.917258459961688000,0.924746876078123000,0.926673574204674000,0.925304989824495000,0.921111469153117000,0.919360083563529000,0.908150161873633000,0.910825941397393000,0.900662216891167000,0.900838387295676000,0.891619827618270000,0.885968240972252000,0.887047629746567000,0.881560223951236000,0.880247988445268000,0.879025289680061000,0.883228860571410000,0.884018839137939000,0.882619852759737000,0.877075805893147000,0.883848180275490000,0.876754508216253000,0.879552489923648000,0.867490876563128000,0.871730676663223000,0.869979232444659000,0.872088648580608000,0.866262302568367000,0.865652209654966000,0.865288215748868000,0.860933172871547000,0.839508512983322000,0.825750913304813000,0.809089018550779000,0.794950795620030000,0.765841989231897000,0.733610896485605000,0.710278598783967000,0.688685141437413000,0.632812110746418000,0.572776233103438000,0.511674269693142000,0.479489554856050000,0.440607387341126000,0.399813727916828000,0.356700083934342000,0.324643836879312000,0.287936606896700000,0.262793191365609000,0.228818290388475000,0.195639395871829000,0.165197589798377000,0.138459314963950000,0.124998772024429000,0.101884502792992000,0.090936992224831000,0.066938567265004800,0.059879594952910200,0.044024522878348800,0.041031675235812700,0.032362110539416900,0.025468486679063800,0.014854879516992000,0.014854879516992000,0.014854879516992000,0.014854879516992000,0.014854879516992000,0.014854879516992000,0.014854879516992000,0.014854879516992000,0.014854879516992000,0.014854879516992000,0.014854879516992000,0.014854879516992000,0.014854879516992000,0.014854879516992000,0.014854879516992000,0.014854879516992000,0.014854879516992000,0.014854879516992000,0.014854879516992000
2023,4,0,0.023803607754269900,0.087686116351609600,0.183708460458265000,0.316665246781064000,0.463055547204138000,0.583001506109778000,0.679327759160224000,0.760351626839869000,0.837290420740860000,0.888178635956506000,0.914841209072556000,0.922888667552488000,0.925569606336375000,0.924357167162245000,0.921919452733054000,0.916201106033179000,0.912772656243445000,0.906539947452183000,0.904102831858299000,0.897700724514841000,0.892802748633208000,0.888205862658180000,0.884852650749161000,0.882945856851273000,0.880271542211044000,0.880827736784372000,0.882084709220411000,0.883282996591556000,0.881231974132220000,0.881175277795964000,0.879220244980766000,0.880046046444640000,0.874593407397371000,0.872918719502514000,0.869727382405387000,0.871259990358799000,0.869437025513692000,0.867994761928991000,0.865728210653168000,0.863952350833841000,0.855237907571134000,0.842058675232008000,0.824777219017282000,0.809925006512647000,0.789955727495284000,0.764796420765769000,0.736572248211295000,0.710853837486735000,0.677254835809200000,0.631421114985158000,0.572417143423827000,0.521309726058614000,0.477253728130113000,0.439967331569885000,0.399037533364964000,0.360383171336357000,0.323091029895904000,0.291789170495225000,0.259847588767139000,0.229082051065567000,0.196550282774703000,0.166430860337608000,0.142884285558098000,0.121780052042501000,0.105939395983455000,0.086585912883481300,0.072584499683295900,0.056946968914433200,0.048311524591683500,0.039139014887678800,0.032953824414625000,0.025468301279642100,0.014854597287559300,0.014854597287559300,0.014854597287559300,0.014854597287559300,0.014854597287559300,0.014854597287559300,0.014854597287559300,0.014854597287559300,0.014854597287559300,0.014854597287559300,0.014854597287559300,0.014854597287559300,0.014854597287559300,0.014854597287559300,0.014854597287559300,0.014854597287559300,0.014854597287559300,0.014854597287559300,0.014854597287559300
2024,4,0,0.023796172217119400,0.087651001773450800,0.183636038176144000,0.316544390439884000,0.462882471437863000,0.582784471342028000,0.679074143482681000,0.760067636752906000,0.836978758791249000,0.887848866059658000,0.914500898596565000,0.922543631303994000,0.925222342751986000,0.924009714513026000,0.921573015854357000,0.915856709696685000,0.912429585153653000,0.906199090962650000,0.903763017725589000,0.897363204670805000,0.892467053232036000,0.887871897648365000,0.884519913076946000,0.882613780131739000,0.879940251627710000,0.880496223222507000,0.881752753777909000,0.882950698388192000,0.880900428943788000,0.880843943442771000,0.878889714446514000,0.879715451079635000,0.874264620748011000,0.872590473798361000,0.869400063751251000,0.870932123135131000,0.869109657901358000,0.867668004132561000,0.865402549279822000,0.863627861730490000,0.854916758144313000,0.841742260148667000,0.824467112905643000,0.809620743765248000,0.789659199746921000,0.764509249226313000,0.736295390253423000,0.710587013289223000,0.677001009937669000,0.631184612105025000,0.572202077528635000,0.521113630500337000,0.477074182172332000,0.439802002507740000,0.398887341205182000,0.360247405300538000,0.322969264466964000,0.291679399869673000,0.259749878157116000,0.228995898491958000,0.196476239955270000,0.166368173727451000,0.142830592213314000,0.121734279266199000,0.105899589808695000,0.086553170612665600,0.072557149489406300,0.056925351193922500,0.048293281423693400,0.039124143357536600,0.032941391372895800,0.025458712911468800,0.014848830743347700,0.014848830743347700,0.014848830743347700,0.014848830743347700,0.014848830743347700,0.014848830743347700,0.014848830743347700,0.014848830743347700,0.014848830743347700,0.014848830743347700,0.014848830743347700,0.014848830743347700,0.014848830743347700,0.014848830743347700,0.014848830743347700,0.014848830743347700,0.014848830743347700,0.014848830743347700,0.014848830743347700
2025,4,0,0.023795747819366400,0.087641714630759200,0.183617726111500000,0.316516805792580000,0.462845785548426000,0.582739155690214000,0.679020619187430000,0.760007603083197000,0.836913715021090000,0.887780703089026000,0.914430048347720000,0.922470425668342000,0.925147699476515000,0.923934525079882000,0.921498124175720000,0.915782174263392000,0.912355365138822000,0.906125249749997000,0.903689501029170000,0.897290096569198000,0.892394326907877000,0.887799547733482000,0.884447802834721000,0.882541769210805000,0.879868239149317000,0.880424151589465000,0.881680610495957000,0.882878565289061000,0.880828444745293000,0.880772153373230000,0.878818152351625000,0.879644067379526000,0.874193439733806000,0.872519340464414000,0.869328917490061000,0.870860879722841000,0.869038377164931000,0.867596908400538000,0.865331882364657000,0.863557843999695000,0.854847513306833000,0.841673867807832000,0.824399939405926000,0.809555039000702000,0.789595348155784000,0.764447343342295000,0.736235484720433000,0.710529566317792000,0.676946664918023000,0.631134090057731000,0.572155613267882000,0.521071083237388000,0.477035208110965000,0.439766262876305000,0.398854682886874000,0.360217787726297000,0.322942663349574000,0.291655573794350000,0.259728703916323000,0.228977220504615000,0.196460089711742000,0.166354508217695000,0.142818984477867000,0.121724375988955000,0.105890987373347000,0.086545931649882600,0.072551178576408100,0.056920506829478600,0.048289268094861800,0.039120799967936200,0.032938664661206600,0.025456626061498400,0.014847439527857000,0.014847439527857000,0.014847439527857000,0.014847439527857000,0.014847439527857000,0.014847439527857000,0.014847439527857000,0.014847439527857000,0.014847439527857000,0.014847439527857000,0.014847439527857000,0.014847439527857000,0.014847439527857000,0.014847439527857000,0.014847439527857000,0.014847439527857000,0.014847439527857000,0.014847439527857000,0.014847439527857000
2026,4,0,0.023820577349522400,0.087733646970934200,0.183810298427051000,0.316848556500483000,0.463330739260467000,0.583349728328300000,0.679732173049375000,0.760804061480328000,0.837790702036287000,0.888710930599082000,0.915388246598686000,0.923437177244379000,0.926117347438338000,0.924902949121543000,0.922463987087732000,0.916742054020038000,0.913311650330310000,0.907075014381744000,0.904636703408792000,0.898230599942422000,0.893329700233402000,0.888730105078024000,0.885374849629979000,0.883466822370576000,0.880790506229101000,0.881347002331646000,0.882604775881538000,0.883803978333599000,0.881751710325408000,0.881695345999321000,0.879739291869954000,0.880566054476801000,0.875109731546879000,0.873433883946749000,0.870240136800404000,0.871773702405678000,0.869949303024120000,0.868506318130828000,0.866238899737483000,0.864462964440519000,0.855743499183081000,0.842556061900475000,0.825264041736760000,0.810403562561768000,0.790422934387083000,0.765248578528775000,0.737007171902237000,0.711274282840166000,0.677656154127341000,0.631795553511639000,0.572755313085081000,0.521617256309216000,0.477535225546322000,0.440227201819821000,0.399272758685460000,0.360595373886178000,0.323281180802295000,0.291961280697127000,0.260000942672464000,0.229217227542311000,0.196666022676836000,0.166528883426821000,0.142968680247519000,0.121851962106681000,0.106001976456615000,0.086636659470739500,0.072627227876021800,0.056980183342837400,0.048339888062810500,0.039161815546195300,0.032973191920822800,0.025483308626187100,0.014863014393886900,0.014863014393886900,0.014863014393886900,0.014863014393886900,0.014863014393886900,0.014863014393886900,0.014863014393886900,0.014863014393886900,0.014863014393886900,0.014863014393886900,0.014863014393886900,0.014863014393886900,0.014863014393886900,0.014863014393886900,0.014863014393886900,0.014863014393886900,0.014863014393886900,0.014863014393886900,0.014863014393886900
2027,4,0,0.023815416649027900,0.087715122592639600,0.183771453428968000,0.316781394454111000,0.463232358815857000,0.583225862705717000,0.679587943078776000,0.760642666445729000,0.837612909271638000,0.888522269632078000,0.915193969628258000,0.923241320088638000,0.925921012405067000,0.924706919136547000,0.922268466623369000,0.916547754328182000,0.913118074953773000,0.906882770386195000,0.904444966990223000,0.898040229817178000,0.893140370300834000,0.888541750060849000,0.885187208336671000,0.883279589654053000,0.880603856931490000,0.881160236067919000,0.882417740720748000,0.883616681027716000,0.881564849364353000,0.881508483035481000,0.879552838468926000,0.880379407744562000,0.874924259062867000,0.873248773031594000,0.870055722661520000,0.871588960876230000,0.869764961603335000,0.868322277296682000,0.866055321213525000,0.864279724858489000,0.855562102850704000,0.842377476798715000,0.825089135560782000,0.810231786963073000,0.790255377082059000,0.765086364732509000,0.736850966087726000,0.711123504085077000,0.677512473304801000,0.631661585484099000,0.572633913206241000,0.521506712580141000,0.477434025515903000,0.440133894136034000,0.399188149569602000,0.360518970016197000,0.323212686844286000,0.291899407970538000,0.259945839903509000,0.229168649793083000,0.196624352871939000,0.166493598561736000,0.142938378260906000,0.121826136444577000,0.105979508911769000,0.086618311635612800,0.072611839404248000,0.056968121743109700,0.048329648052764900,0.039153526356393900,0.032966205890625700,0.025477907671994600,0.014859876715602900,0.014859876715602900,0.014859876715602900,0.014859876715602900,0.014859876715602900,0.014859876715602900,0.014859876715602900,0.014859876715602900,0.014859876715602900,0.014859876715602900,0.014859876715602900,0.014859876715602900,0.014859876715602900,0.014859876715602900,0.014859876715602900,0.014859876715602900,0.014859876715602900,0.014859876715602900,0.014859876715602900
2028,4,0,0.023809199808693500,0.087692708090043600,0.183724458270196000,0.316700183427319000,0.463113434498035000,0.583076131623416000,0.679413574042270000,0.760447537629069000,0.837397969199056000,0.888294203606798000,0.914959104714247000,0.923004518036128000,0.925683613589885000,0.924469879190868000,0.922032044345146000,0.916312806527325000,0.912884003572895000,0.906650306912165000,0.904213119212069000,0.897810032372884000,0.892911430353093000,0.888313988973352000,0.884960309742858000,0.883053184236287000,0.880378153591362000,0.880934391086267000,0.882191571073884000,0.883390196067595000,0.881338891745381000,0.881282525920188000,0.879327377650004000,0.880153716945436000,0.874699984434640000,0.873024934275551000,0.869832722281304000,0.871365565108774000,0.869542046830931000,0.868099727095241000,0.865833333868558000,0.864058155219526000,0.855342763082768000,0.842161532980543000,0.824877637384874000,0.810024078284246000,0.790052772641487000,0.764890220021089000,0.736662081563173000,0.710941187623741000,0.677338745409522000,0.631499603834904000,0.572487117506341000,0.521373040469193000,0.477311651689256000,0.440021066892078000,0.399085836793515000,0.360426577427334000,0.323129858668513000,0.291824589751391000,0.259879208757276000,0.229109908608379000,0.196573962939072000,0.166450929843060000,0.142901737079643000,0.121794907897346000,0.105952341266757000,0.086596122345546000,0.072593230657317200,0.056953533648685500,0.048317264661569600,0.039143500735933000,0.032957757836197500,0.025471376794326400,0.014856080008535600,0.014856080008535600,0.014856080008535600,0.014856080008535600,0.014856080008535600,0.014856080008535600,0.014856080008535600,0.014856080008535600,0.014856080008535600,0.014856080008535600,0.014856080008535600,0.014856080008535600,0.014856080008535600,0.014856080008535600,0.014856080008535600,0.014856080008535600,0.014856080008535600,0.014856080008535600,0.014856080008535600
2029,4,0,0.023798685588725000,0.087654465380701100,0.183644301556292000,0.316561809382364000,0.462910920319793000,0.582821157962421000,0.679116573887736000,0.760115151399391000,0.837031882547674000,0.887905804504241000,0.914559093796004000,0.922601117728482000,0.925279132890974000,0.924065976401824000,0.921629199247484000,0.915912468199255000,0.912485160550942000,0.906254196945833000,0.903818064850001000,0.897417784068353000,0.892521323720716000,0.887925891019612000,0.884573679605684000,0.882667391500190000,0.879993545753078000,0.880549541207291000,0.881806169615733000,0.883004262955127000,0.880953856224719000,0.880897501086794000,0.878943202012372000,0.879769162189624000,0.874317830212522000,0.872643518260494000,0.869452720808671000,0.870984891579009000,0.869162183423999000,0.867720488595477000,0.865455067312342000,0.863680626807755000,0.854969037636261000,0.841793582627849000,0.824517252333586000,0.809670163747056000,0.789707567089074000,0.764556015924980000,0.736340232696031000,0.710630549349647000,0.677042760817197000,0.631223639261936000,0.572236990344560000,0.521145262755402000,0.477103125150767000,0.439828817737215000,0.398911490726834000,0.360269129372767000,0.322988706923702000,0.291697098441699000,0.259765670527346000,0.229009814066162000,0.196488092240968000,0.166378217439039000,0.142839302748670000,0.121741695891939000,0.105906049679680000,0.086558302817063700,0.072561519140735700,0.056928665675360100,0.048296160207747900,0.039126409873935000,0.032943361046232900,0.025460248442423300,0.014849601834049400,0.014849601834049400,0.014849601834049400,0.014849601834049400,0.014849601834049400,0.014849601834049400,0.014849601834049400,0.014849601834049400,0.014849601834049400,0.014849601834049400,0.014849601834049400,0.014849601834049400,0.014849601834049400,0.014849601834049400,0.014849601834049400,0.014849601834049400,0.014849601834049400,0.014849601834049400,0.014849601834049400
2030,4,0,0.023792304499389400,0.087631445327234900,0.183596037754519000,0.316478411746566000,0.462788798713544000,0.582667401382792000,0.678937514125045000,0.759914772345333000,0.836811161042737000,0.887671605733678000,0.914317911984895000,0.922357943074561000,0.925035342865220000,0.923822553566630000,0.921386410920655000,0.915671193827629000,0.912244786276449000,0.906015473606163000,0.903579974044884000,0.897181387795848000,0.892286218764752000,0.887691996666306000,0.884340670897926000,0.882434889130821000,0.879761763910729000,0.880317613881729000,0.881573908947783000,0.882771678708039000,0.880721813480060000,0.880665459252258000,0.878711669979502000,0.879537394493609000,0.874087516319994000,0.872413651797429000,0.869223714737063000,0.870755479539752000,0.868933264953417000,0.867491944660679000,0.865227101904669000,0.863453091408983000,0.854743792288836000,0.841571824218322000,0.824300058883606000,0.809456862372336000,0.789499507862526000,0.764354590149586000,0.736146261977610000,0.710443324314578000,0.676864356385973000,0.631057297576476000,0.572086241985075000,0.521007990873965000,0.476977455769293000,0.439712952425252000,0.398806422492238000,0.360174248233989000,0.322903647707054000,0.291620265346033000,0.259697245072442000,0.228949491015025000,0.196436345071202000,0.166334399467396000,0.142801674920128000,0.121709626426077000,0.105878150500632000,0.086535515616669500,0.072542409176979400,0.056913684333444100,0.048283443209128000,0.039116113978298700,0.032934685435860300,0.025453541700561400,0.014845702539526800,0.014845702539526800,0.014845702539526800,0.014845702539526800,0.014845702539526800,0.014845702539526800,0.014845702539526800,0.014845702539526800,0.014845702539526800,0.014845702539526800,0.014845702539526800,0.014845702539526800,0.014845702539526800,0.014845702539526800,0.014845702539526800,0.014845702539526800,0.014845702539526800,0.014845702539526800,0.014845702539526800
2031,4,0,0.023823212235654400,0.087742875075038500,0.183829666379429000,0.316882141659501000,0.463380017602794000,0.583411772657796000,0.679804368836509000,0.760884831296378000,0.837879710127281000,0.888805409789524000,0.915485515286314000,0.923535174871486000,0.926215540147278000,0.925000966120735000,0.922561752925148000,0.916839205553564000,0.913408441034866000,0.907171134738193000,0.904732574453599000,0.898325783671781000,0.893424363143719000,0.888824280497761000,0.885468666921139000,0.883560433337442000,0.880883817609048000,0.881440371718534000,0.882698280846374000,0.883897618254349000,0.881845131401096000,0.881788774861306000,0.879832518386205000,0.880659386465434000,0.875202467741623000,0.873526436250699000,0.870332331042932000,0.871866061493118000,0.870041455518987000,0.868598322882456000,0.866330682211700000,0.864554595661774000,0.855834211100687000,0.842645360294777000,0.825351493849110000,0.810489458619443000,0.790506729295741000,0.765329697790122000,0.737085276257933000,0.711349686713177000,0.677728022246972000,0.631862568636895000,0.572816017365060000,0.521672523834996000,0.477585820803900000,0.440273858099986000,0.399315056635356000,0.360633565380028000,0.323315416628004000,0.291992214066040000,0.260028492902696000,0.229241514944098000,0.196686851741306000,0.166546521183103000,0.142983831681724000,0.121864874987924000,0.106013210844324000,0.086645826520526600,0.072634920023072800,0.056986206895514200,0.048345005515789300,0.039165954864915900,0.032976683779782000,0.025486009088023400,0.014864577191746600,0.014864577191746600,0.014864577191746600,0.014864577191746600,0.014864577191746600,0.014864577191746600,0.014864577191746600,0.014864577191746600,0.014864577191746600,0.014864577191746600,0.014864577191746600,0.014864577191746600,0.014864577191746600,0.014864577191746600,0.014864577191746600,0.014864577191746600,0.014864577191746600,0.014864577191746600,0.014864577191746600
2032,4,0,0.023812920169622700,0.087702560434368600,0.183745376231406000,0.316737850007138000,0.463169859644264000,0.583147182244299000,0.679495558519639000,0.760539003152283000,0.837499216155902000,0.888402099308572000,0.915069862838587000,0.923115229152417000,0.925793924052881000,0.924579665598534000,0.922141600303876000,0.916421619293998000,0.912992431044645000,0.906757917988507000,0.904320514309776000,0.897916598975913000,0.893017403548159000,0.888419415818998000,0.885065317680593000,0.883157932395278000,0.880482455075447000,0.881038750804634000,0.882296098553904000,0.883494929488648000,0.881443370611358000,0.881387109283787000,0.879431768812635000,0.880258350534796000,0.874803828475985000,0.873128528547756000,0.869935779049011000,0.871468822696222000,0.869644980782245000,0.868202531603753000,0.865936014795066000,0.864160923948170000,0.855444535154630000,0.842261610575903000,0.824975551278457000,0.810120380079932000,0.790146834500191000,0.764981230772650000,0.736749562187470000,0.711025828462255000,0.677419613479170000,0.631575085628521000,0.572555154592836000,0.521434867032561000,0.477368240398303000,0.440073346369138000,0.399133108171092000,0.360469196342435000,0.323168038028036000,0.291859186240177000,0.259910042830301000,0.229137084513996000,0.196597204626049000,0.166470614346565000,0.142918709670058000,0.121809368271712000,0.105964930064386000,0.086606290532670000,0.072601814730317200,0.056960176435286900,0.048322959088905100,0.039148061406984100,0.032961651651018200,0.025474400518731500,0.014857744726644700,0.014857744726644700,0.014857744726644700,0.014857744726644700,0.014857744726644700,0.014857744726644700,0.014857744726644700,0.014857744726644700,0.014857744726644700,0.014857744726644700,0.014857744726644700,0.014857744726644700,0.014857744726644700,0.014857744726644700,0.014857744726644700,0.014857744726644700,0.014857744726644700,0.014857744726644700,0.014857744726644700
2033,4,0,0.023803668806136400,0.087666080658966900,0.183669120356451000,0.316607406902697000,0.462979951906290000,0.582908087567586000,0.679216456793496000,0.760226427095539000,0.837155338836197000,0.888037630771308000,0.914694218472517000,0.922735643793269000,0.925412785806677000,0.924198790029105000,0.921761766006702000,0.916044101299397000,0.912616339375398000,0.906384347010241000,0.903947993330239000,0.897546673483968000,0.892649488957342000,0.888053395109561000,0.884700665770343000,0.882794045404812000,0.880119589581150000,0.880675651256706000,0.881932492592339000,0.883130869437116000,0.881080148842087000,0.881023980209771000,0.879069470229630000,0.879895801660889000,0.874443437854462000,0.872768796266695000,0.869577262963232000,0.871109686826357000,0.869286529284537000,0.867844700475095000,0.865579208355928000,0.863805035447333000,0.855092261299171000,0.841914686623228000,0.824635678740982000,0.809786721990132000,0.789821486792965000,0.764666210572182000,0.736446060665624000,0.710733057943267000,0.677140822983140000,0.631315216424176000,0.572319325348657000,0.521220008722463000,0.477171531783804000,0.439892075741431000,0.398968610874943000,0.360320588020845000,0.323034789248745000,0.291738919263892000,0.259802956694366000,0.229042672551192000,0.196516153288671000,0.166401986067141000,0.142859836423412000,0.121759187369823000,0.105921282334964000,0.086570541249423200,0.072571883790743500,0.056936636479508300,0.048303025485908800,0.039131879646042500,0.032948060699050100,0.025463905755015200,0.014851561930672900,0.014851561930672900,0.014851561930672900,0.014851561930672900,0.014851561930672900,0.014851561930672900,0.014851561930672900,0.014851561930672900,0.014851561930672900,0.014851561930672900,0.014851561930672900,0.014851561930672900,0.014851561930672900,0.014851561930672900,0.014851561930672900,0.014851561930672900,0.014851561930672900,0.014851561930672900,0.014851561930672900
2034,4,0,0.023790722397153600,0.087615994715314900,0.183564358050480000,0.316427823695357000,0.462718185044804000,0.582578519714621000,0.678831934336675000,0.759795856978292000,0.836681527082084000,0.887535330097555000,0.914176604825970000,0.922212841642867000,0.924888015673892000,0.923674471216723000,0.921238866678284000,0.915524405739391000,0.912098602144783000,0.905870097771381000,0.903435172189383000,0.897037441407819000,0.892143027872385000,0.887549541257718000,0.884198701100852000,0.882293141597657000,0.879620122442888000,0.880175863764034000,0.881432003603167000,0.882629740322968000,0.880580176305263000,0.880524109021205000,0.878570732864764000,0.879396685667566000,0.873947326447892000,0.872273603148362000,0.869083781484726000,0.870615347708041000,0.868793157569837000,0.867352172888721000,0.865088056997187000,0.863315077218992000,0.854607269987958000,0.841437090557908000,0.824167815999598000,0.809327378287933000,0.789373552164991000,0.764232507793120000,0.736028256667933000,0.710329975692450000,0.676756934419105000,0.630957361628878000,0.571994667414943000,0.520924252838334000,0.476900762283768000,0.439642530236423000,0.398742190444946000,0.360116055091804000,0.322851402930245000,0.291573372045856000,0.259655547022125000,0.228912711303231000,0.196404601090111000,0.166307530880901000,0.142778790155550000,0.121690108444053000,0.105861194748877000,0.086521355574559900,0.072530689120213600,0.056904259560536400,0.048275594882015500,0.039109624347202300,0.032929355949178800,0.025449458784656500,0.014843074108340700,0.014843074108340700,0.014843074108340700,0.014843074108340700,0.014843074108340700,0.014843074108340700,0.014843074108340700,0.014843074108340700,0.014843074108340700,0.014843074108340700,0.014843074108340700,0.014843074108340700,0.014843074108340700,0.014843074108340700,0.014843074108340700,0.014843074108340700,0.014843074108340700,0.014843074108340700,0.014843074108340700
2035,4,0,0.023785229280319300,0.087593359471036200,0.183517107598325000,0.316347378511908000,0.462601388874629000,0.582431475072056000,0.678660091899835000,0.759603333257528000,0.836469849988414000,0.887311096483059000,0.913945405199608000,0.921978971782012000,0.924653016321099000,0.923439543160208000,0.921004594992882000,0.915291547490860000,0.911866628897626000,0.905639661138523000,0.903205400747425000,0.896809254629947000,0.891916078652817000,0.887323760114465000,0.883973759318868000,0.882068663675033000,0.879396243784479000,0.879951838870892000,0.881207670758013000,0.882405142577545000,0.880356093006198000,0.880300109450447000,0.878347255098095000,0.879173087976734000,0.873725026107382000,0.872051696736785000,0.868862587406333000,0.870393775826316000,0.868571982244431000,0.867131390205347000,0.864867941114744000,0.863095598840949000,0.854390030319052000,0.841223119929688000,0.823958168219164000,0.809121599907058000,0.789172931184231000,0.764038241906071000,0.735841053148309000,0.710149442445668000,0.676585076191004000,0.630797187959828000,0.571849217580620000,0.520791704564769000,0.476779407668357000,0.439530726411224000,0.398640697532470000,0.360024347993634000,0.322769167289122000,0.291499175912812000,0.259589488442674000,0.228854469301671000,0.196354583256379000,0.166265180522173000,0.142742477029432000,0.121659155497871000,0.105834273878224000,0.086499277428374800,0.072512218610707700,0.056889711022925000,0.048263289228315800,0.039099622286282700,0.032920968102617200,0.025442985227941800,0.014839236726285600,0.014839236726285600,0.014839236726285600,0.014839236726285600,0.014839236726285600,0.014839236726285600,0.014839236726285600,0.014839236726285600,0.014839236726285600,0.014839236726285600,0.014839236726285600,0.014839236726285600,0.014839236726285600,0.014839236726285600,0.014839236726285600,0.014839236726285600,0.014839236726285600,0.014839236726285600,0.014839236726285600
2036,4,0,0.023807356352730600,0.087672233292780400,0.183682543968053000,0.316633650141309000,0.463020922764292000,0.582959689407928000,0.679275030558827000,0.760291413377807000,0.837227915962218000,0.888115574271831000,0.914773775421307000,0.922813930421476000,0.925489906563833000,0.924275077577158000,0.921837966337927000,0.916119706193173000,0.912691703572133000,0.906459049953318000,0.904022636882109000,0.897620657272579000,0.892723045995894000,0.888126572041534000,0.884773526134242000,0.882866684147310000,0.880191758675606000,0.880747851158907000,0.882004831863603000,0.883203430330037000,0.881152519332191000,0.881096560592805000,0.879141966423944000,0.879968644460677000,0.874515556844413000,0.872840678921935000,0.869648576543494000,0.871181163143711000,0.869357648508914000,0.867915781411972000,0.865650383139378000,0.863876639922013000,0.855163220571308000,0.841984309028016000,0.824703660439147000,0.809853770967637000,0.789887141995734000,0.764729667984739000,0.736506845492902000,0.710792134589721000,0.677197546846715000,0.631368268381092000,0.572366665123600000,0.521262859613676000,0.477210736494547000,0.439928433316991000,0.399001307225566000,0.360349975646748000,0.323061079178943000,0.291762886008886000,0.259824347674548000,0.229061516477217000,0.196532176544134000,0.166415562361684000,0.142871632853208000,0.121769231151793000,0.105930037739099000,0.086577464084543800,0.072577803175163500,0.056941103236285600,0.048306928629359000,0.039134940259386900,0.032950741564190300,0.025466005430332300,0.014852595812623400,0.014852595812623400,0.014852595812623400,0.014852595812623400,0.014852595812623400,0.014852595812623400,0.014852595812623400,0.014852595812623400,0.014852595812623400,0.014852595812623400,0.014852595812623400,0.014852595812623400,0.014852595812623400,0.014852595812623400,0.014852595812623400,0.014852595812623400,0.014852595812623400,0.014852595812623400,0.014852595812623400
2037,4,0,0.023802245891785900,0.087650801149885800,0.183637828932799000,0.316557661636203000,0.462910715689675000,0.582820941171019000,0.679112812138176000,0.760109645607489000,0.837028111401336000,0.887903961313160000,0.914555555133488000,0.922593099333829000,0.925267945149773000,0.924053150037316000,0.921616664050746000,0.915899733486469000,0.912472568821744000,0.906241360077479000,0.903805581858935000,0.897405093221158000,0.892508649990175000,0.887913279439710000,0.884561024626325000,0.882654617895669000,0.879980247159108000,0.880536200810789000,0.881792892231969000,0.882991246061159000,0.880940820076201000,0.880884950229448000,0.878930852512215000,0.879757429975740000,0.874305555414429000,0.872631045141133000,0.869439601718176000,0.870971833077334000,0.869148683618480000,0.867707191122317000,0.865442435577674000,0.863669320899004000,0.854958019750245000,0.841782184966544000,0.824505610213785000,0.809659389396460000,0.789697644034572000,0.764546167894683000,0.736330001278286000,0.710621610447227000,0.677035236847203000,0.631217001394982000,0.572229268707653000,0.521137638435309000,0.477096089069692000,0.439822818665864000,0.398905419964171000,0.360263327255535000,0.322983377199091000,0.291692790524238000,0.259761942182524000,0.229006494643446000,0.196484917565439000,0.166375548325007000,0.142837329422103000,0.121739990779406000,0.105904607179746000,0.086556597516564100,0.072560351548192000,0.056927349146261400,0.048295300112832200,0.039125483953809200,0.032942816113914300,0.025459890007295000,0.014848962014435800,0.014848962014435800,0.014848962014435800,0.014848962014435800,0.014848962014435800,0.014848962014435800,0.014848962014435800,0.014848962014435800,0.014848962014435800,0.014848962014435800,0.014848962014435800,0.014848962014435800,0.014848962014435800,0.014848962014435800,0.014848962014435800,0.014848962014435800,0.014848962014435800,0.014848962014435800,0.014848962014435800
2038,4,0,0.023794696748240900,0.087620390047140500,0.183574301913910000,0.316449244169082000,0.462753086393103000,0.582622486678322000,0.678881023269730000,0.759850009926856000,0.836742558982125000,0.887601388431387000,0.914243644777864000,0.922277755154506000,0.924951196885735000,0.923736560231208000,0.921300949075568000,0.915585933771227000,0.912159958142049000,0.905930832640080000,0.903495938774770000,0.897097596815045000,0.892202823237604000,0.887609026852175000,0.884257906553335000,0.882352130387943000,0.879678588402169000,0.880234346271801000,0.881490619664257000,0.882688606070948000,0.880638875153487000,0.880583099882677000,0.878629698785192000,0.879456090946810000,0.874005987995037000,0.872332016930206000,0.869141559459184000,0.870673278604972000,0.868850681128605000,0.867409710888137000,0.865145830026007000,0.863373525420456000,0.854665234866811000,0.841493826654070000,0.824223095632136000,0.809382064297381000,0.789427247427995000,0.764284345760687000,0.736077725617096000,0.710378288411133000,0.676803569545818000,0.631001070818458000,0.572033251706592000,0.520959030674158000,0.476932566788072000,0.439672147479974000,0.398768667899462000,0.360139772673738000,0.322872588081712000,0.291592813337683000,0.259672926051552000,0.228928012835534000,0.196417530227956000,0.166318490399760000,0.142788393384611000,0.121698279065677000,0.105868327490957000,0.086526863920626600,0.072535466674507500,0.056907763322862300,0.048278724123277200,0.039112019569608900,0.032931515928191400,0.025451166411230900,0.014843807088162500,0.014843807088162500,0.014843807088162500,0.014843807088162500,0.014843807088162500,0.014843807088162500,0.014843807088162500,0.014843807088162500,0.014843807088162500,0.014843807088162500,0.014843807088162500,0.014843807088162500,0.014843807088162500,0.014843807088162500,0.014843807088162500,0.014843807088162500,0.014843807088162500,0.014843807088162500,0.014843807088162500
2039,4,0,0.023787336649476400,0.087590676709779000,0.183512236672339000,0.316343345860613000,0.462599140364972000,0.582428669546752000,0.678654638270839000,0.759596422752492000,0.836463666920438000,0.887305880526095000,0.913939011621163000,0.921969752558021000,0.924641811792778000,0.923427324088227000,0.920992568349049000,0.915279422835872000,0.911854608959497000,0.905627517143481000,0.903193488216527000,0.896797242028008000,0.891904099142855000,0.887311840352422000,0.883961827899370000,0.882056667141933000,0.879383932678305000,0.879939499193478000,0.881195364550276000,0.882392993044340000,0.880343940881575000,0.880288259695426000,0.878335539650096000,0.879161753027194000,0.873713378358206000,0.872039933197340000,0.868850436347064000,0.870381655465175000,0.868559595507517000,0.867119136033712000,0.864856111769959000,0.863084603001661000,0.854379253702047000,0.841212167260479000,0.823947142528130000,0.809111182465215000,0.789163135176415000,0.764028607851330000,0.735831309709468000,0.710140621449768000,0.676577289945671000,0.630790163295177000,0.571841788514566000,0.520784570191119000,0.476772841301842000,0.439524976416797000,0.398635090396283000,0.360019085163469000,0.322764369364416000,0.291495157482509000,0.259585977131473000,0.228851353486792000,0.196351706570774000,0.166262756534446000,0.142740594053132000,0.121657536166613000,0.105832890593901000,0.086497819195131400,0.072511159255332700,0.056888630580969800,0.048262532488511400,0.039098866584922000,0.032920477911559800,0.025442645426783500,0.014838770372475400,0.014838770372475400,0.014838770372475400,0.014838770372475400,0.014838770372475400,0.014838770372475400,0.014838770372475400,0.014838770372475400,0.014838770372475400,0.014838770372475400,0.014838770372475400,0.014838770372475400,0.014838770372475400,0.014838770372475400,0.014838770372475400,0.014838770372475400,0.014838770372475400,0.014838770372475400,0.014838770372475400
2040,4,0,0.023785549270660800,0.087581484467385400,0.183493165341351000,0.316311561195865000,0.462553572772331000,0.582371304693950000,0.678587249727762000,0.759520795301493000,0.836380743052007000,0.887218252089028000,0.913848497684231000,0.921877750903521000,0.924549053845571000,0.923334430657067000,0.920899959898682000,0.915187345704276000,0.911762891201594000,0.905536374193755000,0.903102639936014000,0.896706991008953000,0.891814332442180000,0.887222535361718000,0.883872845911089000,0.881967854224776000,0.879295301142461000,0.879850806464638000,0.881106558008034000,0.882304109156085000,0.880255255694142000,0.880199655518536000,0.878247159027115000,0.879073387149260000,0.873625464342110000,0.871952153039828000,0.868762869608838000,0.870293947431966000,0.868471998144481000,0.867031711952214000,0.864769014062256000,0.862997886020113000,0.854293438454945000,0.841127589002442000,0.823864225698316000,0.809029861064235000,0.789083909846507000,0.763951868304243000,0.735757286081587000,0.710069327837651000,0.676509520342234000,0.630727038638584000,0.571784297740083000,0.520732120357801000,0.476724815296000000,0.439480778286060000,0.398594906085762000,0.359982743813920000,0.322731768688645000,0.291465793809650000,0.259559844628193000,0.228828309976462000,0.196331884677120000,0.166245975117871000,0.142726236321098000,0.121645295480389000,0.105822248472171000,0.086489039411047400,0.072503839929630900,0.056882825871920900,0.048257647924017800,0.039094873796999700,0.032917152586686000,0.025440085205075600,0.014837210144553800,0.014837210144553800,0.014837210144553800,0.014837210144553800,0.014837210144553800,0.014837210144553800,0.014837210144553800,0.014837210144553800,0.014837210144553800,0.014837210144553800,0.014837210144553800,0.014837210144553800,0.014837210144553800,0.014837210144553800,0.014837210144553800,0.014837210144553800,0.014837210144553800,0.014837210144553800,0.014837210144553800
