年度別年齢別労働力率,,,,,,,,,,,,,,,,,,,,,,,,,,,,,,,,,,,,,,,,,,,,,,,,,,,,,,,,,,,,,,,,,,,,,,,,,,,,,,,,,,,,,,,,,,,,,
男性,,,,,,,,,,,,,,,,,,,,,,,,,,,,,,,,,,,,,,,,,,,,,,,,,,,,,,,,,,,,,,,,,,,,,,,,,,,,,,,,,,,,,,,,,,,,,
年度,性,合計,15,16,17,18,19,20,21,22,23,24,25,26,27,28,29,30,31,32,33,34,35,36,37,38,39,40,41,42,43,44,45,46,47,48,49,50,51,52,53,54,55,56,57,58,59,60,61,62,63,64,65,66,67,68,69,70,71,72,73,74,75,76,77,78,79,80,81,82,83,84,85,86,87,88,89,90,91,92,93,94,95,96,97,98,99,100,101,102,103,104,105
2020,1,0,0.01242124367194070,0.05584323727336500,0.13243269603517300,0.28228662368190100,0.45791889707400700,0.60251560327068300,0.68136242861965000,0.75120183107482800,0.81816070018499700,0.87571701389868800,0.91365503722896100,0.93527035437649800,0.94523633153623700,0.94798422855516600,0.95327965142529000,0.95380706785371500,0.95276721872591600,0.95184703265378300,0.95243077688570800,0.95471826038163900,0.95676760564788400,0.95824411090861200,0.96177684826289000,0.96107650293918600,0.96099395121462300,0.96074298987120400,0.95706183142281900,0.95774105745359800,0.95685653272900400,0.96030220961876000,0.95975052720879600,0.95644665181650000,0.95472681801306600,0.95464495592125100,0.95595134149309700,0.95589829820514700,0.95178775271837200,0.95048311422639200,0.94936787477373800,0.94791575581281000,0.94479391567156300,0.93902273236867700,0.93663760061831900,0.93163202399759700,0.91975837955796000,0.90363773238919700,0.88113680389153100,0.85687429553757100,0.82743022587003500,0.78139356360675700,0.72701225428695600,0.66485017015622800,0.61493296770815900,0.57776361124218200,0.53767911987104000,0.49318158250035000,0.44748111427143300,0.41082031204475000,0.37650534193589000,0.33927705474491100,0.29817266845922600,0.27020532719337400,0.24578813359169000,0.22102440897652600,0.19251695522955600,0.16401058799765400,0.14134424296097600,0.12647045519696800,0.11394744863436500,0.10676014714441300,0.08962391031671890,0.07096073005141910,0.05051607048447750,0.05051607048447750,0.05051607048447750,0.05051607048447750,0.05051607048447750,0.05051607048447750,0.05051607048447750,0.05051607048447750,0.05051607048447750,0.05051607048447750,0.05051607048447750,0.05051607048447750,0.05051607048447750,0.05051607048447750,0.05051607048447750,0.05051607048447750,0.05051607048447750,0.05051607048447750,0.05051607048447750
2021,1,0,0.00760600498462313,0.05073043853916310,0.12418518789768200,0.28291930379456400,0.45702728069570700,0.60142851191847900,0.66886933280860100,0.74146058989317400,0.81825299969383000,0.88509325743757000,0.92052725954963000,0.94030004306843800,0.94844655577631500,0.95734840447817100,0.95816477990839500,0.95941276763341900,0.95139213501435200,0.95261113369749300,0.95444228423284600,0.95916005734233000,0.96178159626085600,0.95937613873137900,0.96398268131310000,0.96590863346533100,0.97059829187243000,0.96795059212971400,0.96320315765129400,0.96161373469755700,0.96075348730444000,0.96298680766277300,0.96086044907437900,0.95999732380385100,0.96019316163951400,0.95814050224510000,0.95864704549182300,0.95590700712137300,0.95354318456309700,0.95074089534553500,0.94809872675985200,0.94904828645338500,0.94421867981497900,0.93961682326209600,0.93758449018208100,0.93479177347447800,0.92284092801010200,0.90533309648914800,0.88447267986033900,0.86328476875204000,0.83336378121644700,0.78436565103473000,0.72808181778277800,0.66848026404970800,0.62523187688728600,0.58718575095646600,0.54479301102356800,0.50103704924182200,0.45415013933773500,0.41445992593444900,0.38152598826898100,0.34407420198399800,0.30921235915567800,0.26695929396001100,0.24271065638320800,0.22208014816043100,0.19982341411541200,0.17951639781550700,0.15411619325407800,0.13553012258211500,0.11550236241003300,0.10682000432624500,0.09648941370008310,0.07830410775284690,0.05159773217939060,0.05159773217939060,0.05159773217939060,0.05159773217939060,0.05159773217939060,0.05159773217939060,0.05159773217939060,0.05159773217939060,0.05159773217939060,0.05159773217939060,0.05159773217939060,0.05159773217939060,0.05159773217939060,0.05159773217939060,0.05159773217939060,0.05159773217939060,0.05159773217939060,0.05159773217939060,0.05159773217939060
2022,1,0,0.01521071741984060,0.05476707863520660,0.13411834531583000,0.28844537198238700,0.45761825597321100,0.59258194783249400,0.66299503938667600,0.73540980049036600,0.80776119990696300,0.87470860210826300,0.91645124300154100,0.93807653218273900,0.94625770048293200,0.94507748095058500,0.95048922109609200,0.95059023266077900,0.95379372367125900,0.95426602723145200,0.95687130742962700,0.95974216564579400,0.96052877149112200,0.95905026785270500,0.95889657070588800,0.96201808031270200,0.96343636893047200,0.96349422715399300,0.95894239657363400,0.95892726834260900,0.95862237816712400,0.95982162627326400,0.96090748665780400,0.95849805558698200,0.95685049333728200,0.95510645456081300,0.95462610677050600,0.95309909060126600,0.94903229870188400,0.94438155460234100,0.94115029100350300,0.94038550097582100,0.94047683409061000,0.93869373985945000,0.93371718148065200,0.93201327851058100,0.92403482244259100,0.90680751145499300,0.88990948179206800,0.86583865323178900,0.84429318403328500,0.78633897643377700,0.72730824460128700,0.67109117260177600,0.63234862933103700,0.59422420771962700,0.54659945270004800,0.50167433433804800,0.46037711259026200,0.42541374067997100,0.39175558363550900,0.35805023705346500,0.32039804098624100,0.28251893270966300,0.24765557353981100,0.22079971390773300,0.19932186843561700,0.17933675416887800,0.16000724771502500,0.13854967004864500,0.11978773508733000,0.10071083518560600,0.09050651097856350,0.08424294097666760,0.05284245870332340,0.05284245870332340,0.05284245870332340,0.05284245870332340,0.05284245870332340,0.05284245870332340,0.05284245870332340,0.05284245870332340,0.05284245870332340,0.05284245870332340,0.05284245870332340,0.05284245870332340,0.05284245870332340,0.05284245870332340,0.05284245870332340,0.05284245870332340,0.05284245870332340,0.05284245870332340,0.05284245870332340
2023,1,0,0.01521135583412820,0.06787648941989430,0.15920480315636300,0.29414512385183000,0.44802838362349300,0.57393915769742300,0.66759587045274800,0.73980969010130100,0.81029697849387000,0.86998854471443400,0.91277069784215200,0.93596328417018400,0.94491778616882200,0.94853768130996300,0.94953421415014200,0.95199204516800800,0.95280332821916900,0.95448823401857800,0.95610108906744500,0.95785754744316500,0.95825268740605100,0.95763959993305700,0.95809505978051400,0.95980637097439300,0.96187841698507600,0.96139257557989600,0.96042890850430600,0.95913344884578600,0.95954422450135600,0.96011114039052300,0.95997651320444000,0.95889290940492200,0.95702119024389800,0.95594774978217500,0.95506971698415400,0.95341740064880400,0.95037489386465800,0.94666978521939800,0.94397089451979700,0.94275826702736500,0.94202838291803100,0.93989451710046300,0.93702984569678900,0.93196759856328400,0.92268922739165800,0.90834593474976300,0.88863829280425900,0.86887503857918500,0.83680965151793400,0.79447430846491300,0.74058127940694100,0.69309240723836400,0.65060757701338400,0.60902195203999400,0.56341036158709200,0.51674112669983400,0.47429252998743700,0.43625869395152600,0.40141453845873100,0.36633301990323000,0.32984445855068900,0.29296987680109600,0.25934889834103300,0.23084991037570600,0.20696521896362800,0.18558941724135100,0.16422037173787500,0.14352605546056800,0.12318293057958300,0.10685803330131000,0.09469943253391070,0.08681212099735630,0.05510048202727350,0.05510048202727350,0.05510048202727350,0.05510048202727350,0.05510048202727350,0.05510048202727350,0.05510048202727350,0.05510048202727350,0.05510048202727350,0.05510048202727350,0.05510048202727350,0.05510048202727350,0.05510048202727350,0.05510048202727350,0.05510048202727350,0.05510048202727350,0.05510048202727350,0.05510048202727350,0.05510048202727350
2024,1,0,0.01520810280772130,0.06770359446186410,0.15925859737716600,0.29482088002994500,0.44972665014400200,0.57666591661975700,0.67135801947323000,0.74404068407276000,0.81442605582410000,0.87344688330419000,0.91556191385608900,0.93809156693756300,0.94645630190049900,0.94955769216250200,0.95010640246656400,0.95211609844220900,0.95247959857387000,0.95375535782200600,0.95499790492495000,0.95642284784136900,0.95648676346987400,0.95554266727710300,0.95595704122710800,0.95791714928993800,0.96052806636122900,0.96058164303399100,0.96015749622181000,0.95919080150325400,0.95971915093262900,0.96019278092522300,0.95996501787114800,0.95878848114715100,0.95697918835910800,0.95612319430932600,0.95561775688926700,0.95433820151638200,0.95166875299405400,0.94824236897837500,0.94572751239045000,0.94460412583165000,0.94396337941880100,0.94191895154640200,0.93901153424042500,0.93377467103345900,0.92419024529411500,0.90954198124391600,0.88953051508370100,0.87084698680055300,0.84124749481905200,0.80276378139217300,0.75272485363073000,0.70908871319690900,0.66849094417764200,0.62682758772128500,0.57917452636974000,0.53046404676652200,0.48597330273306000,0.44655518361133500,0.41098487125764400,0.37583605495700300,0.33928049676263500,0.30233900072365700,0.26830515945654700,0.23904696060233400,0.21405681879248200,0.19157503013351100,0.16909999624849000,0.14756647587727800,0.12665100038025400,0.11001982174931900,0.09755404864539510,0.08935865133522300,0.05734402154604950,0.05734402154604950,0.05734402154604950,0.05734402154604950,0.05734402154604950,0.05734402154604950,0.05734402154604950,0.05734402154604950,0.05734402154604950,0.05734402154604950,0.05734402154604950,0.05734402154604950,0.05734402154604950,0.05734402154604950,0.05734402154604950,0.05734402154604950,0.05734402154604950,0.05734402154604950,0.05734402154604950
2025,1,0,0.01521073242698390,0.06755689442088260,0.15937399080921500,0.29561064558245900,0.45159880187046300,0.57961561885738700,0.67537969639421600,0.74855930047162000,0.81886998490453800,0.87724293045968800,0.91870715592063500,0.94058261742130200,0.94836084500844800,0.95094495126266600,0.95104606962552900,0.95260842627768200,0.95252430244362000,0.95339142537374200,0.95426416032580400,0.95535815253904600,0.95509088213038200,0.95381542560603100,0.95418887562274900,0.95639852853022600,0.95954930448341300,0.96014229785066000,0.96025748513023200,0.95961916795918900,0.96026529071003400,0.96064582182983800,0.96032483862573700,0.95905491770012100,0.95730734889002400,0.95666846124105400,0.95653540842507800,0.95562810380424400,0.95333066570880300,0.95018166957029700,0.94784986680224100,0.94681528299244600,0.94626342278147300,0.94430763840166100,0.94135635235274700,0.93594285460366100,0.92604867957229900,0.91108979064639300,0.89076677226405900,0.87315569886133700,0.84601055178089400,0.81136342458241200,0.76515908504773800,0.72535863994083400,0.68663215152423000,0.64487495133448000,0.59516207048880400,0.54439158855422400,0.49784157182004800,0.45702397936898800,0.42071378127514300,0.38548407438325300,0.34884738235917100,0.31182468575831500,0.27736483427402200,0.24733613853936800,0.22123092541969300,0.19763449916796700,0.17404482885815200,0.15166380959471800,0.13016791680737400,0.11322403641632700,0.10044628178878400,0.09193964134179710,0.05960964985392540,0.05960964985392540,0.05960964985392540,0.05960964985392540,0.05960964985392540,0.05960964985392540,0.05960964985392540,0.05960964985392540,0.05960964985392540,0.05960964985392540,0.05960964985392540,0.05960964985392540,0.05960964985392540,0.05960964985392540,0.05960964985392540,0.05960964985392540,0.05960964985392540,0.05960964985392540,0.05960964985392540
2026,1,0,0.01522317171289550,0.06790908511698450,0.16002195639100000,0.29651445649350600,0.45269835510026100,0.58088803953856300,0.67679860834473100,0.75003759537407400,0.82033667775524800,0.87861961980505000,0.91998001386612300,0.94173562434151600,0.94940638513490300,0.95190268976245300,0.95193788882156800,0.95343552116573900,0.95328532653748200,0.95410947219007300,0.95496155004435000,0.95605738169350600,0.95579083748475400,0.95451528266909400,0.95489548203030600,0.95711888508840600,0.96028968000505000,0.96090060058974500,0.96103332433854900,0.96040982703850900,0.96106971968619200,0.96146170311807000,0.96115159852998600,0.95989178018230200,0.95815023898387000,0.95751460127486100,0.95738152772144500,0.95647356918264200,0.95417434032274500,0.95101129289104500,0.94865454300036100,0.94758450880181800,0.94699759297183600,0.94500560484854200,0.94229762627851600,0.93740574776014800,0.92830985301695700,0.91414510247320300,0.89461183570596000,0.87761582300897700,0.85090103097197400,0.81650121499392500,0.77053473523023700,0.73097738697768200,0.69239352277853300,0.65067511738525800,0.60089317429205500,0.55005276520732900,0.50343627280528000,0.46254138395383000,0.42614206690172100,0.39080861598379600,0.35406702930596200,0.31693912237810700,0.28243842606234000,0.25243477888990100,0.22642009255274500,0.20291624476101500,0.17941915843618300,0.15690216645946400,0.13504147968325700,0.11750698279476600,0.10414201871344200,0.09505166171551130,0.06211847102019680,0.06211847102019680,0.06211847102019680,0.06211847102019680,0.06211847102019680,0.06211847102019680,0.06211847102019680,0.06211847102019680,0.06211847102019680,0.06211847102019680,0.06211847102019680,0.06211847102019680,0.06211847102019680,0.06211847102019680,0.06211847102019680,0.06211847102019680,0.06211847102019680,0.06211847102019680,0.06211847102019680
2027,1,0,0.01522011448635110,0.06819233038782750,0.16050734574681100,0.29711683689095500,0.45333753156353000,0.58156963406655400,0.67752910346099500,0.75075291912200300,0.82096879552129200,0.87910231973041800,0.92031669445829300,0.94193022277375900,0.94948563812748700,0.95189154458650400,0.95186074783368000,0.95329209066957000,0.95307593746146400,0.95385623996887900,0.95468678017711100,0.95578333633651300,0.95551779024010000,0.95424343617352700,0.95463000182458200,0.95686489906832300,0.96005249596976700,0.96068073263158800,0.96083086849243700,0.96022283521117200,0.96089583417504900,0.96129887776356600,0.96099997433047300,0.95975154786611100,0.95801781168652300,0.95738607329337200,0.95725311451975900,0.95634542637872000,0.95404674732147400,0.95087286136562800,0.94849354921930400,0.94738913255260900,0.94676773723117800,0.94474155179313200,0.94227978874203800,0.93791483337240200,0.92962697510198300,0.91627127899498600,0.89754814480843600,0.88118488194181100,0.85492791832937500,0.82081060093675600,0.77512894265889100,0.73585512876439400,0.69745327286020200,0.65581617470187900,0.60601582766006200,0.55515722719545400,0.50852169513627500,0.46759111199894600,0.43113969225269800,0.39573841901047200,0.35892929280025900,0.32173392392363000,0.28722749514777200,0.25727946948953800,0.23138186067882000,0.20799458616892200,0.18461407176803500,0.16198395585554600,0.13978051430951400,0.12167289480457400,0.10773397075131200,0.09806879532418610,0.06456557448857250,0.06456557448857250,0.06456557448857250,0.06456557448857250,0.06456557448857250,0.06456557448857250,0.06456557448857250,0.06456557448857250,0.06456557448857250,0.06456557448857250,0.06456557448857250,0.06456557448857250,0.06456557448857250,0.06456557448857250,0.06456557448857250,0.06456557448857250,0.06456557448857250,0.06456557448857250,0.06456557448857250
2028,1,0,0.01521674660641370,0.06847405847656340,0.16098924056176400,0.29771287349151500,0.45396714687978900,0.58223902136454300,0.67824540397172600,0.75145255390954100,0.82158382033603800,0.87956679829276500,0.92063437060763000,0.94210543375061400,0.94954539749553800,0.95186089462932500,0.95176413055001200,0.95312918251975800,0.95284710300051200,0.95358356487454700,0.95439255950460300,0.95548981739400700,0.95522527443116600,0.95395214672540500,0.95434506805648700,0.95659140882930500,0.95979573529272200,0.96044126784720900,0.96060880539402100,0.96001624206671400,0.96070232802167600,0.96111641883819600,0.96082871795869700,0.95959170415670000,0.95786580523553900,0.95723797746028500,0.95710513614308600,0.95619773688920200,0.95389965451511300,0.95071499965999300,0.94831318354584900,0.94717442155806100,0.94651857403343100,0.94445824724165200,0.94224264624657400,0.93840448109388600,0.93092448811932000,0.91837777871034200,0.90046481891899100,0.88473437419683900,0.85893558392684400,0.82510134513922300,0.77970532440319500,0.74071573013409600,0.70249659277118000,0.66094162090399700,0.61112389836374800,0.56024815656914900,0.51359454870689300,0.47262912524127300,0.43612637188116900,0.40065803050629400,0.36378214769064200,0.32652010767566400,0.29200865608538400,0.26211684226519400,0.23633679235128600,0.21306652125587700,0.18980300877361400,0.16706028048590300,0.14451468390390300,0.12583455479975900,0.11132219870575800,0.10108264555037800,0.06701032182691610,0.06701032182691610,0.06701032182691610,0.06701032182691610,0.06701032182691610,0.06701032182691610,0.06701032182691610,0.06701032182691610,0.06701032182691610,0.06701032182691610,0.06701032182691610,0.06701032182691610,0.06701032182691610,0.06701032182691610,0.06701032182691610,0.06701032182691610,0.06701032182691610,0.06701032182691610,0.06701032182691610
2029,1,0,0.01521019140869650,0.06874125034849040,0.16143707696741000,0.29824611924231500,0.45450119770129300,0.58278593174922400,0.67881907351876500,0.75199422397885100,0.82202623569776700,0.87984661200376000,0.92075886962819200,0.94208306002930800,0.94940608797936000,0.95163074939130200,0.95146808127658500,0.95276659947755100,0.95241869575464000,0.95311119121168100,0.95389848474095000,0.95499621391157600,0.95473272887794900,0.95346109358799500,0.95386028409691800,0.95611759009261500,0.95933796356641100,0.96000064542997500,0.96018553820056400,0.95960855894577100,0.96030757955209700,0.96073262359843700,0.96045617827247100,0.95923082897699000,0.95751312396246500,0.95688933585164300,0.95675663975854900,0.95584971939933400,0.95355271501005000,0.95035796579779200,0.94793416382159900,0.94676131759564000,0.94607117779889500,0.94397716376836000,0.94200802874082600,0.93869711485345400,0.93202602831731200,0.92029040802935500,0.90319084907736900,0.88809610710791200,0.86276059903242000,0.82921634613267900,0.78411529196592100,0.74541790445197100,0.70738937744388200,0.66592518847385400,0.61610054383135700,0.56521833571691600,0.51855644268855400,0.47756478818695900,0.44101838585833400,0.40549045443617700,0.36855558792574800,0.33123473056803100,0.29672549322758200,0.26689612008504100,0.24123895606276300,0.21809048967541700,0.19494877898968500,0.17209827874736200,0.14921547588534300,0.12996712589932300,0.11488475349523600,0.10407334335588700,0.06943942952923240,0.06943942952923240,0.06943942952923240,0.06943942952923240,0.06943942952923240,0.06943942952923240,0.06943942952923240,0.06943942952923240,0.06943942952923240,0.06943942952923240,0.06943942952923240,0.06943942952923240,0.06943942952923240,0.06943942952923240,0.06943942952923240,0.06943942952923240,0.06943942952923240,0.06943942952923240,0.06943942952923240
2030,1,0,0.01520888348474200,0.06903200347895220,0.16194033922523400,0.29888191318353600,0.45519166701205300,0.58353348159869500,0.67962647722051000,0.75279487270340600,0.82275182533602400,0.88042961824639500,0.92120074640388200,0.94238549171543200,0.94959416899331300,0.95172880859929600,0.95150021442283100,0.95273268091467600,0.95231886705842200,0.95296765756341700,0.95373353263414900,0.95483211129707900,0.95456959280652900,0.95329901075046600,0.95370460482315300,0.95597364860745200,0.95921117105984100,0.95989122183783400,0.96009352460792100,0.95953192245255100,0.96024411202167400,0.96068025017661600,0.96041495928030400,0.95920084601070400,0.95749073847035400,0.95687077287845800,0.95673817618593900,0.95583142180282300,0.95353470292292700,0.95032876314358700,0.94788215103306000,0.94667483382959200,0.94595018154742600,0.94382177575057700,0.94209830044975000,0.93931322389997400,0.93344832587394800,0.92251932959523000,0.90622685589742400,0.89176228410287100,0.86688108412036900,0.83361510249824900,0.78879331337814400,0.75037464025972300,0.71252351434316200,0.67113576610844000,0.62128702532790500,0.57038081201528300,0.52369455088395600,0.48266254656210000,0.44605991803246100,0.41046017869736700,0.37345362525631100,0.33606111415931000,0.30154219247257000,0.27176494372646300,0.24622175649659200,0.22318705117880800,0.20015910098171600,0.17719300650524700,0.15396528250517100,0.13414236917297900,0.11848507519041800,0.10709837621266400,0.07189122204406220,0.07189122204406220,0.07189122204406220,0.07189122204406220,0.07189122204406220,0.07189122204406220,0.07189122204406220,0.07189122204406220,0.07189122204406220,0.07189122204406220,0.07189122204406220,0.07189122204406220,0.07189122204406220,0.07189122204406220,0.07189122204406220,0.07189122204406220,0.07189122204406220,0.07189122204406220,0.07189122204406220
2031,1,0,0.01522285185832140,0.06827337967465730,0.16065813636164800,0.29732968881712000,0.45360032544207100,0.58187733608594900,0.67787590931527800,0.75113797168528000,0.82139478574167900,0.87957030650236400,0.92082363483454700,0.94247259149781800,0.95005236535230400,0.95247316269759600,0.95244827712079300,0.95388579410181200,0.95367551873295100,0.95445126983853300,0.95526665922440700,0.95633750394913400,0.95604600144087800,0.95474550952607000,0.95510279597342700,0.95730530636445700,0.96045724768275000,0.96104936845469900,0.96116330243816800,0.96052962477920300,0.96118790362003600,0.96158687239153900,0.96128376789467300,0.96003096959267600,0.95828259818008000,0.95762624663938700,0.95745858831354700,0.95651606128345500,0.95418229316429700,0.95095824218011400,0.94851398935286200,0.94732994273958200,0.94662900434404600,0.94452302317722000,0.94292616850177900,0.94037056165840900,0.93483612881536100,0.92423294667365000,0.90826136110652600,0.89408908278452400,0.86946033580929500,0.83640883284851200,0.79179090912965200,0.75358198225944800,0.71571025981798000,0.67406780287157100,0.62372571847773500,0.57232519033183900,0.52514849011976400,0.48398097723734400,0.44759664569351200,0.41256586188477600,0.37612697190251800,0.33930176978722800,0.30511755543949200,0.27544412810331200,0.24977341014610100,0.22661347797900400,0.20346030713673900,0.18038905143739000,0.15707592853650200,0.13719074601320600,0.12147500869088300,0.11003378863804000,0.07475023585039540,0.07475023585039540,0.07475023585039540,0.07475023585039540,0.07475023585039540,0.07475023585039540,0.07475023585039540,0.07475023585039540,0.07475023585039540,0.07475023585039540,0.07475023585039540,0.07475023585039540,0.07475023585039540,0.07475023585039540,0.07475023585039540,0.07475023585039540,0.07475023585039540,0.07475023585039540,0.07475023585039540
2032,1,0,0.01521601506382320,0.06742106110866350,0.15915569064315900,0.29537024629845800,0.45138810407021100,0.57942490818766900,0.67519777158577100,0.74845338551706200,0.81891415094282200,0.87750809905897900,0.91918745473861700,0.94127124334532900,0.94921192520058900,0.95191570490641000,0.95209465747200400,0.95373535581009100,0.95372900184476100,0.95463071252614100,0.95549452469618100,0.95653615848699900,0.95621605689392300,0.95488741904547300,0.95519588675625000,0.95732882142334500,0.96039083234345200,0.96089417236822500,0.96091954036485500,0.96021461972938000,0.96081806260561300,0.96117929911981400,0.96083877767651700,0.95954898894878600,0.95776472598423100,0.95707286875526400,0.95687036156723000,0.95589333367925600,0.95352568952793900,0.95028792656452000,0.94784937575433600,0.94669022939649200,0.94601397428577300,0.94393330742801400,0.94246531586995700,0.94014278019701300,0.93494653382068400,0.92468381459150200,0.90905510296155100,0.89519463061151300,0.87085212588245600,0.83806038807340600,0.79370742414671400,0.75576057869905200,0.71792002589273600,0.67607967172660000,0.62531283689253000,0.57348803366821200,0.52588516139784100,0.48463835802739900,0.44852216818216300,0.41410849855479100,0.37828735515396400,0.34208007311825600,0.30827745754740200,0.27874846793255400,0.25298525482585700,0.22973169988045500,0.20648490322327900,0.18333997854816300,0.15997328892580500,0.14005299377371100,0.12430027126675800,0.11282014628412700,0.07750839648994020,0.07750839648994020,0.07750839648994020,0.07750839648994020,0.07750839648994020,0.07750839648994020,0.07750839648994020,0.07750839648994020,0.07750839648994020,0.07750839648994020,0.07750839648994020,0.07750839648994020,0.07750839648994020,0.07750839648994020,0.07750839648994020,0.07750839648994020,0.07750839648994020,0.07750839648994020,0.07750839648994020
2033,1,0,0.01520941884933310,0.06657053391000870,0.15765702402197200,0.29341708581943000,0.44918479273123900,0.57698357590784300,0.67253240493597400,0.74578270531647300,0.81644832825653200,0.87546123769345700,0.91756688724967800,0.94008546450397100,0.94838685828767500,0.95137341232099100,0.95175602591578600,0.95359975160936800,0.95379713900449600,0.95482471201133500,0.95573691755133800,0.95674938224092400,0.95640070186534500,0.95504392243962800,0.95530361924751900,0.95736707246405700,0.96033927954203900,0.96075392492062100,0.96069080547419500,0.95991469386272900,0.96046335846469000,0.96078690158571300,0.96040899096463200,0.95908222457097300,0.95726207422252600,0.95653473197173200,0.95629740355142900,0.95528589018957300,0.95288436340310000,0.94963285065177000,0.94719995923805200,0.94606567329541700,0.94541406926426600,0.94335866230521100,0.94201939752430300,0.93992969155350800,0.93507125312259300,0.92514853817876800,0.90986215701725600,0.89631300184206400,0.87225611154495800,0.83972340419685500,0.79563448257730800,0.75794890235413400,0.72013890838545300,0.67810018668126500,0.62690819367223700,0.57465869090726100,0.52662928886919800,0.48530262918027100,0.44945378770645700,0.41565615723507700,0.38045166313678000,0.34486119779652500,0.31143932322069700,0.28205418869766900,0.25619816493472400,0.23285071138439200,0.20951001319253700,0.18629112778179500,0.16287055852100600,0.14291487466322000,0.12712495678812400,0.11560578424611700,0.08026531801461450,0.08026531801461450,0.08026531801461450,0.08026531801461450,0.08026531801461450,0.08026531801461450,0.08026531801461450,0.08026531801461450,0.08026531801461450,0.08026531801461450,0.08026531801461450,0.08026531801461450,0.08026531801461450,0.08026531801461450,0.08026531801461450,0.08026531801461450,0.08026531801461450,0.08026531801461450,0.08026531801461450
2034,1,0,0.01520263313427880,0.06571989989747550,0.15615765097493200,0.29146187535224400,0.44697765121465800,0.57453698173757100,0.66986074649867800,0.74310479740616800,0.81397419028995800,0.87340493481122100,0.91593596266227400,0.93888865702599300,0.94755033890831600,0.95081938022957300,0.95140547082805200,0.95345202164700200,0.95385296868488300,0.95500628013096300,0.95596682476724200,0.95695013300786000,0.95657290346112200,0.95518802462981300,0.95539899009232200,0.95739299646823000,0.96027544051765500,0.96060146392935400,0.96044993567185300,0.95960270566018300,0.96009663311805100,0.96038251184129400,0.95996724977753300,0.95860355527524700,0.95674757247680900,0.95598478575165300,0.95571266977057900,0.95466671425223600,0.95223136546676600,0.94896615677211200,0.94653895101799300,0.94542951819192200,0.94480255192775900,0.94277240904539800,0.94156177502842200,0.93970472082813300,0.93518385563930600,0.92560097337546700,0.91065681790520400,0.89741888009528900,0.87364766195332000,0.84137417500558100,0.79754962961634300,0.76012556875889100,0.72234659226449600,0.68011021729170500,0.62849409736693100,0.57582093949647000,0.52736599954587200,0.48596008443814600,0.45037881654181800,0.41719711743241100,0.38260918237133200,0.34763544827019800,0.31459440900649600,0.28535338038976100,0.25940495960718100,0.23596398983319700,0.21252977240377300,0.18923728945313400,0.16576318867884000,0.14577240348615300,0.12994552571067000,0.11838748786602600,0.08301878425349240,0.08301878425349240,0.08301878425349240,0.08301878425349240,0.08301878425349240,0.08301878425349240,0.08301878425349240,0.08301878425349240,0.08301878425349240,0.08301878425349240,0.08301878425349240,0.08301878425349240,0.08301878425349240,0.08301878425349240,0.08301878425349240,0.08301878425349240,0.08301878425349240,0.08301878425349240,0.08301878425349240
2035,1,0,0.01519809303490910,0.06487958510900370,0.15468240894791000,0.28955107647195000,0.44483802878791200,0.57217688464964400,0.66728980154714600,0.74053840233671300,0.81162185814981700,0.87147888550877000,0.91444124311223800,0.93783111408258000,0.94685409232999500,0.95040589237379700,0.95119539483317200,0.95344492136261800,0.95404933555248600,0.95532846178061300,0.95633745108205600,0.95729176950516300,0.95688595645057800,0.95547279503481100,0.95563509653218800,0.95756000165808100,0.96035317433603500,0.96059068982320200,0.96035079625672700,0.95943237593905600,0.95987167980826200,0.96011996431359600,0.95966731741992100,0.95826652132664700,0.95637445922656600,0.95557614200162000,0.95526922426018200,0.95418869808014900,0.95171919356002600,0.94843981789468900,0.94601793584494000,0.94493317412025700,0.94433073487414300,0.94232553805311400,0.94124326059102300,0.93961841122278000,0.93543420161475900,0.92618948664751400,0.91158509955919000,0.89865619635803600,0.87516693424326300,0.84314771820187500,0.79958089331569200,0.76241264152690500,0.72465909154736800,0.68221898569706000,0.63017144750709100,0.57706718704420400,0.52817988477673900,0.48668867086849900,0.45136953333493600,0.41879841661361900,0.38482148389754700,0.35045886735606600,0.31779351022717900,0.28869217066707000,0.26264759739320300,0.23910972630523500,0.21557860554531300,0.19220914701581300,0.16867809497990500,0.14864928835075500,0.13278314563360300,0.12118456800514300,0.08578243540254000,0.08578243540254000,0.08578243540254000,0.08578243540254000,0.08578243540254000,0.08578243540254000,0.08578243540254000,0.08578243540254000,0.08578243540254000,0.08578243540254000,0.08578243540254000,0.08578243540254000,0.08578243540254000,0.08578243540254000,0.08578243540254000,0.08578243540254000,0.08578243540254000,0.08578243540254000,0.08578243540254000
2036,1,0,0.01521445281716400,0.06470477372888070,0.15441249078144000,0.28928743834832800,0.44465552600401000,0.57204543285400000,0.66717471156242700,0.74050163829118900,0.81174658907882200,0.87183852655125600,0.91501760822882200,0.93860313473402000,0.94777415158438500,0.95143594897113900,0.95230032345147400,0.95462629362509500,0.95530538060015100,0.95663036531269700,0.95765538172786400,0.95859612782952300,0.95817527835830700,0.95674599617935200,0.95688856749677600,0.95879033447104700,0.96155599832970400,0.96176325399486200,0.96149258670584300,0.96054708069309500,0.96096517878955200,0.96119647032035900,0.96072607594400500,0.95930651174563600,0.95738928328298900,0.95656110760159100,0.95621899092324300,0.95510243306593100,0.95259540172153000,0.94928919029592100,0.94685295836221300,0.94576684891758700,0.94516358114105700,0.94315604581014000,0.94219566289462400,0.94081536362110800,0.93699618871137200,0.92811106112967400,0.91386049208013400,0.90121129850501300,0.87791446649557900,0.84600258664089600,0.80253066767363200,0.76546420946147100,0.72780234603314300,0.68543940496511700,0.63344921277739900,0.58040116082232700,0.53157460635044800,0.48994320503183600,0.45428162731075400,0.42116213184634400,0.38663530711551300,0.35172238339512100,0.31880253425678600,0.28974452730332900,0.26404056522841200,0.24084600364515300,0.21765819965623900,0.19446636319200100,0.17094689055133100,0.15076756453737600,0.13475538327884100,0.12301536087187600,0.08744616047508000,0.08744616047508000,0.08744616047508000,0.08744616047508000,0.08744616047508000,0.08744616047508000,0.08744616047508000,0.08744616047508000,0.08744616047508000,0.08744616047508000,0.08744616047508000,0.08744616047508000,0.08744616047508000,0.08744616047508000,0.08744616047508000,0.08744616047508000,0.08744616047508000,0.08744616047508000,0.08744616047508000
2037,1,0,0.01521153263039420,0.06444775143738900,0.15394651341806100,0.28865670289918600,0.44390896527802100,0.57118841684470900,0.66621343221512500,0.73952576350746000,0.81084200172887600,0.87109285055532100,0.91443408975673000,0.93818553447577300,0.94749309047667700,0.95126033871334400,0.95219855525415500,0.95459808695681000,0.95535105155550800,0.95672025500571400,0.95776001281740200,0.95868598157444100,0.95825061609651900,0.95680701146444100,0.95692965435066500,0.95880585095813300,0.96154047435360000,0.96171718060377200,0.96141605562993400,0.96044463902796200,0.96084098238216000,0.96105497259582400,0.96056741158044900,0.95913086292201500,0.95719087720426700,0.95633386692611500,0.95595695404500100,0.95480574862733000,0.95226433660316800,0.94893545850803100,0.94648795354480100,0.94540187255438700,0.94479854055782900,0.94279121053504800,0.94195404788078400,0.94082026540355600,0.93737129133419300,0.92885733692675100,0.91497897086774600,0.90262577552846300,0.87955108801527200,0.84778710879186200,0.80446530923256100,0.76754774099592900,0.73002540665215500,0.68779342180015000,0.63592655846527500,0.58300203840341400,0.53429820557141300,0.49257928835966900,0.45662019239613300,0.42299383424365500,0.38796041694057000,0.35254097475385300,0.31940815635914600,0.29043037067726800,0.26509991786598100,0.24227838390444200,0.21946360624022900,0.19647895998581300,0.17300090355098100,0.15269651576280100,0.13655847290890200,0.12469176892954700,0.08900046061484320,0.08900046061484320,0.08900046061484320,0.08900046061484320,0.08900046061484320,0.08900046061484320,0.08900046061484320,0.08900046061484320,0.08900046061484320,0.08900046061484320,0.08900046061484320,0.08900046061484320,0.08900046061484320,0.08900046061484320,0.08900046061484320,0.08900046061484320,0.08900046061484320,0.08900046061484320,0.08900046061484320
2038,1,0,0.01520975626635520,0.06419565077977270,0.15349224669683600,0.28804785042621500,0.44319598818956600,0.57037458173437400,0.66530250567382200,0.73860575437067200,0.80999861637880500,0.87041285446349400,0.91391945758429200,0.93783855386903200,0.94728330619712300,0.95115625578495800,0.95216836208500500,0.95464161289823300,0.95546848888941800,0.95688200030275000,0.95793657308283100,0.95884783862970100,0.95839792891475600,0.95693989778525500,0.95704262760678500,0.95889340270914600,0.96159720068973600,0.96174338023208100,0.96141178435032900,0.96041439216990900,0.96078901727665200,0.96098572759211400,0.96048096860390100,0.95902733279299100,0.95706445108389700,0.95617855071832000,0.95576682405626400,0.95458089527756300,0.95200492223715600,0.94865313435360000,0.94619417594698500,0.94510804179910500,0.94450460027088300,0.94249732467175200,0.94178328134149600,0.94089585437630900,0.93781670773068900,0.92967317222249500,0.91616585150506600,0.90410763487029800,0.88125328955866200,0.84963477871865300,0.80645979723557500,0.76968829920534400,0.73230263162739400,0.69019838945858500,0.63845091987985600,0.58564591708459900,0.53706110863809900,0.49525156799000400,0.45899234383166700,0.42485675293201400,0.38931426719453800,0.35338580165243300,0.32003759030245800,0.29113782387739700,0.26617886182290800,0.24372852563301300,0.22128494495146100,0.19850569799368500,0.17506728095183600,0.15463634442085600,0.13837126628900600,0.12637702823562500,0.09056096802351120,0.09056096802351120,0.09056096802351120,0.09056096802351120,0.09056096802351120,0.09056096802351120,0.09056096802351120,0.09056096802351120,0.09056096802351120,0.09056096802351120,0.09056096802351120,0.09056096802351120,0.09056096802351120,0.09056096802351120,0.09056096802351120,0.09056096802351120,0.09056096802351120,0.09056096802351120,0.09056096802351120
2039,1,0,0.01520716670849820,0.06394018808848510,0.15302989870598200,0.28742376248898300,0.44245950528337600,0.56953046585223400,0.66435624769759700,0.73764649477019000,0.80911213914073000,0.86968648749962300,0.91335607952714300,0.93744149961637200,0.94702290361150600,0.95100131701460500,0.95208723772002900,0.95463405416947600,0.95553477610267700,0.95699250714097200,0.95806183421896800,0.95895835202408600,0.95849392631614400,0.95702155083273800,0.95710436780897800,0.95892962968831700,0.96160246645141600,0.96171812022709500,0.96135607992298500,0.96033277297875200,0.96068566602948800,0.96086509088255300,0.96034316586155900,0.95887252557019000,0.95688685945303000,0.95597212468648900,0.95552561626241300,0.95430503753453200,0.95169465120883200,0.94832013942890400,0.94584986241751800,0.94476373323429900,0.94416021448924600,0.94215310068497300,0.94156217954222400,0.94092108485788600,0.93821182422102400,0.93043903696604000,0.91730337772041000,0.90554070022723800,0.88290785655584900,0.85143646390007200,0.80841056816394300,0.77178706564682500,0.73454002569766600,0.69256574207441600,0.64094040041151900,0.58825770558385800,0.53979448658999200,0.49789658527585400,0.46133925888855500,0.42669640761166400,0.39064690102975400,0.35421148035873500,0.32064972196345500,0.29182949850532800,0.26724325585904900,0.24516521196783600,0.22309392243479800,0.20052123448350600,0.17712369938469100,0.15656734346268400,0.14017613667588800,0.12805504282984200,0.09211618264197830,0.09211618264197830,0.09211618264197830,0.09211618264197830,0.09211618264197830,0.09211618264197830,0.09211618264197830,0.09211618264197830,0.09211618264197830,0.09211618264197830,0.09211618264197830,0.09211618264197830,0.09211618264197830,0.09211618264197830,0.09211618264197830,0.09211618264197830,0.09211618264197830,0.09211618264197830,0.09211618264197830
2040,1,0,0.01520609107844310,0.06369114980810690,0.15258289052381400,0.28682842721060100,0.44176723012104400,0.56874322880493200,0.66347632952439400,0.73676087140442900,0.80830639232633600,0.86904684028392600,0.91288372761374400,0.93713782822872200,0.94685680443095700,0.95094105213708200,0.95210087752310100,0.95472149532137900,0.95569613503461400,0.95719822010451700,0.95828240433644800,0.95916426716843100,0.95868528274931900,0.95719841984882900,0.95726133701962900,0.95906127346046800,0.96170342244776300,0.96178856932175800,0.96139605590411900,0.96034673860903900,0.96067793995795600,0.96084010136903200,0.96030096251377700,0.95881317549247100,0.95680453285906400,0.95586087961238200,0.95537955337467300,0.95412421158453200,0.95147916050014700,0.94808159449352600,0.94559975578134300,0.94451352347811500,0.94390986747715500,0.94190271569576000,0.94143482826694700,0.94103994270630400,0.93870020933910100,0.93129730750605600,0.91853191300787600,0.90706353290451700,0.88464988524501700,0.85332244352329300,0.81044131599185300,0.77396212882672000,0.73684997655286300,0.69500144319070400,0.64349306264486800,0.59092740372274600,0.54258092218335800,0.50059051212941900,0.46373151743628300,0.42857808062167400,0.39201808799728800,0.35507220858018500,0.32129361478352200,0.29255004715074400,0.26833398745675500,0.24662594910845600,0.22492466464058400,0.20255623965448300,0.17919724829899100,0.15851345759385100,0.14199452141548600,0.12974539614515800,0.09368018920615450,0.09368018920615450,0.09368018920615450,0.09368018920615450,0.09368018920615450,0.09368018920615450,0.09368018920615450,0.09368018920615450,0.09368018920615450,0.09368018920615450,0.09368018920615450,0.09368018920615450,0.09368018920615450,0.09368018920615450,0.09368018920615450,0.09368018920615450,0.09368018920615450,0.09368018920615450,0.09368018920615450
女性有配偶,,,,,,,,,,,,,,,,,,,,,,,,,,,,,,,,,,,,,,,,,,,,,,,,,,,,,,,,,,,,,,,,,,,,,,,,,,,,,,,,,,,,,,,,,,,,,
年度,性,合計,15.00000000000000000,16.00000000000000000,17.00000000000000000,18.00000000000000000,19.00000000000000000,20.00000000000000000,21.00000000000000000,22.00000000000000000,23.00000000000000000,24.00000000000000000,25.00000000000000000,26.00000000000000000,27.00000000000000000,28.00000000000000000,29.00000000000000000,30.00000000000000000,31.00000000000000000,32.00000000000000000,33.00000000000000000,34.00000000000000000,35.00000000000000000,36.00000000000000000,37.00000000000000000,38.00000000000000000,39.00000000000000000,40.00000000000000000,41.00000000000000000,42.00000000000000000,43.00000000000000000,44.00000000000000000,45.00000000000000000,46.00000000000000000,47.00000000000000000,48.00000000000000000,49.00000000000000000,50.00000000000000000,51.00000000000000000,52.00000000000000000,53.00000000000000000,54.00000000000000000,55.00000000000000000,56.00000000000000000,57.00000000000000000,58.00000000000000000,59.00000000000000000,60.00000000000000000,61.00000000000000000,62.00000000000000000,63.00000000000000000,64.00000000000000000,65.00000000000000000,66.00000000000000000,67.00000000000000000,68.00000000000000000,69.00000000000000000,70.00000000000000000,71.00000000000000000,72.00000000000000000,73.00000000000000000,74.00000000000000000,75.00000000000000000,76.00000000000000000,77.00000000000000000,78.00000000000000000,79.00000000000000000,80.00000000000000000,81.00000000000000000,82.00000000000000000,83.00000000000000000,84.00000000000000000,85.00000000000000000,86.00000000000000000,87.00000000000000000,88.00000000000000000,89.00000000000000000,90.00000000000000000,91.00000000000000000,92.00000000000000000,93.00000000000000000,94.00000000000000000,95.00000000000000000,96.00000000000000000,97.00000000000000000,98.00000000000000000,99.00000000000000000,100.00000000000000000,101.00000000000000000,102.00000000000000000,103.00000000000000000,104.00000000000000000,105.00000000000000000
2020,3,0,0.01863068108474570,0.08107394120740370,0.17934654743762800,0.34590517805938400,0.46169477351980300,0.54564031747469400,0.56840525170316000,0.63555803800097500,0.69815427749794800,0.71461388884296900,0.73974518006543500,0.73806009597858700,0.74617526772212900,0.73092901642530100,0.71784807462492300,0.70502270658602400,0.69899834804641900,0.68982950825408900,0.69346638809654900,0.69486117622710900,0.70008364375641900,0.69767307475191200,0.70455526822334800,0.71174584769980400,0.71513362593804700,0.72818162947339200,0.74101351481483600,0.76096120749377000,0.77091793359205000,0.78224295744042200,0.78652329885423700,0.78946561616726100,0.78722732825985600,0.78153236603382800,0.77840429045027100,0.77762567827938500,0.78005495269499700,0.77444244382281000,0.77095701055858100,0.76806986840857600,0.75516434790151700,0.73742894415251800,0.71584643730028900,0.70066525377093100,0.67851238613593300,0.65482858617584400,0.61862068629049500,0.58332596060158600,0.54323235025989000,0.50447548384504800,0.46172443927420900,0.41997157902444100,0.38161287332800400,0.35245887750845900,0.31995629994010500,0.29142613549941200,0.25845477742127100,0.22916724639896600,0.20146837270067200,0.17601487612743300,0.15392197224228500,0.13572037320195000,0.12170214274587600,0.10758090216367900,0.10031635879389100,0.08490300547526710,0.07273309758174100,0.06032125834677420,0.05458228407308000,0.04927553240501840,0.03777838295266210,0.02531058520148230,0.02780554940308680,0.02780554940308680,0.02780554940308680,0.02780554940308680,0.02780554940308680,0.02780554940308680,0.02780554940308680,0.02780554940308680,0.02780554940308680,0.02780554940308680,0.02780554940308680,0.02780554940308680,0.02780554940308680,0.02780554940308680,0.02780554940308680,0.02780554940308680,0.02780554940308680,0.02780554940308680,0.02780554940308680
2021,3,0,0.01729816550344630,0.06334801537782300,0.14700343013271100,0.30055750402495900,0.46593906442454100,0.57473080232914800,0.63642055625104500,0.66796256942030300,0.72223665596532300,0.75060653132521400,0.76625302241914400,0.77851107242273300,0.76418065222529100,0.76190726811647200,0.73688239222984000,0.72880746101812100,0.71956241550191100,0.71683480003481300,0.71037495317225500,0.71530315002968900,0.71964617253186800,0.71944359893077900,0.72311060271658700,0.72725609532321800,0.73769314267396100,0.74390531601194500,0.75361997512412000,0.76827881047189500,0.77915049968907300,0.78440442679498800,0.78361097507005500,0.78021104597669800,0.77919383329903100,0.78321859434514600,0.77811170404279300,0.77624080984750500,0.77272533958729700,0.77543402132770200,0.77231730520813000,0.76154183280996500,0.75444923356401500,0.73809141907681100,0.72646918126332800,0.70240364358909800,0.68449362737578200,0.65600464835724900,0.62947580940795900,0.59471021713080700,0.56082163915468700,0.52098186657392800,0.48023996838440400,0.43325965949530500,0.39444743721823300,0.35953633486529900,0.32758439536350000,0.29556021871315200,0.26192062357842500,0.23815113021678500,0.20846172196415100,0.18960405575917700,0.16456208816975400,0.15012575072405300,0.12933544626155300,0.12151584137476300,0.10561535478545900,0.09510848681594130,0.08177909940840670,0.06897885849633170,0.06123962347946140,0.04729775897754360,0.04632459184304600,0.04594557042835570,0.02765156204976170,0.02765156204976170,0.02765156204976170,0.02765156204976170,0.02765156204976170,0.02765156204976170,0.02765156204976170,0.02765156204976170,0.02765156204976170,0.02765156204976170,0.02765156204976170,0.02765156204976170,0.02765156204976170,0.02765156204976170,0.02765156204976170,0.02765156204976170,0.02765156204976170,0.02765156204976170,0.02765156204976170
2022,3,0,0.01734762104505190,0.05593396368021500,0.11844727867077400,0.22730144325501700,0.33876745855063800,0.49336314381062300,0.61631900158081800,0.74109789221285900,0.77910482585016600,0.78514668528552200,0.78680277384978300,0.79086162696200800,0.78939539050741200,0.77087808882099200,0.75158290381537700,0.74156566008838000,0.73774517144623500,0.73591912349450200,0.72487646152731200,0.72428668132719700,0.72691294029031700,0.73618177084710300,0.73556022151786800,0.74258682977464400,0.75086288244004800,0.76592373159050500,0.77620994703709500,0.78657518608582000,0.79288921169498300,0.79619187626801900,0.79950631802288500,0.79896014897344900,0.79705650813623500,0.79148336799066100,0.79267105641314400,0.78767978396451200,0.78769215289171000,0.77791336045672500,0.77325758711599700,0.76082573620494900,0.75213037185779700,0.74342877937127700,0.73148659710497700,0.72078770433788300,0.69390963056484300,0.66520741767355700,0.63698791140265800,0.61543850538220000,0.58887954173843900,0.53725307572253300,0.48174257149492600,0.42823880978703500,0.39688364640260300,0.36408237792854200,0.33431043564391100,0.30169344228547800,0.27482831467402400,0.24876014276348400,0.22516858787629200,0.19913890795602800,0.17838953638526700,0.15404167529561100,0.13579605999553900,0.11585690299596100,0.10445134310901000,0.09332972752879950,0.07939142267742730,0.06625771386718770,0.05212196311973220,0.04328541096412940,0.03317419897976420,0.02677230688830280,0.03318288337566930,0.03318288337566930,0.03318288337566930,0.03318288337566930,0.03318288337566930,0.03318288337566930,0.03318288337566930,0.03318288337566930,0.03318288337566930,0.03318288337566930,0.03318288337566930,0.03318288337566930,0.03318288337566930,0.03318288337566930,0.03318288337566930,0.03318288337566930,0.03318288337566930,0.03318288337566930,0.03318288337566930
2023,3,0,0.01734857275251330,0.06386393700548040,0.13381442638934300,0.22807070557079000,0.35303402491240100,0.48269816652689100,0.61680017670597600,0.71264516019885000,0.77012469548700900,0.78716906778579000,0.79289679243457400,0.79612168115288000,0.79227066293076400,0.78028346364802500,0.76509469762272500,0.75480513803936400,0.75033894359861300,0.74488697548669000,0.73986802042942800,0.73568930025713000,0.73828144902894000,0.74086300751008200,0.74491153677152100,0.74862922912750000,0.75757478164053900,0.76760692949192900,0.77833551100936300,0.78669690050772900,0.79327888778789500,0.79805905614669200,0.80055236750029200,0.80131014850947200,0.79915731102212800,0.79763452906322900,0.79513455143446200,0.79449651230544900,0.79020277901332400,0.78599887949378500,0.77762467372882200,0.76958962507379400,0.76020589605097100,0.75098539886429600,0.74046274772011000,0.72324666257487800,0.69980931955173700,0.67053145162799600,0.64302990373375600,0.61630470924363200,0.58183866459029000,0.53611353061623200,0.48140630454813600,0.43345655005836300,0.39286348631915200,0.35996799325372300,0.32643839733763700,0.29488762359658400,0.26457150771105000,0.23898598126086700,0.21540089754904900,0.19531078944549500,0.17496856544388800,0.15722117199614500,0.13827721335158100,0.12218094024675100,0.10699281245480200,0.09380507844979580,0.08004126320104600,0.06553865874647490,0.05300270945560290,0.04174029201512820,0.03305596888900200,0.02518324364020060,0.03136019767139480,0.03136019767139480,0.03136019767139480,0.03136019767139480,0.03136019767139480,0.03136019767139480,0.03136019767139480,0.03136019767139480,0.03136019767139480,0.03136019767139480,0.03136019767139480,0.03136019767139480,0.03136019767139480,0.03136019767139480,0.03136019767139480,0.03136019767139480,0.03136019767139480,0.03136019767139480,0.03136019767139480
2024,3,0,0.01734413616161700,0.06379842724087150,0.13369308028670400,0.22789853730870100,0.35281441166278600,0.48242990613752700,0.61648213427040300,0.71289498636353900,0.77156006862531700,0.79040819556405500,0.79794256888544400,0.80297474633241300,0.80058184154535800,0.78970385155044400,0.77527412872533000,0.76574235945668500,0.76203246610792700,0.75669326702143700,0.75114318609341500,0.74578934101437900,0.74720463334937400,0.74860933810198000,0.75148074566886900,0.75402150812182700,0.76178890098483600,0.77064261130864000,0.78019257719788500,0.78792439192815500,0.79442569498346600,0.79967407539332100,0.80263618362124500,0.80386320533596500,0.80223241090784800,0.80128356889705500,0.79940983913136000,0.79939757170755400,0.79573054499981400,0.79213132932010100,0.78434087410592900,0.77686748949709600,0.76804576942163700,0.75938723943867000,0.74879277619319500,0.73087247836627700,0.70609840133035000,0.67548529300485200,0.64664805044640000,0.61864884471882100,0.58297265037908000,0.53610212799716600,0.48025181053253600,0.43115723654229100,0.38920405676583300,0.35473306395236600,0.31941471525571500,0.28607468268529600,0.25396899222846900,0.22831418598217600,0.20638081543620100,0.18966303126007400,0.17269319566007900,0.15831752703189000,0.14127932274055900,0.12562179927698500,0.10940591241745300,0.09518990777950270,0.08039796922040690,0.06513334000475460,0.05210077263247960,0.04060732104431850,0.03169130446844540,0.02358667821808250,0.02952813829052630,0.02952813829052630,0.02952813829052630,0.02952813829052630,0.02952813829052630,0.02952813829052630,0.02952813829052630,0.02952813829052630,0.02952813829052630,0.02952813829052630,0.02952813829052630,0.02952813829052630,0.02952813829052630,0.02952813829052630,0.02952813829052630,0.02952813829052630,0.02952813829052630,0.02952813829052630,0.02952813829052630
2025,3,0,0.01734563470586540,0.06375475752470950,0.13361749849717800,0.22780437483959200,0.35271555283848700,0.48232675700816500,0.61637507817255100,0.71338869083956000,0.77325919185228400,0.79391721694011600,0.80326051089518600,0.81010139278454200,0.80916553575104300,0.79939284523593300,0.78571709986160800,0.77693973123001600,0.77398474153204100,0.76875646553918600,0.76267344970036500,0.75614284688131900,0.75638196633402400,0.75661049728956700,0.75830596497853500,0.75967086618072500,0.76626295657221300,0.77394145828300600,0.78231627571615700,0.78942126777867200,0.79584412472698300,0.80156243365427500,0.80499427286428400,0.80669087564852600,0.80558147788511300,0.80520615397242900,0.80395792490625300,0.80457131901347800,0.80152963806327400,0.79853377232806000,0.79132430326070700,0.78440993052183900,0.77614710581931500,0.76804748530900900,0.75737759717478700,0.73874707440685700,0.71262801316353500,0.68066941613467300,0.65048683830877400,0.62120425703271900,0.58430591115993100,0.53627415736006600,0.47926183261755400,0.42900583504990300,0.38567841508465000,0.34962039491570600,0.31250151201916800,0.27736111617661800,0.24345516909559200,0.21772231686444800,0.19743287514690600,0.18408112370805300,0.17047729906793000,0.15946786553726800,0.14432926314477900,0.12910505771780600,0.11185603749799600,0.09660707229084690,0.08078212340149970,0.06475037560656590,0.05121681509829260,0.03948843594644200,0.03033771449888180,0.02199845348146510,0.02770649237752770,0.02770649237752770,0.02770649237752770,0.02770649237752770,0.02770649237752770,0.02770649237752770,0.02770649237752770,0.02770649237752770,0.02770649237752770,0.02770649237752770,0.02770649237752770,0.02770649237752770,0.02770649237752770,0.02770649237752770,0.02770649237752770,0.02770649237752770,0.02770649237752770,0.02770649237752770,0.02770649237752770
2026,3,0,0.01736467039726440,0.06383634202089410,0.13378469641457300,0.22808120612992000,0.35313306121434000,0.48289010043863900,0.61708912610124100,0.71486530830192700,0.77611012491846700,0.79875194068928900,0.81006660815532100,0.81887611732325000,0.82001435169774900,0.81242005333611900,0.80103241535777100,0.79454852976793600,0.79389341278903400,0.78940316800147800,0.78249789861546000,0.77358520432016900,0.77144966162084900,0.76930351880418900,0.76905903508605500,0.76891673460487800,0.77444047230745200,0.78105181359418600,0.78836023476391100,0.79480494940784300,0.80097429273375600,0.80684582723814600,0.81042838277536500,0.81227379757915400,0.81136363902078700,0.81124186649709000,0.81029973745024800,0.81122127458560100,0.80848372545943700,0.80601003080505400,0.79953609764406900,0.79357557363795900,0.78626511783099600,0.77911804532210000,0.76918937624703400,0.75108282802331700,0.72527101490369800,0.69361325749271000,0.66373346834876000,0.63450844414584600,0.59741307825053000,0.54892586695064700,0.49144822912312800,0.44073433309445200,0.39678397456682400,0.35993834976405700,0.32185805424790800,0.28575841704495100,0.25089458332971100,0.22388710901535400,0.20200331411686800,0.18673911827294100,0.17122257259401200,0.15830326519787200,0.14228959923872900,0.12722957809103800,0.11118186183929200,0.09713639552882430,0.08251431343201180,0.06711223736100970,0.05363812205221270,0.04139820104702820,0.03173876655565440,0.02289168301878900,0.02810731538165410,0.02810731538165410,0.02810731538165410,0.02810731538165410,0.02810731538165410,0.02810731538165410,0.02810731538165410,0.02810731538165410,0.02810731538165410,0.02810731538165410,0.02810731538165410,0.02810731538165410,0.02810731538165410,0.02810731538165410,0.02810731538165410,0.02810731538165410,0.02810731538165410,0.02810731538165410,0.02810731538165410
2027,3,0,0.01736026952426310,0.06383177835062890,0.13377134654916900,0.22805022580695900,0.35307398234388100,0.48280173054668800,0.61697033941819000,0.71537767858995400,0.77791525344341200,0.80251195374876800,0.81578437648284000,0.82655227582193600,0.82976481425911300,0.82436100281511000,0.81527878282850000,0.81109907243160500,0.81274665341228200,0.80900112701908000,0.80128223655361100,0.78999747840368100,0.78548815425976400,0.78096823268498300,0.77878249098679800,0.77713190935979000,0.78157893265667000,0.78711328389727600,0.79334453835411500,0.79911971429677200,0.80502699782633200,0.81104395712581300,0.81477251757312300,0.81676437754504100,0.81605485554833400,0.81618701280468800,0.81555251447331000,0.81678120999968900,0.81435174661724900,0.81240400456660300,0.80667497155395600,0.80167715130947500,0.79532974138859800,0.78914567335820000,0.77997225832592700,0.76241458133412700,0.73694513685698300,0.70563122967480700,0.67609484015436700,0.64696689273810500,0.60972444138134000,0.56084687485591500,0.50298116032150500,0.45187747339453700,0.40736300982470700,0.36977887936362800,0.33078779109776000,0.29377685917035600,0.25800141753070200,0.22975472185328300,0.20630478471892800,0.18914714664295500,0.17173722268710000,0.15692387877431200,0.14005603890816000,0.12518068054389800,0.11035695577595900,0.09753497350242450,0.08413652157908520,0.06938545045357730,0.05598902856277970,0.04325366527510970,0.03309813450706750,0.02375474881266760,0.02847051498681800,0.02847051498681800,0.02847051498681800,0.02847051498681800,0.02847051498681800,0.02847051498681800,0.02847051498681800,0.02847051498681800,0.02847051498681800,0.02847051498681800,0.02847051498681800,0.02847051498681800,0.02847051498681800,0.02847051498681800,0.02847051498681800,0.02847051498681800,0.02847051498681800,0.02847051498681800,0.02847051498681800
2028,3,0,0.01735580422839930,0.06382697187275130,0.13375748976832200,0.22801838550448000,0.35301357770293800,0.48271155163707300,0.61684924399054100,0.71588703995228800,0.77971647281003000,0.80626696505150200,0.82149609247887600,0.83422134070852700,0.83950711175908100,0.83629268955197500,0.82951474532055700,0.82763804968715400,0.83158714657325300,0.82858597271535000,0.82005390623790000,0.80639833871513100,0.79951646246521100,0.79262399151023000,0.78849799140646100,0.78533990508068500,0.78871074664964700,0.79316863648689700,0.79832325028745900,0.80342920720754000,0.80907454205881500,0.81523682879406900,0.81911130528425200,0.82124952800187000,0.82074054284930000,0.82112649972501800,0.82079947747367700,0.82233516984146100,0.82021364422832000,0.81879159371708700,0.81380710251832400,0.80977151368527400,0.80438668230852600,0.79916515080851400,0.79074663942573000,0.77373762084753100,0.74861046801614100,0.71764035575448600,0.68844730395301000,0.65941649561943700,0.62202717692595800,0.57275964219318500,0.51450627132452700,0.46301318877845400,0.41793507914301500,0.37961296443178900,0.33971169819509500,0.30179007897390300,0.26510363225566600,0.23561845642288100,0.21060326676045000,0.19155321911046500,0.17225095047193600,0.15554459400100500,0.13782308113641200,0.12313234839613400,0.10953204708690700,0.09793297339687110,0.08575757833281230,0.07165723640796270,0.05833851971318340,0.04510801601777270,0.03445668127421150,0.02461728270960730,0.02883341980974970,0.02883341980974970,0.02883341980974970,0.02883341980974970,0.02883341980974970,0.02883341980974970,0.02883341980974970,0.02883341980974970,0.02883341980974970,0.02883341980974970,0.02883341980974970,0.02883341980974970,0.02883341980974970,0.02883341980974970,0.02883341980974970,0.02883341980974970,0.02883341980974970,0.02883341980974970,0.02883341980974970
2029,3,0,0.01734756629861920,0.06380828281677450,0.13371454305882500,0.22793696118103000,0.35287641618612200,0.48251642075227000,0.61659403642609400,0.71624028134009700,0.78134674026570200,0.80984381848994000,0.82702490558413000,0.84170330194646900,0.84905963857653400,0.84803370286448700,0.84355982285344100,0.84398486506352300,0.85023293458159300,0.84797622151616600,0.83863343028408900,0.82261175909124300,0.81336056403973700,0.80409877931194300,0.79803483821580400,0.79337103736293500,0.79566575133559300,0.79904699760924800,0.80312463714629300,0.80756075389505200,0.81294310355656600,0.81924927072813900,0.82326871356342000,0.82555272673871800,0.82524424242320800,0.82588372923446400,0.82586402921666900,0.82770615968079300,0.82589280806194000,0.82499637379899000,0.82075696402017200,0.81768378047045200,0.81326199479479700,0.80900343148561800,0.80134110287620800,0.78488404169082700,0.76010439665995300,0.72948456555860000,0.70064095143595500,0.67171352700120900,0.63418558280103000,0.58453908378378700,0.52591101375638400,0.47404002328176600,0.42840848714614500,0.38935726549705500,0.34855516816078500,0.30973177820086700,0.27214297446946900,0.24142663947664500,0.21485278491116400,0.19391585693963100,0.17272682769620500,0.15413247847107100,0.13556177274015100,0.12105872661828300,0.10868391239840800,0.09830937591534560,0.08735879160911080,0.07391177036762900,0.06067359960773880,0.04695119622674620,0.03580673759546090,0.02547382975775140,0.02918978612696940,0.02918978612696940,0.02918978612696940,0.02918978612696940,0.02918978612696940,0.02918978612696940,0.02918978612696940,0.02918978612696940,0.02918978612696940,0.02918978612696940,0.02918978612696940,0.02918978612696940,0.02918978612696940,0.02918978612696940,0.02918978612696940,0.02918978612696940,0.02918978612696940,0.02918978612696940,0.02918978612696940
2030,3,0,0.01734491107358870,0.06381012092680090,0.13371461477869300,0.22792887352899300,0.35285279645948400,0.48247654948314600,0.61653723439205500,0.71682358431647600,0.78322720062190600,0.81367880536832300,0.83281615101455500,0.84945118899172300,0.85887915682249400,0.86004000417357200,0.85786730383796100,0.86059277589259800,0.86914038398047100,0.86762693888475200,0.85747092787485600,0.83907948683075400,0.82745748563636300,0.81582489638654500,0.80782228096356800,0.80165221113620400,0.80287221071980300,0.80517857629935700,0.80818122855208600,0.81194935183252100,0.81707061187959600,0.82352259672152400,0.82768820723404800,0.83011865371210600,0.83001044520890100,0.83090350843654800,0.83119093143143000,0.83333989993575800,0.83183394586657200,0.83146250973670800,0.82796635069520100,0.82585398030690100,0.82239321421021500,0.81909564549712800,0.81218656148486000,0.79627582004115400,0.77183549762922500,0.74155588304789600,0.71305221357683600,0.68421880749984000,0.64654025893433500,0.59649907130046000,0.53747768737906500,0.48521234876931400,0.43901306217848000,0.39922063558191400,0.35750515398100900,0.31776807689476000,0.27926539707079800,0.24730879982139500,0.21916871468835800,0.19633935909779900,0.17325794082206300,0.15277080542191800,0.13334546901580600,0.11902532873993400,0.10787125373678100,0.09871715030717540,0.08898708722449480,0.07618865317429360,0.06302672150109960,0.04880831518577950,0.03716745903897250,0.02633802946947110,0.02955531378245120,0.02955531378245120,0.02955531378245120,0.02955531378245120,0.02955531378245120,0.02955531378245120,0.02955531378245120,0.02955531378245120,0.02955531378245120,0.02955531378245120,0.02955531378245120,0.02955531378245120,0.02955531378245120,0.02955531378245120,0.02955531378245120,0.02955531378245120,0.02955531378245120,0.02955531378245120,0.02955531378245120
2031,3,0,0.01737066109381410,0.06392061903378860,0.13394102950790700,0.22830366572006200,0.35341792815588800,0.48323899798903100,0.61750358671644700,0.71843302991851200,0.78591876803357800,0.81788845109959900,0.83852707806950700,0.85665968247825400,0.86730655111612600,0.86940605991344800,0.86789910597862200,0.87129759619448000,0.88052686590792800,0.87902368073531500,0.86820863381305600,0.84848946544954000,0.83554978675451600,0.82259950428518000,0.81350180326886100,0.80645658703670500,0.80702963002870300,0.80869065182090800,0.81104899398406000,0.81440534955131300,0.81934825670220000,0.82585527019242800,0.83007251503286700,0.83255201983779900,0.83258514750245600,0.83371708006623800,0.83433851996577600,0.83682426900002900,0.83564966941218200,0.83573866523468700,0.83282569240526000,0.83142595576399800,0.82867582160433100,0.82608912710888900,0.81995575640543700,0.80487756522965900,0.78132733088309800,0.75192913543301500,0.72430952163727500,0.69586772752815000,0.65807570536674700,0.60741073654538600,0.54775223955864000,0.49485981781696800,0.44798343001017000,0.40746439007250300,0.36496041652629600,0.32443778460731200,0.28515138252008200,0.25262210080997000,0.22411631673542300,0.20113046601752100,0.17789217840559100,0.15725202510649800,0.13731680542823700,0.12213591927968200,0.10976735699588300,0.09940173541636080,0.08845929912185810,0.07503782948701680,0.06184621547472280,0.04819045128153940,0.03711606385296340,0.02685430763460750,0.03066011886004790,0.03066011886004790,0.03066011886004790,0.03066011886004790,0.03066011886004790,0.03066011886004790,0.03066011886004790,0.03066011886004790,0.03066011886004790,0.03066011886004790,0.03066011886004790,0.03066011886004790,0.03066011886004790,0.03066011886004790,0.03066011886004790,0.03066011886004790,0.03066011886004790,0.03066011886004790,0.03066011886004790
2032,3,0,0.01736248826309920,0.06390630366996820,0.13390590145049500,0.22823264464255900,0.35329291813297000,0.48305778448552100,0.61726407907341700,0.71864001234819300,0.78707707582506800,0.82050389457485900,0.84260498844781600,0.86220123883380100,0.87404743543080100,0.87708245365927200,0.87624486595410800,0.88031041440660500,0.89020399899686800,0.88871402194605100,0.87726040800684300,0.85625070564735100,0.84201730323195800,0.82777330203129000,0.81759718607417400,0.80968970563047000,0.80961401646422600,0.81062579420825800,0.81233456423662300,0.81527217520036400,0.82002688837401600,0.82657626907368600,0.83083695845110600,0.83336072539317000,0.83353526771040800,0.83490409944740400,0.83585868020924100,0.83867669295535500,0.83783607925963000,0.83838579970040900,0.83606229714725600,0.83537865205337300,0.83334524479803900,0.83147520030918400,0.82613031597887200,0.81191498734936500,0.78930176928226300,0.76084334155534400,0.73416265866678800,0.70616845957524000,0.66833670895619300,0.61714634562782600,0.55696668555525300,0.50354991731479600,0.45608735659551500,0.41492015674474400,0.37170996129687100,0.33048017526243700,0.29048603741827200,0.25744706560836100,0.22863092325037300,0.20553334199800800,0.18218344262222400,0.16143045514685400,0.14102379656355900,0.12501096155378300,0.11145085416082200,0.09989274509607000,0.08775809270549120,0.07373918681525760,0.06054364186618620,0.04747777858196060,0.03699207753428290,0.02731862535689720,0.03170612188573260,0.03170612188573260,0.03170612188573260,0.03170612188573260,0.03170612188573260,0.03170612188573260,0.03170612188573260,0.03170612188573260,0.03170612188573260,0.03170612188573260,0.03170612188573260,0.03170612188573260,0.03170612188573260,0.03170612188573260,0.03170612188573260,0.03170612188573260,0.03170612188573260,0.03170612188573260,0.03170612188573260
2033,3,0,0.01735553579403140,0.06389646637637090,0.13388016097445300,0.22817763370585700,0.35319270414578400,0.48291048358559100,0.61706791277761700,0.71889703123406500,0.78828937392025600,0.82317439534861200,0.84673822706529500,0.86779821831062100,0.88084352634719100,0.88481345150205900,0.88464458865531200,0.88937689860118600,0.89993491096166600,0.89845802641613100,0.88636560113615500,0.86406502039502500,0.84853802616112900,0.83300043738603300,0.82174613442494800,0.81297658802212100,0.81225272628460700,0.81261589600249900,0.81367577890778800,0.81619521515754700,0.82076223046858100,0.82735439914052900,0.83165879295193300,0.83422695984462200,0.83454280587584900,0.83614842615925700,0.83743592440849200,0.84058610846708700,0.84007913110929300,0.84108921341080500,0.83935450549930600,0.83938628065314100,0.83806883413140000,0.83691468496071100,0.83235722695173100,0.81900301621106500,0.79732441837495500,0.76980295147898900,0.74405851755821300,0.71650956758473600,0.67863547951739200,0.62691660211448600,0.56621202755555600,0.51226763676089300,0.46421609697277300,0.42239842493034300,0.37847960309986100,0.33654039766657500,0.29583634563239200,0.26228581885246800,0.23315757485525100,0.20994674635793500,0.18648370077306100,0.16561652720598800,0.14473741425365800,0.12789223585738200,0.11314067333438800,0.10039030747850400,0.08706362916229850,0.07244682762283500,0.05924643308964880,0.04676904405673150,0.03687078408482500,0.02778444773402610,0.03275342965736580,0.03275342965736580,0.03275342965736580,0.03275342965736580,0.03275342965736580,0.03275342965736580,0.03275342965736580,0.03275342965736580,0.03275342965736580,0.03275342965736580,0.03275342965736580,0.03275342965736580,0.03275342965736580,0.03275342965736580,0.03275342965736580,0.03275342965736580,0.03275342965736580,0.03275342965736580,0.03275342965736580
2034,3,0,0.01734678212222080,0.06387998348527920,0.13384050083636400,0.22809890897664100,0.35305579756461300,0.48271302323080900,0.61680765940767200,0.71907894810189900,0.78941847898569500,0.82575675089969500,0.85077954320976000,0.87329975791917600,0.88754173407339100,0.89244530698823600,0.89294458165630900,0.89834255709547400,0.90956329661950400,0.90809964654585900,0.89537024716051500,0.87178227826243600,0.85496447945426000,0.83813609144849100,0.82580574889268800,0.81617582966154200,0.81480445707750300,0.81451956767904300,0.81493104006433100,0.81703241749513000,0.82141142910367500,0.82804566050053000,0.83239327092978700,0.83500553014712400,0.83546251917494300,0.83730454658808600,0.83892452708042600,0.84240625389282300,0.84223266386402300,0.84370258638702300,0.84255632115351600,0.84330286607528900,0.84270086983310400,0.84226208857912000,0.83849181922046000,0.82599933817374100,0.80525677282651000,0.77867428540756600,0.75386793467552300,0.72676670013178800,0.68885425731089600,0.63661273018986700,0.57539003806006600,0.52092412003719000,0.47228913829858800,0.42982593758361300,0.38520370432023600,0.34256008898806300,0.30115100407638800,0.26709287919908000,0.23765584945082900,0.21433429344355300,0.19076064756032800,0.16978156440592600,0.14843259892254800,0.13075758442002500,0.11481718086085400,0.10087696461828500,0.08636072659211020,0.07114809252752220,0.05794422755201330,0.04605607989289850,0.03674576045052060,0.02824695511651620,0.03379637892700190,0.03379637892700190,0.03379637892700190,0.03379637892700190,0.03379637892700190,0.03379637892700190,0.03379637892700190,0.03379637892700190,0.03379637892700190,0.03379637892700190,0.03379637892700190,0.03379637892700190,0.03379637892700190,0.03379637892700190,0.03379637892700190,0.03379637892700190,0.03379637892700190,0.03379637892700190,0.03379637892700190
2035,3,0,0.01734177854471470,0.06387729792879000,0.13382975275494500,0.22806946671215400,0.35299518324639300,0.48261988107420800,0.61668070946766900,0.71941588639655500,0.79071703280339300,0.82851524446428300,0.85500124040492700,0.87898538059874400,0.89442614949366700,0.90026368820380700,0.90143067850813200,0.90749495658206100,0.91938031919872300,0.91792957727431500,0.90456096189634900,0.87968153541516500,0.86157032620805100,0.84344853085773600,0.83004034096495500,0.81954865291795000,0.81752998683111700,0.81659749054016400,0.81636115517148900,0.81804525861022100,0.82223736046157300,0.82891505280141100,0.83330678373604900,0.83596366401064000,0.83656178276578900,0.83864042739510200,0.84059297614677900,0.84440673420871100,0.84456622978413900,0.84649594521165500,0.84593740886850500,0.84739831807249100,0.84751107509130500,0.84778700001991400,0.84480248176582400,0.83316835166823500,0.81335660093232100,0.78770661261594500,0.76383224867026600,0.73717252665587600,0.69921357859112900,0.64643854316373700,0.58468493329191600,0.52968614857517800,0.48045769272043000,0.43734031215235500,0.39200559627321500,0.34864892760454800,0.30652643326332300,0.27195376345402000,0.24220184068484100,0.21876461252296300,0.19507536719898000,0.17397993621742800,0.15215688387993700,0.13364887707635100,0.11651713516041900,0.10138500361879500,0.08567701644366910,0.06986573951296800,0.05665555766517790,0.04535361903433070,0.03662876506079890,0.02871519111915830,0.03484579419275110,0.03484579419275110,0.03484579419275110,0.03484579419275110,0.03484579419275110,0.03484579419275110,0.03484579419275110,0.03484579419275110,0.03484579419275110,0.03484579419275110,0.03484579419275110,0.03484579419275110,0.03484579419275110,0.03484579419275110,0.03484579419275110,0.03484579419275110,0.03484579419275110,0.03484579419275110,0.03484579419275110
2036,3,0,0.01735955687357240,0.06395361644104120,0.13398612429140600,0.22832829634627600,0.35338543587275200,0.48314637396310400,0.61734799042184700,0.72055905669775200,0.79267108262602900,0.83161304299734400,0.85923119066655500,0.88434491775315100,0.90055137031435200,0.90678960292520400,0.90799735421848000,0.91410741385017000,0.92604452564521800,0.92453293406959000,0.91099232414348300,0.88583017552670500,0.86744318277983600,0.84904559303713400,0.83527900573509400,0.82434447491926400,0.82180421710026700,0.82035124258945500,0.81959514268653400,0.82093743469739200,0.82496628057768200,0.83165924943126100,0.83606391337297500,0.83873194813201500,0.83940185953632800,0.84161656336256700,0.84376779079315700,0.84778213559614900,0.84813847166019600,0.85034757865050500,0.85014661927279100,0.85204791201592400,0.85259967048421900,0.85331476413769900,0.85087941571808400,0.83989893173259000,0.82084578725918800,0.79594841999986200,0.77282849743398100,0.74661728470870300,0.70879218565199000,0.65583273355913200,0.59388550242678400,0.53870002131611700,0.48910136679746400,0.44543063461965700,0.39935087612053000,0.35525119267312300,0.31238694879576200,0.27719838399814400,0.24695362301101100,0.22314814495674200,0.19909039137909500,0.17762911125316600,0.15550369015024900,0.13676093939446500,0.11946009075335500,0.10416090243377800,0.08828526812886200,0.07215296692742600,0.05847115613116690,0.04654627358086190,0.03720111764633190,0.02866807344634490,0.03419360397730820,0.03419360397730820,0.03419360397730820,0.03419360397730820,0.03419360397730820,0.03419360397730820,0.03419360397730820,0.03419360397730820,0.03419360397730820,0.03419360397730820,0.03419360397730820,0.03419360397730820,0.03419360397730820,0.03419360397730820,0.03419360397730820,0.03419360397730820,0.03419360397730820,0.03419360397730820,0.03419360397730820
2037,3,0,0.01735560358311340,0.06394988303220950,0.13397478011929600,0.22830131236405300,0.35333332435439400,0.48306806371295200,0.61724247016458000,0.72080051578702100,0.79363373512194000,0.83367157459440600,0.86238818013570100,0.88860093542587500,0.90555338073054400,0.91218481223376800,0.91343184409750800,0.91958006789738700,0.93155401686651500,0.92998342065481300,0.91628764097772700,0.89087406469975200,0.87223410138599900,0.85358354348966700,0.83947551804834300,0.82811148878139200,0.82505240551632800,0.82308035795251200,0.82180502629738900,0.82280355293625800,0.82666396588269700,0.83336383934875200,0.83777592901843100,0.84045178498785700,0.84119270709737400,0.84354080429571700,0.84588817401623700,0.85009823682159400,0.85065112392603400,0.85313707793129200,0.85329423231866900,0.85563387798711500,0.85662429671005500,0.85777801342187000,0.85589532332776500,0.84558276146806500,0.82731269532402600,0.80319973729843800,0.78086381918896200,0.75513430730307300,0.71749054631886000,0.66441287124720500,0.60234946392224100,0.54704626676618200,0.49713924919346100,0.45296942927520300,0.40620175692187400,0.36141370869793600,0.31786081869749400,0.28209994756584900,0.25139984216347600,0.22725564104741500,0.20285922185866100,0.18105868482693800,0.15865836975370400,0.13970416638307000,0.12225574845356500,0.10680853500765400,0.09078500685039950,0.07435163390076440,0.06021495695973520,0.04768157181294270,0.03772732580099510,0.02858500658145210,0.03349806053479230,0.03349806053479230,0.03349806053479230,0.03349806053479230,0.03349806053479230,0.03349806053479230,0.03349806053479230,0.03349806053479230,0.03349806053479230,0.03349806053479230,0.03349806053479230,0.03349806053479230,0.03349806053479230,0.03349806053479230,0.03349806053479230,0.03349806053479230,0.03349806053479230,0.03349806053479230,0.03349806053479230
2038,3,0,0.01735111370714680,0.06394416720737880,0.13395928450597100,0.22826725779130700,0.35327027498360000,0.48297480295360100,0.61711784947957300,0.72101949249753700,0.79457129460905400,0.83570323788917300,0.86551687602915500,0.89282731166138100,0.91052486088197400,0.91754909427793100,0.91883534891444300,0.92502152755401500,0.93703192425400500,0.93540240083664200,0.92155195183002400,0.89588785870810500,0.87699562622402300,0.85809280189816900,0.84364394212548200,0.83185097590472500,0.82827341445167900,0.82578260748491400,0.82398833618718600,0.82464323366900100,0.82833517582172300,0.83504174265892300,0.83946111754695300,0.84214470789652000,0.84295658318449900,0.84543793601985000,0.84798127979859100,0.85238683478547200,0.85313616017885300,0.85589874941501700,0.85641383851554500,0.85919155131328700,0.86062038620908100,0.86221247684873700,0.86088223469971000,0.85123759008590500,0.83375078828762000,0.81042260615762600,0.78887100422543000,0.76362375722734900,0.72616241412583200,0.67296822046530600,0.61079061915073400,0.55537147914597200,0.50515779700861800,0.46049050258878900,0.41303670206544000,0.36756201354484900,0.32332216371365100,0.28699037418599800,0.25583609839461100,0.23135408810579600,0.20661992499283100,0.18448097248497700,0.16180659217675800,0.14264162714496100,0.12504625308843100,0.10945156580604900,0.09328071290431910,0.07654692453210090,0.06195604131118850,0.04881483841013670,0.03825210742341170,0.02850109318450400,0.03280181600856780,0.03280181600856780,0.03280181600856780,0.03280181600856780,0.03280181600856780,0.03280181600856780,0.03280181600856780,0.03280181600856780,0.03280181600856780,0.03280181600856780,0.03280181600856780,0.03280181600856780,0.03280181600856780,0.03280181600856780,0.03280181600856780,0.03280181600856780,0.03280181600856780,0.03280181600856780,0.03280181600856780
2039,3,0,0.01734624302529770,0.06393704215481750,0.13394083854227400,0.22822817993343000,0.35319945707161200,0.48287092521266900,0.61697966596017900,0.72122242622204200,0.79549079903960100,0.83771534756868600,0.86862476815215500,0.89703168890916200,0.91547354930287200,0.92289021759652100,0.92421564544240800,0.93043962181936500,0.94248618132346200,0.94079779847285600,0.92679306946554300,0.90087916144630200,0.88173521311610400,0.86258067591740000,0.84779148476514400,0.83557007339986600,0.83147439241070100,0.82846516084178800,0.82615226941534900,0.82646370860832300,0.82998718928771200,0.83670029776067000,0.84112685632879500,0.84381811761560800,0.84470088988263500,0.84731537168030700,0.85005452764690500,0.85465537207489100,0.85560101326027400,0.85864002751085400,0.85951284689972400,0.86272832920969000,0.86459531226516600,0.86662550523650700,0.86584744245626300,0.85687056787197900,0.84016699419860000,0.81762367994446100,0.79685644717910000,0.77209176259079600,0.73481356638129200,0.68150409185486300,0.61921373143301100,0.56367993513353800,0.51316086287827800,0.46799734881393400,0.41985883827044200,0.37369888416739400,0.32877342211856000,0.29187182456000100,0.26026431142414600,0.23544521488116300,0.21037403629658700,0.18789733980796800,0.16494954287930800,0.14557435314767200,0.12783249084565600,0.11209075369915400,0.09577301267044020,0.07873934049427930,0.06369481822803540,0.04994641563743190,0.03877576115076690,0.02841659555253810,0.03210522251309410,0.03210522251309410,0.03210522251309410,0.03210522251309410,0.03210522251309410,0.03210522251309410,0.03210522251309410,0.03210522251309410,0.03210522251309410,0.03210522251309410,0.03210522251309410,0.03210522251309410,0.03210522251309410,0.03210522251309410,0.03210522251309410,0.03210522251309410,0.03210522251309410,0.03210522251309410,0.03210522251309410
2040,3,0,0.01734537436110650,0.06394466467863190,0.13395328823967200,0.22824174919474700,0.35321011776877500,0.48287844196977500,0.61698381656773700,0.72159162180124800,0.79659345614044700,0.83991998637430600,0.87193195530089700,0.90144154972107100,0.92063172816585900,0.92844241198771400,0.92980730575677700,0.93607050274766900,0.94815599128270900,0.94640837909178800,0.93224619133251700,0.90607657475958500,0.88667657885003200,0.86726599460224200,0.85213317394725600,0.83948064064402400,0.83486606695094400,0.83133788827096300,0.82850601486217300,0.82847418119873500,0.83183006871630200,0.83855126484445700,0.84298602557349800,0.84568557592134800,0.84663942530210000,0.84938759498032000,0.85232313007131700,0.85712026039417000,0.85826237051948500,0.86157841920976400,0.86280905184850400,0.86646290042418400,0.86876831727544500,0.87123693586935200,0.87101069037220600,0.86269929467951500,0.84677483786379100,0.82501093290950900,0.80502302050149600,0.78073502744813800,0.74363132041794400,0.69019430887771400,0.62777686118636400,0.57211563926255300,0.52127962715036500,0.47560964192822900,0.42677554610313500,0.37991990763644500,0.33429869940314500,0.29681897201253200,0.26475108209881000,0.23958928699906300,0.21417542248147300,0.19135591013351000,0.16812949478221500,0.14853968156408800,0.13064728782686800,0.11475491908300600,0.09828657530202280,0.08094919019535520,0.06544770935546880,0.05108913725361680,0.03930818416737730,0.02833867933187880,0.03141626357059240,0.03141626357059240,0.03141626357059240,0.03141626357059240,0.03141626357059240,0.03141626357059240,0.03141626357059240,0.03141626357059240,0.03141626357059240,0.03141626357059240,0.03141626357059240,0.03141626357059240,0.03141626357059240,0.03141626357059240,0.03141626357059240,0.03141626357059240,0.03141626357059240,0.03141626357059240,0.03141626357059240
女性無配偶,,,,,,,,,,,,,,,,,,,,,,,,,,,,,,,,,,,,,,,,,,,,,,,,,,,,,,,,,,,,,,,,,,,,,,,,,,,,,,,,,,,,,,,,,,,,,
年度,性,合計,15.00000000000000000,16.00000000000000000,17.00000000000000000,18.00000000000000000,19.00000000000000000,20.00000000000000000,21.00000000000000000,22.00000000000000000,23.00000000000000000,24.00000000000000000,25.00000000000000000,26.00000000000000000,27.00000000000000000,28.00000000000000000,29.00000000000000000,30.00000000000000000,31.00000000000000000,32.00000000000000000,33.00000000000000000,34.00000000000000000,35.00000000000000000,36.00000000000000000,37.00000000000000000,38.00000000000000000,39.00000000000000000,40.00000000000000000,41.00000000000000000,42.00000000000000000,43.00000000000000000,44.00000000000000000,45.00000000000000000,46.00000000000000000,47.00000000000000000,48.00000000000000000,49.00000000000000000,50.00000000000000000,51.00000000000000000,52.00000000000000000,53.00000000000000000,54.00000000000000000,55.00000000000000000,56.00000000000000000,57.00000000000000000,58.00000000000000000,59.00000000000000000,60.00000000000000000,61.00000000000000000,62.00000000000000000,63.00000000000000000,64.00000000000000000,65.00000000000000000,66.00000000000000000,67.00000000000000000,68.00000000000000000,69.00000000000000000,70.00000000000000000,71.00000000000000000,72.00000000000000000,73.00000000000000000,74.00000000000000000,75.00000000000000000,76.00000000000000000,77.00000000000000000,78.00000000000000000,79.00000000000000000,80.00000000000000000,81.00000000000000000,82.00000000000000000,83.00000000000000000,84.00000000000000000,85.00000000000000000,86.00000000000000000,87.00000000000000000,88.00000000000000000,89.00000000000000000,90.00000000000000000,91.00000000000000000,92.00000000000000000,93.00000000000000000,94.00000000000000000,95.00000000000000000,96.00000000000000000,97.00000000000000000,98.00000000000000000,99.00000000000000000,100.00000000000000000,101.00000000000000000,102.00000000000000000,103.00000000000000000,104.00000000000000000,105.00000000000000000
2020,4,0,0.01604702724343930,0.06983082032107930,0.15447524004395200,0.29793595793502600,0.46336600673709100,0.59857654357343300,0.67707397440696400,0.76727075857404300,0.84419784575308400,0.90408008016839800,0.92168165690961700,0.92666525175077300,0.92681548101062800,0.92480775227377800,0.91754060092838900,0.90727182372373900,0.90453059808486400,0.90248401554256300,0.89942642623532600,0.88954160173241300,0.89013127248979800,0.88905805395907600,0.88228790340299100,0.87442327422942500,0.87590841166503700,0.88417430504143300,0.88383972043291700,0.87999827029199400,0.88310593547623500,0.88716433015679800,0.88030425653206700,0.86824217006479100,0.86470489848587600,0.87381155940508400,0.86424673875937700,0.86358807653396000,0.85290259748559300,0.86046219368630700,0.85454718652126000,0.84420849007097800,0.83362681304280900,0.82798504788496700,0.81789018391671400,0.79664998042465900,0.77010298413558000,0.75115423738572900,0.72867997820368500,0.69380217496575200,0.66641271827481100,0.62235601357397400,0.57368037456135700,0.50018918903325200,0.45271341476142300,0.41375446826969500,0.38406249480480700,0.33792313752033700,0.30300779020344300,0.26930977907603700,0.24153242314809000,0.21016674603544400,0.18266811938428100,0.16260969115306100,0.13671297460810900,0.11498047731198600,0.09274446617131130,0.07553148839272370,0.06223341841681430,0.05337376913312840,0.04512940080816600,0.03640199436984240,0.03095902678862090,0.02990121766595780,0.01329905040239960,0.01329905040239960,0.01329905040239960,0.01329905040239960,0.01329905040239960,0.01329905040239960,0.01329905040239960,0.01329905040239960,0.01329905040239960,0.01329905040239960,0.01329905040239960,0.01329905040239960,0.01329905040239960,0.01329905040239960,0.01329905040239960,0.01329905040239960,0.01329905040239960,0.01329905040239960,0.01329905040239960
2021,4,0,0.01753248598741620,0.06420612588780200,0.14899473463763500,0.30462884787872700,0.46977783975349400,0.60379890395914000,0.68615402411181700,0.77787961824286500,0.85799661025845300,0.90384793157039400,0.92042662787834800,0.92502477081860800,0.93174825196657500,0.92454485145137500,0.92182640889923600,0.90591459043160400,0.90665503393504300,0.90690160929308000,0.90933962285635600,0.89811700282751300,0.88236184865240500,0.88042453563356300,0.88190454363786300,0.87808883735414700,0.87589719713191800,0.87885873378979600,0.88524919705294800,0.88377137402932700,0.87677736476690600,0.88413917296772600,0.88762122862014500,0.88983572394881200,0.87559001328682100,0.87496947427818200,0.87632468942811200,0.87858561257464300,0.87002120127185100,0.86483958932636800,0.86390143806351000,0.85541234741724800,0.84606186795214200,0.83273206990066500,0.82653323920313300,0.80921597356192300,0.79457913678013700,0.76100669278160000,0.74167338932949700,0.70893508308901500,0.66820665883949600,0.61498223221051100,0.56172024807860200,0.51421841284974700,0.46369646178423900,0.42522851646589900,0.39330664641883100,0.35549951025770400,0.31290279318627500,0.28410971252026700,0.26133707496659300,0.23163762848697500,0.19097601063775100,0.15347009170763800,0.12988959128605700,0.10846761989100900,0.09942357258312230,0.08137978815301280,0.07206081692492390,0.05624906315820480,0.04641378062520050,0.03776629578438370,0.03148624071758610,0.02902447403586990,0.01325535766491730,0.01325535766491730,0.01325535766491730,0.01325535766491730,0.01325535766491730,0.01325535766491730,0.01325535766491730,0.01325535766491730,0.01325535766491730,0.01325535766491730,0.01325535766491730,0.01325535766491730,0.01325535766491730,0.01325535766491730,0.01325535766491730,0.01325535766491730,0.01325535766491730,0.01325535766491730,0.01325535766491730
2022,4,0,0.02380225454214590,0.07674564930892150,0.16251866866497000,0.31187485569937700,0.47561404514797400,0.60168408285348000,0.67171175534145200,0.76459585549690100,0.84475706629901400,0.90252593358002400,0.91725845996168800,0.92474687607812300,0.92667357420467400,0.92530498982449500,0.92111146915311700,0.91936008356352900,0.90815016187363300,0.91082594139739300,0.90066221689116700,0.90083838729567600,0.89161982761827000,0.88596824097225200,0.88704762974656700,0.88156022395123600,0.88024798844526800,0.87902528968006100,0.88322886057141000,0.88401883913793900,0.88261985275973700,0.87707580589314700,0.88384818027549000,0.87675450821625300,0.87955248992364800,0.86749087656312800,0.87173067666322300,0.86997923244465900,0.87208864858060800,0.86626230256836700,0.86565220965496600,0.86528821574886800,0.86093317287154700,0.83950851298332200,0.82575091330481300,0.80908901855077900,0.79495079562003000,0.76584198923189700,0.73361089648560500,0.71027859878396700,0.68868514143741300,0.63281211074641800,0.57277623310343800,0.51167426969314200,0.47948955485605000,0.44060738734112600,0.39981372791682800,0.35670008393434200,0.32464383687931200,0.28793660689670000,0.26279319136560900,0.22881829038847500,0.19563939587182900,0.16519758979837700,0.13845931496395000,0.12499877202442900,0.10188450279299200,0.09093699222483100,0.06693856726500480,0.05987959495291020,0.04402452287834880,0.04103167523581270,0.03236211053941690,0.02546848667906380,0.01485487951699200,0.01485487951699200,0.01485487951699200,0.01485487951699200,0.01485487951699200,0.01485487951699200,0.01485487951699200,0.01485487951699200,0.01485487951699200,0.01485487951699200,0.01485487951699200,0.01485487951699200,0.01485487951699200,0.01485487951699200,0.01485487951699200,0.01485487951699200,0.01485487951699200,0.01485487951699200,0.01485487951699200
2023,4,0,0.02380356035711530,0.08766815392323660,0.18463207890183200,0.31948993245282600,0.46874083325481800,0.59154744519469500,0.69073439831035000,0.77279701008430500,0.84895256977307300,0.89723561620713100,0.92129306877909300,0.92673544378089300,0.92768419151788000,0.92561245079480200,0.92318831900195300,0.91748356147073400,0.91406869629007100,0.90792625593283600,0.90565607945647400,0.89949759736671800,0.89484324374379600,0.89048997942795800,0.88713388602743300,0.88497770708364700,0.88180750825146600,0.88186781220033300,0.88262889261654000,0.88382089436069900,0.88225319902031800,0.88316943210796000,0.88218733249658000,0.88398606162714600,0.87877312465664700,0.87660489322460500,0.87218677751881200,0.87249259745735700,0.86944285127891500,0.86740846380563900,0.86518444848534400,0.86408578184729500,0.85604854558180200,0.84354652913006700,0.82810600981338000,0.81625844221213700,0.80045753112954300,0.77946660266905300,0.75541081448628700,0.73203247542627400,0.69894525338717000,0.65179502884527800,0.59147457979037300,0.53905066920816400,0.49402331200213200,0.45611069066498800,0.41489982291788000,0.37596438681629500,0.33839116859044300,0.30688746712898400,0.27482329126623500,0.24401440374060800,0.21143928914256600,0.18127651559488800,0.15705653163694500,0.13464883909962600,0.11687466855799400,0.09558767797008870,0.07965274662506240,0.06242754446524460,0.05255025830524770,0.04248175132947620,0.03540055763637930,0.02701903387054370,0.01550933547636430,0.01550933547636430,0.01550933547636430,0.01550933547636430,0.01550933547636430,0.01550933547636430,0.01550933547636430,0.01550933547636430,0.01550933547636430,0.01550933547636430,0.01550933547636430,0.01550933547636430,0.01550933547636430,0.01550933547636430,0.01550933547636430,0.01550933547636430,0.01550933547636430,0.01550933547636430,0.01550933547636430
2024,4,0,0.02379747301721220,0.08762022658835810,0.18549357239720900,0.32221088147019600,0.47427728242100800,0.59990615716925500,0.70192141340361800,0.78499661361369200,0.86034617843249500,0.90601026396902600,0.92745495091097400,0.93028932075988100,0.92950469317205400,0.92657383022302300,0.92416414698432600,0.91847467696931600,0.91507451370536000,0.90902414481347400,0.90692172155889700,0.90100865907586300,0.89659934040539000,0.89249103404373000,0.88913309137908300,0.88672820410479300,0.88306300405031300,0.88262748063288400,0.88289255447159700,0.88407800129831700,0.88299401864482700,0.88488289105912900,0.88487391623945000,0.88764505901390700,0.88267319056232400,0.88001211078489000,0.87436858386717700,0.87344778453074200,0.86917227720405500,0.86654659395948400,0.86436605639886300,0.86394530476944400,0.85658775792914500,0.84476657269123500,0.83117134453381400,0.82233185773319100,0.81070374692421200,0.79388694599256200,0.77400606912234800,0.75297513090041100,0.72041045534579500,0.67195903642392400,0.61034076104121500,0.55661700473103400,0.51063275187859000,0.47210625704644300,0.43062720089193600,0.39142299448152000,0.35358065758369000,0.32188537703959400,0.28970885718662800,0.25886639641397100,0.22625816025025800,0.19606164822331800,0.17117621236615000,0.14747241081156000,0.12777075265474400,0.10455717279330300,0.08669428348017230,0.06788703768172500,0.05677141314895050,0.04581020106726190,0.03783553831566800,0.02856087802777190,0.01615884308691190,0.01615884308691190,0.01615884308691190,0.01615884308691190,0.01615884308691190,0.01615884308691190,0.01615884308691190,0.01615884308691190,0.01615884308691190,0.01615884308691190,0.01615884308691190,0.01615884308691190,0.01615884308691190,0.01615884308691190,0.01615884308691190,0.01615884308691190,0.01615884308691190,0.01615884308691190,0.01615884308691190
2025,4,0,0.02379952913381450,0.08760228707324330,0.18641838755809600,0.32504161576507000,0.47997507033622100,0.60846871448595300,0.71334669989034200,0.79746274165019500,0.87203222933151100,0.91509342169899400,0.93393312290065800,0.93416089906620400,0.93164292124296100,0.92785207875402600,0.92545601713727200,0.91977988536856900,0.91639325814846100,0.91043287496499500,0.90849745716782200,0.90282774954457400,0.89866191565829600,0.89479712008848400,0.89143617953584900,0.88878180320642800,0.88462043169327400,0.88368901586325800,0.88345825782142700,0.88463755644742800,0.88403683367210900,0.88689882698014600,0.88786280907901000,0.89160714897591500,0.88687460706747600,0.88371985190850100,0.87684919034566800,0.87470166441074000,0.86919914063668400,0.86598136336821800,0.86384355012220600,0.86410045473164300,0.85741996478674100,0.84627545078306900,0.83452054960186800,0.82868560969690800,0.82122561386513200,0.80857647960460200,0.79286300466742500,0.77417187390058400,0.74211851416700400,0.69234954332965400,0.62941257840680500,0.57437081464788700,0.52741409445856700,0.48826064805842100,0.44649925664667100,0.40701291152745700,0.36888855358720900,0.33699088170479500,0.30469102752870500,0.27380444629103800,0.24115193709821400,0.21091136041664100,0.18535207067948300,0.16034426923317400,0.13870870886667000,0.11356092336330200,0.09376429071126360,0.07336883420513880,0.06101127774981300,0.04915376131112800,0.04028305224227390,0.03011223331651470,0.01681376953065910,0.01681376953065910,0.01681376953065910,0.01681376953065910,0.01681376953065910,0.01681376953065910,0.01681376953065910,0.01681376953065910,0.01681376953065910,0.01681376953065910,0.01681376953065910,0.01681376953065910,0.01681376953065910,0.01681376953065910,0.01681376953065910,0.01681376953065910,0.01681376953065910,0.01681376953065910,0.01681376953065910
2026,4,0,0.02382564754918050,0.08770415947495690,0.18672181542885300,0.32567766145099200,0.48104900988211300,0.60995153194167200,0.71521247862616100,0.79952282843508800,0.87411027908565700,0.91698898777835500,0.93561962381433600,0.93561790945258400,0.93311671068778300,0.92959053324203300,0.92770995021844700,0.92254569738200400,0.91967346167457000,0.91388290857881400,0.91178000110635800,0.90559696877340200,0.90091946057977000,0.89654332107232500,0.89291065619918900,0.89022439762639700,0.88626855671137800,0.88554621614307700,0.88552530228872700,0.88690179716372700,0.88648212179839900,0.88951476723643100,0.89064731852302400,0.89456327886717900,0.88988728976053900,0.88668505409427400,0.87965706923556200,0.87735740333495600,0.87169905770611400,0.86831514938822400,0.86599957372874100,0.86606852741638100,0.85919247321617700,0.84784749598487900,0.83651192921935000,0.83172328800058100,0.82592827496618500,0.81493842876545900,0.80088087897606400,0.78359196457852900,0.75267571605087000,0.70377397370595500,0.64168978626950900,0.58750946446015300,0.54083763433067900,0.50139221687689300,0.45875056767124900,0.41838646147157200,0.37938583714206500,0.34680624804479500,0.31401155108192900,0.28281919382808600,0.24985897062949000,0.21931332687918400,0.19344221173067700,0.16811129434844100,0.14614442311179500,0.12066147230257300,0.10053554688241500,0.07958848035767840,0.06646647486876670,0.05362339807671140,0.04377040647881140,0.03261587823908660,0.01833027275507360,0.01833027275507360,0.01833027275507360,0.01833027275507360,0.01833027275507360,0.01833027275507360,0.01833027275507360,0.01833027275507360,0.01833027275507360,0.01833027275507360,0.01833027275507360,0.01833027275507360,0.01833027275507360,0.01833027275507360,0.01833027275507360,0.01833027275507360,0.01833027275507360,0.01833027275507360,0.01833027275507360
2027,4,0,0.02381960921694390,0.08768766508888020,0.18677331388434700,0.32587438538127300,0.48147415347098500,0.61061180340418800,0.71611386964361300,0.80050482236345900,0.87500951375201200,0.91764767306495900,0.93604390511213800,0.93581250891328200,0.93333148146854800,0.93007495480377300,0.92871282519649300,0.92406785798413800,0.92171432701580600,0.91610156798450600,0.91383386969765100,0.90714543032219000,0.90196213352853600,0.89708012904269300,0.89318041684697800,0.89046587717676500,0.88672108300593500,0.88620896968890800,0.88639810531741800,0.88797010373322000,0.88773219534194600,0.89093154101849500,0.89223127410028900,0.89631371081711000,0.89170063759117900,0.88845520627877200,0.88127925734414500,0.87883042903038100,0.87302377220655000,0.86947816295887700,0.86698780230796100,0.86686855336783200,0.85980605667103500,0.84827576953951600,0.83737520074156100,0.83364020850128200,0.82951940975133200,0.82020509440487500,0.80782385294341200,0.79196168829942900,0.76222526568805700,0.71425752994686000,0.65311069005095200,0.59986571263965900,0.55354204764533000,0.51385768755340000,0.47039262943388200,0.42920453710364400,0.38937958108501400,0.35616150123516100,0.32291583630925400,0.29145957327103900,0.25823589233305800,0.22742617889639200,0.20127791662501300,0.17565782248128200,0.15338902917310600,0.12760504740167800,0.10717673334376500,0.08570588238629830,0.07183650539068440,0.05802438249710350,0.04720158699549100,0.03507758471132170,0.01982329871784030,0.01982329871784030,0.01982329871784030,0.01982329871784030,0.01982329871784030,0.01982329871784030,0.01982329871784030,0.01982329871784030,0.01982329871784030,0.01982329871784030,0.01982329871784030,0.01982329871784030,0.01982329871784030,0.01982329871784030,0.01982329871784030,0.01982329871784030,0.01982329871784030,0.01982329871784030,0.01982329871784030
2028,4,0,0.02381348249164360,0.08767084237138050,0.18682406876645000,0.32606975738814100,0.48189723094745400,0.61126939276455900,0.71701205027933500,0.80148324066269500,0.87590492891929000,0.91830249792740300,0.93646437502095600,0.93600341514612400,0.93354255825031800,0.93055555719270300,0.92971162151742100,0.92558569262724700,0.92375061059273800,0.91831557640170000,0.91588318014924000,0.90868961747145600,0.90300081023247200,0.89761321780484800,0.89344660961369600,0.89070381371085500,0.88716997290796500,0.88686798146968900,0.88726705860624800,0.88903445470429700,0.88897822139294200,0.89234416990641600,0.89381099443115800,0.89805980684195800,0.89350963508864400,0.89022104264887900,0.88289723274513000,0.88029932758295600,0.87434445758957300,0.87063724359091000,0.86797219675535500,0.86766484173916700,0.86041602486343800,0.84870056672904900,0.83823481565675100,0.83555294875962000,0.83310552528805500,0.82546592106261700,0.81476017957700500,0.80032409712380800,0.77176701222428100,0.72473299040944000,0.66452325428353100,0.61221334817644900,0.56623784844889100,0.52631482012243500,0.48202694043262600,0.44001544086573200,0.39936672699337100,0.36551060996556700,0.33181433501055300,0.30009442173848200,0.26660754517040700,0.23553401519859300,0.20910884773101200,0.18319982286626400,0.16062934716438500,0.13454458715321600,0.11381411730547000,0.09181983180866350,0.07720351816782460,0.06242289699840680,0.05063083432556560,0.03753789955813170,0.02131548623264670,0.02131548623264670,0.02131548623264670,0.02131548623264670,0.02131548623264670,0.02131548623264670,0.02131548623264670,0.02131548623264670,0.02131548623264670,0.02131548623264670,0.02131548623264670,0.02131548623264670,0.02131548623264670,0.02131548623264670,0.02131548623264670,0.02131548623264670,0.02131548623264670,0.02131548623264670,0.02131548623264670
2029,4,0,0.02380217942587940,0.08763495843375150,0.18683414135976500,0.32619404721180100,0.48221515804018000,0.61179351413595800,0.71775358166995400,0.80228657358484500,0.87660912838133800,0.91875705918631800,0.93668080154413900,0.93599054626024800,0.93355038053388700,0.93083335770765500,0.93050742038579800,0.92690104764661900,0.92558443441300000,0.92032817745107900,0.91773173293760000,0.91003498159719500,0.90384227146365400,0.89795063316991000,0.89351823076283400,0.89074779602196000,0.88742552304055000,0.88733356542695600,0.88794234362610500,0.88990460991394900,0.89002993097739000,0.89356162812717600,0.89519510270713500,0.89960924470303500,0.89512291832291500,0.89179191179954700,0.88432194247916600,0.88157563475040800,0.87547395557327700,0.87160606161211200,0.86876703622038800,0.86827177964079100,0.86083835596544600,0.84894041112202100,0.83891143651358000,0.83728250780704900,0.83650776759370500,0.83054331109427600,0.82151417267624800,0.80850626958194500,0.78113387225847900,0.73504311378048600,0.67578289484217500,0.62441875626960000,0.57880116939903000,0.53864833307243700,0.49354786910599600,0.45072270477899900,0.40925967930051600,0.37477335765624500,0.34063413331044100,0.30865766366250700,0.27491506940742200,0.24358467625401100,0.21688855523088800,0.19069644779418700,0.16782942084910800,0.14144977764924200,0.12042188319980400,0.09790933122432730,0.08254980740474360,0.06680461229824420,0.05404655716949520,0.03998824740489120,0.02280194448874740,0.02280194448874740,0.02280194448874740,0.02280194448874740,0.02280194448874740,0.02280194448874740,0.02280194448874740,0.02280194448874740,0.02280194448874740,0.02280194448874740,0.02280194448874740,0.02280194448874740,0.02280194448874740,0.02280194448874740,0.02280194448874740,0.02280194448874740,0.02280194448874740,0.02280194448874740,0.02280194448874740
2030,4,0,0.02379853625533290,0.08762727313120600,0.18690427794975500,0.32642313589858800,0.48268792587309300,0.61251400845299400,0.71872541749525500,0.80334735093128500,0.87759473043887900,0.91950673099163700,0.93719825086064200,0.93627862215342300,0.93385835005563200,0.93141026244376800,0.93160189356577800,0.92851359137514600,0.92771469821862200,0.92263541630349900,0.91987419169127300,0.91167209287335800,0.90497380505319300,0.89857654299065500,0.89387708809817300,0.89107814112507800,0.88796623501059700,0.88808414983064500,0.88890269320854900,0.89106033827994800,0.89136714006066900,0.89506561731672400,0.89686616254561400,0.90144694958044200,0.89702298607237900,0.89364852111146200,0.88603008238882400,0.88313458225238700,0.87688422424199400,0.87285450757415100,0.86984070002732700,0.86915750058508200,0.86153719600555800,0.84945305359924500,0.83985735683333900,0.83928018172586500,0.84017682583987700,0.83588454800773200,0.82852805733835700,0.81694325496431300,0.79074600097639000,0.74558309485373300,0.68725274399333500,0.63681726492163900,0.59154269944712800,0.55114728954436500,0.50522025075205200,0.46156816334096300,0.41927800628890300,0.38415078763586300,0.34955791557617000,0.31731476960402300,0.28330576934842100,0.25170860098208600,0.22473311321216900,0.19824967967373500,0.17507893547842100,0.14839611267068500,0.12706421947269800,0.10402648813799000,0.08791928226106980,0.07120505627530320,0.05747751305451720,0.04244991421534040,0.02429480099643360,0.02429480099643360,0.02429480099643360,0.02429480099643360,0.02429480099643360,0.02429480099643360,0.02429480099643360,0.02429480099643360,0.02429480099643360,0.02429480099643360,0.02429480099643360,0.02429480099643360,0.02429480099643360,0.02429480099643360,0.02429480099643360,0.02429480099643360,0.02429480099643360,0.02429480099643360,0.02429480099643360
2031,4,0,0.02383386724015660,0.08776514584695520,0.18716471134560000,0.32683326541538900,0.48324000522524400,0.61316878709333300,0.71944783739905800,0.80413173860320500,0.87845206190450000,0.92041537953293900,0.93812225907981200,0.93719036019117900,0.93491569623685600,0.93277328163367300,0.93343461081481700,0.93081113733871700,0.93048047172239000,0.92553451743814500,0.92258151651119600,0.91385101862824900,0.90662656428050700,0.89970358258915800,0.89472325007857200,0.89188856842486800,0.88898278448403700,0.88931161642617900,0.89034211706985200,0.89272217148126600,0.89325709892710000,0.89719720114577100,0.89923655369307600,0.90406027555567600,0.89971934876189500,0.89628294880389100,0.88844974475544900,0.88534649090391200,0.87888339860182400,0.87453509070790100,0.87109504647146000,0.86987991666038000,0.86171738297962300,0.84908438451885500,0.83924543891313000,0.83874031664294700,0.84001311450823700,0.83608928702407900,0.82909669761378400,0.81827957969630000,0.79323837720885200,0.74961342692800900,0.69280148369918300,0.64389613287886300,0.59976125000967800,0.56011465877203800,0.51453011899494000,0.47122390796109700,0.42928164918966100,0.39413122147064600,0.35913419228070100,0.32610863620184900,0.29131460427617400,0.25893598481274500,0.23132542264792000,0.20434716062935400,0.18082602134539400,0.15378758946463900,0.13210803111131000,0.10867987167783900,0.09215229618724070,0.07497656893474870,0.06079195843604690,0.04530536227397890,0.02668660866666190,0.02668660866666190,0.02668660866666190,0.02668660866666190,0.02668660866666190,0.02668660866666190,0.02668660866666190,0.02668660866666190,0.02668660866666190,0.02668660866666190,0.02668660866666190,0.02668660866666190,0.02668660866666190,0.02668660866666190,0.02668660866666190,0.02668660866666190,0.02668660866666190,0.02668660866666190,0.02668660866666190
2032,4,0,0.02382265349525750,0.08773163146634670,0.18705961690555300,0.32660505278008900,0.48284820741311300,0.61262586188399900,0.71876491190227800,0.80334533879262000,0.87759342934174600,0.91952610360469900,0.93721375234897800,0.93627139213290500,0.93414692944745900,0.93231468472073300,0.93344489545783300,0.93129184902498400,0.93143053169443300,0.92662770644915400,0.92348850616133900,0.91424613648534300,0.90650910175673300,0.89907339784276500,0.89382163655824900,0.89095672406777900,0.88826295020136100,0.88880227034330900,0.89004292905430300,0.89264096665275400,0.89340320549060900,0.89757747705906500,0.89985189325172700,0.90490936872439300,0.90066004663240600,0.89716836495872400,0.88913548703339700,0.88583033388119500,0.87916692306979900,0.87450819935637800,0.87064820965372800,0.86890298525049000,0.86021362570496900,0.84705590471630300,0.83699269284435200,0.83656068363220100,0.83820752890381700,0.83466019381866900,0.82804554064832900,0.81801802595696800,0.79418298663382600,0.75218281066062400,0.69700184617002500,0.64972375406594000,0.60681596526530100,0.56799643621141500,0.52284383224006500,0.47996848506686600,0.43845644842166400,0.40335148555778600,0.36801828730941800,0.33427407286132800,0.29876221462765000,0.26566463241373800,0.23747231392164900,0.21005144785722100,0.18622552774040000,0.15888396989972200,0.13689876425663000,0.11312556869270800,0.09620949882194460,0.07860537059133420,0.06399095180533080,0.04807515993531900,0.02902868428835650,0.02902868428835650,0.02902868428835650,0.02902868428835650,0.02902868428835650,0.02902868428835650,0.02902868428835650,0.02902868428835650,0.02902868428835650,0.02902868428835650,0.02902868428835650,0.02902868428835650,0.02902868428835650,0.02902868428835650,0.02902868428835650,0.02902868428835650,0.02902868428835650,0.02902868428835650,0.02902868428835650
2033,4,0,0.02381311417928900,0.08770427672484690,0.18696768521184100,0.32639986116478600,0.48249049092368600,0.61212621811270900,0.71813280646625100,0.80261575940075900,0.87679686835583400,0.91870185608121200,0.93637152673450700,0.93541864845040700,0.93344410779594700,0.93192163483642300,0.93352039783252200,0.93183721837483200,0.93244485034131500,0.92778469389820500,0.92445923702133500,0.91470479542605200,0.90645508599619800,0.89850658671894900,0.89298326602459300,0.89008794882791400,0.88760581219675100,0.88835547494465000,0.88980619542427300,0.89262220794752100,0.89361161351192000,0.89802014221711600,0.90052957630647000,0.90582095525413500,0.90166286116871100,0.89811570192568000,0.88988276267066700,0.88637565506379900,0.87951163454637700,0.87454243976497700,0.87026260053273400,0.86798762115928600,0.85877128728674600,0.84508838123906300,0.83480039518719800,0.83444140518306500,0.83646208724084700,0.83329066884986600,0.82705316062126800,0.81781386092177500,0.79518226898030300,0.75480251769913300,0.70124725588970300,0.65559170191600600,0.61390694042210600,0.57591104079014200,0.53118684137567300,0.48873898687638000,0.44765389699402900,0.41259190635434700,0.37692036277138300,0.34245575776000400,0.30622421678144100,0.27240598507300100,0.24363044680570800,0.21576544598933700,0.19163334553104000,0.16398701511729800,0.14169489205459700,0.11757529958769200,0.10026989156299600,0.08223650524898450,0.06719163120886790,0.05084590519415860,0.03137074902362650,0.03137074902362650,0.03137074902362650,0.03137074902362650,0.03137074902362650,0.03137074902362650,0.03137074902362650,0.03137074902362650,0.03137074902362650,0.03137074902362650,0.03137074902362650,0.03137074902362650,0.03137074902362650,0.03137074902362650,0.03137074902362650,0.03137074902362650,0.03137074902362650,0.03137074902362650,0.03137074902362650
2034,4,0,0.02380110347626110,0.08766781276819460,0.18685636493354200,0.32616086225861200,0.48208284906188800,0.61156327644629300,0.71742648290596300,0.80180325158417200,0.87590971394663100,0.91778267598554800,0.93543254460334500,0.93446925700337400,0.93264470839863900,0.93143188554408800,0.93349861044275100,0.93228504821232900,0.93336114198157300,0.92884401061406200,0.92533281196585800,0.91506777754869200,0.90630671634997000,0.89784671338144400,0.89205265415655500,0.88912726129058200,0.88685682894929000,0.88781656595319300,0.88947700709389900,0.89251050408782800,0.89372676784168100,0.89836888264801100,0.90111286069144000,0.90663738045399800,0.90257086489473700,0.89896864768630900,0.89053668549678900,0.88682817137130800,0.87976443747308600,0.87448556999314200,0.86978670675179300,0.86698268855320200,0.85724081689057400,0.84303462587331000,0.83252314041481400,0.83223714095238900,0.83463111117895100,0.83183559971447000,0.82597554486674200,0.81752470936499300,0.79609783313106400,0.75734124605103900,0.70541579382071900,0.66138606502307800,0.62092756574175000,0.58375850755719600,0.53946698296494200,0.49745065515987900,0.45679640462944100,0.42178099887157400,0.38577513103412600,0.35059437644183400,0.31364757707798300,0.27911286977508400,0.24975763614224800,0.22145180433910400,0.19701631374783100,0.16906836568547000,0.14647192445400900,0.12200876036995700,0.10431616865878900,0.08585579065576930,0.07038241760033880,0.05360884868553970,0.03370742801646450,0.03370742801646450,0.03370742801646450,0.03370742801646450,0.03370742801646450,0.03370742801646450,0.03370742801646450,0.03370742801646450,0.03370742801646450,0.03370742801646450,0.03370742801646450,0.03370742801646450,0.03370742801646450,0.03370742801646450,0.03370742801646450,0.03370742801646450,0.03370742801646450,0.03370742801646450,0.03370742801646450
2035,4,0,0.02379423818763660,0.08765029501407570,0.18678545348242200,0.32599243304831500,0.48177955602188100,0.61113274648922200,0.71687552828060900,0.80116440401620900,0.87521226993443400,0.91706226718191100,0.93469615801741800,0.93372226149083900,0.93204719233318200,0.93114351242500900,0.93367827425174900,0.93293369512897800,0.93447811156803500,0.93010291718011400,0.92640536633292200,0.91562792879786900,0.90635403066901300,0.89738110393187300,0.89131527051890100,0.88835919457122900,0.88629980878507800,0.88746966062073000,0.88934001447918900,0.89259147812959700,0.89403468269882300,0.89891120014252400,0.90189012832973500,0.90764879620513300,0.90367290909188700,0.90001490026066200,0.89138225341526200,0.88747169218302700,0.88020687897150500,0.87461744516755700,0.86949887612692700,0.86616563339566500,0.85589653838348200,0.84116441172338500,0.83042733581115400,0.83021420731880200,0.83298168639914500,0.83056118066398500,0.82507701549513300,0.81741219564368100,0.79718445659879600,0.76004138403715700,0.70973324480709600,0.66731855153462500,0.62807661215107200,0.59172571951711700,0.54785696938190400,0.50626275976672000,0.46603023454296400,0.43105382098114700,0.39470612441377600,0.35880219647353900,0.32113273316699400,0.28587466616760100,0.25593386229210600,0.22718144099512400,0.20243752797542300,0.17418217063237900,0.15127677650949500,0.12646503439209200,0.10838174812852700,0.08949073344938060,0.07358586213377510,0.05638116999266670,0.03604952830776530,0.03604952830776530,0.03604952830776530,0.03604952830776530,0.03604952830776530,0.03604952830776530,0.03604952830776530,0.03604952830776530,0.03604952830776530,0.03604952830776530,0.03604952830776530,0.03604952830776530,0.03604952830776530,0.03604952830776530,0.03604952830776530,0.03604952830776530,0.03604952830776530,0.03604952830776530,0.03604952830776530
2036,4,0,0.02381863140603270,0.08774549911715760,0.18699925490250500,0.32637753158587700,0.48236456843595900,0.61189057341720400,0.71778196496121200,0.80215826271898700,0.87624385809111300,0.91805938263811500,0.93563397506669800,0.93458170392586100,0.93295826374096000,0.93223772602372400,0.93508987745065800,0.93465932603519800,0.93652011679877100,0.93223825666368300,0.92841776332687000,0.91729315374664700,0.90767362496111900,0.89835537611515200,0.89211016912841200,0.88914087590790100,0.88723216037226600,0.88855599298672000,0.89058104575997200,0.89397207771546700,0.89553645032416400,0.90052110906149900,0.90360623318444600,0.90947394671057300,0.90552773325034700,0.90183033156092100,0.89308379959954700,0.88906419420756900,0.88168689814663200,0.87593052484913800,0.87058932483454000,0.86697910719980800,0.85642592683337700,0.84140513943801400,0.83026988605753900,0.82955575661470500,0.83171167803149800,0.82867429604911800,0.82257011385110400,0.81471775238504900,0.79472430351944100,0.75823289095187300,0.70856291524064800,0.66679447763729000,0.62838144638267100,0.59304182553882400,0.55035603992386100,0.50994712662720700,0.47090129368450300,0.43676317957615200,0.40089859540640200,0.36512445355046700,0.32758296634845400,0.29245534755277400,0.26239850200054200,0.23327931632815500,0.20792080735203600,0.17904725421350400,0.15552914893474000,0.13017714346591000,0.11163489382598200,0.09235848985041690,0.07607129055292820,0.05848293788829260,0.03776443001458760,0.03776443001458760,0.03776443001458760,0.03776443001458760,0.03776443001458760,0.03776443001458760,0.03776443001458760,0.03776443001458760,0.03776443001458760,0.03776443001458760,0.03776443001458760,0.03776443001458760,0.03776443001458760,0.03776443001458760,0.03776443001458760,0.03776443001458760,0.03776443001458760,0.03776443001458760,0.03776443001458760
2037,4,0,0.02381320719106180,0.08773086298237980,0.18697897845076500,0.32635409385549000,0.48234580370749700,0.61188250765928000,0.71778998048239900,0.80214807431727800,0.87617862443477300,0.91790726775517300,0.93540049934263100,0.93427110925477900,0.93270137283623200,0.93216502590853600,0.93533124715789600,0.93521551313451100,0.93739059948299200,0.93320751176454700,0.92926876374370500,0.91781064081159400,0.90785725592225300,0.89820508236201700,0.89178818198520300,0.88880938049881400,0.88705384631979700,0.88853012414294400,0.89070746243608100,0.89423392611863300,0.89591760372087000,0.90100424583176400,0.90419178590913200,0.91016128171082500,0.90624970886211600,0.90251751453349100,0.89366796318210600,0.88954426193751900,0.88206363467059300,0.87614739962862800,0.87059008191630800,0.86670719098150600,0.85588291843533700,0.84059205626801700,0.82907225678371600,0.82785762155583300,0.82939879711160300,0.82574785193875700,0.81903080495243800,0.81100058877768900,0.79126666205911300,0.75547314068538500,0.70650405732109900,0.66543471264805800,0.62789936917978600,0.59361609519722600,0.55216768836749000,0.51299563534411700,0.47518635226051700,0.44192996969036000,0.40659380954118300,0.37099437042289600,0.33362798843594200,0.29867492514526700,0.26853959670897600,0.23908983099703300,0.21314800194047200,0.18369192920221500,0.15959008472802700,0.13372914289569100,0.11475079130510200,0.09511283776576080,0.07846340817316080,0.06051312152496310,0.03943339249768440,0.03943339249768440,0.03943339249768440,0.03943339249768440,0.03943339249768440,0.03943339249768440,0.03943339249768440,0.03943339249768440,0.03943339249768440,0.03943339249768440,0.03943339249768440,0.03943339249768440,0.03943339249768440,0.03943339249768440,0.03943339249768440,0.03943339249768440,0.03943339249768440,0.03943339249768440,0.03943339249768440
2038,4,0,0.02380704673999230,0.08771351186003170,0.18695291029220600,0.32632054143598700,0.48231208191891200,0.61185546038316300,0.71777572057541100,0.80211300188509800,0.87608623650637500,0.91772674610360700,0.93513811364282800,0.93393167715892200,0.93241566709248700,0.93206343801120000,0.93554347808761200,0.93574241192957500,0.93823157351063900,0.93414733996141200,0.93009051698321900,0.91829939843180000,0.90801262864903900,0.89802699227233600,0.89143868111501900,0.88845046841329800,0.88684809555866600,0.88847669863991300,0.89080618082756000,0.89446790094842000,0.89627077327682200,0.90145919133170800,0.90474899864872000,0.91082004200110500,0.90694321428372900,0.90317636004022300,0.89422411398752700,0.88999649546929300,0.88241281936186800,0.87633698389584200,0.87056382603095600,0.86640851489420400,0.85531361787403600,0.83975328673464600,0.82784948561359000,0.82613462571922400,0.82706130658840200,0.82279720992500700,0.81546780464537700,0.80726006942601700,0.78778615093339200,0.75269129191871100,0.70442427941717700,0.66405496195299100,0.62739804403373100,0.59417166687577400,0.55396132306526100,0.51602674417083200,0.47945458266905800,0.44708053466574800,0.41227363793512200,0.37684992116085400,0.33965971862413600,0.30488221046074800,0.27466937234865500,0.24489010114630200,0.21836604063962600,0.18832864558231300,0.16364409365597800,0.13727526540269800,0.11786161282708500,0.09786289489564290,0.08085192778301360,0.06254044014510680,0.04110031971149410,0.04110031971149410,0.04110031971149410,0.04110031971149410,0.04110031971149410,0.04110031971149410,0.04110031971149410,0.04110031971149410,0.04110031971149410,0.04110031971149410,0.04110031971149410,0.04110031971149410,0.04110031971149410,0.04110031971149410,0.04110031971149410,0.04110031971149410,0.04110031971149410,0.04110031971149410,0.04110031971149410
2039,4,0,0.02380036379430970,0.08769423280085110,0.18692272703540900,0.32627979979494200,0.48226772567431000,0.61181491387587700,0.71774561512002500,0.80206023240407900,0.87597454862293700,0.91752605233287800,0.93485521541810200,0.93357180073838900,0.93210952153087500,0.93194131877356900,0.93573493155990700,0.93624835916071900,0.93905137160410900,0.93506602911508200,0.93089128446349900,0.91876761031632300,0.90814786264766400,0.89782916385302500,0.89106967987728500,0.88807212703558700,0.88662286829043100,0.88840367850445300,0.89088517107905300,0.89468199381409700,0.89660395676291700,0.90189398127542000,0.90528592801462000,0.91145833006029400,0.90761631436085900,0.90381490209300000,0.89476021445112800,0.89042882807971000,0.88274232620783900,0.87650711059118700,0.87051835649433800,0.86609086385931300,0.85472573337231200,0.83889642227115400,0.82660908953521700,0.82439431264061100,0.82470680977703700,0.81982998649922500,0.81188871507692000,0.80350373783705900,0.78429011745078000,0.74989431910593100,0.70233006486793900,0.66266128868223500,0.62688313217003400,0.59471381566911700,0.55574175525244500,0.51904482091523500,0.48370992152251200,0.45221844724169000,0.41794129724377900,0.38269399042973500,0.34568069372862300,0.31107941412635100,0.28078977544192800,0.25068183418783800,0.22357644207814200,0.19295870165622100,0.16769230175303700,0.14081644340016100,0.12096815339638200,0.10060930735130300,0.08323737342477120,0.06456528404588020,0.04276544011894090,0.04276544011894090,0.04276544011894090,0.04276544011894090,0.04276544011894090,0.04276544011894090,0.04276544011894090,0.04276544011894090,0.04276544011894090,0.04276544011894090,0.04276544011894090,0.04276544011894090,0.04276544011894090,0.04276544011894090,0.04276544011894090,0.04276544011894090,0.04276544011894090,0.04276544011894090,0.04276544011894090
2040,4,0,0.02379917192101850,0.08769518424350620,0.18693566205407200,0.32631431857835100,0.48233460512898200,0.61191547809960000,0.71788104677791700,0.80219245224779700,0.87606491574078700,0.91753702565059300,0.93478800794070400,0.93342734454551000,0.93201844119181800,0.93203416509577800,0.93614212175593800,0.93697005749550300,0.94008746341994300,0.93620006017689000,0.93190647007421500,0.91944755436005700,0.90849248981087100,0.89783845905979500,0.89090630000720900,0.88789871881663700,0.88660218930497200,0.88853556699727300,0.89116959196141900,0.89510234824859300,0.89714380567028300,0.90253662302167000,0.90603145765158700,0.91230660834849400,0.90849850710278900,0.90466167155637100,0.89550248801021700,0.89106636920130000,0.88327530290921600,0.87687932189002600,0.87067366174345900,0.86597305656905900,0.85433516096532400,0.83823330830441900,0.82555973710096800,0.82284469779318500,0.82254328642297300,0.81705281450902100,0.80849804791183900,0.79993395352784900,0.78097611408450400,0.74727121278572100,0.70039851504299700,0.66142089996325000,0.62651296299279300,0.59539293858035200,0.55764976418960800,0.52218160194468900,0.48807540643634600,0.45745895135027700,0.42370346782923300,0.38862438385671400,0.35177939843427100,0.31734630932181000,0.28697291004452300,0.25652946393397400,0.22883668144176800,0.19763172652852000,0.17177784414987700,0.14438892527598800,0.12410156418109500,0.10337801396857500,0.08564122629618340,0.06660434828054470,0.04443987234837560,0.04443987234837560,0.04443987234837560,0.04443987234837560,0.04443987234837560,0.04443987234837560,0.04443987234837560,0.04443987234837560,0.04443987234837560,0.04443987234837560,0.04443987234837560,0.04443987234837560,0.04443987234837560,0.04443987234837560,0.04443987234837560,0.04443987234837560,0.04443987234837560,0.04443987234837560,0.04443987234837560
