年度別年齢別労働力率,,,,,,,,,,,,,,,,,,,,,,,,,,,,,,,,,,,,,,,,,,,,,,,,,,,,,,,,,,,,,,,,,,,,,,,,,,,,,,,,,,,,,,,,,,,,,
男性,,,,,,,,,,,,,,,,,,,,,,,,,,,,,,,,,,,,,,,,,,,,,,,,,,,,,,,,,,,,,,,,,,,,,,,,,,,,,,,,,,,,,,,,,,,,,
年度,性,合計,15,16,17,18,19,20,21,22,23,24,25,26,27,28,29,30,31,32,33,34,35,36,37,38,39,40,41,42,43,44,45,46,47,48,49,50,51,52,53,54,55,56,57,58,59,60,61,62,63,64,65,66,67,68,69,70,71,72,73,74,75,76,77,78,79,80,81,82,83,84,85,86,87,88,89,90,91,92,93,94,95,96,97,98,99,100,101,102,103,104,105
2020,1,0,0.012421243671940700,0.055843237273365000,0.132432696035173000,0.282286623681901000,0.457918897074007000,0.602515603270683000,0.681362428619650000,0.751201831074828000,0.818160700184997000,0.875717013898688000,0.913655037228961000,0.935270354376498000,0.945236331536237000,0.947984228555166000,0.953279651425290000,0.953807067853715000,0.952767218725916000,0.951847032653783000,0.952430776885708000,0.954718260381639000,0.956767605647884000,0.958244110908612000,0.961776848262890000,0.961076502939186000,0.960993951214623000,0.960742989871204000,0.957061831422819000,0.957741057453598000,0.956856532729004000,0.960302209618760000,0.959750527208796000,0.956446651816500000,0.954726818013066000,0.954644955921251000,0.955951341493097000,0.955898298205147000,0.951787752718372000,0.950483114226392000,0.949367874773738000,0.947915755812810000,0.944793915671563000,0.939022732368677000,0.936637600618319000,0.931632023997597000,0.919758379557960000,0.903637732389197000,0.881136803891531000,0.856874295537571000,0.827430225870035000,0.781393563606757000,0.727012254286956000,0.664850170156228000,0.614932967708159000,0.577763611242182000,0.537679119871040000,0.493181582500350000,0.447481114271433000,0.410820312044750000,0.376505341935890000,0.339277054744911000,0.298172668459226000,0.270205327193374000,0.245788133591690000,0.221024408976526000,0.192516955229556000,0.164010587997654000,0.141344242960976000,0.126470455196968000,0.113947448634365000,0.106760147144413000,0.089623910316718900,0.070960730051419100,0.050516070484477500,0.050516070484477500,0.050516070484477500,0.050516070484477500,0.050516070484477500,0.050516070484477500,0.050516070484477500,0.050516070484477500,0.050516070484477500,0.050516070484477500,0.050516070484477500,0.050516070484477500,0.050516070484477500,0.050516070484477500,0.050516070484477500,0.050516070484477500,0.050516070484477500,0.050516070484477500,0.050516070484477500
2021,1,0,0.007606004984623130,0.050730438539163100,0.124185187897682000,0.282919303794564000,0.457027280695707000,0.601428511918479000,0.668869332808601000,0.741460589893174000,0.818252999693830000,0.885093257437570000,0.920527259549630000,0.940300043068438000,0.948446555776315000,0.957348404478171000,0.958164779908395000,0.959412767633419000,0.951392135014352000,0.952611133697493000,0.954442284232846000,0.959160057342330000,0.961781596260856000,0.959376138731379000,0.963982681313100000,0.965908633465331000,0.970598291872430000,0.967950592129714000,0.963203157651294000,0.961613734697557000,0.960753487304440000,0.962986807662773000,0.960860449074379000,0.959997323803851000,0.960193161639514000,0.958140502245100000,0.958647045491823000,0.955907007121373000,0.953543184563097000,0.950740895345535000,0.948098726759852000,0.949048286453385000,0.944218679814979000,0.939616823262096000,0.937584490182081000,0.934791773474478000,0.922840928010102000,0.905333096489148000,0.884472679860339000,0.863284768752040000,0.833363781216447000,0.784365651034730000,0.728081817782778000,0.668480264049708000,0.625231876887286000,0.587185750956466000,0.544793011023568000,0.501037049241822000,0.454150139337735000,0.414459925934449000,0.381525988268981000,0.344074201983998000,0.309212359155678000,0.266959293960011000,0.242710656383208000,0.222080148160431000,0.199823414115412000,0.179516397815507000,0.154116193254078000,0.135530122582115000,0.115502362410033000,0.106820004326245000,0.096489413700083100,0.078304107752846900,0.051597732179390600,0.051597732179390600,0.051597732179390600,0.051597732179390600,0.051597732179390600,0.051597732179390600,0.051597732179390600,0.051597732179390600,0.051597732179390600,0.051597732179390600,0.051597732179390600,0.051597732179390600,0.051597732179390600,0.051597732179390600,0.051597732179390600,0.051597732179390600,0.051597732179390600,0.051597732179390600,0.051597732179390600
2022,1,0,0.015210717419840600,0.054767078635206600,0.134118345315830000,0.288445371982387000,0.457618255973211000,0.592581947832494000,0.662995039386676000,0.735409800490366000,0.807761199906963000,0.874708602108263000,0.916451243001541000,0.938076532182739000,0.946257700482932000,0.945077480950585000,0.950489221096092000,0.950590232660779000,0.953793723671259000,0.954266027231452000,0.956871307429627000,0.959742165645794000,0.960528771491122000,0.959050267852705000,0.958896570705888000,0.962018080312702000,0.963436368930472000,0.963494227153993000,0.958942396573634000,0.958927268342609000,0.958622378167124000,0.959821626273264000,0.960907486657804000,0.958498055586982000,0.956850493337282000,0.955106454560813000,0.954626106770506000,0.953099090601266000,0.949032298701884000,0.944381554602341000,0.941150291003503000,0.940385500975821000,0.940476834090610000,0.938693739859450000,0.933717181480652000,0.932013278510581000,0.924034822442591000,0.906807511454993000,0.889909481792068000,0.865838653231789000,0.844293184033285000,0.786338976433777000,0.727308244601287000,0.671091172601776000,0.632348629331037000,0.594224207719627000,0.546599452700048000,0.501674334338048000,0.460377112590262000,0.425413740679971000,0.391755583635509000,0.358050237053465000,0.320398040986241000,0.282518932709663000,0.247655573539811000,0.220799713907733000,0.199321868435617000,0.179336754168878000,0.160007247715025000,0.138549670048645000,0.119787735087330000,0.100710835185606000,0.090506510978563500,0.084242940976667600,0.052842458703323400,0.052842458703323400,0.052842458703323400,0.052842458703323400,0.052842458703323400,0.052842458703323400,0.052842458703323400,0.052842458703323400,0.052842458703323400,0.052842458703323400,0.052842458703323400,0.052842458703323400,0.052842458703323400,0.052842458703323400,0.052842458703323400,0.052842458703323400,0.052842458703323400,0.052842458703323400,0.052842458703323400
2023,1,0,0.015211386094259300,0.067906209222408100,0.159250789942179000,0.294193964906628000,0.448066617158482000,0.573966728066605000,0.667612713492735000,0.739830017078188000,0.810335039895744000,0.870058572987933000,0.912872659349180000,0.936097139940983000,0.945056117767313000,0.948653088011861000,0.949599300624673000,0.952006814322149000,0.952767776777422000,0.954420120054404000,0.956018168773065000,0.957777577439801000,0.958175664985618000,0.957565523089874000,0.958027264120332000,0.959748192475570000,0.961833189845303000,0.961360294710736000,0.960409572955215000,0.959123891150086000,0.959541281246640000,0.960111645080763000,0.959980464444048000,0.958900305306088000,0.957033104841218000,0.955965260266076000,0.955093899345767000,0.953448253347836000,0.950412414135588000,0.946710324916993000,0.944010808818625000,0.942793912056958000,0.942059759638715000,0.939921622719281000,0.937060754664056000,0.932010382411454000,0.922751953637661000,0.908428593317890000,0.888740873023147000,0.869012385424791000,0.836996585604065000,0.794725654448011000,0.740897014295164000,0.693472543771578000,0.651037704506072000,0.609487651640839000,0.563897204647077000,0.517249111114974000,0.474821664153898000,0.436765293626551000,0.401854916962498000,0.366663483738458000,0.330065004918330000,0.293080504933236000,0.259386218545308000,0.230850536676558000,0.206965764375539000,0.185589886755284000,0.164220765367270000,0.143526387886246000,0.123183215838746000,0.106858292726040000,0.094699674412271600,0.086812353826274000,0.055100658412730200,0.055100658412730200,0.055100658412730200,0.055100658412730200,0.055100658412730200,0.055100658412730200,0.055100658412730200,0.055100658412730200,0.055100658412730200,0.055100658412730200,0.055100658412730200,0.055100658412730200,0.055100658412730200,0.055100658412730200,0.055100658412730200,0.055100658412730200,0.055100658412730200,0.055100658412730200,0.055100658412730200
2024,1,0,0.015208668098394400,0.067765270006417300,0.159355840911545000,0.294928333200437000,0.449818037834828000,0.576740199305878000,0.671413998515930000,0.744106044124834000,0.814529214245909000,0.873615920423082000,0.915796201277488000,0.938390376665916000,0.946764336984729000,0.949819986526232000,0.950268090789803000,0.952177235030321000,0.952440122237162000,0.953650808795118000,0.954863788299017000,0.956294676721747000,0.956364487266689000,0.955426248522191000,0.955853196184185000,0.957832601183388000,0.960469505150749000,0.960548973662314000,0.960150700931783000,0.959203527646594000,0.959745121599089000,0.960225661599282000,0.960004782481773000,0.958835094428083000,0.957034777611000000,0.956189945787061000,0.955697834443587000,0.954431576373043000,0.951775373490226000,0.948354914627512000,0.945838724723374000,0.944706764218825000,0.944057461800136000,0.942004425746549000,0.939104517103956000,0.933891224896230000,0.924346357477856000,0.909737463523929000,0.889765168107827000,0.871150544796807000,0.841649236905205000,0.803293062206591000,0.753381243661924000,0.709872450438795000,0.669373305440758000,0.627779697270536000,0.580167325438809000,0.531497496050790000,0.487047559081621000,0.447583065139591000,0.411879150554061000,0.376509377252844000,0.339732809768795000,0.302570290094687000,0.268388727860567000,0.239056180141239000,0.214065042701036000,0.191582351648107000,0.169106415620204000,0.147572054774889000,0.126655788449093000,0.110024004910628000,0.097557781728802500,0.089362093072138700,0.057346286567000800,0.057346286567000800,0.057346286567000800,0.057346286567000800,0.057346286567000800,0.057346286567000800,0.057346286567000800,0.057346286567000800,0.057346286567000800,0.057346286567000800,0.057346286567000800,0.057346286567000800,0.057346286567000800,0.057346286567000800,0.057346286567000800,0.057346286567000800,0.057346286567000800,0.057346286567000800,0.057346286567000800
2025,1,0,0.015211457695257800,0.067648870367678500,0.159518600854774000,0.295769509104099000,0.451732362039221000,0.579722541962012000,0.675458444580513000,0.748651558850753000,0.819018378651914000,0.877489652337161000,0.919051399697584000,0.941023449078995000,0.948815421648679000,0.951330854499664000,0.951281010344031000,0.952692474151503000,0.952457378966347000,0.953226845159502000,0.954055192899582000,0.955158077708083000,0.954899634987836000,0.953632958080227000,0.954025266823082000,0.956263866496633000,0.959453634577215000,0.960085498113329000,0.960239532779327000,0.959630526601961000,0.960296521125675000,0.960687410889941000,0.960376752881152000,0.959117111904214000,0.957383027090297000,0.956760903123320000,0.956647864930623000,0.955760538015695000,0.953483011342719000,0.950342945490407000,0.948009171440598000,0.946961737669371000,0.946397050513879000,0.944428372248547000,0.941488372673639000,0.936110271823369000,0.926275507872466000,0.911375788534617000,0.891111683971400000,0.873604189166388000,0.846606701555530000,0.812151411591478000,0.766138358227734000,0.726529504638099000,0.687951396822484000,0.646299170601306000,0.596647622262612000,0.545938422407165000,0.499449888989606000,0.458562973492622000,0.422052587579232000,0.386491664694802000,0.349523689591228000,0.312169691505661000,0.277488472759081000,0.247348433068140000,0.221241875091636000,0.197644223605429000,0.174053328383266000,0.151671181853508000,0.130174244019774000,0.113229575644349000,0.100451231678933000,0.091944205546568200,0.059612692443752200,0.059612692443752200,0.059612692443752200,0.059612692443752200,0.059612692443752200,0.059612692443752200,0.059612692443752200,0.059612692443752200,0.059612692443752200,0.059612692443752200,0.059612692443752200,0.059612692443752200,0.059612692443752200,0.059612692443752200,0.059612692443752200,0.059612692443752200,0.059612692443752200,0.059612692443752200,0.059612692443752200
2026,1,0,0.015224215971094000,0.068068380302527800,0.160275537266040000,0.296798697556706000,0.452947937321011000,0.581101042608257000,0.676972818024984000,0.750226516023075000,0.820595167257639000,0.879001913446339000,0.920484950816634000,0.942361859779266000,0.950043657346290000,0.952441348256798000,0.952268469234885000,0.953558123816015000,0.953199838389349000,0.953889979042126000,0.954682072774785000,0.955791955985152000,0.955539369883225000,0.954277703959668000,0.954684400870331000,0.956946922993633000,0.960169397041564000,0.960831821158806000,0.961016015637468000,0.960431012401431000,0.961116562357693000,0.961521259928839000,0.961223821319153000,0.959976603802709000,0.958252418637298000,0.957639001068900000,0.957532970376640000,0.956652001544499000,0.954379666954816000,0.951229431438681000,0.948871525673242000,0.947786400764688000,0.947184427364984000,0.945177285288752000,0.942482909194105000,0.937633288885799000,0.928608169514191000,0.914513846635621000,0.895050639271469000,0.878189757589439000,0.851674327456727000,0.817538243781064000,0.771834702885665000,0.732540733146189000,0.694158372665042000,0.652579314398025000,0.602874223726812000,0.552110594456881000,0.505571171616055000,0.464596686875351000,0.427961024381871000,0.392234243204226000,0.355099229673310000,0.317577869392109000,0.282799135439237000,0.252632994610545000,0.226571323744844000,0.203020663659620000,0.179476765505107000,0.156928102293315000,0.135050862665801000,0.117515183051471000,0.104149322260185000,0.095058361775910800,0.062122932056335300,0.062122932056335300,0.062122932056335300,0.062122932056335300,0.062122932056335300,0.062122932056335300,0.062122932056335300,0.062122932056335300,0.062122932056335300,0.062122932056335300,0.062122932056335300,0.062122932056335300,0.062122932056335300,0.062122932056335300,0.062122932056335300,0.062122932056335300,0.062122932056335300,0.062122932056335300,0.062122932056335300
2027,1,0,0.015221483736043400,0.068418870142551400,0.160869805051510000,0.297526410259054000,0.453703192923123000,0.581888865475267000,0.677799001570565000,0.751038747748446000,0.821337593248283000,0.879620308778712000,0.920982352727630000,0.942741786909932000,0.950305516449672000,0.952582946860108000,0.952287127876698000,0.953453580020709000,0.952972387906764000,0.953582448141345000,0.954337457584982000,0.955453213900121000,0.955206745420412000,0.953951378214985000,0.954372058741554000,0.956656215735341000,0.959908136687481000,0.960600467151846000,0.960814653803777000,0.960254264888643000,0.960958685246714000,0.961376787725729000,0.961092880033757000,0.959859363888418000,0.958146840192648000,0.957542759247319000,0.957443848618115000,0.956570138924380000,0.954305313176488000,0.951148108371603000,0.948768455436604000,0.947646719252855000,0.947008047868501000,0.944964459988165000,0.942518612260059000,0.938202757947423000,0.929997004768457000,0.916722957834173000,0.898080989948613000,0.881884312696991000,0.855878251643431000,0.822096336679890000,0.776749040466379000,0.737810165106207000,0.699662755906240000,0.658199243125302000,0.608491176794950000,0.557724761837979000,0.511181795207042000,0.470161397328483000,0.433437672395985000,0.397581295037271000,0.360316938055660000,0.322666303660019000,0.287825396505007000,0.257663847790287000,0.231673625545701000,0.208193963439556000,0.184721062050583000,0.162028727932511000,0.139793207840152000,0.121683979536284000,0.107743821713136000,0.098077796996084300,0.064571582324498300,0.064571582324498300,0.064571582324498300,0.064571582324498300,0.064571582324498300,0.064571582324498300,0.064571582324498300,0.064571582324498300,0.064571582324498300,0.064571582324498300,0.064571582324498300,0.064571582324498300,0.064571582324498300,0.064571582324498300,0.064571582324498300,0.064571582324498300,0.064571582324498300,0.064571582324498300,0.064571582324498300
2028,1,0,0.015218348361695000,0.068767408099835400,0.161459572050525000,0.298245941954567000,0.454446109773878000,0.582660933187823000,0.678606868372574000,0.751830723294150000,0.822057923242867000,0.880215108274766000,0.921455107104145000,0.943096533980888000,0.950542040150486000,0.952699195935753000,0.952280492228693000,0.953323758445343000,0.952719719791552000,0.953249714272383000,0.953967633671188000,0.955089231199659000,0.954848884529099000,0.953599846949302000,0.954034494531530000,0.956340217403781000,0.959621487559178000,0.960343694460183000,0.960587856038485000,0.960052086838183000,0.960775351619939000,0.961206842738077000,0.960936468287733000,0.959716680987686000,0.958015859741550000,0.957421127861643000,0.957329337177811000,0.956462907025262000,0.954205647365498000,0.951041559794551000,0.948640231261101000,0.947481927699277000,0.946806589433474000,0.944726624061293000,0.942529273860895000,0.938747094427119000,0.931360609542626000,0.918906874887653000,0.901086324984497000,0.885554026258011000,0.860057828532934000,0.826630842827638000,0.781640858149968000,0.743057974296743000,0.705146438793651000,0.663799527991070000,0.614089807099882000,0.563321955584418000,0.516776682434362000,0.475711478371957000,0.438900700105186000,0.402915728646179000,0.365523067584832000,0.327744208676226000,0.292842077449296000,0.262685919990550000,0.236767808976022000,0.213359740965997000,0.189958432280548000,0.167123085202634000,0.144530013174892000,0.125847938108262000,0.111334074762664000,0.101093464122306000,0.067017574212950800,0.067017574212950800,0.067017574212950800,0.067017574212950800,0.067017574212950800,0.067017574212950800,0.067017574212950800,0.067017574212950800,0.067017574212950800,0.067017574212950800,0.067017574212950800,0.067017574212950800,0.067017574212950800,0.067017574212950800,0.067017574212950800,0.067017574212950800,0.067017574212950800,0.067017574212950800,0.067017574212950800
2029,1,0,0.015211897848272400,0.069100737464354000,0.162013774610706000,0.298900012433232000,0.455089504035856000,0.583305513219411000,0.679266311801048000,0.752458325013651000,0.822598617245447000,0.880617674425149000,0.921726715992339000,0.943245492740389000,0.950571227109835000,0.952607713823105000,0.952066294044356000,0.952986224512569000,0.952259548343943000,0.952709411971405000,0.953390108199734000,0.954517298790552000,0.954283122461762000,0.953040682771724000,0.953489193874430000,0.955815966469907000,0.959125852133561000,0.959877759238183000,0.960151823646413000,0.959640775436985000,0.960382715126345000,0.960827492400697000,0.960570701602272000,0.959364900376284000,0.957676144934721000,0.957090885865108000,0.957006230650223000,0.956147264308580000,0.953898057982591000,0.950727781650052000,0.948305314581465000,0.947110719143413000,0.946398884289671000,0.944283017700730000,0.942334487486260000,0.939086471238285000,0.932520348723186000,0.920889124263499000,0.903893359356611000,0.889028406300729000,0.864047308168718000,0.830982314215927000,0.786359222432353000,0.748140515732402000,0.710472968885468000,0.669251598935163000,0.619551059655692000,0.568792838255662000,0.522255405421136000,0.481154374294209000,0.444264621089203000,0.408158980087180000,0.370646246152078000,0.332747478065167000,0.297791768872054000,0.267647572352703000,0.241807176475372000,0.218475759685112000,0.195151099354392000,0.172177806756449000,0.149232332533069000,0.129981843555227000,0.114897799542589000,0.104085196956248000,0.069447418023067300,0.069447418023067300,0.069447418023067300,0.069447418023067300,0.069447418023067300,0.069447418023067300,0.069447418023067300,0.069447418023067300,0.069447418023067300,0.069447418023067300,0.069447418023067300,0.069447418023067300,0.069447418023067300,0.069447418023067300,0.069447418023067300,0.069447418023067300,0.069447418023067300,0.069447418023067300,0.069447418023067300
2030,1,0,0.015210667158887600,0.069457595084947500,0.162623256320359000,0.299656253621431000,0.455888635966767000,0.584149799033914000,0.680158361045018000,0.753343648126933000,0.823421129496655000,0.881322024834517000,0.922314272632207000,0.943717840523514000,0.950926375736620000,0.952842952649536000,0.952178693070570000,0.952975665510830000,0.952126164529799000,0.952496092018898000,0.953139817293528000,0.954272984667612000,0.954044895260865000,0.952808624064481000,0.953271145496789000,0.955619755103804000,0.958959376881196000,0.959741227047901000,0.960045273177158000,0.959558758228950000,0.960319617831114000,0.960777827081789000,0.960534525018705000,0.959342289305923000,0.957665014459335000,0.957089022717726000,0.957011470339736000,0.956159669479141000,0.953917741108898000,0.950740191965554000,0.948295766302141000,0.947064487646715000,0.946315930518780000,0.944163455246139000,0.942462951226603000,0.939747714722645000,0.933999288813242000,0.923186170741598000,0.907008946230597000,0.892805904422362000,0.868331079206292000,0.835616555422513000,0.791344868893661000,0.753477049313955000,0.716040450760765000,0.674930422383467000,0.625222016431945000,0.574456013929605000,0.527910458517975000,0.486759523762385000,0.449778184993445000,0.413539553760478000,0.375893943432584000,0.337862330184233000,0.302841082816172000,0.272698503944701000,0.246926922613543000,0.223664117385321000,0.200408068070022000,0.177289021418782000,0.153983454249530000,0.134158236748146000,0.118499127133736000,0.107111113372857000,0.071899850795280500,0.071899850795280500,0.071899850795280500,0.071899850795280500,0.071899850795280500,0.071899850795280500,0.071899850795280500,0.071899850795280500,0.071899850795280500,0.071899850795280500,0.071899850795280500,0.071899850795280500,0.071899850795280500,0.071899850795280500,0.071899850795280500,0.071899850795280500,0.071899850795280500,0.071899850795280500,0.071899850795280500
2031,1,0,0.015224696660679100,0.068829024142804000,0.161551709225438000,0.298345918990078000,0.454520950023244000,0.582698962629053000,0.678594626113231000,0.751850940966327000,0.822201560894406000,0.880569341022295000,0.922012877982386000,0.943849667490670000,0.951403035634602000,0.953584268509448000,0.953106988516544000,0.954092288304737000,0.953429596053056000,0.953916322353815000,0.954605964323501000,0.955714365174762000,0.955460253695106000,0.954197030533122000,0.954616494649761000,0.956906114342383000,0.960169988036664000,0.960873730969207000,0.961099229163542000,0.960548026499601000,0.961259938287502000,0.961683509965732000,0.961404923293874000,0.960176527726927000,0.958465162626484000,0.957858613369698000,0.957753480184545000,0.956873384391604000,0.954601878910121000,0.951411280322587000,0.948971872042033000,0.947764120344419000,0.947039535410686000,0.944909737433612000,0.943341284931150000,0.940866121357083000,0.935463928074218000,0.924992371229296000,0.909151760381566000,0.895263530002853000,0.871070418961657000,0.838606386383930000,0.794574531355429000,0.756952449858731000,0.719520145004722000,0.678169180033463000,0.627970064687760000,0.576712377321027000,0.529679029758545000,0.488397606125432000,0.451641951855391000,0.415982017720036000,0.378913806767866000,0.341459236866892000,0.306764346076322000,0.276699160234363000,0.250755540136338000,0.227323010101476000,0.203897242210827000,0.180633841211897000,0.157208985522220000,0.137292927451635000,0.121546819862006000,0.110075747555145000,0.074759453147413300,0.074759453147413300,0.074759453147413300,0.074759453147413300,0.074759453147413300,0.074759453147413300,0.074759453147413300,0.074759453147413300,0.074759453147413300,0.074759453147413300,0.074759453147413300,0.074759453147413300,0.074759453147413300,0.074759453147413300,0.074759453147413300,0.074759453147413300,0.074759453147413300,0.074759453147413300,0.074759453147413300
2032,1,0,0.015217992518224900,0.068106385625340900,0.160259566346204000,0.296628520652339000,0.452533417596014000,0.580453624502449000,0.676105697707900000,0.749333278440132000,0.819861330759136000,0.878616706879052000,0.920455292363044000,0.942695764158574000,0.950583841450189000,0.953026886279181000,0.952737326112658000,0.953909701685291000,0.953434810905637000,0.954037729206877000,0.954772370494767000,0.955854482936142000,0.955574683024186000,0.954286215788738000,0.954662030423223000,0.956889512673986000,0.960073155473859000,0.960697794856709000,0.960844400094765000,0.960229229457925000,0.960891200030700000,0.961279540429216000,0.960966031670644000,0.959703132262040000,0.957959991859898000,0.957323696665577000,0.957191112612055000,0.956283907202846000,0.953985904807532000,0.950786597001089000,0.948355531693030000,0.947172963587653000,0.946473349485346000,0.944369141120396000,0.942934940412048000,0.940703337267701000,0.935654902690479000,0.925539336827890000,0.910057081206831000,0.896502733619410000,0.872624430376618000,0.840455234957553000,0.796723310938273000,0.759398337929216000,0.722021322370777000,0.680485636638919000,0.629863961160410000,0.578184179799396000,0.530726878069228000,0.489371139847626000,0.452891350501211000,0.417858971211896000,0.381418935235585000,0.344592710442296000,0.310271597786425000,0.280324799646776000,0.254244400576012000,0.230673985818597000,0.207110330227708000,0.183734196781199000,0.160221906490317000,0.140242095482006000,0.124430398731395000,0.112891854766570000,0.077518588861853700,0.077518588861853700,0.077518588861853700,0.077518588861853700,0.077518588861853700,0.077518588861853700,0.077518588861853700,0.077518588861853700,0.077518588861853700,0.077518588861853700,0.077518588861853700,0.077518588861853700,0.077518588861853700,0.077518588861853700,0.077518588861853700,0.077518588861853700,0.077518588861853700,0.077518588861853700,0.077518588861853700
2033,1,0,0.015211455173921600,0.067385096004343800,0.158970242426796000,0.294915753568548000,0.450552400442154000,0.578216378939966000,0.673626085479715000,0.746825731642107000,0.817531808038269000,0.876675064524615000,0.918908797488934000,0.941552835721280000,0.949775414487158000,0.952480069403816000,0.952378062733933000,0.953737363784940000,0.953450106116240000,0.954169121738772000,0.954948730977899000,0.956004589319371000,0.955699120357740000,0.954385417375862000,0.954717624466932000,0.956883046880133000,0.959986562240171000,0.960532173479719000,0.960599955928352000,0.959920866447019000,0.960532946242354000,0.960886090110761000,0.960537686322398000,0.959240299723181000,0.957465393217552000,0.956799371226480000,0.956639358777233000,0.955705057734095000,0.953380557163338000,0.950172513872252000,0.947749758566060000,0.946592339641275000,0.945917667252209000,0.943839003986017000,0.942538923137825000,0.940550644984971000,0.935855608036763000,0.926095616541139000,0.910971240709306000,0.897750342152640000,0.874186320336994000,0.842311365378178000,0.798878648935397000,0.761850131205214000,0.724527961502276000,0.682807276327391000,0.631762872784971000,0.579660817901106000,0.531779428755544000,0.490349003142042000,0.454144452926678000,0.419738712122867000,0.383925919333133000,0.347727103625390000,0.313779080986131000,0.283950250822316000,0.257732915876894000,0.234024487005913000,0.210322814397855000,0.186833799291880000,0.163233901745234000,0.143190181912377000,0.127312785798950000,0.115706706810594000,0.080276144800753200,0.080276144800753200,0.080276144800753200,0.080276144800753200,0.080276144800753200,0.080276144800753200,0.080276144800753200,0.080276144800753200,0.080276144800753200,0.080276144800753200,0.080276144800753200,0.080276144800753200,0.080276144800753200,0.080276144800753200,0.080276144800753200,0.080276144800753200,0.080276144800753200,0.080276144800753200,0.080276144800753200
2034,1,0,0.015204649575995900,0.066663225074948700,0.157679185632134000,0.293199176257564000,0.448565004965295000,0.575970680255974000,0.671136514134767000,0.744306931763598000,0.815189602604920000,0.874719334093419000,0.917347107372799000,0.940393950340462000,0.948950589190635000,0.951916576102894000,0.952001960322454000,0.953547998474514000,0.953448214576467000,0.954283212776882000,0.955107736497762000,0.956137344740698000,0.955806234737728000,0.954467341797941000,0.954755973596490000,0.956859351582280000,0.959882753857346000,0.960349396417029000,0.960338423966175000,0.959595483915194000,0.960157705652038000,0.960475677489454000,0.960092415542192000,0.958760595358542000,0.956953982570781000,0.956258271843278000,0.956070857929286000,0.955109501837758000,0.952758568193228000,0.949541854859250000,0.947127445906974000,0.945995174959482000,0.945345434567134000,0.943292331442523000,0.942126276276679000,0.940381145583501000,0.936039280975766000,0.926634727878909000,0.911868190468884000,0.898980686711107000,0.875731095194778000,0.844150696834802000,0.801017707927940000,0.764286052498169000,0.727019352801535000,0.685114581852853000,0.633648740290008000,0.581125720578433000,0.532821478281285000,0.491317176996817000,0.455388276694965000,0.421609244656862000,0.386423790147236000,0.350852485426074000,0.317277837147383000,0.287567408797101000,0.261213730261694000,0.237367835317324000,0.213528693613128000,0.189927318900014000,0.166240315986847000,0.146133104387090000,0.130190352495482000,0.118517006743661000,0.083029837032909100,0.083029837032909100,0.083029837032909100,0.083029837032909100,0.083029837032909100,0.083029837032909100,0.083029837032909100,0.083029837032909100,0.083029837032909100,0.083029837032909100,0.083029837032909100,0.083029837032909100,0.083029837032909100,0.083029837032909100,0.083029837032909100,0.083029837032909100,0.083029837032909100,0.083029837032909100,0.083029837032909100
2035,1,0,0.015200079949648300,0.065951675039734600,0.156412229570197000,0.291526901879536000,0.446644910788826000,0.573811169464122000,0.668747276133923000,0.741899222920233000,0.812968756315354000,0.872893408219441000,0.915921181652235000,0.939373909653106000,0.948265614236922000,0.951493172899579000,0.951765820404356000,0.953498682854684000,0.953586217892534000,0.954537234452328000,0.955406760044788000,0.956410288887102000,0.956053508435647000,0.954689247927849000,0.954934379368885000,0.956976067939869000,0.959919860643787000,0.960307662044413000,0.960217991977574000,0.959411140097907000,0.959923623551685000,0.960206496313983000,0.959788346041371000,0.958421922613372000,0.956583362180742000,0.955857882840993000,0.955643060455186000,0.954654528493492000,0.952276836604351000,0.949050987742943000,0.946644564652131000,0.945537256745139000,0.944912334372894000,0.942884471036955000,0.941852170240271000,0.940349749127516000,0.936360155701298000,0.927309395333337000,0.912898262150366000,0.900342012974578000,0.877403205358677000,0.846112509733602000,0.803272695593133000,0.766832291064166000,0.729615551985271000,0.687520684500654000,0.635626168813212000,0.582674792702819000,0.533940926089672000,0.492356714714659000,0.456697986572667000,0.423540238459152000,0.388976490562263000,0.354027008417793000,0.320820529091591000,0.291224054789491000,0.264730267913725000,0.240743510936258000,0.216763505169337000,0.193046391991510000,0.169268873405278000,0.149095267313870000,0.133084869338148000,0.121342594369005000,0.085793652480418500,0.085793652480418500,0.085793652480418500,0.085793652480418500,0.085793652480418500,0.085793652480418500,0.085793652480418500,0.085793652480418500,0.085793652480418500,0.085793652480418500,0.085793652480418500,0.085793652480418500,0.085793652480418500,0.085793652480418500,0.085793652480418500,0.085793652480418500,0.085793652480418500,0.085793652480418500,0.085793652480418500
2036,1,0,0.015216629456510200,0.065813309178238500,0.156197044707123000,0.291318378559387000,0.446499690337257000,0.573698818641057000,0.668632703471189000,0.741850142072658000,0.813074331758408000,0.873232937416154000,0.916476267659489000,0.940123239599537000,0.949160585813329000,0.952494870517863000,0.952838278230591000,0.954643490738224000,0.954801584437714000,0.955794735062357000,0.956676941257974000,0.957663931867036000,0.957289132108015000,0.955905755370914000,0.956132637174347000,0.958157146480688000,0.961083856432519000,0.961451792174931000,0.961341736589631000,0.960516229986973000,0.961014006827522000,0.961284434628585000,0.960853076136548000,0.959472412030535000,0.957612927807209000,0.956861567514065000,0.956615251106247000,0.955594382724873000,0.953182841929811000,0.949933204976239000,0.947514870233786000,0.946408049390775000,0.945784139293084000,0.943755760740977000,0.942848775828609000,0.941595905897962000,0.937977902830575000,0.929293222336150000,0.915242332772763000,0.902980869969575000,0.880258067625839000,0.849106807121008000,0.806393853679020000,0.770087277382496000,0.732980157595734000,0.690966234521588000,0.639118629922350000,0.586213014214185000,0.537529499933216000,0.495800721129648000,0.459801172947285000,0.426102623659139000,0.390996543766523000,0.355504309647509000,0.322049025535287000,0.292499726385908000,0.266348542245560000,0.242707117601554000,0.219072451518661000,0.195523927455945000,0.171737895416283000,0.151382662930227000,0.135195171367678000,0.123280449848515000,0.087533141243773600,0.087533141243773600,0.087533141243773600,0.087533141243773600,0.087533141243773600,0.087533141243773600,0.087533141243773600,0.087533141243773600,0.087533141243773600,0.087533141243773600,0.087533141243773600,0.087533141243773600,0.087533141243773600,0.087533141243773600,0.087533141243773600,0.087533141243773600,0.087533141243773600,0.087533141243773600,0.087533141243773600
2037,1,0,0.015213747540644700,0.065590711865348600,0.155782052164095000,0.290737373357363000,0.445783728804203000,0.572853200393338000,0.667663539304717000,0.740852959364079000,0.812140922458240000,0.872456811707364000,0.915860629168789000,0.939671799730694000,0.948843369129791000,0.952280214746395000,0.952694007430487000,0.954569328054584000,0.954797841822528000,0.955831895187397000,0.956725665960599000,0.957694842127174000,0.957302485838583000,0.955901743588850000,0.956110069398228000,0.958114796742809000,0.961020668352329000,0.961368250365137000,0.961237931578218000,0.960394808446304000,0.960877229308897000,0.961134855361502000,0.960690828034084000,0.959297674884078000,0.957419624409602000,0.956643320102816000,0.956365796137715000,0.955313866893409000,0.952871528618376000,0.949602235101725000,0.947175068541515000,0.946070149677565000,0.945448050099249000,0.943421748062344000,0.942641350809699000,0.941639857574905000,0.938398402670000000,0.930091229928884000,0.916418864438690000,0.904468122781069000,0.881990558858829000,0.851018669038890000,0.808487275980004000,0.772361046746642000,0.735411066380275000,0.693531852778665000,0.641797460818010000,0.589005258127823000,0.540434357230384000,0.498614208880744000,0.462319540324168000,0.428122769115125000,0.392518733877386000,0.356528617547974000,0.322867059576333000,0.293402740937267000,0.267627887863735000,0.244362318956858000,0.221103507331074000,0.197753818139774000,0.173989662682725000,0.153478653740456000,0.137134596382720000,0.125062499837665000,0.089162329920862700,0.089162329920862700,0.089162329920862700,0.089162329920862700,0.089162329920862700,0.089162329920862700,0.089162329920862700,0.089162329920862700,0.089162329920862700,0.089162329920862700,0.089162329920862700,0.089162329920862700,0.089162329920862700,0.089162329920862700,0.089162329920862700,0.089162329920862700,0.089162329920862700,0.089162329920862700,0.089162329920862700
2038,1,0,0.015211992551113700,0.065373037091501100,0.155378716315528000,0.290178064179500000,0.445100980202687000,0.572050239655735000,0.666744087699569000,0.739910914882314000,0.811267908342301000,0.871745497545285000,0.915312965861152000,0.939290047397177000,0.948596477915546000,0.952136107569944000,0.952620294404194000,0.954565840583155000,0.954864769874199000,0.955939790050796000,0.956845188030151000,0.957796626916507000,0.957386690407960000,0.955968484261144000,0.956158275150235000,0.958143374941377000,0.961028629637162000,0.961355889849022000,0.961205304389644000,0.960344507692789000,0.960811612963256000,0.961056460236668000,0.960599735069637000,0.959193993566905000,0.957297243494676000,0.956495945317044000,0.956187202763434000,0.955104144262532000,0.952630837122238000,0.949341651055057000,0.946905475721226000,0.945802376475994000,0.945182040820534000,0.943157664688969000,0.942503758760236000,0.941753491494540000,0.938888230091190000,0.930957835210070000,0.917662866484390000,0.906021866751270000,0.883787802839202000,0.852992936655460000,0.810639900685107000,0.774691289669370000,0.737895665979753000,0.696148021103982000,0.644522978153141000,0.591840246497059000,0.543378329683325000,0.501463744304839000,0.464871358948821000,0.430173986560246000,0.394069512478628000,0.357579001841915000,0.323708741401902000,0.294327196570753000,0.268926652155927000,0.246035102448015000,0.223150309241705000,0.199997666100371000,0.176253621651517000,0.155585365596347000,0.139083580444906000,0.126853263311948000,0.090797621506682000,0.090797621506682000,0.090797621506682000,0.090797621506682000,0.090797621506682000,0.090797621506682000,0.090797621506682000,0.090797621506682000,0.090797621506682000,0.090797621506682000,0.090797621506682000,0.090797621506682000,0.090797621506682000,0.090797621506682000,0.090797621506682000,0.090797621506682000,0.090797621506682000,0.090797621506682000,0.090797621506682000
2039,1,0,0.015209380671525700,0.065151740176183700,0.154966738624954000,0.289602560231366000,0.444393340339264000,0.571215266917937000,0.665787320300117000,0.738927437188031000,0.810349419304296000,0.870985253348282000,0.914713869951193000,0.938855463418518000,0.948296191807871000,0.951938376493300000,0.952492909981933000,0.954508551901753000,0.954877859655662000,0.955993774293722000,0.956910745110860000,0.957844398182241000,0.957416909605125000,0.955981324508342000,0.956152575100118000,0.958117941085392000,0.960982422163544000,0.961289347962140000,0.961118510134986000,0.960240093463211000,0.960691861210192000,0.960923919572029000,0.960454525952510000,0.959036278942176000,0.957120941546178000,0.956294701835385000,0.955954767055738000,0.954840649277852000,0.952336521564481000,0.949027634045067000,0.946582589833635000,0.945481371858830000,0.944862834583910000,0.942840497904829000,0.942313083848756000,0.941814012728987000,0.939324998341490000,0.931771720153136000,0.918854789210663000,0.907524098617321000,0.885534718001471000,0.854918560333627000,0.812746217402083000,0.776977199793614000,0.740337962387446000,0.698724201495992000,0.647211385911225000,0.594641063225011000,0.546290830672655000,0.504284197804501000,0.467396243561257000,0.432200369331518000,0.395597635006288000,0.358608930407946000,0.324531936434426000,0.295234797684782000,0.270209886140521000,0.247693538512003000,0.225183946225005000,0.202229597527465000,0.178506996600243000,0.157682703492780000,0.141024165911340000,0.128636362942811000,0.092427326079625600,0.092427326079625600,0.092427326079625600,0.092427326079625600,0.092427326079625600,0.092427326079625600,0.092427326079625600,0.092427326079625600,0.092427326079625600,0.092427326079625600,0.092427326079625600,0.092427326079625600,0.092427326079625600,0.092427326079625600,0.092427326079625600,0.092427326079625600,0.092427326079625600,0.092427326079625600,0.092427326079625600
2040,1,0,0.015208180909990600,0.064936544933989900,0.154569245413194000,0.289054076233531000,0.443727118456181000,0.570433513416605000,0.664892579147197000,0.738012779994920000,0.809506362598622000,0.870306028969740000,0.914199811591773000,0.938508116161314000,0.948083984891003000,0.951829036913095000,0.952453950891392000,0.954539858044263000,0.954979560898998000,0.956136463310976000,0.957065089162997000,0.957981047520996000,0.957535971601432000,0.956082878683876000,0.956235609516373000,0.958181429030678000,0.961025407526478000,0.961312032490349000,0.961120931515896000,0.960224817765227000,0.960661293756848000,0.960880587947123000,0.960398485488679000,0.958967604487819000,0.957033506677968000,0.956182255006727000,0.955811104270134000,0.954665831605179000,0.952130658652888000,0.948801767545841000,0.946347629773648000,0.945248190402460000,0.944631393655857000,0.942610908240999000,0.942209905417577000,0.941961921187091000,0.939848828553973000,0.932671871604307000,0.920131685001527000,0.909110174281643000,0.887363374989829000,0.856923039813212000,0.814927430959425000,0.779334642315219000,0.742848351806170000,0.701364579504469000,0.649959182663871000,0.597496362141155000,0.549253298858939000,0.507150743258413000,0.469963870905733000,0.434266353489860000,0.397162086955839000,0.359671880595196000,0.325385042469872000,0.296169569814075000,0.271517874652528000,0.249374545523685000,0.227237971203481000,0.204479737049986000,0.180776372762381000,0.159794149160860000,0.142977352478080000,0.130430953519864000,0.094065199757321200,0.094065199757321200,0.094065199757321200,0.094065199757321200,0.094065199757321200,0.094065199757321200,0.094065199757321200,0.094065199757321200,0.094065199757321200,0.094065199757321200,0.094065199757321200,0.094065199757321200,0.094065199757321200,0.094065199757321200,0.094065199757321200,0.094065199757321200,0.094065199757321200,0.094065199757321200,0.094065199757321200
女性有配偶,,,,,,,,,,,,,,,,,,,,,,,,,,,,,,,,,,,,,,,,,,,,,,,,,,,,,,,,,,,,,,,,,,,,,,,,,,,,,,,,,,,,,,,,,,,,,
年度,性,合計,15.000000000000000000,16.000000000000000000,17.000000000000000000,18.000000000000000000,19.000000000000000000,20.000000000000000000,21.000000000000000000,22.000000000000000000,23.000000000000000000,24.000000000000000000,25.000000000000000000,26.000000000000000000,27.000000000000000000,28.000000000000000000,29.000000000000000000,30.000000000000000000,31.000000000000000000,32.000000000000000000,33.000000000000000000,34.000000000000000000,35.000000000000000000,36.000000000000000000,37.000000000000000000,38.000000000000000000,39.000000000000000000,40.000000000000000000,41.000000000000000000,42.000000000000000000,43.000000000000000000,44.000000000000000000,45.000000000000000000,46.000000000000000000,47.000000000000000000,48.000000000000000000,49.000000000000000000,50.000000000000000000,51.000000000000000000,52.000000000000000000,53.000000000000000000,54.000000000000000000,55.000000000000000000,56.000000000000000000,57.000000000000000000,58.000000000000000000,59.000000000000000000,60.000000000000000000,61.000000000000000000,62.000000000000000000,63.000000000000000000,64.000000000000000000,65.000000000000000000,66.000000000000000000,67.000000000000000000,68.000000000000000000,69.000000000000000000,70.000000000000000000,71.000000000000000000,72.000000000000000000,73.000000000000000000,74.000000000000000000,75.000000000000000000,76.000000000000000000,77.000000000000000000,78.000000000000000000,79.000000000000000000,80.000000000000000000,81.000000000000000000,82.000000000000000000,83.000000000000000000,84.000000000000000000,85.000000000000000000,86.000000000000000000,87.000000000000000000,88.000000000000000000,89.000000000000000000,90.000000000000000000,91.000000000000000000,92.000000000000000000,93.000000000000000000,94.000000000000000000,95.000000000000000000,96.000000000000000000,97.000000000000000000,98.000000000000000000,99.000000000000000000,100.000000000000000000,101.000000000000000000,102.000000000000000000,103.000000000000000000,104.000000000000000000,105.000000000000000000
2020,3,0,0.018630681084745700,0.081073941207403700,0.179346547437628000,0.345905178059384000,0.461694773519803000,0.545640317474694000,0.568405251703160000,0.635558038000975000,0.698154277497948000,0.714613888842969000,0.739745180065435000,0.738060095978587000,0.746175267722129000,0.730929016425301000,0.717848074624923000,0.705022706586024000,0.698998348046419000,0.689829508254089000,0.693466388096549000,0.694861176227109000,0.700083643756419000,0.697673074751912000,0.704555268223348000,0.711745847699804000,0.715133625938047000,0.728181629473392000,0.741013514814836000,0.760961207493770000,0.770917933592050000,0.782242957440422000,0.786523298854237000,0.789465616167261000,0.787227328259856000,0.781532366033828000,0.778404290450271000,0.777625678279385000,0.780054952694997000,0.774442443822810000,0.770957010558581000,0.768069868408576000,0.755164347901517000,0.737428944152518000,0.715846437300289000,0.700665253770931000,0.678512386135933000,0.654828586175844000,0.618620686290495000,0.583325960601586000,0.543232350259890000,0.504475483845048000,0.461724439274209000,0.419971579024441000,0.381612873328004000,0.352458877508459000,0.319956299940105000,0.291426135499412000,0.258454777421271000,0.229167246398966000,0.201468372700672000,0.176014876127433000,0.153921972242285000,0.135720373201950000,0.121702142745876000,0.107580902163679000,0.100316358793891000,0.084903005475267100,0.072733097581741000,0.060321258346774200,0.054582284073080000,0.049275532405018400,0.037778382952662100,0.025310585201482300,0.027805549403086800,0.027805549403086800,0.027805549403086800,0.027805549403086800,0.027805549403086800,0.027805549403086800,0.027805549403086800,0.027805549403086800,0.027805549403086800,0.027805549403086800,0.027805549403086800,0.027805549403086800,0.027805549403086800,0.027805549403086800,0.027805549403086800,0.027805549403086800,0.027805549403086800,0.027805549403086800,0.027805549403086800
2021,3,0,0.017298165503446300,0.063348015377823000,0.147003430132711000,0.300557504024959000,0.465939064424541000,0.574730802329148000,0.636420556251045000,0.667962569420303000,0.722236655965323000,0.750606531325214000,0.766253022419144000,0.778511072422733000,0.764180652225291000,0.761907268116472000,0.736882392229840000,0.728807461018121000,0.719562415501911000,0.716834800034813000,0.710374953172255000,0.715303150029689000,0.719646172531868000,0.719443598930779000,0.723110602716587000,0.727256095323218000,0.737693142673961000,0.743905316011945000,0.753619975124120000,0.768278810471895000,0.779150499689073000,0.784404426794988000,0.783610975070055000,0.780211045976698000,0.779193833299031000,0.783218594345146000,0.778111704042793000,0.776240809847505000,0.772725339587297000,0.775434021327702000,0.772317305208130000,0.761541832809965000,0.754449233564015000,0.738091419076811000,0.726469181263328000,0.702403643589098000,0.684493627375782000,0.656004648357249000,0.629475809407959000,0.594710217130807000,0.560821639154687000,0.520981866573928000,0.480239968384404000,0.433259659495305000,0.394447437218233000,0.359536334865299000,0.327584395363500000,0.295560218713152000,0.261920623578425000,0.238151130216785000,0.208461721964151000,0.189604055759177000,0.164562088169754000,0.150125750724053000,0.129335446261553000,0.121515841374763000,0.105615354785459000,0.095108486815941300,0.081779099408406700,0.068978858496331700,0.061239623479461400,0.047297758977543600,0.046324591843046000,0.045945570428355700,0.027651562049761700,0.027651562049761700,0.027651562049761700,0.027651562049761700,0.027651562049761700,0.027651562049761700,0.027651562049761700,0.027651562049761700,0.027651562049761700,0.027651562049761700,0.027651562049761700,0.027651562049761700,0.027651562049761700,0.027651562049761700,0.027651562049761700,0.027651562049761700,0.027651562049761700,0.027651562049761700,0.027651562049761700
2022,3,0,0.017347621045051900,0.055933963680215000,0.118447278670774000,0.227301443255017000,0.338767458550638000,0.493363143810623000,0.616319001580818000,0.741097892212859000,0.779104825850166000,0.785146685285522000,0.786802773849783000,0.790861626962008000,0.789395390507412000,0.770878088820992000,0.751582903815377000,0.741565660088380000,0.737745171446235000,0.735919123494502000,0.724876461527312000,0.724286681327197000,0.726912940290317000,0.736181770847103000,0.735560221517868000,0.742586829774644000,0.750862882440048000,0.765923731590505000,0.776209947037095000,0.786575186085820000,0.792889211694983000,0.796191876268019000,0.799506318022885000,0.798960148973449000,0.797056508136235000,0.791483367990661000,0.792671056413144000,0.787679783964512000,0.787692152891710000,0.777913360456725000,0.773257587115997000,0.760825736204949000,0.752130371857797000,0.743428779371277000,0.731486597104977000,0.720787704337883000,0.693909630564843000,0.665207417673557000,0.636987911402658000,0.615438505382200000,0.588879541738439000,0.537253075722533000,0.481742571494926000,0.428238809787035000,0.396883646402603000,0.364082377928542000,0.334310435643911000,0.301693442285478000,0.274828314674024000,0.248760142763484000,0.225168587876292000,0.199138907956028000,0.178389536385267000,0.154041675295611000,0.135796059995539000,0.115856902995961000,0.104451343109010000,0.093329727528799500,0.079391422677427300,0.066257713867187700,0.052121963119732200,0.043285410964129400,0.033174198979764200,0.026772306888302800,0.033182883375669300,0.033182883375669300,0.033182883375669300,0.033182883375669300,0.033182883375669300,0.033182883375669300,0.033182883375669300,0.033182883375669300,0.033182883375669300,0.033182883375669300,0.033182883375669300,0.033182883375669300,0.033182883375669300,0.033182883375669300,0.033182883375669300,0.033182883375669300,0.033182883375669300,0.033182883375669300,0.033182883375669300
2023,3,0,0.017348585042103100,0.063856093304038600,0.133800559166513000,0.228052647912988000,0.353013614440637000,0.482675406571189000,0.616775070410087000,0.712619646050828000,0.770100711898105000,0.787148551701084000,0.792879735837444000,0.796108082270335000,0.792317249048294000,0.780446961300028000,0.765431836839241000,0.755315922290951000,0.751023377010497000,0.745670793011008000,0.740676958023374000,0.736449094166372000,0.738992104049907000,0.741524523635272000,0.745521832959504000,0.749186223063292000,0.758076394946896000,0.768053162938585000,0.778726365089667000,0.787058438653967000,0.793637173848740000,0.798440153954937000,0.800956275435945000,0.801736865343099000,0.799598999761927000,0.798083355225586000,0.795582679397198000,0.794943943387546000,0.790649510625118000,0.786453502101791000,0.778095774781704000,0.770085795214684000,0.760727134324475000,0.751531705386047000,0.740991396948575000,0.723714925149389000,0.700174466446108000,0.670793478704845000,0.643188812251416000,0.616417838865082000,0.581963348944994000,0.536307100841359000,0.481668754280844000,0.433787884085591000,0.393232039809002000,0.360342101615772000,0.326786390079371000,0.295209502119786000,0.264867272890341000,0.239245972852073000,0.215615453373981000,0.195470248384682000,0.175072927318731000,0.157270438644801000,0.138289949405937000,0.122175713203608000,0.106988188437007000,0.093801058874410000,0.080037847659978800,0.065535766855068600,0.053000262745715100,0.041738211527613100,0.033054256450161100,0.025181899824963300,0.031359232432441200,0.031359232432441200,0.031359232432441200,0.031359232432441200,0.031359232432441200,0.031359232432441200,0.031359232432441200,0.031359232432441200,0.031359232432441200,0.031359232432441200,0.031359232432441200,0.031359232432441200,0.031359232432441200,0.031359232432441200,0.031359232432441200,0.031359232432441200,0.031359232432441200,0.031359232432441200,0.031359232432441200
2024,3,0,0.017344742629760000,0.063784883675028200,0.133669837252656000,0.227870075808763000,0.352785436472977000,0.482400581588307000,0.616452615499948000,0.712867887552408000,0.771538000163890000,0.790393695490013000,0.797935241593546000,0.802974504328992000,0.800701864664947000,0.790057282562713000,0.775974282903266000,0.766789408065827000,0.763426612720377000,0.758285958863111000,0.752785919987907000,0.747333628020868000,0.748650710162623000,0.749957204351775000,0.752726289402096000,0.755160554537948000,0.762817469603201000,0.771560740114244000,0.781000290536525000,0.788673744897417000,0.795168763228779000,0.800462933776478000,0.803470752198729000,0.804743423437432000,0.803142512215466000,0.802207910867206000,0.800332723034444000,0.800319062632865000,0.796650515152284000,0.793066958071363000,0.785309191902442000,0.777885684426290000,0.769113794336598000,0.760505100045626000,0.749874974486185000,0.731833327871985000,0.706852232081707000,0.676031900829886000,0.646987497441372000,0.618895813013948000,0.583241524361778000,0.536507169064907000,0.480792704691035000,0.431834220017968000,0.389954053212161000,0.355493008939232000,0.320121253095932000,0.286727882554159000,0.254568897286914000,0.228841698886751000,0.206816743403501000,0.189988233752293000,0.172907663863796000,0.158421351656703000,0.141309533421418000,0.125615567026997000,0.109400340447643000,0.095185066019260100,0.080393837531191700,0.065129742170874000,0.052097627014656400,0.040604521773200800,0.031688941668569200,0.023584780261133800,0.029527196322550600,0.029527196322550600,0.029527196322550600,0.029527196322550600,0.029527196322550600,0.029527196322550600,0.029527196322550600,0.029527196322550600,0.029527196322550600,0.029527196322550600,0.029527196322550600,0.029527196322550600,0.029527196322550600,0.029527196322550600,0.029527196322550600,0.029527196322550600,0.029527196322550600,0.029527196322550600,0.029527196322550600
2025,3,0,0.017346300724226800,0.063733541798701000,0.133580748460577000,0.227758471351328000,0.352667122503944000,0.482275980293713000,0.616322125449666000,0.713338036081395000,0.773215304869649000,0.793884488086675000,0.803238505720495000,0.810090015203771000,0.809334661645528000,0.799912309782679000,0.786756927679359000,0.778500110401185000,0.776065895617851000,0.771135543539416000,0.765127655082564000,0.758449398746437000,0.758541124618317000,0.758622261586469000,0.760164146194441000,0.761369206203504000,0.767795410690245000,0.775308068211103000,0.783517068190675000,0.790534379073718000,0.796947713682142000,0.802734658248544000,0.806235045304346000,0.808000129306705000,0.806935603324817000,0.806581677684901000,0.805331311679744000,0.805942640328522000,0.802898753576370000,0.799926451613660000,0.792766152344854000,0.785926728550603000,0.777738801016340000,0.769714083940828000,0.758990843570711000,0.740178505922887000,0.713749185282697000,0.681480104636975000,0.650987111387825000,0.621566143934821000,0.584701114152677000,0.536874243644497000,0.480066457367710000,0.430015257687709000,0.386797904026100000,0.350755231663303000,0.313556658219274000,0.278336647796976000,0.244351133535190000,0.218510040976087000,0.198083580972010000,0.184566090663733000,0.170796517475361000,0.159621435012988000,0.144372714246488000,0.129094076263539000,0.111846234846094000,0.096598525237193700,0.080774809830116100,0.064744048024648300,0.051211329876084400,0.039483622844916600,0.030333672492068700,0.021995213726918100,0.027704594247822800,0.027704594247822800,0.027704594247822800,0.027704594247822800,0.027704594247822800,0.027704594247822800,0.027704594247822800,0.027704594247822800,0.027704594247822800,0.027704594247822800,0.027704594247822800,0.027704594247822800,0.027704594247822800,0.027704594247822800,0.027704594247822800,0.027704594247822800,0.027704594247822800,0.027704594247822800,0.027704594247822800
2026,3,0,0.017365911983293100,0.063817996566165900,0.133753715871338000,0.228044604761324000,0.353098311402080000,0.482857538606657000,0.617059069854662000,0.714841725721905000,0.776096976326748000,0.798753038284257000,0.810081142037982000,0.818903908373040000,0.820292578477721000,0.813185818528646000,0.802523174800973000,0.796764634083524000,0.796835278738023000,0.792757635549763000,0.785951909267303000,0.776825728723493000,0.774477184346715000,0.772118039094680000,0.771651732091281000,0.771278658811168000,0.776563072020644000,0.782935166578692000,0.790004390861429000,0.796327640600249000,0.802493293069305000,0.808478909160793000,0.812175382621522000,0.814134591142047000,0.813305475559338000,0.813232248665786000,0.812306052877362000,0.813243656524564000,0.810521912283032000,0.808101840427026000,0.801719043092544000,0.795887490670017000,0.788705909925572000,0.781687724161214000,0.771700308612259000,0.753346994858262000,0.727100430944221000,0.695007504749723000,0.664692673948232000,0.635280655115007000,0.598245732065548000,0.550066149297721000,0.492895497180499000,0.442489070474371000,0.398702402471665000,0.361876713791965000,0.323672003723801000,0.287448093587277000,0.252460075299281000,0.225280693782388000,0.203177073663064000,0.187645241539292000,0.171861041537330000,0.158674265522503000,0.142474977285903000,0.127311469637044000,0.111242263853265000,0.097175451173030000,0.082531981478019500,0.067115620814183400,0.053634517538566300,0.041394855587790400,0.031735864657408400,0.022889282765194000,0.028106422266692200,0.028106422266692200,0.028106422266692200,0.028106422266692200,0.028106422266692200,0.028106422266692200,0.028106422266692200,0.028106422266692200,0.028106422266692200,0.028106422266692200,0.028106422266692200,0.028106422266692200,0.028106422266692200,0.028106422266692200,0.028106422266692200,0.028106422266692200,0.028106422266692200,0.028106422266692200,0.028106422266692200
2027,3,0,0.017362086210504500,0.063816333847249300,0.133746189237442000,0.228022995241337000,0.353052988396981000,0.482787465473366000,0.616963267937639000,0.715381298848916000,0.777933052235079000,0.802547201132516000,0.815835887416051000,0.826619788215753000,0.830152557512428000,0.825373095298350000,0.817219859648889000,0.813969646618144000,0.816547334768872000,0.813328683830284000,0.805733585674734000,0.794169579332976000,0.789381716020655000,0.784583254168489000,0.782107557865597000,0.780155419045972000,0.784289864651043000,0.789511751984578000,0.795430615462620000,0.801050632092403000,0.806960049526454000,0.813136433600385000,0.817024179349900000,0.819175042884918000,0.818582671755954000,0.818790497952589000,0.818190018327899000,0.819452927537123000,0.817057295025099000,0.815193224432050000,0.809597257356143000,0.804782369743916000,0.798617751225860000,0.792616491691391000,0.783379059857359000,0.765509976208760000,0.739481784664528000,0.707608518814450000,0.677512956636577000,0.648149619248381000,0.610994668711264000,0.562527125378478000,0.505070493461170000,0.454376596771801000,0.410079235818848000,0.372519556049767000,0.333359394085200000,0.296179595674934000,0.260235416841782000,0.231753237717385000,0.208000784990468000,0.190473755678983000,0.172694414086857000,0.157511924260033000,0.140383082721981000,0.125355290428770000,0.110487496372475000,0.097621654285329400,0.084179282223020800,0.069398703579195600,0.055987470096088000,0.043251918560491000,0.033096469514192300,0.023753250529431900,0.028470654650043900,0.028470654650043900,0.028470654650043900,0.028470654650043900,0.028470654650043900,0.028470654650043900,0.028470654650043900,0.028470654650043900,0.028470654650043900,0.028470654650043900,0.028470654650043900,0.028470654650043900,0.028470654650043900,0.028470654650043900,0.028470654650043900,0.028470654650043900,0.028470654650043900,0.028470654650043900,0.028470654650043900
2028,3,0,0.017358132135200500,0.063814193982911500,0.133737664413552000,0.227999687846056000,0.353005041849695000,0.482713808365750000,0.616862888793607000,0.715915273097802000,0.779762480017580000,0.806333654317362000,0.821581945286140000,0.834326021215806000,0.840001902702736000,0.837548731396184000,0.831903840677467000,0.831160855953553000,0.836244445153554000,0.833884425743046000,0.825500366225441000,0.811499712817762000,0.804273659227520000,0.797037009511165000,0.792552842645192000,0.789022360318742000,0.792007322538660000,0.796079478830946000,0.800848452537036000,0.805765509017313000,0.811418761955638000,0.817785782296823000,0.821864685532539000,0.824207102114693000,0.823851373815042000,0.824340125635070000,0.824065220751489000,0.825653280330023000,0.823583631390721000,0.822275326933782000,0.817465879525688000,0.813667237319051000,0.808519171596929000,0.803534427654701000,0.795046712721117000,0.777661776058180000,0.751852053966752000,0.720198588738076000,0.690322422323910000,0.661007964459815000,0.623733318442631000,0.574978306500371000,0.517236253166118000,0.466255394901321000,0.421447901508160000,0.383154840740964000,0.343039948169930000,0.304904968141347000,0.268005326287471000,0.238221146492414000,0.212820777698146000,0.193299576289666000,0.173526120062635000,0.156348924188831000,0.138291074054685000,0.123399048853293000,0.109732239635466000,0.098066926458350500,0.085825214606130500,0.071680243839673600,0.058338949278110400,0.045107825684444400,0.034456216982514300,0.024616653363267500,0.028834510655722000,0.028834510655722000,0.028834510655722000,0.028834510655722000,0.028834510655722000,0.028834510655722000,0.028834510655722000,0.028834510655722000,0.028834510655722000,0.028834510655722000,0.028834510655722000,0.028834510655722000,0.028834510655722000,0.028834510655722000,0.028834510655722000,0.028834510655722000,0.028834510655722000,0.028834510655722000,0.028834510655722000
2029,3,0,0.017350135505080100,0.063797183826667800,0.133697978173707000,0.227923261642014000,0.352874861216269000,0.482527706511613000,0.616618820132995000,0.716282037239144000,0.781408926544988000,0.809929586826775000,0.827132580059425000,0.841832511907125000,0.849648707680756000,0.849520797751042000,0.846383840944150000,0.848146531897774000,0.855733112560434000,0.854231683660659000,0.845061159728025000,0.828628799275220000,0.818967917683717000,0.809296444847576000,0.802806234918678000,0.797699318265460000,0.799534892675677000,0.802457160304321000,0.806075924333479000,0.810289358617408000,0.815685305904849000,0.822241347473346000,0.826510326037472000,0.829043617921292000,0.828924452466234000,0.829693822639783000,0.829744332463072000,0.831656948508800000,0.829913541087932000,0.829160925118686000,0.825138576831324000,0.822356365791880000,0.818225352896046000,0.814257586540221000,0.806521050504735000,0.789623979101685000,0.764038590987642000,0.732612151860827000,0.702962192773720000,0.673703412462143000,0.636317840132440000,0.587286919705519000,0.529273098081260000,0.478017356745689000,0.432710524340576000,0.393693511495470000,0.352633894172077000,0.313553277275236000,0.275707429451405000,0.244629086322345000,0.217587855260537000,0.196078403762810000,0.174316813656529000,0.155150287845420000,0.136168276916522000,0.121415395910893000,0.108951929888666000,0.098489037848061100,0.087450012670542700,0.073943508734523600,0.060675214114882500,0.046951943062043500,0.035806998557268500,0.025473725038233900,0.029191396388743400,0.029191396388743400,0.029191396388743400,0.029191396388743400,0.029191396388743400,0.029191396388743400,0.029191396388743400,0.029191396388743400,0.029191396388743400,0.029191396388743400,0.029191396388743400,0.029191396388743400,0.029191396388743400,0.029191396388743400,0.029191396388743400,0.029191396388743400,0.029191396388743400,0.029191396388743400,0.029191396388743400
2030,3,0,0.017347630494170200,0.063800359088859900,0.133700596395399000,0.227918959791798000,0.352856351967569000,0.482494311099020000,0.616569897759751000,0.716875095463812000,0.783301488581428000,0.813779474740991000,0.832941427895105000,0.849600681056035000,0.859558368012013000,0.861754272229828000,0.861122740012326000,0.865390148144664000,0.875480605133398000,0.874836772488866000,0.864877359877902000,0.846009567013247000,0.833912275344422000,0.821804393960123000,0.813307302166596000,0.806623289922964000,0.807310752380533000,0.809084751159867000,0.811555145779630000,0.815066716007712000,0.820207219720173000,0.826954241431368000,0.831414530344132000,0.834139383174867000,0.834256599759567000,0.835306661817489000,0.835682405445447000,0.837919986445123000,0.836502071834524000,0.836304570156196000,0.833067572774420000,0.831300298120690000,0.828184416350453000,0.825231757550705000,0.818243499360589000,0.801828654554816000,0.776459373611074000,0.745249884984948000,0.715816619910512000,0.686604230713095000,0.649095976422853000,0.599773808969484000,0.541470037269195000,0.489923370126607000,0.444103173042955000,0.404350307427144000,0.362333552275469000,0.322295511822453000,0.283492062166606000,0.251110510500810000,0.222420858411373000,0.198917557595173000,0.175162154574167000,0.154001441173199000,0.134089825722151000,0.119471339300947000,0.108206547025579000,0.098942039889152700,0.089101482797860000,0.076228788144025700,0.063029253355542000,0.048809792764925800,0.037168286463832300,0.026338333959499600,0.029557297650630600,0.029557297650630600,0.029557297650630600,0.029557297650630600,0.029557297650630600,0.029557297650630600,0.029557297650630600,0.029557297650630600,0.029557297650630600,0.029557297650630600,0.029557297650630600,0.029557297650630600,0.029557297650630600,0.029557297650630600,0.029557297650630600,0.029557297650630600,0.029557297650630600,0.029557297650630600,0.029557297650630600
2031,3,0,0.017373437623186000,0.063916807621552300,0.133937610739236000,0.228307759524503000,0.353437678942635000,0.483275158094964000,0.617556866394370000,0.718507187541494000,0.786017544622511000,0.818015256430610000,0.838680100984698000,0.856838522414558000,0.868037005963332000,0.871213757871176000,0.871310465000309000,0.876313400367140000,0.887148047224330000,0.886583349030803000,0.876040125990818000,0.855926183586042000,0.842592814484520000,0.829248839913777000,0.819692839972993000,0.812124430265565000,0.812110274865798000,0.813184272168953000,0.814955701302858000,0.818032212107984000,0.823002436835908000,0.829843926654682000,0.834395281826664000,0.837208619202482000,0.837495929313447000,0.838802960861450000,0.839520159052729000,0.842101964370206000,0.841022835994848000,0.841304112884322000,0.838679549167869000,0.837665071396683000,0.835299980259327000,0.833098354910421000,0.826879899979205000,0.811245608361084000,0.786668332926403000,0.756242161649121000,0.727594856314969000,0.698749466953997000,0.661176582702734000,0.611352921881570000,0.552534295367978000,0.500482825590056000,0.454054229468808000,0.413589875494169000,0.370746148756800000,0.329884080344630000,0.290258439363399000,0.257249979460992000,0.228124640953141000,0.204379098751463000,0.180381079306202000,0.158981609460000000,0.138479769755147000,0.122925607357274000,0.110376802190281000,0.099831257877943200,0.088708806652463800,0.075162418674616600,0.061901415896552100,0.048231681584829700,0.037143736645408200,0.026868552807315200,0.030663184975349300,0.030663184975349300,0.030663184975349300,0.030663184975349300,0.030663184975349300,0.030663184975349300,0.030663184975349300,0.030663184975349300,0.030663184975349300,0.030663184975349300,0.030663184975349300,0.030663184975349300,0.030663184975349300,0.030663184975349300,0.030663184975349300,0.030663184975349300,0.030663184975349300,0.030663184975349300,0.030663184975349300
2032,3,0,0.017365296125483000,0.063908381190550100,0.133912942581326000,0.228250484252558000,0.353328427131912000,0.483111723700374000,0.617337166772155000,0.718735853278433000,0.787199257186426000,0.820655668584107000,0.842784523508217000,0.862408129861952000,0.874826774169645000,0.878979160246635000,0.879804659193974000,0.885534087234374000,0.897092493922807000,0.896608115070040000,0.885501105059056000,0.864179078266719000,0.849634447282014000,0.835079215797998000,0.824481916781111000,0.816043009526467000,0.815326549471914000,0.815697732192833000,0.816766019915710000,0.819401011942889000,0.824191064682545000,0.831113739822647000,0.835747353513234000,0.838643763873292000,0.839100778868113000,0.840662485599532000,0.841720083539406000,0.844641414817862000,0.843903527981246000,0.844663520938046000,0.842657147055176000,0.842398216641410000,0.840789305782595000,0.839343784109293000,0.833908076951673000,0.819085707274598000,0.795349306361263000,0.765766750500543000,0.737962226975160000,0.709540620245647000,0.671976516480119000,0.621748285070582000,0.562529303167365000,0.510074306791435000,0.463127486272964000,0.422030050130622000,0.378442293419414000,0.336835266393543000,0.296464087387022000,0.262892631075461000,0.233388119002933000,0.209446524712928000,0.185252571494606000,0.163655950149407000,0.142603377851253000,0.126143003842612000,0.112333418252651000,0.100526154754160000,0.088142254691229600,0.073947978204611000,0.060651377610650800,0.047558661451188600,0.037046524792227600,0.027346768360482400,0.031710234572216300,0.031710234572216300,0.031710234572216300,0.031710234572216300,0.031710234572216300,0.031710234572216300,0.031710234572216300,0.031710234572216300,0.031710234572216300,0.031710234572216300,0.031710234572216300,0.031710234572216300,0.031710234572216300,0.031710234572216300,0.031710234572216300,0.031710234572216300,0.031710234572216300,0.031710234572216300,0.031710234572216300
2033,3,0,0.017358210162357000,0.063903820499450500,0.133896380799153000,0.228207039396311000,0.353240602650539000,0.482977599559660000,0.617154930340395000,0.719007710987304000,0.788427459751995000,0.823343312090112000,0.846936230199331000,0.868024922012650000,0.881663407386903000,0.886790823202642000,0.888344525035168000,0.894800154897227000,0.907082384874441000,0.906678225720676000,0.895007252320500000,0.872476912722461000,0.856721203394603000,0.840954897893001000,0.829316572684248000,0.820007421371643000,0.818589228962896000,0.818258235513603000,0.818624062610402000,0.820818081924699000,0.825428409784003000,0.832432617032309000,0.837148696889748000,0.840128282287883000,0.840754881015183000,0.842571133997710000,0.843968897183384000,0.847229633205451000,0.846832644267785000,0.848070979590341000,0.846682132579137000,0.847178071668608000,0.846324581176751000,0.845634413198942000,0.840980439581483000,0.826968385338487000,0.804070688894483000,0.775329223044813000,0.748365063998854000,0.720365152560321000,0.682807553718976000,0.632172073879155000,0.572549512249371000,0.519688176081532000,0.472220751048472000,0.430488306437664000,0.386154540346669000,0.343800695698099000,0.302682194777249000,0.268546208694628000,0.238661074113062000,0.214522154139383000,0.190130978213232000,0.168336074310851000,0.146731981113759000,0.129365196004527000,0.114295101310662000,0.101226511654506000,0.087581520732254800,0.072739066643742900,0.059406096676141000,0.046889102475052500,0.036951634760969000,0.027826215779821500,0.032758280900387500,0.032758280900387500,0.032758280900387500,0.032758280900387500,0.032758280900387500,0.032758280900387500,0.032758280900387500,0.032758280900387500,0.032758280900387500,0.032758280900387500,0.032758280900387500,0.032758280900387500,0.032758280900387500,0.032758280900387500,0.032758280900387500,0.032758280900387500,0.032758280900387500,0.032758280900387500,0.032758280900387500
2034,3,0,0.017349185791104700,0.063892103636426900,0.133864831334443000,0.228138064318122000,0.353113279148105000,0.482789482361776000,0.616903710958976000,0.719198751896932000,0.789566179825900000,0.825936206824650000,0.850989186282194000,0.873539241367689000,0.888394907935365000,0.894495874398597000,0.896776929447661000,0.903957364059685000,0.916961369591912000,0.916637401000705000,0.904404295146912000,0.880669288250651000,0.863705389557601000,0.846730900199658000,0.834053818662644000,0.823876273732493000,0.821757158896865000,0.820724677796110000,0.820388654970957000,0.822141864837527000,0.826572117967147000,0.833656996864518000,0.838454937947071000,0.841517287357562000,0.842313242278957000,0.844383601851409000,0.846121058081901000,0.849720518606618000,0.849664155788628000,0.851380250948513000,0.850608513529642000,0.851858566236219000,0.851759890917298000,0.851824453202575000,0.847952009362634000,0.834751088844742000,0.812693884457106000,0.784795948784909000,0.758674395911223000,0.731098925924898000,0.693552034290070000,0.642515357526828000,0.582496271273463000,0.529234895384108000,0.481252667527801000,0.438890479673279000,0.393816363883561000,0.350721140193613000,0.308860617987724000,0.274164450792686000,0.243902395437568000,0.219569037603894000,0.194983554963263000,0.172992994568837000,0.150840312868045000,0.132569903507282000,0.116242157723050000,0.101914876412761000,0.087011493502008800,0.071523126238783000,0.058155314593655900,0.046214910760743500,0.036852692343121000,0.028302100481886700,0.033801684367747600,0.033801684367747600,0.033801684367747600,0.033801684367747600,0.033801684367747600,0.033801684367747600,0.033801684367747600,0.033801684367747600,0.033801684367747600,0.033801684367747600,0.033801684367747600,0.033801684367747600,0.033801684367747600,0.033801684367747600,0.033801684367747600,0.033801684367747600,0.033801684367747600,0.033801684367747600,0.033801684367747600
2035,3,0,0.017343815348278400,0.063893825305888200,0.133861443687974000,0.228117096403613000,0.353060278435505000,0.482702993659491000,0.616782360475643000,0.719540795276507000,0.790869906275417000,0.828700546254279000,0.855217641885544000,0.879232587925340000,0.895307548660448000,0.902382540723839000,0.905390825241276000,0.913296972718061000,0.927024888427878000,0.926780975807224000,0.913983632515806000,0.889039968713713000,0.870865317117364000,0.852680078134465000,0.838962437225135000,0.827915079706589000,0.825095178310250000,0.823361574281164000,0.822324212938925000,0.823637347401089000,0.827888606282142000,0.835055579026122000,0.839936321877197000,0.843082010308848000,0.844047348274135000,0.846372038858354000,0.848449271610895000,0.852387932273979000,0.852671901254970000,0.854865720743747000,0.854710418957198000,0.856714222645209000,0.857369715806666000,0.858188396042099000,0.855096019964126000,0.842702785950460000,0.821480740641959000,0.794419772048062000,0.769134636373139000,0.741977460057393000,0.704433375159650000,0.652985107309895000,0.592557210476099000,0.538884932156148000,0.490378243507394000,0.447377930975418000,0.401554605785050000,0.357709560128132000,0.315098833753261000,0.279835657566645000,0.249190633544497000,0.224657884719142000,0.199873089132096000,0.177682412532722000,0.154976941220146000,0.135799816898160000,0.118212031209421000,0.102624090750574000,0.086460227023593900,0.070323226889812900,0.056917792819537300,0.045550991570880800,0.036761577659867400,0.028783539066131200,0.034851326985672600,0.034851326985672600,0.034851326985672600,0.034851326985672600,0.034851326985672600,0.034851326985672600,0.034851326985672600,0.034851326985672600,0.034851326985672600,0.034851326985672600,0.034851326985672600,0.034851326985672600,0.034851326985672600,0.034851326985672600,0.034851326985672600,0.034851326985672600,0.034851326985672600,0.034851326985672600,0.034851326985672600
2036,3,0,0.017361781754497400,0.063976910831972300,0.134030016976284000,0.228392427768096000,0.353470267407735000,0.483252508471784000,0.617475997042056000,0.720712914815251000,0.792854757721978000,0.831830235120754000,0.859480448505328000,0.884625920329188000,0.901457058934913000,0.908912782921889000,0.911931463766259000,0.919853081251504000,0.933602497722004000,0.933320530681121000,0.920427047102436000,0.895329578870228000,0.877008134843176000,0.858676092462130000,0.844673415535287000,0.833200927546981000,0.829821557887172000,0.827529610886797000,0.825934627808976000,0.826895978018250000,0.831001898851820000,0.838229956538699000,0.843169416033993000,0.846372023772203000,0.847443794020186000,0.849928096631031000,0.852216456664010000,0.856368172855113000,0.856861411479988000,0.859348808776298000,0.859566981104858000,0.862028825274098000,0.863140962205960000,0.864416455256797000,0.861864527604995000,0.850089794348956000,0.829564791121236000,0.803194816085028000,0.778602513547781000,0.751901515157306000,0.714568132446307000,0.663081447510815000,0.602605831620592000,0.548892832369138000,0.500106514064407000,0.456588016171636000,0.409999321526843000,0.365390955709325000,0.322018187801492000,0.286093431686546000,0.254884461965487000,0.229886949428201000,0.204637129034742000,0.181984114869020000,0.158890712212009000,0.139404251045844000,0.121583714400252000,0.105765094618219000,0.089369954970868600,0.072855256210426600,0.058928502600363300,0.046896043091328800,0.037443640827738100,0.028803454382678400,0.034223644480388200,0.034223644480388200,0.034223644480388200,0.034223644480388200,0.034223644480388200,0.034223644480388200,0.034223644480388200,0.034223644480388200,0.034223644480388200,0.034223644480388200,0.034223644480388200,0.034223644480388200,0.034223644480388200,0.034223644480388200,0.034223644480388200,0.034223644480388200,0.034223644480388200,0.034223644480388200,0.034223644480388200
2037,3,0,0.017357774521646000,0.063979038672735100,0.134028981535054000,0.228378729580154000,0.353432928425594000,0.483190442883388000,0.617388179773299000,0.720973219620998000,0.793837083400667000,0.833908958540645000,0.862658183624519000,0.888903245261309000,0.906469854289524000,0.914297174214304000,0.917322436697648000,0.925249504186355000,0.939003025559460000,0.938683330571797000,0.925709958480723000,0.900490347109021000,0.882045195983937000,0.863589448951043000,0.849319240504017000,0.837435809390980000,0.833500801034977000,0.830652964352887000,0.828501930728716000,0.829109996034501000,0.833065261837742000,0.840345299545336000,0.845337267287423000,0.848592784151178000,0.849769714983753000,0.852410611801201000,0.854907370911194000,0.859267056102366000,0.859969108132090000,0.862747169318986000,0.863338840045623000,0.866255975509117000,0.867823715258050000,0.869554773422110000,0.867546961105090000,0.856406138701751000,0.836604732779791000,0.810959704113820000,0.787091937646317000,0.760881300231940000,0.723806070736296000,0.672346143910365000,0.611899360844149000,0.558213633552735000,0.509209246725895000,0.465227261091252000,0.417931583963358000,0.372615778587605000,0.328535285936029000,0.291993914887797000,0.260260070662560000,0.234829078837872000,0.209145837391606000,0.186058802810215000,0.162606403582184000,0.142835035534739000,0.124804129699263000,0.108774678669526000,0.092168840839693300,0.075297054759636900,0.060866199780005000,0.048182784951448300,0.038078831871266100,0.028786907143952900,0.033552113716289400,0.033552113716289400,0.033552113716289400,0.033552113716289400,0.033552113716289400,0.033552113716289400,0.033552113716289400,0.033552113716289400,0.033552113716289400,0.033552113716289400,0.033552113716289400,0.033552113716289400,0.033552113716289400,0.033552113716289400,0.033552113716289400,0.033552113716289400,0.033552113716289400,0.033552113716289400,0.033552113716289400
2038,3,0,0.017353323175413000,0.063979521322857500,0.134024502278300000,0.228359169115670000,0.353386525001468000,0.483115990349246000,0.617284539448180000,0.721214869805175000,0.794798530213518000,0.835965239154864000,0.865812201697808000,0.893155642978443000,0.911456912679006000,0.919655446352791000,0.922687209524394000,0.930619520649012000,0.944376791482404000,0.944019395144466000,0.930966506856212000,0.905625459954290000,0.887057136010138000,0.868478218875461000,0.853940975968779000,0.841647107324830000,0.837156832100327000,0.833753449748009000,0.831046691760674000,0.831301628655471000,0.835106211183114000,0.842438016502244000,0.847482338624153000,0.850790655175053000,0.852072665113324000,0.854870011978792000,0.857575004472217000,0.862142445305337000,0.863053190965434000,0.866121703041311000,0.867086674994404000,0.870458804970868000,0.872481885281025000,0.874668242123819000,0.873204331648535000,0.862697397559933000,0.843619745273414000,0.818699968821408000,0.795556998794613000,0.769837157024167000,0.733020907744038000,0.681589048425035000,0.621172637516532000,0.567515548531517000,0.518294458755069000,0.473850341450869000,0.425849241698004000,0.379827505965448000,0.335040766165038000,0.297884019647376000,0.265626372140931000,0.239762765751757000,0.213646974429621000,0.190126724183341000,0.166316105973062000,0.146260477940633000,0.128019768770193000,0.111780001138754000,0.094963994519785900,0.077735728667990800,0.062801388763390600,0.049467661700191100,0.038712734890580400,0.028769628191742500,0.032880047885809100,0.032880047885809100,0.032880047885809100,0.032880047885809100,0.032880047885809100,0.032880047885809100,0.032880047885809100,0.032880047885809100,0.032880047885809100,0.032880047885809100,0.032880047885809100,0.032880047885809100,0.032880047885809100,0.032880047885809100,0.032880047885809100,0.032880047885809100,0.032880047885809100,0.032880047885809100,0.032880047885809100
2039,3,0,0.017348465414362400,0.063978496512140900,0.134016868132342000,0.228334239554724000,0.353331821536399000,0.483030196706278000,0.617166412983012000,0.721439400321431000,0.795740737873849000,0.838000723661231000,0.868944131816367000,0.897384719526434000,0.916419824761781000,0.924989179962274000,0.928027368914798000,0.935964733997156000,0.949725428192114000,0.949330359142812000,0.936198304796841000,0.910736484464965000,0.892045491184842000,0.873343907679575000,0.858540115987964000,0.845836319547550000,0.840791181028385000,0.836832631124646000,0.833570510578015000,0.833472502441597000,0.837126392879521000,0.844509765327311000,0.849606294919022000,0.852967304904294000,0.854354307392496000,0.857307954501933000,0.860221004978588000,0.864995982434912000,0.866115288346438000,0.869474023253577000,0.870812073496427000,0.874638874529640000,0.877117003539539000,0.879758363375648000,0.878838097529554000,0.868964959314362000,0.850611121931782000,0.826416795784782000,0.803998778676933000,0.778770075229907000,0.742213534573556000,0.690810939318239000,0.630426307542397000,0.576799105535416000,0.527362588558031000,0.482457634424386000,0.433752621159322000,0.387026417826030000,0.341534864709249000,0.303763948075351000,0.270983538119164000,0.244688158463698000,0.218140664470055000,0.194187984975682000,0.170019900819018000,0.149680637714251000,0.131230667434746000,0.114781078565454000,0.097755412016717600,0.080171263432074800,0.064734060442067100,0.050750684021847500,0.039345385964930800,0.028751680763864400,0.032207567915378000,0.032207567915378000,0.032207567915378000,0.032207567915378000,0.032207567915378000,0.032207567915378000,0.032207567915378000,0.032207567915378000,0.032207567915378000,0.032207567915378000,0.032207567915378000,0.032207567915378000,0.032207567915378000,0.032207567915378000,0.032207567915378000,0.032207567915378000,0.032207567915378000,0.032207567915378000,0.032207567915378000
2040,3,0,0.017347379737966600,0.063991376790051800,0.134038363096532000,0.228358943450836000,0.353353928018826000,0.483049411596828000,0.617182458559176000,0.721820647643090000,0.796855564785922000,0.840217637531710000,0.872263840842832000,0.901807380336749000,0.921580206757408000,0.930522118896796000,0.933567391732862000,0.941511534105657000,0.955278641163951000,0.954845826443871000,0.941631779105113000,0.916043692974436000,0.897226010173476000,0.878397737810113000,0.863324271249989000,0.850207926437731000,0.844607018179260000,0.840092630536910000,0.836274628668739000,0.835823775082686000,0.839327819158900000,0.846764345735749000,0.851914172568387000,0.855328588404347000,0.856820848926549000,0.859931384677364000,0.863053054984806000,0.868036535751516000,0.869364573747339000,0.873014162054821000,0.874725453614288000,0.879007601677469000,0.881941162117966000,0.885037943169599000,0.884660935751220000,0.875419230563082000,0.857784971258042000,0.834310588689542000,0.812612403997809000,0.787869187592606000,0.751564321611715000,0.700179808837452000,0.639813821643394000,0.586204841334567000,0.536542226676038000,0.491166834149632000,0.441747563177621000,0.394306978302382000,0.348100966378571000,0.309707881053918000,0.276397763376260000,0.249665043440503000,0.222680224944022000,0.198290058561908000,0.173759378329735000,0.153132156871846000,0.134468987338338000,0.117806074030087000,0.100567119093645000,0.082623388021449300,0.066680139136908600,0.052044296790941700,0.039986371470732200,0.028739988216451000,0.031542318083623300,0.031542318083623300,0.031542318083623300,0.031542318083623300,0.031542318083623300,0.031542318083623300,0.031542318083623300,0.031542318083623300,0.031542318083623300,0.031542318083623300,0.031542318083623300,0.031542318083623300,0.031542318083623300,0.031542318083623300,0.031542318083623300,0.031542318083623300,0.031542318083623300,0.031542318083623300,0.031542318083623300
女性無配偶,,,,,,,,,,,,,,,,,,,,,,,,,,,,,,,,,,,,,,,,,,,,,,,,,,,,,,,,,,,,,,,,,,,,,,,,,,,,,,,,,,,,,,,,,,,,,
年度,性,合計,15.000000000000000000,16.000000000000000000,17.000000000000000000,18.000000000000000000,19.000000000000000000,20.000000000000000000,21.000000000000000000,22.000000000000000000,23.000000000000000000,24.000000000000000000,25.000000000000000000,26.000000000000000000,27.000000000000000000,28.000000000000000000,29.000000000000000000,30.000000000000000000,31.000000000000000000,32.000000000000000000,33.000000000000000000,34.000000000000000000,35.000000000000000000,36.000000000000000000,37.000000000000000000,38.000000000000000000,39.000000000000000000,40.000000000000000000,41.000000000000000000,42.000000000000000000,43.000000000000000000,44.000000000000000000,45.000000000000000000,46.000000000000000000,47.000000000000000000,48.000000000000000000,49.000000000000000000,50.000000000000000000,51.000000000000000000,52.000000000000000000,53.000000000000000000,54.000000000000000000,55.000000000000000000,56.000000000000000000,57.000000000000000000,58.000000000000000000,59.000000000000000000,60.000000000000000000,61.000000000000000000,62.000000000000000000,63.000000000000000000,64.000000000000000000,65.000000000000000000,66.000000000000000000,67.000000000000000000,68.000000000000000000,69.000000000000000000,70.000000000000000000,71.000000000000000000,72.000000000000000000,73.000000000000000000,74.000000000000000000,75.000000000000000000,76.000000000000000000,77.000000000000000000,78.000000000000000000,79.000000000000000000,80.000000000000000000,81.000000000000000000,82.000000000000000000,83.000000000000000000,84.000000000000000000,85.000000000000000000,86.000000000000000000,87.000000000000000000,88.000000000000000000,89.000000000000000000,90.000000000000000000,91.000000000000000000,92.000000000000000000,93.000000000000000000,94.000000000000000000,95.000000000000000000,96.000000000000000000,97.000000000000000000,98.000000000000000000,99.000000000000000000,100.000000000000000000,101.000000000000000000,102.000000000000000000,103.000000000000000000,104.000000000000000000,105.000000000000000000
2020,4,0,0.016047027243439300,0.069830820321079300,0.154475240043952000,0.297935957935026000,0.463366006737091000,0.598576543573433000,0.677073974406964000,0.767270758574043000,0.844197845753084000,0.904080080168398000,0.921681656909617000,0.926665251750773000,0.926815481010628000,0.924807752273778000,0.917540600928389000,0.907271823723739000,0.904530598084864000,0.902484015542563000,0.899426426235326000,0.889541601732413000,0.890131272489798000,0.889058053959076000,0.882287903402991000,0.874423274229425000,0.875908411665037000,0.884174305041433000,0.883839720432917000,0.879998270291994000,0.883105935476235000,0.887164330156798000,0.880304256532067000,0.868242170064791000,0.864704898485876000,0.873811559405084000,0.864246738759377000,0.863588076533960000,0.852902597485593000,0.860462193686307000,0.854547186521260000,0.844208490070978000,0.833626813042809000,0.827985047884967000,0.817890183916714000,0.796649980424659000,0.770102984135580000,0.751154237385729000,0.728679978203685000,0.693802174965752000,0.666412718274811000,0.622356013573974000,0.573680374561357000,0.500189189033252000,0.452713414761423000,0.413754468269695000,0.384062494804807000,0.337923137520337000,0.303007790203443000,0.269309779076037000,0.241532423148090000,0.210166746035444000,0.182668119384281000,0.162609691153061000,0.136712974608109000,0.114980477311986000,0.092744466171311300,0.075531488392723700,0.062233418416814300,0.053373769133128400,0.045129400808166000,0.036401994369842400,0.030959026788620900,0.029901217665957800,0.013299050402399600,0.013299050402399600,0.013299050402399600,0.013299050402399600,0.013299050402399600,0.013299050402399600,0.013299050402399600,0.013299050402399600,0.013299050402399600,0.013299050402399600,0.013299050402399600,0.013299050402399600,0.013299050402399600,0.013299050402399600,0.013299050402399600,0.013299050402399600,0.013299050402399600,0.013299050402399600,0.013299050402399600
2021,4,0,0.017532485987416200,0.064206125887802000,0.148994734637635000,0.304628847878727000,0.469777839753494000,0.603798903959140000,0.686154024111817000,0.777879618242865000,0.857996610258453000,0.903847931570394000,0.920426627878348000,0.925024770818608000,0.931748251966575000,0.924544851451375000,0.921826408899236000,0.905914590431604000,0.906655033935043000,0.906901609293080000,0.909339622856356000,0.898117002827513000,0.882361848652405000,0.880424535633563000,0.881904543637863000,0.878088837354147000,0.875897197131918000,0.878858733789796000,0.885249197052948000,0.883771374029327000,0.876777364766906000,0.884139172967726000,0.887621228620145000,0.889835723948812000,0.875590013286821000,0.874969474278182000,0.876324689428112000,0.878585612574643000,0.870021201271851000,0.864839589326368000,0.863901438063510000,0.855412347417248000,0.846061867952142000,0.832732069900665000,0.826533239203133000,0.809215973561923000,0.794579136780137000,0.761006692781600000,0.741673389329497000,0.708935083089015000,0.668206658839496000,0.614982232210511000,0.561720248078602000,0.514218412849747000,0.463696461784239000,0.425228516465899000,0.393306646418831000,0.355499510257704000,0.312902793186275000,0.284109712520267000,0.261337074966593000,0.231637628486975000,0.190976010637751000,0.153470091707638000,0.129889591286057000,0.108467619891009000,0.099423572583122300,0.081379788153012800,0.072060816924923900,0.056249063158204800,0.046413780625200500,0.037766295784383700,0.031486240717586100,0.029024474035869900,0.013255357664917300,0.013255357664917300,0.013255357664917300,0.013255357664917300,0.013255357664917300,0.013255357664917300,0.013255357664917300,0.013255357664917300,0.013255357664917300,0.013255357664917300,0.013255357664917300,0.013255357664917300,0.013255357664917300,0.013255357664917300,0.013255357664917300,0.013255357664917300,0.013255357664917300,0.013255357664917300,0.013255357664917300
2022,4,0,0.023802254542145900,0.076745649308921500,0.162518668664970000,0.311874855699377000,0.475614045147974000,0.601684082853480000,0.671711755341452000,0.764595855496901000,0.844757066299014000,0.902525933580024000,0.917258459961688000,0.924746876078123000,0.926673574204674000,0.925304989824495000,0.921111469153117000,0.919360083563529000,0.908150161873633000,0.910825941397393000,0.900662216891167000,0.900838387295676000,0.891619827618270000,0.885968240972252000,0.887047629746567000,0.881560223951236000,0.880247988445268000,0.879025289680061000,0.883228860571410000,0.884018839137939000,0.882619852759737000,0.877075805893147000,0.883848180275490000,0.876754508216253000,0.879552489923648000,0.867490876563128000,0.871730676663223000,0.869979232444659000,0.872088648580608000,0.866262302568367000,0.865652209654966000,0.865288215748868000,0.860933172871547000,0.839508512983322000,0.825750913304813000,0.809089018550779000,0.794950795620030000,0.765841989231897000,0.733610896485605000,0.710278598783967000,0.688685141437413000,0.632812110746418000,0.572776233103438000,0.511674269693142000,0.479489554856050000,0.440607387341126000,0.399813727916828000,0.356700083934342000,0.324643836879312000,0.287936606896700000,0.262793191365609000,0.228818290388475000,0.195639395871829000,0.165197589798377000,0.138459314963950000,0.124998772024429000,0.101884502792992000,0.090936992224831000,0.066938567265004800,0.059879594952910200,0.044024522878348800,0.041031675235812700,0.032362110539416900,0.025468486679063800,0.014854879516992000,0.014854879516992000,0.014854879516992000,0.014854879516992000,0.014854879516992000,0.014854879516992000,0.014854879516992000,0.014854879516992000,0.014854879516992000,0.014854879516992000,0.014854879516992000,0.014854879516992000,0.014854879516992000,0.014854879516992000,0.014854879516992000,0.014854879516992000,0.014854879516992000,0.014854879516992000,0.014854879516992000
2023,4,0,0.023803577219366600,0.087664321982328700,0.184635713055332000,0.319512350994756000,0.468793337831364000,0.591630017072934000,0.690847020758306000,0.772923211521951000,0.849075886566620000,0.897339569162634000,0.921377640735336000,0.926800621551103000,0.927739704580568000,0.925668029672038000,0.923253696105864000,0.917558734477352000,0.914153666821537000,0.908016678194022000,0.905747612327525000,0.899585894230253000,0.894928305665329000,0.890571806620777000,0.887214726981794000,0.885059810433427000,0.881893121062210000,0.881956936760503000,0.882721529422560000,0.883917975818388000,0.882355655275288000,0.883278197020363000,0.882302404721653000,0.884107443134804000,0.878891344181701000,0.876710486625715000,0.872270276903996000,0.872554006173012000,0.869482166947986000,0.867450316350408000,0.865253466974492000,0.864206596281020000,0.856221151044877000,0.843770922459678000,0.828356102628150000,0.816508150757515000,0.800680766305248000,0.779663360798517000,0.755581093398388000,0.732180033983149000,0.699073843093362000,0.651908398120906000,0.591572719305756000,0.539133584557145000,0.494090729693466000,0.456162337007792000,0.414935416844798000,0.375983929939223000,0.338394661874367000,0.306880645412742000,0.274811884692034000,0.244004143736928000,0.211430174458224000,0.181268547938768000,0.157049603098351000,0.134642838841850000,0.116869487742865000,0.095583314109152600,0.079649203509675500,0.062424679052531500,0.052547933671555000,0.042479825210486700,0.035399032148281900,0.027017908092194800,0.015508607191790300,0.015508607191790300,0.015508607191790300,0.015508607191790300,0.015508607191790300,0.015508607191790300,0.015508607191790300,0.015508607191790300,0.015508607191790300,0.015508607191790300,0.015508607191790300,0.015508607191790300,0.015508607191790300,0.015508607191790300,0.015508607191790300,0.015508607191790300,0.015508607191790300,0.015508607191790300,0.015508607191790300
2024,4,0,0.023798305137597700,0.087615504019545800,0.185507063676692000,0.322266522744094000,0.474398188296051000,0.600091403210967000,0.702170173920408000,0.785275314725687000,0.860621638391712000,0.906248533163019000,0.927655182465990000,0.930450863933540000,0.929646882432048000,0.926716051534753000,0.924325879584040000,0.918655806173517000,0.915275119563674000,0.909235448855123000,0.907135176029034000,0.901215444927113000,0.896799510218794000,0.892684598344711000,0.889324570977468000,0.886922126897881000,0.883263820541101000,0.882835303752681000,0.883107408718015000,0.884301782642040000,0.883228511519499000,0.885130063204070000,0.885133701293103000,0.887917554187960000,0.882939196705685000,0.880252780295214000,0.874564884054847000,0.873599880534210000,0.869280051720073000,0.866659352173180000,0.864533061371670000,0.864215865531499000,0.856961631923237000,0.845243603838417000,0.831699309757362000,0.822858762281741000,0.811177332244432000,0.794307030652801000,0.774372545981817000,0.753295474844838000,0.720691778177465000,0.672208297734630000,0.610557500428725000,0.556801498241056000,0.510784712798096000,0.472225388810680000,0.430712842921078000,0.391475226319677000,0.353599526851019000,0.321882557218757000,0.289695789990301000,0.258854587029923000,0.226247546935056000,0.196052315307126000,0.171168121368687000,0.147465378859365000,0.127764695498406000,0.104551967632320000,0.086690117410822900,0.067883593488171400,0.056768675587463800,0.045807891342386400,0.037833760857339600,0.028559587379296500,0.016157929894149300,0.016157929894149300,0.016157929894149300,0.016157929894149300,0.016157929894149300,0.016157929894149300,0.016157929894149300,0.016157929894149300,0.016157929894149300,0.016157929894149300,0.016157929894149300,0.016157929894149300,0.016157929894149300,0.016157929894149300,0.016157929894149300,0.016157929894149300,0.016157929894149300,0.016157929894149300,0.016157929894149300
2025,4,0,0.023800442961625700,0.087593970133519400,0.186436054144671000,0.325120664238202000,0.480149996848320000,0.608738503830628000,0.713710445299832000,0.797870274084405000,0.872433810386380000,0.915438469707984000,0.934220707833930000,0.934390306283791000,0.931843239457189000,0.928052453231584000,0.925685695574133000,0.920038741820253000,0.916681380524812000,0.910737134568884000,0.908804978672470000,0.903125359691964000,0.898949672192496000,0.895075034568429000,0.891711013771697000,0.889060326791740000,0.884909329227821000,0.883988411367281000,0.883768178198003000,0.884960851771824000,0.884376231530525000,0.887257256263577000,0.888240196909737000,0.892003602111020000,0.887261404865873000,0.884068659797070000,0.877131470489955000,0.874917598164445000,0.869348599178338000,0.866138312305098000,0.864081908801692000,0.864494192983569000,0.857968816236757000,0.846979244026552000,0.835301012607036000,0.829464721177023000,0.821925062828290000,0.809196066804047000,0.793402612442016000,0.774642661579703000,0.742531242344760000,0.692714805443839000,0.629729868847449000,0.574640436566130000,0.527635522212294000,0.488433345186437000,0.446622286929394000,0.407086362319582000,0.368912477184802000,0.336982706547289000,0.304667927527630000,0.273783665065752000,0.241133406842582000,0.210895173741361000,0.185338071014124000,0.160332141435897000,0.138698246103759000,0.113551990776247000,0.093757093767672700,0.073362923581609500,0.061006535746247700,0.049149780797075400,0.040279947901836600,0.030109955229522500,0.016812197605288400,0.016812197605288400,0.016812197605288400,0.016812197605288400,0.016812197605288400,0.016812197605288400,0.016812197605288400,0.016812197605288400,0.016812197605288400,0.016812197605288400,0.016812197605288400,0.016812197605288400,0.016812197605288400,0.016812197605288400,0.016812197605288400,0.016812197605288400,0.016812197605288400,0.016812197605288400,0.016812197605288400
2026,4,0,0.023827351099576000,0.087699121925875500,0.186755888245562000,0.325797039233893000,0.481298205343055000,0.610328652541133000,0.715715833975034000,0.800087388584423000,0.874671816874713000,0.917481704043315000,0.936041784801114000,0.935968182935149000,0.933440058701371000,0.929932023250064000,0.928114840632179000,0.923013753416759000,0.920204847211168000,0.914443256778915000,0.912335417462579000,0.906113003377357000,0.901396221077484000,0.896980829011869000,0.893330062717729000,0.890646868370855000,0.886715098883944000,0.886017060941278000,0.886020499865061000,0.887426617107378000,0.887041605355430000,0.890114330923670000,0.891286826482416000,0.895242930114409000,0.890558083797846000,0.887298710128664000,0.880164927555910000,0.877759802019361000,0.871995756606636000,0.868606446292295000,0.866385680186469000,0.866649749086855000,0.859968313526495000,0.848817635403932000,0.837593759821412000,0.832834669296810000,0.826986526401714000,0.815943178906098000,0.801831908478870000,0.784475555539557000,0.753477407247114000,0.704478992302953000,0.642297189713255000,0.588019817882546000,0.541257535968074000,0.501728244796798000,0.459008554714837000,0.418566570484755000,0.379488165614747000,0.346854847008004000,0.314029997077842000,0.282831193347645000,0.249864397269050000,0.219312353282857000,0.193437392692800000,0.168104889055819000,0.146138892658357000,0.120656565286180000,0.100531646334114000,0.079585135985424400,0.066463854589991700,0.053621130255128200,0.043768704907594200,0.032614649857458800,0.018329293688831300,0.018329293688831300,0.018329293688831300,0.018329293688831300,0.018329293688831300,0.018329293688831300,0.018329293688831300,0.018329293688831300,0.018329293688831300,0.018329293688831300,0.018329293688831300,0.018329293688831300,0.018329293688831300,0.018329293688831300,0.018329293688831300,0.018329293688831300,0.018329293688831300,0.018329293688831300,0.018329293688831300
2027,4,0,0.023822101848540400,0.087685920561630100,0.186823775761253000,0.326033999299992000,0.481797404133146000,0.611095921649674000,0.716756382098400000,0.801225900664508000,0.875730504174414000,0.918287621731990000,0.936600275198223000,0.936283351107905000,0.933777601259239000,0.930557311940377000,0.929292658823355000,0.924744824564776000,0.922488666340317000,0.916917679414531000,0.914636843708560000,0.907879544727699000,0.902627545836097000,0.897676870781401000,0.893744028871019000,0.891031921570969000,0.887324890019112000,0.886850877608826000,0.887078187527115000,0.888696043535374000,0.888511341928026000,0.891771792675419000,0.893132432040816000,0.897276066240603000,0.892654950525460000,0.889333289822266000,0.882012370163015000,0.879419065799837000,0.873467581542598000,0.869903662567942000,0.867521383714189000,0.867636745795442000,0.860808133535531000,0.849511263303606000,0.838757316306286000,0.835082834720411000,0.830935645255090000,0.821594395711483000,0.809185899110707000,0.793257863364827000,0.763415866065983000,0.715302396102470000,0.654008442841075000,0.600617178964178000,0.554160908714009000,0.514357595064988000,0.470786144673415000,0.429491898346940000,0.389560930979108000,0.356267499618106000,0.322976448747943000,0.291504955473147000,0.258265859345017000,0.227440983330730000,0.201282823054387000,0.175657662945985000,0.153388931143545000,0.127604643026735000,0.107176583073717000,0.085705520854787700,0.071836371794243700,0.058024126558323600,0.047201521536124800,0.035077573565023700,0.019823014312314500,0.019823014312314500,0.019823014312314500,0.019823014312314500,0.019823014312314500,0.019823014312314500,0.019823014312314500,0.019823014312314500,0.019823014312314500,0.019823014312314500,0.019823014312314500,0.019823014312314500,0.019823014312314500,0.019823014312314500,0.019823014312314500,0.019823014312314500,0.019823014312314500,0.019823014312314500,0.019823014312314500
2028,4,0,0.023816676556702400,0.087672068473188700,0.186890233828843000,0.326268411694814000,0.482292771331830000,0.611858270817164000,0.717791096611818000,0.802357902695011000,0.876782159255962000,0.919086301752022000,0.937151501638175000,0.936591366704028000,0.934107999981228000,0.931175352001099000,0.930462990324672000,0.926468195224751000,0.924764554248190000,0.919384127157867000,0.916930389643942000,0.909638495995610000,0.903851559616564000,0.898365878450348000,0.894151116743483000,0.891410129752814000,0.887927763214663000,0.887677679524011000,0.888128758441422000,0.889958246242279000,0.889973766424656000,0.893421833835221000,0.894970522530531000,0.899301572255572000,0.894744193196181000,0.891360298237625000,0.883852380151324000,0.881071000684789000,0.874932206122617000,0.871193783400020000,0.868650081995059000,0.868616803013254000,0.861641131124515000,0.850198218873529000,0.839914070466798000,0.837323739436325000,0.834876772437863000,0.827236928266466000,0.816530535578714000,0.802030296424302000,0.773344155641360000,0.726115594506244000,0.665709551822163000,0.613204398748721000,0.567054350960061000,0.526977435662267000,0.482554932831717000,0.440409115451379000,0.399626266553882000,0.365673267484821000,0.331916473831437000,0.300172648850808000,0.266661623574158000,0.235564268592163000,0.209123231387759000,0.183205737811372000,0.160634572988003000,0.134548652489901000,0.113817740317765000,0.091822522012022100,0.077205944187106300,0.062424715824365800,0.050632446808865800,0.037539131214839400,0.021315917310711100,0.021315917310711100,0.021315917310711100,0.021315917310711100,0.021315917310711100,0.021315917310711100,0.021315917310711100,0.021315917310711100,0.021315917310711100,0.021315917310711100,0.021315917310711100,0.021315917310711100,0.021315917310711100,0.021315917310711100,0.021315917310711100,0.021315917310711100,0.021315917310711100,0.021315917310711100,0.021315917310711100
2029,4,0,0.023805704572410700,0.087637794126728800,0.186913091772655000,0.326426626565529000,0.482675400233861000,0.612477502949004000,0.718657819190408000,0.803302137707759000,0.877628758206548000,0.919670240877202000,0.937483947453854000,0.936680899621524000,0.934220479361228000,0.931575958177474000,0.931415673801712000,0.927974468170112000,0.926823361161664000,0.921634616637594000,0.919008668166238000,0.911184247184297000,0.904864090160489000,0.898845049565770000,0.894349544355439000,0.891580336333978000,0.888323291725926000,0.888297040901333000,0.888971629669747000,0.891012177234071000,0.891227777772170000,0.894862529140316000,0.896598776808384000,0.901116103714347000,0.896623479527055000,0.893178181760003000,0.885485143666432000,0.882516466747449000,0.876191921443413000,0.872279986319257000,0.869575566278086000,0.869393756301729000,0.862272751674322000,0.850686564675041000,0.840874288185545000,0.839367965137070000,0.838620620565541000,0.832682791101403000,0.823679825833640000,0.810609779737426000,0.783085385114233000,0.736752130222999000,0.677247464450142000,0.625640048467040000,0.579806767532632000,0.539465778753619000,0.494203161853826000,0.451216181569538000,0.409591541869031000,0.374987341762481000,0.340772992857227000,0.308764421454870000,0.274989463879060000,0.243627064656343000,0.216909507262861000,0.190705921455864000,0.167837791945749000,0.141456525955920000,0.120427801320349000,0.097913913655698500,0.082553827901031000,0.066807728118290400,0.054049210714222600,0.039990246104197800,0.022802825081096900,0.022802825081096900,0.022802825081096900,0.022802825081096900,0.022802825081096900,0.022802825081096900,0.022802825081096900,0.022802825081096900,0.022802825081096900,0.022802825081096900,0.022802825081096900,0.022802825081096900,0.022802825081096900,0.022802825081096900,0.022802825081096900,0.022802825081096900,0.022802825081096900,0.022802825081096900,0.022802825081096900
2030,4,0,0.023802267507054400,0.087631254962950100,0.186995045007916000,0.326687974391453000,0.483210438202722000,0.613290049428632000,0.719751284692082000,0.804499836543145000,0.878752384990268000,0.920544661880748000,0.938112660681227000,0.937066592957950000,0.934628327197912000,0.932270922194822000,0.932662330425783000,0.929773291100004000,0.929174019753156000,0.924175200946791000,0.921376315279275000,0.913017214758525000,0.906162161010420000,0.899608180216243000,0.894830679699860000,0.892032391991024000,0.888999502990696000,0.889196941312128000,0.890095118039414000,0.892347242976153000,0.892762871002889000,0.896585342833545000,0.898509585069905000,0.903214505012206000,0.898785175779575000,0.895277422816740000,0.887396943878173000,0.884240144011380000,0.877727960279490000,0.873641380623896000,0.870775483939216000,0.870445175333992000,0.863176673957981000,0.851443634892701000,0.842099841818870000,0.841676394571991000,0.842627407819512000,0.838388685576140000,0.831085270073156000,0.819440418518620000,0.793068362926723000,0.747615220260395000,0.688992568399491000,0.638266026124170000,0.592734826151430000,0.552117166280422000,0.506000629795788000,0.462159401370461000,0.419680316834312000,0.384414366484610000,0.349731919252417000,0.317448639256064000,0.283399228116928000,0.251762027005938000,0.224759667596686000,0.198261876061075000,0.175089729743805000,0.148404954173133000,0.127071947157307000,0.104032584169218000,0.087924582854993800,0.071209215874483600,0.057480999925787300,0.042452524529577500,0.024296044406530300,0.024296044406530300,0.024296044406530300,0.024296044406530300,0.024296044406530300,0.024296044406530300,0.024296044406530300,0.024296044406530300,0.024296044406530300,0.024296044406530300,0.024296044406530300,0.024296044406530300,0.024296044406530300,0.024296044406530300,0.024296044406530300,0.024296044406530300,0.024296044406530300,0.024296044406530300,0.024296044406530300
2031,4,0,0.023837676849478900,0.087772249666455400,0.187272172902219000,0.327138915581027000,0.483837913704345000,0.614054721644674000,0.720618017845595000,0.805445576885592000,0.879770765219610000,0.921596639644473000,0.939162198834655000,0.938086000363871000,0.935795192617195000,0.933765025778010000,0.934667421291618000,0.932284489104576000,0.932194731260099000,0.927345363604593000,0.924345684425777000,0.915424001380285000,0.908008602596247000,0.900894724656042000,0.895822142497031000,0.892993890243155000,0.890192860424209000,0.890626963509780000,0.891762847451724000,0.894262161999082000,0.894929715780230000,0.899016649742692000,0.901202530217644000,0.906173225061947000,0.901828261247985000,0.898238423726608000,0.890101534205981000,0.886695350918289000,0.879928792142908000,0.875501614094431000,0.872207103171699000,0.871362120596269000,0.863568623676968000,0.851303947417818000,0.841749170265324000,0.841445108017993000,0.842834649738924000,0.839026735480943000,0.832149568785406000,0.821309092184433000,0.796104087348470000,0.752174194204787000,0.695055200301964000,0.645844062598700000,0.601419748082681000,0.561500035331210000,0.515657017641310000,0.472092692863113000,0.429892538361680000,0.394550325702234000,0.359426561273260000,0.326339610258126000,0.291483900722695000,0.259043989729441000,0.231390445255383000,0.204386849088061000,0.180858475335938000,0.153812246782383000,0.132125748319495000,0.108691871257762000,0.092161183107376800,0.074983741572398200,0.060797894891811600,0.045309854438252600,0.026689155894875400,0.026689155894875400,0.026689155894875400,0.026689155894875400,0.026689155894875400,0.026689155894875400,0.026689155894875400,0.026689155894875400,0.026689155894875400,0.026689155894875400,0.026689155894875400,0.026689155894875400,0.026689155894875400,0.026689155894875400,0.026689155894875400,0.026689155894875400,0.026689155894875400,0.026689155894875400,0.026689155894875400
2032,4,0,0.023826506095853600,0.087741743506895700,0.187183359878046000,0.326950574180931000,0.483519851126640000,0.613619347908335000,0.720076417401245000,0.804817178180676000,0.879069732548954000,0.920847445456443000,0.938376211938640000,0.937271956614596000,0.935133236868498000,0.933434611555606000,0.934846750011954000,0.932975100329855000,0.933395550368589000,0.928705269314039000,0.925510458220783000,0.916043066696845000,0.908081253563128000,0.900420819975286000,0.895062775452916000,0.892210058974608000,0.889646602045618000,0.890316761981103000,0.891688373906138000,0.894430242209995000,0.895348672843788000,0.899692345978258000,0.902135856492238000,0.907362876362693000,0.903110860743583000,0.899445875239229000,0.891068226251576000,0.887419066604912000,0.880411106201473000,0.875651640557816000,0.871934521559949000,0.870575993325153000,0.862272206942226000,0.849499336492539000,0.839752045408726000,0.839568084348243000,0.841393883768973000,0.838024662829857000,0.831587627758731000,0.821573544500674000,0.797586068919542000,0.755266884283841000,0.699764779533032000,0.652166825221615000,0.608937398024897000,0.569794408774090000,0.524314837466265000,0.481112891234663000,0.439274476005697000,0.403925037411774000,0.368428193224579000,0.334601456509651000,0.299006790145702000,0.265826790238346000,0.237575475913622000,0.210118367357220000,0.186279414704584000,0.158924255778999000,0.136926315280520000,0.113143348896478000,0.096221870329349100,0.078615475318621700,0.063999273248447200,0.048081487636150600,0.029032511952581900,0.029032511952581900,0.029032511952581900,0.029032511952581900,0.029032511952581900,0.029032511952581900,0.029032511952581900,0.029032511952581900,0.029032511952581900,0.029032511952581900,0.029032511952581900,0.029032511952581900,0.029032511952581900,0.029032511952581900,0.029032511952581900,0.029032511952581900,0.029032511952581900,0.029032511952581900,0.029032511952581900
2033,4,0,0.023816783615891300,0.087716561336325900,0.187105925557516000,0.326782136914849000,0.483231258971199000,0.613221401939706000,0.719578764985460000,0.804237919653216000,0.878422386583210000,0.920154502440664000,0.937647566730880000,0.936515212477390000,0.934528318308482000,0.933160841381085000,0.935082361256300000,0.933721432953038000,0.934651669072184000,0.930120052015119000,0.926730087155522000,0.916716893878554000,0.908208664635859000,0.900001691960177000,0.894358111793978000,0.891480780305968000,0.889154533275050000,0.890060583621182000,0.891667799727197000,0.894652174729571000,0.895821317776215000,0.900421767297592000,0.903122829565748000,0.908606265370725000,0.904446859771441000,0.900706570882822000,0.892087867663278000,0.888195724309932000,0.880946150768912000,0.875854401429087000,0.871714820348955000,0.869843114548289000,0.861028984633694000,0.847747594276000000,0.837807369520088000,0.837743393273914000,0.840005178252917000,0.837074062716300000,0.831076384878775000,0.821887366064482000,0.799114904397852000,0.758402461572102000,0.704512477962820000,0.658523419479746000,0.616485222408748000,0.578115912688401000,0.532996723461526000,0.490154229918873000,0.448674710985788000,0.413315918631584000,0.377444178624370000,0.342876262387821000,0.306541137911447000,0.272619694579503000,0.243769428714478000,0.215857547589416000,0.191706849018121000,0.164041378972790000,0.141730941324913000,0.117597755734080000,0.100284807665942000,0.082248772193730700,0.067201709504537400,0.050853594388437000,0.031375566892917600,0.031375566892917600,0.031375566892917600,0.031375566892917600,0.031375566892917600,0.031375566892917600,0.031375566892917600,0.031375566892917600,0.031375566892917600,0.031375566892917600,0.031375566892917600,0.031375566892917600,0.031375566892917600,0.031375566892917600,0.031375566892917600,0.031375566892917600,0.031375566892917600,0.031375566892917600,0.031375566892917600
2034,4,0,0.023804401492655400,0.087681573914897000,0.187007597915045000,0.326577240077513000,0.482888788640992000,0.612755113892598000,0.719000945682888000,0.803569083915840000,0.877677214228195000,0.919359099266962000,0.936814534394887000,0.935654234160156000,0.933819247345916000,0.932782764812545000,0.935212978231678000,0.934362449986467000,0.935801895008692000,0.931429302517772000,0.927844744786653000,0.917287378089364000,0.908234193009611000,0.899482107876396000,0.893553889328200000,0.890652288070701000,0.888563291525980000,0.889704911917108000,0.891547333538594000,0.894773655860070000,0.896193147723620000,0.901049619933404000,0.904007692363651000,0.909746691800718000,0.905680276364107000,0.901865173050750000,0.893006604955938000,0.888872139433019000,0.881381989219007000,0.875958834982021000,0.871397647589818000,0.869013450038386000,0.859690437674445000,0.845902487354364000,0.835770621716086000,0.835826526139031000,0.838523638766421000,0.836030550618640000,0.830472494447037000,0.822108804264803000,0.800552780953024000,0.761450151128468000,0.709176831400692000,0.664800329181984000,0.623956967461628000,0.586364918773880000,0.541610832881087000,0.499132259039706000,0.458015951210129000,0.422651775715006000,0.386409507107685000,0.351104972289357000,0.314034147986252000,0.279375749977307000,0.249930320901497000,0.221567216632186000,0.197107767436970000,0.169135374064564000,0.146515229058310000,0.122034853285987000,0.104332738805871000,0.085869482395330300,0.070393644828789700,0.053617431240340500,0.033712932484669500,0.033712932484669500,0.033712932484669500,0.033712932484669500,0.033712932484669500,0.033712932484669500,0.033712932484669500,0.033712932484669500,0.033712932484669500,0.033712932484669500,0.033712932484669500,0.033712932484669500,0.033712932484669500,0.033712932484669500,0.033712932484669500,0.033712932484669500,0.033712932484669500,0.033712932484669500,0.033712932484669500
2035,4,0,0.023797032836928900,0.087665044384786100,0.186948656993320000,0.326441153026296000,0.482648095680482000,0.612418001145275000,0.718574724875723000,0.803069696648298000,0.877117129663622000,0.918757586220472000,0.936179092167352000,0.934990625254995000,0.933307034144943000,0.932601053671143000,0.935540049566135000,0.935199319350812000,0.937147853541388000,0.932933234711063000,0.929153492079508000,0.918050184290988000,0.908450592500379000,0.899152007450779000,0.892938140574939000,0.890011679817029000,0.888159297947026000,0.889536532974959000,0.891614352300132000,0.895083099405764000,0.896753030825201000,0.901866334140254000,0.905081825325682000,0.911077382681595000,0.907103025615273000,0.903212368062435000,0.894112272117287000,0.889734816397435000,0.882002714739144000,0.876247290596089000,0.871263887852958000,0.868367122440192000,0.858533690125987000,0.844236701977796000,0.833911224869743000,0.834086922297152000,0.837219568442494000,0.835163620440024000,0.830043653174999000,0.822502849319469000,0.802157724958645000,0.764655354575215000,0.713986371277420000,0.671211761027757000,0.631553659364273000,0.594730326060953000,0.550331634334132000,0.508207750273655000,0.467445710535355000,0.432068723535657000,0.395448616215103000,0.359400653385417000,0.321586947826107000,0.286184921794067000,0.256138634236227000,0.227318719667401000,0.202545635012021000,0.174260693611798000,0.151326343788516000,0.126493920477270000,0.108399241689940000,0.089505238027191500,0.073597728452532100,0.056390245387538900,0.036055445516423900,0.036055445516423900,0.036055445516423900,0.036055445516423900,0.036055445516423900,0.036055445516423900,0.036055445516423900,0.036055445516423900,0.036055445516423900,0.036055445516423900,0.036055445516423900,0.036055445516423900,0.036055445516423900,0.036055445516423900,0.036055445516423900,0.036055445516423900,0.036055445516423900,0.036055445516423900,0.036055445516423900
2036,4,0,0.023821684111759200,0.087764197379085700,0.187176063330578000,0.326855529676801000,0.483283821798018000,0.613247690682435000,0.719573917008479000,0.804167458698315000,0.878254145722331000,0.919851792663754000,0.937205400657024000,0.935929757776075000,0.934306434647640000,0.933809691707258000,0.937109657803615000,0.937126500331233000,0.939434978706870000,0.935329466443481000,0.931414827639384000,0.919924583992751000,0.909939614038914000,0.900255962638065000,0.893846085427800000,0.890912880316124000,0.889240727293984000,0.890801536720222000,0.893063656176870000,0.896701469652753000,0.898521929435543000,0.903772653473419000,0.907123599443786000,0.913257491446833000,0.909319412547276000,0.905373391189309000,0.896120806321480000,0.891595753847771000,0.883712580367972000,0.877761217774295000,0.872535762051777000,0.869352190937551000,0.859224767249482000,0.844629163943346000,0.833922236690796000,0.833640413045954000,0.836231652150430000,0.833628922258002000,0.827958999094671000,0.820283653457402000,0.800208645211613000,0.763376539657525000,0.713364181934305000,0.671254375016542000,0.632422338317232000,0.596586039756504000,0.553324568731629000,0.512340261839527000,0.472719210000043000,0.438132648331497000,0.401945537669867000,0.365975023254244000,0.328236936981407000,0.292913028487419000,0.262710870602692000,0.233496820244743000,0.208094256040856000,0.179176197170273000,0.155614272538373000,0.130230397632778000,0.111669336283306000,0.092386211463071600,0.076092674431181300,0.058497817270323500,0.037772403725258900,0.037772403725258900,0.037772403725258900,0.037772403725258900,0.037772403725258900,0.037772403725258900,0.037772403725258900,0.037772403725258900,0.037772403725258900,0.037772403725258900,0.037772403725258900,0.037772403725258900,0.037772403725258900,0.037772403725258900,0.037772403725258900,0.037772403725258900,0.037772403725258900,0.037772403725258900,0.037772403725258900
2037,4,0,0.023816185883726000,0.087752279839854300,0.187166600650635000,0.326856288554134000,0.483307997244803000,0.613301390891233000,0.719662597729119000,0.804247653859752000,0.878279798245569000,0.919781919127371000,0.937045596771800000,0.935684323316489000,0.934123372559268000,0.933836664665020000,0.937493712196144000,0.937868393928716000,0.940534182582118000,0.936543064190156000,0.932498378397685000,0.920635439465841000,0.910277426798038000,0.900220663136583000,0.893622735721919000,0.890686495631652000,0.889196834238879000,0.890939389101869000,0.893383092127517000,0.897185500881130000,0.899154304630367000,0.904535910132799000,0.908018176051120000,0.914282745676758000,0.910385961583909000,0.906389529361546000,0.896996050920737000,0.892329013723186000,0.884304630599719000,0.878164709050312000,0.872703623391930000,0.869237047623917000,0.858828221976677000,0.843952248001614000,0.832877123549379000,0.832137767516308000,0.834183882113163000,0.831037226521134000,0.824824085590014000,0.817023810446240000,0.797244560025848000,0.761129905358524000,0.711838040625710000,0.670446902728806000,0.632490775290860000,0.597687691327177000,0.555619145461397000,0.515827238141383000,0.477398271224229000,0.443646573751380000,0.407938637976919000,0.372091189728831000,0.334476577592717000,0.299275586024640000,0.268955682354752000,0.239384177577204000,0.213383798661765000,0.183868736482857000,0.159708572305626000,0.133804949774100000,0.114800637440071000,0.095152499692340900,0.078493259713084200,0.060532999959561200,0.039442906378338700,0.039442906378338700,0.039442906378338700,0.039442906378338700,0.039442906378338700,0.039442906378338700,0.039442906378338700,0.039442906378338700,0.039442906378338700,0.039442906378338700,0.039442906378338700,0.039442906378338700,0.039442906378338700,0.039442906378338700,0.039442906378338700,0.039442906378338700,0.039442906378338700,0.039442906378338700,0.039442906378338700
2038,4,0,0.023810078298379300,0.087738113020408700,0.187152332713209000,0.326848647403443000,0.483319740708662000,0.613339304120633000,0.719732741123427000,0.804307142134936000,0.878282867953552000,0.919688442780699000,0.936861790242378000,0.935414962913966000,0.933916394254246000,0.933839626445950000,0.937853487463445000,0.938585824434689000,0.941608680779657000,0.937732003092010000,0.933557437611091000,0.921322289827069000,0.910591682373521000,0.900162246671968000,0.893376530225754000,0.890437332091967000,0.889130111701290000,0.891054278674767000,0.893679414003678000,0.897646240129444000,0.899763264977686000,0.905275549881600000,0.908888982281016000,0.915284004874786000,0.911428595610824000,0.907381879785607000,0.897847817811147000,0.893038984999077000,0.884873667241806000,0.878545436387396000,0.872848975931696000,0.869099622473625000,0.858409799454293000,0.843253973693162000,0.831811116037319000,0.830614469523874000,0.832115672613514000,0.828425437183717000,0.821669502805271000,0.813744559474049000,0.794261431080777000,0.758864805847534000,0.710294349802535000,0.669622594477104000,0.632542924970418000,0.598773446607322000,0.557898325804122000,0.519299259709952000,0.482062784496898000,0.449146411839809000,0.413918335134795000,0.378194814316263000,0.340704582793281000,0.305627352872995000,0.275190539953803000,0.245262514844848000,0.218665280636518000,0.188554264494096000,0.163796773106740000,0.137374321847547000,0.117927462857720000,0.097914994939268800,0.080890658295936600,0.062565635520733700,0.041111581553791300,0.041111581553791300,0.041111581553791300,0.041111581553791300,0.041111581553791300,0.041111581553791300,0.041111581553791300,0.041111581553791300,0.041111581553791300,0.041111581553791300,0.041111581553791300,0.041111581553791300,0.041111581553791300,0.041111581553791300,0.041111581553791300,0.041111581553791300,0.041111581553791300,0.041111581553791300,0.041111581553791300
2039,4,0,0.023803413081014300,0.087721886902082900,0.187133663573790000,0.326833310591188000,0.483320092036257000,0.613362748233885000,0.719785891745567000,0.804347650985083000,0.878265245805941000,0.919573350942133000,0.936656012103512000,0.935123710868930000,0.933687526153350000,0.933820587646995000,0.938190976232250000,0.939280759376844000,0.942660420704097000,0.938898213670443000,0.934593936499159000,0.921987067711754000,0.910884318084921000,0.900082655902289000,0.893109410992202000,0.890167325641680000,0.889042479203528000,0.891148115558831000,0.893954524045667000,0.898085585916510000,0.900350702499689000,0.905993466864689000,0.909737910275930000,0.916263165223723000,0.912449199423078000,0.908352322293276000,0.898677976780512000,0.893727537684406000,0.885421553232691000,0.878905263142735000,0.872973688317782000,0.868941797151144000,0.857971379287005000,0.842536208860871000,0.830726084785461000,0.829072421230108000,0.830028969688047000,0.825795532879485000,0.818497255311382000,0.810447897345615000,0.791261191142095000,0.756583044116695000,0.708734754064384000,0.668782953627733000,0.632580145508087000,0.599844513941804000,0.560163141076671000,0.522757185778632000,0.486713439928088000,0.454632719525390000,0.419885074425582000,0.384286256132686000,0.346921221695277000,0.311968513382728000,0.281415570930879000,0.251131921726616000,0.223938778889636000,0.193232837740712000,0.167878922720696000,0.140938543434371000,0.121049833250627000,0.100673701999607000,0.083284865548319700,0.064595707069625100,0.042778393317059800,0.042778393317059800,0.042778393317059800,0.042778393317059800,0.042778393317059800,0.042778393317059800,0.042778393317059800,0.042778393317059800,0.042778393317059800,0.042778393317059800,0.042778393317059800,0.042778393317059800,0.042778393317059800,0.042778393317059800,0.042778393317059800,0.042778393317059800,0.042778393317059800,0.042778393317059800,0.042778393317059800
2040,4,0,0.023801923450484800,0.087724731337789300,0.187155671438696000,0.326889011201619000,0.483425485397365000,0.613519489233402000,0.719995458505435000,0.804562958494450000,0.878438507074239000,0.919658153580786000,0.936653872153974000,0.935035793265665000,0.933661658995440000,0.934004506844264000,0.938732250724572000,0.940179594466292000,0.943916673088847000,0.940268079845919000,0.935833199941826000,0.922851997555726000,0.911374820201604000,0.900198711449467000,0.893036486776155000,0.890090875780968000,0.889148096365065000,0.891435597577249000,0.894423827066264000,0.898719966254624000,0.901133616140056000,0.906908041645142000,0.910784264994425000,0.917441125855562000,0.913667760417496000,0.909519848770197000,0.899703165196119000,0.894610092414066000,0.886161684268257000,0.879455983137260000,0.873288085332565000,0.868972876956047000,0.857719576098800000,0.842001802086200000,0.829821970630389000,0.827711087161248000,0.828123375420348000,0.823346003205045000,0.815503982029602000,0.807328502637183000,0.788433947165985000,0.754466495513363000,0.707329725028538000,0.668088949992761000,0.632754834818010000,0.601045581376828000,0.562548923463060000,0.526327540719518000,0.491468282175663000,0.460215955571232000,0.425941025667152000,0.390459130336730000,0.353211129392562000,0.318375303608574000,0.287699631187981000,0.257053898004893000,0.229259140625954000,0.197951804767900000,0.171996160106049000,0.144532175105520000,0.124197442556121000,0.103453344088359000,0.085696353473794800,0.066639122206683500,0.044453931427358800,0.044453931427358800,0.044453931427358800,0.044453931427358800,0.044453931427358800,0.044453931427358800,0.044453931427358800,0.044453931427358800,0.044453931427358800,0.044453931427358800,0.044453931427358800,0.044453931427358800,0.044453931427358800,0.044453931427358800,0.044453931427358800,0.044453931427358800,0.044453931427358800,0.044453931427358800,0.044453931427358800
