年度別年齢別労働力率,,,,,,,,,,,,,,,,,,,,,,,,,,,,,,,,,,,,,,,,,,,,,,,,,,,,,,,,,,,,,,,,,,,,,,,,,,,,,,,,,,,,,,,,,,,,,
男性,,,,,,,,,,,,,,,,,,,,,,,,,,,,,,,,,,,,,,,,,,,,,,,,,,,,,,,,,,,,,,,,,,,,,,,,,,,,,,,,,,,,,,,,,,,,,
年度,性,合計,15,16,17,18,19,20,21,22,23,24,25,26,27,28,29,30,31,32,33,34,35,36,37,38,39,40,41,42,43,44,45,46,47,48,49,50,51,52,53,54,55,56,57,58,59,60,61,62,63,64,65,66,67,68,69,70,71,72,73,74,75,76,77,78,79,80,81,82,83,84,85,86,87,88,89,90,91,92,93,94,95,96,97,98,99,100,101,102,103,104,105
2020,1,0,0.012421243671940700,0.055843237273365000,0.132432696035173000,0.282286623681901000,0.457918897074007000,0.602515603270683000,0.681362428619650000,0.751201831074828000,0.818160700184997000,0.875717013898688000,0.913655037228961000,0.935270354376498000,0.945236331536237000,0.947984228555166000,0.953279651425290000,0.953807067853715000,0.952767218725916000,0.951847032653783000,0.952430776885708000,0.954718260381639000,0.956767605647884000,0.958244110908612000,0.961776848262890000,0.961076502939186000,0.960993951214623000,0.960742989871204000,0.957061831422819000,0.957741057453598000,0.956856532729004000,0.960302209618760000,0.959750527208796000,0.956446651816500000,0.954726818013066000,0.954644955921251000,0.955951341493097000,0.955898298205147000,0.951787752718372000,0.950483114226392000,0.949367874773738000,0.947915755812810000,0.944793915671563000,0.939022732368677000,0.936637600618319000,0.931632023997597000,0.919758379557960000,0.903637732389197000,0.881136803891531000,0.856874295537571000,0.827430225870035000,0.781393563606757000,0.727012254286956000,0.664850170156228000,0.614932967708159000,0.577763611242182000,0.537679119871040000,0.493181582500350000,0.447481114271433000,0.410820312044750000,0.376505341935890000,0.339277054744911000,0.298172668459226000,0.270205327193374000,0.245788133591690000,0.221024408976526000,0.192516955229556000,0.164010587997654000,0.141344242960976000,0.126470455196968000,0.113947448634365000,0.106760147144413000,0.089623910316718900,0.070960730051419100,0.050516070484477500,0.050516070484477500,0.050516070484477500,0.050516070484477500,0.050516070484477500,0.050516070484477500,0.050516070484477500,0.050516070484477500,0.050516070484477500,0.050516070484477500,0.050516070484477500,0.050516070484477500,0.050516070484477500,0.050516070484477500,0.050516070484477500,0.050516070484477500,0.050516070484477500,0.050516070484477500,0.050516070484477500
2021,1,0,0.007606004984623130,0.050730438539163100,0.124185187897682000,0.282919303794564000,0.457027280695707000,0.601428511918479000,0.668869332808601000,0.741460589893174000,0.818252999693830000,0.885093257437570000,0.920527259549630000,0.940300043068438000,0.948446555776315000,0.957348404478171000,0.958164779908395000,0.959412767633419000,0.951392135014352000,0.952611133697493000,0.954442284232846000,0.959160057342330000,0.961781596260856000,0.959376138731379000,0.963982681313100000,0.965908633465331000,0.970598291872430000,0.967950592129714000,0.963203157651294000,0.961613734697557000,0.960753487304440000,0.962986807662773000,0.960860449074379000,0.959997323803851000,0.960193161639514000,0.958140502245100000,0.958647045491823000,0.955907007121373000,0.953543184563097000,0.950740895345535000,0.948098726759852000,0.949048286453385000,0.944218679814979000,0.939616823262096000,0.937584490182081000,0.934791773474478000,0.922840928010102000,0.905333096489148000,0.884472679860339000,0.863284768752040000,0.833363781216447000,0.784365651034730000,0.728081817782778000,0.668480264049708000,0.625231876887286000,0.587185750956466000,0.544793011023568000,0.501037049241822000,0.454150139337735000,0.414459925934449000,0.381525988268981000,0.344074201983998000,0.309212359155678000,0.266959293960011000,0.242710656383208000,0.222080148160431000,0.199823414115412000,0.179516397815507000,0.154116193254078000,0.135530122582115000,0.115502362410033000,0.106820004326245000,0.096489413700083100,0.078304107752846900,0.051597732179390600,0.051597732179390600,0.051597732179390600,0.051597732179390600,0.051597732179390600,0.051597732179390600,0.051597732179390600,0.051597732179390600,0.051597732179390600,0.051597732179390600,0.051597732179390600,0.051597732179390600,0.051597732179390600,0.051597732179390600,0.051597732179390600,0.051597732179390600,0.051597732179390600,0.051597732179390600,0.051597732179390600
2022,1,0,0.015210717419840600,0.054767078635206600,0.134118345315830000,0.288445371982387000,0.457618255973211000,0.592581947832494000,0.662995039386676000,0.735409800490366000,0.807761199906963000,0.874708602108263000,0.916451243001541000,0.938076532182739000,0.946257700482932000,0.945077480950585000,0.950489221096092000,0.950590232660779000,0.953793723671259000,0.954266027231452000,0.956871307429627000,0.959742165645794000,0.960528771491122000,0.959050267852705000,0.958896570705888000,0.962018080312702000,0.963436368930472000,0.963494227153993000,0.958942396573634000,0.958927268342609000,0.958622378167124000,0.959821626273264000,0.960907486657804000,0.958498055586982000,0.956850493337282000,0.955106454560813000,0.954626106770506000,0.953099090601266000,0.949032298701884000,0.944381554602341000,0.941150291003503000,0.940385500975821000,0.940476834090610000,0.938693739859450000,0.933717181480652000,0.932013278510581000,0.924034822442591000,0.906807511454993000,0.889909481792068000,0.865838653231789000,0.844293184033285000,0.786338976433777000,0.727308244601287000,0.671091172601776000,0.632348629331037000,0.594224207719627000,0.546599452700048000,0.501674334338048000,0.460377112590262000,0.425413740679971000,0.391755583635509000,0.358050237053465000,0.320398040986241000,0.282518932709663000,0.247655573539811000,0.220799713907733000,0.199321868435617000,0.179336754168878000,0.160007247715025000,0.138549670048645000,0.119787735087330000,0.100710835185606000,0.090506510978563500,0.084242940976667600,0.052842458703323400,0.052842458703323400,0.052842458703323400,0.052842458703323400,0.052842458703323400,0.052842458703323400,0.052842458703323400,0.052842458703323400,0.052842458703323400,0.052842458703323400,0.052842458703323400,0.052842458703323400,0.052842458703323400,0.052842458703323400,0.052842458703323400,0.052842458703323400,0.052842458703323400,0.052842458703323400,0.052842458703323400
2023,1,0,0.015211782441933700,0.068242301866624400,0.159488272275730000,0.293898659269128000,0.446803703111363000,0.571735476757699000,0.664412284508978000,0.736119271872731000,0.806573353652025000,0.866705084582202000,0.909926928189117000,0.933558655600080000,0.942985834512284000,0.947112192098772000,0.948649048953882000,0.951647244969299000,0.952998846839996000,0.955159522190098000,0.957183570999070000,0.959286653392402000,0.960028379194248000,0.959761849284122000,0.960269748825278000,0.961739387096695000,0.963275622464898000,0.962253898680388000,0.960754335824680000,0.959132484169669000,0.959426428769581000,0.960086031070965000,0.960044070622077000,0.959053106945373000,0.957119516809313000,0.955829738765683000,0.954580884871154000,0.952557725724243000,0.949144337140158000,0.945162224757657000,0.942280255186150000,0.940978487150186000,0.940159476036027000,0.937936443838474000,0.935113289931091000,0.930223203034071000,0.921247578228228000,0.907206889904618000,0.887801701832343000,0.866955502933375000,0.832421429193144000,0.786231714449172000,0.728483989560894000,0.677140601168836000,0.632767761403478000,0.591260518451230000,0.547693563452851000,0.503068934358108000,0.462665061807501000,0.426014325578307000,0.391891611179352000,0.356869778892177000,0.320440864346952000,0.283625918578599000,0.250413064596965000,0.222670742006834000,0.199891242628262000,0.179620703302181000,0.159356920384382000,0.139501025900020000,0.119729472945518000,0.103709400570580000,0.091855741551761300,0.084273491553591300,0.052866245960280400,0.052866245960280400,0.052866245960280400,0.052866245960280400,0.052866245960280400,0.052866245960280400,0.052866245960280400,0.052866245960280400,0.052866245960280400,0.052866245960280400,0.052866245960280400,0.052866245960280400,0.052866245960280400,0.052866245960280400,0.052866245960280400,0.052866245960280400,0.052866245960280400,0.052866245960280400,0.052866245960280400
2024,1,0,0.015207332755680000,0.068427771091415300,0.159808378528864000,0.294296673017420000,0.447230111115393000,0.572198461640137000,0.664921281356007000,0.736582848322129000,0.806894309833052000,0.866788873579884000,0.909778496412164000,0.933183733466415000,0.942492620065485000,0.946606278901808000,0.948235237465691000,0.951325107725131000,0.952768865494605000,0.954995726426822000,0.957060267133415000,0.959178084655887000,0.959934943805146000,0.959683842173127000,0.960203018310522000,0.961679726705391000,0.963219087567303000,0.962201237519894000,0.960705688176750000,0.959086522004745000,0.959381227886086000,0.960040120707294000,0.959997655996399000,0.959006465656097000,0.957073663682106000,0.955785224567917000,0.954538436724432000,0.952517570125061000,0.949106880752551000,0.945127032572310000,0.942246404023947000,0.940944913407262000,0.940126038498370000,0.937903553204393000,0.935079454451496000,0.930187360025303000,0.921209255480401000,0.907167569028687000,0.887762952029083000,0.866916222193324000,0.832384097907698000,0.786198218549281000,0.728457709946795000,0.677119664471106000,0.632751418863738000,0.591249222074241000,0.547689205973887000,0.503071825163520000,0.462673966259440000,0.426025366224533000,0.391901268932936000,0.356875537158601000,0.320443134719967000,0.283624813978425000,0.250410591455725000,0.222668360208598000,0.199890560569754000,0.179620987073019000,0.159358168008209000,0.139503251474160000,0.119732785209865000,0.103712835569026000,0.091858080542695800,0.084273485082515200,0.052870863214124900,0.052870863214124900,0.052870863214124900,0.052870863214124900,0.052870863214124900,0.052870863214124900,0.052870863214124900,0.052870863214124900,0.052870863214124900,0.052870863214124900,0.052870863214124900,0.052870863214124900,0.052870863214124900,0.052870863214124900,0.052870863214124900,0.052870863214124900,0.052870863214124900,0.052870863214124900,0.052870863214124900
2025,1,0,0.015209659875108100,0.068643704939685500,0.160199648599764000,0.294825765904311000,0.447855739397815000,0.572916345928690000,0.665726487241586000,0.737374571586941000,0.807574762580087000,0.867258880455902000,0.910035470519314000,0.933224677881742000,0.942419436589327000,0.946522231438949000,0.948244004702475000,0.951426913219235000,0.952963457347788000,0.955257486886507000,0.957363433772533000,0.959496928039350000,0.960269255670749000,0.960033468276522000,0.960564150774650000,0.962048586308025000,0.963591758146217000,0.962577327754973000,0.961085124967515000,0.959467922424932000,0.959763520798490000,0.960421997832379000,0.960379010008129000,0.959387151374652000,0.957454276221954000,0.956166601739081000,0.954921324106308000,0.952901849263366000,0.949492338968070000,0.945512981306848000,0.942632410024820000,0.941330616861833000,0.940511513259457000,0.938288584482917000,0.935462282635579000,0.930566001108257000,0.921581416646577000,0.907532475417693000,0.888119782972358000,0.867263233248916000,0.832717671091531000,0.786515046771208000,0.728756025046507000,0.677400446192821000,0.633017024203483000,0.591501380046862000,0.547928892113696000,0.503298877666079000,0.462889030821897000,0.426226236555471000,0.392085551321233000,0.357040313604585000,0.320588189966255000,0.283750088969429000,0.250519698281733000,0.222765196796363000,0.199978947176130000,0.179701307522170000,0.159430423333741000,0.139567637527359000,0.119789448345367000,0.103762483145450000,0.091901349943695500,0.084311029754125000,0.052899038375706000,0.052899038375706000,0.052899038375706000,0.052899038375706000,0.052899038375706000,0.052899038375706000,0.052899038375706000,0.052899038375706000,0.052899038375706000,0.052899038375706000,0.052899038375706000,0.052899038375706000,0.052899038375706000,0.052899038375706000,0.052899038375706000,0.052899038375706000,0.052899038375706000,0.052899038375706000,0.052899038375706000
2026,1,0,0.015221127324800600,0.068759528869551300,0.160427036494151000,0.295175656040739000,0.448320472678394000,0.573474834616337000,0.666354415829546000,0.738034294976699000,0.808243499330919000,0.867907012097453000,0.910650249480225000,0.933791336091747000,0.942956039697393000,0.947053557196574000,0.948796874798653000,0.952002429289054000,0.953560378101111000,0.955874169717291000,0.957997523155822000,0.960146231026247000,0.960932745998336000,0.960710385868083000,0.961251612640064000,0.962743850660857000,0.964291408394714000,0.963279435573641000,0.961789330135879000,0.960173230923971000,0.960470475025965000,0.961129971609263000,0.961087474459152000,0.960095391090767000,0.958161577750328000,0.956873447568535000,0.955627742236706000,0.953607255982275000,0.950195686246688000,0.946214579783517000,0.943333828418186000,0.942033785784309000,0.941216796638858000,0.938994923893564000,0.936168169459353000,0.931268820966775000,0.922277033429835000,0.908217070811743000,0.888789312932314000,0.867917594250703000,0.833347527274398000,0.787112594280229000,0.729312550839643000,0.677920778199138000,0.633506336457865000,0.591961752053449000,0.548358690417166000,0.503697304935512000,0.463259268887793000,0.426570417745196000,0.392404884405770000,0.357333423794936000,0.320854016529067000,0.283988340893859000,0.250731704045113000,0.222953693405054000,0.200146288899098000,0.179849385746784000,0.159559243153341000,0.139678853040897000,0.119884469744950000,0.103845485107410000,0.091975473331749400,0.084379494583301100,0.052943884098681700,0.052943884098681700,0.052943884098681700,0.052943884098681700,0.052943884098681700,0.052943884098681700,0.052943884098681700,0.052943884098681700,0.052943884098681700,0.052943884098681700,0.052943884098681700,0.052943884098681700,0.052943884098681700,0.052943884098681700,0.052943884098681700,0.052943884098681700,0.052943884098681700,0.052943884098681700,0.052943884098681700
2027,1,0,0.015218601517932600,0.068812177659894700,0.160507001440303000,0.295254256961215000,0.448373125627563000,0.573506184354158000,0.666369818060695000,0.738015581407590000,0.808169227816328000,0.867757246408195000,0.910427797381247000,0.933499450380691000,0.942625651758524000,0.946714120014414000,0.948477391162475000,0.951702656554022000,0.953280589672317000,0.955612026818407000,0.957750844037194000,0.959912798129412000,0.960712785366745000,0.960504064915333000,0.961055344353716000,0.962554016927115000,0.964104539731602000,0.963095956711845000,0.961609320417133000,0.959995811630684000,0.960294429031209000,0.960954339175447000,0.960912372075715000,0.959920976332857000,0.957988002924484000,0.956700601564607000,0.955455614049739000,0.953435974180078000,0.950025481666843000,0.946046287092098000,0.943168005177994000,0.941870909847852000,0.941056787847827000,0.938838015375544000,0.936013408063810000,0.931115497096621000,0.922124772662783000,0.908066714165092000,0.888641751142596000,0.867774051850684000,0.833211262300369000,0.786986527330696000,0.729198601038911000,0.677817882153278000,0.633413253675515000,0.591877923640920000,0.548284375292817000,0.503632678718505000,0.463203630751917000,0.426522452868346000,0.392363481387277000,0.357298040285986000,0.320824886165532000,0.283965527773441000,0.250713217925861000,0.222937233804086000,0.200129639634815000,0.179832130224448000,0.159541380251098000,0.139661660950425000,0.119869280380559000,0.103833021481393000,0.091965043641189900,0.084370389591507900,0.052940059774505600,0.052940059774505600,0.052940059774505600,0.052940059774505600,0.052940059774505600,0.052940059774505600,0.052940059774505600,0.052940059774505600,0.052940059774505600,0.052940059774505600,0.052940059774505600,0.052940059774505600,0.052940059774505600,0.052940059774505600,0.052940059774505600,0.052940059774505600,0.052940059774505600,0.052940059774505600,0.052940059774505600
2028,1,0,0.015215474901078500,0.068862086045282800,0.160580590197395000,0.295321154253284000,0.448408030219362000,0.573514845847903000,0.666358866114706000,0.737967693435942000,0.808063028635161000,0.867573224959731000,0.910169429309377000,0.933170762221273000,0.942258114816571000,0.946337375530410000,0.948120523094373000,0.951365364539409000,0.952963212150758000,0.955312196088317000,0.957466386775368000,0.959641496686045000,0.960454919553917000,0.960259841969067000,0.960821148543006000,0.962326194021564000,0.963879619487464000,0.962874464889874000,0.961391355231967000,0.959780499707623000,0.960080478089280000,0.960740775547839000,0.960699339961042000,0.959708670788436000,0.957776613430552000,0.956489991526164000,0.955245770788865000,0.953227056846817000,0.949817776007774000,0.945840649949986000,0.942964950378177000,0.941670852544806000,0.940859628816104000,0.938644043196445000,0.935821693895646000,0.930925413584846000,0.921936107355195000,0.907880508130549000,0.888459106995822000,0.867596250715924000,0.833042102511905000,0.786829389519190000,0.729055860827961000,0.677688223200993000,0.633295160114544000,0.591770723332220000,0.548188408441149000,0.503548162717306000,0.463129698070468000,0.426457640980929000,0.392306579577166000,0.357248542247846000,0.320783081109855000,0.283931495044758000,0.250684825397552000,0.222911965312040000,0.200105083368828000,0.179807770495001000,0.159517215669485000,0.139638952981389000,0.119849356990399000,0.103816456895760000,0.091950981499018400,0.084357951951012800,0.052934143605063100,0.052934143605063100,0.052934143605063100,0.052934143605063100,0.052934143605063100,0.052934143605063100,0.052934143605063100,0.052934143605063100,0.052934143605063100,0.052934143605063100,0.052934143605063100,0.052934143605063100,0.052934143605063100,0.052934143605063100,0.052934143605063100,0.052934143605063100,0.052934143605063100,0.052934143605063100,0.052934143605063100
2029,1,0,0.015209229071745200,0.068897838070525100,0.160621193868339000,0.295327431357598000,0.448350931739606000,0.573405857372450000,0.666211231260002000,0.737768456242156000,0.807791137543850000,0.867211352250042000,0.909724518038158000,0.932650855924701000,0.941697519581401000,0.945766741648258000,0.947569387611526000,0.950833127442356000,0.952450549517142000,0.954816587594727000,0.956985700394833000,0.959173511843367000,0.960000195210610000,0.959818792106406000,0.960390004500280000,0.961901110230456000,0.963457117917247000,0.962455595816963000,0.960976314853045000,0.959368441390268000,0.959669718380569000,0.960330267468639000,0.960289371567089000,0.959299631732438000,0.957368886182246000,0.956083307177024000,0.954840107971061000,0.952822733483541000,0.949415362915487000,0.945441119925391000,0.942568590995450000,0.941277754270066000,0.940469593433438000,0.938257647185047000,0.935438133450798000,0.930544487162148000,0.921558442232369000,0.907508183979876000,0.888094326435571000,0.867240589765877000,0.832702165650724000,0.786510946807496000,0.728763657887055000,0.677419630464427000,0.633047231959700000,0.591542199595012000,0.547980051247688000,0.503360406339638000,0.462960809501621000,0.426305390098347000,0.392169239279948000,0.357125792589703000,0.320675499826872000,0.283839240638093000,0.250605027580085000,0.222840986631137000,0.200039494832546000,0.179746541945541000,0.159460344332723000,0.139587614972038000,0.119804861268797000,0.103778606725937000,0.091918066186856600,0.084328217692060600,0.052917372741194000,0.052917372741194000,0.052917372741194000,0.052917372741194000,0.052917372741194000,0.052917372741194000,0.052917372741194000,0.052917372741194000,0.052917372741194000,0.052917372741194000,0.052917372741194000,0.052917372741194000,0.052917372741194000,0.052917372741194000,0.052917372741194000,0.052917372741194000,0.052917372741194000,0.052917372741194000,0.052917372741194000
2030,1,0,0.015205975824012800,0.068947106512463800,0.160693334981373000,0.295391737719171000,0.448381971892697000,0.573409613783491000,0.666194602094613000,0.737714318271591000,0.807678150807456000,0.867020116412083000,0.909458649509322000,0.932314544319276000,0.941322322149962000,0.945382311457542000,0.947204797875278000,0.950488065633209000,0.952125367781775000,0.954508914289609000,0.956693366127316000,0.958894301098936000,0.959734399133991000,0.959566626326875000,0.960147850602263000,0.961665309739731000,0.963224203797872000,0.962226115123488000,0.960750369777891000,0.959145160560562000,0.959447794551071000,0.960108724912442000,0.960068360322983000,0.959079354757743000,0.957149540796043000,0.955864751416812000,0.954622328810171000,0.952605896517743000,0.949199765464359000,0.945227622785323000,0.942357698052878000,0.941069866744304000,0.940264608080316000,0.938055864273676000,0.935238630288520000,0.930346654753960000,0.921362103289537000,0.907314421735511000,0.887904288161316000,0.867055567554839000,0.832526070755383000,0.786347255859332000,0.728614842724621000,0.677284321432769000,0.632923855231780000,0.591430059243883000,0.547879504691069000,0.503271679775601000,0.462883000263650000,0.426237005203959000,0.392109047754152000,0.357073296398209000,0.320630999893466000,0.283802819520833000,0.250574524602139000,0.222813841524308000,0.200013255908976000,0.179720672629807000,0.159434843179875000,0.139563738610917000,0.119783935523176000,0.103761173151746000,0.091903233739612400,0.084315072872523400,0.052911010850535100,0.052911010850535100,0.052911010850535100,0.052911010850535100,0.052911010850535100,0.052911010850535100,0.052911010850535100,0.052911010850535100,0.052911010850535100,0.052911010850535100,0.052911010850535100,0.052911010850535100,0.052911010850535100,0.052911010850535100,0.052911010850535100,0.052911010850535100,0.052911010850535100,0.052911010850535100,0.052911010850535100
2031,1,0,0.015223123254911700,0.069099551587240400,0.160994747795552000,0.295861367073201000,0.449011257682848000,0.574167023234459000,0.667043775903934000,0.738622031916853000,0.808633405592540000,0.868001690139016000,0.910447480564156000,0.933288549809025000,0.942283708857259000,0.946343322861706000,0.948180733782703000,0.951480573333579000,0.953132591157345000,0.955528230508296000,0.957721086319849000,0.959926979498202000,0.960770501155323000,0.960605015417393000,0.961189439741130000,0.962711223049867000,0.964274556356784000,0.963278023480274000,0.961803295290056000,0.960197846336756000,0.960501281124510000,0.961162305427839000,0.961121243946073000,0.960130471727811000,0.958198552543087000,0.956913107678384000,0.955670799720404000,0.953653609243630000,0.950245152874415000,0.946269868381832000,0.943397866562432000,0.942109564038086000,0.941304378344452000,0.939094124830094000,0.936275666140259000,0.931381097445949000,0.922390308901059000,0.908330680690651000,0.888902553345667000,0.868032969311299000,0.833465934190338000,0.787235196907964000,0.729437832658638000,0.678049579519074000,0.633640553865481000,0.592102743526881000,0.548507167687321000,0.503853129225516000,0.463422994000932000,0.426738557602094000,0.392573792180413000,0.357499002988080000,0.321016082518175000,0.284146843027974000,0.250880638170817000,0.223087300525924000,0.200258743402581000,0.179941016832234000,0.159630051707261000,0.139734440182272000,0.119930394140345000,0.103887786586805000,0.092014698568088900,0.084416204025954200,0.052974951682291800,0.052974951682291800,0.052974951682291800,0.052974951682291800,0.052974951682291800,0.052974951682291800,0.052974951682291800,0.052974951682291800,0.052974951682291800,0.052974951682291800,0.052974951682291800,0.052974951682291800,0.052974951682291800,0.052974951682291800,0.052974951682291800,0.052974951682291800,0.052974951682291800,0.052974951682291800,0.052974951682291800
2032,1,0,0.015215994307599700,0.069141852476108700,0.161039500719767000,0.295859274916944000,0.448924584724762000,0.574008879047348000,0.666829276661940000,0.738351911815434000,0.808299158565708000,0.867599060483796000,0.909984393038625000,0.932774185250915000,0.941742365909477000,0.945795127467338000,0.947644541234158000,0.950955698779497000,0.952619806268169000,0.955023724315664000,0.957221491054324000,0.959428826322001000,0.960274428063334000,0.960111494925039000,0.960698188987851000,0.962221871393280000,0.963787152659425000,0.962793766520528000,0.961322409005493000,0.959719281565881000,0.960023033564574000,0.960683097242969000,0.960641403921138000,0.959650444609771000,0.957719501088327000,0.956435451164551000,0.955195239966415000,0.953180509124867000,0.949775163916920000,0.945803077893777000,0.942933579743635000,0.941646861110564000,0.940843033065904000,0.938634795189968000,0.935819607688073000,0.930930253147068000,0.921947567732810000,0.907898416376893000,0.888483279939978000,0.867626115032656000,0.833076666706636000,0.786867731487996000,0.729097585922427000,0.677733550097277000,0.633346785213716000,0.591831202871717000,0.548260130483667000,0.503631091148547000,0.463223977008223000,0.426559601991787000,0.392412512396164000,0.357354619590288000,0.320889254930898000,0.284037752163361000,0.250786686834502000,0.223005015886019000,0.200184890562818000,0.179874419977477000,0.159570707671144000,0.139682315423669000,0.119885606747225000,0.103848736055570000,0.091979432324054100,0.084382720288593800,0.052954415950386300,0.052954415950386300,0.052954415950386300,0.052954415950386300,0.052954415950386300,0.052954415950386300,0.052954415950386300,0.052954415950386300,0.052954415950386300,0.052954415950386300,0.052954415950386300,0.052954415950386300,0.052954415950386300,0.052954415950386300,0.052954415950386300,0.052954415950386300,0.052954415950386300,0.052954415950386300,0.052954415950386300
2033,1,0,0.015209789375870500,0.069188286689434100,0.161093927740103000,0.295875029708319000,0.448865065120270000,0.573885495427886000,0.666655185924938000,0.738126562912599000,0.808013957860001000,0.867249113792132000,0.909576597954813000,0.932316532642168000,0.941258299468151000,0.945304459028745000,0.947165976677798000,0.950488642020739000,0.952164928957709000,0.954577263445734000,0.956780069371034000,0.958988978603049000,0.959836709610159000,0.959676317008175000,0.960265314209179000,0.961790985950661000,0.963358307881682000,0.962368005806881000,0.960899927267931000,0.959299022614004000,0.959603109866966000,0.960262253574386000,0.960219926451132000,0.959228720439607000,0.957298635259638000,0.956015901605917000,0.954777710526222000,0.952765315644552000,0.949362873475244000,0.945393743538772000,0.942526573787631000,0.941241360048498000,0.940438839979777000,0.938232482784196000,0.935420393803531000,0.930535953941357000,0.921560822758536000,0.907521291688672000,0.888117963733364000,0.867271949049730000,0.832737988222081000,0.786548048822210000,0.728801613622448000,0.677458675815022000,0.633091474961187000,0.591595597083086000,0.548046378641378000,0.503439624681040000,0.463053074256231000,0.426406531593746000,0.392275042718388000,0.357231916939673000,0.320781893260522000,0.283945888936517000,0.250707944296501000,0.222936254140046000,0.200123176807749000,0.179818730800973000,0.159521040317246000,0.139638661431169000,0.119848089630667000,0.103815983492470000,0.091949744821895100,0.084354355526812100,0.052937092216216100,0.052937092216216100,0.052937092216216100,0.052937092216216100,0.052937092216216100,0.052937092216216100,0.052937092216216100,0.052937092216216100,0.052937092216216100,0.052937092216216100,0.052937092216216100,0.052937092216216100,0.052937092216216100,0.052937092216216100,0.052937092216216100,0.052937092216216100,0.052937092216216100,0.052937092216216100,0.052937092216216100
2034,1,0,0.015203305430297100,0.069233389427690200,0.161145299403444000,0.295885243066364000,0.448797208303349000,0.573751491901389000,0.666468784205460000,0.737887610361019000,0.807713897601672000,0.866883254757725000,0.909152147898544000,0.931841841752300000,0.940757049699660000,0.944796537167788000,0.946670113823799000,0.950004215285250000,0.951692640193181000,0.954113339029710000,0.956321138780925000,0.958531579392221000,0.959381422049998000,0.959223570862593000,0.959814858276007000,0.961342489188094000,0.962911820797524000,0.961924618718323000,0.960459843851470000,0.958861190041810000,0.959165606587730000,0.959823818775543000,0.959780859170267000,0.958789425184562000,0.956860233693075000,0.955578839179066000,0.954342689668258000,0.952332666399184000,0.948933188420762000,0.944967086267281000,0.942102296545259000,0.940818610458762000,0.940017412269973000,0.937812975411231000,0.935004034910536000,0.930124596892374000,0.921157181337776000,0.907127524853925000,0.887736358075600000,0.866901873815933000,0.832384032823274000,0.786213936439990000,0.728492270800368000,0.677171372736939000,0.632824548579737000,0.591349134065922000,0.547822565044221000,0.503238911332140000,0.462873662079392000,0.426245621624727000,0.392130358191826000,0.357102641891229000,0.320668627451914000,0.283848796911608000,0.250624583055284000,0.222863384269552000,0.200057775303061000,0.179759728230519000,0.159468433801140000,0.139592434755343000,0.119808364491291000,0.103781318486180000,0.091918364036003700,0.084324438294759200,0.052918793822257000,0.052918793822257000,0.052918793822257000,0.052918793822257000,0.052918793822257000,0.052918793822257000,0.052918793822257000,0.052918793822257000,0.052918793822257000,0.052918793822257000,0.052918793822257000,0.052918793822257000,0.052918793822257000,0.052918793822257000,0.052918793822257000,0.052918793822257000,0.052918793822257000,0.052918793822257000,0.052918793822257000
2035,1,0,0.015200243030719400,0.069294026491127500,0.161232861884273000,0.295961960605069000,0.448830276997310000,0.573746543262309000,0.666432311725755000,0.737814673919742000,0.807595587715848000,0.866712487783361000,0.908932328093622000,0.931576912952054000,0.940467582696155000,0.944501310276076000,0.946387359522370000,0.949733639380806000,0.951434574174109000,0.953864176246310000,0.956077462969555000,0.958289930873063000,0.959142074888097000,0.958986728037573000,0.959580437138552000,0.961110369380234000,0.962682062169055000,0.961697736231450000,0.960235933703610000,0.958639169971945000,0.958943984032445000,0.959601413241601000,0.959557811894599000,0.958565927218223000,0.956637195200816000,0.955356850947633000,0.954122463856353000,0.952114358888083000,0.948717079088123000,0.944753111296632000,0.941890056147900000,0.940607608201723000,0.939807550965787000,0.937604537714059000,0.934798112309262000,0.929922576170816000,0.920960855660455000,0.906937913907286000,0.887554541827875000,0.866726897473742000,0.832217407102545000,0.786056762932207000,0.728346876336428000,0.677036468011169000,0.632700039256411000,0.591235752208368000,0.547722034267144000,0.503151444563954000,0.462798409607506000,0.426180626310474000,0.392073909533650000,0.357053719331127000,0.320627514260314000,0.283815570803391000,0.250597610804798000,0.222840656501365000,0.200037384852334000,0.179741169999427000,0.159451706429500000,0.139577615391474000,0.119795595419198000,0.103770003730227000,0.091907664823840700,0.084313494716561000,0.052912402269026800,0.052912402269026800,0.052912402269026800,0.052912402269026800,0.052912402269026800,0.052912402269026800,0.052912402269026800,0.052912402269026800,0.052912402269026800,0.052912402269026800,0.052912402269026800,0.052912402269026800,0.052912402269026800,0.052912402269026800,0.052912402269026800,0.052912402269026800,0.052912402269026800,0.052912402269026800,0.052912402269026800
2036,1,0,0.015214785708582800,0.069513261168379000,0.161631245668380000,0.296518681884187000,0.449500939522477000,0.574504404193965000,0.667246534863061000,0.738660302293347000,0.808466514004136000,0.867593934147544000,0.909808128443699000,0.932428338861540000,0.941300402994055000,0.945329805879743000,0.947228403409760000,0.950588628612700000,0.952301934583357000,0.954741706971414000,0.956962059046504000,0.959178693511958000,0.960033702612897000,0.959880256941643000,0.960475066912370000,0.962005478784581000,0.963576174196728000,0.962588405437539000,0.961122703267244000,0.959521681130606000,0.959823826461577000,0.960478694662401000,0.960431861603213000,0.959435837954226000,0.957503128500393000,0.956220485004526000,0.954984900494954000,0.952974857861687000,0.949574311317844000,0.945607432384890000,0.942743417157056000,0.941462419137027000,0.940664273349643000,0.938461829282573000,0.935656006611185000,0.930779704462695000,0.921813919384157000,0.907782070790882000,0.888384663334191000,0.867540978735734000,0.833001735079004000,0.786799567426041000,0.729037107727455000,0.677680248935112000,0.633303473205866000,0.591801018284290000,0.548246602905978000,0.503634304614394000,0.463243596172145000,0.426592732084251000,0.392456355984828000,0.357406651534220000,0.320949587024902000,0.284106415078198000,0.250858637467586000,0.223075062684425000,0.200247882311799000,0.179930157336379000,0.159619190103161000,0.139724331235749000,0.119921969952605000,0.103879969307768000,0.092005204595255600,0.084402692208922000,0.052970480451610600,0.052970480451610600,0.052970480451610600,0.052970480451610600,0.052970480451610600,0.052970480451610600,0.052970480451610600,0.052970480451610600,0.052970480451610600,0.052970480451610600,0.052970480451610600,0.052970480451610600,0.052970480451610600,0.052970480451610600,0.052970480451610600,0.052970480451610600,0.052970480451610600,0.052970480451610600,0.052970480451610600
2037,1,0,0.015212206446607300,0.069654389440864900,0.161847929891423000,0.296741931342844000,0.449665946428656000,0.574615911607359000,0.667310011834214000,0.738674790102033000,0.808427710792082000,0.867499075843084000,0.909660082234129000,0.932230426385334000,0.941073879422164000,0.945094416695148000,0.947003434372451000,0.950373831942607000,0.952097589471803000,0.954544792750131000,0.956769715397143000,0.958988023549518000,0.959844937164719000,0.959693566964394000,0.960288808855198000,0.961817977337063000,0.963385905825838000,0.962395803862785000,0.960927849509516000,0.959324368528971000,0.959623502783814000,0.960275070512902000,0.960225055936753000,0.959226011680806000,0.957291498086176000,0.956007997924146000,0.954772606446827000,0.952762888134577000,0.949362901634679000,0.945397576375451000,0.942535825483353000,0.941257721063819000,0.940462387022187000,0.938262992762266000,0.935460932938446000,0.930589355385846000,0.921629598919823000,0.907604637755299000,0.888215027315060000,0.867378761942236000,0.832848636260057000,0.786656940751385000,0.728906912936930000,0.677561400129570000,0.633194218403020000,0.591700301524570000,0.548154203349689000,0.503550401597430000,0.463167474036304000,0.426524775696628000,0.392397157939077000,0.357357385519025000,0.320910491620704000,0.284077555739236000,0.250837377404829000,0.223058448302098000,0.200233046099531000,0.179916673882797000,0.159607058262668000,0.139713818841338000,0.119913399696863000,0.103873042094721000,0.091999213980962600,0.084396913946706700,0.052968954232774100,0.052968954232774100,0.052968954232774100,0.052968954232774100,0.052968954232774100,0.052968954232774100,0.052968954232774100,0.052968954232774100,0.052968954232774100,0.052968954232774100,0.052968954232774100,0.052968954232774100,0.052968954232774100,0.052968954232774100,0.052968954232774100,0.052968954232774100,0.052968954232774100,0.052968954232774100,0.052968954232774100
2038,1,0,0.015209761050710000,0.069796080158220400,0.162065957739837000,0.296967701760761000,0.449834830683604000,0.574732406589853000,0.667379302746026000,0.738695732037716000,0.808395989220094000,0.867411834205945000,0.909520038909470000,0.932040730615523000,0.940855659331859000,0.944867369075239000,0.946786820150887000,0.950167416199330000,0.951901636907849000,0.954356290020552000,0.956585801184603000,0.958805801867870000,0.959664626861153000,0.959515330122768000,0.960111008995754000,0.961638947868823000,0.963204124057837000,0.962211681004086000,0.960741462375950000,0.959135509342822000,0.959431636131544000,0.960079910176128000,0.960026714696385000,0.959024642095467000,0.957088308040628000,0.955803940272527000,0.954568730961552000,0.952559319290399000,0.949159862920292000,0.945196056149215000,0.942336543822144000,0.941061320871860000,0.940268790693069000,0.938072426001781000,0.935274103281873000,0.930407206168201000,0.921453397980381000,0.907435199336939000,0.888053213797041000,0.867224183009076000,0.832702870361674000,0.786521239642501000,0.728783134645077000,0.677448515114768000,0.633090536279525000,0.591604791805133000,0.548066627323443000,0.503470929292568000,0.463095426937947000,0.426460571249025000,0.392341410531838000,0.357311260477418000,0.320874215142625000,0.284051189881790000,0.250818317664555000,0.223043789811358000,0.200219965608173000,0.179904768058691000,0.159596326019678000,0.139704531564762000,0.119905880784332000,0.103867025426706000,0.091994029778615600,0.084391875552422600,0.052967891674145300,0.052967891674145300,0.052967891674145300,0.052967891674145300,0.052967891674145300,0.052967891674145300,0.052967891674145300,0.052967891674145300,0.052967891674145300,0.052967891674145300,0.052967891674145300,0.052967891674145300,0.052967891674145300,0.052967891674145300,0.052967891674145300,0.052967891674145300,0.052967891674145300,0.052967891674145300,0.052967891674145300
2039,1,0,0.015206590884341000,0.069934388528620600,0.162276172771758000,0.297179220204468000,0.449982190517416000,0.574821437500117000,0.667416726733172000,0.738681422317228000,0.808325709962350000,0.867283239672145000,0.909336653154489000,0.931806636259381000,0.940592630615709000,0.944595324685398000,0.946525113728952000,0.949915743199251000,0.951660340483191000,0.954122323566175000,0.956356315181173000,0.958577901852045000,0.959438596542413000,0.959291379623651000,0.959887466897063000,0.961414103715725000,0.962976453944835000,0.961981718015065000,0.960509306093543000,0.958900958542041000,0.959194064846333000,0.959839015492456000,0.959782642821354000,0.958777590803279000,0.956839529344719000,0.955554355569318000,0.954319387290534000,0.952310378018359000,0.948911613773870000,0.944949514047652000,0.942092375889491000,0.940820094186952000,0.940030404648383000,0.937837173198163000,0.935042719713448000,0.930180733515544000,0.921233298605433000,0.907222528809230000,0.887849090089218000,0.867028284989740000,0.832517429170773000,0.786348062898320000,0.728624631060414000,0.677303350012884000,0.632956687036049000,0.591481091275993000,0.547952934808939000,0.503367465214132000,0.463001311681338000,0.426376043634333000,0.392266964695503000,0.357248104778760000,0.320822642820446000,0.284011281385780000,0.250787298162846000,0.223018495085469000,0.200197337247043000,0.179884283189946000,0.159577983235269000,0.139688582271127000,0.119892643815741000,0.103856055378199000,0.091984458361183200,0.084382812595746600,0.052964302355716700,0.052964302355716700,0.052964302355716700,0.052964302355716700,0.052964302355716700,0.052964302355716700,0.052964302355716700,0.052964302355716700,0.052964302355716700,0.052964302355716700,0.052964302355716700,0.052964302355716700,0.052964302355716700,0.052964302355716700,0.052964302355716700,0.052964302355716700,0.052964302355716700,0.052964302355716700,0.052964302355716700
2040,1,0,0.015205569987551600,0.070082539159264200,0.162509256351164000,0.297432666017798000,0.450193083492663000,0.574991654986094000,0.667548433432883000,0.738771477882369000,0.808369650798307000,0.867277210855087000,0.909281789544827000,0.931704252593689000,0.940462561853308000,0.944456808236538000,0.946397205041084000,0.949798344198632000,0.951553561676441000,0.954023220540334000,0.956262006991326000,0.958485493079845000,0.959348178551548000,0.959203020080422000,0.959799599857282000,0.961325150664461000,0.962884896442115000,0.961887727731257000,0.960412915097498000,0.958801946459151000,0.959092074521541000,0.959733793803972000,0.959674236852626000,0.958666064244039000,0.956726002047292000,0.955439840916584000,0.954204939126535000,0.952196048308455000,0.948797495819471000,0.944836542899974000,0.941981374598370000,0.940711853584411000,0.939924892335524000,0.937734483401985000,0.934943503284272000,0.930085739744680000,0.921143412257289000,0.907138089811563000,0.887770458465621000,0.866954935212536000,0.832449657626757000,0.786286029586525000,0.728569111664787000,0.677253914724059000,0.632912299165104000,0.591440989626514000,0.547916688733023000,0.503335145694656000,0.462972635453877000,0.426351777967656000,0.392247959078554000,0.357235438703509000,0.320816410719333000,0.284011509166227000,0.250791718584477000,0.223024715512744000,0.200202999117855000,0.179889218122367000,0.159582190775860000,0.139692372656784000,0.119896348997316000,0.103859761196631000,0.091987885199139300,0.084385673789400900,0.052968196853884300,0.052968196853884300,0.052968196853884300,0.052968196853884300,0.052968196853884300,0.052968196853884300,0.052968196853884300,0.052968196853884300,0.052968196853884300,0.052968196853884300,0.052968196853884300,0.052968196853884300,0.052968196853884300,0.052968196853884300,0.052968196853884300,0.052968196853884300,0.052968196853884300,0.052968196853884300,0.052968196853884300
女性有配偶,,,,,,,,,,,,,,,,,,,,,,,,,,,,,,,,,,,,,,,,,,,,,,,,,,,,,,,,,,,,,,,,,,,,,,,,,,,,,,,,,,,,,,,,,,,,,
年度,性,合計,15.000000000000000000,16.000000000000000000,17.000000000000000000,18.000000000000000000,19.000000000000000000,20.000000000000000000,21.000000000000000000,22.000000000000000000,23.000000000000000000,24.000000000000000000,25.000000000000000000,26.000000000000000000,27.000000000000000000,28.000000000000000000,29.000000000000000000,30.000000000000000000,31.000000000000000000,32.000000000000000000,33.000000000000000000,34.000000000000000000,35.000000000000000000,36.000000000000000000,37.000000000000000000,38.000000000000000000,39.000000000000000000,40.000000000000000000,41.000000000000000000,42.000000000000000000,43.000000000000000000,44.000000000000000000,45.000000000000000000,46.000000000000000000,47.000000000000000000,48.000000000000000000,49.000000000000000000,50.000000000000000000,51.000000000000000000,52.000000000000000000,53.000000000000000000,54.000000000000000000,55.000000000000000000,56.000000000000000000,57.000000000000000000,58.000000000000000000,59.000000000000000000,60.000000000000000000,61.000000000000000000,62.000000000000000000,63.000000000000000000,64.000000000000000000,65.000000000000000000,66.000000000000000000,67.000000000000000000,68.000000000000000000,69.000000000000000000,70.000000000000000000,71.000000000000000000,72.000000000000000000,73.000000000000000000,74.000000000000000000,75.000000000000000000,76.000000000000000000,77.000000000000000000,78.000000000000000000,79.000000000000000000,80.000000000000000000,81.000000000000000000,82.000000000000000000,83.000000000000000000,84.000000000000000000,85.000000000000000000,86.000000000000000000,87.000000000000000000,88.000000000000000000,89.000000000000000000,90.000000000000000000,91.000000000000000000,92.000000000000000000,93.000000000000000000,94.000000000000000000,95.000000000000000000,96.000000000000000000,97.000000000000000000,98.000000000000000000,99.000000000000000000,100.000000000000000000,101.000000000000000000,102.000000000000000000,103.000000000000000000,104.000000000000000000,105.000000000000000000
2020,3,0,0.018630681084745700,0.081073941207403700,0.179346547437628000,0.345905178059384000,0.461694773519803000,0.545640317474694000,0.568405251703160000,0.635558038000975000,0.698154277497948000,0.714613888842969000,0.739745180065435000,0.738060095978587000,0.746175267722129000,0.730929016425301000,0.717848074624923000,0.705022706586024000,0.698998348046419000,0.689829508254089000,0.693466388096549000,0.694861176227109000,0.700083643756419000,0.697673074751912000,0.704555268223348000,0.711745847699804000,0.715133625938047000,0.728181629473392000,0.741013514814836000,0.760961207493770000,0.770917933592050000,0.782242957440422000,0.786523298854237000,0.789465616167261000,0.787227328259856000,0.781532366033828000,0.778404290450271000,0.777625678279385000,0.780054952694997000,0.774442443822810000,0.770957010558581000,0.768069868408576000,0.755164347901517000,0.737428944152518000,0.715846437300289000,0.700665253770931000,0.678512386135933000,0.654828586175844000,0.618620686290495000,0.583325960601586000,0.543232350259890000,0.504475483845048000,0.461724439274209000,0.419971579024441000,0.381612873328004000,0.352458877508459000,0.319956299940105000,0.291426135499412000,0.258454777421271000,0.229167246398966000,0.201468372700672000,0.176014876127433000,0.153921972242285000,0.135720373201950000,0.121702142745876000,0.107580902163679000,0.100316358793891000,0.084903005475267100,0.072733097581741000,0.060321258346774200,0.054582284073080000,0.049275532405018400,0.037778382952662100,0.025310585201482300,0.027805549403086800,0.027805549403086800,0.027805549403086800,0.027805549403086800,0.027805549403086800,0.027805549403086800,0.027805549403086800,0.027805549403086800,0.027805549403086800,0.027805549403086800,0.027805549403086800,0.027805549403086800,0.027805549403086800,0.027805549403086800,0.027805549403086800,0.027805549403086800,0.027805549403086800,0.027805549403086800,0.027805549403086800
2021,3,0,0.017298165503446300,0.063348015377823000,0.147003430132711000,0.300557504024959000,0.465939064424541000,0.574730802329148000,0.636420556251045000,0.667962569420303000,0.722236655965323000,0.750606531325214000,0.766253022419144000,0.778511072422733000,0.764180652225291000,0.761907268116472000,0.736882392229840000,0.728807461018121000,0.719562415501911000,0.716834800034813000,0.710374953172255000,0.715303150029689000,0.719646172531868000,0.719443598930779000,0.723110602716587000,0.727256095323218000,0.737693142673961000,0.743905316011945000,0.753619975124120000,0.768278810471895000,0.779150499689073000,0.784404426794988000,0.783610975070055000,0.780211045976698000,0.779193833299031000,0.783218594345146000,0.778111704042793000,0.776240809847505000,0.772725339587297000,0.775434021327702000,0.772317305208130000,0.761541832809965000,0.754449233564015000,0.738091419076811000,0.726469181263328000,0.702403643589098000,0.684493627375782000,0.656004648357249000,0.629475809407959000,0.594710217130807000,0.560821639154687000,0.520981866573928000,0.480239968384404000,0.433259659495305000,0.394447437218233000,0.359536334865299000,0.327584395363500000,0.295560218713152000,0.261920623578425000,0.238151130216785000,0.208461721964151000,0.189604055759177000,0.164562088169754000,0.150125750724053000,0.129335446261553000,0.121515841374763000,0.105615354785459000,0.095108486815941300,0.081779099408406700,0.068978858496331700,0.061239623479461400,0.047297758977543600,0.046324591843046000,0.045945570428355700,0.027651562049761700,0.027651562049761700,0.027651562049761700,0.027651562049761700,0.027651562049761700,0.027651562049761700,0.027651562049761700,0.027651562049761700,0.027651562049761700,0.027651562049761700,0.027651562049761700,0.027651562049761700,0.027651562049761700,0.027651562049761700,0.027651562049761700,0.027651562049761700,0.027651562049761700,0.027651562049761700,0.027651562049761700
2022,3,0,0.017347621045051900,0.055933963680215000,0.118447278670774000,0.227301443255017000,0.338767458550638000,0.493363143810623000,0.616319001580818000,0.741097892212859000,0.779104825850166000,0.785146685285522000,0.786802773849783000,0.790861626962008000,0.789395390507412000,0.770878088820992000,0.751582903815377000,0.741565660088380000,0.737745171446235000,0.735919123494502000,0.724876461527312000,0.724286681327197000,0.726912940290317000,0.736181770847103000,0.735560221517868000,0.742586829774644000,0.750862882440048000,0.765923731590505000,0.776209947037095000,0.786575186085820000,0.792889211694983000,0.796191876268019000,0.799506318022885000,0.798960148973449000,0.797056508136235000,0.791483367990661000,0.792671056413144000,0.787679783964512000,0.787692152891710000,0.777913360456725000,0.773257587115997000,0.760825736204949000,0.752130371857797000,0.743428779371277000,0.731486597104977000,0.720787704337883000,0.693909630564843000,0.665207417673557000,0.636987911402658000,0.615438505382200000,0.588879541738439000,0.537253075722533000,0.481742571494926000,0.428238809787035000,0.396883646402603000,0.364082377928542000,0.334310435643911000,0.301693442285478000,0.274828314674024000,0.248760142763484000,0.225168587876292000,0.199138907956028000,0.178389536385267000,0.154041675295611000,0.135796059995539000,0.115856902995961000,0.104451343109010000,0.093329727528799500,0.079391422677427300,0.066257713867187700,0.052121963119732200,0.043285410964129400,0.033174198979764200,0.026772306888302800,0.033182883375669300,0.033182883375669300,0.033182883375669300,0.033182883375669300,0.033182883375669300,0.033182883375669300,0.033182883375669300,0.033182883375669300,0.033182883375669300,0.033182883375669300,0.033182883375669300,0.033182883375669300,0.033182883375669300,0.033182883375669300,0.033182883375669300,0.033182883375669300,0.033182883375669300,0.033182883375669300,0.033182883375669300
2023,3,0,0.017348613851264300,0.063913031584913500,0.133901364253290000,0.228184278585686000,0.353163040109237000,0.482842635041910000,0.616960109052484000,0.712212628714508000,0.768491772252625000,0.783727819979021000,0.787647193246293000,0.789063724653871000,0.783755341269030000,0.770661766459777000,0.754717626234274000,0.743672704056925000,0.738451160817732000,0.732887785853785000,0.728401369252021000,0.725399133807451000,0.729167783347172000,0.732925842571135000,0.738150765184067000,0.743044739241205000,0.753166474973619000,0.764374808618527000,0.776279577579329000,0.785268573780835000,0.791929588416387000,0.796240204729710000,0.798263958620275000,0.798552178054951000,0.795877706135691000,0.793781225275319000,0.790655480467943000,0.789391678571253000,0.784472173851115000,0.779664510188630000,0.770708537473519000,0.762113729744055000,0.752170238451774000,0.742389979382338000,0.731941845643330000,0.715434544419284000,0.693340252951917000,0.665405422747752000,0.639246916781189000,0.613802878869356000,0.580556085267675000,0.535988288483941000,0.482438378327602000,0.435645955758029000,0.396423704201413000,0.365112504388517000,0.333380663057176000,0.303627648588696000,0.275109294900638000,0.249599589240011000,0.224368378442112000,0.200910198917391000,0.177199902897353000,0.156084443578330000,0.135239066949196000,0.118708033327332000,0.104551797891116000,0.092395960980773000,0.079664041461950700,0.065927350611097400,0.053891339206928900,0.042862882294134600,0.034412525803191700,0.026773769112248000,0.033184724984975800,0.033184724984975800,0.033184724984975800,0.033184724984975800,0.033184724984975800,0.033184724984975800,0.033184724984975800,0.033184724984975800,0.033184724984975800,0.033184724984975800,0.033184724984975800,0.033184724984975800,0.033184724984975800,0.033184724984975800,0.033184724984975800,0.033184724984975800,0.033184724984975800,0.033184724984975800,0.033184724984975800
2024,3,0,0.017341253693007000,0.063885669451992800,0.133844029691852000,0.228086631761072000,0.353012025446633000,0.482636258210349000,0.616696487279508000,0.711908437385379000,0.768163732750600000,0.783393531766988000,0.787311457429153000,0.788727603063555000,0.783421620448527000,0.770333682774977000,0.754396322533468000,0.743356101844363000,0.738136789521936000,0.732575784416527000,0.728091274692658000,0.725090310380863000,0.728857358501956000,0.732613820800239000,0.737836520518429000,0.742728408434399000,0.752845836493570000,0.764049401475518000,0.775949106310323000,0.784934277351435000,0.791592456421483000,0.795901236274513000,0.797924123907332000,0.798212213385638000,0.795538873922958000,0.793443285795800000,0.790318875877029000,0.789055618938715000,0.784138210110737000,0.779332596512566000,0.770380435404777000,0.761789287678987000,0.751850028570066000,0.742073932432638000,0.731630251326901000,0.715129979696109000,0.693045094460546000,0.665122148339716000,0.638974772850027000,0.613541573049830000,0.580308938631055000,0.535760114719788000,0.482232988102087000,0.435460482203603000,0.396254928216777000,0.364957062253547000,0.333238725776857000,0.303498376644724000,0.274992164487548000,0.249493320300302000,0.224272849187154000,0.200824653500719000,0.177124448279519000,0.156017978898542000,0.135181473336495000,0.118657476131260000,0.104507265314093000,0.092356604352705900,0.079630105186179600,0.065899258853410200,0.053868368344243200,0.042844602761983300,0.034397843841158500,0.026762340398704700,0.033170588922215400,0.033170588922215400,0.033170588922215400,0.033170588922215400,0.033170588922215400,0.033170588922215400,0.033170588922215400,0.033170588922215400,0.033170588922215400,0.033170588922215400,0.033170588922215400,0.033170588922215400,0.033170588922215400,0.033170588922215400,0.033170588922215400,0.033170588922215400,0.033170588922215400,0.033170588922215400,0.033170588922215400
2025,3,0,0.017340254598072600,0.063881741775468200,0.133835791624088000,0.228072651351314000,0.352990502099573000,0.482606921208171000,0.616659081047758000,0.711865387017545000,0.768117469584105000,0.783346606333012000,0.787264521447322000,0.788680800670838000,0.783375272430345000,0.770288170977364000,0.754351744620686000,0.743312175673759000,0.738093179729056000,0.732532504607421000,0.728048256766212000,0.725047462784278000,0.728814291304548000,0.732570534611897000,0.737792927212383000,0.742684523418650000,0.752801355053761000,0.764004261035210000,0.775903266762277000,0.784887908560334000,0.791545694401511000,0.795854218330820000,0.797876981738778000,0.798165046940479000,0.795491859309587000,0.793396395217106000,0.790272174096629000,0.789008998728576000,0.784091882000312000,0.779286555681598000,0.770334922372171000,0.761744283266089000,0.751805610446651000,0.742030091198271000,0.731587031798396000,0.715087737171183000,0.693004157044549000,0.665082852385323000,0.638937016059926000,0.613505325025249000,0.580274659474375000,0.535728467146882000,0.482204489386787000,0.435434743186772000,0.396231505485851000,0.364935492764874000,0.333219026303361000,0.303480433227106000,0.274975906022530000,0.249478569885253000,0.224259587147120000,0.200812774091402000,0.177113966020139000,0.156008744354208000,0.135173466665582000,0.118650444585925000,0.104501067843569000,0.092351125755394800,0.079625378638289300,0.065895340110323600,0.053865157356263400,0.042842039396010400,0.034395779626133600,0.026760728595144300,0.033168620416678500,0.033168620416678500,0.033168620416678500,0.033168620416678500,0.033168620416678500,0.033168620416678500,0.033168620416678500,0.033168620416678500,0.033168620416678500,0.033168620416678500,0.033168620416678500,0.033168620416678500,0.033168620416678500,0.033168620416678500,0.033168620416678500,0.033168620416678500,0.033168620416678500,0.033168620416678500,0.033168620416678500
2026,3,0,0.017357773542610200,0.063944200457891800,0.133967322955898000,0.228298267459044000,0.353341679223647000,0.483088406335322000,0.617275355628671000,0.712577390911586000,0.768886033164368000,0.784130469932157000,0.788052257282478000,0.789469881326957000,0.784158967547997000,0.771058679510571000,0.755106248598203000,0.744055622414721000,0.738831449787005000,0.733265211968748000,0.728776448137239000,0.725772596092282000,0.729543203911841000,0.733303215824186000,0.738530838917011000,0.743427312039891000,0.753554280302177000,0.764768420177056000,0.776679363070551000,0.785673018196427000,0.792337487089012000,0.796650341156469000,0.798675125387473000,0.798963458838088000,0.796287568015005000,0.794190004734471000,0.791062665394855000,0.789798252031345000,0.784876205712689000,0.780066081534434000,0.771105480119566000,0.762506256410714000,0.752557637063412000,0.742772336122024000,0.732318866844605000,0.715803089930163000,0.693697431919748000,0.665748151494923000,0.639576133168321000,0.614119051474270000,0.580855185759028000,0.536264430972120000,0.482686820451817000,0.435870265324969000,0.396627813201974000,0.365300524791216000,0.333552307877430000,0.303783962604115000,0.275250929985301000,0.249728100042148000,0.224483878148377000,0.201013589797202000,0.177291051838676000,0.156164720598590000,0.135308578595752000,0.118769021429157000,0.104605480239642000,0.092443393742977100,0.079704920478727000,0.065961128119821300,0.053918895864231300,0.042884732801722800,0.034430031342098800,0.026787358189542500,0.033201815543767400,0.033201815543767400,0.033201815543767400,0.033201815543767400,0.033201815543767400,0.033201815543767400,0.033201815543767400,0.033201815543767400,0.033201815543767400,0.033201815543767400,0.033201815543767400,0.033201815543767400,0.033201815543767400,0.033201815543767400,0.033201815543767400,0.033201815543767400,0.033201815543767400,0.033201815543767400,0.033201815543767400
2027,3,0,0.017354071146238000,0.063928480309895000,0.133935065013741000,0.228244765869766000,0.353260862029623000,0.482979270323920000,0.617136953704778000,0.712418203166876000,0.768714562828987000,0.783955661938552000,0.787876526740858000,0.789293762372944000,0.783983956075000000,0.770886497687387000,0.754937565486935000,0.743889392465141000,0.738666430222185000,0.733101434946113000,0.728613643027875000,0.725610405361186000,0.729380182573251000,0.733139366138199000,0.738365828477206000,0.743261192113869000,0.753385915863993000,0.764597579334053000,0.776505897195317000,0.785497570096857000,0.792160574131507000,0.796472485491430000,0.798496815057992000,0.798785064227442000,0.796109741712244000,0.794012643705753000,0.790886009613290000,0.789621904136616000,0.784700945874381000,0.779891904664108000,0.770933290294459000,0.762335995333754000,0.752389592559389000,0.742606473355280000,0.732155374559503000,0.715643307435783000,0.693542597757042000,0.665599512102923000,0.639433309458733000,0.613981960774235000,0.580725563070490000,0.536144762132040000,0.482579022347863000,0.435772895830541000,0.396539206802850000,0.365218943225254000,0.333477790962926000,0.303716088036355000,0.275189434273285000,0.249672314546645000,0.224433716876656000,0.200968647805045000,0.177251382930683000,0.156129771006369000,0.135278263228271000,0.118742392103105000,0.104582002693173000,0.092422641067734000,0.079687015617452100,0.065946272465649100,0.053906713435571400,0.042874995537928100,0.034422189046494600,0.026781237657273500,0.033194418402440700,0.033194418402440700,0.033194418402440700,0.033194418402440700,0.033194418402440700,0.033194418402440700,0.033194418402440700,0.033194418402440700,0.033194418402440700,0.033194418402440700,0.033194418402440700,0.033194418402440700,0.033194418402440700,0.033194418402440700,0.033194418402440700,0.033194418402440700,0.033194418402440700,0.033194418402440700,0.033194418402440700
2028,3,0,0.017349838247331900,0.063910806861841800,0.133898714448802000,0.228184289185693000,0.353169248375478000,0.482855372740484000,0.616979689391220000,0.712237240556831000,0.768519596809985000,0.783756892390295000,0.787676714825671000,0.789093518760743000,0.783784982272682000,0.770690753899392000,0.754745807915285000,0.743700425746629000,0.738478833507020000,0.732915250866104000,0.728428568043369000,0.725426036573991000,0.729194867950998000,0.732953108264826000,0.738178250101401000,0.743072354633556000,0.753194524403988000,0.764403368774667000,0.776308697612870000,0.785298113449762000,0.791959448962644000,0.796270285813157000,0.798294098843270000,0.798582254930384000,0.795907582507043000,0.793811013873333000,0.790685180589706000,0.789421421625279000,0.784501701832459000,0.779693890573340000,0.770737537073216000,0.762142433631077000,0.752198551441406000,0.742417912994861000,0.731969504099572000,0.715461651444095000,0.693366565594539000,0.665430528806224000,0.639270941621401000,0.613826103838868000,0.580578190602318000,0.536008706115650000,0.482456474334592000,0.435662207056859000,0.396438480292950000,0.365126198831635000,0.333393081393020000,0.303638930474986000,0.275119527474814000,0.249608897884511000,0.224376695856040000,0.200917563278276000,0.177206296411818000,0.156090049379614000,0.135243813158247000,0.118712133492882000,0.104555328676551000,0.092399063566252500,0.079666675189859000,0.065929401236828400,0.053892883425816800,0.042863947883515100,0.034413294715124100,0.026774298626213800,0.033186006673728800,0.033186006673728800,0.033186006673728800,0.033186006673728800,0.033186006673728800,0.033186006673728800,0.033186006673728800,0.033186006673728800,0.033186006673728800,0.033186006673728800,0.033186006673728800,0.033186006673728800,0.033186006673728800,0.033186006673728800,0.033186006673728800,0.033186006673728800,0.033186006673728800,0.033186006673728800,0.033186006673728800
2029,3,0,0.017342442842822000,0.063881485230653100,0.133837959470749000,0.228082222590900000,0.353013263148802000,0.482643465000525000,0.616709967349319000,0.711926457104693000,0.768184551057582000,0.783415265732170000,0.787333331358208000,0.788749445400764000,0.783443146372579000,0.770354534788568000,0.754416481380128000,0.743375903337909000,0.738156632822210000,0.732595476901913000,0.728110720991609000,0.725109443034663000,0.728876641616655000,0.732633253649931000,0.737856122582747000,0.742748075963087000,0.752865846754668000,0.764069828949195000,0.775969998733299000,0.784955518969503000,0.791613971770213000,0.795922948352931000,0.797945875963893000,0.798233886459225000,0.795560351665144000,0.793464694552005000,0.790340231824389000,0.789077049702934000,0.784159465113968000,0.779353760129314000,0.770401300000241000,0.761809954717425000,0.751870405606813000,0.742094030656342000,0.731650216089393000,0.715149586806446000,0.693064152092877000,0.665140256157990000,0.638992052611271000,0.613558363579077000,0.580324994945600000,0.535774950680864000,0.482245988036388000,0.435472109298861000,0.396265494184708000,0.364966902171321000,0.333247603630974000,0.303506428072627000,0.274999474118283000,0.249499984529806000,0.224278777274734000,0.200829857147740000,0.177128910204815000,0.156021876963562000,0.135184711998951000,0.118660237060142000,0.104509597233514000,0.092358644378723100,0.079631813831573300,0.065900513010624400,0.053869230349142400,0.042845087440618200,0.034398127907799500,0.026762479483949100,0.033171546054766400,0.033171546054766400,0.033171546054766400,0.033171546054766400,0.033171546054766400,0.033171546054766400,0.033171546054766400,0.033171546054766400,0.033171546054766400,0.033171546054766400,0.033171546054766400,0.033171546054766400,0.033171546054766400,0.033171546054766400,0.033171546054766400,0.033171546054766400,0.033171546054766400,0.033171546054766400,0.033171546054766400
2030,3,0,0.017337883420425700,0.063862611470702600,0.133799093338509000,0.228017457230048000,0.352915009374174000,0.482510487377100000,0.616541099549606000,0.711732098811470000,0.767975130448164000,0.783201754930859000,0.787118704521870000,0.788534360306056000,0.783229431024553000,0.770144295845605000,0.754210528622108000,0.743172949191963000,0.737955146834980000,0.732395508190239000,0.727911945797396000,0.724911430576814000,0.728677612425933000,0.732433210509598000,0.737654660657596000,0.742545262904309000,0.752660289318183000,0.763861241564128000,0.775758198368151000,0.784741292435520000,0.791397951400112000,0.795705772370820000,0.797728145384459000,0.798016057401600000,0.795343223039576000,0.793248134735224000,0.790124531598888000,0.788861719727935000,0.783945466151722000,0.779141081532989000,0.770191050741204000,0.761602058623543000,0.751665217128193000,0.741891506893613000,0.731450578697637000,0.714954474336725000,0.692875079002449000,0.664958757410015000,0.638817661366576000,0.613390961745223000,0.580166702858012000,0.535628813312323000,0.482114365993294000,0.435353226632973000,0.396157311502586000,0.364867290492009000,0.333156623641761000,0.303423559714238000,0.274924392907157000,0.249431873246109000,0.224217536215407000,0.200774993827752000,0.177080490883385000,0.155979219686691000,0.135147718382492000,0.118627745840158000,0.104480956881550000,0.092333329166216700,0.079609975159896400,0.065882401932170900,0.053854386891611000,0.042833233793203300,0.034388586514997000,0.026755037047663000,0.033162510143158800,0.033162510143158800,0.033162510143158800,0.033162510143158800,0.033162510143158800,0.033162510143158800,0.033162510143158800,0.033162510143158800,0.033162510143158800,0.033162510143158800,0.033162510143158800,0.033162510143158800,0.033162510143158800,0.033162510143158800,0.033162510143158800,0.033162510143158800,0.033162510143158800,0.033162510143158800,0.033162510143158800
2031,3,0,0.017360034538200500,0.063937413558695900,0.133958020411623000,0.228293094990922000,0.353348116811672000,0.483107066625765000,0.617306816997714000,0.712617939247855000,0.768931940226190000,0.784177737737165000,0.788099410960618000,0.789516594689955000,0.784204805104728000,0.771103067587065000,0.755149256636290000,0.744097888915580000,0.738873733695080000,0.733307172313131000,0.728817928853906000,0.725813494189401000,0.729584401819629000,0.733344712162438000,0.738572684173123000,0.743469322397533000,0.753596996395941000,0.764811983620164000,0.776723864627441000,0.785718227168718000,0.792383249383481000,0.796696499758380000,0.798721382256539000,0.799009587787030000,0.796333330558211000,0.794235623833415000,0.791108154542029000,0.789843853888481000,0.784921443842418000,0.780111106969595000,0.771149888679726000,0.762550231622391000,0.752601003156507000,0.742815114370130000,0.732361305998872000,0.715844736109858000,0.693737892781653000,0.665786665858207000,0.639612932536279000,0.614154736177837000,0.580889246103548000,0.536295898739730000,0.482714525029181000,0.435895087396261000,0.396650376399129000,0.365321497172188000,0.333571271654244000,0.303801175671659000,0.275266553253408000,0.249742332634821000,0.224496563376508000,0.201024765750371000,0.177300685659256000,0.156173150464282000,0.135315640226450000,0.118775077621724000,0.104610641015569000,0.092447919808525100,0.079708736754685000,0.065964008926380300,0.053920968115301200,0.042886033078206200,0.034430895640504300,0.026787892283368000,0.033203850492163900,0.033203850492163900,0.033203850492163900,0.033203850492163900,0.033203850492163900,0.033203850492163900,0.033203850492163900,0.033203850492163900,0.033203850492163900,0.033203850492163900,0.033203850492163900,0.033203850492163900,0.033203850492163900,0.033203850492163900,0.033203850492163900,0.033203850492163900,0.033203850492163900,0.033203850492163900,0.033203850492163900
2032,3,0,0.017352622793588200,0.063903329167828600,0.133888816623027000,0.228179953083381000,0.353179483289554000,0.482880933180107000,0.617021287659961000,0.712290223796376000,0.768579294759739000,0.783818302588472000,0.787738020884877000,0.789154318961336000,0.783844714589312000,0.770748686126583000,0.754801999881694000,0.743755663803222000,0.738534052337581000,0.732970047816275000,0.728482768182270000,0.725479530332198000,0.729248742092133000,0.733007361089086000,0.738232951983900000,0.743127287390875000,0.753250362055735000,0.764460285725678000,0.776366805644776000,0.785357119744901000,0.792019155047016000,0.796330489614752000,0.798354433308313000,0.798642441496219000,0.795967318863083000,0.793870566007649000,0.790744556517257000,0.789480920197961000,0.784560736290219000,0.779752638971141000,0.770795493688914000,0.762199816537475000,0.752255144167504000,0.742473741740313000,0.732024855650755000,0.715515947255762000,0.693419302908441000,0.665480770184336000,0.639318972173362000,0.613872633353864000,0.580622561809108000,0.536049697045262000,0.482492643309299000,0.435694638689929000,0.396467963771270000,0.365153578055289000,0.333417862980310000,0.303661432038315000,0.275139947183907000,0.249627492216283000,0.224393283083071000,0.200932201554315000,0.177218945270805000,0.156101125306859000,0.135253125455984000,0.118720140588979000,0.104562177691449000,0.092405075574724800,0.079671757727533800,0.065933281885509300,0.053895724006774400,0.042865798967719900,0.034414570101623100,0.026775128581159900,0.033188646251898000,0.033188646251898000,0.033188646251898000,0.033188646251898000,0.033188646251898000,0.033188646251898000,0.033188646251898000,0.033188646251898000,0.033188646251898000,0.033188646251898000,0.033188646251898000,0.033188646251898000,0.033188646251898000,0.033188646251898000,0.033188646251898000,0.033188646251898000,0.033188646251898000,0.033188646251898000,0.033188646251898000
2033,3,0,0.017346040367008900,0.063872304323577700,0.133826021346868000,0.228077729011928000,0.353027743285532000,0.482677893649101000,0.616765264777923000,0.711996569106364000,0.768263400942299000,0.783496347619044000,0.787414298546203000,0.788829778883912000,0.783522106034653000,0.770431160647312000,0.754490836730221000,0.743449004113855000,0.738229686598676000,0.732667972877264000,0.728182442573981000,0.725180258076623000,0.728947954174037000,0.732705061526657000,0.737928521167705000,0.742820787838899000,0.752939747195155000,0.764145143278542000,0.776046871368975000,0.785033566861842000,0.791692933757847000,0.796002558626006000,0.798025660303376000,0.798313484973125000,0.795639369092444000,0.793543469851190000,0.790418770662834000,0.789155738185531000,0.784237545169814000,0.779431457465633000,0.770477956911135000,0.761885848611587000,0.751945256812232000,0.742167873021940000,0.731723409469777000,0.715221373081816000,0.693133871057252000,0.665206696678335000,0.639055583038018000,0.613619884826807000,0.580383641740616000,0.535829128182223000,0.482293833653201000,0.435515024308789000,0.396304509711068000,0.365003120024733000,0.333280397906616000,0.303536209113224000,0.275026497951323000,0.249524588641012000,0.224300733007074000,0.200849245761212000,0.177145679418862000,0.156036564860815000,0.135197078539259000,0.118670880848126000,0.104518714676854000,0.092366650293389700,0.079638588757237000,0.065905708001584300,0.053873057480001200,0.042847615054968800,0.034399890617726900,0.026763645588196700,0.033175028995364700,0.033175028995364700,0.033175028995364700,0.033175028995364700,0.033175028995364700,0.033175028995364700,0.033175028995364700,0.033175028995364700,0.033175028995364700,0.033175028995364700,0.033175028995364700,0.033175028995364700,0.033175028995364700,0.033175028995364700,0.033175028995364700,0.033175028995364700,0.033175028995364700,0.033175028995364700,0.033175028995364700
2034,3,0,0.017336867620744800,0.063831747459473800,0.133743252462848000,0.227941459857608000,0.352823301064367000,0.482402792885741000,0.616417159029067000,0.711596611820283000,0.767832802893193000,0.783057413905632000,0.786973012642685000,0.788387464119836000,0.783082515473996000,0.769998607954951000,0.754067026482337000,0.743031345943031000,0.737815101505180000,0.732256508962085000,0.727773397780107000,0.724772715035814000,0.728538332910942000,0.732293367640703000,0.737513916133421000,0.742403383689340000,0.752516716902138000,0.763715912324297000,0.775611071526708000,0.784592806599879000,0.791248510761214000,0.795555782432156000,0.797577740046879000,0.797865338284481000,0.795192628494725000,0.793097895799667000,0.789974973417984000,0.788712733280811000,0.783797265487859000,0.778993904932771000,0.770045385926220000,0.761458129275711000,0.751523102215918000,0.741751196859285000,0.731312715120784000,0.714820014468981000,0.692744952448428000,0.664833306146168000,0.638696781385194000,0.613275521249749000,0.580058068754166000,0.535528558506988000,0.482023016409058000,0.435270386604005000,0.396081886550647000,0.364798166179541000,0.333093173370259000,0.303365667619017000,0.274871986696099000,0.249384430507041000,0.224174694392661000,0.200736302857247000,0.177045965527098000,0.155948708011200000,0.135120846672391000,0.118603903579661000,0.104459647119507000,0.092314434774873200,0.079593529870162400,0.065868294611609500,0.053842347997663300,0.042823034367308400,0.034380075603677700,0.026748167129957300,0.033156458577346800,0.033156458577346800,0.033156458577346800,0.033156458577346800,0.033156458577346800,0.033156458577346800,0.033156458577346800,0.033156458577346800,0.033156458577346800,0.033156458577346800,0.033156458577346800,0.033156458577346800,0.033156458577346800,0.033156458577346800,0.033156458577346800,0.033156458577346800,0.033156458577346800,0.033156458577346800,0.033156458577346800
2035,3,0,0.017333022926025000,0.063810812773615700,0.133701595224456000,0.227875254553400000,0.352727303571367000,0.482275961433722000,0.616258510122149000,0.711415363514877000,0.767638197273488000,0.782859151734558000,0.786773601853089000,0.788187459376371000,0.782883604652983000,0.769802713904793000,0.753874978469515000,0.742842058232516000,0.737627283555004000,0.732070103760966000,0.727588033893095000,0.724587930781712000,0.728352627767233000,0.732106743954346000,0.737325985815237000,0.742214157070343000,0.752324972425648000,0.763521409185067000,0.775413655384962000,0.784393190505804000,0.791047277502271000,0.795353519763675000,0.797374954769457000,0.797662415016753000,0.794990289933597000,0.792896079977455000,0.789773974557123000,0.788512138748792000,0.783597885439398000,0.778795775701588000,0.769849487954698000,0.761264443643912000,0.751331927810923000,0.741562497506558000,0.731126789231694000,0.714638355240556000,0.692568948436635000,0.664664251695824000,0.638534282838082000,0.613119647450110000,0.579910776081776000,0.535392583034324000,0.481900348697680000,0.435159529100445000,0.395980999027765000,0.364705332866274000,0.333008324914940000,0.303288365486023000,0.274801957267386000,0.249320920586936000,0.224117555825499000,0.200685056277256000,0.177000666806808000,0.155908782098619000,0.135086144367461000,0.118573379417848000,0.104432685466456000,0.092290592314377600,0.079572934270161200,0.065851126113915000,0.053828187278473500,0.042811615708975500,0.034370827663201900,0.026740910045506800,0.033148078736723600,0.033148078736723600,0.033148078736723600,0.033148078736723600,0.033148078736723600,0.033148078736723600,0.033148078736723600,0.033148078736723600,0.033148078736723600,0.033148078736723600,0.033148078736723600,0.033148078736723600,0.033148078736723600,0.033148078736723600,0.033148078736723600,0.033148078736723600,0.033148078736723600,0.033148078736723600,0.033148078736723600
2036,3,0,0.017348865609231200,0.063856764881390200,0.133801904430054000,0.228054963619373000,0.353017300869761000,0.482680539746379000,0.616781722102089000,0.712022827532000000,0.768295432687371000,0.783529787845226000,0.787447304319716000,0.788861942614008000,0.783553089465203000,0.770460452854886000,0.754518730401056000,0.743476297091387000,0.738257327227031000,0.732695396676900000,0.728209316116995000,0.725206314251824000,0.728974295628029000,0.732731686534793000,0.737955427122641000,0.742847679357495000,0.752967234136785000,0.764173402596959000,0.776076016479490000,0.785063379213978000,0.791723290523615000,0.796033333326823000,0.798056480521000000,0.798344068073723000,0.795669486013538000,0.793573468134609000,0.790448736107034000,0.789185974010110000,0.784267456039257000,0.779461295824250000,0.770507281432768000,0.761914952343243000,0.751973920119201000,0.742196122486782000,0.731751712723670000,0.715249319777544000,0.693161127742220000,0.665232312213922000,0.639079846700721000,0.613643783614439000,0.580406775611060000,0.535850524142609000,0.482312028955774000,0.435531119418371000,0.396319114399680000,0.365016899577225000,0.333292660781765000,0.303547277565319000,0.275036573046327000,0.249533829079341000,0.224308852880481000,0.200856202548467000,0.177151432062497000,0.156041535933047000,0.135200969613770000,0.118674052111159000,0.104521210457492000,0.092368796358891500,0.079640291291870500,0.065906640770043100,0.053873334832828400,0.042847238466491000,0.034399279934637900,0.026762932980481000,0.033176502475280000,0.033176502475280000,0.033176502475280000,0.033176502475280000,0.033176502475280000,0.033176502475280000,0.033176502475280000,0.033176502475280000,0.033176502475280000,0.033176502475280000,0.033176502475280000,0.033176502475280000,0.033176502475280000,0.033176502475280000,0.033176502475280000,0.033176502475280000,0.033176502475280000,0.033176502475280000,0.033176502475280000
2037,3,0,0.017345330059213400,0.063831381861236300,0.133752744843294000,0.227979920932551000,0.352912964007475000,0.482545950705195000,0.616615976467189000,0.711834950156396000,0.768094470519826000,0.783325209631743000,0.787241416334959000,0.788655254923085000,0.783347333093389000,0.770257574905878000,0.754319672329496000,0.743280060464167000,0.738062725272246000,0.732502256731398000,0.728017176376175000,0.725014629921369000,0.728781686839626000,0.732538155446689000,0.737760559785873000,0.742651428207071000,0.752768418773805000,0.763971801578872000,0.775871487876694000,0.784856639304142000,0.791514935795869000,0.795823964838701000,0.797846564322214000,0.798133957856444000,0.795459906247708000,0.793364421718989000,0.790240553489923000,0.788978275738007000,0.784060987123855000,0.779256145028335000,0.770304405713782000,0.761714389653157000,0.751775945312147000,0.742000702296951000,0.731559257774300000,0.715061339407057000,0.692979035061968000,0.665057297492882000,0.638911547933993000,0.613482469850720000,0.580254451661386000,0.535709911817084000,0.482184958758632000,0.435416214211614000,0.396214534696555000,0.364920736421402000,0.333204703169184000,0.303467122222184000,0.274963968355710000,0.249468004129038000,0.224249593148163000,0.200802988933683000,0.177104315945171000,0.155999988500039000,0.135164772747989000,0.118642163497985000,0.104492983050641000,0.092343822488383400,0.079618688360104600,0.065888536100662800,0.053858304393810900,0.042834999480784700,0.034389306999863500,0.026755060697159800,0.033167867590939500,0.033167867590939500,0.033167867590939500,0.033167867590939500,0.033167867590939500,0.033167867590939500,0.033167867590939500,0.033167867590939500,0.033167867590939500,0.033167867590939500,0.033167867590939500,0.033167867590939500,0.033167867590939500,0.033167867590939500,0.033167867590939500,0.033167867590939500,0.033167867590939500,0.033167867590939500,0.033167867590939500
2038,3,0,0.017340119171769800,0.063799839781956600,0.133690677488145000,0.227882872701140000,0.352774556593975000,0.482364772151624000,0.616390693797406000,0.711578340181557000,0.767819342617012000,0.783044994845936000,0.786959513780194000,0.788372416361281000,0.783065938604104000,0.769980323036891000,0.754047779447884000,0.743012055024477000,0.737796858144983000,0.732238388518020000,0.727754741525622000,0.724752940567788000,0.728518709257448000,0.732273892816858000,0.737494456626799000,0.742383469033949000,0.752496918469108000,0.763696433768434000,0.775592043376881000,0.784574115837876000,0.791230154535148000,0.795537753688697000,0.797559610172542000,0.797846781998013000,0.795173519127334000,0.793078770292324000,0.789956067473088000,0.788694395871626000,0.783778811447005000,0.778975751386600000,0.770027151545624000,0.761440277916393000,0.751505381101865000,0.741733636584177000,0.731296165390279000,0.714804314529700000,0.692730030044459000,0.664818066618890000,0.638681557660854000,0.613261919796528000,0.580046099705929000,0.535517572592687000,0.482011330162785000,0.435259266542838000,0.396071697735996000,0.364789337562135000,0.333084572339424000,0.303357665054903000,0.274864814004084000,0.249378091304367000,0.224168680599649000,0.200730386506590000,0.177040099366050000,0.155943378375097000,0.135115525049687000,0.118598819451286000,0.104454666448651000,0.092309932484738200,0.079589397988895200,0.065864069796540300,0.053838073973219000,0.042818624949487200,0.034376013991030300,0.026744605435971500,0.033156030058931700,0.033156030058931700,0.033156030058931700,0.033156030058931700,0.033156030058931700,0.033156030058931700,0.033156030058931700,0.033156030058931700,0.033156030058931700,0.033156030058931700,0.033156030058931700,0.033156030058931700,0.033156030058931700,0.033156030058931700,0.033156030058931700,0.033156030058931700,0.033156030058931700,0.033156030058931700,0.033156030058931700
2039,3,0,0.017335070308879500,0.063768901159371500,0.133629872276012000,0.227787970684697000,0.352639464636601000,0.482188122198006000,0.616171194318250000,0.711328404432676000,0.767551415407558000,0.782772123323150000,0.786684991367874000,0.788096971446459000,0.782791888267606000,0.769710292925482000,0.753782959113759000,0.742751018677633000,0.737537911042424000,0.731981388197164000,0.727499132621930000,0.724498049205116000,0.728262564945808000,0.732016498638285000,0.737235270860180000,0.742122473164586000,0.752232476264250000,0.763428229002015000,0.775319873369516000,0.784298951016382000,0.790952794265003000,0.795259003859193000,0.797280136315514000,0.797567089195631000,0.794894590092915000,0.792800557315647000,0.789678990593705000,0.788417913219475000,0.783503986919322000,0.778702663814341000,0.769757119565641000,0.761173307800396000,0.751241865349131000,0.741473527690212000,0.731039931803308000,0.714553993693515000,0.692487521987944000,0.664585071078954000,0.638457557684524000,0.613047121454778000,0.579843187786207000,0.535330255776875000,0.481842222461390000,0.435106401364833000,0.395932575720185000,0.364661360142850000,0.332967565673645000,0.303251053256534000,0.274768237757212000,0.249290517502702000,0.224089870676976000,0.200659666950741000,0.176977543548973000,0.155888231137052000,0.135067544971964000,0.118556588138385000,0.104417329959151000,0.092276908654671500,0.079560854472123000,0.065840221684860400,0.053818349007338500,0.042802652586106000,0.034363043941067100,0.026734401504411100,0.033144503442311900,0.033144503442311900,0.033144503442311900,0.033144503442311900,0.033144503442311900,0.033144503442311900,0.033144503442311900,0.033144503442311900,0.033144503442311900,0.033144503442311900,0.033144503442311900,0.033144503442311900,0.033144503442311900,0.033144503442311900,0.033144503442311900,0.033144503442311900,0.033144503442311900,0.033144503442311900,0.033144503442311900
2040,3,0,0.017333887395177100,0.063752188286436600,0.133598876152147000,0.227743878651871000,0.352583027567057000,0.482119019565834000,0.616089123527057000,0.711237119662070000,0.767454678229872000,0.782673836434374000,0.786585926394456000,0.787997299044451000,0.782692427394542000,0.769611934833765000,0.753686258588753000,0.742655641666589000,0.737443460478764000,0.731887645119331000,0.727405781328294000,0.724404746227593000,0.728168848612203000,0.731922369670698000,0.737140514257161000,0.742026996508332000,0.752135808116794000,0.763330295273774000,0.775220626574109000,0.784198711995962000,0.790851843783231000,0.795157624208216000,0.797178483424844000,0.797465281402531000,0.794792950070495000,0.792699166315903000,0.789578039459171000,0.788317274993737000,0.783403910866155000,0.778603253836579000,0.769658770044077000,0.761076105637736000,0.751145902505243000,0.741378793035123000,0.730946745325166000,0.714463042985296000,0.692399462447260000,0.664500300942422000,0.638375955833631000,0.612969053729047000,0.579769600771303000,0.535262335949862000,0.481780582266875000,0.435050580044121000,0.395881760443456000,0.364614714837360000,0.332924822362419000,0.303212077013437000,0.274732944397008000,0.249258544151688000,0.224061040616700000,0.200633701557918000,0.176954460014145000,0.155867852531507000,0.135049689842830000,0.118540799275257000,0.104403282399318000,0.092264466001136500,0.079550056005027700,0.065831058489581400,0.053810627698330100,0.042796227038486300,0.034357738367286700,0.026730160565609400,0.033140369160079100,0.033140369160079100,0.033140369160079100,0.033140369160079100,0.033140369160079100,0.033140369160079100,0.033140369160079100,0.033140369160079100,0.033140369160079100,0.033140369160079100,0.033140369160079100,0.033140369160079100,0.033140369160079100,0.033140369160079100,0.033140369160079100,0.033140369160079100,0.033140369160079100,0.033140369160079100,0.033140369160079100
女性無配偶,,,,,,,,,,,,,,,,,,,,,,,,,,,,,,,,,,,,,,,,,,,,,,,,,,,,,,,,,,,,,,,,,,,,,,,,,,,,,,,,,,,,,,,,,,,,,
年度,性,合計,15.000000000000000000,16.000000000000000000,17.000000000000000000,18.000000000000000000,19.000000000000000000,20.000000000000000000,21.000000000000000000,22.000000000000000000,23.000000000000000000,24.000000000000000000,25.000000000000000000,26.000000000000000000,27.000000000000000000,28.000000000000000000,29.000000000000000000,30.000000000000000000,31.000000000000000000,32.000000000000000000,33.000000000000000000,34.000000000000000000,35.000000000000000000,36.000000000000000000,37.000000000000000000,38.000000000000000000,39.000000000000000000,40.000000000000000000,41.000000000000000000,42.000000000000000000,43.000000000000000000,44.000000000000000000,45.000000000000000000,46.000000000000000000,47.000000000000000000,48.000000000000000000,49.000000000000000000,50.000000000000000000,51.000000000000000000,52.000000000000000000,53.000000000000000000,54.000000000000000000,55.000000000000000000,56.000000000000000000,57.000000000000000000,58.000000000000000000,59.000000000000000000,60.000000000000000000,61.000000000000000000,62.000000000000000000,63.000000000000000000,64.000000000000000000,65.000000000000000000,66.000000000000000000,67.000000000000000000,68.000000000000000000,69.000000000000000000,70.000000000000000000,71.000000000000000000,72.000000000000000000,73.000000000000000000,74.000000000000000000,75.000000000000000000,76.000000000000000000,77.000000000000000000,78.000000000000000000,79.000000000000000000,80.000000000000000000,81.000000000000000000,82.000000000000000000,83.000000000000000000,84.000000000000000000,85.000000000000000000,86.000000000000000000,87.000000000000000000,88.000000000000000000,89.000000000000000000,90.000000000000000000,91.000000000000000000,92.000000000000000000,93.000000000000000000,94.000000000000000000,95.000000000000000000,96.000000000000000000,97.000000000000000000,98.000000000000000000,99.000000000000000000,100.000000000000000000,101.000000000000000000,102.000000000000000000,103.000000000000000000,104.000000000000000000,105.000000000000000000
2020,4,0,0.016047027243439300,0.069830820321079300,0.154475240043952000,0.297935957935026000,0.463366006737091000,0.598576543573433000,0.677073974406964000,0.767270758574043000,0.844197845753084000,0.904080080168398000,0.921681656909617000,0.926665251750773000,0.926815481010628000,0.924807752273778000,0.917540600928389000,0.907271823723739000,0.904530598084864000,0.902484015542563000,0.899426426235326000,0.889541601732413000,0.890131272489798000,0.889058053959076000,0.882287903402991000,0.874423274229425000,0.875908411665037000,0.884174305041433000,0.883839720432917000,0.879998270291994000,0.883105935476235000,0.887164330156798000,0.880304256532067000,0.868242170064791000,0.864704898485876000,0.873811559405084000,0.864246738759377000,0.863588076533960000,0.852902597485593000,0.860462193686307000,0.854547186521260000,0.844208490070978000,0.833626813042809000,0.827985047884967000,0.817890183916714000,0.796649980424659000,0.770102984135580000,0.751154237385729000,0.728679978203685000,0.693802174965752000,0.666412718274811000,0.622356013573974000,0.573680374561357000,0.500189189033252000,0.452713414761423000,0.413754468269695000,0.384062494804807000,0.337923137520337000,0.303007790203443000,0.269309779076037000,0.241532423148090000,0.210166746035444000,0.182668119384281000,0.162609691153061000,0.136712974608109000,0.114980477311986000,0.092744466171311300,0.075531488392723700,0.062233418416814300,0.053373769133128400,0.045129400808166000,0.036401994369842400,0.030959026788620900,0.029901217665957800,0.013299050402399600,0.013299050402399600,0.013299050402399600,0.013299050402399600,0.013299050402399600,0.013299050402399600,0.013299050402399600,0.013299050402399600,0.013299050402399600,0.013299050402399600,0.013299050402399600,0.013299050402399600,0.013299050402399600,0.013299050402399600,0.013299050402399600,0.013299050402399600,0.013299050402399600,0.013299050402399600,0.013299050402399600
2021,4,0,0.017532485987416200,0.064206125887802000,0.148994734637635000,0.304628847878727000,0.469777839753494000,0.603798903959140000,0.686154024111817000,0.777879618242865000,0.857996610258453000,0.903847931570394000,0.920426627878348000,0.925024770818608000,0.931748251966575000,0.924544851451375000,0.921826408899236000,0.905914590431604000,0.906655033935043000,0.906901609293080000,0.909339622856356000,0.898117002827513000,0.882361848652405000,0.880424535633563000,0.881904543637863000,0.878088837354147000,0.875897197131918000,0.878858733789796000,0.885249197052948000,0.883771374029327000,0.876777364766906000,0.884139172967726000,0.887621228620145000,0.889835723948812000,0.875590013286821000,0.874969474278182000,0.876324689428112000,0.878585612574643000,0.870021201271851000,0.864839589326368000,0.863901438063510000,0.855412347417248000,0.846061867952142000,0.832732069900665000,0.826533239203133000,0.809215973561923000,0.794579136780137000,0.761006692781600000,0.741673389329497000,0.708935083089015000,0.668206658839496000,0.614982232210511000,0.561720248078602000,0.514218412849747000,0.463696461784239000,0.425228516465899000,0.393306646418831000,0.355499510257704000,0.312902793186275000,0.284109712520267000,0.261337074966593000,0.231637628486975000,0.190976010637751000,0.153470091707638000,0.129889591286057000,0.108467619891009000,0.099423572583122300,0.081379788153012800,0.072060816924923900,0.056249063158204800,0.046413780625200500,0.037766295784383700,0.031486240717586100,0.029024474035869900,0.013255357664917300,0.013255357664917300,0.013255357664917300,0.013255357664917300,0.013255357664917300,0.013255357664917300,0.013255357664917300,0.013255357664917300,0.013255357664917300,0.013255357664917300,0.013255357664917300,0.013255357664917300,0.013255357664917300,0.013255357664917300,0.013255357664917300,0.013255357664917300,0.013255357664917300,0.013255357664917300,0.013255357664917300
2022,4,0,0.023802254542145900,0.076745649308921500,0.162518668664970000,0.311874855699377000,0.475614045147974000,0.601684082853480000,0.671711755341452000,0.764595855496901000,0.844757066299014000,0.902525933580024000,0.917258459961688000,0.924746876078123000,0.926673574204674000,0.925304989824495000,0.921111469153117000,0.919360083563529000,0.908150161873633000,0.910825941397393000,0.900662216891167000,0.900838387295676000,0.891619827618270000,0.885968240972252000,0.887047629746567000,0.881560223951236000,0.880247988445268000,0.879025289680061000,0.883228860571410000,0.884018839137939000,0.882619852759737000,0.877075805893147000,0.883848180275490000,0.876754508216253000,0.879552489923648000,0.867490876563128000,0.871730676663223000,0.869979232444659000,0.872088648580608000,0.866262302568367000,0.865652209654966000,0.865288215748868000,0.860933172871547000,0.839508512983322000,0.825750913304813000,0.809089018550779000,0.794950795620030000,0.765841989231897000,0.733610896485605000,0.710278598783967000,0.688685141437413000,0.632812110746418000,0.572776233103438000,0.511674269693142000,0.479489554856050000,0.440607387341126000,0.399813727916828000,0.356700083934342000,0.324643836879312000,0.287936606896700000,0.262793191365609000,0.228818290388475000,0.195639395871829000,0.165197589798377000,0.138459314963950000,0.124998772024429000,0.101884502792992000,0.090936992224831000,0.066938567265004800,0.059879594952910200,0.044024522878348800,0.041031675235812700,0.032362110539416900,0.025468486679063800,0.014854879516992000,0.014854879516992000,0.014854879516992000,0.014854879516992000,0.014854879516992000,0.014854879516992000,0.014854879516992000,0.014854879516992000,0.014854879516992000,0.014854879516992000,0.014854879516992000,0.014854879516992000,0.014854879516992000,0.014854879516992000,0.014854879516992000,0.014854879516992000,0.014854879516992000,0.014854879516992000,0.014854879516992000
2023,4,0,0.023803616747725400,0.087692520402541000,0.183721420238210000,0.316684924773053000,0.463082097012106000,0.583034917742550000,0.679368023693825000,0.760397185640860000,0.837339719413917000,0.888230111807316000,0.914894852948212000,0.922944472419845000,0.925626767852536000,0.924414881540895000,0.921976917195935000,0.916258319340807000,0.912829619260987000,0.906596647232049000,0.904159257946453000,0.897756863525146000,0.892858601133954000,0.888261428763125000,0.884908041634152000,0.883001183768759000,0.880326915577007000,0.880883157819359000,0.882140178189189000,0.883338435158303000,0.881287302755635000,0.881230418915892000,0.879275197879980000,0.880100812173792000,0.874648067422500000,0.872973359089157000,0.869782084818680000,0.871314757383538000,0.869491855882078000,0.868049433020235000,0.865782499391215000,0.864006034639458000,0.855290983822793000,0.842111142242828000,0.824828790889749000,0.809975399816963000,0.790004655950509000,0.764843882411013000,0.736618241888593000,0.710897870115863000,0.677296410385772000,0.631459732859716000,0.572452799620400000,0.521342423560670000,0.477283683657659000,0.439994761736454000,0.399062650849857000,0.360405976999277000,0.323111524251525000,0.291807487390410000,0.259863859543812000,0.229096407751680000,0.196562724702942000,0.166441388419402000,0.142893203326534000,0.121787661470081000,0.105946000108599000,0.086591510378976500,0.072589092571255700,0.056950724375418600,0.048314613069932900,0.039141603978996000,0.032955915247675900,0.025469893363136400,0.014855689439610700,0.014855689439610700,0.014855689439610700,0.014855689439610700,0.014855689439610700,0.014855689439610700,0.014855689439610700,0.014855689439610700,0.014855689439610700,0.014855689439610700,0.014855689439610700,0.014855689439610700,0.014855689439610700,0.014855689439610700,0.014855689439610700,0.014855689439610700,0.014855689439610700,0.014855689439610700,0.014855689439610700
2024,4,0,0.023793518051203500,0.087653961835690800,0.183641325674079000,0.316548183969583000,0.462883570011722000,0.582785823574841000,0.679078383034809000,0.760073365335912000,0.836983327356457000,0.887852074770926000,0.914505448677767000,0.922551598390190000,0.925232721182895000,0.924021334369124000,0.921584409715534000,0.915868243362212000,0.912441003293901000,0.906210682492418000,0.903774335658510000,0.897374667346483000,0.892478492935790000,0.887883280807866000,0.884531322349984000,0.882625275569611000,0.879952140141805000,0.880508144602408000,0.881764629885012000,0.882962379196176000,0.880912120189529000,0.880855266183712000,0.878900880352247000,0.879726150079704000,0.874275720520268000,0.872601720706101000,0.869411794519862000,0.870943811032109000,0.869121677082043000,0.867679866781955000,0.865413901942418000,0.863638204327091000,0.854926864345526000,0.841752627790413000,0.824477630910190000,0.809630572778766000,0.789668341849344000,0.764518283119610000,0.736304657678329000,0.710595247155785000,0.677008101262045000,0.631190937400306000,0.572209105312997000,0.521120480286871000,0.477080495663308000,0.439807452828898000,0.398892762559941000,0.360252543971680000,0.322973968563251000,0.291683264529248000,0.259753237781340000,0.228998885019388000,0.196479050325339000,0.166370538957146000,0.142832381291135000,0.121735821743155000,0.105900900660416000,0.086554641528758900,0.072558183699767000,0.056926466604128600,0.048294032756476400,0.039124925971216700,0.032941872173390600,0.025459036889347200,0.014849346699140100,0.014849346699140100,0.014849346699140100,0.014849346699140100,0.014849346699140100,0.014849346699140100,0.014849346699140100,0.014849346699140100,0.014849346699140100,0.014849346699140100,0.014849346699140100,0.014849346699140100,0.014849346699140100,0.014849346699140100,0.014849346699140100,0.014849346699140100,0.014849346699140100,0.014849346699140100,0.014849346699140100
2025,4,0,0.023792147217019500,0.087647556868468400,0.183628594871525000,0.316527559511143000,0.462854837479904000,0.582750505881957000,0.679037840424254000,0.760028353305307000,0.836933955405798000,0.887799717379250000,0.914451500983940000,0.922497132426474000,0.925178066076812000,0.923966734410927000,0.921529955541189000,0.915814123901183000,0.912387086672525000,0.906157131708790000,0.903720933629558000,0.897321643916142000,0.892425761482114000,0.887830823991284000,0.884479064646900000,0.882573129780539000,0.879900146566541000,0.880456117198043000,0.881712528294206000,0.882910209301662000,0.880860071620026000,0.880803226590382000,0.878848959059046000,0.879674186940204000,0.874224073262556000,0.872550167917249000,0.869360419699511000,0.870892342131357000,0.869070307346129000,0.867628580727249000,0.865362753479813000,0.863587171638690000,0.854876347019808000,0.841702882951657000,0.824428903774267000,0.809582732418608000,0.789621691924946000,0.764473122521271000,0.736261162909664000,0.710553282969608000,0.676968130554428000,0.631153673818711000,0.572175307323540000,0.521089693132167000,0.477052309150945000,0.439781472996183000,0.398869195122204000,0.360231257888043000,0.322954885384321000,0.291666036196161000,0.259737898052841000,0.228985363085425000,0.196467447901975000,0.166360717118963000,0.142823952670071000,0.121728636844305000,0.105894647515732000,0.086549522439649800,0.072553890444031700,0.056923090464065700,0.048291167545871800,0.039122599678673200,0.032939912761149800,0.025457519242715700,0.014848450968005000,0.014848450968005000,0.014848450968005000,0.014848450968005000,0.014848450968005000,0.014848450968005000,0.014848450968005000,0.014848450968005000,0.014848450968005000,0.014848450968005000,0.014848450968005000,0.014848450968005000,0.014848450968005000,0.014848450968005000,0.014848450968005000,0.014848450968005000,0.014848450968005000,0.014848450968005000,0.014848450968005000
2026,4,0,0.023816184540414400,0.087735080252804000,0.183812037045510000,0.316844194886025000,0.463318208795030000,0.583333909152134000,0.679717424033626000,0.760788913212297000,0.837771615017556000,0.888688418929786000,0.915366780971770000,0.923420192964524000,0.926103616565727000,0.924890971857127000,0.922451771250555000,0.916730205030568000,0.913299745602184000,0.907063538554215000,0.904624923159066000,0.898219214115825000,0.893318431251745000,0.888718897377020000,0.885363779785315000,0.883455929542793000,0.880780238147492000,0.881336762825647000,0.882594435626913000,0.883793331633016000,0.881741140291673000,0.881684268064539000,0.879728056360423000,0.880554148206694000,0.875098544965979000,0.873422951659738000,0.870229970497830000,0.871763430312593000,0.869939544390805000,0.868496386785557000,0.866228331881816000,0.864451053604717000,0.855731525839956000,0.842544849999334000,0.825253562132728000,0.810392580767882000,0.790411608541422000,0.765237866418966000,0.736997639130379000,0.711264101064051000,0.677645411742152000,0.631785142440085000,0.572747663815766000,0.521610911581731000,0.477529475900901000,0.440221389804485000,0.399268148503762000,0.360591545620394000,0.323277883063013000,0.291957771826307000,0.259997704538514000,0.229214406925149000,0.196663945523431000,0.166527104553614000,0.142966819040005000,0.121850400209853000,0.106000574873715000,0.086636066472347200,0.072626455770623100,0.056979998007101300,0.048339461246092800,0.039161710301857200,0.032972856957511400,0.025482983912281200,0.014863277215884300,0.014863277215884300,0.014863277215884300,0.014863277215884300,0.014863277215884300,0.014863277215884300,0.014863277215884300,0.014863277215884300,0.014863277215884300,0.014863277215884300,0.014863277215884300,0.014863277215884300,0.014863277215884300,0.014863277215884300,0.014863277215884300,0.014863277215884300,0.014863277215884300,0.014863277215884300,0.014863277215884300
2027,4,0,0.023811104571199200,0.087715339290248000,0.183770751859601000,0.316773459021417000,0.463215131170206000,0.583204133299882000,0.679565990676337000,0.760619338749499000,0.837585021942852000,0.888490617433280000,0.915162941089760000,0.923214287380908000,0.925896920047479000,0.924684444785487000,0.922245804602338000,0.916525498931195000,0.913095811360785000,0.906860976550715000,0.904422925287486000,0.898018628470081000,0.893118936832531000,0.888520429928218000,0.885166056025515000,0.883258622922649000,0.880583494598166000,0.881139892918566000,0.882397289807856000,0.883595935065169000,0.881544199054985000,0.881487369185517000,0.879531604966347000,0.880357550834897000,0.874903127979130000,0.873227895268519000,0.870035584842765000,0.871568707248378000,0.869745200036049000,0.868302375846598000,0.866034866223771000,0.864258064460726000,0.855540493985144000,0.842356728272083000,0.825069271886890000,0.810211649465485000,0.790235174115645000,0.765067036482626000,0.736833067761807000,0.711105333238552000,0.677494209004593000,0.631644195557383000,0.572619783473971000,0.521494412563518000,0.477422818802802000,0.440123095366318000,0.399178959722376000,0.360510976891008000,0.323205643671768000,0.291892562139858000,0.259939639844245000,0.229163215004597000,0.196620003310931000,0.166489897226253000,0.142934895287970000,0.121823190221866000,0.105976906753587000,0.086616689898590900,0.072610228548718200,0.056967242221530500,0.048328655487238400,0.039152942103568600,0.032965488790810300,0.025477293283416300,0.014859931715357800,0.014859931715357800,0.014859931715357800,0.014859931715357800,0.014859931715357800,0.014859931715357800,0.014859931715357800,0.014859931715357800,0.014859931715357800,0.014859931715357800,0.014859931715357800,0.014859931715357800,0.014859931715357800,0.014859931715357800,0.014859931715357800,0.014859931715357800,0.014859931715357800,0.014859931715357800,0.014859931715357800
2028,4,0,0.023805296712187700,0.087692917397171600,0.183723849873049000,0.316693041042514000,0.463097895308070000,0.583056531728013000,0.679393786383394000,0.760426515991583000,0.837372828056315000,0.888265659133476000,0.914931129208157000,0.922980163832431000,0.925661923657994000,0.924449654947973000,0.922011649717514000,0.916292779442840000,0.912863968555339000,0.906630696558734000,0.904193283936939000,0.897790595099521000,0.892892144447866000,0.888294805066308000,0.884941277380786000,0.883034319721888000,0.880359836248635000,0.880916091206046000,0.882173173749065000,0.883371531613517000,0.881320313646663000,0.881263527858291000,0.879308270896671000,0.880134045525057000,0.874680969784714000,0.873006148879033000,0.869814606780984000,0.871347344915623000,0.869524272160891000,0.868081825481719000,0.865814930427960000,0.864038659450081000,0.855323312709524000,0.842142860098517000,0.824859763595392000,0.810005954218695000,0.790034586305747000,0.764872822428133000,0.736645975261490000,0.710924830617365000,0.677322298761018000,0.631483942556704000,0.572474401134937000,0.521361974200310000,0.477301569398411000,0.440011348664720000,0.399077570143485000,0.360419389249550000,0.323123525598582000,0.291818430832108000,0.259873630158528000,0.229105018767398000,0.196570051466093000,0.166447601183815000,0.142898602763707000,0.121792256736715000,0.105949999473082000,0.086594665919873300,0.072591782016486000,0.056952745260128800,0.048316372579533700,0.039142977215389000,0.032957113044033800,0.025470823947124400,0.014856132036599800,0.014856132036599800,0.014856132036599800,0.014856132036599800,0.014856132036599800,0.014856132036599800,0.014856132036599800,0.014856132036599800,0.014856132036599800,0.014856132036599800,0.014856132036599800,0.014856132036599800,0.014856132036599800,0.014856132036599800,0.014856132036599800,0.014856132036599800,0.014856132036599800,0.014856132036599800,0.014856132036599800
2029,4,0,0.023795149655128400,0.087654511643175000,0.183643460338325000,0.316554898787217000,0.462896249422438000,0.582802654967212000,0.679097747410355000,0.760095088583267000,0.837008004248110000,0.887878794467090000,0.914532550646427000,0.922577806669550000,0.925258204972917000,0.924046363845381000,0.921609437937089000,0.915893045460106000,0.912465736227735000,0.906235163208998000,0.903798833487523000,0.897398919673008000,0.892502602859610000,0.887907268967008000,0.884555198756472000,0.882649064132432000,0.879975713016851000,0.880531723222983000,0.881788262285511000,0.882986114318679000,0.880935788276665000,0.880879056899973000,0.878924663577306000,0.879750116424166000,0.874299381767495000,0.872625277948748000,0.869435085935400000,0.870967160420500000,0.869144854437575000,0.867703048178812000,0.865437180859543000,0.863661764377879000,0.854950229928963000,0.841775492870227000,0.824499906493180000,0.809652617567232000,0.789689997288310000,0.764539193461759000,0.736324612844283000,0.710614746284764000,0.677026931566986000,0.631208587643058000,0.572224672746674000,0.521134506176013000,0.477093321310912000,0.439819400220911000,0.398903439929304000,0.360262107286792000,0.322982511196700000,0.291691109213039000,0.259760252797832000,0.229005063111546000,0.196484270427954000,0.166374966423007000,0.142836263828405000,0.121739123936927000,0.105903780475715000,0.086556858180976200,0.072560104043303200,0.056927867430913700,0.048295282958920600,0.039125877675118800,0.032942730142744000,0.025459711993634600,0.014849624519092900,0.014849624519092900,0.014849624519092900,0.014849624519092900,0.014849624519092900,0.014849624519092900,0.014849624519092900,0.014849624519092900,0.014849624519092900,0.014849624519092900,0.014849624519092900,0.014849624519092900,0.014849624519092900,0.014849624519092900,0.014849624519092900,0.014849624519092900,0.014849624519092900,0.014849624519092900,0.014849624519092900
2030,4,0,0.023788893781071700,0.087630440599730900,0.183593103158447000,0.316468524423620000,0.462770303154049000,0.582644086684642000,0.678912764656033000,0.759887963344737000,0.836780060468681000,0.887637128888620000,0.914283530058670000,0.922326323348244000,0.925005798601252000,0.923794186947202000,0.921357941826801000,0.915643092327278000,0.912216724259953000,0.905987831314406000,0.903552186053829000,0.897154000662867000,0.892259016969206000,0.887664937066295000,0.884313776152712000,0.882408152849341000,0.879735496927844000,0.880291353311432000,0.881547554378577000,0.882745096459873000,0.880695327044015000,0.880638640780989000,0.878684791477618000,0.879510057507121000,0.874060772572636000,0.872387112075087000,0.869197748466522000,0.870729409846900000,0.868907572644093000,0.867466171011823000,0.865200960850992000,0.863426108467396000,0.854716961659626000,0.841545785642239000,0.824274884243394000,0.809431687684363000,0.789474550422047000,0.764330593613730000,0.736123665498043000,0.710420872512791000,0.676842282100034000,0.631036457529074000,0.572068523285758000,0.520992262058867000,0.476963094842915000,0.439699377772618000,0.398794544533545000,0.360163740931609000,0.322894315874157000,0.291611489399554000,0.259689355414610000,0.228942557874585000,0.196430621523870000,0.166329539858332000,0.142797283664752000,0.121705899782608000,0.105874880484281000,0.086533205565572000,0.072540292215667000,0.056912299340086100,0.048282091330161300,0.039115176613351100,0.032933734544589200,0.025452763602136300,0.014845545457757300,0.014845545457757300,0.014845545457757300,0.014845545457757300,0.014845545457757300,0.014845545457757300,0.014845545457757300,0.014845545457757300,0.014845545457757300,0.014845545457757300,0.014845545457757300,0.014845545457757300,0.014845545457757300,0.014845545457757300,0.014845545457757300,0.014845545457757300,0.014845545457757300,0.014845545457757300,0.014845545457757300
2031,4,0,0.023819286798206300,0.087739047022806400,0.183820883232129000,0.316862560261381000,0.463347670320847000,0.583371020411155000,0.679759106735481000,0.760834991497602000,0.837823374947852000,0.888744283863639000,0.915423593648831000,0.923475527328833000,0.926157712782419000,0.924944262081791000,0.922505035365161000,0.916783015479463000,0.913352400821245000,0.907115686994304000,0.904677073411368000,0.898270863356142000,0.893369775509333000,0.888769975892087000,0.885414624997529000,0.883506600314873000,0.880830504805698000,0.881387046393231000,0.882644827434299000,0.883843915742976000,0.881791584941751000,0.881734924880727000,0.879778677937825000,0.880605096963682000,0.875148904469982000,0.873473116099655000,0.870279644032064000,0.871813228599726000,0.869989030108395000,0.868545870422884000,0.866277966885313000,0.864501164798379000,0.855781208937561000,0.842593523117377000,0.825301023631709000,0.810439480236252000,0.790457612078071000,0.765282297622062000,0.737040098564510000,0.711305493838224000,0.677685289340993000,0.631822488886840000,0.572780762668397000,0.521640791976117000,0.477556806154471000,0.440246801506106000,0.399290916144666000,0.360611965751832000,0.323296133219392000,0.291974478610590000,0.260012630483688000,0.229227551207964000,0.196675077955983000,0.166536539530209000,0.142975060630404000,0.121857414166443000,0.106006694632725000,0.086640834216829900,0.072630569020916800,0.056983047028586300,0.048342162097180200,0.039163796484332900,0.032974717800356700,0.025484449946768000,0.014863940754928400,0.014863940754928400,0.014863940754928400,0.014863940754928400,0.014863940754928400,0.014863940754928400,0.014863940754928400,0.014863940754928400,0.014863940754928400,0.014863940754928400,0.014863940754928400,0.014863940754928400,0.014863940754928400,0.014863940754928400,0.014863940754928400,0.014863940754928400,0.014863940754928400,0.014863940754928400,0.014863940754928400
2032,4,0,0.023809117321284700,0.087698237454491900,0.183735624100128000,0.316716993721459000,0.463135978693627000,0.583104501358889000,0.679447851167751000,0.760486353381855000,0.837439915944732000,0.888337949828722000,0.915004734362317000,0.923052095617901000,0.925732423101971000,0.924519199524952000,0.922081145147052000,0.916361699165533000,0.912932680112152000,0.906698766185418000,0.904261337181582000,0.897858011893926000,0.892959166213350000,0.888361480129447000,0.885007653247471000,0.883100476439524000,0.880425498515359000,0.880981777536238000,0.882238996621400000,0.883437589212014000,0.881386192042634000,0.881329654755267000,0.879374341601277000,0.880200506376387000,0.874746697864404000,0.873071635374524000,0.869879493067433000,0.871412389212020000,0.869588935879468000,0.868146475806447000,0.865879741135497000,0.864104015378424000,0.855388100178122000,0.842206362484328000,0.824921713163884000,0.810067131571566000,0.790094560820675000,0.764930761077316000,0.736701386117216000,0.710978794661097000,0.677374229907850000,0.631532555860365000,0.572517582698227000,0.521400991463322000,0.477337260039709000,0.440044505129531000,0.399107313533157000,0.360446084784023000,0.323147391921702000,0.291840248620768000,0.259893115937694000,0.229122180502459000,0.196584605667390000,0.166459935046036000,0.142909357621422000,0.121801410955650000,0.105957984242785000,0.086600917412411300,0.072597159268319700,0.056956755110065600,0.048319908345321000,0.039145722139715100,0.032959546607956700,0.025472737440147400,0.014857023368604300,0.014857023368604300,0.014857023368604300,0.014857023368604300,0.014857023368604300,0.014857023368604300,0.014857023368604300,0.014857023368604300,0.014857023368604300,0.014857023368604300,0.014857023368604300,0.014857023368604300,0.014857023368604300,0.014857023368604300,0.014857023368604300,0.014857023368604300,0.014857023368604300,0.014857023368604300,0.014857023368604300
2033,4,0,0.023800085731734800,0.087661621869479700,0.183659151543048000,0.316586572041055000,0.462946432485170000,0.582865864161873000,0.679169084795477000,0.760174079692686000,0.837096500713028000,0.887974093003505000,0.914629627661846000,0.922672802008283000,0.925351400196145000,0.924138345994890000,0.921701347330429000,0.915984201803249000,0.912556614369146000,0.906325202300241000,0.903888841270018000,0.897488094600951000,0.892591256839844000,0.887995464435566000,0.884643001206026000,0.882736581098009000,0.880062592936207000,0.880618635996291000,0.881875353230794000,0.883073507373500000,0.881022945749124000,0.880966528453876000,0.879012055560800000,0.879838005489799000,0.874386320266698000,0.872711903594136000,0.869520938515560000,0.871053219524530000,0.869230424231273000,0.867788594765254000,0.865522920467172000,0.863748185918080000,0.855035894570289000,0.841859474763909000,0.824581849162427000,0.809733518944414000,0.789769290452022000,0.764615802172862000,0.736397901551532000,0.710686093201813000,0.677095561123343000,0.631272821366851000,0.572281779565905000,0.521186123573405000,0.477140539494508000,0.439863250959061000,0.398942795679838000,0.360297439899500000,0.323014103150827000,0.291719974005737000,0.259786029083839000,0.229027766075159000,0.196503533811687000,0.166391290467164000,0.142850488307437000,0.121751232095630000,0.105914340589445000,0.086565141806232200,0.072567221021387000,0.056933186857064100,0.048299965204606400,0.039129519742450800,0.032945951502381000,0.025462242999827800,0.014850816491167100,0.014850816491167100,0.014850816491167100,0.014850816491167100,0.014850816491167100,0.014850816491167100,0.014850816491167100,0.014850816491167100,0.014850816491167100,0.014850816491167100,0.014850816491167100,0.014850816491167100,0.014850816491167100,0.014850816491167100,0.014850816491167100,0.014850816491167100,0.014850816491167100,0.014850816491167100,0.014850816491167100
2034,4,0,0.023787500026705900,0.087611918636790100,0.183555258943363000,0.316408883177901000,0.462687766130999000,0.582540202259484000,0.678788915815266000,0.759748309266991000,0.836628103533955000,0.887477657606254000,0.914117962894082000,0.922155750257947000,0.924832219796263000,0.923619516382802000,0.921183937234901000,0.915469945796219000,0.912044301711160000,0.905816321925043000,0.903381392564983000,0.896984180215194000,0.892090081492452000,0.887496868930975000,0.884146269901014000,0.882240891152344000,0.879568292087684000,0.880124016174584000,0.881380043912931000,0.882577580670191000,0.880528160753259000,0.880471871785532000,0.878518530929299000,0.879344142581885000,0.873895394709490000,0.872221873888858000,0.869032562582707000,0.870563999667973000,0.868742134646330000,0.867301151022876000,0.865036875253305000,0.863263396648448000,0.854556029888966000,0.841386895343232000,0.824118873139641000,0.809279011067458000,0.789326105436893000,0.764186684148034000,0.735984471006540000,0.710287284428544000,0.676715800000245000,0.630918835934870000,0.571960533344717000,0.520893441410114000,0.476872580791961000,0.439616324126049000,0.398718714802519000,0.360095001884257000,0.322832587749424000,0.291556144942570000,0.259640155572061000,0.228899157275982000,0.196393123585956000,0.166297803332873000,0.142770291069618000,0.121682875486038000,0.105854883664838000,0.086516441907119000,0.072526448342565900,0.056901118437487600,0.048272810797089700,0.039107475282998400,0.032927437502746400,0.025447946986183300,0.014842392429665600,0.014842392429665600,0.014842392429665600,0.014842392429665600,0.014842392429665600,0.014842392429665600,0.014842392429665600,0.014842392429665600,0.014842392429665600,0.014842392429665600,0.014842392429665600,0.014842392429665600,0.014842392429665600,0.014842392429665600,0.014842392429665600,0.014842392429665600,0.014842392429665600,0.014842392429665600,0.014842392429665600
2035,4,0,0.023782224813342600,0.087589143243513000,0.183507782534632000,0.316328442366078000,0.462571305663756000,0.582393582573826000,0.678617371369316000,0.759556046291393000,0.836416842345762000,0.887253986386509000,0.913887250384879000,0.921922121829797000,0.924597285799112000,0.923384560697722000,0.920949652453982000,0.915237058953589000,0.911812305333544000,0.905585843713885000,0.903151597601907000,0.896755953436303000,0.891863089561116000,0.887271045121447000,0.883921280499851000,0.882016357515200000,0.879344326210094000,0.879899902130393000,0.881155626399936000,0.882352913792473000,0.880304005702100000,0.880247827688938000,0.878295018485259000,0.879120545518520000,0.873673060419913000,0.871999921128737000,0.868811283465413000,0.870342347301020000,0.868520852671719000,0.867080271978030000,0.864816698718103000,0.863043930784945000,0.854338812384577000,0.841172915657843000,0.823909189607991000,0.809073234559454000,0.789125519190637000,0.763992438346465000,0.735797244866916000,0.710106781904978000,0.676544026808315000,0.630758762726033000,0.571815078831271000,0.520760855604888000,0.476751188664750000,0.439504513101485000,0.398617179972763000,0.360003238980734000,0.322750294884945000,0.291481925531626000,0.259574082331108000,0.228840900522183000,0.196343074740784000,0.166255427786649000,0.142733974197226000,0.121651918040514000,0.105827961173706000,0.086494332862124400,0.072507966649947300,0.056886538622768900,0.048260493038619900,0.039097450540920700,0.032919043745217100,0.025441472385159500,0.014838530233903200,0.014838530233903200,0.014838530233903200,0.014838530233903200,0.014838530233903200,0.014838530233903200,0.014838530233903200,0.014838530233903200,0.014838530233903200,0.014838530233903200,0.014838530233903200,0.014838530233903200,0.014838530233903200,0.014838530233903200,0.014838530233903200,0.014838530233903200,0.014838530233903200,0.014838530233903200,0.014838530233903200
2036,4,0,0.023803962178790300,0.087663094280793400,0.183663155538310000,0.316598824047604000,0.462968821775047000,0.582894084241252000,0.679199289165955000,0.760206897871432000,0.837134388970322000,0.888015930499898000,0.914671469221467000,0.922711616136618000,0.925387925783915000,0.924173561835775000,0.921736666721947000,0.916019090490364000,0.912591445264410000,0.906359542624729000,0.903923333038923000,0.897522116008580000,0.892625052835871000,0.888029084052855000,0.884676424434068000,0.882769820943395000,0.880095301862857000,0.880651340096638000,0.881908166627383000,0.883106577937706000,0.881055901755120000,0.880999852108456000,0.879045437717514000,0.879871899010958000,0.874419534166271000,0.872744884581950000,0.869553271069205000,0.871085672944318000,0.869262452058011000,0.867820706804134000,0.865555430289440000,0.863781621240967000,0.855069125436872000,0.841891774077749000,0.824613120474842000,0.809764729464324000,0.789800178462364000,0.764645522471183000,0.736425955020631000,0.710713881012845000,0.677122793017029000,0.631298498008730000,0.572303756164305000,0.521205686091975000,0.477158405965432000,0.439880093520099000,0.398957590698293000,0.360310557932975000,0.323025766038636000,0.291730892759994000,0.259795835012223000,0.229036386185149000,0.196510680470442000,0.166397356528198000,0.142855938988711000,0.121755859957012000,0.105918397632619000,0.086568055962955000,0.072569863882882600,0.056934954666624800,0.048301660947765500,0.039130718644513200,0.032947140051989600,0.025463209436195400,0.014851051386160000,0.014851051386160000,0.014851051386160000,0.014851051386160000,0.014851051386160000,0.014851051386160000,0.014851051386160000,0.014851051386160000,0.014851051386160000,0.014851051386160000,0.014851051386160000,0.014851051386160000,0.014851051386160000,0.014851051386160000,0.014851051386160000,0.014851051386160000,0.014851051386160000,0.014851051386160000,0.014851051386160000
2037,4,0,0.023799111135454000,0.087639123581661300,0.183613372792134000,0.316515559748863000,0.462849195777122000,0.582743485754385000,0.679022531755294000,0.760008587265585000,0.836916844871961000,0.887785949059861000,0.914433987491349000,0.922470427773615000,0.925144892808554000,0.923930246050462000,0.921494086184543000,0.915777913775544000,0.912351205703875000,0.906120823095297000,0.903685371404112000,0.897285731696108000,0.892389939312082000,0.887795179957296000,0.884443370293504000,0.882537215966498000,0.879863196446748000,0.880419075881445000,0.881675600798460000,0.882873797453179000,0.880823643804758000,0.880767785258083000,0.878813948837583000,0.879640421382856000,0.874189267012778000,0.872514977688962000,0.869323953232824000,0.870855981450725000,0.869033070754344000,0.867591771440298000,0.865327322185407000,0.863554453731250000,0.854844312566321000,0.841670225745632000,0.824395945002158000,0.809551704095173000,0.789592618337050000,0.764444485288588000,0.736232065383425000,0.710527101376937000,0.676945202519460000,0.631133063133738000,0.572153160935998000,0.521068321236372000,0.477032629446895000,0.439764320735950000,0.398852359158157000,0.360215403915572000,0.322940411930958000,0.291653991761949000,0.259727391481864000,0.228976034437410000,0.196458780453328000,0.166353416618994000,0.142818331371632000,0.121723798590585000,0.105890521523070000,0.086545081004966400,0.072550699354271100,0.056919773302722900,0.048288875065801900,0.039120276999075800,0.032938433843975300,0.025456503666194100,0.014846983560093400,0.014846983560093400,0.014846983560093400,0.014846983560093400,0.014846983560093400,0.014846983560093400,0.014846983560093400,0.014846983560093400,0.014846983560093400,0.014846983560093400,0.014846983560093400,0.014846983560093400,0.014846983560093400,0.014846983560093400,0.014846983560093400,0.014846983560093400,0.014846983560093400,0.014846983560093400,0.014846983560093400
2038,4,0,0.023791961401839300,0.087606691140955900,0.183545861567874000,0.316401733539999000,0.462684877202320000,0.582536617727148000,0.678780208771830000,0.759736891411693000,0.836618488963095000,0.887470243546185000,0.914108208870169000,0.922140167344879000,0.924812530103412000,0.923597718122135000,0.921162528685734000,0.915448312088263000,0.912022872026798000,0.905794611098661000,0.903360152403815000,0.896962708004073000,0.892068659142203000,0.887475552873171000,0.884124916822328000,0.882219395738596000,0.879546134078715000,0.880101801046405000,0.881357903008362000,0.882555769262067000,0.880506336113721000,0.880450673971654000,0.878497604146646000,0.879324008026448000,0.873874590592807000,0.872200823234896000,0.869010696078531000,0.870542202695798000,0.868719778290188000,0.867279064050374000,0.865015660587811000,0.863243903672409000,0.854536958143058000,0.841367408017374000,0.824099168178870000,0.809260510572720000,0.789308817147028000,0.764169635325597000,0.735967087221122000,0.710271715044259000,0.676702247726043000,0.630906687410159000,0.571947320144132000,0.520880643540001000,0.476860792056139000,0.439606085508774000,0.398708615637978000,0.360085468644542000,0.322823875747810000,0.291548929510602000,0.259633869417185000,0.228893573424431000,0.196387911003151000,0.166293414151110000,0.142766933610718000,0.121679983914445000,0.105852420913288000,0.086513749586372500,0.072524529560715000,0.056899096019922200,0.048271426578762800,0.039106058078415100,0.032926547208199400,0.025447339887700200,0.014841482230058500,0.014841482230058500,0.014841482230058500,0.014841482230058500,0.014841482230058500,0.014841482230058500,0.014841482230058500,0.014841482230058500,0.014841482230058500,0.014841482230058500,0.014841482230058500,0.014841482230058500,0.014841482230058500,0.014841482230058500,0.014841482230058500,0.014841482230058500,0.014841482230058500,0.014841482230058500,0.014841482230058500
2039,4,0,0.023785033978225900,0.087575080901016200,0.183480072687298000,0.316290874848357000,0.462524896865726000,0.582335211686392000,0.678544250930640000,0.759472320136061000,0.836327978110962000,0.887162859466871000,0.913791001809453000,0.921818554749816000,0.924488840970743000,0.923273852728848000,0.920839610826621000,0.915127296506389000,0.911703092306967000,0.905476894715059000,0.903043406114556000,0.896648097084551000,0.891755745853907000,0.887164249591680000,0.883814755747126000,0.881909850065793000,0.879237321313961000,0.879792781033652000,0.881048471804360000,0.882246018832317000,0.880197286972438000,0.880141820608598000,0.878189499023490000,0.879015841853387000,0.873568110378551000,0.871894849335782000,0.868705589707220000,0.870236589070415000,0.868414633963300000,0.866974491245829000,0.864712112210289000,0.862941449935960000,0.854237618342710000,0.841072481514367000,0.823810120724182000,0.808976907102830000,0.789032418756583000,0.763901952437762000,0.735709011785726000,0.710022990237020000,0.676465639401690000,0.630686228579675000,0.571746843667935000,0.520697851330483000,0.476693427289678000,0.439451973377600000,0.398568611769190000,0.359958910831366000,0.322710367551220000,0.291446601787811000,0.259542782516484000,0.228813259262335000,0.196318883595335000,0.166234971446784000,0.142716874876184000,0.121637310492929000,0.105815313100279000,0.086483229699212600,0.072499040018058000,0.056878952513971300,0.048254430876139400,0.039092206020644500,0.032914969413379600,0.025438414783978800,0.014836120193465900,0.014836120193465900,0.014836120193465900,0.014836120193465900,0.014836120193465900,0.014836120193465900,0.014836120193465900,0.014836120193465900,0.014836120193465900,0.014836120193465900,0.014836120193465900,0.014836120193465900,0.014836120193465900,0.014836120193465900,0.014836120193465900,0.014836120193465900,0.014836120193465900,0.014836120193465900,0.014836120193465900
2040,4,0,0.023783410930721300,0.087563003252163900,0.183455206719970000,0.316250559925467000,0.462468074759499000,0.582263685502601000,0.678459631177448000,0.759377136787033000,0.836223996287970000,0.887053342008367000,0.913677600539327000,0.921702538938494000,0.924371344597616000,0.923155909327231000,0.920722072005410000,0.915010385955290000,0.911586653889504000,0.905361131019861000,0.902928069719744000,0.896533469723245000,0.891641724966999000,0.887050814649372000,0.883701715969932000,0.881797000850143000,0.879124609013561000,0.879679985376433000,0.880935545007827000,0.882133039868186000,0.880084552364974000,0.880029269345077000,0.878077260541865000,0.878903726542648000,0.873456466074999000,0.871783338181283000,0.868594234855635000,0.870125068419846000,0.868303176313266000,0.866863283892676000,0.864601424612453000,0.862831461890109000,0.854128802955722000,0.840965143217605000,0.823704811435767000,0.808873733393172000,0.788932001740783000,0.763804645997535000,0.735615024898756000,0.709932624984928000,0.676379906058910000,0.630606434306600000,0.571673886477286000,0.520631192796208000,0.476632381693450000,0.439395874216840000,0.398517502551278000,0.359912636405828000,0.322668835035130000,0.291409276767966000,0.259509582646112000,0.228783978386751000,0.196293642144861000,0.166213604935768000,0.142698646938012000,0.121621766399304000,0.105801805757094000,0.086471998628358600,0.072489720288984200,0.056871495049878500,0.048248197604828700,0.039087072926512200,0.032910732806251100,0.025435163326955100,0.014834067181362900,0.014834067181362900,0.014834067181362900,0.014834067181362900,0.014834067181362900,0.014834067181362900,0.014834067181362900,0.014834067181362900,0.014834067181362900,0.014834067181362900,0.014834067181362900,0.014834067181362900,0.014834067181362900,0.014834067181362900,0.014834067181362900,0.014834067181362900,0.014834067181362900,0.014834067181362900,0.014834067181362900
