年度別年齢別就業率,,,,,,,,,,,,,,,,,,,,,,,,,,,,,,,,,,,,,,,,,,,,,,,,,,,,,,,,,,,,,,,,,,,,,,,,,,,,,,,,,,,,,,,,,,,,,
男性,,,,,,,,,,,,,,,,,,,,,,,,,,,,,,,,,,,,,,,,,,,,,,,,,,,,,,,,,,,,,,,,,,,,,,,,,,,,,,,,,,,,,,,,,,,,,
年度,性,合計,15,16,17,18,19,20,21,22,23,24,25,26,27,28,29,30,31,32,33,34,35,36,37,38,39,40,41,42,43,44,45,46,47,48,49,50,51,52,53,54,55,56,57,58,59,60,61,62,63,64,65,66,67,68,69,70,71,72,73,74,75,76,77,78,79,80,81,82,83,84,85,86,87,88,89,90,91,92,93,94,95,96,97,98,99,100,101,102,103,104,105
2020,1,0,0.011589701489400400,0.053435901018435800,0.125492020265212000,0.267490758849042000,0.434098298247884000,0.575111891001552000,0.649950382857704000,0.715377867070022000,0.775304925624843000,0.831343412823308000,0.866909242488216000,0.891985196612404000,0.904435966759549000,0.911186675895784000,0.914987633404565000,0.915700207957281000,0.917192893559811000,0.917445079466820000,0.918566218365644000,0.921506053340911000,0.926023282587889000,0.928770685181643000,0.933933102168776000,0.935046846236300000,0.937722670451703000,0.937160381989919000,0.932644992669894000,0.934029211279407000,0.935815259425316000,0.940792318401186000,0.940204259991586000,0.935319909078866000,0.933825691988753000,0.934104050290719000,0.936064212033954000,0.936222200713453000,0.930910565850584000,0.928341118644377000,0.926672701397231000,0.924680498988420000,0.921614077642681000,0.916210297248815000,0.914442680463007000,0.910207305120647000,0.892107950793663000,0.873538350538225000,0.848157747975689000,0.830404224751937000,0.803652749307661000,0.753258467747194000,0.699071803758918000,0.638176753223115000,0.599501697046947000,0.565334315050120000,0.527405098512236000,0.483477931675948000,0.439541102610602000,0.404784178653405000,0.370966792780981000,0.334684693698431000,0.294151871041819000,0.267339101114217000,0.243071524994549000,0.218807591456780000,0.190841643188432000,0.162983231132092000,0.140547330902342000,0.125899871079115000,0.113432404267505000,0.106664067879828000,0.089583497074576800,0.071042696434682100,0.050574421344048200,0.050574421344048200,0.050574421344048200,0.050574421344048200,0.050574421344048200,0.050574421344048200,0.050574421344048200,0.050574421344048200,0.050574421344048200,0.050574421344048200,0.050574421344048200,0.050574421344048200,0.050574421344048200,0.050574421344048200,0.050574421344048200,0.050574421344048200,0.050574421344048200,0.050574421344048200,0.050574421344048200
2021,1,0,0.007607395325435480,0.048530639955595800,0.117781258200866000,0.269550343798792000,0.435850833463293000,0.574438400058073000,0.637612316071461000,0.702015327291891000,0.772574961137419000,0.835708501916832000,0.873211304889126000,0.892934961445252000,0.904075801837034000,0.916417708363618000,0.922101915984753000,0.922051044684540000,0.914592370512236000,0.917204068475178000,0.922159594423869000,0.928106783100037000,0.933080862021014000,0.933217446366934000,0.937479761519668000,0.939431271521690000,0.942808377593577000,0.943630736973030000,0.939470929754238000,0.940490598327710000,0.939666074267367000,0.941188393031692000,0.937018519446350000,0.936090113724732000,0.936592732094560000,0.936246381603084000,0.934437578687990000,0.933489924146937000,0.929330670664547000,0.927670352267817000,0.923945411191398000,0.924958776497652000,0.921349249081595000,0.914675933220014000,0.913582045276658000,0.909363786507657000,0.894425541694949000,0.873642075100596000,0.850854598460523000,0.832784778524839000,0.807079815541991000,0.754459463856680000,0.697930909420140000,0.639337705425836000,0.605833711377099000,0.572042656773522000,0.531208245067022000,0.488466828497054000,0.444313315396765000,0.407525008832173000,0.376478984373183000,0.340054612260630000,0.305824522218005000,0.263986075663462000,0.240177005119765000,0.220289587960071000,0.198804803447108000,0.178966307878202000,0.153486245517168000,0.134863495300251000,0.114709917089624000,0.106346805276745000,0.096345756788293300,0.078318421363869200,0.051607163994518200,0.051607163994518200,0.051607163994518200,0.051607163994518200,0.051607163994518200,0.051607163994518200,0.051607163994518200,0.051607163994518200,0.051607163994518200,0.051607163994518200,0.051607163994518200,0.051607163994518200,0.051607163994518200,0.051607163994518200,0.051607163994518200,0.051607163994518200,0.051607163994518200,0.051607163994518200,0.051607163994518200
2022,1,0,0.013970688582534700,0.052732717856229800,0.128991646976223000,0.277477737846928000,0.439713153398371000,0.567930715045829000,0.633261816250763000,0.695842921262112000,0.761959893323634000,0.826080794114465000,0.872077362327638000,0.896740454047608000,0.906070895741634000,0.907137552581064000,0.913045324656500000,0.916457452486806000,0.920150606941327000,0.921721535077351000,0.924793869295265000,0.928614825232417000,0.931343142584958000,0.930608073085482000,0.931934821624491000,0.937723220429494000,0.939367843767798000,0.940649561516289000,0.936509812882991000,0.937016556428170000,0.938749593608299000,0.940285481655036000,0.943715386484191000,0.939063935044008000,0.936610675675081000,0.934616802697433000,0.934442833956376000,0.932565790545087000,0.927487713536576000,0.923315125103194000,0.919033461408911000,0.917258113261091000,0.916059439748006000,0.916268869191342000,0.912133103834249000,0.909470179267350000,0.896342632181310000,0.877460283880209000,0.859590870513701000,0.839727847627696000,0.820013587738811000,0.758793189924489000,0.699339540014785000,0.644253002618314000,0.614863381301917000,0.581879070157013000,0.537148844242343000,0.493062833003999000,0.452466010743372000,0.418002483015720000,0.385838417836685000,0.353162639441585000,0.316964781316563000,0.279343170743463000,0.245213315565515000,0.218707563011456000,0.198012723973043000,0.177883565584374000,0.158834777003598000,0.137433480474776000,0.119080695140643000,0.100149788745830000,0.090141726615535300,0.083761405431460200,0.052844858979284100,0.052844858979284100,0.052844858979284100,0.052844858979284100,0.052844858979284100,0.052844858979284100,0.052844858979284100,0.052844858979284100,0.052844858979284100,0.052844858979284100,0.052844858979284100,0.052844858979284100,0.052844858979284100,0.052844858979284100,0.052844858979284100,0.052844858979284100,0.052844858979284100,0.052844858979284100,0.052844858979284100
2023,1,0,0.013972067520629300,0.065763912363071500,0.154702488435646000,0.285371356328261000,0.433929911902304000,0.554767401726830000,0.642383509337154000,0.708144636852441000,0.772349584002335000,0.829873066165058000,0.873577224350476000,0.899016093523491000,0.909716175023995000,0.914403193925233000,0.917356574501169000,0.921185540695859000,0.923568749558691000,0.925879618054447000,0.928274026599028000,0.931095204977931000,0.932647123517959000,0.933367557530665000,0.935390971597695000,0.938490547128868000,0.941857963139540000,0.941915670027353000,0.941594046213701000,0.941167532785954000,0.942377740710829000,0.944307087631154000,0.944108061623625000,0.942579188564961000,0.939493857027059000,0.938152812937388000,0.937255505694211000,0.935330028968144000,0.932071547453743000,0.927953618355617000,0.924878879164354000,0.922737714414932000,0.922093728471683000,0.920662859132531000,0.918565161567886000,0.911842669997742000,0.900025469240123000,0.883138938577858000,0.864007027713448000,0.845908616223843000,0.814669280913289000,0.771542597975042000,0.716623992093396000,0.672316692300582000,0.635147735110005000,0.599745581296765000,0.557758506140462000,0.513233676821648000,0.472131418013836000,0.435022282011504000,0.400572503117403000,0.365563305574916000,0.328734746677111000,0.291421447678149000,0.257406075023690000,0.229100422060858000,0.205529034271152000,0.184443546478861000,0.163122549613457000,0.142660435057170000,0.122504317954896000,0.106413020011617000,0.094312937354655000,0.086396796024847600,0.055151373984275100,0.055151373984275100,0.055151373984275100,0.055151373984275100,0.055151373984275100,0.055151373984275100,0.055151373984275100,0.055151373984275100,0.055151373984275100,0.055151373984275100,0.055151373984275100,0.055151373984275100,0.055151373984275100,0.055151373984275100,0.055151373984275100,0.055151373984275100,0.055151373984275100,0.055151373984275100,0.055151373984275100
2024,1,0,0.013968365009709100,0.066272135383539800,0.156281076731480000,0.288577535028411000,0.439327223747416000,0.562363192626771000,0.652186582751416000,0.719008349272874000,0.783121912865216000,0.839403347075186000,0.881869119342683000,0.906074442785668000,0.915784148502311000,0.919721649303030000,0.922165235440993000,0.925484175172970000,0.927357740689783000,0.929199909511506000,0.931166520746698000,0.933600713227101000,0.934765982214585000,0.935099987012971000,0.937019403854552000,0.940297474254658000,0.944126091428679000,0.944645876532156000,0.944786431454443000,0.944566847948986000,0.945728275466439000,0.947353374803242000,0.946850665217768000,0.945018460982349000,0.941881789937586000,0.940740523333822000,0.940294455207135000,0.938820490056069000,0.936013873354641000,0.932290223766307000,0.929551674594563000,0.927688639421803000,0.927322386312153000,0.926169458325801000,0.924171229806770000,0.917370783811348000,0.905298329682157000,0.888157888989188000,0.868772663105851000,0.851731145972378000,0.822862670526927000,0.783420480772868000,0.732189492861587000,0.691566999109078000,0.656395761846600000,0.621305665273714000,0.577947197825082000,0.532051648702994000,0.489577763132028000,0.451114685790436000,0.415329004420576000,0.379002796221372000,0.340857708786283000,0.302228009703147000,0.266962250915033000,0.237471586658842000,0.212780820905447000,0.190575296401441000,0.168134325232761000,0.146818637614635000,0.126075495203002000,0.109662723638492000,0.097240109713091800,0.089000328396438700,0.057437448483189800,0.057437448483189800,0.057437448483189800,0.057437448483189800,0.057437448483189800,0.057437448483189800,0.057437448483189800,0.057437448483189800,0.057437448483189800,0.057437448483189800,0.057437448483189800,0.057437448483189800,0.057437448483189800,0.057437448483189800,0.057437448483189800,0.057437448483189800,0.057437448483189800,0.057437448483189800,0.057437448483189800
2025,1,0,0.013970950776953000,0.066810150767335900,0.157929890155450000,0.291913363181533000,0.444921871211931000,0.570211529150933000,0.662282460156954000,0.730194861316315000,0.794245909939056000,0.849310731051376000,0.890557332721754000,0.913540105267176000,0.922263885266936000,0.925453700374353000,0.927388632822388000,0.930199080906355000,0.931563887213327000,0.932938223091196000,0.934477956496827000,0.936526289782434000,0.937305464677137000,0.937253221502476000,0.939069513473135000,0.942527540127831000,0.946819045088492000,0.947801105460997000,0.948403865450753000,0.948391096480881000,0.949504270316579000,0.950825877940163000,0.950019282750086000,0.947882946799392000,0.944693528351144000,0.943751509514508000,0.943756443636691000,0.942733290454355000,0.940377239026592000,0.937046161200944000,0.934642542396131000,0.933056775908355000,0.932968068561931000,0.932092540712733000,0.930192873768942000,0.923311418298382000,0.910978296677928000,0.893576250328519000,0.873929003243185000,0.857936624602918000,0.831425824129295000,0.795650077821148000,0.748083351061137000,0.711127082261436000,0.677937572614085000,0.643143712224522000,0.598394443899592000,0.551107624246907000,0.507243101549864000,0.467408876593111000,0.430271290283123000,0.392611824129965000,0.353133142037353000,0.313169758587347000,0.276637838413872000,0.245948982096951000,0.220127813083113000,0.196792345376475000,0.173221387420228000,0.151042599519629000,0.129703141009931000,0.112961533165250000,0.100210821601525000,0.091643716955604500,0.059749196235392500,0.059749196235392500,0.059749196235392500,0.059749196235392500,0.059749196235392500,0.059749196235392500,0.059749196235392500,0.059749196235392500,0.059749196235392500,0.059749196235392500,0.059749196235392500,0.059749196235392500,0.059749196235392500,0.059749196235392500,0.059749196235392500,0.059749196235392500,0.059749196235392500,0.059749196235392500,0.059749196235392500
2026,1,0,0.013983025576795300,0.067871175346197200,0.159902406993451000,0.294663875917486000,0.448296280197218000,0.574185877564574000,0.666828037749722000,0.734986898214091000,0.798977178692520000,0.853669574889218000,0.894531808846621000,0.917114428634475000,0.925457050986966000,0.928292244415886000,0.929902789475253000,0.932389606860360000,0.933429533030595000,0.934571998574661000,0.935973006162832000,0.937976054769919000,0.938708848079114000,0.938609504741739000,0.940416351018765000,0.943902390430024000,0.948258668038403000,0.949302640775055000,0.949966985307590000,0.949998222784687000,0.951139330089079000,0.952472005219276000,0.951674638174740000,0.949546381102526000,0.946374341121383000,0.945461852877964000,0.945507345770700000,0.944523862804615000,0.942206329597094000,0.938885984816815000,0.936466958160760000,0.934839548194353000,0.934710491246126000,0.933793933762661000,0.932119058058502000,0.925724794188044000,0.914140858422785000,0.897483616963202000,0.878579234287770000,0.863383936750487000,0.837712184395299000,0.802818536574062000,0.756123717603766000,0.720048526990137000,0.687655040445276000,0.653567505936948000,0.609427648628357000,0.562748046839601000,0.519493699825993000,0.479719982562499000,0.442092083302001000,0.403388701856515000,0.362864532161379000,0.321855242191628000,0.284482385328221000,0.253159646447001000,0.226910805996992000,0.203149815193707000,0.179153130611527000,0.156491241708363000,0.134610830010871000,0.117273665204303000,0.103930845926673000,0.094775249370594200,0.062272075343592000,0.062272075343592000,0.062272075343592000,0.062272075343592000,0.062272075343592000,0.062272075343592000,0.062272075343592000,0.062272075343592000,0.062272075343592000,0.062272075343592000,0.062272075343592000,0.062272075343592000,0.062272075343592000,0.062272075343592000,0.062272075343592000,0.062272075343592000,0.062272075343592000,0.062272075343592000,0.062272075343592000
2027,1,0,0.013980686520341400,0.068862936111801600,0.161711373012599000,0.297112385290201000,0.451210662166490000,0.577570772899396000,0.670689008024169000,0.739024199623349000,0.802887669220420000,0.857150970540784000,0.897586423107592000,0.919745319287250000,0.927697913693448000,0.930175314068944000,0.931459584551598000,0.933619980778665000,0.934333727824333000,0.935242983100806000,0.936503723182502000,0.938459389584313000,0.939145013174352000,0.938998639316207000,0.940794169713044000,0.944304645856275000,0.948721248129377000,0.949826099607411000,0.950551386384880000,0.950626628756378000,0.951794512042466000,0.953136887853632000,0.952349577799854000,0.950231600347391000,0.947080222626086000,0.946198226706458000,0.946284259711428000,0.945341488982887000,0.943064891170539000,0.939758711560920000,0.937326761331472000,0.935659357398288000,0.935490055841370000,0.934533385480948000,0.933085185151721000,0.927185047509048000,0.916362767492679000,0.900468030435833000,0.882326528061053000,0.867944539701083000,0.843138898332581000,0.809163953446873000,0.763389811491706000,0.728233521460051000,0.696670023785947000,0.663324465683708000,0.619839970474368000,0.573816155628947000,0.531217022587952000,0.491544878301499000,0.453465134307482000,0.413757029271468000,0.372228440564130000,0.330214812732261000,0.292038980007616000,0.260114223508985000,0.233464486985717000,0.209302183945966000,0.184904226553771000,0.161782273757003000,0.139383099640480000,0.121467844627097000,0.107546266975407000,0.097811211613856600,0.064732484323961300,0.064732484323961300,0.064732484323961300,0.064732484323961300,0.064732484323961300,0.064732484323961300,0.064732484323961300,0.064732484323961300,0.064732484323961300,0.064732484323961300,0.064732484323961300,0.064732484323961300,0.064732484323961300,0.064732484323961300,0.064732484323961300,0.064732484323961300,0.064732484323961300,0.064732484323961300,0.064732484323961300
2028,1,0,0.013978365076957100,0.069854449241097800,0.163519930817733000,0.299560436320869000,0.454124616062085000,0.580955235483976000,0.674549498993214000,0.743061045235677000,0.806797823111988000,0.860632237907854000,0.900641100015380000,0.922376440493087000,0.929939146523452000,0.932058876079778000,0.933016982278370000,0.934851068743804000,0.935238746238800000,0.935914870070744000,0.937035390914693000,0.938943693258296000,0.939582163676229000,0.939388774796202000,0.941172995246309000,0.944707904203619000,0.949184816353235000,0.950350527612249000,0.951136737196070000,0.951255969885869000,0.952450621635492000,0.953802696510708000,0.953025439147761000,0.950917735338730000,0.947787009196173000,0.946935494375368000,0.947062054084264000,0.946159980888858000,0.943924302086900000,0.940632278945921000,0.938187406522275000,0.936480019944539000,0.936270486988488000,0.935273715968727000,0.934052113720513000,0.928645930510787000,0.918585039355184000,0.903452533422594000,0.886073635239478000,0.872504667666693000,0.848564818745448000,0.815508229686788000,0.770654402773473000,0.736416664727037000,0.705682841286844000,0.673078972142442000,0.630249568244581000,0.584881266355654000,0.542937077614891000,0.503366424684203000,0.464834940705161000,0.424122399139321000,0.381589676187011000,0.338571994649196000,0.299593407727045000,0.267066795822584000,0.240016264755838000,0.215452754143106000,0.190653628307498000,0.167071737114995000,0.144153946511613000,0.125660772396227000,0.111160612506581000,0.100846279749904000,0.067192151198767700,0.067192151198767700,0.067192151198767700,0.067192151198767700,0.067192151198767700,0.067192151198767700,0.067192151198767700,0.067192151198767700,0.067192151198767700,0.067192151198767700,0.067192151198767700,0.067192151198767700,0.067192151198767700,0.067192151198767700,0.067192151198767700,0.067192151198767700,0.067192151198767700,0.067192151198767700,0.067192151198767700
2029,1,0,0.013973389529462300,0.070832175387501700,0.165296482599005000,0.301950305441132000,0.456950784025418000,0.584227573948888000,0.678279838318012000,0.746954632775980000,0.810552677683904000,0.863948203475918000,0.903523097734079000,0.924830974755050000,0.932002559301647000,0.933764402057612000,0.934396332207399000,0.935903930822082000,0.935965635310267000,0.936408620941046000,0.937388782879409000,0.939249383386564000,0.939840603960040000,0.939600261332804000,0.941372838810555000,0.944931496341992000,0.949467836460772000,0.950694154298696000,0.951541105543648000,0.951704282942401000,0.952925462249387000,0.954286974287644000,0.953519912015694000,0.951422876865166000,0.948313386232098000,0.947492498353879000,0.947659539573298000,0.946798314026505000,0.944603957565155000,0.941326708853385000,0.938869385405501000,0.937122361384890000,0.936872657830489000,0.935835996426864000,0.934841106044794000,0.929929646409533000,0.920631657876683000,0.906263859789420000,0.889650469046668000,0.876896675465176000,0.853826714693870000,0.821694281536857000,0.777768809708492000,0.744455647989327000,0.714556903913401000,0.682700530011612000,0.640534011340222000,0.595829498389142000,0.554547879785780000,0.515086182039342000,0.476110513254360000,0.434401793120151000,0.390873539486323000,0.346860499886210000,0.307086982082983000,0.273965007622790000,0.246519029691588000,0.221559186968643000,0.196363812889192000,0.172326702949905000,0.148894919982828000,0.129827641345069000,0.114751955634363000,0.103860607126897000,0.069637770539203000,0.069637770539203000,0.069637770539203000,0.069637770539203000,0.069637770539203000,0.069637770539203000,0.069637770539203000,0.069637770539203000,0.069637770539203000,0.069637770539203000,0.069637770539203000,0.069637770539203000,0.069637770539203000,0.069637770539203000,0.069637770539203000,0.069637770539203000,0.069637770539203000,0.069637770539203000,0.069637770539203000
2030,1,0,0.013973290847624200,0.071834258661307400,0.167130058394691000,0.304444651952189000,0.459935347826620000,0.587702550828418000,0.682245462911656000,0.751107405702180000,0.814588956194854000,0.867564381022642000,0.906719271919620000,0.927607274583386000,0.934390381660038000,0.935795082205317000,0.936101175178984000,0.937282930433467000,0.937018801772537000,0.937228888382267000,0.938069084326695000,0.939882649442867000,0.940426843589881000,0.940139480408788000,0.941901037560445000,0.945484676595526000,0.950082005756691000,0.951369336012795000,0.952277302355062000,0.952484465440183000,0.953732588721950000,0.955104009504098000,0.954346871008298000,0.952259769026356000,0.949170421349871000,0.948379862903740000,0.948587429216275000,0.947766736024347000,0.945612921332601000,0.942349298314824000,0.939878671047385000,0.938091414467861000,0.937801467780283000,0.936724568801076000,0.935955960888379000,0.931537331721746000,0.922998724975690000,0.909390344478856000,0.893536387185191000,0.881593022117175000,0.859384585034768000,0.828164761888326000,0.785151983354458000,0.752751439984318000,0.723677041010076000,0.692556776900706000,0.651038191698984000,0.606981630141208000,0.566347938758238000,0.526981389181579000,0.487548098935878000,0.444829010444001000,0.400290401302280000,0.355267009617893000,0.314684973246816000,0.280956296701193000,0.253105440056419000,0.227740701062500000,0.202140432375428000,0.177639882829353000,0.153686119161232000,0.134038292180391000,0.118382029937469000,0.106910075347470000,0.072106797447154200,0.072106797447154200,0.072106797447154200,0.072106797447154200,0.072106797447154200,0.072106797447154200,0.072106797447154200,0.072106797447154200,0.072106797447154200,0.072106797447154200,0.072106797447154200,0.072106797447154200,0.072106797447154200,0.072106797447154200,0.072106797447154200,0.072106797447154200,0.072106797447154200,0.072106797447154200,0.072106797447154200
2031,1,0,0.013985362701650600,0.072271780527463400,0.167970621784807000,0.305669808570407000,0.461506051116112000,0.589594849812803000,0.684430654345975000,0.753453242623124000,0.816980729784196000,0.869882954220758000,0.908952704842769000,0.929739786037957000,0.936408715147789000,0.937693520246783000,0.937877697713499000,0.938938293966236000,0.938551757170498000,0.938669638097506000,0.939447965491841000,0.941230295740780000,0.941742158381179000,0.941421745291571000,0.943163525572997000,0.946740464805066000,0.951343472841822000,0.952633622387750000,0.953544080278450000,0.953742534772967000,0.954972254075433000,0.956314782699234000,0.955526913132754000,0.953407931093451000,0.950309364220371000,0.949535099279986000,0.949783348126033000,0.949002449130089000,0.946887276919366000,0.943648245386225000,0.941189802484154000,0.939402228443063000,0.939113257855085000,0.938036655108921000,0.937385672548490000,0.933198578174403000,0.925005009654869000,0.911737287487987000,0.896222048517758000,0.884851744710678000,0.863438465137557000,0.833236978837476000,0.791232348938937000,0.759849122363236000,0.731597826345587000,0.701101810349806000,0.660001402535870000,0.616360825748519000,0.576146076233880000,0.536959954680586000,0.497467426240898000,0.454446652318262000,0.409604785819176000,0.364277717962402000,0.323229251569945000,0.288873474941274000,0.260234005359942000,0.234082801244872000,0.207695863957017000,0.182542419898186000,0.158069058113307000,0.138038177030347000,0.122002309091797000,0.110154363727790000,0.074954938575488500,0.074954938575488500,0.074954938575488500,0.074954938575488500,0.074954938575488500,0.074954938575488500,0.074954938575488500,0.074954938575488500,0.074954938575488500,0.074954938575488500,0.074954938575488500,0.074954938575488500,0.074954938575488500,0.074954938575488500,0.074954938575488500,0.074954938575488500,0.074954938575488500,0.074954938575488500,0.074954938575488500
2032,1,0,0.013980950274692300,0.072624322651963200,0.168613582675954000,0.306535204939199000,0.462533428618294000,0.590792962856243000,0.685809994357390000,0.754911927908812000,0.818410468219713000,0.871177072264165000,0.910115566684089000,0.930777159918255000,0.937323984779598000,0.938487313728660000,0.938549291687104000,0.939487411918618000,0.938978855676795000,0.939004341378968000,0.939719848542148000,0.941468825160465000,0.941947735006863000,0.941594631708927000,0.943314570452069000,0.946880588445989000,0.951483850815276000,0.952775299911255000,0.953687177145945000,0.953876684267827000,0.955086539474302000,0.956398577054420000,0.955580888591745000,0.953432507626517000,0.950328370191277000,0.949571320665585000,0.949859981621529000,0.949119819434941000,0.947045805001066000,0.943835197749727000,0.941391844774948000,0.939606060923581000,0.939318407711114000,0.938243370840941000,0.937710845717615000,0.933760350280945000,0.925921670599972000,0.913010438183463000,0.897852398062394000,0.887068876979112000,0.866476440336002000,0.837329461288475000,0.796383062572294000,0.766054716092009000,0.738660286845219000,0.708824820646298000,0.668191283158599000,0.625018378128976000,0.585270219512530000,0.546310831360746000,0.506805600033675000,0.463533703435217000,0.418441288820877000,0.372863825931442000,0.331397076313609000,0.296454366614220000,0.267059622168716000,0.240152358133709000,0.213009435300492000,0.187232398633650000,0.162268011781051000,0.141877486121842000,0.125480713167536000,0.113270541484717000,0.077716257480656200,0.077716257480656200,0.077716257480656200,0.077716257480656200,0.077716257480656200,0.077716257480656200,0.077716257480656200,0.077716257480656200,0.077716257480656200,0.077716257480656200,0.077716257480656200,0.077716257480656200,0.077716257480656200,0.077716257480656200,0.077716257480656200,0.077716257480656200,0.077716257480656200,0.077716257480656200,0.077716257480656200
2033,1,0,0.013976362127448800,0.072975710357140500,0.169253976300126000,0.307396129399408000,0.463554237608678000,0.591982759419799000,0.687179687730922000,0.756360032945639000,0.819828834053721000,0.872459231070095000,0.911266056451264000,0.931801978601903000,0.938226694183668000,0.939268610303683000,0.939208466606354000,0.940024177657309000,0.939393686992689000,0.939326836607422000,0.939979554830511000,0.941695176946296000,0.942141149089681000,0.941755381131605000,0.943453470426564000,0.947008528666944000,0.951611986413762000,0.952904717729485000,0.953818001748528000,0.953998564835723000,0.955188553278301000,0.956470102680985000,0.955622624955934000,0.953444891423478000,0.950335226656130000,0.949595391134571000,0.949924434505668000,0.949224992364507000,0.947192135708145000,0.944009975450359000,0.941581733897115000,0.939797761890788000,0.939511428879817000,0.938437970607891000,0.938023833487127000,0.934309835174054000,0.926825916048450000,0.914271108853758000,0.899470231292411000,0.889273253020073000,0.869501394035925000,0.841408615846053000,0.801520290218939000,0.772246532287247000,0.745708768229130000,0.716533807764900000,0.676367359097102000,0.633662376235038000,0.594381015882518000,0.555648712789400000,0.516131291297687000,0.472608986292794000,0.427266760713865000,0.381439646038784000,0.339555411989922000,0.304026593229469000,0.273877435412602000,0.246214941686443000,0.218316866498538000,0.191916967765463000,0.166462190691403000,0.145712512333712000,0.128955276045729000,0.116383267106667000,0.080474806715081600,0.080474806715081600,0.080474806715081600,0.080474806715081600,0.080474806715081600,0.080474806715081600,0.080474806715081600,0.080474806715081600,0.080474806715081600,0.080474806715081600,0.080474806715081600,0.080474806715081600,0.080474806715081600,0.080474806715081600,0.080474806715081600,0.080474806715081600,0.080474806715081600,0.080474806715081600,0.080474806715081600
2034,1,0,0.013971319772479800,0.073324467928878400,0.169888390065542000,0.308246401472320000,0.464559173896766000,0.593152364129915000,0.688525950069491000,0.757782389049313000,0.821219394460879000,0.873711955974105000,0.912385933083745000,0.932795598691006000,0.939098078860750000,0.940018631688464000,0.939836452424628000,0.940529811920514000,0.939777491457657000,0.939618370776485000,0.940208321950589000,0.941890556396715000,0.942303598931401000,0.941885201437619000,0.943561400765991000,0.947105390465064000,0.951708892809401000,0.953002863157769000,0.953917523105449000,0.954089142410061000,0.955259238831902000,0.956510279120387000,0.955633060385914000,0.953426065770208000,0.950310979240085000,0.949588370075811000,0.949957757277681000,0.949299030021576000,0.947307369316033000,0.944153740590961000,0.941740679512814000,0.939958576482903000,0.939673572134110000,0.938601726501334000,0.938305909386280000,0.934828366828815000,0.927699208795583000,0.915500992154852000,0.901057515478793000,0.891447009679017000,0.872495810137459000,0.845457425959289000,0.806627749910290000,0.778408812061048000,0.752727991527288000,0.724214036554701000,0.684515669385135000,0.642279683866957000,0.603466085692848000,0.564961978727025000,0.525433668651860000,0.481662551971109000,0.436072171302455000,0.389997076474654000,0.347697016207464000,0.311583654775201000,0.280681589863113000,0.252265291909636000,0.223613497486871000,0.196592029654893000,0.170648033147534000,0.149540128507569000,0.132423225554619000,0.119490040015336000,0.083228822286771300,0.083228822286771300,0.083228822286771300,0.083228822286771300,0.083228822286771300,0.083228822286771300,0.083228822286771300,0.083228822286771300,0.083228822286771300,0.083228822286771300,0.083228822286771300,0.083228822286771300,0.083228822286771300,0.083228822286771300,0.083228822286771300,0.083228822286771300,0.083228822286771300,0.083228822286771300,0.083228822286771300
2035,1,0,0.013968846700877200,0.073686507882730700,0.170553671681469000,0.309152842091583000,0.465648910674264000,0.594430303725340000,0.689997972704708000,0.759343187140927000,0.822760067515203000,0.875124510678574000,0.913672815474183000,0.933960041744028000,0.940141510014566000,0.940940933918170000,0.940636751242430000,0.941207952346777000,0.940333729393048000,0.940082358801000000,0.940609685053216000,0.942258858814385000,0.942639065324527000,0.942187978979895000,0.943842608035121000,0.947376186185897000,0.951980578780505000,0.953276025201368000,0.954192228363501000,0.954354940221780000,0.955505370269411000,0.956726147668912000,0.955819042769848000,0.953582397373968000,0.950461319746051000,0.949755794930635000,0.950165572126929000,0.949547416852397000,0.947596564071769000,0.944470872206573000,0.942072540154297000,0.940291977718311000,0.940008248961118000,0.938937818199184000,0.938760203123861000,0.935518350339393000,0.928742452987938000,0.916898394306055000,0.902809473023655000,0.893783358858272000,0.875648896080624000,0.849659371911490000,0.811880643055099000,0.784710774185399000,0.759881718735593000,0.732023175719831000,0.692785345644593000,0.651010346406073000,0.612657128712806000,0.574374021851582000,0.534827567582791000,0.490799732137107000,0.444952954732516000,0.398621548968321000,0.355898115438801000,0.319193891528147000,0.287533647578151000,0.258358730579683000,0.228948358797296000,0.201300692177066000,0.174862973314064000,0.153393157435411000,0.135913636794198000,0.122617093004349000,0.085996646334038800,0.085996646334038800,0.085996646334038800,0.085996646334038800,0.085996646334038800,0.085996646334038800,0.085996646334038800,0.085996646334038800,0.085996646334038800,0.085996646334038800,0.085996646334038800,0.085996646334038800,0.085996646334038800,0.085996646334038800,0.085996646334038800,0.085996646334038800,0.085996646334038800,0.085996646334038800,0.085996646334038800
2036,1,0,0.013981684108807400,0.074240594734975300,0.171575398028347000,0.310572809316989000,0.467375815632919000,0.596438676555409000,0.692257289903863000,0.761722656828591000,0.825147548162453000,0.877403151691823000,0.915829919784872000,0.935978827371562000,0.942024877195899000,0.942699800006700000,0.942285965487463000,0.942748319228377000,0.941763920562592000,0.941431679475402000,0.941907583670892000,0.943535099170140000,0.943892481234023000,0.943417806482747000,0.945065317384996000,0.948608039237613000,0.953237094710948000,0.954554163080047000,0.955491639664835000,0.955655247770753000,0.956787797067245000,0.957971073650547000,0.957024512405690000,0.954747188812703000,0.951603789365087000,0.950897331802568000,0.951326370390351000,0.950726531834585000,0.948792771020107000,0.945678910651825000,0.943288897753161000,0.941513041413800000,0.941235394347433000,0.940170322295053000,0.940113861075244000,0.937105320749465000,0.930674462706100000,0.919170785678327000,0.905420183015230000,0.896858185015004000,0.879300612617891000,0.854001904819021000,0.816903158021873000,0.790423020782462000,0.766316331917029000,0.739207855118581000,0.700740117405262000,0.659732878863332000,0.622150566493159000,0.584166172650794000,0.544445013644898000,0.499766098324399000,0.453266569432410000,0.406281966806042000,0.363020862774570000,0.325896710655870000,0.293933384553036000,0.264457669423926000,0.234746283127313000,0.206696613213950000,0.179755394293355000,0.157684035163677000,0.139606638363562000,0.125716062581861000,0.088480149189816700,0.088480149189816700,0.088480149189816700,0.088480149189816700,0.088480149189816700,0.088480149189816700,0.088480149189816700,0.088480149189816700,0.088480149189816700,0.088480149189816700,0.088480149189816700,0.088480149189816700,0.088480149189816700,0.088480149189816700,0.088480149189816700,0.088480149189816700,0.088480149189816700,0.088480149189816700,0.088480149189816700
2037,1,0,0.013981168302749500,0.074724206693186200,0.172434023495457000,0.311697164826571000,0.468657497840833000,0.597878708838734000,0.693856898694563000,0.763376124901098000,0.826748408921512000,0.878845127752035000,0.917113521313469000,0.937104728667227000,0.943009461416486000,0.943559128182943000,0.943035940666823000,0.943388909086908000,0.942295178473239000,0.941882313132968000,0.942306295015551000,0.943910577471071000,0.944244773348422000,0.943746943106484000,0.945385754786634000,0.948934242059166000,0.953583557435172000,0.954921007891293000,0.955878880566835000,0.956043229324449000,0.957156799538623000,0.958301411179930000,0.957316263566106000,0.955000402698043000,0.951837666392079000,0.951130950534481000,0.951578857402811000,0.950997925084468000,0.949083119717879000,0.945984077698489000,0.943604675810159000,0.941835227189237000,0.941563932570042000,0.940505242014167000,0.940570095485971000,0.937797949162925000,0.931718581781245000,0.920566582559333000,0.907167740594677000,0.899078452220389000,0.882115061653124000,0.857531961609807000,0.821149257889991000,0.795384771990901000,0.772024129521212000,0.745692292474754000,0.708032096189838000,0.667832492762443000,0.631057689155956000,0.593408579596694000,0.553550529631875000,0.508262666937797000,0.461154257837493000,0.413560792897934000,0.369802895671968000,0.332293930441426000,0.300057807320205000,0.270309203400873000,0.240324937008313000,0.211899720771374000,0.184480309710396000,0.161827973859308000,0.143169452994307000,0.128697598689384000,0.090881268019907100,0.090881268019907100,0.090881268019907100,0.090881268019907100,0.090881268019907100,0.090881268019907100,0.090881268019907100,0.090881268019907100,0.090881268019907100,0.090881268019907100,0.090881268019907100,0.090881268019907100,0.090881268019907100,0.090881268019907100,0.090881268019907100,0.090881268019907100,0.090881268019907100,0.090881268019907100,0.090881268019907100
2038,1,0,0.013980810098914800,0.075208630573937600,0.173294538647716000,0.312824962927879000,0.469944381773611000,0.599325389291793000,0.695464227369091000,0.765038092983315000,0.828358487194493000,0.880296918396486000,0.918407378617318000,0.938241120900223000,0.944004611955556000,0.944429036702389000,0.943796497128752000,0.944040091043811000,0.942837022990196000,0.942343533783694000,0.942715601377431000,0.944296670322063000,0.944607685228716000,0.944086695332964000,0.945716826804480000,0.949271119128538000,0.953940745539267000,0.955298591881583000,0.956276870168273000,0.956441961383521000,0.957536566251892000,0.958642528268145000,0.957618785594659000,0.955264363760409000,0.952082256160325000,0.951375274058995000,0.951842053076375000,0.951280019266408000,0.949384146582622000,0.946299887059121000,0.943931068701582000,0.942168007456583000,0.941903061829928000,0.940850740440032000,0.941036901750850000,0.938501103410769000,0.932773136203287000,0.921972667118687000,0.908925412856467000,0.901308713390977000,0.884939276330528000,0.861071462253936000,0.825404346812011000,0.800355177147285000,0.777740271159051000,0.752184728552038000,0.715331598778880000,0.675939126924001000,0.639971367145112000,0.602657096598555000,0.562661715025480000,0.516764432622388000,0.469046650456289000,0.420843824878285000,0.376588672354466000,0.338694495335184000,0.306185228942196000,0.276163418019734000,0.245905950661824000,0.217104891220423000,0.189207008890255000,0.165973477339819000,0.146733658452129000,0.131680398860232000,0.093283260999789600,0.093283260999789600,0.093283260999789600,0.093283260999789600,0.093283260999789600,0.093283260999789600,0.093283260999789600,0.093283260999789600,0.093283260999789600,0.093283260999789600,0.093283260999789600,0.093283260999789600,0.093283260999789600,0.093283260999789600,0.093283260999789600,0.093283260999789600,0.093283260999789600,0.093283260999789600,0.093283260999789600
2039,1,0,0.013979205832713000,0.075686283096806000,0.174139487233619000,0.313924720568519000,0.471189198827608000,0.600718448678840000,0.697009343552623000,0.766631639771280000,0.829894507696232000,0.881670044204100000,0.919619196459068000,0.939293727987978000,0.944915483473597000,0.945214645951362000,0.944472826047826000,0.944607039098657000,0.943294756181991000,0.942720698410846000,0.943040825840234000,0.944598543611328000,0.944886353080259000,0.944342253217447000,0.945963560404755000,0.949523340170664000,0.954212858560333000,0.955590976900831000,0.956589570740275000,0.956755389594326000,0.957830934216599000,0.958898153458226000,0.957835912388892000,0.955443144851202000,0.952241952297998000,0.951534767003776000,0.952020373917098000,0.951477286057008000,0.949600512378081000,0.946531308176242000,0.944173282997231000,0.942416765373619000,0.942158191462988000,0.941112332138696000,0.941419767668525000,0.939120510152626000,0.933744404329936000,0.923296378688197000,0.910601825682333000,0.903458327668667000,0.887684219756094000,0.864533718588404000,0.829585269998411000,0.805253548800457000,0.783386290289691000,0.758609210928440000,0.722566319110434000,0.683984376594441000,0.648826753176509000,0.611850600471950000,0.571721471364267000,0.525218945628272000,0.476896129027483000,0.428088324672418000,0.383339931119481000,0.345063973898046000,0.312284500131101000,0.281992196404816000,0.251464263284124000,0.222289980438276000,0.193916180543977000,0.170103605683589000,0.150284285216490000,0.134651043647015000,0.095676602466000200,0.095676602466000200,0.095676602466000200,0.095676602466000200,0.095676602466000200,0.095676602466000200,0.095676602466000200,0.095676602466000200,0.095676602466000200,0.095676602466000200,0.095676602466000200,0.095676602466000200,0.095676602466000200,0.095676602466000200,0.095676602466000200,0.095676602466000200,0.095676602466000200,0.095676602466000200,0.095676602466000200
2040,1,0,0.013976848931836500,0.076159722907725300,0.174974815160891000,0.315007254831347000,0.472408279236181000,0.602078751406105000,0.698516472601333000,0.768183435003158000,0.831385384837035000,0.882995283546538000,0.920781129138225000,0.940295435113762000,0.945775192331658000,0.945949111914260000,0.945098082606495000,0.945122938553516000,0.943701542412961000,0.943046969830272000,0.943315154565522000,0.944849443861607000,0.945114038962686000,0.944546864992337000,0.946159263052387000,0.949724336932574000,0.954433489030997000,0.955831799383902000,0.956850649223767000,0.957017186577450000,0.958073618412092000,0.959102048362697000,0.958001377030379000,0.955570403557114000,0.952350303913081000,0.951642953581095000,0.952147356895208000,0.951623238874346000,0.949765659894721000,0.946711672093421000,0.944364564066692000,0.942614682837769000,0.942362492767791000,0.941323150020854000,0.941751808847009000,0.939689149002285000,0.934665094494024000,0.924569975294852000,0.912228707497158000,0.905558661698942000,0.890380564044671000,0.867948419716602000,0.833720317105880000,0.810107151901816000,0.788988507073597000,0.764991005190360000,0.729760063470066000,0.691990499136964000,0.657644676560062000,0.621008537882047000,0.580747860974849000,0.533642768577692000,0.484717692217663000,0.435307709872528000,0.390068625729938000,0.351413058481994000,0.318365219797811000,0.287804131816214000,0.257007454167440000,0.227461625342067000,0.198613571281077000,0.174223400003895000,0.153825809855376000,0.137613592829552000,0.098064111529750600,0.098064111529750600,0.098064111529750600,0.098064111529750600,0.098064111529750600,0.098064111529750600,0.098064111529750600,0.098064111529750600,0.098064111529750600,0.098064111529750600,0.098064111529750600,0.098064111529750600,0.098064111529750600,0.098064111529750600,0.098064111529750600,0.098064111529750600,0.098064111529750600,0.098064111529750600,0.098064111529750600
女性有配偶,,,,,,,,,,,,,,,,,,,,,,,,,,,,,,,,,,,,,,,,,,,,,,,,,,,,,,,,,,,,,,,,,,,,,,,,,,,,,,,,,,,,,,,,,,,,,
年度,性,合計,15.000000000000000000,16.000000000000000000,17.000000000000000000,18.000000000000000000,19.000000000000000000,20.000000000000000000,21.000000000000000000,22.000000000000000000,23.000000000000000000,24.000000000000000000,25.000000000000000000,26.000000000000000000,27.000000000000000000,28.000000000000000000,29.000000000000000000,30.000000000000000000,31.000000000000000000,32.000000000000000000,33.000000000000000000,34.000000000000000000,35.000000000000000000,36.000000000000000000,37.000000000000000000,38.000000000000000000,39.000000000000000000,40.000000000000000000,41.000000000000000000,42.000000000000000000,43.000000000000000000,44.000000000000000000,45.000000000000000000,46.000000000000000000,47.000000000000000000,48.000000000000000000,49.000000000000000000,50.000000000000000000,51.000000000000000000,52.000000000000000000,53.000000000000000000,54.000000000000000000,55.000000000000000000,56.000000000000000000,57.000000000000000000,58.000000000000000000,59.000000000000000000,60.000000000000000000,61.000000000000000000,62.000000000000000000,63.000000000000000000,64.000000000000000000,65.000000000000000000,66.000000000000000000,67.000000000000000000,68.000000000000000000,69.000000000000000000,70.000000000000000000,71.000000000000000000,72.000000000000000000,73.000000000000000000,74.000000000000000000,75.000000000000000000,76.000000000000000000,77.000000000000000000,78.000000000000000000,79.000000000000000000,80.000000000000000000,81.000000000000000000,82.000000000000000000,83.000000000000000000,84.000000000000000000,85.000000000000000000,86.000000000000000000,87.000000000000000000,88.000000000000000000,89.000000000000000000,90.000000000000000000,91.000000000000000000,92.000000000000000000,93.000000000000000000,94.000000000000000000,95.000000000000000000,96.000000000000000000,97.000000000000000000,98.000000000000000000,99.000000000000000000,100.000000000000000000,101.000000000000000000,102.000000000000000000,103.000000000000000000,104.000000000000000000,105.000000000000000000
2020,3,0,0.017849251751366800,0.076941537472300100,0.168178339211556000,0.324344705662239000,0.435356099513540000,0.526528217317011000,0.553440993777152000,0.625099458472701000,0.680941795355252000,0.701605818855859000,0.723242530580292000,0.722982057778746000,0.730588387030497000,0.714568256630789000,0.703212257356628000,0.690330683632399000,0.687474716892117000,0.678681721878515000,0.681846849131949000,0.684582211217184000,0.690928667666517000,0.690376966476350000,0.697670065277497000,0.703538908065295000,0.705471265970188000,0.716675952114174000,0.729655015954120000,0.750596233804551000,0.760630786327932000,0.771419242260954000,0.774594182616176000,0.777447320720132000,0.773989923553905000,0.767970797705762000,0.764594859474001000,0.764906351385358000,0.768805469559782000,0.763536663206495000,0.760071708482234000,0.756461596297245000,0.743992889944750000,0.725106704065491000,0.703450347992689000,0.688631299808106000,0.666024422778403000,0.642358986208384000,0.606299168259644000,0.573953617414056000,0.535298888375489000,0.497193251410738000,0.456153349566279000,0.415802289695613000,0.378526457324532000,0.349796541925651000,0.317782629056534000,0.289459008384565000,0.256685301091719000,0.227610971403881000,0.200129061910648000,0.174776924904721000,0.153060716112063000,0.135304643079519000,0.121361212931369000,0.107245196352893000,0.100090562845624000,0.084809449907321800,0.072644044142609900,0.060298943134721200,0.054562091933910200,0.049257303442546800,0.037764407239129000,0.025301221817968100,0.027795263033932900,0.027795263033932900,0.027795263033932900,0.027795263033932900,0.027795263033932900,0.027795263033932900,0.027795263033932900,0.027795263033932900,0.027795263033932900,0.027795263033932900,0.027795263033932900,0.027795263033932900,0.027795263033932900,0.027795263033932900,0.027795263033932900,0.027795263033932900,0.027795263033932900,0.027795263033932900,0.027795263033932900
2021,3,0,0.014373618078755300,0.054730535981120100,0.124785939536058000,0.253649829000501000,0.397051248796061000,0.510498732539319000,0.590293210085420000,0.648267927614399000,0.695289725670777000,0.725689699140637000,0.735052788600324000,0.759038356288790000,0.747496802708170000,0.748269755939990000,0.723287809282051000,0.715979184144766000,0.705766304168550000,0.704509256273325000,0.699702450960463000,0.707015922930596000,0.712305391709315000,0.711504655932024000,0.714163281395484000,0.718429408259435000,0.729451960806886000,0.735873834681965000,0.745462945547907000,0.759282716372189000,0.768980974638411000,0.773250382930894000,0.772780854684341000,0.769560462159376000,0.769042446003364000,0.772391638604225000,0.768191232349466000,0.766693551146929000,0.762918648121655000,0.765520253120106000,0.760478828364345000,0.749306712176317000,0.740312374982952000,0.725368315214958000,0.714523877896510000,0.692853023071408000,0.673489222884151000,0.644792618702609000,0.617687203754988000,0.584729785827314000,0.551412741960052000,0.511479792626414000,0.472506798361187000,0.427720633917977000,0.391296929581729000,0.357382962424150000,0.324864448726053000,0.293324621688553000,0.259788706825635000,0.237092775018371000,0.207615156414245000,0.189178742408263000,0.164332181244653000,0.150133450996291000,0.129331004325457000,0.121506832537216000,0.105677037558954000,0.095085989212879700,0.081748817013200600,0.068667855068933200,0.061002144116002600,0.047052137115563500,0.046351646898740100,0.045972404123319400,0.027667711453815200,0.027667711453815200,0.027667711453815200,0.027667711453815200,0.027667711453815200,0.027667711453815200,0.027667711453815200,0.027667711453815200,0.027667711453815200,0.027667711453815200,0.027667711453815200,0.027667711453815200,0.027667711453815200,0.027667711453815200,0.027667711453815200,0.027667711453815200,0.027667711453815200,0.027667711453815200,0.027667711453815200
2022,3,0,0.016886892888941200,0.054488381054011500,0.115215420923111000,0.220336134973333000,0.332639839496704000,0.480315658099950000,0.598388881661261000,0.704120613539160000,0.741351384850677000,0.750396255416958000,0.763663976288420000,0.772394924732613000,0.772721135656210000,0.756672229689125000,0.737956720005574000,0.729125723840402000,0.728346291181449000,0.727321473375991000,0.716425182550840000,0.714935420869780000,0.719405687973516000,0.728747260593784000,0.728758971716509000,0.734255880323919000,0.743417277900499000,0.757258986382383000,0.767067890585266000,0.777069280165817000,0.783246568425561000,0.786918387943206000,0.790344713905264000,0.790703898909379000,0.787777602254658000,0.781866502345664000,0.781436556530501000,0.777554595341030000,0.777335113916952000,0.768827175309288000,0.764677049646920000,0.751952623413780000,0.743067372948444000,0.734403943909266000,0.721557085126322000,0.710498921302207000,0.682669803556249000,0.655508318983696000,0.627350475380371000,0.607524771120111000,0.581951288417825000,0.531152602375143000,0.476658657123279000,0.423587922483442000,0.394284349975684000,0.361688543891024000,0.332558396542781000,0.300190345037422000,0.273825440011182000,0.248242737536094000,0.224762931572776000,0.198962888162007000,0.178074179842536000,0.153850835645671000,0.135672778264048000,0.115993255445414000,0.104274362796690000,0.093139658142914700,0.079184949245184000,0.066335692833890100,0.052183305665216400,0.043336353736272700,0.033213241826349700,0.026803815322650100,0.033221936442954800,0.033221936442954800,0.033221936442954800,0.033221936442954800,0.033221936442954800,0.033221936442954800,0.033221936442954800,0.033221936442954800,0.033221936442954800,0.033221936442954800,0.033221936442954800,0.033221936442954800,0.033221936442954800,0.033221936442954800,0.033221936442954800,0.033221936442954800,0.033221936442954800,0.033221936442954800,0.033221936442954800
2023,3,0,0.016889633742206500,0.061864305071321400,0.129827026101993000,0.223172515607398000,0.345983623611898000,0.473112935545791000,0.598051234373132000,0.686713632277592000,0.739572437337657000,0.762149993049907000,0.775226065903774000,0.785395447178234000,0.784834296328975000,0.774166104106471000,0.759488277012107000,0.749901100465613000,0.746211778316851000,0.741413101669837000,0.735956799043791000,0.731911677475582000,0.734613605301755000,0.737816105295478000,0.741447806470562000,0.745106371353143000,0.753462615391738000,0.763256424583862000,0.773330276556043000,0.781224498486237000,0.787448284852265000,0.791855618980758000,0.794323270585292000,0.794591193159889000,0.791928720099246000,0.789185745568705000,0.786306749319938000,0.785325267161791000,0.781650683702438000,0.778046584616145000,0.770433381087672000,0.762854273565555000,0.753770487404940000,0.744645883770522000,0.733687826413805000,0.715231137539227000,0.690893100572268000,0.660854245215583000,0.633483627356265000,0.607550046251823000,0.574975909632367000,0.531751433938642000,0.479359719937734000,0.434134206714348000,0.395191874964021000,0.363213651229116000,0.329196385713554000,0.297256424322808000,0.266499136480957000,0.240579899924888000,0.216723803032512000,0.196307446712292000,0.175643204087181000,0.157520035837863000,0.138462190061447000,0.122235366538911000,0.107018903539458000,0.093711021571899400,0.080026290528337700,0.065600697851253000,0.053143162972547300,0.041859686219317200,0.033157615265480000,0.025268184662168800,0.031446479731708400,0.031446479731708400,0.031446479731708400,0.031446479731708400,0.031446479731708400,0.031446479731708400,0.031446479731708400,0.031446479731708400,0.031446479731708400,0.031446479731708400,0.031446479731708400,0.031446479731708400,0.031446479731708400,0.031446479731708400,0.031446479731708400,0.031446479731708400,0.031446479731708400,0.031446479731708400,0.031446479731708400
2024,3,0,0.016885162053515400,0.061505328466020900,0.129585319862541000,0.223519220992031000,0.347388800906079000,0.475575441464591000,0.601571649007789000,0.691846505853942000,0.746872195033550000,0.772169597951038000,0.787968033616704000,0.800860547276777000,0.802068886043044000,0.792216375590965000,0.777398808076454000,0.767670543312411000,0.763838571433920000,0.758476838974897000,0.752036954855208000,0.746587178375686000,0.747882664946038000,0.749678591152770000,0.751990513693080000,0.754416201615718000,0.761625233727071000,0.770271450383117000,0.779197635675271000,0.786320259922159000,0.792148382787594000,0.796536026257490000,0.798984500752539000,0.799233828616510000,0.796736073184111000,0.794340374084515000,0.791991225768901000,0.791539089159281000,0.788394564272245000,0.785480349804255000,0.778717937049412000,0.772149455981073000,0.764076694651996000,0.755963126655925000,0.744907852278107000,0.725247193631853000,0.698598005951712000,0.666249509226895000,0.636568543558583000,0.609231610759895000,0.576163257179134000,0.533354760884790000,0.481381453395449000,0.436572449364869000,0.397027849651431000,0.363428400515821000,0.326773335830175000,0.292195025283627000,0.258799075162076000,0.232114220928561000,0.209366285644829000,0.191931505751362000,0.174248905183226000,0.159106706217645000,0.141692626605654000,0.125771369123950000,0.109522754078980000,0.095182214751203000,0.080464926121744800,0.065272097597065600,0.052311931397281300,0.040790638068336800,0.031850067087427000,0.023721921302900700,0.029657776629120200,0.029657776629120200,0.029657776629120200,0.029657776629120200,0.029657776629120200,0.029657776629120200,0.029657776629120200,0.029657776629120200,0.029657776629120200,0.029657776629120200,0.029657776629120200,0.029657776629120200,0.029657776629120200,0.029657776629120200,0.029657776629120200,0.029657776629120200,0.029657776629120200,0.029657776629120200,0.029657776629120200
2025,3,0,0.016887159842187600,0.061169967558385100,0.129393294059244000,0.223951507352794000,0.348926859430139000,0.478219782930277000,0.605322014251330000,0.697243678777197000,0.754457015405290000,0.782483558749897000,0.801010010960712000,0.816630197348207000,0.819608229467899000,0.810567506744793000,0.795604542565932000,0.785731483284641000,0.781755414516031000,0.775828654601505000,0.768402865893593000,0.761546552401766000,0.761436300033889000,0.761826546512522000,0.762819769445440000,0.764013690290945000,0.770078440342372000,0.777580544980745000,0.785362651380059000,0.791716519689611000,0.797151269803234000,0.801520906435274000,0.803951144657310000,0.804181976053534000,0.801847957215070000,0.799798564870541000,0.797978286903919000,0.798055245090561000,0.795439496446563000,0.793213949090678000,0.787299611763244000,0.781739092687186000,0.774674115369625000,0.767568326556979000,0.756411614045789000,0.735539629844367000,0.706569420487471000,0.671899227765156000,0.639896881711555000,0.611146329805764000,0.577571162938875000,0.535162184882524000,0.483587311285289000,0.439177588800172000,0.399015659530825000,0.363782350281263000,0.324475829986929000,0.287246309545408000,0.251199289421308000,0.223738706501552000,0.202090055617737000,0.187629736041449000,0.172921566469284000,0.160754099070408000,0.144976873398727000,0.129355037656368000,0.112068196792983000,0.096689657403110500,0.080934324136001400,0.064968551666491500,0.051500862638966100,0.039737373681196600,0.030554912412793900,0.022184972463858900,0.027880697625222500,0.027880697625222500,0.027880697625222500,0.027880697625222500,0.027880697625222500,0.027880697625222500,0.027880697625222500,0.027880697625222500,0.027880697625222500,0.027880697625222500,0.027880697625222500,0.027880697625222500,0.027880697625222500,0.027880697625222500,0.027880697625222500,0.027880697625222500,0.027880697625222500,0.027880697625222500,0.027880697625222500
2026,3,0,0.016906418327422900,0.061627074199368800,0.130226647366914000,0.225102236427564000,0.350340748861588000,0.479901756570982000,0.607269573788171000,0.699949509618730000,0.758414341511608000,0.788191900959536000,0.808458535162636000,0.825815589173511000,0.830474386398996000,0.823059037202391000,0.809673007567513000,0.801382687468714000,0.798996082939134000,0.793642291749529000,0.785773491338022000,0.777460544681150000,0.775901352503402000,0.774843229951960000,0.774548532081951000,0.774614521584457000,0.779716655672352000,0.786257783537699000,0.793079232484100000,0.798850691031701000,0.804081859685761000,0.808626576664418000,0.811229683500845000,0.811630875259968000,0.809445180116508000,0.807525324404474000,0.805815732700607000,0.806005540799474000,0.803499571246128000,0.801590285036387000,0.796194039140030000,0.791358052058532000,0.785015891018554000,0.778632871941171000,0.767865639998707000,0.747043387453535000,0.717785004955536000,0.682820138706824000,0.650526161597328000,0.621887140090910000,0.588817454565643000,0.547303336618380000,0.496612870143137000,0.453095726074544000,0.413035808084031000,0.377114719405340000,0.336320363089525000,0.297605375282434000,0.260074236341907000,0.230980089239781000,0.207545264701473000,0.191147731674305000,0.174502065997722000,0.160399999966575000,0.143680584152075000,0.128113260613438000,0.111875558282117000,0.097548333692911300,0.082843885522517100,0.067405484116870500,0.053944740978628100,0.041666867373656500,0.031972964918296900,0.023092510399431100,0.028293761781996500,0.028293761781996500,0.028293761781996500,0.028293761781996500,0.028293761781996500,0.028293761781996500,0.028293761781996500,0.028293761781996500,0.028293761781996500,0.028293761781996500,0.028293761781996500,0.028293761781996500,0.028293761781996500,0.028293761781996500,0.028293761781996500,0.028293761781996500,0.028293761781996500,0.028293761781996500,0.028293761781996500
2027,3,0,0.016903115402031300,0.062002305817477800,0.130886862009743000,0.225953414266744000,0.351288071629350000,0.480944379802276000,0.608407925956043000,0.701723069529365000,0.761362495606941000,0.792852955735730000,0.814834348723274000,0.833906729949241000,0.840241658201559000,0.834463121914096000,0.822673394665965000,0.815978381429721000,0.815185930382267000,0.810412799609544000,0.802111078209951000,0.792351224585516000,0.789343805991772000,0.786837359132780000,0.785253917176622000,0.784190821495227000,0.788322615879947000,0.793893122912847000,0.799743896261823000,0.804924686613739000,0.809945094896123000,0.814658987882037000,0.817431650048727000,0.818002827315640000,0.815968515144568000,0.814180882546134000,0.812584364954587000,0.812886876089195000,0.810494136232667000,0.808903959957564000,0.804033502035308000,0.799929190281817000,0.794318998823787000,0.788667957310590000,0.778304954260545000,0.757560289814377000,0.728052538347112000,0.692839417977335000,0.660296664948049000,0.631807528469912000,0.599287968569500000,0.558725000994234000,0.508987477629934000,0.466421875254890000,0.426517567518356000,0.389956024492539000,0.347726909878399000,0.307576757536789000,0.268610222778900000,0.237919825148364000,0.212728438030445000,0.194413761165319000,0.175851000127255000,0.159831341803837000,0.142191175486236000,0.126699206815960000,0.111533320771842000,0.098277539229019300,0.084644607801359200,0.069754694713477800,0.056318881713573400,0.043542535341553400,0.033349655301167000,0.023970064277875200,0.028669428081063200,0.028669428081063200,0.028669428081063200,0.028669428081063200,0.028669428081063200,0.028669428081063200,0.028669428081063200,0.028669428081063200,0.028669428081063200,0.028669428081063200,0.028669428081063200,0.028669428081063200,0.028669428081063200,0.028669428081063200,0.028669428081063200,0.028669428081063200,0.028669428081063200,0.028669428081063200,0.028669428081063200
2028,3,0,0.016900005801957800,0.062378099653115400,0.131548313522501000,0.226806836799325000,0.352239026818948000,0.481992072611682000,0.609552759779116000,0.703503930517284000,0.764318182952858000,0.797521251897917000,0.821217003047646000,0.842004277595321000,0.850014773110507000,0.845872363234360000,0.835678198934572000,0.830577811392048000,0.831378900167017000,0.827186155331622000,0.818451582815195000,0.807245260125626000,0.802790130247668000,0.798835879942649000,0.795964164722073000,0.793772400033401000,0.796934269710436000,0.801534587361309000,0.806415119768758000,0.811005524832741000,0.815815309731496000,0.820698368121642000,0.823640552813211000,0.824381657603575000,0.822498647869853000,0.820843167920286000,0.819359663411115000,0.819774838271208000,0.817495257974954000,0.816224052528183000,0.811879127807391000,0.808506167222989000,0.803627603964851000,0.798708198166572000,0.788749152930520000,0.768081811429945000,0.738324450277069000,0.702862769816100000,0.670070965438578000,0.641731333411873000,0.609761320951795000,0.570148682058796000,0.521363175183930000,0.479748269908049000,0.439999059964858000,0.402796890059178000,0.359133081488322000,0.317547852731432000,0.277146023812762000,0.244859632364775000,0.217912062669864000,0.197680761018168000,0.177201420832610000,0.159264715517031000,0.140703947484943000,0.125287129063808000,0.111192480439838000,0.099007584922703200,0.086445608903521300,0.072103806898123100,0.058692761907594100,0.045417986657453600,0.034726202468743200,0.024847557679525700,0.029045277666497300,0.029045277666497300,0.029045277666497300,0.029045277666497300,0.029045277666497300,0.029045277666497300,0.029045277666497300,0.029045277666497300,0.029045277666497300,0.029045277666497300,0.029045277666497300,0.029045277666497300,0.029045277666497300,0.029045277666497300,0.029045277666497300,0.029045277666497300,0.029045277666497300,0.029045277666497300,0.029045277666497300
2029,3,0,0.016893203062194800,0.062740034967171600,0.132180615843690000,0.227610170545621000,0.353112411934168000,0.482933769826757000,0.610563651581623000,0.705129935321503000,0.767105028938692000,0.802012442977635000,0.827416366190869000,0.849912983547768000,0.859596312349069000,0.857089975108792000,0.848492666905398000,0.844987085067210000,0.847380604032088000,0.843768821471910000,0.834603561370586000,0.821954067970103000,0.816053049831408000,0.810652709647178000,0.806494104495159000,0.803174811874708000,0.805366634327085000,0.808996325736502000,0.812906119107975000,0.816905481466804000,0.821503714899890000,0.826554771875872000,0.829665736410918000,0.830576507042904000,0.828845122714850000,0.827322079865918000,0.825951846514575000,0.826479528259287000,0.824313539564326000,0.823361395827024000,0.819542646084499000,0.816901345242905000,0.812755047776075000,0.808567924209404000,0.799014777311851000,0.778429232054533000,0.748428913646660000,0.712726572083738000,0.679693031902136000,0.651509012740849000,0.620095215276298000,0.581441008553672000,0.533617626193104000,0.492961959057564000,0.453376446595278000,0.415542159250175000,0.370454044572570000,0.327443673020606000,0.285616224954297000,0.251741834606338000,0.223045003927032000,0.200902624744658000,0.178512306871087000,0.158663600383624000,0.139186828564086000,0.123848487006295000,0.110827529215381000,0.099715555800597000,0.088226653669543400,0.074435776968570900,0.061052417610928900,0.047282408126179200,0.036094349974459000,0.025719103910171100,0.029414556479261100,0.029414556479261100,0.029414556479261100,0.029414556479261100,0.029414556479261100,0.029414556479261100,0.029414556479261100,0.029414556479261100,0.029414556479261100,0.029414556479261100,0.029414556479261100,0.029414556479261100,0.029414556479261100,0.029414556479261100,0.029414556479261100,0.029414556479261100,0.029414556479261100,0.029414556479261100,0.029414556479261100
2030,3,0,0.016892683567188400,0.063125137999337800,0.132861784301481000,0.228497773670212000,0.354116693385549000,0.484054596784677000,0.611801091437739000,0.707017378080896000,0.770175850079092000,0.806799848119334000,0.833920647582533000,0.858134230594044000,0.869493267816296000,0.868621362585848000,0.861617022435813000,0.859704252071652000,0.863690401103077000,0.860657986372222000,0.851058817968633000,0.836962076501484000,0.829613602768919000,0.822765791594111000,0.817319308056321000,0.812871742030088000,0.814094752390721000,0.816755587491454000,0.819696515940628000,0.823106578496230000,0.827495061583251000,0.832715922161541000,0.835996749960070000,0.837077451515278000,0.835496983230775000,0.834105753888058000,0.832848233213300000,0.833488569270449000,0.831435317722916000,0.830801743482322000,0.827507521066661000,0.825596581020453000,0.822180690630239000,0.818723975395656000,0.809572999450537000,0.789061562016761000,0.758807238558785000,0.722851067292766000,0.689563615337840000,0.661524663795142000,0.630655161793424000,0.592944601711662000,0.546065147959857000,0.506353189013526000,0.466916586609250000,0.428436390246870000,0.381907824397531000,0.337456937779664000,0.294188938270522000,0.258714643747861000,0.228258641513316000,0.204197781053376000,0.179888989526780000,0.158121731227377000,0.137722111718554000,0.122456510767925000,0.110503937880928000,0.100460290665513000,0.090039726325033500,0.076794409268308300,0.063433748087057000,0.049163599732855100,0.037475323312245100,0.026599833983699700,0.029794610590384400,0.029794610590384400,0.029794610590384400,0.029794610590384400,0.029794610590384400,0.029794610590384400,0.029794610590384400,0.029794610590384400,0.029794610590384400,0.029794610590384400,0.029794610590384400,0.029794610590384400,0.029794610590384400,0.029794610590384400,0.029794610590384400,0.029794610590384400,0.029794610590384400,0.029794610590384400,0.029794610590384400
2031,3,0,0.016914704926554400,0.063391116737127300,0.133360902222760000,0.229222334907237000,0.355064325448751000,0.485230929915778000,0.613203268908893000,0.709018612309168000,0.773149969295130000,0.811127880799367000,0.839590205324792000,0.865141523541340000,0.877826483103635000,0.878269500279649000,0.872577032637518000,0.871982772168835000,0.877295120946990000,0.874759700268464000,0.864828909203963000,0.849574625753491000,0.841077407102220000,0.833081503674108000,0.826590842756703000,0.821202489641348000,0.821594193193642000,0.823425595839225000,0.825537456963883000,0.828478722423518000,0.832759342550624000,0.838233083922851000,0.841764263482032000,0.843092448705889000,0.841753242415287000,0.840600769194242000,0.839579426379473000,0.840458414349058000,0.838640303344061000,0.838421958727716000,0.835717735891935000,0.834576837062756000,0.831929026031218000,0.829240336935908000,0.820593571908651000,0.800315143692851000,0.770024736429807000,0.734025048410654000,0.700697558654104000,0.672991024339842000,0.642815862718612000,0.606156338058106000,0.560315967126794000,0.521652434571399000,0.482436367204119000,0.443349702343224000,0.395375925804058000,0.349482536966029000,0.304773577252357000,0.268055805267092000,0.236550190274501000,0.211635376626713000,0.186472308708493000,0.163854087168767000,0.142470626976764000,0.126093217765487000,0.112898495191012000,0.101615186770073000,0.089954469873632700,0.076040509626890600,0.062586246615759900,0.048796502544255200,0.037591996143317300,0.027201336386443100,0.030899284611005000,0.030899284611005000,0.030899284611005000,0.030899284611005000,0.030899284611005000,0.030899284611005000,0.030899284611005000,0.030899284611005000,0.030899284611005000,0.030899284611005000,0.030899284611005000,0.030899284611005000,0.030899284611005000,0.030899284611005000,0.030899284611005000,0.030899284611005000,0.030899284611005000,0.030899284611005000,0.030899284611005000
2032,3,0,0.016908631453196000,0.063551977863708300,0.133638818855604000,0.229566566817317000,0.355422664223583000,0.485601822739184000,0.613587503664134000,0.709843205110091000,0.774841766414685000,0.814111742688513000,0.843869548694861000,0.870717393631924000,0.884708442358847000,0.886466886937768000,0.882096992323500000,0.882823474296479000,0.889454444661451000,0.887420701608969000,0.877174481769205000,0.860786919203923000,0.851153995214433000,0.842022206443505000,0.834497171145859000,0.828176099292464000,0.827735060134455000,0.828733203124619000,0.830011703891120000,0.832478840705797000,0.836644380795986000,0.842362143246594000,0.846138041389519000,0.847711736214608000,0.846616245714954000,0.845704669659199000,0.844921425349016000,0.846037829481496000,0.844458103072411000,0.844655743018818000,0.842546571723361000,0.842178337486517000,0.840303732126286000,0.838388263380150000,0.830260557934246000,0.810249065716854000,0.779972889297878000,0.743989482123945000,0.710677313720563000,0.683349564261267000,0.653919555680361000,0.618372994154462000,0.573648882875520000,0.536099033023214000,0.497168893840552000,0.457540157786191000,0.408199548187386000,0.360938579295943000,0.314861614242174000,0.276960223144191000,0.244456373118081000,0.218728213493460000,0.192751888737751000,0.169319496596049000,0.146986810493218000,0.129523765925301000,0.115107653254136000,0.102602268415168000,0.089719610614757700,0.075159503716268400,0.061633914184430400,0.048347949243710300,0.037646293705982500,0.027758192588721500,0.031953640731174900,0.031953640731174900,0.031953640731174900,0.031953640731174900,0.031953640731174900,0.031953640731174900,0.031953640731174900,0.031953640731174900,0.031953640731174900,0.031953640731174900,0.031953640731174900,0.031953640731174900,0.031953640731174900,0.031953640731174900,0.031953640731174900,0.031953640731174900,0.031953640731174900,0.031953640731174900,0.031953640731174900
2033,3,0,0.016902537199322600,0.063712628747785900,0.133916336795554000,0.229910209649317000,0.355780216576936000,0.485971726484718000,0.613970549380871000,0.710666148928900000,0.776531194044425000,0.817092247221523000,0.848144558532821000,0.876287957590734000,0.891584135126711000,0.894657058229926000,0.891608791739800000,0.893655064987330000,0.901603698515459000,0.900071275228182000,0.889509868759345000,0.871989866687068000,0.861222068665801000,0.850955225242609000,0.842396570842709000,0.835143460611722000,0.833870278439478000,0.834035759701554000,0.834481497692672000,0.836474843261033000,0.840525379902311000,0.846486979388329000,0.850507414458558000,0.852326439934922000,0.851474491536735000,0.850803640710840000,0.850258324792175000,0.851611972639832000,0.850270461692459000,0.850883786665856000,0.849369241992809000,0.849773117073597000,0.848671163961280000,0.847528362191149000,0.839919355025935000,0.820174636549061000,0.789912725769185000,0.753945641249624000,0.720648832725638000,0.693699636286094000,0.665014288487288000,0.630579942348284000,0.586971354253103000,0.550534441818193000,0.511890083039251000,0.471719724677525000,0.421013338649396000,0.372385843779002000,0.324941926004472000,0.285857823613246000,0.252356504987401000,0.225815622740315000,0.199026664806475000,0.174780722595690000,0.151499526632356000,0.132951653642348000,0.117315050933353000,0.103588487386953000,0.089484786856833600,0.074279019773693100,0.060682175148102700,0.047899646701895200,0.037700496215018600,0.028314606925163200,0.033007190864778900,0.033007190864778900,0.033007190864778900,0.033007190864778900,0.033007190864778900,0.033007190864778900,0.033007190864778900,0.033007190864778900,0.033007190864778900,0.033007190864778900,0.033007190864778900,0.033007190864778900,0.033007190864778900,0.033007190864778900,0.033007190864778900,0.033007190864778900,0.033007190864778900,0.033007190864778900,0.033007190864778900
2034,3,0,0.016894244406925000,0.063864836195097700,0.134176158820479000,0.230223584785361000,0.356091078682538000,0.486277955326292000,0.614273220743547000,0.711395737090398000,0.778117941379697000,0.819963684640671000,0.852305351253933000,0.881739532796318000,0.898337734356962000,0.902723616891737000,0.900996251419887000,0.904360926181631000,0.913625065383668000,0.912593735098410000,0.901718787161471000,0.883069593368895000,0.871169290833175000,0.859769697115123000,0.850179418951142000,0.841996009034132000,0.839891557888450000,0.839225064334110000,0.838838690008102000,0.840358387575884000,0.844293490519178000,0.850497942303840000,0.854762182054791000,0.856826092276517000,0.856217589832720000,0.855787346875209000,0.855479827999302000,0.857070341212296000,0.855967017940166000,0.856995594282395000,0.856075367745586000,0.857250642522852000,0.856920827902642000,0.856550184665954000,0.849460426486016000,0.829984829042588000,0.799741117259868000,0.763795030833294000,0.730517910300491000,0.703950458371532000,0.676012877692021000,0.642694290080529000,0.600205961617222000,0.564885790217146000,0.526532007065486000,0.485825724589275000,0.433761335241973000,0.383774817098265000,0.334971295358954000,0.294710583726514000,0.260217013061710000,0.232867560068321000,0.205270153100095000,0.180214514190078000,0.155988650787352000,0.136359290663161000,0.119505275068189000,0.104560361524533000,0.089238496029657200,0.073389600636660500,0.059723334279523100,0.047445480533081900,0.037749737278440000,0.028866856215262100,0.034055541143050800,0.034055541143050800,0.034055541143050800,0.034055541143050800,0.034055541143050800,0.034055541143050800,0.034055541143050800,0.034055541143050800,0.034055541143050800,0.034055541143050800,0.034055541143050800,0.034055541143050800,0.034055541143050800,0.034055541143050800,0.034055541143050800,0.034055541143050800,0.034055541143050800,0.034055541143050800,0.034055541143050800
2035,3,0,0.016888702319555600,0.064027291812514200,0.134457560706102000,0.230574095710519000,0.356459521690775000,0.486662913461869000,0.614675412955511000,0.712240271041301000,0.779829769751072000,0.822965948037450000,0.856601167449357000,0.887329855578901000,0.905231711280584000,0.910930190920866000,0.910522364743838000,0.915204908377555000,0.925784981156528000,0.925254166218263000,0.914064167170239000,0.894283676959597000,0.881249864059801000,0.868716595722205000,0.858093980560599000,0.848979703289065000,0.846044321771887000,0.844546426129979000,0.843328557824444000,0.844375241901978000,0.848195644759550000,0.854643757776261000,0.859152295237836000,0.861461224979236000,0.861095870395797000,0.860905968488056000,0.860836002069495000,0.862663445098216000,0.861797935343789000,0.863241590226421000,0.862915045910378000,0.864861279871423000,0.865302918173376000,0.865703741252511000,0.859131655548579000,0.839921795686942000,0.809691355903788000,0.773760412117321000,0.740497558681345000,0.714307223788231000,0.687112260627862000,0.654903106770894000,0.613527220157871000,0.579317139123646000,0.541247464443171000,0.499999085107349000,0.446569347822144000,0.395216800103434000,0.345046860712017000,0.303603963868221000,0.268113350979654000,0.239951547038550000,0.211541870462889000,0.185673128128884000,0.160499435806669000,0.139786285607939000,0.121713116207013000,0.105548422584330000,0.089006900667963700,0.072512829236902200,0.058774978332661000,0.046999392069507200,0.037805069247429600,0.029423341960718500,0.035108564545645400,0.035108564545645400,0.035108564545645400,0.035108564545645400,0.035108564545645400,0.035108564545645400,0.035108564545645400,0.035108564545645400,0.035108564545645400,0.035108564545645400,0.035108564545645400,0.035108564545645400,0.035108564545645400,0.035108564545645400,0.035108564545645400,0.035108564545645400,0.035108564545645400,0.035108564545645400,0.035108564545645400
2036,3,0,0.016907390806002900,0.064246723387262800,0.134870287222647000,0.231175318793808000,0.357248960665105000,0.487645346447171000,0.615848415581938000,0.713878387380177000,0.782208066485592000,0.826365602358779000,0.861011665906681000,0.892747981899623000,0.911531632368961000,0.917986763577612000,0.918217192588484000,0.923543624247096000,0.934774111064119000,0.934609745255211000,0.923502730268312000,0.903524048198620000,0.890299509092557000,0.877576068434960000,0.866568570094023000,0.856874253594867000,0.853168845088585000,0.850902513132498000,0.848916518381889000,0.849561376093806000,0.853346816092126000,0.860126668187579000,0.864964798456927000,0.867600886992030000,0.867536785960471000,0.867625385788688000,0.867811107856656000,0.869896338983237000,0.869285637393063000,0.871103951749369000,0.871267404125620000,0.873823445824421000,0.874873226927709000,0.875882147643387000,0.869755660338204000,0.850822631082494000,0.820702043646777000,0.784874644216181000,0.751718287557725000,0.726084634965785000,0.699887601723362000,0.669113188550270000,0.629161899014016000,0.596384344502996000,0.558867434175245000,0.517292810471184000,0.462647858054646000,0.410082393754742000,0.358700846417885000,0.316021830211853000,0.279267516087011000,0.249815952253198000,0.220116241497066000,0.192960276697441000,0.166711570950161000,0.145139783137522000,0.126422337360133000,0.109615479217958000,0.092431375796216000,0.075287401722685000,0.060895324475346900,0.048460309602814600,0.038609414513185100,0.029572014150604400,0.034617129687001000,0.034617129687001000,0.034617129687001000,0.034617129687001000,0.034617129687001000,0.034617129687001000,0.034617129687001000,0.034617129687001000,0.034617129687001000,0.034617129687001000,0.034617129687001000,0.034617129687001000,0.034617129687001000,0.034617129687001000,0.034617129687001000,0.034617129687001000,0.034617129687001000,0.034617129687001000,0.034617129687001000
2037,3,0,0.016904118070294500,0.064382839559144900,0.135108069684374000,0.231476580898527000,0.357574724624530000,0.487994775514903000,0.616221934314659000,0.714590013106642000,0.783571725014544000,0.828694149424201000,0.864306942628558000,0.897010551512982000,0.916652384367848000,0.923856466641111000,0.924725433889892000,0.930689417361598000,0.942556313153512000,0.942758944625803000,0.931749427694138000,0.911598343577130000,0.898200095035456000,0.885302847945449000,0.873924423993357000,0.863662140665982000,0.859190819041827000,0.856158295408198000,0.853406054715636000,0.853647881016539000,0.857393405467221000,0.864496486172335000,0.869658220907232000,0.872618340153463000,0.872855850979756000,0.873223091583261000,0.873664494102213000,0.876005037994948000,0.875650171018171000,0.877841123165708000,0.878494807020528000,0.881657890426772000,0.883315004801880000,0.884931266698655000,0.879258748480196000,0.860627413968866000,0.830655933551170000,0.794978745796764000,0.761972083785161000,0.736928943361520000,0.711764805018902000,0.682466446460330000,0.643992987891395000,0.612691875739657000,0.575777003357663000,0.533929881241436000,0.478139638611870000,0.424428481575858000,0.371901012334042000,0.328040227825336000,0.290068836699883000,0.259364620421007000,0.228412305253201000,0.200003243653200000,0.172712664481743000,0.150309496934482000,0.130971517905034000,0.113543756681506000,0.095738823201158100,0.077966639084301800,0.062938446896568400,0.049859566041362600,0.039364304765262000,0.029682380749379700,0.034080246703135700,0.034080246703135700,0.034080246703135700,0.034080246703135700,0.034080246703135700,0.034080246703135700,0.034080246703135700,0.034080246703135700,0.034080246703135700,0.034080246703135700,0.034080246703135700,0.034080246703135700,0.034080246703135700,0.034080246703135700,0.034080246703135700,0.034080246703135700,0.034080246703135700,0.034080246703135700,0.034080246703135700
2038,3,0,0.016901266302465700,0.064520505252760700,0.135349121170120000,0.231783482165463000,0.357909250283810000,0.488356196449768000,0.616610620471596000,0.715319126570538000,0.784954348122377000,0.831042432080563000,0.867622489132484000,0.901293852651287000,0.921794044793632000,0.929746985732788000,0.931254281495696000,0.937855733939299000,0.950359102866747000,0.950928603711763000,0.940016276116907000,0.919692351988459000,0.906120124214762000,0.893048813372509000,0.881299315610682000,0.870469016349651000,0.865231948013680000,0.861433434939345000,0.857915157521630000,0.857754104410214000,0.861459820785339000,0.868886189406165000,0.874371539566790000,0.877655645656897000,0.878194664983832000,0.878840454548017000,0.879537455862128000,0.882133278160029000,0.882034144311106000,0.884597653674441000,0.885741407660264000,0.889511391429532000,0.891775660228478000,0.893999083441010000,0.888780228997860000,0.870450017270954000,0.840626845572975000,0.805098929105666000,0.772241087856656000,0.747787623795354000,0.723655381293879000,0.695831815096091000,0.658834696750710000,0.629008714829394000,0.592694745599711000,0.550574184585126000,0.493637681163411000,0.438779912588209000,0.385105632116055000,0.340062418185243000,0.300873447982054000,0.268916270534563000,0.236711036053058000,0.207048626085995000,0.178715873185923000,0.155481070720527000,0.135522302997109000,0.117473430820996000,0.099047450017984300,0.080646842080327600,0.064982392180122100,0.051259553785415600,0.040119899106602300,0.029793444475937300,0.033544404518435100,0.033544404518435100,0.033544404518435100,0.033544404518435100,0.033544404518435100,0.033544404518435100,0.033544404518435100,0.033544404518435100,0.033544404518435100,0.033544404518435100,0.033544404518435100,0.033544404518435100,0.033544404518435100,0.033544404518435100,0.033544404518435100,0.033544404518435100,0.033544404518435100,0.033544404518435100,0.033544404518435100
2039,3,0,0.016898046596533500,0.064656712988661900,0.135587131343851000,0.232085213262810000,0.358235842468386000,0.488706826533396000,0.616985706131652000,0.716032362413990000,0.786319338719122000,0.833371729264697000,0.870917904191404000,0.905555939693641000,0.926913735296884000,0.935615092317067000,0.937760454419875000,0.944999002762099000,0.958138343267945000,0.959074569284279000,0.948259634339717000,0.927763375959561000,0.914017527730126000,0.900772501007025000,0.888652319211432000,0.877254444462144000,0.871252018776184000,0.866687874305829000,0.862403912106960000,0.861840127801804000,0.865505969501804000,0.873255347801583000,0.879064077406864000,0.882671982280539000,0.883512390047883000,0.884436614428080000,0.885389107517745000,0.888240059864152000,0.888396569455224000,0.891332446259922000,0.892966069388958000,0.897342653239597000,0.900213808959925000,0.903044126874959000,0.898278887194098000,0.880250090253869000,0.850575825060859000,0.815197901857358000,0.782489545220506000,0.758626079557036000,0.735525889087248000,0.709177192948361000,0.673656692231545000,0.645305961831068000,0.609593472677104000,0.567200490486679000,0.509119380926696000,0.453116610212428000,0.398297102145695000,0.352072866801440000,0.311667610353103000,0.278458619404473000,0.245001618676910000,0.214086958053506000,0.184713024260653000,0.160647392802871000,0.140068495063985000,0.121399129035642000,0.102352726219922000,0.083324321866944500,0.067024184741873800,0.052657919674562600,0.040874346224399900,0.029903817907068900,0.033008022503160300,0.033008022503160300,0.033008022503160300,0.033008022503160300,0.033008022503160300,0.033008022503160300,0.033008022503160300,0.033008022503160300,0.033008022503160300,0.033008022503160300,0.033008022503160300,0.033008022503160300,0.033008022503160300,0.033008022503160300,0.033008022503160300,0.033008022503160300,0.033008022503160300,0.033008022503160300,0.033008022503160300
2040,3,0,0.016896495218835500,0.064799262292998100,0.135838453426356000,0.232409760255506000,0.358597691477847000,0.489105580916013000,0.617421567140389000,0.716816051604920000,0.787761534265008000,0.835782602089850000,0.874298327043501000,0.909906179563462000,0.932123444019728000,0.941573864458216000,0.944357324474415000,0.952233503134235000,0.966009932217107000,0.967312872263722000,0.956594235309694000,0.935923668852458000,0.922002892803555000,0.908582892281510000,0.896090935130867000,0.884124520426664000,0.877356361153595000,0.872026351050254000,0.866976497495392000,0.866010040052516000,0.869636380061599000,0.877709441529455000,0.883842032470101000,0.887774000732695000,0.888915794788522000,0.890118466583043000,0.891326473312624000,0.894432765004991000,0.894844861313718000,0.898153290142061000,0.900276805326626000,0.905260249881196000,0.908738404515965000,0.912175725094681000,0.907863501913202000,0.890134255676385000,0.860605926837124000,0.825374463629428000,0.792812321900522000,0.769536333349402000,0.747465624154224000,0.722588781766224000,0.688540976846326000,0.661662283999714000,0.626547581189194000,0.583878071586074000,0.524646947831128000,0.467493972113540000,0.411524150410380000,0.364114665855994000,0.322489479510108000,0.288025751530432000,0.253314036541131000,0.221144428248554000,0.190726708998526000,0.165828108401589000,0.144627225076337000,0.125335698151133000,0.105667169053584000,0.086009267873902800,0.069072014552601000,0.054061086851450300,0.041632613655415400,0.030017110948076400,0.032475048979551000,0.032475048979551000,0.032475048979551000,0.032475048979551000,0.032475048979551000,0.032475048979551000,0.032475048979551000,0.032475048979551000,0.032475048979551000,0.032475048979551000,0.032475048979551000,0.032475048979551000,0.032475048979551000,0.032475048979551000,0.032475048979551000,0.032475048979551000,0.032475048979551000,0.032475048979551000,0.032475048979551000
女性無配偶,,,,,,,,,,,,,,,,,,,,,,,,,,,,,,,,,,,,,,,,,,,,,,,,,,,,,,,,,,,,,,,,,,,,,,,,,,,,,,,,,,,,,,,,,,,,,
年度,性,合計,15.000000000000000000,16.000000000000000000,17.000000000000000000,18.000000000000000000,19.000000000000000000,20.000000000000000000,21.000000000000000000,22.000000000000000000,23.000000000000000000,24.000000000000000000,25.000000000000000000,26.000000000000000000,27.000000000000000000,28.000000000000000000,29.000000000000000000,30.000000000000000000,31.000000000000000000,32.000000000000000000,33.000000000000000000,34.000000000000000000,35.000000000000000000,36.000000000000000000,37.000000000000000000,38.000000000000000000,39.000000000000000000,40.000000000000000000,41.000000000000000000,42.000000000000000000,43.000000000000000000,44.000000000000000000,45.000000000000000000,46.000000000000000000,47.000000000000000000,48.000000000000000000,49.000000000000000000,50.000000000000000000,51.000000000000000000,52.000000000000000000,53.000000000000000000,54.000000000000000000,55.000000000000000000,56.000000000000000000,57.000000000000000000,58.000000000000000000,59.000000000000000000,60.000000000000000000,61.000000000000000000,62.000000000000000000,63.000000000000000000,64.000000000000000000,65.000000000000000000,66.000000000000000000,67.000000000000000000,68.000000000000000000,69.000000000000000000,70.000000000000000000,71.000000000000000000,72.000000000000000000,73.000000000000000000,74.000000000000000000,75.000000000000000000,76.000000000000000000,77.000000000000000000,78.000000000000000000,79.000000000000000000,80.000000000000000000,81.000000000000000000,82.000000000000000000,83.000000000000000000,84.000000000000000000,85.000000000000000000,86.000000000000000000,87.000000000000000000,88.000000000000000000,89.000000000000000000,90.000000000000000000,91.000000000000000000,92.000000000000000000,93.000000000000000000,94.000000000000000000,95.000000000000000000,96.000000000000000000,97.000000000000000000,98.000000000000000000,99.000000000000000000,100.000000000000000000,101.000000000000000000,102.000000000000000000,103.000000000000000000,104.000000000000000000,105.000000000000000000
2020,4,0,0.015860073278811800,0.068366923134560800,0.149435999948843000,0.288198680317444000,0.446403978970958000,0.573989171648365000,0.647060373105038000,0.732656379784943000,0.807551898975045000,0.863609079346125000,0.877934931747481000,0.880777854234413000,0.879341035677504000,0.877095996948542000,0.868473501082616000,0.861903320709454000,0.863736348570150000,0.855769180428693000,0.847609052783598000,0.838512238165954000,0.851133846220789000,0.853770047700197000,0.842243866241145000,0.830802400822246000,0.833992567280963000,0.842154871904975000,0.846012915016530000,0.839558035018267000,0.847552649624476000,0.850612218745433000,0.844873257794915000,0.832669096452800000,0.829890687761692000,0.838744738320333000,0.826390241732587000,0.824028185057687000,0.815588315562269000,0.825265882572434000,0.820648441601226000,0.809594830411434000,0.801292762474546000,0.798070657651631000,0.789950785820448000,0.771935857570613000,0.740385678955463000,0.720789382699549000,0.697948712638195000,0.671055681191267000,0.648370732172763000,0.601062683461853000,0.554155131765934000,0.483642059675333000,0.444561580868699000,0.405506126745462000,0.378040848100294000,0.332301912735831000,0.300632927354929000,0.267276409554071000,0.240223827880183000,0.208795062920030000,0.181686346375355000,0.161757888586816000,0.135564949111213000,0.113925408963377000,0.091821908269119100,0.075350871362153300,0.062210395821351000,0.053354024071289200,0.045112705663262500,0.036388527836719900,0.030947573823834100,0.029890156026477000,0.012954037937762800,0.012954037937762800,0.012954037937762800,0.012954037937762800,0.012954037937762800,0.012954037937762800,0.012954037937762800,0.012954037937762800,0.012954037937762800,0.012954037937762800,0.012954037937762800,0.012954037937762800,0.012954037937762800,0.012954037937762800,0.012954037937762800,0.012954037937762800,0.012954037937762800,0.012954037937762800,0.012954037937762800
2021,4,0,0.016737384186023500,0.063731066346958000,0.145307200983440000,0.295362977744305000,0.451608223322876000,0.580423489335916000,0.659094120891128000,0.747987833402070000,0.822414637607455000,0.864487058117400000,0.881326812545675000,0.888437160810403000,0.895615650306987000,0.881834410118475000,0.876109101508036000,0.862644157510578000,0.870581249089748000,0.872352811241285000,0.868919473856130000,0.854469265094426000,0.838182994111519000,0.841877713262880000,0.839903194828468000,0.837289150292091000,0.831414141830163000,0.840641424976125000,0.846499486009917000,0.843551202524193000,0.835583433884812000,0.844116348117652000,0.850370744294455000,0.852574847942490000,0.838865022137853000,0.840317760398352000,0.842079760620852000,0.839405336442354000,0.828449445470837000,0.818842152697155000,0.825075877523131000,0.816612187426085000,0.811646962353302000,0.793254107037772000,0.792094079423369000,0.779173901045403000,0.765621799710564000,0.728763901431196000,0.709021620725328000,0.681063627722654000,0.644668138329836000,0.590583376085626000,0.538733946877413000,0.496423766751056000,0.451073012913475000,0.417848852114673000,0.386421472187726000,0.351426305849766000,0.309504679429213000,0.280869007558695000,0.257754208369171000,0.228620405016370000,0.189034402658588000,0.152059815307507000,0.128899255896741000,0.107116669124528000,0.098640788493578000,0.080752236090566900,0.071942912972602400,0.056128904214894800,0.046077785248962500,0.037425249998100500,0.031294537386935500,0.029041425264802400,0.013044965010149700,0.013044965010149700,0.013044965010149700,0.013044965010149700,0.013044965010149700,0.013044965010149700,0.013044965010149700,0.013044965010149700,0.013044965010149700,0.013044965010149700,0.013044965010149700,0.013044965010149700,0.013044965010149700,0.013044965010149700,0.013044965010149700,0.013044965010149700,0.013044965010149700,0.013044965010149700,0.013044965010149700
2022,4,0,0.023438835836055300,0.075629319549587800,0.159917834178204000,0.305824317733010000,0.464024712959459000,0.583610783496402000,0.648651371999737000,0.733015576291599000,0.808696503508559000,0.863656985455129000,0.881458775716421000,0.885658497164279000,0.889977191035132000,0.888802963278776000,0.882382615225078000,0.875873433238162000,0.862801862180327000,0.868583621186472000,0.860178927564553000,0.858911558996293000,0.849339828337548000,0.843216226811457000,0.843633298419770000,0.840786936792996000,0.841452873301734000,0.844018643344002000,0.850049833057064000,0.847645925528378000,0.843448308620678000,0.838681354881452000,0.849990015247377000,0.847138204476007000,0.850951948239329000,0.838251047103561000,0.846035747172077000,0.840109055373110000,0.842312283611149000,0.836052649607159000,0.834949649690087000,0.834669806415764000,0.822326386524451000,0.804013796171402000,0.789109391497780000,0.774657005859257000,0.756618761909104000,0.730886886193301000,0.703133963651818000,0.687291919141924000,0.663495976312683000,0.608609053072490000,0.551132137651788000,0.496632558874149000,0.469703651224018000,0.433328108199382000,0.393238999189402000,0.351523233730434000,0.320765157267832000,0.285692232406297000,0.259877521520243000,0.226654017290783000,0.193759638003072000,0.164186900842464000,0.137279167094701000,0.124284898305962000,0.101227526925416000,0.090405122720018500,0.066676456404812800,0.059950067486121100,0.044035728955272700,0.041039359018455000,0.032359591076922500,0.025498460642226600,0.014720459449880900,0.014720459449880900,0.014720459449880900,0.014720459449880900,0.014720459449880900,0.014720459449880900,0.014720459449880900,0.014720459449880900,0.014720459449880900,0.014720459449880900,0.014720459449880900,0.014720459449880900,0.014720459449880900,0.014720459449880900,0.014720459449880900,0.014720459449880900,0.014720459449880900,0.014720459449880900,0.014720459449880900
2023,4,0,0.023442640112552900,0.086172309597954100,0.181562920824947000,0.313713109478194000,0.459048264663423000,0.577423746476778000,0.671183169946219000,0.747830272489783000,0.818641896370177000,0.864787549946712000,0.887102267644332000,0.892533649485470000,0.892730721776720000,0.890479252765162000,0.885709962422614000,0.876974247307340000,0.872306561372631000,0.867132678834522000,0.866019912252300000,0.859914228284068000,0.854569031759839000,0.849785406426358000,0.847038421564924000,0.846349470314840000,0.846171355062932000,0.848952903885869000,0.850711005277736000,0.850514100914830000,0.847017053673913000,0.848391426753588000,0.850214474689755000,0.854898219361230000,0.850970789689380000,0.849982750882848000,0.845140685036975000,0.845267468661626000,0.840712047766323000,0.838491169173320000,0.836168849772688000,0.832544656632935000,0.823183002271460000,0.808945702889533000,0.794969623258800000,0.782049329705015000,0.766483615780604000,0.746483669967135000,0.727215909452936000,0.706830486227409000,0.675635849681956000,0.628797591883822000,0.571723127635851000,0.523969514507552000,0.483635124222985000,0.448489293913582000,0.408798001414708000,0.370979501687044000,0.334833334728703000,0.304062130475307000,0.272542734480157000,0.241823389105907000,0.209851164989382000,0.179984539397056000,0.156131376170625000,0.133829369593224000,0.116269025341544000,0.095129967826710800,0.079435454674283800,0.062388967542031400,0.052599980478466900,0.042505374338637900,0.035428994029173200,0.027064151128439300,0.015388112630826500,0.015388112630826500,0.015388112630826500,0.015388112630826500,0.015388112630826500,0.015388112630826500,0.015388112630826500,0.015388112630826500,0.015388112630826500,0.015388112630826500,0.015388112630826500,0.015388112630826500,0.015388112630826500,0.015388112630826500,0.015388112630826500,0.015388112630826500,0.015388112630826500,0.015388112630826500,0.015388112630826500
2024,4,0,0.023436433454061600,0.085979174480683800,0.182591039628203000,0.317369579429103000,0.466746424588105000,0.589170734201212000,0.686985502802362000,0.765218238588722000,0.835142798173409000,0.877933675464731000,0.896899926340568000,0.898987311381190000,0.896933540005539000,0.893523642902462000,0.888688358386316000,0.879887699245544000,0.875153992236518000,0.870039932512286000,0.869111623393365000,0.863317428677972000,0.858283520060408000,0.853811033952361000,0.851169190445816000,0.850379377016042000,0.849894805684921000,0.852369114829866000,0.853820247511033000,0.853616635138575000,0.850413496726903000,0.852380231976743000,0.854795523292206000,0.860070753946728000,0.856130562566928000,0.854522456241148000,0.848454815685735000,0.847354709051420000,0.841573637554641000,0.838852681987331000,0.836756504188899000,0.834084989053713000,0.825677531743390000,0.812395720285291000,0.800339126537860000,0.790302106457978000,0.778584433527135000,0.762433702711650000,0.747014963342520000,0.728716245553543000,0.697848564664897000,0.649578792698598000,0.591075524413973000,0.541890639466405000,0.500507201724109000,0.464695138907401000,0.424723006025165000,0.386623170074716000,0.350195224127830000,0.319214549186826000,0.287559611967486000,0.256778244920798000,0.224744330843216000,0.194815457812905000,0.170277634999633000,0.146669738123757000,0.127181428145714000,0.104115352402366000,0.086492379527320200,0.067863312062706700,0.056835344618163200,0.045847360455353600,0.037876803019356400,0.028618124124626500,0.016049126303058600,0.016049126303058600,0.016049126303058600,0.016049126303058600,0.016049126303058600,0.016049126303058600,0.016049126303058600,0.016049126303058600,0.016049126303058600,0.016049126303058600,0.016049126303058600,0.016049126303058600,0.016049126303058600,0.016049126303058600,0.016049126303058600,0.016049126303058600,0.016049126303058600,0.016049126303058600,0.016049126303058600
2025,4,0,0.023439206364450100,0.085819006869225700,0.183688959728549000,0.321147100281625000,0.474622270712632000,0.601141716675424000,0.703048709918208000,0.782896818194792000,0.851961231998474000,0.891414217874703000,0.907039758495532000,0.905784436237419000,0.901479364071961000,0.896909902202332000,0.892006780748105000,0.883137815501086000,0.878336283572247000,0.873280078667724000,0.872535844352153000,0.867050873468304000,0.862326278636467000,0.858163172739540000,0.855625443078840000,0.854734479660121000,0.853943311495148000,0.856111373889816000,0.857256138762327000,0.857045741357560000,0.854135241580514000,0.856695005704467000,0.859703378965504000,0.865572029942834000,0.861617569209777000,0.859388870112149000,0.852093509807527000,0.849766271163875000,0.842757513823657000,0.839535512113647000,0.837664639733232000,0.835944639583688000,0.828488018603968000,0.816156466761279000,0.806014458777029000,0.798856444593301000,0.790981759894741000,0.778673492808856000,0.767097303775792000,0.750877975408953000,0.720325376664404000,0.670605807726692000,0.610651531681977000,0.560016741490281000,0.517568555667676000,0.481076638080738000,0.440808392350496000,0.402412665075150000,0.365689025615084000,0.334487041757721000,0.302684455942117000,0.271829283752957000,0.239721416336264000,0.209718839027357000,0.184487056302743000,0.159564416059385000,0.138140956646371000,0.113139308160304000,0.093581406549937100,0.073362853635965000,0.061091862398820600,0.049206421497360600,0.040338764333259700,0.030182833304754700,0.016716191684965000,0.016716191684965000,0.016716191684965000,0.016716191684965000,0.016716191684965000,0.016716191684965000,0.016716191684965000,0.016716191684965000,0.016716191684965000,0.016716191684965000,0.016716191684965000,0.016716191684965000,0.016716191684965000,0.016716191684965000,0.016716191684965000,0.016716191684965000,0.016716191684965000,0.016716191684965000,0.016716191684965000
2026,4,0,0.023465936946378400,0.086108074320446800,0.184480822044044000,0.322686888945217000,0.477128236145905000,0.604583117982540000,0.707397478521518000,0.787709732452744000,0.856807928742564000,0.895842862378736000,0.911023177421485000,0.909303378281251000,0.904774602930242000,0.900225388057129000,0.895586384784605000,0.886977014984569000,0.882439717092342000,0.877462844503614000,0.876618248682901000,0.870842898568373000,0.865828791655284000,0.861376814011326000,0.858674828283265000,0.857744248870484000,0.857036340585306000,0.859291037630812000,0.860521270163359000,0.860404175207121000,0.857593278868092000,0.860268265083368000,0.863392372039368000,0.869380018634724000,0.865459583452402000,0.863193110425156000,0.855780430483471000,0.853341537957008000,0.846215787827996000,0.842941845645514000,0.841081307467615000,0.839432547396215000,0.832040624327182000,0.819768210917747000,0.810139091801169000,0.803948622927563000,0.797491919663315000,0.786596577857731000,0.776434148982739000,0.761420719676135000,0.731855108057290000,0.682898101854103000,0.623694716660805000,0.573821445465363000,0.531560754732723000,0.494679764805510000,0.453434780039665000,0.414064449189585000,0.376368113040182000,0.344417781408891000,0.312084214778778000,0.280917194125247000,0.248496049643235000,0.218182596187746000,0.192632020295811000,0.167377581699069000,0.145612956735885000,0.120266062054823000,0.100369122417075000,0.079592071738501500,0.066552939993283100,0.053681091957686300,0.043830469205812200,0.032690103413933900,0.018235251424237000,0.018235251424237000,0.018235251424237000,0.018235251424237000,0.018235251424237000,0.018235251424237000,0.018235251424237000,0.018235251424237000,0.018235251424237000,0.018235251424237000,0.018235251424237000,0.018235251424237000,0.018235251424237000,0.018235251424237000,0.018235251424237000,0.018235251424237000,0.018235251424237000,0.018235251424237000,0.018235251424237000
2027,4,0,0.023461352519477500,0.086282412032880900,0.185027046560404000,0.323797163403662000,0.478999333919610000,0.607220311287061000,0.710805581256634000,0.791475157213619000,0.860514882832688000,0.899079235579854000,0.913793630095356000,0.911611212121656000,0.906864570692887000,0.902341697714760000,0.897973257858322000,0.889635227145728000,0.885368472799898000,0.880477654415570000,0.879533730276692000,0.873475439922093000,0.868178244048522000,0.863443067623599000,0.860580279308836000,0.859611289319989000,0.858987665038304000,0.861326067297392000,0.862640205188209000,0.862616657223638000,0.859909212563782000,0.862695957120345000,0.865931734675079000,0.872030492433244000,0.868149350942940000,0.865848095316173000,0.858327884999658000,0.855780490393510000,0.848547153833573000,0.845225594663403000,0.843377885320267000,0.841802634661935000,0.834485343020021000,0.822288514515559000,0.813185629167960000,0.807971887542486000,0.802943128810960000,0.793476598693498000,0.784742838320964000,0.770956498847188000,0.742418293664645000,0.694289955914793000,0.635917240960464000,0.586872817224628000,0.544856240598332000,0.507635067651130000,0.465467506317775000,0.425174232658093000,0.386554626658819000,0.353897911907710000,0.321076046327788000,0.289638508121226000,0.256947091098306000,0.226362953332479000,0.200527407500542000,0.174974585979631000,0.152897541174973000,0.127238926503190000,0.107029202143295000,0.085720875097149600,0.071930291675992400,0.058088295694572200,0.047266934754665600,0.035156082745630800,0.019731392073956600,0.019731392073956600,0.019731392073956600,0.019731392073956600,0.019731392073956600,0.019731392073956600,0.019731392073956600,0.019731392073956600,0.019731392073956600,0.019731392073956600,0.019731392073956600,0.019731392073956600,0.019731392073956600,0.019731392073956600,0.019731392073956600,0.019731392073956600,0.019731392073956600,0.019731392073956600,0.019731392073956600
2028,4,0,0.023457036426154900,0.086457664059306000,0.185575166385327000,0.324910696093980000,0.480875164933070000,0.609863404248308000,0.714220468300469000,0.795248147412644000,0.864230209046956000,0.902324597606540000,0.916573415518057000,0.913928529380923000,0.908964050573210000,0.904467458104654000,0.900369429401653000,0.892302540112610000,0.888306178213530000,0.883501325818570000,0.882458100310348000,0.876116908192365000,0.870536670539832000,0.865518348943425000,0.862494786503354000,0.861487389496620000,0.860948010163567000,0.863370112458842000,0.864768138815758000,0.864838102093338000,0.862234039108833000,0.865132531283445000,0.868479973849384000,0.874689869927475000,0.870847963123306000,0.868511911940397000,0.860884126581587000,0.858228242103674000,0.850887277726399000,0.847518081886086000,0.845683175516008000,0.844181388489169000,0.836938616819583000,0.824817205956774000,0.816240251342749000,0.812002807252829000,0.808401394298827000,0.800363026358346000,0.793057293358007000,0.780497421631459000,0.752985908911024000,0.705685378415204000,0.648142355332940000,0.599925907379894000,0.558152874828193000,0.520591224941284000,0.477500957813330000,0.436284633553670000,0.396741669056321000,0.363378468030259000,0.330068115750455000,0.298359805367632000,0.265397846839636000,0.234542779900805000,0.208422078643605000,0.182570697013385000,0.160181100001999000,0.134210592010898000,0.113687971920632000,0.091848327887970100,0.077306421108598200,0.062494487865343600,0.050702633969180500,0.037621526226520900,0.021227189455168400,0.021227189455168400,0.021227189455168400,0.021227189455168400,0.021227189455168400,0.021227189455168400,0.021227189455168400,0.021227189455168400,0.021227189455168400,0.021227189455168400,0.021227189455168400,0.021227189455168400,0.021227189455168400,0.021227189455168400,0.021227189455168400,0.021227189455168400,0.021227189455168400,0.021227189455168400,0.021227189455168400
2029,4,0,0.023447594292448600,0.086613910487096600,0.186082391220413000,0.325952538349915000,0.482644758911785000,0.612371608660232000,0.717477197904053000,0.798845054539607000,0.867754403987170000,0.905370775120693000,0.919151174136086000,0.916044669305953000,0.910863566281454000,0.906394222031627000,0.902567341887205000,0.894773198737597000,0.891047944473277000,0.886330058172996000,0.885187817615316000,0.878565276051415000,0.872703382646845000,0.867403179110982000,0.864219597888931000,0.863174036641048000,0.862718970781802000,0.865224194469113000,0.866705754438168000,0.866869158824408000,0.864368986234084000,0.867378526778549000,0.870836836998859000,0.877156448511225000,0.873354593367369000,0.870984277779920000,0.863250648177664000,0.860486918122802000,0.853039994048363000,0.849623926103249000,0.847802216376360000,0.846374178246318000,0.839207466385429000,0.827164079124301000,0.819114622065014000,0.815853829450611000,0.813679712650176000,0.807070426865613000,0.801193481114498000,0.789862103959070000,0.763382696656007000,0.716919829607483000,0.660218592871195000,0.612840177048639000,0.571319678874453000,0.533425964069637000,0.489422953359235000,0.447293131201075000,0.406835995229659000,0.372774016650527000,0.338982746998541000,0.307010755829498000,0.273785621144817000,0.242666529964671000,0.216266551449896000,0.190122436855658000,0.167425366114575000,0.141148825813728000,0.120317980481708000,0.097952105987835800,0.082662495837949700,0.066884432558042100,0.054125232956184100,0.040077298469687300,0.022717468624741300,0.022717468624741300,0.022717468624741300,0.022717468624741300,0.022717468624741300,0.022717468624741300,0.022717468624741300,0.022717468624741300,0.022717468624741300,0.022717468624741300,0.022717468624741300,0.022717468624741300,0.022717468624741300,0.022717468624741300,0.022717468624741300,0.022717468624741300,0.022717468624741300,0.022717468624741300,0.022717468624741300
2030,4,0,0.023446873238655500,0.086802289216716000,0.186658575164028000,0.327115106871386000,0.484593016487952000,0.615106384522557000,0.720999249198581000,0.802737385669975000,0.871599672501461000,0.908752217759325000,0.922069523896136000,0.918500445488717000,0.913100885952362000,0.908657116570848000,0.905099844805839000,0.897575432035794000,0.894119783025715000,0.889487071196669000,0.888245433844830000,0.881339202707292000,0.875193596337848000,0.869609662564182000,0.866264948347932000,0.865180850691440000,0.864809892598212000,0.867399133017554000,0.868964741198057000,0.869221606955887000,0.866824350271313000,0.869946009912983000,0.873516425430059000,0.879948054249262000,0.876184820016897000,0.873779373670811000,0.865937070593207000,0.863064514230051000,0.855508907863577000,0.852044718148222000,0.850235522099382000,0.848880670018854000,0.841787320681552000,0.829817445910155000,0.822292265353341000,0.820006488814709000,0.819258241505851000,0.814074961601930000,0.809623999210743000,0.799516371752276000,0.774058778578017000,0.728415938787905000,0.672535044157478000,0.625976683748031000,0.584693174678792000,0.546453451281970000,0.501521733683771000,0.458463147034049000,0.417077195133098000,0.382304078716161000,0.348019537655407000,0.315772093885462000,0.282271545136194000,0.250876975127006000,0.224188025775297000,0.197741585588798000,0.174728736365864000,0.148136527658001000,0.126989846454491000,0.104089654654673000,0.088046980952317700,0.071297340501472600,0.057566470893434300,0.042546906031568200,0.024215547657723100,0.024215547657723100,0.024215547657723100,0.024215547657723100,0.024215547657723100,0.024215547657723100,0.024215547657723100,0.024215547657723100,0.024215547657723100,0.024215547657723100,0.024215547657723100,0.024215547657723100,0.024215547657723100,0.024215547657723100,0.024215547657723100,0.024215547657723100,0.024215547657723100,0.024215547657723100,0.024215547657723100
2031,4,0,0.023477438661819000,0.087006115119383200,0.187204622291773000,0.328177679929913000,0.486315682691178000,0.617453992802983000,0.723939704184855000,0.805987268682651000,0.874890268045292000,0.911790258413914000,0.924823937963245000,0.920949219820406000,0.915485668616646000,0.911223187828401000,0.908092394587346000,0.900989288762838000,0.897960250752480000,0.893458562208003000,0.892058315464794000,0.884692037260205000,0.878087375376727000,0.872045118287322000,0.868452259273130000,0.867330223229700000,0.867129515864298000,0.869892865936246000,0.871631249358911000,0.872090095590719000,0.869922270770001000,0.873311468066352000,0.877150006237784000,0.883853487598670000,0.880146099298037000,0.877595552348521000,0.869398344610649000,0.866177362165830000,0.858267224877889000,0.854552033913151000,0.852592190157777000,0.851185478742563000,0.844032789346165000,0.831997217460642000,0.824615985664991000,0.822684839749199000,0.822497079148376000,0.817868504429015000,0.813973201873973000,0.804576058788834000,0.779971138305613000,0.735316856235734000,0.680411172962665000,0.634840176797678000,0.594271357142868000,0.556470739905702000,0.511689853616850000,0.468784540096307000,0.427554041776844000,0.392608142886138000,0.357814599690165000,0.324723952781977000,0.290378567342583000,0.258141906004267000,0.230778657132811000,0.203819891108726000,0.180460849635379000,0.153517782611986000,0.132027341900999000,0.108739850835840000,0.092277563476377700,0.075066133888658600,0.060877410423615300,0.045398311757257700,0.026603102313710800,0.026603102313710800,0.026603102313710800,0.026603102313710800,0.026603102313710800,0.026603102313710800,0.026603102313710800,0.026603102313710800,0.026603102313710800,0.026603102313710800,0.026603102313710800,0.026603102313710800,0.026603102313710800,0.026603102313710800,0.026603102313710800,0.026603102313710800,0.026603102313710800,0.026603102313710800,0.026603102313710800
2032,4,0,0.023469008742476300,0.087065511883986900,0.187440013404344000,0.328695759194528000,0.487231621287646000,0.618777485367699000,0.725679602595652000,0.807900507780464000,0.876729727544576000,0.913315589430508000,0.926043710046753000,0.921869504179481000,0.916350982410447000,0.912277046460247000,0.909578338373493000,0.902908744020492000,0.900311754627725000,0.895948695769724000,0.894392017386810000,0.886577502025851000,0.879524329516471000,0.873033359861458000,0.869198093833351000,0.868039948634773000,0.868009986341685000,0.870943017197571000,0.872851449433509000,0.873511704128919000,0.871577131130340000,0.875228485132079000,0.879329018666455000,0.886293466690334000,0.882648139464750000,0.879956594445717000,0.871417772391178000,0.867853388842879000,0.859601534161408000,0.855641280374787000,0.853533904343089000,0.852077622870022000,0.844877426593601000,0.832796101098763000,0.825571223045524000,0.823998252499650000,0.824371819841557000,0.820306167604492000,0.816973524239599000,0.808303156206387000,0.784592611696131000,0.741002044962200000,0.687163757941321000,0.642656806271949000,0.602870784240659000,0.565572519896144000,0.521017042101004000,0.478336463622211000,0.437330098977489000,0.402269341567117000,0.367024149529294000,0.333144506712688000,0.298010575897182000,0.264984612014381000,0.236991910228956000,0.209565145556268000,0.185898412401198000,0.158648940593123000,0.136850137251851000,0.113213689751029000,0.096358756203504600,0.078713710355534300,0.064090285283188900,0.048176948337706900,0.028948691313338900,0.028948691313338900,0.028948691313338900,0.028948691313338900,0.028948691313338900,0.028948691313338900,0.028948691313338900,0.028948691313338900,0.028948691313338900,0.028948691313338900,0.028948691313338900,0.028948691313338900,0.028948691313338900,0.028948691313338900,0.028948691313338900,0.028948691313338900,0.028948691313338900,0.028948691313338900,0.028948691313338900
2033,4,0,0.023460549979989900,0.087124736421782200,0.187674956392410000,0.329212976880069000,0.488146176299114000,0.620099105511888000,0.727417170037279000,0.809811168921594000,0.878566559786090000,0.914838464743164000,0.927261227301048000,0.922787755356836000,0.917214310774164000,0.913328790090263000,0.911061860347923000,0.904825475536715000,0.902660227826640000,0.898435705420266000,0.896722710243355000,0.888460291792116000,0.880958941787243000,0.874019592006089000,0.869942099045964000,0.868747872390244000,0.868888532387213000,0.871991117603293000,0.874069473487982000,0.874930990780169000,0.873229504689620000,0.877142821381300000,0.881505155711136000,0.888730372310805000,0.885147066938119000,0.882314629280992000,0.873434451353209000,0.869526919031321000,0.860933605047063000,0.856728470616837000,0.854473671571791000,0.852967857865526000,0.845720199592942000,0.833593171371503000,0.826524545332490000,0.825309494839839000,0.826243985773130000,0.822740857122764000,0.819970473151565000,0.812026370254990000,0.789209593607771000,0.746682041853343000,0.693910463322539000,0.650466856918563000,0.611463128575940000,0.574666911229131000,0.530336746049126000,0.487880804429275000,0.447098473218896000,0.411922992061823000,0.376226528502232000,0.341558507739490000,0.305636651051663000,0.271822001537497000,0.243200341275764000,0.215305955406966000,0.191331787111990000,0.163776171464194000,0.141669259738790000,0.117684141983204000,0.100436869770417000,0.082358545832336100,0.067300753609291800,0.050953514426575300,0.031292549937275200,0.031292549937275200,0.031292549937275200,0.031292549937275200,0.031292549937275200,0.031292549937275200,0.031292549937275200,0.031292549937275200,0.031292549937275200,0.031292549937275200,0.031292549937275200,0.031292549937275200,0.031292549937275200,0.031292549937275200,0.031292549937275200,0.031292549937275200,0.031292549937275200,0.031292549937275200,0.031292549937275200
2034,4,0,0.023449039668358800,0.087172551392815000,0.187885230734160000,0.329686832254780000,0.488996309478177000,0.621338753666563000,0.729058419626315000,0.811614622541004000,0.880287283114205000,0.916240769209896000,0.928356813870840000,0.923584913729830000,0.917957319721882000,0.914260560574946000,0.912425337348235000,0.906622606563045000,0.904889015480941000,0.900803462435710000,0.898934506807451000,0.890225643613219000,0.882277475466817000,0.874891031813272000,0.870572049641314000,0.869341927930313000,0.869653046700951000,0.872924637498752000,0.875172501476775000,0.876234997794292000,0.874766622121981000,0.878941168395873000,0.883564512009039000,0.891049333292951000,0.887528464185871000,0.884555623060346000,0.875335537491206000,0.871085657828100000,0.862152295460117000,0.857703037006113000,0.855301234362380000,0.853746126893826000,0.846451991946376000,0.834280880986646000,0.827369295607112000,0.826512019040477000,0.828006834454796000,0.825066207488650000,0.822857965699460000,0.815640545720918000,0.793719751268910000,0.752259854676079000,0.700560957273469000,0.658185455469594000,0.619968440424961000,0.583678640327152000,0.539579375741800000,0.497353415177321000,0.456800243908684000,0.421514722739075000,0.385372025675061000,0.349920817730639000,0.313216389023276000,0.278618133642914000,0.249371781709935000,0.221013809352250000,0.196735593215819000,0.168877686871015000,0.146465811183049000,0.122135446984441000,0.104498418605473000,0.085989542261593800,0.070499715687044300,0.053721074786599500,0.033630334373125300,0.033630334373125300,0.033630334373125300,0.033630334373125300,0.033630334373125300,0.033630334373125300,0.033630334373125300,0.033630334373125300,0.033630334373125300,0.033630334373125300,0.033630334373125300,0.033630334373125300,0.033630334373125300,0.033630334373125300,0.033630334373125300,0.033630334373125300,0.033630334373125300,0.033630334373125300,0.033630334373125300
2035,4,0,0.023441347307372400,0.087234485555953200,0.188125848773456000,0.330213846614651000,0.489925168268317000,0.622678303311208000,0.730816737526557000,0.813548420260462000,0.882149571884919000,0.917790739215532000,0.929602284885987000,0.924531425775297000,0.918848812645329000,0.915340060114749000,0.913935891976000000,0.908565517803305000,0.907262948469157000,0.903315587472955000,0.901290495497692000,0.892134138509620000,0.883738227026498000,0.875903855764823000,0.871342880564783000,0.870076693385899000,0.870558181939222000,0.873999171349040000,0.876416769768451000,0.877680253175912000,0.876444558629261000,0.880880798685057000,0.885765688854006000,0.893511117997725000,0.890052062201601000,0.886938449688406000,0.877377237194131000,0.872784600150290000,0.863510016798804000,0.858816111502270000,0.856267035489363000,0.854662422029579000,0.847320663755249000,0.835103529340557000,0.828347733520369000,0.827847798802021000,0.829902722850566000,0.827523659547271000,0.825876741164986000,0.819384237074174000,0.798355131131924000,0.757955282011445000,0.707319790943278000,0.666004636972277000,0.628567484189864000,0.592777792743160000,0.548902077275424000,0.506899051298884000,0.466568265866540000,0.431167063774608000,0.394572628253619000,0.358333116284386000,0.320840794666127000,0.285453955453375000,0.255578673051872000,0.226752887830172000,0.202166929516257000,0.174002455296613000,0.151282225185858000,0.126602945459881000,0.108573615375424000,0.089631532875353200,0.073707509757756100,0.056495095104500600,0.035971667458834100,0.035971667458834100,0.035971667458834100,0.035971667458834100,0.035971667458834100,0.035971667458834100,0.035971667458834100,0.035971667458834100,0.035971667458834100,0.035971667458834100,0.035971667458834100,0.035971667458834100,0.035971667458834100,0.035971667458834100,0.035971667458834100,0.035971667458834100,0.035971667458834100,0.035971667458834100,0.035971667458834100
2036,4,0,0.023467286736771500,0.087404357179129700,0.188596416460383000,0.331146409401582000,0.491454939735602000,0.624775452409926000,0.733454026432622000,0.816464040115368000,0.885094191727375000,0.920494192026270000,0.932038201583890000,0.926681124842568000,0.920972893979358000,0.917702206083093000,0.916799708287428000,0.911926615583744000,0.911125829018599000,0.907335936215280000,0.905129051616984000,0.895441622844865000,0.886515481061858000,0.878151500882369000,0.873315928477604000,0.872030179478728000,0.872745429612857000,0.876423455490480000,0.879076957926647000,0.880579076458780000,0.879583259741991000,0.884269662219149000,0.889405211271024000,0.897404464676680000,0.893994116944976000,0.890736877072065000,0.880832184834105000,0.875901566109912000,0.866283820189190000,0.861329002705536000,0.858598569456924000,0.856890825426226000,0.849439588043890000,0.837107579589172000,0.830321274624550000,0.829876074850019000,0.832066882522314000,0.829818796337167000,0.828303665240691000,0.822050159202654000,0.801356538318167000,0.761383311957514000,0.711163117222063000,0.670273573164433000,0.633283707614543000,0.597960512476956000,0.554559731637906000,0.513033712547087000,0.473181784447238000,0.438095515555476000,0.401645313793251000,0.365381049281332000,0.327862588802142000,0.292451940586529000,0.262342293272743000,0.233066649659866000,0.207818869790571000,0.178988614146709000,0.155608627034473000,0.130356472539172000,0.111850676354977000,0.092520167785634800,0.076211058284718000,0.058612131556144800,0.037698527976311800,0.037698527976311800,0.037698527976311800,0.037698527976311800,0.037698527976311800,0.037698527976311800,0.037698527976311800,0.037698527976311800,0.037698527976311800,0.037698527976311800,0.037698527976311800,0.037698527976311800,0.037698527976311800,0.037698527976311800,0.037698527976311800,0.037698527976311800,0.037698527976311800,0.037698527976311800,0.037698527976311800
2037,4,0,0.023462744212844400,0.087460765055945200,0.188822253138828000,0.331649359082292000,0.492347254715364000,0.626062356714735000,0.735140289961837000,0.818320982148652000,0.886890946409715000,0.922003542322005000,0.933264765257737000,0.927628173409884000,0.921901721681949000,0.918873567359276000,0.918474371000040000,0.914105348314283000,0.913807843497492000,0.910180489184745000,0.907794514802598000,0.897588122389067000,0.888142869603583000,0.879259669604925000,0.874155535211786000,0.872851877909946000,0.873800173229876000,0.877710670793693000,0.880596843231364000,0.882335862074516000,0.881581436627981000,0.886512137915646000,0.891891898837466000,0.900134809790546000,0.896777647767562000,0.893380883590188000,0.883145273407788000,0.877882773915964000,0.867934054507079000,0.862724527553374000,0.859816120877798000,0.858007372073341000,0.850456241675767000,0.838025284968603000,0.831217264674954000,0.830827428530222000,0.833151395980790000,0.831037328803267000,0.829656074837509000,0.823649914072951000,0.803318984554470000,0.763824732424559000,0.714085495408589000,0.673675102951803000,0.637181016832724000,0.602370661195603000,0.559501666106232000,0.518507069870556000,0.479186240574825000,0.444460801744560000,0.408202347796225000,0.371960448844790000,0.334464596698726000,0.299076148810501000,0.268771062837432000,0.239083206247870000,0.213205820854276000,0.183746653140033000,0.159736698957940000,0.133943972600340000,0.114985331487623000,0.095291170443185500,0.078617823619945900,0.060654909236840200,0.039377959618997100,0.039377959618997100,0.039377959618997100,0.039377959618997100,0.039377959618997100,0.039377959618997100,0.039377959618997100,0.039377959618997100,0.039377959618997100,0.039377959618997100,0.039377959618997100,0.039377959618997100,0.039377959618997100,0.039377959618997100,0.039377959618997100,0.039377959618997100,0.039377959618997100,0.039377959618997100,0.039377959618997100
2038,4,0,0.023458785988059000,0.087519324425295000,0.189052697060473000,0.332160362471122000,0.493251472993954000,0.627364341949185000,0.736844198505346000,0.820197573007916000,0.888709074527876000,0.923535242118510000,0.934514060520036000,0.928597914842424000,0.922853106644268000,0.920067322841664000,0.920171235690530000,0.916305991932699000,0.916511579168387000,0.913046614389949000,0.910481555845879000,0.899756134322618000,0.889791724021208000,0.880389271686885000,0.875016545837101000,0.873694954345462000,0.874876233982466000,0.879019216132284000,0.882138045962217000,0.884113922487339000,0.883600782135154000,0.888775816183759000,0.894399834109015000,0.902886519044819000,0.899582440095775000,0.896046117802648000,0.885479455364580000,0.879885064640631000,0.869605244576872000,0.864140971049704000,0.861054583191069000,0.859144821283728000,0.851493646537690000,0.838963468721205000,0.832133571900115000,0.831799069649501000,0.834256206354192000,0.832276057138551000,0.831028597507219000,0.825269543266378000,0.805300668852356000,0.766284236684018000,0.717024547984700000,0.677092130044698000,0.641092737503325000,0.606794171146074000,0.564455704601392000,0.523991320694538000,0.485200421358876000,0.450834819541897000,0.414767143537714000,0.378546702044868000,0.341072518902495000,0.305705384493488000,0.275204178085980000,0.245103520596271000,0.218596115128783000,0.188507531596458000,0.163867242300062000,0.137533499381521000,0.118121706575402000,0.098063535716798100,0.081025669460329300,0.062698453197330300,0.041057760785789900,0.041057760785789900,0.041057760785789900,0.041057760785789900,0.041057760785789900,0.041057760785789900,0.041057760785789900,0.041057760785789900,0.041057760785789900,0.041057760785789900,0.041057760785789900,0.041057760785789900,0.041057760785789900,0.041057760785789900,0.041057760785789900,0.041057760785789900,0.041057760785789900,0.041057760785789900,0.041057760785789900
2039,4,0,0.023454317068922600,0.087575952174904500,0.189278931106402000,0.332663931109518000,0.494144598597963000,0.628652163897294000,0.738531409407844000,0.822055584561334000,0.890507148700904000,0.925046230575537000,0.935742506201827000,0.929547036254331000,0.923784003590861000,0.921240564070731000,0.921847403156854000,0.918485841764067000,0.919194335867953000,0.915891777939933000,0.913147755552229000,0.901903725480449000,0.891420561657219000,0.881499248747595000,0.875858145200567000,0.874518654811521000,0.875932809296449000,0.880308102087285000,0.883659437660145000,0.885872043660471000,0.885600112942047000,0.891019279020921000,0.896887343444627000,0.905617529538324000,0.902366586726861000,0.898690833642782000,0.887793468528585000,0.881867427906419000,0.871256850522809000,0.865538041207422000,0.862273803468716000,0.860263106430474000,0.852512090297674000,0.839883000548757000,0.833031384157419000,0.832752203228914000,0.835342407716738000,0.833496171591058000,0.832382485471682000,0.826870574723781000,0.807264061304085000,0.768726129224679000,0.719946891963573000,0.680493148608588000,0.644989057848407000,0.611202845704412000,0.569395641421896000,0.529462162762836000,0.491201849874703000,0.457196706044699000,0.421320526836580000,0.385122325804231000,0.347670621961229000,0.312325565456977000,0.281628974911149000,0.251116321898647000,0.223979701311172000,0.193262584876397000,0.167992724772760000,0.141118734488547000,0.121254376516419000,0.100832764464567000,0.083430881644197400,0.064739894439595200,0.042736062306540000,0.042736062306540000,0.042736062306540000,0.042736062306540000,0.042736062306540000,0.042736062306540000,0.042736062306540000,0.042736062306540000,0.042736062306540000,0.042736062306540000,0.042736062306540000,0.042736062306540000,0.042736062306540000,0.042736062306540000,0.042736062306540000,0.042736062306540000,0.042736062306540000,0.042736062306540000,0.042736062306540000
2040,4,0,0.023452163772432600,0.087641205519855000,0.189523778438334000,0.333200183298550000,0.495086231932728000,0.630001654727288000,0.740291018812526000,0.823994188172041000,0.892392586327721000,0.926648071681494000,0.937062939749871000,0.930587613043676000,0.924805792390690000,0.922504377766720000,0.923614060998316000,0.920755708082343000,0.921967036998947000,0.918826514194472000,0.915903307715949000,0.904139705986707000,0.893136900652324000,0.882695894649077000,0.876785932528119000,0.875428416119795000,0.877075519256137000,0.881683488841880000,0.885267595217222000,0.887717082195533000,0.887686266186608000,0.893350030117041000,0.899462651179798000,0.908437131146570000,0.905238988685141000,0.901423481464303000,0.890194431728063000,0.883936250075957000,0.872993961740866000,0.867020124185485000,0.863577764672669000,0.861465962590577000,0.853614368421767000,0.840885148483552000,0.834011142568107000,0.833787239796719000,0.836510730092904000,0.834798187076808000,0.833818126812985000,0.828552745902228000,0.809306556507396000,0.771243186699502000,0.722939451944766000,0.683960354940194000,0.648947922765925000,0.615670586338289000,0.574390369009885000,0.534983705281732000,0.497250053714320000,0.463601910650264000,0.427913634088563000,0.391734095371097000,0.354301168924700000,0.318974696409745000,0.288079747886466000,0.257152204809674000,0.229383869010877000,0.198035366083332000,0.172133619384624000,0.144716882443679000,0.124398126939917000,0.103611161183057000,0.085843647422048900,0.066787147627043900,0.044418107049613100,0.044418107049613100,0.044418107049613100,0.044418107049613100,0.044418107049613100,0.044418107049613100,0.044418107049613100,0.044418107049613100,0.044418107049613100,0.044418107049613100,0.044418107049613100,0.044418107049613100,0.044418107049613100,0.044418107049613100,0.044418107049613100,0.044418107049613100,0.044418107049613100,0.044418107049613100,0.044418107049613100
