年度別年齢別就業率,,,,,,,,,,,,,,,,,,,,,,,,,,,,,,,,,,,,,,,,,,,,,,,,,,,,,,,,,,,,,,,,,,,,,,,,,,,,,,,,,,,,,,,,,,,,,
男性,,,,,,,,,,,,,,,,,,,,,,,,,,,,,,,,,,,,,,,,,,,,,,,,,,,,,,,,,,,,,,,,,,,,,,,,,,,,,,,,,,,,,,,,,,,,,
年度,性,合計,15,16,17,18,19,20,21,22,23,24,25,26,27,28,29,30,31,32,33,34,35,36,37,38,39,40,41,42,43,44,45,46,47,48,49,50,51,52,53,54,55,56,57,58,59,60,61,62,63,64,65,66,67,68,69,70,71,72,73,74,75,76,77,78,79,80,81,82,83,84,85,86,87,88,89,90,91,92,93,94,95,96,97,98,99,100,101,102,103,104,105
2020,1,0,0.011589701489400400,0.053435901018435800,0.125492020265212000,0.267490758849042000,0.434098298247884000,0.575111891001552000,0.649950382857704000,0.715377867070022000,0.775304925624843000,0.831343412823308000,0.866909242488216000,0.891985196612404000,0.904435966759549000,0.911186675895784000,0.914987633404565000,0.915700207957281000,0.917192893559811000,0.917445079466820000,0.918566218365644000,0.921506053340911000,0.926023282587889000,0.928770685181643000,0.933933102168776000,0.935046846236300000,0.937722670451703000,0.937160381989919000,0.932644992669894000,0.934029211279407000,0.935815259425316000,0.940792318401186000,0.940204259991586000,0.935319909078866000,0.933825691988753000,0.934104050290719000,0.936064212033954000,0.936222200713453000,0.930910565850584000,0.928341118644377000,0.926672701397231000,0.924680498988420000,0.921614077642681000,0.916210297248815000,0.914442680463007000,0.910207305120647000,0.892107950793663000,0.873538350538225000,0.848157747975689000,0.830404224751937000,0.803652749307661000,0.753258467747194000,0.699071803758918000,0.638176753223115000,0.599501697046947000,0.565334315050120000,0.527405098512236000,0.483477931675948000,0.439541102610602000,0.404784178653405000,0.370966792780981000,0.334684693698431000,0.294151871041819000,0.267339101114217000,0.243071524994549000,0.218807591456780000,0.190841643188432000,0.162983231132092000,0.140547330902342000,0.125899871079115000,0.113432404267505000,0.106664067879828000,0.089583497074576800,0.071042696434682100,0.050574421344048200,0.050574421344048200,0.050574421344048200,0.050574421344048200,0.050574421344048200,0.050574421344048200,0.050574421344048200,0.050574421344048200,0.050574421344048200,0.050574421344048200,0.050574421344048200,0.050574421344048200,0.050574421344048200,0.050574421344048200,0.050574421344048200,0.050574421344048200,0.050574421344048200,0.050574421344048200,0.050574421344048200
2021,1,0,0.007607395325435480,0.048530639955595800,0.117781258200866000,0.269550343798792000,0.435850833463293000,0.574438400058073000,0.637612316071461000,0.702015327291891000,0.772574961137419000,0.835708501916832000,0.873211304889126000,0.892934961445252000,0.904075801837034000,0.916417708363618000,0.922101915984753000,0.922051044684540000,0.914592370512236000,0.917204068475178000,0.922159594423869000,0.928106783100037000,0.933080862021014000,0.933217446366934000,0.937479761519668000,0.939431271521690000,0.942808377593577000,0.943630736973030000,0.939470929754238000,0.940490598327710000,0.939666074267367000,0.941188393031692000,0.937018519446350000,0.936090113724732000,0.936592732094560000,0.936246381603084000,0.934437578687990000,0.933489924146937000,0.929330670664547000,0.927670352267817000,0.923945411191398000,0.924958776497652000,0.921349249081595000,0.914675933220014000,0.913582045276658000,0.909363786507657000,0.894425541694949000,0.873642075100596000,0.850854598460523000,0.832784778524839000,0.807079815541991000,0.754459463856680000,0.697930909420140000,0.639337705425836000,0.605833711377099000,0.572042656773522000,0.531208245067022000,0.488466828497054000,0.444313315396765000,0.407525008832173000,0.376478984373183000,0.340054612260630000,0.305824522218005000,0.263986075663462000,0.240177005119765000,0.220289587960071000,0.198804803447108000,0.178966307878202000,0.153486245517168000,0.134863495300251000,0.114709917089624000,0.106346805276745000,0.096345756788293300,0.078318421363869200,0.051607163994518200,0.051607163994518200,0.051607163994518200,0.051607163994518200,0.051607163994518200,0.051607163994518200,0.051607163994518200,0.051607163994518200,0.051607163994518200,0.051607163994518200,0.051607163994518200,0.051607163994518200,0.051607163994518200,0.051607163994518200,0.051607163994518200,0.051607163994518200,0.051607163994518200,0.051607163994518200,0.051607163994518200
2022,1,0,0.013970688582534700,0.052732717856229800,0.128991646976223000,0.277477737846928000,0.439713153398371000,0.567930715045829000,0.633261816250763000,0.695842921262112000,0.761959893323634000,0.826080794114465000,0.872077362327638000,0.896740454047608000,0.906070895741634000,0.907137552581064000,0.913045324656500000,0.916457452486806000,0.920150606941327000,0.921721535077351000,0.924793869295265000,0.928614825232417000,0.931343142584958000,0.930608073085482000,0.931934821624491000,0.937723220429494000,0.939367843767798000,0.940649561516289000,0.936509812882991000,0.937016556428170000,0.938749593608299000,0.940285481655036000,0.943715386484191000,0.939063935044008000,0.936610675675081000,0.934616802697433000,0.934442833956376000,0.932565790545087000,0.927487713536576000,0.923315125103194000,0.919033461408911000,0.917258113261091000,0.916059439748006000,0.916268869191342000,0.912133103834249000,0.909470179267350000,0.896342632181310000,0.877460283880209000,0.859590870513701000,0.839727847627696000,0.820013587738811000,0.758793189924489000,0.699339540014785000,0.644253002618314000,0.614863381301917000,0.581879070157013000,0.537148844242343000,0.493062833003999000,0.452466010743372000,0.418002483015720000,0.385838417836685000,0.353162639441585000,0.316964781316563000,0.279343170743463000,0.245213315565515000,0.218707563011456000,0.198012723973043000,0.177883565584374000,0.158834777003598000,0.137433480474776000,0.119080695140643000,0.100149788745830000,0.090141726615535300,0.083761405431460200,0.052844858979284100,0.052844858979284100,0.052844858979284100,0.052844858979284100,0.052844858979284100,0.052844858979284100,0.052844858979284100,0.052844858979284100,0.052844858979284100,0.052844858979284100,0.052844858979284100,0.052844858979284100,0.052844858979284100,0.052844858979284100,0.052844858979284100,0.052844858979284100,0.052844858979284100,0.052844858979284100,0.052844858979284100
2023,1,0,0.013971989851379200,0.065656723128737400,0.154481950643263000,0.285031207505332000,0.433464022103738000,0.554175925051109000,0.641666630458438000,0.707411815598599000,0.771710167362349000,0.829436429618825000,0.873343444718161000,0.898985272339910000,0.909808963854407000,0.914540195829513000,0.917458368750323000,0.921252122422597000,0.923600126799827000,0.925887330356089000,0.928269612640762000,0.931090201531364000,0.932641537638773000,0.933361393840994000,0.935384522709631000,0.938484106915362000,0.941851829966915000,0.941909862293934000,0.941588566028147000,0.941162230878474000,0.942372458130200000,0.944301670526899000,0.944102521827144000,0.942573533468733000,0.939488104591174000,0.938146962773437000,0.937249564643408000,0.935324002745975000,0.932065443470241000,0.927947304970565000,0.924872214160973000,0.922730556185786000,0.922086068694112000,0.920654702180737000,0.918556731939191000,0.911834214191381000,0.900017236367540000,0.883130956818924000,0.863999309549994000,0.845901080087718000,0.814661924030464000,0.771535410602990000,0.716617039782173000,0.672309916063057000,0.635141538903030000,0.599740398937013000,0.557754817870963000,0.513231496749509000,0.472130727113349000,0.435022460060606000,0.400572937308295000,0.365563400992634000,0.328734513435292000,0.291420888471413000,0.257405327642552000,0.229099610888927000,0.205528289114487000,0.184442853518606000,0.163121910158781000,0.142659860058719000,0.122503821436742000,0.106412595102939000,0.094312561868708400,0.086396446703543700,0.055151180512625500,0.055151180512625500,0.055151180512625500,0.055151180512625500,0.055151180512625500,0.055151180512625500,0.055151180512625500,0.055151180512625500,0.055151180512625500,0.055151180512625500,0.055151180512625500,0.055151180512625500,0.055151180512625500,0.055151180512625500,0.055151180512625500,0.055151180512625500,0.055151180512625500,0.055151180512625500,0.055151180512625500
2024,1,0,0.013969183863782300,0.066062415978733400,0.155850970847687000,0.287917463072002000,0.438426208910227000,0.561219610273968000,0.650798485893828000,0.717593022268321000,0.781897829713264000,0.838588681400373000,0.881463061242701000,0.906075921795729000,0.916033486031417000,0.920059678144450000,0.922433039190107000,0.925681805144793000,0.927485112153528000,0.929280094279784000,0.931222599767729000,0.933655787564603000,0.934819977481673000,0.935152854479239000,0.937071836050093000,0.940350150416518000,0.944179643421032000,0.944700110384513000,0.944841324935555000,0.944622080301272000,0.945783628002053000,0.947408575058041000,0.946905588455247000,0.945073029264820000,0.941935945406603000,0.940794401576130000,0.940348115588751000,0.938873872319571000,0.936066899377276000,0.932342567008936000,0.929603120024986000,0.927738965583641000,0.927371680949826000,0.926217675322821000,0.924218761102199000,0.917417789381698000,0.905344941963854000,0.888203810886513000,0.868817763024913000,0.851775409690546000,0.822905253108139000,0.783460610748782000,0.732226479148789000,0.691601463599151000,0.656428911201432000,0.621338391348038000,0.577979903008219000,0.532084184266038000,0.489610329659881000,0.451146322595638000,0.415358672648321000,0.379029268375647000,0.340880878240674000,0.302247848048731000,0.266979267536828000,0.237486432288649000,0.212794089107087000,0.190587132864829000,0.168144716155534000,0.146827680407055000,0.126083254872684000,0.109669485484459000,0.097246107646531000,0.089005807623536900,0.057441041756293200,0.057441041756293200,0.057441041756293200,0.057441041756293200,0.057441041756293200,0.057441041756293200,0.057441041756293200,0.057441041756293200,0.057441041756293200,0.057441041756293200,0.057441041756293200,0.057441041756293200,0.057441041756293200,0.057441041756293200,0.057441041756293200,0.057441041756293200,0.057441041756293200,0.057441041756293200,0.057441041756293200
2025,1,0,0.013971906877740500,0.066494253838227100,0.157281668534618000,0.290917658857646000,0.443561894774411000,0.568485383662714000,0.660187872297379000,0.728058190865595000,0.792394905712946000,0.848072791145262000,0.889931511487004000,0.913525152820251000,0.922620536111723000,0.925943286111239000,0.927772777890376000,0.930477845221281000,0.931737171842823000,0.933040645913767000,0.934544146057788000,0.936590898114122000,0.937368404924810000,0.937314436768111000,0.939130031190088000,0.942588372208388000,0.946881148131986000,0.947864252985878000,0.948468031499633000,0.948455789374177000,0.949569117552174000,0.950890444226293000,0.950083422443378000,0.947946568899155000,0.944756588713306000,0.943814189863201000,0.943818836700094000,0.942795325875404000,0.940438825588512000,0.937106822926933000,0.934701933505810000,0.933114543120419000,0.933024314327490000,0.932147211185796000,0.930246561230187000,0.923364444187095000,0.911030950277364000,0.893628184747260000,0.873980064831115000,0.857986836012874000,0.831474238066238000,0.795695832771560000,0.748125640110309000,0.711166631535125000,0.677975970796657000,0.643182180428910000,0.598433631734866000,0.551147358055966000,0.507283615537298000,0.467448652508504000,0.430308718607217000,0.392645075084472000,0.353162091124391000,0.313194372636420000,0.276658820624105000,0.245967200705142000,0.220144069576253000,0.196806809863312000,0.173234043785009000,0.151053590210350000,0.129712570640986000,0.112969763565106000,0.100218125886818000,0.091650381431105900,0.059753624491435100,0.059753624491435100,0.059753624491435100,0.059753624491435100,0.059753624491435100,0.059753624491435100,0.059753624491435100,0.059753624491435100,0.059753624491435100,0.059753624491435100,0.059753624491435100,0.059753624491435100,0.059753624491435100,0.059753624491435100,0.059753624491435100,0.059753624491435100,0.059753624491435100,0.059753624491435100,0.059753624491435100
2026,1,0,0.013984190968450300,0.067535094200323000,0.159218086946841000,0.293620706915656000,0.446881663672452000,0.572397501339476000,0.664663130872782000,0.732774808760319000,0.797048947832941000,0.852355816301648000,0.893831369879543000,0.917025785804313000,0.925740061093711000,0.928707492060705000,0.930211216200429000,0.932591285697329000,0.933524343390652000,0.934599777069942000,0.935973602407250000,0.937989347005731000,0.938734730439037000,0.938647907872748000,0.940464803000592000,0.943958400423761000,0.948319677784159000,0.949368374214373000,0.950037410800999000,0.950071904388806000,0.951214977125992000,0.952548250476738000,0.951751304127982000,0.949623356830767000,0.946451283748845000,0.945538694839718000,0.945583911024613000,0.944600065592432000,0.942282058734650000,0.938960801210023000,0.936540581412008000,0.934911688763148000,0.934781274010171000,0.933863293089053000,0.932187402693828000,0.925792202750204000,0.914207370334677000,0.897548809398730000,0.878642919962744000,0.863445951245499000,0.837771181021066000,0.802873273200434000,0.756173210682061000,0.720093661595348000,0.687698333311124000,0.653611025764179000,0.609472767511413000,0.562794553107767000,0.519541878951345000,0.479767925827792000,0.442137770742357000,0.403429845033230000,0.362900979323934000,0.321886952908491000,0.284509901785971000,0.253183711996707000,0.226932082628351000,0.203168510252348000,0.179169224453951000,0.156505031864940000,0.134622567896579000,0.117283915752462000,0.103939942039267000,0.094783540024630200,0.062277614674650300,0.062277614674650300,0.062277614674650300,0.062277614674650300,0.062277614674650300,0.062277614674650300,0.062277614674650300,0.062277614674650300,0.062277614674650300,0.062277614674650300,0.062277614674650300,0.062277614674650300,0.062277614674650300,0.062277614674650300,0.062277614674650300,0.062277614674650300,0.062277614674650300,0.062277614674650300,0.062277614674650300
2027,1,0,0.013981789431320400,0.068505706198690200,0.160988571741928000,0.296017135940333000,0.449734206113622000,0.575710921929959000,0.668443139746942000,0.736724777241369000,0.800868758260006000,0.855746231954439000,0.896794766041431000,0.919565301936918000,0.927889042869031000,0.930497785361767000,0.931673931357253000,0.933726272213121000,0.934331849764061000,0.935177951710228000,0.936420566930744000,0.938403164033980000,0.939115618134074000,0.938996009151215000,0.940812296746782000,0.944337504507844000,0.948762749011566000,0.949875981462211000,0.950609619269122000,0.950690845381918000,0.951862482598440000,0.953206310098117000,0.952420283725799000,0.950303484980861000,0.947152664821703000,0.946270865869324000,0.946356632585281000,0.945413514407269000,0.943136463922252000,0.939829449047760000,0.937396431149442000,0.935727718490692000,0.935557226390785000,0.934599303373278000,0.933150092507590000,0.927248874019733000,0.916425405755833000,0.900529080294527000,0.882385812272052000,0.868001635543234000,0.843192264200431000,0.809212146688327000,0.763431901289527000,0.728270345437302000,0.696704952541193000,0.663360445803138000,0.619879289285339000,0.573858612809144000,0.531262888304304000,0.491591781937594000,0.453510599963646000,0.413798326968011000,0.372265426686401000,0.330247449016404000,0.292067578658074000,0.260139287109569000,0.233486441120933000,0.209321224844925000,0.184920335626128000,0.161795876960293000,0.139394579289251000,0.121477879745435000,0.107555172617268000,0.097819318046385000,0.064737950007256500,0.064737950007256500,0.064737950007256500,0.064737950007256500,0.064737950007256500,0.064737950007256500,0.064737950007256500,0.064737950007256500,0.064737950007256500,0.064737950007256500,0.064737950007256500,0.064737950007256500,0.064737950007256500,0.064737950007256500,0.064737950007256500,0.064737950007256500,0.064737950007256500,0.064737950007256500,0.064737950007256500
2028,1,0,0.013979336035241300,0.069475723051656900,0.162757835160340000,0.298411617399818000,0.452584063331012000,0.579021022528024000,0.672219317165061000,0.740670597930291000,0.804684224345046000,0.859132245524583000,0.899753753672073000,0.922100470883420000,0.930033781671821000,0.932283950385765000,0.933132627530791000,0.934857345789567000,0.935135554608161000,0.935752401250309000,0.936863847223637000,0.938813300867797000,0.939492834381851000,0.939340450815745000,0.941156124244974000,0.944712918084342000,0.949202090846455000,0.950379832716967000,0.951178046551529000,0.951305988658930000,0.952506176022463000,0.953860548942519000,0.953085441717788000,0.950979795632160000,0.947850232891714000,0.946999216529849000,0.947125519375593000,0.946223117866645000,0.943987018116892000,0.940694253410906000,0.938248451024673000,0.936539938469285000,0.936329383578748000,0.935331535941761000,0.934108931370195000,0.928701545080813000,0.918639217433522000,0.903504922727245000,0.886124079732655000,0.872552467022011000,0.848608287615974000,0.815545769840126000,0.770685194755718000,0.736441445947705000,0.705705819268004000,0.673103981122789000,0.630279862077958000,0.584916668686385000,0.542977826287031000,0.503409680478709000,0.464877771715861000,0.424161649778259000,0.381625220021647000,0.338603797993575000,0.299621531003769000,0.267091467056559000,0.240037644184891000,0.215471014519422000,0.190668753264889000,0.167084275462542000,0.144164408636874000,0.125669929897856000,0.111168742745357000,0.100853673479683000,0.067197187202193000,0.067197187202193000,0.067197187202193000,0.067197187202193000,0.067197187202193000,0.067197187202193000,0.067197187202193000,0.067197187202193000,0.067197187202193000,0.067197187202193000,0.067197187202193000,0.067197187202193000,0.067197187202193000,0.067197187202193000,0.067197187202193000,0.067197187202193000,0.067197187202193000,0.067197187202193000,0.067197187202193000
2029,1,0,0.013974256021903500,0.070432156696945200,0.164495548873304000,0.300748711082463000,0.455347304935855000,0.582220490977425000,0.675867091205740000,0.744475055858851000,0.808346364149252000,0.862354928661167000,0.902542004619341000,0.924460930599243000,0.932002530245753000,0.933893895377618000,0.934415120572281000,0.935812068532203000,0.935763032705467000,0.936150631607301000,0.937130770069784000,0.939046731639876000,0.939693234561808000,0.939508122717642000,0.941322840987703000,0.944910535254295000,0.949462757922202000,0.950704753054166000,0.951567358068566000,0.951741966948418000,0.952970463455988000,0.954335121509479000,0.953571073259481000,0.951476969659042000,0.948369241202168000,0.947549150825471000,0.947715944216729000,0.946854407078764000,0.944659656358551000,0.941381753141363000,0.938923632935568000,0.937175663106635000,0.936925106593028000,0.935887543430799000,0.934891652891803000,0.929978849243893000,0.920679143700383000,0.906309314222644000,0.889693752839805000,0.876936817628907000,0.853861865197136000,0.821722668090442000,0.777789701023910000,0.744469702137870000,0.714569172506082000,0.682715731537800000,0.640556346348303000,0.595858809497628000,0.554584379248974000,0.515126576836921000,0.476151427651121000,0.434439651765131000,0.390908229549917000,0.346891991306751000,0.307115088193338000,0.273989691325722000,0.246540193396026000,0.221576984840285000,0.196378230322695000,0.172338414827706000,0.148904566899627000,0.129836097002844000,0.114759467552521000,0.103867434776954000,0.069642467131314500,0.069642467131314500,0.069642467131314500,0.069642467131314500,0.069642467131314500,0.069642467131314500,0.069642467131314500,0.069642467131314500,0.069642467131314500,0.069642467131314500,0.069642467131314500,0.069642467131314500,0.069642467131314500,0.069642467131314500,0.069642467131314500,0.069642467131314500,0.069642467131314500,0.069642467131314500,0.069642467131314500
2030,1,0,0.013974129464026000,0.071413190675872500,0.166290901855156000,0.303191500015833000,0.458270862715634000,0.585625068698823000,0.679752989785398000,0.748541890150477000,0.812293565141637000,0.865881973767527000,0.905649019014013000,0.927148079727765000,0.934300786374524000,0.935834151736112000,0.936028231627290000,0.937098026352741000,0.936721850387089000,0.936880424271127000,0.937729651424981000,0.939612812286664000,0.940226525997042000,0.940008632472843000,0.941823038957085000,0.945442893386579000,0.950059755487815000,0.951366420032189000,0.952293697894948000,0.952515018036300000,0.953772248443138000,0.955147671345054000,0.954394407222113000,0.952311099794381000,0.949224096313008000,0.948434629816712000,0.948641957773556000,0.947820964514255000,0.945666769746957000,0.942402561008678000,0.939931256573849000,0.938143224800825000,0.937852592781800000,0.936774961241680000,0.936005347417593000,0.931585201428330000,0.923044538743662000,0.909433798042352000,0.893577345774416000,0.881630264414073000,0.859416038959304000,0.828188430601267000,0.785167159093695000,0.752758759650247000,0.723682421242064000,0.692565811933374000,0.651055974488718000,0.607008008369658000,0.566383117851249000,0.527021636470855000,0.487589601699273000,0.444867762765476000,0.400326293982085000,0.355300013561479000,0.314714675948928000,0.280982430414641000,0.253127678486333000,0.227759193414894000,0.202155164514830000,0.177651662776530000,0.153695721752294000,0.134046717859396000,0.118389518260847000,0.106916877439246000,0.072111513062343900,0.072111513062343900,0.072111513062343900,0.072111513062343900,0.072111513062343900,0.072111513062343900,0.072111513062343900,0.072111513062343900,0.072111513062343900,0.072111513062343900,0.072111513062343900,0.072111513062343900,0.072111513062343900,0.072111513062343900,0.072111513062343900,0.072111513062343900,0.072111513062343900,0.072111513062343900,0.072111513062343900
2031,1,0,0.013986336351637200,0.071811832670851700,0.167059302007913000,0.304316985867087000,0.459719933136697000,0.587373504802006000,0.681771767256413000,0.750711343447904000,0.814511763047671000,0.868042507289451000,0.907739814710699000,0.929153179880011000,0.936200594916795000,0.937616695951755000,0.937685277577111000,0.938630339004075000,0.938128166634298000,0.938196179845380000,0.938990418244500000,0.940854462137063000,0.941447949972128000,0.941209104134802000,0.943015303160146000,0.946639496821812000,0.951272538645623000,0.952592491339994000,0.953532725945302000,0.953754263762927000,0.955000494361967000,0.956352898313658000,0.955574755758415000,0.953465408059343000,0.950372895306397000,0.949601334280052000,0.949848846204577000,0.949067138638645000,0.946951064966878000,0.943711128121609000,0.941251908642497000,0.939463679120849000,0.939174157383912000,0.938096948654453000,0.937445058832048000,0.933256480104628000,0.925060817394146000,0.911790647777717000,0.896272804887584000,0.884898134409234000,0.863477737662241000,0.833266471041724000,0.791251239097145000,0.759858149929177000,0.731603935904410000,0.701111572168467000,0.660020804887524000,0.616389691788594000,0.576184644465785000,0.537004364168564000,0.497513723105110000,0.454490658376995000,0.409646374289391000,0.364316855064763000,0.323265054252839000,0.288905228220027000,0.260260926274877000,0.234105063027082000,0.207713450194941000,0.182556365024062000,0.158080358031335000,0.138048089579955000,0.122011112402668000,0.110162349359811000,0.074960480816944100,0.074960480816944100,0.074960480816944100,0.074960480816944100,0.074960480816944100,0.074960480816944100,0.074960480816944100,0.074960480816944100,0.074960480816944100,0.074960480816944100,0.074960480816944100,0.074960480816944100,0.074960480816944100,0.074960480816944100,0.074960480816944100,0.074960480816944100,0.074960480816944100,0.074960480816944100,0.074960480816944100
2032,1,0,0.013981834597293400,0.072124870599026000,0.167628469665377000,0.305079396492419000,0.460620381332960000,0.588420922205695000,0.682976857687950000,0.751984801609837000,0.815757743435832000,0.869166815749571000,0.908746903783653000,0.930048934582031000,0.936982577434643000,0.938279657072184000,0.938222589270405000,0.939041719159419000,0.938414081069964000,0.938391402390184000,0.939129672503100000,0.940972361126606000,0.941544902643971000,0.941285378390534000,0.943081206804040000,0.946705410738347000,0.951349104157647000,0.952680774824936000,0.953632849622269000,0.953854340471559000,0.955088075800562000,0.956415831822537000,0.955613727092360000,0.953480845690712000,0.950386516557242000,0.949633792982913000,0.949921215225131000,0.949179749249729000,0.947104346658264000,0.943892567207678000,0.941448378414067000,0.939662088186484000,0.939374023357509000,0.938298525067263000,0.937765203245461000,0.933813325323632000,0.925972647628862000,0.913059096349617000,0.897898595250807000,0.887110245387913000,0.866509715033185000,0.837351456683604000,0.796393032328870000,0.766053331822717000,0.738655462710311000,0.708824130829600000,0.668201773245081000,0.625039887498647000,0.585302964787336000,0.546350810684164000,0.506848727132244000,0.463575688312144000,0.418482016324818000,0.372903265382139000,0.331433806063572000,0.296487117663617000,0.267087063779070000,0.240174647643048000,0.213026557802934000,0.187245594598844000,0.162278486685359000,0.141886683345643000,0.125488885323542000,0.113277953383693000,0.077721432561587400,0.077721432561587400,0.077721432561587400,0.077721432561587400,0.077721432561587400,0.077721432561587400,0.077721432561587400,0.077721432561587400,0.077721432561587400,0.077721432561587400,0.077721432561587400,0.077721432561587400,0.077721432561587400,0.077721432561587400,0.077721432561587400,0.077721432561587400,0.077721432561587400,0.077721432561587400,0.077721432561587400
2033,1,0,0.013977137135313400,0.072436677807332400,0.168194881123774000,0.305836970770293000,0.461513692301037000,0.589459289791194000,0.684171451045305000,0.753246737192922000,0.816991313165225000,0.870278034685941000,0.909740418036024000,0.930930885009696000,0.937750731988909000,0.938928850082565000,0.938746216307779000,0.939439485848586000,0.938686473480011000,0.938573162882281000,0.939255491030832000,0.941076812248402000,0.941628413089794000,0.941348227708630000,0.943133666814334000,0.946757829518034000,0.951412101544496000,0.952755463555680000,0.953719357229327000,0.953940797994000000,0.955162028741258000,0.956465134179023000,0.955639094431668000,0.953482725112454000,0.950386624760622000,0.949652736943859000,0.949980039169608000,0.949278798852209000,0.947244070080002000,0.944060475140499000,0.941631341875873000,0.939847015048309000,0.939560410262173000,0.938486636567942000,0.938071812339150000,0.934356535690401000,0.926870720936041000,0.914313736925108000,0.899510557999932000,0.889308296404723000,0.869527385906456000,0.841421857545053000,0.801520127667618000,0.772233554077497000,0.745691855932393000,0.716521545002071000,0.676367866232487000,0.633675512503541000,0.594406971128560000,0.555683346647325000,0.516170389420026000,0.472648155791821000,0.427305900672564000,0.381478729569410000,0.339592475691803000,0.304059807480188000,0.273904916482866000,0.246236827465081000,0.218333143922246000,0.191929079350464000,0.166471548286298000,0.145720736282828000,0.128962587735288000,0.116389898613091000,0.080479464001106400,0.080479464001106400,0.080479464001106400,0.080479464001106400,0.080479464001106400,0.080479464001106400,0.080479464001106400,0.080479464001106400,0.080479464001106400,0.080479464001106400,0.080479464001106400,0.080479464001106400,0.080479464001106400,0.080479464001106400,0.080479464001106400,0.080479464001106400,0.080479464001106400,0.080479464001106400,0.080479464001106400
2034,1,0,0.013971977725478500,0.072745853986111000,0.168755294542105000,0.306583830525914000,0.462391011016814000,0.590477303914885000,0.685342428104666000,0.754482709681919000,0.818196817920733000,0.871359501138316000,0.910702949192098000,0.931781225620140000,0.938487129935965000,0.939546331134662000,0.939238225987354000,0.939805700831618000,0.938927427635563000,0.938723552785091000,0.939349955694295000,0.941149863942816000,0.941680520509695000,0.941379697893002000,0.943154695582898000,0.946778696446907000,0.951443384695274000,0.952798385091494000,0.953774057224116000,0.953995440568344000,0.955204134897974000,0.956482563752920000,0.955632633358556000,0.953452864459668000,0.950355097198586000,0.949640056289669000,0.950007199489511000,0.949346179814262000,0.947352163917584000,0.944196839592625000,0.941782832102175000,0.940000526685685000,0.939715390453356000,0.938643375882236000,0.938346979516704000,0.934868261013655000,0.927737308211147000,0.915537058083369000,0.901091442183969000,0.891475195282198000,0.872513985277943000,0.845461380308024000,0.806616928178587000,0.778383713941644000,0.752698466681243000,0.724189681694086000,0.684505687934320000,0.642283956321585000,0.603484773223806000,0.564990806256578000,0.525468298294448000,0.481698494267103000,0.436109340577040000,0.390035449901132000,0.347734089570267000,0.311617037431550000,0.280708845235492000,0.252286537060561000,0.223628721326079000,0.196602873575547000,0.170656112507119000,0.149547235668727000,0.132429548466062000,0.119495775701356000,0.083232872157617800,0.083232872157617800,0.083232872157617800,0.083232872157617800,0.083232872157617800,0.083232872157617800,0.083232872157617800,0.083232872157617800,0.083232872157617800,0.083232872157617800,0.083232872157617800,0.083232872157617800,0.083232872157617800,0.083232872157617800,0.083232872157617800,0.083232872157617800,0.083232872157617800,0.083232872157617800,0.083232872157617800
2035,1,0,0.013969454416123600,0.073068570455650300,0.169347204820248000,0.307388060866433000,0.463354993208029000,0.591606044289927000,0.686641926335696000,0.755860198317106000,0.819555863611905000,0.872604596146812000,0.911836589242293000,0.932806709363044000,0.939399997491000000,0.940340546784054000,0.939906981163407000,0.940348837406454000,0.939345206708192000,0.939050778961027000,0.939621405427563000,0.941400251701273000,0.941910075517485000,0.941588570313491000,0.943353466856324000,0.946977988976197000,0.951653966863463000,0.953020854621144000,0.954008482621102000,0.954229850300024000,0.955426242902506000,0.956680249680810000,0.955806281586942000,0.953602715154545000,0.950502698071816000,0.949806358949277000,0.950213390418673000,0.949592444696999000,0.947638743490168000,0.944511079564160000,0.942111734571703000,0.940331113548439000,0.940047391323777000,0.938976932868873000,0.938798843410052000,0.935555897399788000,0.928778267541273000,0.916932255861764000,0.902841283918900000,0.893808917249219000,0.875663383606730000,0.849658024736527000,0.811862948289233000,0.784677193367519000,0.759843085396345000,0.731990089754700000,0.692768043690694000,0.651008718083758000,0.612671322886822000,0.574399632335290000,0.534860130177400000,0.490834642643134000,0.444990134016817000,0.398660975947119000,0.355936764897635000,0.319228843153538000,0.287561938629212000,0.258380469180665000,0.228963534704728000,0.201311152051268000,0.174870539767620000,0.153399816570903000,0.135919562209582000,0.122622466680205000,0.086000453563018300,0.086000453563018300,0.086000453563018300,0.086000453563018300,0.086000453563018300,0.086000453563018300,0.086000453563018300,0.086000453563018300,0.086000453563018300,0.086000453563018300,0.086000453563018300,0.086000453563018300,0.086000453563018300,0.086000453563018300,0.086000453563018300,0.086000453563018300,0.086000453563018300,0.086000453563018300,0.086000453563018300
2036,1,0,0.013982496698360400,0.073540548911860700,0.170227203740719000,0.308629443084391000,0.464888867449540000,0.593406534215439000,0.688678021313283000,0.758016461773894000,0.821735806970709000,0.874706946613045000,0.913848447112789000,0.934711024830816000,0.941191052050017000,0.942020766991208000,0.941482788221273000,0.941821048633925000,0.940712472557312000,0.940338977709250000,0.940856560859542000,0.942608707990872000,0.943090647869038000,0.942740482574445000,0.944495830673595000,0.948129704271984000,0.952833179029511000,0.954224474196252000,0.955236155517513000,0.955466213542618000,0.956657559229879000,0.957891925310641000,0.956996329781019000,0.954769894561828000,0.951659005808134000,0.950966873224929000,0.951391975439805000,0.950788140714700000,0.948850306205795000,0.945733706249548000,0.943342398523253000,0.941566685741560000,0.941289269306006000,0.940224382120759000,0.940167559158030000,0.937157880291324000,0.930725079579629000,0.919219165060692000,0.905466194319281000,0.896897465885911000,0.879327976342642000,0.854012237590269000,0.816895774043234000,0.790398537187833000,0.766285856510952000,0.739182183306835000,0.700729558872791000,0.659737286019058000,0.622170138387439000,0.584197043532195000,0.544483240192646000,0.499807550019687000,0.453311140464554000,0.406329628983455000,0.363067771980825000,0.325939163039969000,0.293967619533356000,0.264483831575804000,0.234764358753978000,0.206708930253460000,0.179764248529011000,0.157691940984882000,0.139613827892002000,0.125722779147809000,0.088485036005541800,0.088485036005541800,0.088485036005541800,0.088485036005541800,0.088485036005541800,0.088485036005541800,0.088485036005541800,0.088485036005541800,0.088485036005541800,0.088485036005541800,0.088485036005541800,0.088485036005541800,0.088485036005541800,0.088485036005541800,0.088485036005541800,0.088485036005541800,0.088485036005541800,0.088485036005541800,0.088485036005541800
2037,1,0,0.013981891885234400,0.073941109998294000,0.170941700860677000,0.309570447961863000,0.465969983803978000,0.594628962017027000,0.690043198626072000,0.759434181769226000,0.823114984139623000,0.875956717306331000,0.914969409531716000,0.935703969630490000,0.942064305130222000,0.942782276538618000,0.942140317177824000,0.942374559097877000,0.941162027111601000,0.940709759612494000,0.941173746622714000,0.942897459267457000,0.943351019601869000,0.942972510756247000,0.944716587210499000,0.948356270888486000,0.953082672440142000,0.954497037669396000,0.955531805473372000,0.955770336851339000,0.956955467371965000,0.958168969486261000,0.957252602121699000,0.955005452633059000,0.951886721379630000,0.951199475186014000,0.951642248977131000,0.951056130334952000,0.949136069611155000,0.946033587904880000,0.943652660533373000,0.941883594956243000,0.941612760916419000,0.940554490188963000,0.940619097197040000,0.937845833143822000,0.931764452429658000,0.920610177345874000,0.907208943236070000,0.899112636135949000,0.882136866200130000,0.857536091065475000,0.821135101576703000,0.795352879444738000,0.771985822681876000,0.745658615101808000,0.708013659525484000,0.667829165382006000,0.631069648306793000,0.593432508758408000,0.553583043211288000,0.508300212648453000,0.461196741458689000,0.413608189326053000,0.369850467738676000,0.332337065879835000,0.300091843346793000,0.270334268754904000,0.240341019493294000,0.211909592056217000,0.184486712831328000,0.161833846513624000,0.143175001878221000,0.128703040479968000,0.090885394545292400,0.090885394545292400,0.090885394545292400,0.090885394545292400,0.090885394545292400,0.090885394545292400,0.090885394545292400,0.090885394545292400,0.090885394545292400,0.090885394545292400,0.090885394545292400,0.090885394545292400,0.090885394545292400,0.090885394545292400,0.090885394545292400,0.090885394545292400,0.090885394545292400,0.090885394545292400,0.090885394545292400
2038,1,0,0.013981414294559400,0.074342312625753700,0.171657697511456000,0.310514195766711000,0.467055254808845000,0.595856703778350000,0.691414546711105000,0.760858699631636000,0.824501541383189000,0.877214358726380000,0.916098607497871000,0.936705348483545000,0.942946059381252000,0.943552302437549000,0.942806364696079000,0.942936598306347000,0.941620107428901000,0.941089069262938000,0.941499468502341000,0.943194764540086000,0.943619951653111000,0.943213098007754000,0.944945919553323000,0.948591445966752000,0.953340815527856000,0.954778261898435000,0.955836123809948000,0.956083130054462000,0.957262056669214000,0.958454707469850000,0.957517561543285000,0.955249678949233000,0.952123077436004000,0.951440711002704000,0.951901159029436000,0.951332749767575000,0.949430443988623000,0.946342051220044000,0.943971481743476000,0.942209046765382000,0.941944792148301000,0.940893127740692000,0.941079155907168000,0.938542263141366000,0.932812219906192000,0.922009455580312000,0.908959808979590000,0.901335813000059000,0.884953562303896000,0.861067471678451000,0.825381569768257000,0.800314072501134000,0.777692369391908000,0.752141327863249000,0.715303636213249000,0.675926492741144000,0.639974209347623000,0.602672656761768000,0.562687177048555000,0.516796841214611000,0.469085926942819000,0.420889948297452000,0.376636002502081000,0.338737496300497000,0.306218322632776000,0.276186711933625000,0.245919434614881000,0.217111778742999000,0.189210489604243000,0.165976903410249000,0.146737202471560000,0.131684241755297000,0.093286393939850000,0.093286393939850000,0.093286393939850000,0.093286393939850000,0.093286393939850000,0.093286393939850000,0.093286393939850000,0.093286393939850000,0.093286393939850000,0.093286393939850000,0.093286393939850000,0.093286393939850000,0.093286393939850000,0.093286393939850000,0.093286393939850000,0.093286393939850000,0.093286393939850000,0.093286393939850000,0.093286393939850000
2039,1,0,0.013979661280424000,0.074736669129790300,0.172357919907932000,0.311429465350614000,0.468097744051381000,0.597029890720262000,0.692722599493760000,0.762213578442187000,0.825812659607267000,0.878391772796635000,0.917144051264376000,0.937621113612137000,0.943741649663164000,0.944236126885495000,0.943386295402145000,0.943412525414640000,0.941992212332263000,0.941382464511814000,0.941739247089543000,0.943405976394888000,0.943802756023987000,0.943367599217428000,0.945089009567631000,0.948740045209464000,0.953511945839240000,0.954972338533201000,0.956053194361059000,0.956308651586138000,0.957481267733372000,0.958652961743449000,0.957695126063956000,0.955406720567063000,0.952272535283935000,0.951595110083536000,0.952073187520363000,0.951522536668518000,0.949638156545858000,0.946564132215894000,0.944204135244668000,0.942448490591616000,0.942190838455107000,0.941145875254886000,0.941453288237783000,0.939152960486074000,0.933774721420863000,0.923324397291575000,0.910627472605467000,0.903476407919891000,0.887689076299839000,0.864519735251946000,0.829552062400246000,0.805201462837503000,0.783327058209613000,0.758554389882755000,0.722527194009351000,0.683960864714747000,0.648818966083789000,0.611856349877059000,0.571738525501273000,0.525244967808762000,0.476931059945705000,0.428132148527291000,0.383386094898247000,0.345106003205215000,0.312315888774274000,0.282013025416916000,0.251474524988258000,0.222293328774675000,0.193916251430474000,0.170104157564390000,0.150285448193304000,0.134652954103847000,0.095678499937907800,0.095678499937907800,0.095678499937907800,0.095678499937907800,0.095678499937907800,0.095678499937907800,0.095678499937907800,0.095678499937907800,0.095678499937907800,0.095678499937907800,0.095678499937907800,0.095678499937907800,0.095678499937907800,0.095678499937907800,0.095678499937907800,0.095678499937907800,0.095678499937907800,0.095678499937907800,0.095678499937907800
2040,1,0,0.013977225894764600,0.075127256662802000,0.173049512975608000,0.312329247636528000,0.469117054749042000,0.598173561719145000,0.693996421409872000,0.763530817772861000,0.827083044690168000,0.879525925326454000,0.918144380002979000,0.938490802270372000,0.944490900491486000,0.944873621206575000,0.943919968618375000,0.943842224908044000,0.942318190103961000,0.941629785993762000,0.941932950543133000,0.943571040255228000,0.943939401527999000,0.943475971296096000,0.945185889779682000,0.948842254648989000,0.953636446493816000,0.955119707297989000,0.956223497354874000,0.956487390549959000,0.957653640838618000,0.958804327099709000,0.957825854654902000,0.955517044190203000,0.952375430511798000,0.951702978155808000,0.952198656367753000,0.951665785504963000,0.949799417719272000,0.946739907687520000,0.944390595338640000,0.942641824738473000,0.942390785690764000,0.941352572736176000,0.941781319155444000,0.939717597919659000,0.934691320357968000,0.924593841336098000,0.912250153135903000,0.905572227393183000,0.890380407829971000,0.867928733449700000,0.833680782643610000,0.810048055534594000,0.788921794069864000,0.764928475895757000,0.729713292902767000,0.691959418828988000,0.657629378851516000,0.621007403086984000,0.580759233422652000,0.533664905755971000,0.484750545040499000,0.435351265261752000,0.390115437032754000,0.351455744115195000,0.318396371860667000,0.287823817377693000,0.257015666873564000,0.227462467700446000,0.198611130882624000,0.174221865851602000,0.153825289631246000,0.137614199415288000,0.098065215507125100,0.098065215507125100,0.098065215507125100,0.098065215507125100,0.098065215507125100,0.098065215507125100,0.098065215507125100,0.098065215507125100,0.098065215507125100,0.098065215507125100,0.098065215507125100,0.098065215507125100,0.098065215507125100,0.098065215507125100,0.098065215507125100,0.098065215507125100,0.098065215507125100,0.098065215507125100,0.098065215507125100
女性有配偶,,,,,,,,,,,,,,,,,,,,,,,,,,,,,,,,,,,,,,,,,,,,,,,,,,,,,,,,,,,,,,,,,,,,,,,,,,,,,,,,,,,,,,,,,,,,,
年度,性,合計,15.000000000000000000,16.000000000000000000,17.000000000000000000,18.000000000000000000,19.000000000000000000,20.000000000000000000,21.000000000000000000,22.000000000000000000,23.000000000000000000,24.000000000000000000,25.000000000000000000,26.000000000000000000,27.000000000000000000,28.000000000000000000,29.000000000000000000,30.000000000000000000,31.000000000000000000,32.000000000000000000,33.000000000000000000,34.000000000000000000,35.000000000000000000,36.000000000000000000,37.000000000000000000,38.000000000000000000,39.000000000000000000,40.000000000000000000,41.000000000000000000,42.000000000000000000,43.000000000000000000,44.000000000000000000,45.000000000000000000,46.000000000000000000,47.000000000000000000,48.000000000000000000,49.000000000000000000,50.000000000000000000,51.000000000000000000,52.000000000000000000,53.000000000000000000,54.000000000000000000,55.000000000000000000,56.000000000000000000,57.000000000000000000,58.000000000000000000,59.000000000000000000,60.000000000000000000,61.000000000000000000,62.000000000000000000,63.000000000000000000,64.000000000000000000,65.000000000000000000,66.000000000000000000,67.000000000000000000,68.000000000000000000,69.000000000000000000,70.000000000000000000,71.000000000000000000,72.000000000000000000,73.000000000000000000,74.000000000000000000,75.000000000000000000,76.000000000000000000,77.000000000000000000,78.000000000000000000,79.000000000000000000,80.000000000000000000,81.000000000000000000,82.000000000000000000,83.000000000000000000,84.000000000000000000,85.000000000000000000,86.000000000000000000,87.000000000000000000,88.000000000000000000,89.000000000000000000,90.000000000000000000,91.000000000000000000,92.000000000000000000,93.000000000000000000,94.000000000000000000,95.000000000000000000,96.000000000000000000,97.000000000000000000,98.000000000000000000,99.000000000000000000,100.000000000000000000,101.000000000000000000,102.000000000000000000,103.000000000000000000,104.000000000000000000,105.000000000000000000
2020,3,0,0.017849251751366800,0.076941537472300100,0.168178339211556000,0.324344705662239000,0.435356099513540000,0.526528217317011000,0.553440993777152000,0.625099458472701000,0.680941795355252000,0.701605818855859000,0.723242530580292000,0.722982057778746000,0.730588387030497000,0.714568256630789000,0.703212257356628000,0.690330683632399000,0.687474716892117000,0.678681721878515000,0.681846849131949000,0.684582211217184000,0.690928667666517000,0.690376966476350000,0.697670065277497000,0.703538908065295000,0.705471265970188000,0.716675952114174000,0.729655015954120000,0.750596233804551000,0.760630786327932000,0.771419242260954000,0.774594182616176000,0.777447320720132000,0.773989923553905000,0.767970797705762000,0.764594859474001000,0.764906351385358000,0.768805469559782000,0.763536663206495000,0.760071708482234000,0.756461596297245000,0.743992889944750000,0.725106704065491000,0.703450347992689000,0.688631299808106000,0.666024422778403000,0.642358986208384000,0.606299168259644000,0.573953617414056000,0.535298888375489000,0.497193251410738000,0.456153349566279000,0.415802289695613000,0.378526457324532000,0.349796541925651000,0.317782629056534000,0.289459008384565000,0.256685301091719000,0.227610971403881000,0.200129061910648000,0.174776924904721000,0.153060716112063000,0.135304643079519000,0.121361212931369000,0.107245196352893000,0.100090562845624000,0.084809449907321800,0.072644044142609900,0.060298943134721200,0.054562091933910200,0.049257303442546800,0.037764407239129000,0.025301221817968100,0.027795263033932900,0.027795263033932900,0.027795263033932900,0.027795263033932900,0.027795263033932900,0.027795263033932900,0.027795263033932900,0.027795263033932900,0.027795263033932900,0.027795263033932900,0.027795263033932900,0.027795263033932900,0.027795263033932900,0.027795263033932900,0.027795263033932900,0.027795263033932900,0.027795263033932900,0.027795263033932900,0.027795263033932900
2021,3,0,0.014373618078755300,0.054730535981120100,0.124785939536058000,0.253649829000501000,0.397051248796061000,0.510498732539319000,0.590293210085420000,0.648267927614399000,0.695289725670777000,0.725689699140637000,0.735052788600324000,0.759038356288790000,0.747496802708170000,0.748269755939990000,0.723287809282051000,0.715979184144766000,0.705766304168550000,0.704509256273325000,0.699702450960463000,0.707015922930596000,0.712305391709315000,0.711504655932024000,0.714163281395484000,0.718429408259435000,0.729451960806886000,0.735873834681965000,0.745462945547907000,0.759282716372189000,0.768980974638411000,0.773250382930894000,0.772780854684341000,0.769560462159376000,0.769042446003364000,0.772391638604225000,0.768191232349466000,0.766693551146929000,0.762918648121655000,0.765520253120106000,0.760478828364345000,0.749306712176317000,0.740312374982952000,0.725368315214958000,0.714523877896510000,0.692853023071408000,0.673489222884151000,0.644792618702609000,0.617687203754988000,0.584729785827314000,0.551412741960052000,0.511479792626414000,0.472506798361187000,0.427720633917977000,0.391296929581729000,0.357382962424150000,0.324864448726053000,0.293324621688553000,0.259788706825635000,0.237092775018371000,0.207615156414245000,0.189178742408263000,0.164332181244653000,0.150133450996291000,0.129331004325457000,0.121506832537216000,0.105677037558954000,0.095085989212879700,0.081748817013200600,0.068667855068933200,0.061002144116002600,0.047052137115563500,0.046351646898740100,0.045972404123319400,0.027667711453815200,0.027667711453815200,0.027667711453815200,0.027667711453815200,0.027667711453815200,0.027667711453815200,0.027667711453815200,0.027667711453815200,0.027667711453815200,0.027667711453815200,0.027667711453815200,0.027667711453815200,0.027667711453815200,0.027667711453815200,0.027667711453815200,0.027667711453815200,0.027667711453815200,0.027667711453815200,0.027667711453815200
2022,3,0,0.016886892888941200,0.054488381054011500,0.115215420923111000,0.220336134973333000,0.332639839496704000,0.480315658099950000,0.598388881661261000,0.704120613539160000,0.741351384850677000,0.750396255416958000,0.763663976288420000,0.772394924732613000,0.772721135656210000,0.756672229689125000,0.737956720005574000,0.729125723840402000,0.728346291181449000,0.727321473375991000,0.716425182550840000,0.714935420869780000,0.719405687973516000,0.728747260593784000,0.728758971716509000,0.734255880323919000,0.743417277900499000,0.757258986382383000,0.767067890585266000,0.777069280165817000,0.783246568425561000,0.786918387943206000,0.790344713905264000,0.790703898909379000,0.787777602254658000,0.781866502345664000,0.781436556530501000,0.777554595341030000,0.777335113916952000,0.768827175309288000,0.764677049646920000,0.751952623413780000,0.743067372948444000,0.734403943909266000,0.721557085126322000,0.710498921302207000,0.682669803556249000,0.655508318983696000,0.627350475380371000,0.607524771120111000,0.581951288417825000,0.531152602375143000,0.476658657123279000,0.423587922483442000,0.394284349975684000,0.361688543891024000,0.332558396542781000,0.300190345037422000,0.273825440011182000,0.248242737536094000,0.224762931572776000,0.198962888162007000,0.178074179842536000,0.153850835645671000,0.135672778264048000,0.115993255445414000,0.104274362796690000,0.093139658142914700,0.079184949245184000,0.066335692833890100,0.052183305665216400,0.043336353736272700,0.033213241826349700,0.026803815322650100,0.033221936442954800,0.033221936442954800,0.033221936442954800,0.033221936442954800,0.033221936442954800,0.033221936442954800,0.033221936442954800,0.033221936442954800,0.033221936442954800,0.033221936442954800,0.033221936442954800,0.033221936442954800,0.033221936442954800,0.033221936442954800,0.033221936442954800,0.033221936442954800,0.033221936442954800,0.033221936442954800,0.033221936442954800
2023,3,0,0.016889628354270600,0.061853330730581600,0.129807600666011000,0.223147156169800000,0.345954845963848000,0.473080738309743000,0.598015618248039000,0.686675410326991000,0.739532422474414000,0.762108996425214000,0.775184090548685000,0.785352494020008000,0.784790853669256000,0.774122660048005000,0.759445317712516000,0.749858624300936000,0.746169783405623000,0.741371451276944000,0.735915356290016000,0.731870304821740000,0.734572300595480000,0.737774868377083000,0.741406519550001000,0.745064916768721000,0.753420873991728000,0.763214395909670000,0.773287960518331000,0.781181941069158000,0.787405531877531000,0.791812716316664000,0.794280218850614000,0.794547993056357000,0.791885461923909000,0.789142518709469000,0.786263643182422000,0.785282281140671000,0.781607818656837000,0.778003924465887000,0.770391011054004000,0.762812277579909000,0.753728865947321000,0.744604636853952000,0.733647360193180000,0.715191859976684000,0.690855419114016000,0.660818161680231000,0.633449140892622000,0.607517368856780000,0.574945255879635000,0.531723019681086000,0.479333548099780000,0.434110275009917000,0.395170102868301000,0.363193958000074000,0.329178693481236000,0.297240732424538000,0.266485444539451000,0.240567760660113000,0.216712770049654000,0.196297073177389000,0.175633490079313000,0.157510980546404000,0.138453864428483000,0.122227840305236000,0.107012247026675000,0.093705234171153500,0.080021372359847500,0.065596536621008700,0.053139645522371400,0.041856699644324400,0.033155158742180200,0.025266257931322800,0.031445078305592800,0.031445078305592800,0.031445078305592800,0.031445078305592800,0.031445078305592800,0.031445078305592800,0.031445078305592800,0.031445078305592800,0.031445078305592800,0.031445078305592800,0.031445078305592800,0.031445078305592800,0.031445078305592800,0.031445078305592800,0.031445078305592800,0.031445078305592800,0.031445078305592800,0.031445078305592800,0.031445078305592800
2024,3,0,0.016886794877458800,0.061489370600666600,0.129559089447555000,0.223490267679154000,0.347365069061075000,0.475557348554581000,0.601558983214167000,0.691837415574738000,0.746864874327698000,0.772162774756111000,0.787960789366381000,0.800852600963450000,0.802060077381427000,0.792206604572429000,0.777388564165858000,0.767660318654004000,0.763828936209271000,0.758467371121535000,0.752027275982015000,0.746577110095742000,0.747872859537774000,0.749669097009553000,0.751981145445856000,0.754406734999018000,0.761615896031650000,0.770262380587171000,0.779188860852244000,0.786311696227090000,0.792139995602459000,0.796527766847941000,0.798976181597634000,0.799225237055020000,0.796727122262870000,0.794331252367014000,0.791982116451148000,0.791530175685541000,0.788385586283984000,0.785471497429335000,0.778709006016956000,0.772140632901058000,0.764067834057958000,0.755954224601789000,0.744899435299792000,0.725239240577975000,0.698590652023543000,0.666242203291540000,0.636561543570839000,0.609225568231085000,0.576158042710452000,0.533349857427187000,0.481375974696064000,0.436567088224056000,0.397022958131555000,0.363424396508571000,0.326769766837817000,0.292192092131826000,0.258796892187099000,0.232112545781065000,0.209364607707833000,0.191929447492295000,0.174246442637405000,0.159104085046235000,0.141689768378052000,0.125768559462726000,0.109520102592227000,0.095179905953094200,0.080462923579980900,0.065270130303184200,0.052309990230589500,0.040788637147348800,0.031848255972391700,0.023720378556718800,0.029657862264664800,0.029657862264664800,0.029657862264664800,0.029657862264664800,0.029657862264664800,0.029657862264664800,0.029657862264664800,0.029657862264664800,0.029657862264664800,0.029657862264664800,0.029657862264664800,0.029657862264664800,0.029657862264664800,0.029657862264664800,0.029657862264664800,0.029657862264664800,0.029657862264664800,0.029657862264664800,0.029657862264664800
2025,3,0,0.016889250923669400,0.061144678952246300,0.129351165644755000,0.223903375495945000,0.348884065988760000,0.478182862535043000,0.605290695636031000,0.697216010067833000,0.754431103203654000,0.782458193371257000,0.800984016040017000,0.816603213012115000,0.819580144883048000,0.810538288271322000,0.795574911475189000,0.785702069842815000,0.781726948928069000,0.775800484061907000,0.768374393524723000,0.761517437462039000,0.761407377865874000,0.761797879091346000,0.762791078484203000,0.763984647689918000,0.770049296288829000,0.777551477457578000,0.785333695058967000,0.791687633580022000,0.797122475957219000,0.801492208826788000,0.803922303137024000,0.804152718276132000,0.801818233664268000,0.799768678871390000,0.797948534907587000,0.798025862025563000,0.795410148883865000,0.793184937168922000,0.787270730532996000,0.781710637781898000,0.774645900497178000,0.767540346663820000,0.756384584202194000,0.735513563723023000,0.706544531994621000,0.671874811090601000,0.639873267205977000,0.611124557479848000,0.577551272728121000,0.535143720276844000,0.483569137301974000,0.439160592676328000,0.399000131700709000,0.363768665483680000,0.324463248293538000,0.287235088144272000,0.251189574737554000,0.223730224585387000,0.202082188961516000,0.187622037572521000,0.172914005497199000,0.160746990201964000,0.144969981576434000,0.129348594048658000,0.112062207154755000,0.096684358033063300,0.080929668376987100,0.064964175877007600,0.051496738564964200,0.039733374764660300,0.030551358253896200,0.022181963674443300,0.027879975910354700,0.027879975910354700,0.027879975910354700,0.027879975910354700,0.027879975910354700,0.027879975910354700,0.027879975910354700,0.027879975910354700,0.027879975910354700,0.027879975910354700,0.027879975910354700,0.027879975910354700,0.027879975910354700,0.027879975910354700,0.027879975910354700,0.027879975910354700,0.027879975910354700,0.027879975910354700,0.027879975910354700
2026,3,0,0.016909022924500800,0.061598123734835800,0.130178682552218000,0.225048167270351000,0.350294114997086000,0.479863223921347000,0.607238804471220000,0.699923806281832000,0.758391079638067000,0.788169307648501000,0.808435145164187000,0.825790954238710000,0.830448259164740000,0.823031266455807000,0.809644382393631000,0.801353992910816000,0.798968228521642000,0.793614640988039000,0.785745477410433000,0.777431919801811000,0.775873157153438000,0.774815541325990000,0.774521008823192000,0.774586760290556000,0.779688973240308000,0.786230401658406000,0.793052194343728000,0.798823880857780000,0.804055240230106000,0.808600088161212000,0.811203026826286000,0.811603711187766000,0.809417428447718000,0.807497344430203000,0.805787875150032000,0.805978098293485000,0.803472128474134000,0.801563166631457000,0.796166940610575000,0.791331292426072000,0.784989238242440000,0.778606319726828000,0.767840029314589000,0.747018685625379000,0.717761428714824000,0.682796808914603000,0.650503489729875000,0.621866314335149000,0.588798417440683000,0.547285412283527000,0.496594644893247000,0.453078305029237000,0.413019684631099000,0.377100491940139000,0.336307241606808000,0.297593680129010000,0.260064149901131000,0.230971398833086000,0.207537329723507000,0.191140123809143000,0.174494747018132000,0.160393361738657000,0.143674175572210000,0.128107211296976000,0.111869717075132000,0.097542994922956900,0.082838991074655900,0.067400682110711600,0.053940097283729500,0.041662325414693400,0.031968922780988800,0.023089093403291400,0.028293139349864200,0.028293139349864200,0.028293139349864200,0.028293139349864200,0.028293139349864200,0.028293139349864200,0.028293139349864200,0.028293139349864200,0.028293139349864200,0.028293139349864200,0.028293139349864200,0.028293139349864200,0.028293139349864200,0.028293139349864200,0.028293139349864200,0.028293139349864200,0.028293139349864200,0.028293139349864200,0.028293139349864200
2027,3,0,0.016905635661195000,0.061967571323175400,0.130828556730501000,0.225885579509326000,0.351225357940503000,0.480887431541327000,0.608356416181570000,0.701674792193491000,0.761315315139263000,0.792805560606025000,0.814785321127012000,0.833855636151966000,0.840188560198729000,0.834408174738017000,0.822617663199614000,0.815922625296362000,0.815131029655547000,0.810358213776418000,0.802056334163982000,0.792296157926185000,0.789289423509004000,0.786783735521597000,0.785200625595637000,0.784137375066540000,0.788269224701426000,0.793840001496944000,0.799691086396323000,0.804872044367694000,0.809892552320226000,0.814606455238474000,0.817378837899448000,0.817949407418640000,0.815914467224302000,0.814126611586245000,0.812530267654023000,0.812833235593663000,0.810440550679501000,0.808850762266858000,0.803980416373806000,0.799876544139766000,0.794266567674107000,0.788615735062528000,0.778254052686228000,0.757510975332122000,0.728005318705119000,0.692793442503531000,0.660252331794938000,0.631766054023783000,0.599249363884050000,0.558688678786107000,0.508952069970333000,0.466388451479211000,0.426486681764037000,0.389928332504396000,0.347701723957623000,0.307554387657227000,0.268590845418259000,0.237902988406918000,0.212713275938122000,0.194399613167459000,0.175837829234440000,0.159819527193381000,0.142180167675334000,0.126689018236856000,0.111523692178927000,0.098268755419401600,0.084636612541886600,0.069747160978914400,0.056311886701718700,0.043536037770139200,0.033344040365735200,0.023965453240042300,0.028667920116873000,0.028667920116873000,0.028667920116873000,0.028667920116873000,0.028667920116873000,0.028667920116873000,0.028667920116873000,0.028667920116873000,0.028667920116873000,0.028667920116873000,0.028667920116873000,0.028667920116873000,0.028667920116873000,0.028667920116873000,0.028667920116873000,0.028667920116873000,0.028667920116873000,0.028667920116873000,0.028667920116873000
2028,3,0,0.016902230734851500,0.062336800776805500,0.131478022641173000,0.226722401182181000,0.352155831583874000,0.481910686611391000,0.609472894383481000,0.703424285166644000,0.764237519306411000,0.797439059093261000,0.821132029419881000,0.841916140235390000,0.849924003196674000,0.845779574079592000,0.835584807085377000,0.830484487458342000,0.831286421094615000,0.827094148950430000,0.818359736462962000,0.807153533671575000,0.802699412505161000,0.798746236853879000,0.795875068895195000,0.793683271075193000,0.796845142531184000,0.801445651336701000,0.806326411789848000,0.810916872678378000,0.815726608258568000,0.820609492951732000,0.823551248424883000,0.824291634218522000,0.822407978066958000,0.820752299705357000,0.819269037476076000,0.819684704582493000,0.817405261760533000,0.816134520358034000,0.811789848832422000,0.808417463219608000,0.803539276716267000,0.798620242295751000,0.788663017088139000,0.767998197972199000,0.738244274610783000,0.702785280951730000,0.669996514872756000,0.641661106166263000,0.609695437957449000,0.570086736023390000,0.521303958473814000,0.479692726552920000,0.439947789416208000,0.402750581469433000,0.359091237992229000,0.317510747979822000,0.277113813603523000,0.244831525919993000,0.217886903662422000,0.197657574465594000,0.177180174079940000,0.159245743309236000,0.140686599913570000,0.125271252289733000,0.111177680781545000,0.098994113804515900,0.086433416681739400,0.072092618803957900,0.058682660028068100,0.045408948483124000,0.034718568057586600,0.024841434083611700,0.029042518078504100,0.029042518078504100,0.029042518078504100,0.029042518078504100,0.029042518078504100,0.029042518078504100,0.029042518078504100,0.029042518078504100,0.029042518078504100,0.029042518078504100,0.029042518078504100,0.029042518078504100,0.029042518078504100,0.029042518078504100,0.029042518078504100,0.029042518078504100,0.029042518078504100,0.029042518078504100,0.029042518078504100
2029,3,0,0.016895132887691900,0.062692173249739200,0.132098342347734000,0.227509138658373000,0.353008741553160000,0.482827954354046000,0.610455440669984000,0.705018914025369000,0.766990836278864000,0.801895348963095000,0.827295285173217000,0.849787583405678000,0.859467594093450000,0.856959010991194000,0.848361225872795000,0.844855748782139000,0.847250046388962000,0.843638873794275000,0.834474106596916000,0.821825225422718000,0.815925590434541000,0.810526690596677000,0.806368892495285000,0.803049727658261000,0.805241532318649000,0.808871370193629000,0.812781342028618000,0.816780669154384000,0.821378711838873000,0.826429405866719000,0.829539785823673000,0.830449720534449000,0.828717666229602000,0.827194444979886000,0.825824518459976000,0.826352723847873000,0.824186951079799000,0.823235336276457000,0.819416962337295000,0.816776346148368000,0.812630561408203000,0.808443945904354000,0.798893103365158000,0.778311011453167000,0.748315480169923000,0.712617274350739000,0.679588174788211000,0.651409735887569000,0.620001735371917000,0.581353084124787000,0.533534209782413000,0.492883869481932000,0.453304356223655000,0.415476818254820000,0.370395174417346000,0.327391511060245000,0.285570906322193000,0.251702235826772000,0.223009684460260000,0.200870301342657000,0.178482951210134000,0.158637502809275000,0.139163204217446000,0.123826981300878000,0.110807579534176000,0.099697380219873200,0.088210209130170000,0.074420859157029500,0.061039131737392700,0.047270768677669300,0.036084651904839300,0.025711440072495200,0.029410534265145900,0.029410534265145900,0.029410534265145900,0.029410534265145900,0.029410534265145900,0.029410534265145900,0.029410534265145900,0.029410534265145900,0.029410534265145900,0.029410534265145900,0.029410534265145900,0.029410534265145900,0.029410534265145900,0.029410534265145900,0.029410534265145900,0.029410534265145900,0.029410534265145900,0.029410534265145900,0.029410534265145900
2030,3,0,0.016894483290444200,0.063071298052210000,0.132768769353445000,0.228382303566853000,0.353995923032223000,0.483928986319961000,0.611670407391960000,0.706881755945354000,0.770035475673221000,0.806655495711686000,0.833771304715411000,0.857979587536609000,0.869334672131079000,0.868460228273220000,0.861455413222743000,0.859542710406977000,0.863529555449550000,0.860497838490652000,0.850899417755056000,0.836803694299587000,0.829456957529858000,0.822610936657786000,0.817165512086239000,0.812718230817537000,0.813941249439094000,0.816602245984619000,0.819543365719345000,0.822953355664962000,0.827341556505135000,0.832561909640490000,0.835842023307662000,0.836921776333092000,0.835340593657705000,0.833949187741629000,0.832692022394916000,0.833332915975155000,0.831279934979595000,0.830646937484867000,0.827353163296702000,0.825442973794414000,0.822027673612783000,0.818571544237360000,0.809423254728067000,0.788916000637551000,0.758667529764532000,0.722716603616453000,0.689434681101149000,0.661402390810393000,0.630539821141978000,0.592836037200919000,0.545962382748505000,0.506256986716596000,0.466827723091034000,0.428355713929735000,0.381835224347453000,0.337392635349729000,0.294133059483895000,0.258665813421888000,0.228215188776692000,0.204158181722447000,0.179853217187312000,0.158090056650821000,0.137693593468457000,0.122430608672750000,0.110479917763316000,0.100438355899778000,0.090019836754944100,0.076776421688671000,0.063417807949340700,0.049149767881621300,0.037463874816575900,0.026590855436813100,0.029789601019046500,0.029789601019046500,0.029789601019046500,0.029789601019046500,0.029789601019046500,0.029789601019046500,0.029789601019046500,0.029789601019046500,0.029789601019046500,0.029789601019046500,0.029789601019046500,0.029789601019046500,0.029789601019046500,0.029789601019046500,0.029789601019046500,0.029789601019046500,0.029789601019046500,0.029789601019046500,0.029789601019046500
2031,3,0,0.016916743263356000,0.063333954097476600,0.133262306463731000,0.229100362894149000,0.354937526788422000,0.485099825753552000,0.613067594820880000,0.708878177464059000,0.773004639862432000,0.810978189416326000,0.839435005298562000,0.864980464075894000,0.877660915622022000,0.878100851451320000,0.872407465001526000,0.871812900093764000,0.877125656219361000,0.874590822768785000,0.864660853329900000,0.849407875578079000,0.840912776897649000,0.832919053852268000,0.826429773131739000,0.821041951471035000,0.821433901436258000,0.823265723988287000,0.825378038816543000,0.828319380131640000,0.832599759718551000,0.838072926532806000,0.841603297442125000,0.842930408540342000,0.841590361019235000,0.840437623404210000,0.839416586331488000,0.840296109045885000,0.838478207766958000,0.838260360713700000,0.835556430930103000,0.834416108598571000,0.831768692471527000,0.829080393354626000,0.820436295144043000,0.800162126877390000,0.769877767878904000,0.733883440117209000,0.700561632636153000,0.672861925275160000,0.642693760435319000,0.606040918460900000,0.560206123861357000,0.521549032495489000,0.482340465380833000,0.443262442013739000,0.395297361658364000,0.349412919704971000,0.304713049607687000,0.268002898954778000,0.236503102118433000,0.211592469586791000,0.186433552868390000,0.163819789199753000,0.142439827087768000,0.126065410631447000,0.112872955759081000,0.101592145378637000,0.089933881042406000,0.076022042765970700,0.062569898063006100,0.048782172813142600,0.037579996772540000,0.027191765450048000,0.030893839881921500,0.030893839881921500,0.030893839881921500,0.030893839881921500,0.030893839881921500,0.030893839881921500,0.030893839881921500,0.030893839881921500,0.030893839881921500,0.030893839881921500,0.030893839881921500,0.030893839881921500,0.030893839881921500,0.030893839881921500,0.030893839881921500,0.030893839881921500,0.030893839881921500,0.030893839881921500,0.030893839881921500
2032,3,0,0.016910461486150200,0.063489923358291500,0.133531305747893000,0.229432280517000000,0.355280732527093000,0.485452713534435000,0.613430979549520000,0.709679593180872000,0.774671444941854000,0.813935688302431000,0.843686731886717000,0.870527499454605000,0.884513161332612000,0.886267977139616000,0.881896872499276000,0.882622696030568000,0.889253647000743000,0.887220446891798000,0.876975381279790000,0.860589808386763000,0.850959605128765000,0.841830591327541000,0.834307423937918000,0.827987269336617000,0.827546702869002000,0.828545474313248000,0.829824633877147000,0.832291917070290000,0.836457146292470000,0.842174124807336000,0.845949028845193000,0.847521491219216000,0.846425069491020000,0.845513172222223000,0.844730210698743000,0.845847103218199000,0.844267573392005000,0.844465637234949000,0.842356675116290000,0.841988873427122000,0.840114537578970000,0.838199333922243000,0.830074498844849000,0.810067868439256000,0.779798720511969000,0.743821724132165000,0.710516255632944000,0.683196214871631000,0.653774048555730000,0.618235028392044000,0.573517465182715000,0.535974939875332000,0.497053479072300000,0.457434849012325000,0.408104797509451000,0.360854611794903000,0.314788558063588000,0.276896309988071000,0.244399534016005000,0.218676528635070000,0.192705331263962000,0.169278341838458000,0.146950049291683000,0.129490797142423000,0.115077678479383000,0.102575494447943000,0.089695996622545600,0.075138592184630300,0.061615541116946200,0.048331864612161200,0.037632777211974400,0.027747332283815800,0.031946960887713000,0.031946960887713000,0.031946960887713000,0.031946960887713000,0.031946960887713000,0.031946960887713000,0.031946960887713000,0.031946960887713000,0.031946960887713000,0.031946960887713000,0.031946960887713000,0.031946960887713000,0.031946960887713000,0.031946960887713000,0.031946960887713000,0.031946960887713000,0.031946960887713000,0.031946960887713000,0.031946960887713000
2033,3,0,0.016904095805794800,0.063645443366823700,0.133799404304837000,0.229762747915578000,0.355621820239819000,0.485802794036025000,0.613790878629882000,0.710476691485647000,0.776332945104398000,0.816886711592228000,0.847930859399940000,0.876065826719422000,0.891355649839879000,0.894424353387360000,0.891374564881175000,0.893419785887243000,0.901367911438763000,0.899835980288146000,0.889276107755575000,0.871758872332491000,0.860994463590547000,0.850731055640398000,0.842174813962333000,0.834923056573529000,0.833650598395259000,0.833816936312466000,0.834263556801579000,0.836257123365712000,0.840307266489944000,0.846267844471410000,0.850287079039616000,0.852104701018915000,0.851251728686305000,0.850580496482107000,0.850035436617746000,0.851389515625799000,0.850048187314479000,0.850661850068616000,0.849147421849033000,0.849551565169988000,0.848449741443324000,0.847307065292135000,0.839701147700199000,0.819961959957910000,0.789708170319816000,0.753748680860028000,0.720459713625681000,0.693519198752946000,0.664842627383046000,0.630416782504841000,0.586815849700843000,0.550387253867308000,0.511752888649346000,0.471594263645362000,0.420900519944510000,0.372285859098837000,0.324854884488321000,0.285781621291414000,0.252288781816247000,0.225754145711459000,0.198971411044515000,0.174731926595642000,0.151456129599387000,0.132912944287327000,0.117280149953136000,0.103557570908908000,0.089457820104635000,0.074255408420729500,0.060661574851831400,0.047881639848022900,0.037685321020421200,0.028302338381787200,0.032999127168228500,0.032999127168228500,0.032999127168228500,0.032999127168228500,0.032999127168228500,0.032999127168228500,0.032999127168228500,0.032999127168228500,0.032999127168228500,0.032999127168228500,0.032999127168228500,0.032999127168228500,0.032999127168228500,0.032999127168228500,0.032999127168228500,0.032999127168228500,0.032999127168228500,0.032999127168228500,0.032999127168228500
2034,3,0,0.016895496888132200,0.063792396201728300,0.134049544491262000,0.230062491843710000,0.355915505622962000,0.486088222372980000,0.614069165417977000,0.711178985011297000,0.777890153190648000,0.819726930504586000,0.852058926571238000,0.881483222016064000,0.898074027218331000,0.902455049369991000,0.900725811654447000,0.904088991678855000,0.913352073509572000,0.912321170625956000,0.901448168362366000,0.882802591930956000,0.870906407096000000,0.859510968199542000,0.849923699668130000,0.841742124358601000,0.839638679168045000,0.838973298174064000,0.838588057175492000,0.840108062278514000,0.844042684725088000,0.850245857152938000,0.854508673706426000,0.856570997605821000,0.855961372205088000,0.855530680995069000,0.855223384453880000,0.856814260715166000,0.855711100779550000,0.856739913391525000,0.855819693528436000,0.856995045214208000,0.856665195920348000,0.856294514983119000,0.849208063039415000,0.829738695657538000,0.799504257694247000,0.763567022332649000,0.730298950732779000,0.703741194042745000,0.675813355899748000,0.642504260769639000,0.600024744974649000,0.564713917665415000,0.526371510918339000,0.485678687655790000,0.433629172686439000,0.383657682966911000,0.334869277355067000,0.294621219229857000,0.260137633673479000,0.232795599474032000,0.205205592917290000,0.180157542856705000,0.155938162660689000,0.136314459352734000,0.119465139169075000,0.104525062570996000,0.089208006075774400,0.073363171423216900,0.059700418432102400,0.047425471796792100,0.037732827082077000,0.028853104821634700,0.034045991769691100,0.034045991769691100,0.034045991769691100,0.034045991769691100,0.034045991769691100,0.034045991769691100,0.034045991769691100,0.034045991769691100,0.034045991769691100,0.034045991769691100,0.034045991769691100,0.034045991769691100,0.034045991769691100,0.034045991769691100,0.034045991769691100,0.034045991769691100,0.034045991769691100,0.034045991769691100,0.034045991769691100
2035,3,0,0.016889786878712400,0.063950104824491300,0.134322335902551000,0.230401220598726000,0.356269645956146000,0.486456314395652000,0.614451949862923000,0.712001979950535000,0.779578717019340000,0.822704554636415000,0.856328823246177000,0.887046373921869000,0.904939889617073000,0.910632866735387000,0.910222767062729000,0.914903364094326000,0.925481868998872000,0.924951394446650000,0.913763673052657000,0.893987530611414000,0.880958498739329000,0.868430043573427000,0.857810985762322000,0.848698984184197000,0.845764896637355000,0.844268387278291000,0.843051923238402000,0.844099026985253000,0.847918897613475000,0.854365517125784000,0.858872436527240000,0.861179606954049000,0.860813018522321000,0.860622591237082000,0.860552804346608000,0.862380548751311000,0.861515167436747000,0.862958953962013000,0.862632282522675000,0.864578390226535000,0.865019805649136000,0.865420403227847000,0.858851768579336000,0.839648672542481000,0.809428413206496000,0.773507283792073000,0.740254416067641000,0.714074563977874000,0.686890062014215000,0.654691090261127000,0.613324797082486000,0.579124769656544000,0.541067534714246000,0.499834024971843000,0.446421009002659000,0.395085315992986000,0.344932307255381000,0.303503584088272000,0.268024209709740000,0.239870797509741000,0.211469496757294000,0.185609293420289000,0.160442997983748000,0.139736344371845000,0.121668654346040000,0.105509562657029000,0.088973618475165500,0.072484202217535400,0.058750257877524700,0.046977778583119500,0.037786728493438100,0.029408326122405900,0.035097776974791200,0.035097776974791200,0.035097776974791200,0.035097776974791200,0.035097776974791200,0.035097776974791200,0.035097776974791200,0.035097776974791200,0.035097776974791200,0.035097776974791200,0.035097776974791200,0.035097776974791200,0.035097776974791200,0.035097776974791200,0.035097776974791200,0.035097776974791200,0.035097776974791200,0.035097776974791200,0.035097776974791200
2036,3,0,0.016908899354959200,0.064163271252611900,0.134724506856914000,0.230990056541101000,0.357047427541687000,0.487427928146547000,0.615614916407116000,0.713630309627598000,0.781946954637331000,0.826093494141799000,0.860727712667169000,0.892451924017589000,0.911226347800776000,0.917675185968619000,0.917902800192411000,0.923226871750866000,0.934455525252517000,0.934291341144386000,0.923186563221918000,0.903212358362097000,0.889992899099123000,0.877274582994739000,0.866270966322297000,0.856579252670925000,0.852875585379788000,0.850611123039346000,0.848627022917253000,0.849272559425487000,0.853057507868176000,0.859835685014126000,0.864671967085334000,0.867306010946814000,0.867240401787722000,0.867328284581450000,0.867514075749015000,0.869599545457430000,0.868988841906565000,0.870807143624054000,0.870970208302491000,0.873525848375215000,0.874575093457482000,0.875583474506402000,0.869460421142183000,0.850534293432594000,0.820424219600737000,0.784606824588083000,0.751460710669309000,0.725837761094262000,0.699651169671246000,0.668886578974071000,0.628944293113991000,0.596176382350143000,0.558672090103184000,0.517113119632563000,0.462486051458430000,0.409938656941660000,0.358575285022020000,0.315911604977639000,0.279169539909221000,0.249727260981896000,0.220036812991533000,0.192890337921456000,0.166649778961974000,0.145085131340302000,0.126373656539113000,0.109572939843852000,0.092394944209604500,0.075256071400032800,0.060868330848489300,0.048436817185093600,0.038589653870703200,0.029556057866803600,0.034606234263544300,0.034606234263544300,0.034606234263544300,0.034606234263544300,0.034606234263544300,0.034606234263544300,0.034606234263544300,0.034606234263544300,0.034606234263544300,0.034606234263544300,0.034606234263544300,0.034606234263544300,0.034606234263544300,0.034606234263544300,0.034606234263544300,0.034606234263544300,0.034606234263544300,0.034606234263544300,0.034606234263544300
2037,3,0,0.016905553323849500,0.064291346904232900,0.134947969135794000,0.231272395970379000,0.357351325784854000,0.487752529717635000,0.615960655371073000,0.714311558049095000,0.783277991011361000,0.828387502923462000,0.863986576209731000,0.896676218170154000,0.916307416241681000,0.923504248855494000,0.924369869716386000,0.930330939395392000,0.942195422584663000,0.942398089092656000,0.931391093222192000,0.911245191995736000,0.897852699697877000,0.884961251389492000,0.873587343557742000,0.863328259499445000,0.858859217211391000,0.855829095075807000,0.853079279678869000,0.853322016002715000,0.857066978474178000,0.864168012789649000,0.869327536303843000,0.872285257399983000,0.872520995686360000,0.872887331539486000,0.873328692379577000,0.875669355841107000,0.875314379577765000,0.877505129095177000,0.878158170299503000,0.881320514619472000,0.882976762043165000,0.884592153519922000,0.878923236524622000,0.860299493462047000,0.830339732152815000,0.794673779060614000,0.761678578453692000,0.736647110856220000,0.711494170340630000,0.682206193865072000,0.643742338362177000,0.612451438248543000,0.575550457874526000,0.533720965600178000,0.477951325573390000,0.424260947666076000,0.371754358054630000,0.327911279499906000,0.289954184844580000,0.259260972533278000,0.228319640268073000,0.199921777507032000,0.172640832774841000,0.150246055270186000,0.130915067169814000,0.113494459063470000,0.095696646676283900,0.077930493097166800,0.062907471091309000,0.049832832589316500,0.039342033030087900,0.029664639787930400,0.034068231967816400,0.034068231967816400,0.034068231967816400,0.034068231967816400,0.034068231967816400,0.034068231967816400,0.034068231967816400,0.034068231967816400,0.034068231967816400,0.034068231967816400,0.034068231967816400,0.034068231967816400,0.034068231967816400,0.034068231967816400,0.034068231967816400,0.034068231967816400,0.034068231967816400,0.034068231967816400,0.034068231967816400
2038,3,0,0.016902544895246400,0.064420653535126200,0.135174032298505000,0.231559230583251000,0.357662219517612000,0.488086713399768000,0.616318519271939000,0.715006762065105000,0.784624110910098000,0.830697130817302000,0.867261404529265000,0.900916764663381000,0.921404805615851000,0.929349494759951000,0.930852899713442000,0.937450846724193000,0.949951156702956000,0.950520539994702000,0.939611070439110000,0.919293136556973000,0.905727409800203000,0.892662637869599000,0.880918351746050000,0.870091906391847000,0.864857687825123000,0.861062133347759000,0.857546835727043000,0.857386928070450000,0.861091994105677000,0.868515905538011000,0.873998651670721000,0.877279987207238000,0.877816964381154000,0.878461655937896000,0.879158499187101000,0.881754307067249000,0.881654954925230000,0.884218055860719000,0.885360902447598000,0.889129785928472000,0.891392840530619000,0.893615046456353000,0.888399982376819000,0.870078139794048000,0.840268038453628000,0.804752760775890000,0.771907760309535000,0.747467054392905000,0.723346875901661000,0.695534376027772000,0.658547630020566000,0.628732562938979000,0.592433933545107000,0.550333188910469000,0.493420296849075000,0.438586296891959000,0.384935874569604000,0.339912968447586000,0.300740545643568000,0.268796259398190000,0.236603897353106000,0.206954552188942000,0.178633069897857000,0.155408028921601000,0.135457375738262000,0.117416762587181000,0.098999012280665700,0.080605460200500300,0.064947096591601200,0.051229314814007800,0.040094912171987500,0.029773771097275800,0.033531109662129400,0.033531109662129400,0.033531109662129400,0.033531109662129400,0.033531109662129400,0.033531109662129400,0.033531109662129400,0.033531109662129400,0.033531109662129400,0.033531109662129400,0.033531109662129400,0.033531109662129400,0.033531109662129400,0.033531109662129400,0.033531109662129400,0.033531109662129400,0.033531109662129400,0.033531109662129400,0.033531109662129400
2039,3,0,0.016899100979494100,0.064548246665542300,0.135396517293392000,0.231839973960820000,0.357963755274084000,0.488408161022826000,0.616660325524648000,0.715683230314038000,0.785949448214871000,0.832984418192641000,0.870512579394712000,0.905132419713904000,0.926476447258219000,0.935168502266759000,0.937309409052983000,0.944543819876822000,0.957679391054456000,0.958615336456515000,0.947803637812036000,0.927314261797431000,0.913575717137110000,0.900338025232751000,0.888223805564265000,0.876830495133399000,0.870831527545988000,0.866270930918237000,0.861990534044430000,0.861428140215388000,0.865093229330453000,0.872839702868744000,0.878645406622394000,0.882250148320155000,0.883088235536258000,0.884011159902555000,0.884963370049655000,0.887814157911158000,0.887970334892893000,0.890905578919690000,0.892538014422439000,0.896913108206581000,0.899782679926611000,0.902611411293201000,0.897850161625603000,0.879830577595664000,0.850170849173443000,0.814807106851087000,0.782113097667620000,0.758263559320848000,0.735176371764620000,0.708839503814124000,0.673330258995026000,0.644991231862534000,0.609295661234615000,0.566924855337051000,0.508870617789760000,0.452894848769746000,0.398102416228993000,0.351901295899845000,0.311515020724067000,0.278320963243638000,0.244878880509274000,0.213979296512795000,0.184618405420234000,0.160564017820527000,0.139994451437562000,0.121334535913688000,0.102297560076570000,0.083277324106462900,0.066984265880455600,0.052623940660735000,0.040846468209691100,0.029882091622841800,0.032993326166815600,0.032993326166815600,0.032993326166815600,0.032993326166815600,0.032993326166815600,0.032993326166815600,0.032993326166815600,0.032993326166815600,0.032993326166815600,0.032993326166815600,0.032993326166815600,0.032993326166815600,0.032993326166815600,0.032993326166815600,0.032993326166815600,0.032993326166815600,0.032993326166815600,0.032993326166815600,0.032993326166815600
2040,3,0,0.016897463000595400,0.064682695482475700,0.135633396364653000,0.232145394501928000,0.358303432540390000,0.488781676229232000,0.617067891158488000,0.716435933425034000,0.787358330047685000,0.835359984427799000,0.873855751498522000,0.909443479581139000,0.931645515997544000,0.941085640519884000,0.943864086127117000,0.951735542073979000,0.965507586392958000,0.966810083658553000,0.956094971790577000,0.935432016829812000,0.921519238885606000,0.908107265151214000,0.895621929307310000,0.883660707374860000,0.876896579977871000,0.871570684123581000,0.866524960864318000,0.865560141807499000,0.869185657470115000,0.877255423492173000,0.883384607842554000,0.887313043469661000,0.888452239708195000,0.889653411803525000,0.890861013770686000,0.893967009428837000,0.894378655387726000,0.897686244115338000,0.899808295686454000,0.904789884791616000,0.908266097758379000,0.911701474330234000,0.907393394108111000,0.889674053180250000,0.860161484670439000,0.824945455133358000,0.792398899965984000,0.769137804209521000,0.747080831193342000,0.722216338606719000,0.688180358202324000,0.661313900496958000,0.626217394869729000,0.583572083509268000,0.524370643172803000,0.467247469903929000,0.411307518417079000,0.363923603629647000,0.322319527597978000,0.287872529359483000,0.253177529907392000,0.221024782756452000,0.190621659491868000,0.165735605500058000,0.144545115075081000,0.125264090412495000,0.105606041983985000,0.085957279093460300,0.069027976903440400,0.054023767679244900,0.041602160875595800,0.029993571125211000,0.032459228199107400,0.032459228199107400,0.032459228199107400,0.032459228199107400,0.032459228199107400,0.032459228199107400,0.032459228199107400,0.032459228199107400,0.032459228199107400,0.032459228199107400,0.032459228199107400,0.032459228199107400,0.032459228199107400,0.032459228199107400,0.032459228199107400,0.032459228199107400,0.032459228199107400,0.032459228199107400,0.032459228199107400
女性無配偶,,,,,,,,,,,,,,,,,,,,,,,,,,,,,,,,,,,,,,,,,,,,,,,,,,,,,,,,,,,,,,,,,,,,,,,,,,,,,,,,,,,,,,,,,,,,,
年度,性,合計,15.000000000000000000,16.000000000000000000,17.000000000000000000,18.000000000000000000,19.000000000000000000,20.000000000000000000,21.000000000000000000,22.000000000000000000,23.000000000000000000,24.000000000000000000,25.000000000000000000,26.000000000000000000,27.000000000000000000,28.000000000000000000,29.000000000000000000,30.000000000000000000,31.000000000000000000,32.000000000000000000,33.000000000000000000,34.000000000000000000,35.000000000000000000,36.000000000000000000,37.000000000000000000,38.000000000000000000,39.000000000000000000,40.000000000000000000,41.000000000000000000,42.000000000000000000,43.000000000000000000,44.000000000000000000,45.000000000000000000,46.000000000000000000,47.000000000000000000,48.000000000000000000,49.000000000000000000,50.000000000000000000,51.000000000000000000,52.000000000000000000,53.000000000000000000,54.000000000000000000,55.000000000000000000,56.000000000000000000,57.000000000000000000,58.000000000000000000,59.000000000000000000,60.000000000000000000,61.000000000000000000,62.000000000000000000,63.000000000000000000,64.000000000000000000,65.000000000000000000,66.000000000000000000,67.000000000000000000,68.000000000000000000,69.000000000000000000,70.000000000000000000,71.000000000000000000,72.000000000000000000,73.000000000000000000,74.000000000000000000,75.000000000000000000,76.000000000000000000,77.000000000000000000,78.000000000000000000,79.000000000000000000,80.000000000000000000,81.000000000000000000,82.000000000000000000,83.000000000000000000,84.000000000000000000,85.000000000000000000,86.000000000000000000,87.000000000000000000,88.000000000000000000,89.000000000000000000,90.000000000000000000,91.000000000000000000,92.000000000000000000,93.000000000000000000,94.000000000000000000,95.000000000000000000,96.000000000000000000,97.000000000000000000,98.000000000000000000,99.000000000000000000,100.000000000000000000,101.000000000000000000,102.000000000000000000,103.000000000000000000,104.000000000000000000,105.000000000000000000
2020,4,0,0.015860073278811800,0.068366923134560800,0.149435999948843000,0.288198680317444000,0.446403978970958000,0.573989171648365000,0.647060373105038000,0.732656379784943000,0.807551898975045000,0.863609079346125000,0.877934931747481000,0.880777854234413000,0.879341035677504000,0.877095996948542000,0.868473501082616000,0.861903320709454000,0.863736348570150000,0.855769180428693000,0.847609052783598000,0.838512238165954000,0.851133846220789000,0.853770047700197000,0.842243866241145000,0.830802400822246000,0.833992567280963000,0.842154871904975000,0.846012915016530000,0.839558035018267000,0.847552649624476000,0.850612218745433000,0.844873257794915000,0.832669096452800000,0.829890687761692000,0.838744738320333000,0.826390241732587000,0.824028185057687000,0.815588315562269000,0.825265882572434000,0.820648441601226000,0.809594830411434000,0.801292762474546000,0.798070657651631000,0.789950785820448000,0.771935857570613000,0.740385678955463000,0.720789382699549000,0.697948712638195000,0.671055681191267000,0.648370732172763000,0.601062683461853000,0.554155131765934000,0.483642059675333000,0.444561580868699000,0.405506126745462000,0.378040848100294000,0.332301912735831000,0.300632927354929000,0.267276409554071000,0.240223827880183000,0.208795062920030000,0.181686346375355000,0.161757888586816000,0.135564949111213000,0.113925408963377000,0.091821908269119100,0.075350871362153300,0.062210395821351000,0.053354024071289200,0.045112705663262500,0.036388527836719900,0.030947573823834100,0.029890156026477000,0.012954037937762800,0.012954037937762800,0.012954037937762800,0.012954037937762800,0.012954037937762800,0.012954037937762800,0.012954037937762800,0.012954037937762800,0.012954037937762800,0.012954037937762800,0.012954037937762800,0.012954037937762800,0.012954037937762800,0.012954037937762800,0.012954037937762800,0.012954037937762800,0.012954037937762800,0.012954037937762800,0.012954037937762800
2021,4,0,0.016737384186023500,0.063731066346958000,0.145307200983440000,0.295362977744305000,0.451608223322876000,0.580423489335916000,0.659094120891128000,0.747987833402070000,0.822414637607455000,0.864487058117400000,0.881326812545675000,0.888437160810403000,0.895615650306987000,0.881834410118475000,0.876109101508036000,0.862644157510578000,0.870581249089748000,0.872352811241285000,0.868919473856130000,0.854469265094426000,0.838182994111519000,0.841877713262880000,0.839903194828468000,0.837289150292091000,0.831414141830163000,0.840641424976125000,0.846499486009917000,0.843551202524193000,0.835583433884812000,0.844116348117652000,0.850370744294455000,0.852574847942490000,0.838865022137853000,0.840317760398352000,0.842079760620852000,0.839405336442354000,0.828449445470837000,0.818842152697155000,0.825075877523131000,0.816612187426085000,0.811646962353302000,0.793254107037772000,0.792094079423369000,0.779173901045403000,0.765621799710564000,0.728763901431196000,0.709021620725328000,0.681063627722654000,0.644668138329836000,0.590583376085626000,0.538733946877413000,0.496423766751056000,0.451073012913475000,0.417848852114673000,0.386421472187726000,0.351426305849766000,0.309504679429213000,0.280869007558695000,0.257754208369171000,0.228620405016370000,0.189034402658588000,0.152059815307507000,0.128899255896741000,0.107116669124528000,0.098640788493578000,0.080752236090566900,0.071942912972602400,0.056128904214894800,0.046077785248962500,0.037425249998100500,0.031294537386935500,0.029041425264802400,0.013044965010149700,0.013044965010149700,0.013044965010149700,0.013044965010149700,0.013044965010149700,0.013044965010149700,0.013044965010149700,0.013044965010149700,0.013044965010149700,0.013044965010149700,0.013044965010149700,0.013044965010149700,0.013044965010149700,0.013044965010149700,0.013044965010149700,0.013044965010149700,0.013044965010149700,0.013044965010149700,0.013044965010149700
2022,4,0,0.023438835836055300,0.075629319549587800,0.159917834178204000,0.305824317733010000,0.464024712959459000,0.583610783496402000,0.648651371999737000,0.733015576291599000,0.808696503508559000,0.863656985455129000,0.881458775716421000,0.885658497164279000,0.889977191035132000,0.888802963278776000,0.882382615225078000,0.875873433238162000,0.862801862180327000,0.868583621186472000,0.860178927564553000,0.858911558996293000,0.849339828337548000,0.843216226811457000,0.843633298419770000,0.840786936792996000,0.841452873301734000,0.844018643344002000,0.850049833057064000,0.847645925528378000,0.843448308620678000,0.838681354881452000,0.849990015247377000,0.847138204476007000,0.850951948239329000,0.838251047103561000,0.846035747172077000,0.840109055373110000,0.842312283611149000,0.836052649607159000,0.834949649690087000,0.834669806415764000,0.822326386524451000,0.804013796171402000,0.789109391497780000,0.774657005859257000,0.756618761909104000,0.730886886193301000,0.703133963651818000,0.687291919141924000,0.663495976312683000,0.608609053072490000,0.551132137651788000,0.496632558874149000,0.469703651224018000,0.433328108199382000,0.393238999189402000,0.351523233730434000,0.320765157267832000,0.285692232406297000,0.259877521520243000,0.226654017290783000,0.193759638003072000,0.164186900842464000,0.137279167094701000,0.124284898305962000,0.101227526925416000,0.090405122720018500,0.066676456404812800,0.059950067486121100,0.044035728955272700,0.041039359018455000,0.032359591076922500,0.025498460642226600,0.014720459449880900,0.014720459449880900,0.014720459449880900,0.014720459449880900,0.014720459449880900,0.014720459449880900,0.014720459449880900,0.014720459449880900,0.014720459449880900,0.014720459449880900,0.014720459449880900,0.014720459449880900,0.014720459449880900,0.014720459449880900,0.014720459449880900,0.014720459449880900,0.014720459449880900,0.014720459449880900,0.014720459449880900
2023,4,0,0.023442632634152600,0.086166874828217800,0.181551761817660000,0.313695927979642000,0.459024769940391000,0.577393947129630000,0.671147073827686000,0.747789522017366000,0.818598130363968000,0.864742413233889000,0.887055767827165000,0.892485791949886000,0.892682015481973000,0.890430205781824000,0.885661082843358000,0.876925536397486000,0.872258017834446000,0.867084302493780000,0.865971701477764000,0.859866184332816000,0.854521154389269000,0.849737695457322000,0.846990814650108000,0.846301905100103000,0.846123769687703000,0.848905297405989000,0.850663378019695000,0.850466469892488000,0.846969436330241000,0.848343837924760000,0.850166914232640000,0.854850686363242000,0.850923326776688000,0.849935396996894000,0.845093481286358000,0.845220413461243000,0.840665142609834000,0.838444497386224000,0.836122495457581000,0.832498704275361000,0.823137453701717000,0.808900559662994000,0.794924950143262000,0.782005191214805000,0.766440077610764000,0.746440733532223000,0.727173574519377000,0.706789448484905000,0.675596807911895000,0.628761246409809000,0.571689481723322000,0.523938565183078000,0.483606649165478000,0.448463071513556000,0.408773813167913000,0.370957346996043000,0.334813213060008000,0.304043915068267000,0.272526300527462000,0.241808611306342000,0.209838043742628000,0.179973074031407000,0.156121406781821000,0.133820737700516000,0.116261571446385000,0.095123693070740600,0.079430357320646800,0.062384847752186400,0.052596635667377700,0.042502604333967200,0.035426797868081500,0.027062529221957000,0.015387066035253000,0.015387066035253000,0.015387066035253000,0.015387066035253000,0.015387066035253000,0.015387066035253000,0.015387066035253000,0.015387066035253000,0.015387066035253000,0.015387066035253000,0.015387066035253000,0.015387066035253000,0.015387066035253000,0.015387066035253000,0.015387066035253000,0.015387066035253000,0.015387066035253000,0.015387066035253000,0.015387066035253000
2024,4,0,0.023438699797113000,0.085976676067581100,0.182586498043244000,0.317366112496707000,0.466744871031215000,0.589168487663714000,0.686980183499704000,0.765211226272768000,0.835136562797167000,0.877928866522691000,0.896894239950758000,0.898979115328522000,0.896923448241851000,0.893512538696809000,0.888677118310026000,0.879875939840133000,0.875142106783188000,0.870027883558982000,0.869099815038004000,0.863305389709825000,0.858271324000437000,0.853798735091078000,0.851156842434961000,0.850367035575560000,0.849882376957724000,0.852356884944738000,0.853808117525066000,0.853604477809998000,0.850401054771334000,0.852368038104671000,0.854783620879766000,0.860059419554929000,0.856118984793639000,0.854510940347851000,0.848443010172756000,0.847343094287754000,0.841561760883010000,0.838841007438422000,0.836745260292051000,0.834074288285088000,0.825666819427605000,0.812384525063995000,0.800327696572193000,0.790290766724657000,0.778573151184666000,0.762422049075783000,0.747003009198074000,0.728705102834708000,0.697838408364534000,0.649569330437858000,0.591065766596324000,0.541881487195394000,0.500498969578192000,0.464687925813245000,0.424715969862123000,0.386616491897092000,0.350189065610236000,0.319209187039625000,0.287554730938342000,0.256773679435411000,0.224739959778152000,0.194811484729221000,0.170274265302247000,0.146666745819269000,0.127178895686371000,0.104112933812123000,0.086490601163500000,0.067861676161779200,0.056834185746984600,0.045846282007906700,0.037876096785947700,0.028617665541715800,0.016048595257164900,0.016048595257164900,0.016048595257164900,0.016048595257164900,0.016048595257164900,0.016048595257164900,0.016048595257164900,0.016048595257164900,0.016048595257164900,0.016048595257164900,0.016048595257164900,0.016048595257164900,0.016048595257164900,0.016048595257164900,0.016048595257164900,0.016048595257164900,0.016048595257164900,0.016048595257164900,0.016048595257164900
2025,4,0,0.023442108764311000,0.085813412077074000,0.183678402811180000,0.321135623752077000,0.474610998344968000,0.601127310630907000,0.703028122517740000,0.782872228725005000,0.851936215915770000,0.891390019259152000,0.907013426872928000,0.905753881306012000,0.901445730025635000,0.896874678136968000,0.891971447182121000,0.883101881357085000,0.878300252507123000,0.873243918139064000,0.872500087290003000,0.867014931835745000,0.862290246588365000,0.858127119803224000,0.855589385430611000,0.854698436124934000,0.853907109341625000,0.856075379549749000,0.857220225524148000,0.857009790585473000,0.854098968099215000,0.856659136048245000,0.859667968684153000,0.865537433215139000,0.861582689306835000,0.859354040364074000,0.852058222461042000,0.849731141405152000,0.842721961955627000,0.839500259242881000,0.837630105370703000,0.835911094616479000,0.828454752685184000,0.816122876244258000,0.805981009334831000,0.798823700273110000,0.790949826502648000,0.778641821348930000,0.767065984898851000,0.750848520123176000,0.720298096080902000,0.670580414415421000,0.610626758312805000,0.559993742064500000,0.517547684057461000,0.481057971983072000,0.440790804306951000,0.402396386953530000,0.365674264464526000,0.334474106177094000,0.302672896431266000,0.271818842497408000,0.239711938218884000,0.209710584739299000,0.184480142648657000,0.159558407372211000,0.138135812271008000,0.113134585021365000,0.093577778728697600,0.073359638530076300,0.061089443332644400,0.049204245416256500,0.040337204919466100,0.030181731035554400,0.016715136605950600,0.016715136605950600,0.016715136605950600,0.016715136605950600,0.016715136605950600,0.016715136605950600,0.016715136605950600,0.016715136605950600,0.016715136605950600,0.016715136605950600,0.016715136605950600,0.016715136605950600,0.016715136605950600,0.016715136605950600,0.016715136605950600,0.016715136605950600,0.016715136605950600,0.016715136605950600,0.016715136605950600
2026,4,0,0.023469552100671800,0.086102363487495800,0.184470228102317000,0.322676486835112000,0.477119465301948000,0.604571820879024000,0.707379859048083000,0.787688175422603000,0.856786558001929000,0.895822897871682000,0.911000944113557000,0.909276272546584000,0.904743894698513000,0.900192776859032000,0.895553559466968000,0.886943363874072000,0.882405867531002000,0.877428782256999000,0.876584663854466000,0.870809085014078000,0.865794866651999000,0.861342864160497000,0.858640870960712000,0.857710304751124000,0.857002191746438000,0.859257140490409000,0.860487466892765000,0.860370312809244000,0.857558996908528000,0.860234463287049000,0.863359119597683000,0.869347756703620000,0.865426946974315000,0.863160515587091000,0.855747245840693000,0.853308529769520000,0.846182234040105000,0.842908615843639000,0.841048895578493000,0.839401262224502000,0.832009581083133000,0.819736657714675000,0.810107529167265000,0.803917673923287000,0.797461636575857000,0.786566276871942000,0.776403943010937000,0.761392354313593000,0.731828834338488000,0.682873425286121000,0.623670058689967000,0.573798243485870000,0.531539584644034000,0.494660858510402000,0.453416868330465000,0.414047820874840000,0.376353026014949000,0.344404618804134000,0.312072415456900000,0.280906435707382000,0.248486138919493000,0.218173857868289000,0.192624639312322000,0.167371054838735000,0.145607272802590000,0.120260669165308000,0.100364860189567000,0.079588168597857800,0.066549952055138500,0.053678409008178400,0.043828556693884500,0.032688762642210600,0.018233971764097700,0.018233971764097700,0.018233971764097700,0.018233971764097700,0.018233971764097700,0.018233971764097700,0.018233971764097700,0.018233971764097700,0.018233971764097700,0.018233971764097700,0.018233971764097700,0.018233971764097700,0.018233971764097700,0.018233971764097700,0.018233971764097700,0.018233971764097700,0.018233971764097700,0.018233971764097700,0.018233971764097700
2027,4,0,0.023464850613602400,0.086273568354317600,0.185009954610942000,0.323776528280598000,0.478976342933531000,0.607190941534634000,0.710766159547099000,0.791429051896672000,0.860467144980426000,0.899032106391772000,0.913743553536110000,0.911555668871849000,0.906805059792361000,0.902280133893717000,0.897911545509049000,0.889572774401134000,0.885305886688412000,0.880414949848307000,0.879471603695909000,0.873413236733615000,0.868116077731746000,0.863381021975778000,0.860518314418183000,0.859549368466984000,0.858925520631698000,0.861264140976158000,0.862578344234249000,0.862554722092011000,0.859846862989140000,0.862634072192204000,0.865870381344383000,0.871970097571129000,0.868088629484554000,0.865787485763808000,0.858266812146604000,0.855719695687961000,0.848485938600294000,0.845164841945473000,0.843318114665098000,0.841744186489188000,0.834427361189802000,0.822230271487578000,0.813127578081171000,0.807914600100465000,0.802886624425885000,0.793420215692432000,0.784686685960078000,0.770902720687774000,0.742367587101691000,0.694242296956363000,0.635871102167095000,0.586829589447110000,0.544816438633802000,0.507598873438792000,0.465433649292955000,0.425142992277598000,0.386526252466959000,0.353872664474802000,0.321053272531388000,0.289617785866514000,0.256928233431606000,0.226346274449709000,0.200512992373657000,0.174961853718495000,0.152886386974442000,0.127228816350210000,0.107020948468913000,0.085713643762059400,0.071924533240496900,0.058083332155701700,0.047263216489937100,0.035153417491570500,0.019729285736306900,0.019729285736306900,0.019729285736306900,0.019729285736306900,0.019729285736306900,0.019729285736306900,0.019729285736306900,0.019729285736306900,0.019729285736306900,0.019729285736306900,0.019729285736306900,0.019729285736306900,0.019729285736306900,0.019729285736306900,0.019729285736306900,0.019729285736306900,0.019729285736306900,0.019729285736306900,0.019729285736306900
2028,4,0,0.023460124610416200,0.086444607367410000,0.185549256127654000,0.324875763509097000,0.480831935690295000,0.609808326851793000,0.714150299987301000,0.795167535113422000,0.864145285231735000,0.902239014136209000,0.916484033056741000,0.913833123825371000,0.908864376521615000,0.904365637134596000,0.900267573964199000,0.892200127696196000,0.888203744714439000,0.883398927206948000,0.882356394225039000,0.876015359551463000,0.870435379525115000,0.865417389532710000,0.862394035396058000,0.861386726210358000,0.860847110397982000,0.863269366101249000,0.864667411043705000,0.864737283298462000,0.862132842482965000,0.865031746488162000,0.868379659990256000,0.874590403854490000,0.870748265975250000,0.868412426454031000,0.860784400572016000,0.858128930135515000,0.850787762995817000,0.847419210691458000,0.845585473254794000,0.844085222421432000,0.836843231128686000,0.824721958356261000,0.816145498870123000,0.811909011616705000,0.808308529634432000,0.800270508528182000,0.792965218815507000,0.780408399354781000,0.752901271175107000,0.705605820640844000,0.648066529067424000,0.599855040492847000,0.558087346366678000,0.520531120099029000,0.477445079485912000,0.436233228450895000,0.396694957480667000,0.363336508716024000,0.330030160806527000,0.298325310858499000,0.265366647719022000,0.234515153546864000,0.208397951126096000,0.182549406566300000,0.160162405156252000,0.134194021329572000,0.113674242633361000,0.091836561930281000,0.077296874573353000,0.062486420528206800,0.050696443432020200,0.037617042755472900,0.021223976854391300,0.021223976854391300,0.021223976854391300,0.021223976854391300,0.021223976854391300,0.021223976854391300,0.021223976854391300,0.021223976854391300,0.021223976854391300,0.021223976854391300,0.021223976854391300,0.021223976854391300,0.021223976854391300,0.021223976854391300,0.021223976854391300,0.021223976854391300,0.021223976854391300,0.021223976854391300,0.021223976854391300
2029,4,0,0.023450272870640300,0.086596642263413200,0.186047659242144000,0.325903293978333000,0.482581259850865000,0.612290774472240000,0.717376215934924000,0.798729862331973000,0.867632227586305000,0.905246688982119000,0.919022455314571000,0.915909388695602000,0.910723724917311000,0.906252139253246000,0.902425329118139000,0.894630802770406000,0.890905630124816000,0.886187928839934000,0.885046498559767000,0.878424358013096000,0.872562952519769000,0.867263301060804000,0.864080061090695000,0.863034632714202000,0.862579314561532000,0.865084624129431000,0.866566153039004000,0.866729446331611000,0.864228928916866000,0.867238824596649000,0.870697541218288000,0.877017885997894000,0.873215893830496000,0.870845890707208000,0.863112246834473000,0.860349070254564000,0.852902164661970000,0.849486922597398000,0.847666567812019000,0.846240276521854000,0.839074655933107000,0.827031802848317000,0.818983125274888000,0.815723448243761000,0.813550360220677000,0.806941596553942000,0.801065256580840000,0.789737565632303000,0.763263817599288000,0.716808030499954000,0.660112704114242000,0.612741263651511000,0.571228004653587000,0.533341537963823000,0.489344672088700000,0.447221208752890000,0.406770622686145000,0.372715043618347000,0.338929323446949000,0.306962208631385000,0.273741807145075000,0.242627689750974000,0.216232452916127000,0.190092338028434000,0.167398889570706000,0.141125562646058000,0.120298552789015000,0.097935599576825700,0.082648980241961200,0.066873113141279800,0.054116454583980800,0.040070913921090900,0.022713099559416900,0.022713099559416900,0.022713099559416900,0.022713099559416900,0.022713099559416900,0.022713099559416900,0.022713099559416900,0.022713099559416900,0.022713099559416900,0.022713099559416900,0.022713099559416900,0.022713099559416900,0.022713099559416900,0.022713099559416900,0.022713099559416900,0.022713099559416900,0.022713099559416900,0.022713099559416900,0.022713099559416900
2030,4,0,0.023449371236257500,0.086781641544569000,0.186616805616770000,0.327054675985511000,0.484513872739826000,0.615005655147035000,0.720874311161123000,0.802595248653211000,0.871448547824219000,0.908598310203509000,0.921910294088178000,0.918334094376450000,0.912929635372954000,0.908483485206975000,0.904926343957843000,0.897401639049934000,0.893946131382481000,0.889313706724565000,0.888072989055419000,0.881167345333705000,0.875022407416000000,0.869439201933900000,0.866094935104448000,0.865011006209595000,0.864639773386778000,0.867229054452007000,0.868794594222026000,0.869051328022844000,0.866653732499794000,0.869775717165825000,0.873346505517095000,0.879778812000218000,0.876015496794911000,0.873610441642548000,0.865768278033247000,0.862896390608369000,0.855340954254472000,0.851877741016346000,0.850070068336237000,0.848717158600375000,0.841625140236141000,0.829656076899503000,0.822131868986492000,0.819847310967997000,0.819100133662965000,0.813917451260601000,0.809467164391071000,0.799363717380283000,0.773912776868815000,0.728278546812434000,0.672405171167469000,0.625855322953446000,0.584580546370975000,0.546349538057598000,0.501425480902933000,0.458374754257538000,0.416996840561118000,0.382231459530310000,0.347953698567038000,0.315712244583323000,0.282217552116207000,0.250829062757246000,0.224145849943602000,0.197704326689250000,0.174695914766007000,0.148107762017802000,0.126965716932957000,0.104069201170666000,0.088030160831847200,0.071283305160743700,0.057555541948137500,0.042538946185885100,0.024210204077731200,0.024210204077731200,0.024210204077731200,0.024210204077731200,0.024210204077731200,0.024210204077731200,0.024210204077731200,0.024210204077731200,0.024210204077731200,0.024210204077731200,0.024210204077731200,0.024210204077731200,0.024210204077731200,0.024210204077731200,0.024210204077731200,0.024210204077731200,0.024210204077731200,0.024210204077731200,0.024210204077731200
2031,4,0,0.023480267852599300,0.086984613314849800,0.187161167246275000,0.328115144044404000,0.486234093248849000,0.617350096157529000,0.723810529530728000,0.805840212684450000,0.874734088320908000,0.911631440010694000,0.924659604828672000,0.920777334377744000,0.915308525829466000,0.911043418862587000,0.907912622247676000,0.900809034358674000,0.897780005236656000,0.893278554371422000,0.891879325307544000,0.884513752090274000,0.877909886974053000,0.871868494425502000,0.868276157913331000,0.867154304914932000,0.866953254412989000,0.869716618537445000,0.871454892497176000,0.871913543941477000,0.869745276669903000,0.873134770042645000,0.876973658439094000,0.883677835270107000,0.879970318113863000,0.877420211970728000,0.869223194833019000,0.866003002657302000,0.858093090563464000,0.854378987496404000,0.852420800354026000,0.851016169392070000,0.843864868019565000,0.831830095737439000,0.824449809952100000,0.822519852346304000,0.822333075672576000,0.817704949732053000,0.813810184320124000,0.804417241146412000,0.779819013711635000,0.735173334383442000,0.680275018488603000,0.634712514595030000,0.594152535471220000,0.556360837815594000,0.511587775401813000,0.468690511775596000,0.427468265177064000,0.392530432067411000,0.357744029735603000,0.324659785625363000,0.290320651779403000,0.258090496150095000,0.230733372722113000,0.203779813339601000,0.180425444754252000,0.153486618719441000,0.132001076075532000,0.108717456422123000,0.092259052859246400,0.075050606692830200,0.060865230905702800,0.045389324418287300,0.026596907539816000,0.026596907539816000,0.026596907539816000,0.026596907539816000,0.026596907539816000,0.026596907539816000,0.026596907539816000,0.026596907539816000,0.026596907539816000,0.026596907539816000,0.026596907539816000,0.026596907539816000,0.026596907539816000,0.026596907539816000,0.026596907539816000,0.026596907539816000,0.026596907539816000,0.026596907539816000,0.026596907539816000
2032,4,0,0.023471548809631900,0.087040909278658400,0.187390034453953000,0.328622614323658000,0.487134966554368000,0.618654399625736000,0.725527418635125000,0.807727637753215000,0.876545805475771000,0.913128209015678000,0.925850289145951000,0.921668213442145000,0.916144228211340000,0.912067537018909000,0.909368774402804000,0.902698695748667000,0.900101662835633000,0.895738910035631000,0.894183382168419000,0.886369880754303000,0.879317804592432000,0.872827992132534000,0.868993416744991000,0.867835497950425000,0.867805130182166000,0.870738076249692000,0.872646312804248000,0.873306298455844000,0.871371237302136000,0.875022769446205000,0.879123529737926000,0.886088514482608000,0.882443108044871000,0.879752119412605000,0.871213753260374000,0.867650364001325000,0.859398996280842000,0.855440037119781000,0.853334499433514000,0.851880469955917000,0.844681904007067000,0.832601680551788000,0.825377914135212000,0.823806150916301000,0.824180620240740000,0.820115389526381000,0.816783247018255000,0.808117339014312000,0.784414163602713000,0.740833351216953000,0.687003709426343000,0.642506412924162000,0.602730390132516000,0.565442227402340000,0.520895898891227000,0.478224672618119000,0.437227841380410000,0.402176383314737000,0.366939593100601000,0.333067622342499000,0.297941227833034000,0.264923028403003000,0.236937547694817000,0.209516977222144000,0.185855757088927000,0.158611410540406000,0.136818322388331000,0.113186545587577000,0.096336171108474300,0.078694753214898800,0.064075283129068600,0.048165761562041600,0.028940961140020600,0.028940961140020600,0.028940961140020600,0.028940961140020600,0.028940961140020600,0.028940961140020600,0.028940961140020600,0.028940961140020600,0.028940961140020600,0.028940961140020600,0.028940961140020600,0.028940961140020600,0.028940961140020600,0.028940961140020600,0.028940961140020600,0.028940961140020600,0.028940961140020600,0.028940961140020600,0.028940961140020600
2033,4,0,0.023462713309944800,0.087096707117357200,0.187617748754357000,0.329127983438780000,0.488032614076521000,0.619954486619737000,0.727239222860421000,0.809609419770567000,0.878351575619183000,0.914619074806254000,0.927035232431532000,0.922553597529422000,0.916974505809826000,0.913086110885792000,0.910819073406823000,0.904582214830011000,0.902416868759548000,0.898192733187931000,0.896481031520927000,0.888219977731891000,0.880720062568401000,0.873782199451453000,0.869705586384115000,0.868511634823962000,0.868651822341035000,0.871754208200464000,0.873832270282891000,0.874693436160488000,0.872991416911290000,0.876904772787149000,0.881267187705705000,0.888492748884451000,0.884909425828920000,0.882077674134432000,0.873198258905668000,0.869291947817371000,0.860699422984256000,0.856495811533170000,0.854243044498257000,0.852739661054961000,0.845493903581868000,0.833368326226429000,0.826301000007847000,0.825087171614100000,0.826022465370629000,0.822519730344424000,0.819749807564794000,0.811810436581231000,0.789001768214352000,0.746485254979531000,0.693723770352374000,0.650291117997331000,0.611298673828862000,0.574513864931755000,0.530194334203528000,0.487749199860216000,0.446977830252322000,0.411813015826377000,0.376126359070601000,0.341467428059017000,0.305554545504391000,0.271749064431932000,0.243135842847370000,0.215248754101425000,0.191281035800718000,0.163731539896947000,0.141631250348138000,0.117651700507441000,0.100409736445938000,0.082335762956989900,0.067282599710510500,0.050939870602660900,0.031283110625006600,0.031283110625006600,0.031283110625006600,0.031283110625006600,0.031283110625006600,0.031283110625006600,0.031283110625006600,0.031283110625006600,0.031283110625006600,0.031283110625006600,0.031283110625006600,0.031283110625006600,0.031283110625006600,0.031283110625006600,0.031283110625006600,0.031283110625006600,0.031283110625006600,0.031283110625006600,0.031283110625006600
2034,4,0,0.023450778099554900,0.087140920016633900,0.187820412426939000,0.329589313834567000,0.488864829545292000,0.621171312977875000,0.728853192733687000,0.811382307459793000,0.880039414114314000,0.915987484152210000,0.928096345529391000,0.923316010090442000,0.917682599572804000,0.913982849288088000,0.912147455157923000,0.906344259331906000,0.904610504881006000,0.900525423338556000,0.898657912781944000,0.889950796810078000,0.882004432281358000,0.874619833889818000,0.870301937258255000,0.869072142952487000,0.869382716257971000,0.872653981069837000,0.874901443166338000,0.875963497181741000,0.874494539035659000,0.878668968641107000,0.883292228858122000,0.890777178886001000,0.887256358867961000,0.884284343729516000,0.875065357267354000,0.870816945185207000,0.861884703180874000,0.857437212689442000,0.855037644962488000,0.853485150344654000,0.846193202776154000,0.834023917633137000,0.827113829208878000,0.826257779658578000,0.827753277680660000,0.824813004493826000,0.822605170780467000,0.815392745415403000,0.793480813420130000,0.752033288623062000,0.700346003931893000,0.657982806043959000,0.619778411456990000,0.583501382939747000,0.539414319213916000,0.497200698389278000,0.456659990875332000,0.421386577821224000,0.385255179159975000,0.349814574718285000,0.313120656604174000,0.278533067961515000,0.249296450699052000,0.220946950034381000,0.196676179211156000,0.168825452793630000,0.146421160782935000,0.122097321639729000,0.104466398145344000,0.085962645658511600,0.070478166762980500,0.053704777993290200,0.033619044162897700,0.033619044162897700,0.033619044162897700,0.033619044162897700,0.033619044162897700,0.033619044162897700,0.033619044162897700,0.033619044162897700,0.033619044162897700,0.033619044162897700,0.033619044162897700,0.033619044162897700,0.033619044162897700,0.033619044162897700,0.033619044162897700,0.033619044162897700,0.033619044162897700,0.033619044162897700,0.033619044162897700
2035,4,0,0.023442852664467900,0.087199957903088400,0.188054938459778000,0.330106467181093000,0.489779719424280000,0.622493053855113000,0.730590106750859000,0.813292080613676000,0.881875919952197000,0.917510962391675000,0.929314852879686000,0.924235254431811000,0.918546610283412000,0.915034713939832000,0.913630284744734000,0.908259394813759000,0.906956570947737000,0.903009728992994000,0.900986222920156000,0.891831937295372000,0.883438146009848000,0.875605931006777000,0.871046218608504000,0.869780402148301000,0.870261269984717000,0.873701828730937000,0.876118930766598000,0.877381884012388000,0.876145539148853000,0.880581533465289000,0.885466206706303000,0.893211602620258000,0.889752632235124000,0.886639965487285000,0.877080122876890000,0.872489174789046000,0.863215979728199000,0.858524058087927000,0.855977404671502000,0.854375575663235000,0.847036233412297000,0.834821201933955000,0.828067039648366000,0.827568320085534000,0.829623803239442000,0.827245014299585000,0.825598417297642000,0.819111092085496000,0.798091400182293000,0.757704889822217000,0.707082080201713000,0.665780206212043000,0.628356678149597000,0.592580812920624000,0.548718500103150000,0.506728997037299000,0.466411841903633000,0.431023906053082000,0.394441979520962000,0.358214318707671000,0.320733767792390000,0.285358834492543000,0.255494362759857000,0.226678006418217000,0.202100300072288000,0.173943848015394000,0.151231989686010000,0.126560004094967000,0.108537443351961000,0.089601119738046600,0.073683049320427600,0.056476504629186700,0.035958734318810000,0.035958734318810000,0.035958734318810000,0.035958734318810000,0.035958734318810000,0.035958734318810000,0.035958734318810000,0.035958734318810000,0.035958734318810000,0.035958734318810000,0.035958734318810000,0.035958734318810000,0.035958734318810000,0.035958734318810000,0.035958734318810000,0.035958734318810000,0.035958734318810000,0.035958734318810000,0.035958734318810000
2036,4,0,0.023469380587402900,0.087368133590576300,0.188522137889664000,0.331034704387816000,0.491304331179905000,0.624583532327155000,0.733218596164731000,0.816197525984060000,0.884810027279784000,0.920204128906955000,0.931740111260401000,0.926373499328465000,0.920658560771606000,0.917384241498011000,0.916481182453381000,0.911607174227450000,0.910805835488446000,0.907016356806489000,0.904811260568175000,0.895126185706160000,0.886202465758503000,0.877840957572802000,0.873006815842131000,0.871721458108450000,0.872435921906218000,0.876113425798870000,0.878766314837748000,0.880267759110610000,0.879271087127558000,0.883957183199456000,0.889092465920830000,0.897091708507805000,0.893681362903184000,0.890425169776948000,0.880521962130491000,0.875593271805691000,0.865977036079037000,0.861024429927018000,0.858296691570374000,0.856592018771662000,0.849143340162531000,0.836813454997968000,0.830028823668714000,0.829584918843871000,0.831776312195673000,0.829528415633139000,0.828013539556630000,0.821765464629935000,0.801081585317874000,0.761121979190897000,0.710914490411240000,0.670038484829544000,0.633062600444851000,0.597753629923291000,0.554366447727332000,0.512854194553780000,0.473016181740683000,0.437943606199506000,0.401506328943555000,0.365254358379571000,0.327748079943644000,0.292349801839224000,0.262251535744450000,0.232985885894011000,0.207746997300287000,0.178925313288348000,0.155554384104056000,0.130310025413554000,0.111811531892346000,0.092487157321213300,0.076184451400516000,0.058591813169211100,0.037684202337150600,0.037684202337150600,0.037684202337150600,0.037684202337150600,0.037684202337150600,0.037684202337150600,0.037684202337150600,0.037684202337150600,0.037684202337150600,0.037684202337150600,0.037684202337150600,0.037684202337150600,0.037684202337150600,0.037684202337150600,0.037684202337150600,0.037684202337150600,0.037684202337150600,0.037684202337150600,0.037684202337150600
2037,4,0,0.023464736330203000,0.087420331173401900,0.188739178228595000,0.331523776411964000,0.492177294220513000,0.625845727406249000,0.734874900007186000,0.818020743623167000,0.886570729676405000,0.921676617559383000,0.932929107351703000,0.927282347642067000,0.921548686778894000,0.918516518777574000,0.918116498308978000,0.913746314453547000,0.913447994161573000,0.909821062857482000,0.907437138090611000,0.897233652501973000,0.887791371166366000,0.878911190338989000,0.873808788937329000,0.872505580265119000,0.873452908374497000,0.877362690235192000,0.880248059998846000,0.881986222115698000,0.881230771583017000,0.886160973830814000,0.891540273840427000,0.899782966978646000,0.896425824786340000,0.893030299633394000,0.882796570375588000,0.877536374053089000,0.867589559927417000,0.862382609225904000,0.859477242765619000,0.857671896128720000,0.850123680338599000,0.837695223914518000,0.830889113648169000,0.830500664795904000,0.832825182281616000,0.830711288325435000,0.829330269800934000,0.823329973822763000,0.803009714863622000,0.763530528245891000,0.713805486885958000,0.673410082155949000,0.636931409938823000,0.602136704820737000,0.559282769686140000,0.518303392552117000,0.478997924470151000,0.444287624247838000,0.408043565965954000,0.371815451306581000,0.334333276984985000,0.298958685851560000,0.268666415615899000,0.238989954546885000,0.213122815580951000,0.183673590181147000,0.159674040982000000,0.133890331241253000,0.114940049998372000,0.095252949375210400,0.078586919457160200,0.060631212487792200,0.039361188903680500,0.039361188903680500,0.039361188903680500,0.039361188903680500,0.039361188903680500,0.039361188903680500,0.039361188903680500,0.039361188903680500,0.039361188903680500,0.039361188903680500,0.039361188903680500,0.039361188903680500,0.039361188903680500,0.039361188903680500,0.039361188903680500,0.039361188903680500,0.039361188903680500,0.039361188903680500,0.039361188903680500
2038,4,0,0.023460560661853800,0.087474248414451200,0.188959892069709000,0.332019260483405000,0.493059721327898000,0.627119899681684000,0.736545202131546000,0.819859551048179000,0.888348409191246000,0.923166890092847000,0.934136217736463000,0.928209303184929000,0.922456812977133000,0.919666644919665000,0.919769466023750000,0.915902830251627000,0.916107333434273000,0.912642816262085000,0.910080082741963000,0.899358178244559000,0.889397342540044000,0.879998507315134000,0.874627845540970000,0.873306766710678000,0.874486890467545000,0.878628940792121000,0.881746761318964000,0.883721586901572000,0.883207252136787000,0.888381566913024000,0.894004899531861000,0.902491115724035000,0.899187090157758000,0.895652217784069000,0.885087887521267000,0.879496205128465000,0.869218738939801000,0.863757435677832000,0.860674450063726000,0.858768431504096000,0.851120565763817000,0.838593327853049000,0.831765611310296000,0.831432589861545000,0.833890227699887000,0.831910243934072000,0.830663005181051000,0.824910275655573000,0.804953096116323000,0.765953363003889000,0.716709598450855000,0.676793810271783000,0.640811437604344000,0.606530112366575000,0.564208371294067000,0.523760854635067000,0.484986949147555000,0.450638097518962000,0.414586464503388000,0.378381476005674000,0.340922651011988000,0.305571034151400000,0.275084230001740000,0.244996521670216000,0.218500853791503000,0.188423736929293000,0.163795326470335000,0.137471955389777000,0.118069679183588000,0.098019597137468600,0.080990048181669600,0.062671051679098200,0.041038328361165000,0.041038328361165000,0.041038328361165000,0.041038328361165000,0.041038328361165000,0.041038328361165000,0.041038328361165000,0.041038328361165000,0.041038328361165000,0.041038328361165000,0.041038328361165000,0.041038328361165000,0.041038328361165000,0.041038328361165000,0.041038328361165000,0.041038328361165000,0.041038328361165000,0.041038328361165000,0.041038328361165000
2039,4,0,0.023455780541764200,0.087525885396384500,0.189175640360227000,0.332505978548271000,0.493929074662738000,0.628377385554542000,0.738195839930785000,0.821676477614816000,0.890102461938419000,0.924632746104094000,0.935318736308127000,0.929111926948578000,0.923340763184091000,0.920792574783412000,0.921398042884451000,0.918034862891342000,0.918741992353086000,0.915439916821399000,0.912698508995855000,0.901458660428528000,0.890979725585322000,0.881062676713385000,0.875423995691425000,0.874085087650355000,0.875497887717998000,0.879872010856916000,0.883222112886269000,0.885433460592536000,0.885160162855531000,0.890578363324148000,0.896445490147389000,0.905174917227674000,0.901924073365713000,0.898249998270621000,0.887355466086647000,0.881432568589130000,0.870824842030361000,0.865109424365947000,0.861848967031237000,0.859842364209609000,0.852095084116244000,0.839469426030889000,0.832620287835345000,0.832342681237909000,0.834933325133837000,0.833087251596846000,0.831973773774889000,0.826468664820905000,0.806874941669281000,0.768355486530568000,0.719594087186133000,0.680158763628206000,0.644673430603213000,0.610906174877124000,0.569117518021480000,0.529202703703657000,0.490961159556843000,0.456974505885339000,0.421116155997735000,0.384935220101306000,0.347500703179741000,0.312172965044845000,0.281492488780030000,0.250994467388195000,0.223871194937345000,0.193167203227939000,0.167910807740689000,0.141048661292004000,0.121195063845216000,0.100782656859500000,0.083390167526513800,0.064708493373389000,0.042713767581099200,0.042713767581099200,0.042713767581099200,0.042713767581099200,0.042713767581099200,0.042713767581099200,0.042713767581099200,0.042713767581099200,0.042713767581099200,0.042713767581099200,0.042713767581099200,0.042713767581099200,0.042713767581099200,0.042713767581099200,0.042713767581099200,0.042713767581099200,0.042713767581099200,0.042713767581099200,0.042713767581099200
2040,4,0,0.023453507043687100,0.087586855018793200,0.189411528609308000,0.333028063439131000,0.494850920507262000,0.629701606937318000,0.739924824149534000,0.823580616719410000,0.891951054335730000,0.926196916406848000,0.936600795671835000,0.930113512741362000,0.924323064647817000,0.922016510992477000,0.923124539632121000,0.920264304846708000,0.921473984993328000,0.918333949585878000,0.915413628379954000,0.903654790999693000,0.892656793590480000,0.882220627690624000,0.876313405766178000,0.874956530873322000,0.876602088189138000,0.881208681544114000,0.884791353044803000,0.887239387944397000,0.887207025575878000,0.892869617099191000,0.898981091464050000,0.907954588651820000,0.904756563299623000,0.900942934927563000,0.889717136514496000,0.883462490902326000,0.872523470315260000,0.866553404217276000,0.863115180288571000,0.861007809132086000,0.853160317130403000,0.840434919983197000,0.833563635056126000,0.833341396999398000,0.836065283656142000,0.834352882917607000,0.833373006885814000,0.828114856083224000,0.808882387343550000,0.770838951724586000,0.722554564620667000,0.683595349354853000,0.648603116536938000,0.615346169265512000,0.574085973130391000,0.534699437907183000,0.496986010669954000,0.463357816127297000,0.427688861419379000,0.391528106602893000,0.354113892267098000,0.318806252514258000,0.287928885548033000,0.257017417131600000,0.229263831913526000,0.197929874505216000,0.172042985299988000,0.144639356470284000,0.124332453021317000,0.103555649893505000,0.085798471706912900,0.066752233656978500,0.044393265091984100,0.044393265091984100,0.044393265091984100,0.044393265091984100,0.044393265091984100,0.044393265091984100,0.044393265091984100,0.044393265091984100,0.044393265091984100,0.044393265091984100,0.044393265091984100,0.044393265091984100,0.044393265091984100,0.044393265091984100,0.044393265091984100,0.044393265091984100,0.044393265091984100,0.044393265091984100,0.044393265091984100
