年度別年齢別就業率,,,,,,,,,,,,,,,,,,,,,,,,,,,,,,,,,,,,,,,,,,,,,,,,,,,,,,,,,,,,,,,,,,,,,,,,,,,,,,,,,,,,,,,,,,,,,
男性,,,,,,,,,,,,,,,,,,,,,,,,,,,,,,,,,,,,,,,,,,,,,,,,,,,,,,,,,,,,,,,,,,,,,,,,,,,,,,,,,,,,,,,,,,,,,
年度,性,合計,15,16,17,18,19,20,21,22,23,24,25,26,27,28,29,30,31,32,33,34,35,36,37,38,39,40,41,42,43,44,45,46,47,48,49,50,51,52,53,54,55,56,57,58,59,60,61,62,63,64,65,66,67,68,69,70,71,72,73,74,75,76,77,78,79,80,81,82,83,84,85,86,87,88,89,90,91,92,93,94,95,96,97,98,99,100,101,102,103,104,105
2020,1,0,0.011589701489400400,0.053435901018435800,0.125492020265212000,0.267490758849042000,0.434098298247884000,0.575111891001552000,0.649950382857704000,0.715377867070022000,0.775304925624843000,0.831343412823308000,0.866909242488216000,0.891985196612404000,0.904435966759549000,0.911186675895784000,0.914987633404565000,0.915700207957281000,0.917192893559811000,0.917445079466820000,0.918566218365644000,0.921506053340911000,0.926023282587889000,0.928770685181643000,0.933933102168776000,0.935046846236300000,0.937722670451703000,0.937160381989919000,0.932644992669894000,0.934029211279407000,0.935815259425316000,0.940792318401186000,0.940204259991586000,0.935319909078866000,0.933825691988753000,0.934104050290719000,0.936064212033954000,0.936222200713453000,0.930910565850584000,0.928341118644377000,0.926672701397231000,0.924680498988420000,0.921614077642681000,0.916210297248815000,0.914442680463007000,0.910207305120647000,0.892107950793663000,0.873538350538225000,0.848157747975689000,0.830404224751937000,0.803652749307661000,0.753258467747194000,0.699071803758918000,0.638176753223115000,0.599501697046947000,0.565334315050120000,0.527405098512236000,0.483477931675948000,0.439541102610602000,0.404784178653405000,0.370966792780981000,0.334684693698431000,0.294151871041819000,0.267339101114217000,0.243071524994549000,0.218807591456780000,0.190841643188432000,0.162983231132092000,0.140547330902342000,0.125899871079115000,0.113432404267505000,0.106664067879828000,0.089583497074576800,0.071042696434682100,0.050574421344048200,0.050574421344048200,0.050574421344048200,0.050574421344048200,0.050574421344048200,0.050574421344048200,0.050574421344048200,0.050574421344048200,0.050574421344048200,0.050574421344048200,0.050574421344048200,0.050574421344048200,0.050574421344048200,0.050574421344048200,0.050574421344048200,0.050574421344048200,0.050574421344048200,0.050574421344048200,0.050574421344048200
2021,1,0,0.007607395325435480,0.048530639955595800,0.117781258200866000,0.269550343798792000,0.435850833463293000,0.574438400058073000,0.637612316071461000,0.702015327291891000,0.772574961137419000,0.835708501916832000,0.873211304889126000,0.892934961445252000,0.904075801837034000,0.916417708363618000,0.922101915984753000,0.922051044684540000,0.914592370512236000,0.917204068475178000,0.922159594423869000,0.928106783100037000,0.933080862021014000,0.933217446366934000,0.937479761519668000,0.939431271521690000,0.942808377593577000,0.943630736973030000,0.939470929754238000,0.940490598327710000,0.939666074267367000,0.941188393031692000,0.937018519446350000,0.936090113724732000,0.936592732094560000,0.936246381603084000,0.934437578687990000,0.933489924146937000,0.929330670664547000,0.927670352267817000,0.923945411191398000,0.924958776497652000,0.921349249081595000,0.914675933220014000,0.913582045276658000,0.909363786507657000,0.894425541694949000,0.873642075100596000,0.850854598460523000,0.832784778524839000,0.807079815541991000,0.754459463856680000,0.697930909420140000,0.639337705425836000,0.605833711377099000,0.572042656773522000,0.531208245067022000,0.488466828497054000,0.444313315396765000,0.407525008832173000,0.376478984373183000,0.340054612260630000,0.305824522218005000,0.263986075663462000,0.240177005119765000,0.220289587960071000,0.198804803447108000,0.178966307878202000,0.153486245517168000,0.134863495300251000,0.114709917089624000,0.106346805276745000,0.096345756788293300,0.078318421363869200,0.051607163994518200,0.051607163994518200,0.051607163994518200,0.051607163994518200,0.051607163994518200,0.051607163994518200,0.051607163994518200,0.051607163994518200,0.051607163994518200,0.051607163994518200,0.051607163994518200,0.051607163994518200,0.051607163994518200,0.051607163994518200,0.051607163994518200,0.051607163994518200,0.051607163994518200,0.051607163994518200,0.051607163994518200
2022,1,0,0.013970688582534700,0.052732717856229800,0.128991646976223000,0.277477737846928000,0.439713153398371000,0.567930715045829000,0.633261816250763000,0.695842921262112000,0.761959893323634000,0.826080794114465000,0.872077362327638000,0.896740454047608000,0.906070895741634000,0.907137552581064000,0.913045324656500000,0.916457452486806000,0.920150606941327000,0.921721535077351000,0.924793869295265000,0.928614825232417000,0.931343142584958000,0.930608073085482000,0.931934821624491000,0.937723220429494000,0.939367843767798000,0.940649561516289000,0.936509812882991000,0.937016556428170000,0.938749593608299000,0.940285481655036000,0.943715386484191000,0.939063935044008000,0.936610675675081000,0.934616802697433000,0.934442833956376000,0.932565790545087000,0.927487713536576000,0.923315125103194000,0.919033461408911000,0.917258113261091000,0.916059439748006000,0.916268869191342000,0.912133103834249000,0.909470179267350000,0.896342632181310000,0.877460283880209000,0.859590870513701000,0.839727847627696000,0.820013587738811000,0.758793189924489000,0.699339540014785000,0.644253002618314000,0.614863381301917000,0.581879070157013000,0.537148844242343000,0.493062833003999000,0.452466010743372000,0.418002483015720000,0.385838417836685000,0.353162639441585000,0.316964781316563000,0.279343170743463000,0.245213315565515000,0.218707563011456000,0.198012723973043000,0.177883565584374000,0.158834777003598000,0.137433480474776000,0.119080695140643000,0.100149788745830000,0.090141726615535300,0.083761405431460200,0.052844858979284100,0.052844858979284100,0.052844858979284100,0.052844858979284100,0.052844858979284100,0.052844858979284100,0.052844858979284100,0.052844858979284100,0.052844858979284100,0.052844858979284100,0.052844858979284100,0.052844858979284100,0.052844858979284100,0.052844858979284100,0.052844858979284100,0.052844858979284100,0.052844858979284100,0.052844858979284100,0.052844858979284100
2023,1,0,0.013972403149598000,0.066173754092662800,0.155083251652560000,0.285284566522854000,0.432936521879652000,0.552866745587439000,0.639574789056090000,0.705020490045160000,0.769503135890382000,0.827897318853341000,0.872471845879143000,0.898780645134276000,0.910157625878472000,0.915328722789323000,0.918573462938663000,0.922693809739569000,0.925368364479467000,0.927975703383252000,0.930671710611295000,0.933799624193961000,0.935658247448322000,0.936685366201918000,0.938729265002532000,0.941563119811476000,0.944378590227086000,0.943884272015908000,0.943010613991201000,0.942244847745041000,0.943328626080121000,0.945344344597636000,0.945231639060745000,0.943789054527898000,0.940643325907065000,0.939095278414333000,0.937844330206887000,0.935565187818455000,0.931953008621015000,0.927576354986199000,0.924337910108657000,0.922128055890250000,0.921415416442385000,0.919915874696555000,0.917929971388031000,0.911499645660827000,0.900154971044936000,0.883740844751872000,0.865081284319431000,0.845758583229705000,0.811597977797099000,0.763853074327554000,0.704315964655821000,0.655390415971611000,0.615571301890004000,0.579486954154075000,0.538785447423097000,0.495546125569138000,0.455729456441200000,0.419890226908563000,0.386694639235025000,0.352923840344390000,0.317333636394785000,0.281258680699875000,0.248425569540675000,0.221246154199021000,0.198744956724604000,0.178729718962462000,0.158478966469943000,0.138825502823129000,0.119216429885831000,0.103410659655287000,0.091596200585737000,0.083965783347573600,0.053005524996083900,0.053005524996083900,0.053005524996083900,0.053005524996083900,0.053005524996083900,0.053005524996083900,0.053005524996083900,0.053005524996083900,0.053005524996083900,0.053005524996083900,0.053005524996083900,0.053005524996083900,0.053005524996083900,0.053005524996083900,0.053005524996083900,0.053005524996083900,0.053005524996083900,0.053005524996083900,0.053005524996083900
2024,1,0,0.013970529483671400,0.067098819090086000,0.157059286295669000,0.288434987134680000,0.437387941828158000,0.558622882290700000,0.646640097529213000,0.712838291061188000,0.777514028136357000,0.835542588321252000,0.879753345751881000,0.905700824802356000,0.916765138043358000,0.921671050025460000,0.924697513946123000,0.928599467101591000,0.931055822073315000,0.933491026647384000,0.936060944080471000,0.939108766375543000,0.940887468551115000,0.941834777728691000,0.943795358770046000,0.946542418053052000,0.949267723572565000,0.948683684300048000,0.947720356082566000,0.946822344388788000,0.947731068469921000,0.949529046975719000,0.949198886843699000,0.947539026049324000,0.944281239200948000,0.942725908881873000,0.941572627654205000,0.939391290123938000,0.935877094541718000,0.931635686079497000,0.928569492786649000,0.926568911264558000,0.926065343740080000,0.924774979439359000,0.923000100579384000,0.916783177070686000,0.905654345459278000,0.889456741972072000,0.871014005452850000,0.851522466174864000,0.816809261254509000,0.768127828892114000,0.707655771634247000,0.657793852378892000,0.617319347582864000,0.580861309317135000,0.540068932214239000,0.496739080303315000,0.456831422148848000,0.420903639690787000,0.387622114052024000,0.353768423796883000,0.318095572460647000,0.281938034383161000,0.249032650864255000,0.221790949762264000,0.199237583936144000,0.179169844461033000,0.158866621837509000,0.139165699107004000,0.119514252275650000,0.103670689279554000,0.091817902219147900,0.084148595920101400,0.053152576983760800,0.053152576983760800,0.053152576983760800,0.053152576983760800,0.053152576983760800,0.053152576983760800,0.053152576983760800,0.053152576983760800,0.053152576983760800,0.053152576983760800,0.053152576983760800,0.053152576983760800,0.053152576983760800,0.053152576983760800,0.053152576983760800,0.053152576983760800,0.053152576983760800,0.053152576983760800,0.053152576983760800
2025,1,0,0.013973643140132900,0.068047920507764600,0.159091566576939000,0.291688658822230000,0.441995904618100000,0.564578958580802000,0.653936883979115000,0.720911269635243000,0.785803204359145000,0.843486825554568000,0.887349564377957000,0.912944954426093000,0.923700522383473000,0.928342977316769000,0.931152226087391000,0.934837159215894000,0.937076171975577000,0.939340096313462000,0.941784830223967000,0.944753642198351000,0.946453051200387000,0.947320881909218000,0.949198837726006000,0.951860074482405000,0.954496180040026000,0.953822203241391000,0.952768852964453000,0.951738263496048000,0.952472242203047000,0.954053103253209000,0.953505351360508000,0.951627602450824000,0.948256584398068000,0.946693415352332000,0.945637398049772000,0.943553095318425000,0.940135637476801000,0.936027972003852000,0.933132950949161000,0.931340946486452000,0.931046289665640000,0.929964660712677000,0.928400191395783000,0.922394469598135000,0.911477527145780000,0.895490683124273000,0.877258205690791000,0.857590854747908000,0.822312608660868000,0.772677184987768000,0.711248508605024000,0.660432334940085000,0.619287931840389000,0.582443154336613000,0.541545335890666000,0.498109477101587000,0.458096574784203000,0.422067405298893000,0.388688052540660000,0.354739377773973000,0.318971136483962000,0.282718100429019000,0.249728690891920000,0.222414973195904000,0.199801382821201000,0.179673972776977000,0.159311027101460000,0.139555607832462000,0.119854767766470000,0.103967752487953000,0.092072402582085900,0.084361465823277700,0.053318617528335500,0.053318617528335500,0.053318617528335500,0.053318617528335500,0.053318617528335500,0.053318617528335500,0.053318617528335500,0.053318617528335500,0.053318617528335500,0.053318617528335500,0.053318617528335500,0.053318617528335500,0.053318617528335500,0.053318617528335500,0.053318617528335500,0.053318617528335500,0.053318617528335500,0.053318617528335500,0.053318617528335500
2026,1,0,0.013984718033853000,0.068007799801117700,0.158991696344272000,0.291524118275671000,0.441742875826840000,0.564215468572227000,0.653436599980591000,0.720330358415066000,0.785213922433914000,0.842957366908087000,0.886868975187958000,0.912498756796998000,0.923284064133102000,0.927958522667954000,0.930805431328520000,0.934528718375797000,0.936804939081494000,0.939105108767438000,0.941585248985926000,0.944588900287698000,0.946322142544270000,0.947223147435330000,0.949130664928487000,0.951817671068704000,0.954475113005761000,0.953819849161163000,0.952784911163563000,0.951769867965326000,0.952517907413077000,0.954110616357229000,0.953573025313709000,0.951704383156185000,0.948335939930089000,0.946771430106277000,0.945709125545574000,0.943617720582371000,0.940192103908905000,0.936072961782716000,0.933164654370059000,0.931357466958477000,0.931048813920542000,0.929952565031028000,0.928365717343034000,0.922326721476748000,0.911365236782152000,0.895329832337856000,0.877047014691509000,0.857381321986316000,0.822145497297523000,0.772594251824513000,0.711240406829501000,0.660507475554245000,0.619421219511199000,0.582605236005695000,0.541700238544254000,0.498255189200759000,0.458235809213405000,0.422200630284618000,0.388814679106281000,0.354856265595375000,0.319076843452908000,0.282812242318545000,0.249810788519921000,0.222486459076951000,0.199862916280418000,0.179727524251326000,0.159356409915781000,0.139593606305492000,0.119885727975362000,0.103994999922238000,0.092099100859820200,0.084390931325910900,0.053332358411045100,0.053332358411045100,0.053332358411045100,0.053332358411045100,0.053332358411045100,0.053332358411045100,0.053332358411045100,0.053332358411045100,0.053332358411045100,0.053332358411045100,0.053332358411045100,0.053332358411045100,0.053332358411045100,0.053332358411045100,0.053332358411045100,0.053332358411045100,0.053332358411045100,0.053332358411045100,0.053332358411045100
2027,1,0,0.013982718244248900,0.067904035767521700,0.158743033931519000,0.291086767314204000,0.441076458397454000,0.563323952326741000,0.652324739818356000,0.719075243517249000,0.783889736661578000,0.841639027692391000,0.885558460456678000,0.911198680818567000,0.922003657830924000,0.926705768072650000,0.929587697966645000,0.933345880926813000,0.935657204473291000,0.937991491374056000,0.940504740870602000,0.943540444387985000,0.945305920526384000,0.946239278307721000,0.948174592306218000,0.950884871030858000,0.953561177324524000,0.952925251547524000,0.951909705910245000,0.950911168591436000,0.951672578164987000,0.953275652812745000,0.952748732101909000,0.950890950614993000,0.947528234866996000,0.945963846900671000,0.944896244721632000,0.942799689299605000,0.939369112957197000,0.935242339937933000,0.932323458087978000,0.930502768383882000,0.930180398765706000,0.929070545920745000,0.927462789730218000,0.921396147308772000,0.910400345264258000,0.894331349031471000,0.876015260972691000,0.856369623673475000,0.821209208961371000,0.771788548614310000,0.710566976495817000,0.659964799325462000,0.618975161862646000,0.582222430228648000,0.541348513292968000,0.497934907698100000,0.457946481594796000,0.421938998096406000,0.388577674793602000,0.354641282299269000,0.318884141574345000,0.282641891237250000,0.249659256261430000,0.222349868472411000,0.199737529775520000,0.179612986044971000,0.159252753715836000,0.139501047901394000,0.119804562289675000,0.103924983886094000,0.092039663219838600,0.084341473244276800,0.053296218953574700,0.053296218953574700,0.053296218953574700,0.053296218953574700,0.053296218953574700,0.053296218953574700,0.053296218953574700,0.053296218953574700,0.053296218953574700,0.053296218953574700,0.053296218953574700,0.053296218953574700,0.053296218953574700,0.053296218953574700,0.053296218953574700,0.053296218953574700,0.053296218953574700,0.053296218953574700,0.053296218953574700
2028,1,0,0.013980093896591400,0.067797269802382300,0.158487355749614000,0.290636545394524000,0.440390539155666000,0.562407542559467000,0.651184079436508000,0.717788391104837000,0.782530938116520000,0.840283491585355000,0.884208782445784000,0.909858291639343000,0.920682448693372000,0.925411991249933000,0.928328801935563000,0.932121701227736000,0.934468012660151000,0.936836301120018000,0.939382536570100000,0.942450145967236000,0.944247766388121000,0.945213424628149000,0.947176439405812000,0.949909861833009000,0.952604906578064000,0.951988340909008000,0.950992226628660000,0.950010234379818000,0.950784975612800000,0.952398340857252000,0.951882110511470000,0.950035269172324000,0.946678429368118000,0.945114233168586000,0.944041382859363000,0.941939772426328000,0.938504391448742000,0.934370174582965000,0.931440852306274000,0.929606746184088000,0.929270678935489000,0.928147276258962000,0.926518690368188000,0.920424681795222000,0.909395065411216000,0.893293207001818000,0.874944678512047000,0.855319968416811000,0.820236510899409000,0.770948602280869000,0.709861996746021000,0.659392793057272000,0.618501575026151000,0.581813717700234000,0.540972698638065000,0.497592467578389000,0.457636773155174000,0.421658585957910000,0.388323374096018000,0.354410512759094000,0.318677244918864000,0.282458958514302000,0.249496610914902000,0.222203380943498000,0.199603253723238000,0.179490454547312000,0.159142011008034000,0.139402282492051000,0.119718066534736000,0.103850344128960000,0.091976129797906900,0.084288260295569900,0.053257708373835000,0.053257708373835000,0.053257708373835000,0.053257708373835000,0.053257708373835000,0.053257708373835000,0.053257708373835000,0.053257708373835000,0.053257708373835000,0.053257708373835000,0.053257708373835000,0.053257708373835000,0.053257708373835000,0.053257708373835000,0.053257708373835000,0.053257708373835000,0.053257708373835000,0.053257708373835000,0.053257708373835000
2029,1,0,0.013974496306714600,0.067676140223634900,0.158198103824019000,0.290124744465195000,0.439611313759496000,0.561371998508589000,0.649905526119280000,0.716349559172492000,0.781006425969590000,0.838749950952651000,0.882671749723968000,0.908325084399471000,0.919166106974852000,0.923922059329628000,0.926873109636696000,0.930699897766917000,0.933080677247050000,0.935482443331336000,0.938061103532610000,0.941159947300531000,0.942989310592179000,0.943987044818264000,0.945977326382375000,0.948733297266101000,0.951446495973116000,0.950849410225421000,0.949872927836619000,0.948907679884530000,0.949695580082796000,0.951318886569488000,0.950813450149970000,0.948977935509950000,0.945627682487057000,0.944064010782523000,0.942986143717892000,0.940879928442080000,0.937440476659653000,0.933299700032923000,0.930360566790891000,0.928513442413912000,0.928163757100011000,0.927027051605050000,0.925377994804310000,0.919257932898474000,0.908196869019487000,0.892065594026404000,0.873688548513265000,0.854088929204223000,0.819089848941637000,0.769945101829851000,0.709006381966481000,0.658680812771675000,0.617896657429644000,0.581281442972525000,0.540481992886706000,0.497144347496648000,0.457229867568313000,0.421288615144276000,0.387986592676736000,0.354104464884313000,0.318402659474176000,0.282216029699763000,0.249280971514064000,0.222009697509969000,0.199426583604211000,0.179329801823705000,0.158997470031180000,0.139273912132930000,0.119606147165021000,0.103753650234221000,0.091893062388856900,0.084217143171633600,0.053207887878733400,0.053207887878733400,0.053207887878733400,0.053207887878733400,0.053207887878733400,0.053207887878733400,0.053207887878733400,0.053207887878733400,0.053207887878733400,0.053207887878733400,0.053207887878733400,0.053207887878733400,0.053207887878733400,0.053207887878733400,0.053207887878733400,0.053207887878733400,0.053207887878733400,0.053207887878733400,0.053207887878733400
2030,1,0,0.013971634880837600,0.067568318317981600,0.157939963284647000,0.289669988442519000,0.438918527868285000,0.560446859916861000,0.648754838438783000,0.715051683293879000,0.779635565667130000,0.837381359639259000,0.881308257544228000,0.906970432014567000,0.917830429918214000,0.922613706139635000,0.925599552442038000,0.929460957251016000,0.931876649495466000,0.934312342624079000,0.936923912225977000,0.940054577458677000,0.941916022154654000,0.942946008069911000,0.944963929130713000,0.947742973770228000,0.950474846033168000,0.949897111657142000,0.948940058325482000,0.947991355779900000,0.948792561058788000,0.950426120217567000,0.949931372352753000,0.948106818615017000,0.944762493230545000,0.943199039920456000,0.942115948354071000,0.940004719141675000,0.936560526416935000,0.932412384250487000,0.929462871218467000,0.927602375250057000,0.927239011728244000,0.926088789176074000,0.924418951371175000,0.918271655090453000,0.907176999702680000,0.891013171380145000,0.872604032382814000,0.853025655882429000,0.818104057588891000,0.769092774878945000,0.708289934358038000,0.658098071350879000,0.617412938387722000,0.580863162571350000,0.540097277789364000,0.496793717425465000,0.456912621593965000,0.421001253117582000,0.387725887598617000,0.353867848948629000,0.318190505279160000,0.282028436518329000,0.249114210632043000,0.221859546287158000,0.199289019169754000,0.179204315074809000,0.158884109199202000,0.139172855101762000,0.119517685047255000,0.103677304350171000,0.091828015352929800,0.084162538128681200,0.053168502576030200,0.053168502576030200,0.053168502576030200,0.053168502576030200,0.053168502576030200,0.053168502576030200,0.053168502576030200,0.053168502576030200,0.053168502576030200,0.053168502576030200,0.053168502576030200,0.053168502576030200,0.053168502576030200,0.053168502576030200,0.053168502576030200,0.053168502576030200,0.053168502576030200,0.053168502576030200,0.053168502576030200
2031,1,0,0.013987485674780400,0.067039348239899700,0.156892926738175000,0.288136839711289000,0.436904174952113000,0.557919854291725000,0.645677491675021000,0.711639921342518000,0.776128342716879000,0.834011815432947000,0.878060714569815000,0.903824168977083000,0.914839529094777000,0.919842148819800000,0.923116174763953000,0.927266752534188000,0.929969977581664000,0.932616588701009000,0.935362638321913000,0.938551734983392000,0.940470171179796000,0.941556205307032000,0.943616747908011000,0.946424730098599000,0.949170938913240000,0.948603786346301000,0.947656884487075000,0.946740294266862000,0.947597548517293000,0.949310052330534000,0.948891834559800000,0.947142302253839000,0.943831699697285000,0.942264415185455000,0.941138462961105000,0.938983206670486000,0.935493474622882000,0.931270398860945000,0.928218716432688000,0.926228690912602000,0.925737496333105000,0.924458550033136000,0.922657159987280000,0.916370992806623000,0.905129614758539000,0.888813312808371000,0.870249152882598000,0.850732011786683000,0.816071824871557000,0.767523551649799000,0.707170343116543000,0.657440150231408000,0.617075841700676000,0.580699950814509000,0.539951536737642000,0.496662568090606000,0.456799946755655000,0.420906049292593000,0.387645638195859000,0.353796385794940000,0.318125764376358000,0.281969867946695000,0.249059370270175000,0.221808726104024000,0.199241404517239000,0.179162726114539000,0.158848278754840000,0.139140833518364000,0.119486895442450000,0.103649434085821000,0.091807592315189800,0.084154308844272900,0.053146000838657900,0.053146000838657900,0.053146000838657900,0.053146000838657900,0.053146000838657900,0.053146000838657900,0.053146000838657900,0.053146000838657900,0.053146000838657900,0.053146000838657900,0.053146000838657900,0.053146000838657900,0.053146000838657900,0.053146000838657900,0.053146000838657900,0.053146000838657900,0.053146000838657900,0.053146000838657900,0.053146000838657900
2032,1,0,0.013980799910173300,0.066401967914687300,0.155592301730818000,0.286138226623762000,0.434184238337799000,0.554491858939102000,0.641557334325289000,0.707078802106713000,0.771367748541068000,0.829295685759684000,0.873395662074497000,0.899218933770837000,0.910372001941293000,0.915586045141945000,0.919143162240172000,0.923576412188597000,0.926563001222628000,0.929416402517039000,0.932292593911285000,0.935535019705729000,0.937507392387767000,0.938647760873738000,0.940747631507102000,0.943580043938535000,0.946336171991611000,0.945780522389788000,0.944845305008955000,0.943962325665343000,0.944874283813493000,0.946663023617287000,0.946322060283399000,0.944650418758500000,0.941378897636415000,0.939810305774754000,0.938643279741862000,0.936447441631387000,0.932917765619150000,0.928626514442497000,0.925477514719658000,0.923361082477145000,0.922742764761201000,0.921337071855829000,0.919406947002791000,0.912991950736712000,0.901621874183762000,0.885179299450362000,0.866489941176723000,0.847065536070717000,0.812722802076961000,0.764716098860134000,0.704910102876905000,0.655722044932877000,0.615743836039940000,0.579600579819869000,0.538935331815563000,0.495730743580120000,0.455950864924856000,0.420132308664146000,0.386940475511754000,0.353154578011383000,0.317548182074725000,0.281456743079643000,0.248603025732244000,0.221400330724143000,0.198872593888421000,0.178832310710453000,0.158556371268774000,0.138884504566808000,0.119263480202456000,0.103454469103200000,0.091639167756206000,0.084010422653983700,0.053037816295443900,0.053037816295443900,0.053037816295443900,0.053037816295443900,0.053037816295443900,0.053037816295443900,0.053037816295443900,0.053037816295443900,0.053037816295443900,0.053037816295443900,0.053037816295443900,0.053037816295443900,0.053037816295443900,0.053037816295443900,0.053037816295443900,0.053037816295443900,0.053037816295443900,0.053037816295443900,0.053037816295443900
2033,1,0,0.013974887773379300,0.065768807403939500,0.154301390826881000,0.284157123820838000,0.431490590036744000,0.551097395024026000,0.637476112082692000,0.702560612543967000,0.766653793437030000,0.824629335604731000,0.868782764373562000,0.894667217293272000,0.905958481840588000,0.911384044370693000,0.915224192956559000,0.919940103897566000,0.923209965681537000,0.926270127568414000,0.929276501438458000,0.932572386357876000,0.934598755239145000,0.935793471758480000,0.937932750295192000,0.940789726475912000,0.943555916156933000,0.943011728652459000,0.942088133878864000,0.941238686660666000,0.942205349507624000,0.944070354849165000,0.943806557652157000,0.942212644975252000,0.938979990468113000,0.937410006311629000,0.936201879388769000,0.933965375447677000,0.930395597652101000,0.926035996855064000,0.922789594593295000,0.920546753275962000,0.919801392969372000,0.918268990434976000,0.916210140748245000,0.909666079216349000,0.898166795805241000,0.881597159248539000,0.862781689261157000,0.843448870138252000,0.809421417585957000,0.761953160831069000,0.702690600940798000,0.654041489024598000,0.614446837050637000,0.578534021552315000,0.537949632019023000,0.494826976079190000,0.455127581493994000,0.419382331985890000,0.386257192637891000,0.352532737985584000,0.316988554741052000,0.280959533550890000,0.248160741582261000,0.221004459001212000,0.198515034394380000,0.178512011562261000,0.158273432119676000,0.138636031837861000,0.119046814262260000,0.103265359813577000,0.091475926275421800,0.083871278590259800,0.052932641194180700,0.052932641194180700,0.052932641194180700,0.052932641194180700,0.052932641194180700,0.052932641194180700,0.052932641194180700,0.052932641194180700,0.052932641194180700,0.052932641194180700,0.052932641194180700,0.052932641194180700,0.052932641194180700,0.052932641194180700,0.052932641194180700,0.052932641194180700,0.052932641194180700,0.052932641194180700,0.052932641194180700
2034,1,0,0.013968683805856800,0.065134798075105400,0.153008319886329000,0.282171699796030000,0.428790107313933000,0.547694162489591000,0.633384880909001000,0.698031409747139000,0.761927632829229000,0.819949506760050000,0.864155403437351000,0.890100434536945000,0.901529535767101000,0.907166319030285000,0.911289172221905000,0.916287398985494000,0.919840218546540000,0.923106896816276000,0.926243276459934000,0.929592504140619000,0.931672779368094000,0.932921771434756000,0.935100378265133000,0.937981836199308000,0.940758020009471000,0.940225296232528000,0.939313333619328000,0.938497407516804000,0.939518707113382000,0.941459872269325000,0.941273179940592000,0.939756962619225000,0.936563209735395000,0.934991867851497000,0.933742701329365000,0.931465614323446000,0.927855845352425000,0.923428046806226000,0.920084395400210000,0.917715302215710000,0.916843025254965000,0.915184055463454000,0.912996636247912000,0.906323760357000000,0.894695626411438000,0.877999390236837000,0.859058317639754000,0.839817415935048000,0.806105694647645000,0.759176426383358000,0.700458090909357000,0.652348491708867000,0.613137905606303000,0.577456094240549000,0.536953355487665000,0.493913477158210000,0.454295340471562000,0.418624093742405000,0.385566294280998000,0.351903945844497000,0.316422676660332000,0.280456784767962000,0.247713567524510000,0.220604234195985000,0.198153566496631000,0.178188196766643000,0.157987374998446000,0.138384828545182000,0.118827806447794000,0.103074220110732000,0.091310882479047700,0.083730472919747900,0.052826432467196500,0.052826432467196500,0.052826432467196500,0.052826432467196500,0.052826432467196500,0.052826432467196500,0.052826432467196500,0.052826432467196500,0.052826432467196500,0.052826432467196500,0.052826432467196500,0.052826432467196500,0.052826432467196500,0.052826432467196500,0.052826432467196500,0.052826432467196500,0.052826432467196500,0.052826432467196500,0.052826432467196500
2035,1,0,0.013965429371232000,0.064514951697400900,0.151748386323880000,0.280247116184340000,0.426181863845523000,0.544408716075443000,0.629429969617685000,0.693652454149857000,0.757365325412624000,0.815445733814311000,0.859713383819413000,0.885724422677221000,0.897293677156652000,0.903142726726403000,0.907548962499804000,0.912830367899971000,0.916666702849669000,0.920140446516810000,0.923407405258284000,0.926810645790622000,0.928945229511264000,0.930248723744077000,0.932467091615191000,0.935373622296259000,0.938160378837102000,0.937638998702657000,0.936738468087309000,0.935955868372713000,0.937031983083709000,0.939049665807825000,0.938939986797128000,0.937501092547545000,0.934345541546601000,0.932772511532621000,0.931482069797333000,0.929163947063955000,0.925513452854738000,0.921016569103534000,0.917575029355118000,0.915079270222935000,0.914079978585119000,0.912294177400833000,0.909977814451027000,0.903174804390933000,0.891415455295957000,0.874589184742270000,0.855518600769806000,0.836365497277219000,0.802962185357623000,0.756561645628420000,0.698374785315389000,0.650794189644386000,0.611959141816097000,0.576500654631640000,0.536070971287057000,0.493104739470619000,0.453559452097005000,0.417954636683848000,0.384957161207901000,0.351349779157545000,0.315923900133069000,0.280013511308158000,0.247318927182071000,0.220250795255443000,0.197834124449617000,0.177902172586537000,0.157734823541045000,0.138162974077946000,0.118634002018524000,0.102904943246161000,0.091165203527984700,0.083607417340414100,0.052731434216935900,0.052731434216935900,0.052731434216935900,0.052731434216935900,0.052731434216935900,0.052731434216935900,0.052731434216935900,0.052731434216935900,0.052731434216935900,0.052731434216935900,0.052731434216935900,0.052731434216935900,0.052731434216935900,0.052731434216935900,0.052731434216935900,0.052731434216935900,0.052731434216935900,0.052731434216935900,0.052731434216935900
2036,1,0,0.013979329954331800,0.064451842261124700,0.151628574977264000,0.280095471146425000,0.425999534705411000,0.544168123594951000,0.629098062383093000,0.693276105986149000,0.757011605091026000,0.815176611043603000,0.859515109978566000,0.885578825926786000,0.897202560897063000,0.903116575440285000,0.907602518199503000,0.912964501691400000,0.916879976372336000,0.920412778724315000,0.923718870187123000,0.927141658951032000,0.929294528137240000,0.930615480605166000,0.932843612703907000,0.935751987946986000,0.938531865198802000,0.938000312999465000,0.937089232929270000,0.936306725409794000,0.937395306666348000,0.939436917398671000,0.939349048912515000,0.937930642144237000,0.934781081080861000,0.933202827319240000,0.931894654254424000,0.929557777282397000,0.925887202649711000,0.921360268899998000,0.917880602481178000,0.915338530952049000,0.914294416436171000,0.912463009516309000,0.910103883152034000,0.903257014282693000,0.891452243472705000,0.874575507810001000,0.855452224836216000,0.836308426801673000,0.802962322896011000,0.756668140899232000,0.698575906725963000,0.651100494210847000,0.612333404787552000,0.576900307200048000,0.536445135649064000,0.493450890855817000,0.453880995565220000,0.418255421500265000,0.385239709695873000,0.351613411332690000,0.316166805942317000,0.280235208491453000,0.247518919857912000,0.220430986996368000,0.197995448364304000,0.178047101856527000,0.157863123862185000,0.138275085619130000,0.118729814892482000,0.102988087156301000,0.091239649269585400,0.083677327448764100,0.052773598769473600,0.052773598769473600,0.052773598769473600,0.052773598769473600,0.052773598769473600,0.052773598769473600,0.052773598769473600,0.052773598769473600,0.052773598769473600,0.052773598769473600,0.052773598769473600,0.052773598769473600,0.052773598769473600,0.052773598769473600,0.052773598769473600,0.052773598769473600,0.052773598769473600,0.052773598769473600,0.052773598769473600
2037,1,0,0.013976930030781600,0.064313474425035900,0.151331735288427000,0.279616868365615000,0.425319972594180000,0.543292363684719000,0.628031810971616000,0.692090490104779000,0.755774265131255000,0.813956067745608000,0.858313737029778000,0.884399760679440000,0.896064457706959000,0.902036589881952000,0.906597070788678000,0.912033442032407000,0.916023552796859000,0.919611340174966000,0.922952738831585000,0.926391098001847000,0.928559755609856000,0.929896639320201000,0.932131943764027000,0.935038771414538000,0.937808519978044000,0.937267407585279000,0.936346832477703000,0.935565330307839000,0.936665118151774000,0.938728294318527000,0.938662356848509000,0.937266109518630000,0.934126218429839000,0.932544578223678000,0.931220185685329000,0.928867265844135000,0.925180877306937000,0.920629151120853000,0.917115386925726000,0.914529931108545000,0.913442175140477000,0.911567261928093000,0.909168089709035000,0.902285315265864000,0.890448859878363000,0.873541310375724000,0.854387599241561000,0.835275452505500000,0.802025514038518000,0.755891796299081000,0.697962051832396000,0.650647306364236000,0.611993467167670000,0.576627125633472000,0.536193650503167000,0.493221538030008000,0.453673187178890000,0.418068407508542000,0.385072969149234000,0.351466976157250000,0.316040988642161000,0.280130092328359000,0.247430256719190000,0.220354114505679000,0.197925871695049000,0.177984394016071000,0.157807325302935000,0.138225941492800000,0.118687165317503000,0.102951126614033000,0.091207692205687300,0.083649655205148200,0.052754218519029900,0.052754218519029900,0.052754218519029900,0.052754218519029900,0.052754218519029900,0.052754218519029900,0.052754218519029900,0.052754218519029900,0.052754218519029900,0.052754218519029900,0.052754218519029900,0.052754218519029900,0.052754218519029900,0.052754218519029900,0.052754218519029900,0.052754218519029900,0.052754218519029900,0.052754218519029900,0.052754218519029900
2038,1,0,0.013974555481010300,0.064175266830178500,0.151035262835204000,0.279138920265643000,0.424641389764452000,0.542417857314201000,0.626967027026837000,0.690906494993350000,0.754538675484284000,0.812737371235186000,0.857114282246945000,0.883222651806005000,0.894928317392738000,0.900958557841724000,0.905593559450014000,0.911104302589726000,0.915169030956298000,0.918811790883935000,0.922188490545652000,0.925642420844751000,0.927826865292027000,0.929179677152248000,0.931422155418425000,0.934327441111528000,0.937087069311841000,0.936536399040213000,0.935606330520942000,0.934825831984414000,0.935936824520317000,0.938021562380588000,0.937977548320596000,0.936603450407953000,0.933473220475047000,0.931888192202382000,0.930547583403427000,0.928178622038804000,0.924476418522042000,0.919899900370856000,0.916352043872270000,0.913723214042396000,0.912591829616430000,0.910673421676807000,0.908234213065380000,0.901315533220115000,0.889447383282778000,0.872509000761792000,0.853324838211151000,0.834244298387992000,0.801090434103364000,0.755117044770741000,0.697349632745554000,0.650195416329780000,0.611654720775154000,0.576355050364350000,0.535943193212653000,0.492993130008858000,0.453466246762007000,0.417882191835129000,0.384906962031682000,0.351321208438171000,0.315915769521614000,0.280025504187816000,0.247342058537917000,0.220277655379197000,0.197856666497158000,0.177922020268619000,0.157751823030636000,0.138177056980883000,0.118644738813857000,0.102914359555633000,0.091175906286381100,0.083622139365036800,0.052734937564187800,0.052734937564187800,0.052734937564187800,0.052734937564187800,0.052734937564187800,0.052734937564187800,0.052734937564187800,0.052734937564187800,0.052734937564187800,0.052734937564187800,0.052734937564187800,0.052734937564187800,0.052734937564187800,0.052734937564187800,0.052734937564187800,0.052734937564187800,0.052734937564187800,0.052734937564187800,0.052734937564187800
2039,1,0,0.013971172717375300,0.064032481658935300,0.150728005281811000,0.278641010634175000,0.423932420384391000,0.541504539705730000,0.625857404386389000,0.689673092813487000,0.753249104734973000,0.811460483764049000,0.855853423837029000,0.881982244648611000,0.893728016578041000,0.899815905883114000,0.904525062773647000,0.910109749208421000,0.914248770900954000,0.917946217667099000,0.921357959939817000,0.924827205523381000,0.927027272554383000,0.928395908308238000,0.930645395498067000,0.933548930059669000,0.936298242775131000,0.935738058329099000,0.934798567474809000,0.934019128522993000,0.935141240903605000,0.937247381023554000,0.937225284521532000,0.935873426134832000,0.932753079432143000,0.931164778953595000,0.929808057387693000,0.927423232185233000,0.923705487563124000,0.919104518158659000,0.915522839613156000,0.912850843481620000,0.911675930273493000,0.909714184063280000,0.907235131701938000,0.900281060886666000,0.888382086529935000,0.871414106920074000,0.852200890907366000,0.833153322905477000,0.800097887481226000,0.754288080545976000,0.696687105849121000,0.649696757668715000,0.611271942420396000,0.576041464884958000,0.535654135205609000,0.492729213887347000,0.453226643890821000,0.417665874922634000,0.384713226702953000,0.351150129612944000,0.315767787683691000,0.279900736697150000,0.247236034535767000,0.220185320089889000,0.197773201311360000,0.177846823327506000,0.157684951353081000,0.138118213956733000,0.118593761691371000,0.102870175538415000,0.091137549065192300,0.083588595969924700,0.052711856224543000,0.052711856224543000,0.052711856224543000,0.052711856224543000,0.052711856224543000,0.052711856224543000,0.052711856224543000,0.052711856224543000,0.052711856224543000,0.052711856224543000,0.052711856224543000,0.052711856224543000,0.052711856224543000,0.052711856224543000,0.052711856224543000,0.052711856224543000,0.052711856224543000,0.052711856224543000,0.052711856224543000
2040,1,0,0.013969476986057400,0.063897474725729300,0.150439046675459000,0.278176903595867000,0.423274861589594000,0.540656893544094000,0.624823702797937000,0.688523356857907000,0.752050891891643000,0.810281973546679000,0.854696293439091000,0.880848710851736000,0.892635991828362000,0.898782243622059000,0.903566097066841000,0.909225373789705000,0.913439161235840000,0.917191721111595000,0.920638904931379000,0.924123878843103000,0.926339828247016000,0.927724447287577000,0.929981212283716000,0.932883346699255000,0.935622679418814000,0.935052916662414000,0.934103893535535000,0.933325419733959000,0.934458783315613000,0.936586572050532000,0.936586382475189000,0.935256592413134000,0.932145748838743000,0.930553985694435000,0.929180993511095000,0.926780022475821000,0.923046293802107000,0.918420326863631000,0.914804406386568000,0.912088937229493000,0.910870369289505000,0.908865063848173000,0.906345883086754000,0.899355595064177000,0.887424371724551000,0.870424758375133000,0.851180181135261000,0.832163274636505000,0.799202243736065000,0.753550432204011000,0.696108884046653000,0.649276674555965000,0.610963061050119000,0.575797500231125000,0.535429815856045000,0.492524847838645000,0.453041815759933000,0.417500033420614000,0.384565982414411000,0.351021483771823000,0.315657961098259000,0.279809788198283000,0.247159881294352000,0.220119586567556000,0.197713630356567000,0.177793113236984000,0.157637130709579000,0.138076058068586000,0.118557112968232000,0.102838420197490000,0.091110202709398300,0.083565150811825700,0.052695143641232400,0.052695143641232400,0.052695143641232400,0.052695143641232400,0.052695143641232400,0.052695143641232400,0.052695143641232400,0.052695143641232400,0.052695143641232400,0.052695143641232400,0.052695143641232400,0.052695143641232400,0.052695143641232400,0.052695143641232400,0.052695143641232400,0.052695143641232400,0.052695143641232400,0.052695143641232400,0.052695143641232400
女性有配偶,,,,,,,,,,,,,,,,,,,,,,,,,,,,,,,,,,,,,,,,,,,,,,,,,,,,,,,,,,,,,,,,,,,,,,,,,,,,,,,,,,,,,,,,,,,,,
年度,性,合計,15.000000000000000000,16.000000000000000000,17.000000000000000000,18.000000000000000000,19.000000000000000000,20.000000000000000000,21.000000000000000000,22.000000000000000000,23.000000000000000000,24.000000000000000000,25.000000000000000000,26.000000000000000000,27.000000000000000000,28.000000000000000000,29.000000000000000000,30.000000000000000000,31.000000000000000000,32.000000000000000000,33.000000000000000000,34.000000000000000000,35.000000000000000000,36.000000000000000000,37.000000000000000000,38.000000000000000000,39.000000000000000000,40.000000000000000000,41.000000000000000000,42.000000000000000000,43.000000000000000000,44.000000000000000000,45.000000000000000000,46.000000000000000000,47.000000000000000000,48.000000000000000000,49.000000000000000000,50.000000000000000000,51.000000000000000000,52.000000000000000000,53.000000000000000000,54.000000000000000000,55.000000000000000000,56.000000000000000000,57.000000000000000000,58.000000000000000000,59.000000000000000000,60.000000000000000000,61.000000000000000000,62.000000000000000000,63.000000000000000000,64.000000000000000000,65.000000000000000000,66.000000000000000000,67.000000000000000000,68.000000000000000000,69.000000000000000000,70.000000000000000000,71.000000000000000000,72.000000000000000000,73.000000000000000000,74.000000000000000000,75.000000000000000000,76.000000000000000000,77.000000000000000000,78.000000000000000000,79.000000000000000000,80.000000000000000000,81.000000000000000000,82.000000000000000000,83.000000000000000000,84.000000000000000000,85.000000000000000000,86.000000000000000000,87.000000000000000000,88.000000000000000000,89.000000000000000000,90.000000000000000000,91.000000000000000000,92.000000000000000000,93.000000000000000000,94.000000000000000000,95.000000000000000000,96.000000000000000000,97.000000000000000000,98.000000000000000000,99.000000000000000000,100.000000000000000000,101.000000000000000000,102.000000000000000000,103.000000000000000000,104.000000000000000000,105.000000000000000000
2020,3,0,0.017849251751366800,0.076941537472300100,0.168178339211556000,0.324344705662239000,0.435356099513540000,0.526528217317011000,0.553440993777152000,0.625099458472701000,0.680941795355252000,0.701605818855859000,0.723242530580292000,0.722982057778746000,0.730588387030497000,0.714568256630789000,0.703212257356628000,0.690330683632399000,0.687474716892117000,0.678681721878515000,0.681846849131949000,0.684582211217184000,0.690928667666517000,0.690376966476350000,0.697670065277497000,0.703538908065295000,0.705471265970188000,0.716675952114174000,0.729655015954120000,0.750596233804551000,0.760630786327932000,0.771419242260954000,0.774594182616176000,0.777447320720132000,0.773989923553905000,0.767970797705762000,0.764594859474001000,0.764906351385358000,0.768805469559782000,0.763536663206495000,0.760071708482234000,0.756461596297245000,0.743992889944750000,0.725106704065491000,0.703450347992689000,0.688631299808106000,0.666024422778403000,0.642358986208384000,0.606299168259644000,0.573953617414056000,0.535298888375489000,0.497193251410738000,0.456153349566279000,0.415802289695613000,0.378526457324532000,0.349796541925651000,0.317782629056534000,0.289459008384565000,0.256685301091719000,0.227610971403881000,0.200129061910648000,0.174776924904721000,0.153060716112063000,0.135304643079519000,0.121361212931369000,0.107245196352893000,0.100090562845624000,0.084809449907321800,0.072644044142609900,0.060298943134721200,0.054562091933910200,0.049257303442546800,0.037764407239129000,0.025301221817968100,0.027795263033932900,0.027795263033932900,0.027795263033932900,0.027795263033932900,0.027795263033932900,0.027795263033932900,0.027795263033932900,0.027795263033932900,0.027795263033932900,0.027795263033932900,0.027795263033932900,0.027795263033932900,0.027795263033932900,0.027795263033932900,0.027795263033932900,0.027795263033932900,0.027795263033932900,0.027795263033932900,0.027795263033932900
2021,3,0,0.014373618078755300,0.054730535981120100,0.124785939536058000,0.253649829000501000,0.397051248796061000,0.510498732539319000,0.590293210085420000,0.648267927614399000,0.695289725670777000,0.725689699140637000,0.735052788600324000,0.759038356288790000,0.747496802708170000,0.748269755939990000,0.723287809282051000,0.715979184144766000,0.705766304168550000,0.704509256273325000,0.699702450960463000,0.707015922930596000,0.712305391709315000,0.711504655932024000,0.714163281395484000,0.718429408259435000,0.729451960806886000,0.735873834681965000,0.745462945547907000,0.759282716372189000,0.768980974638411000,0.773250382930894000,0.772780854684341000,0.769560462159376000,0.769042446003364000,0.772391638604225000,0.768191232349466000,0.766693551146929000,0.762918648121655000,0.765520253120106000,0.760478828364345000,0.749306712176317000,0.740312374982952000,0.725368315214958000,0.714523877896510000,0.692853023071408000,0.673489222884151000,0.644792618702609000,0.617687203754988000,0.584729785827314000,0.551412741960052000,0.511479792626414000,0.472506798361187000,0.427720633917977000,0.391296929581729000,0.357382962424150000,0.324864448726053000,0.293324621688553000,0.259788706825635000,0.237092775018371000,0.207615156414245000,0.189178742408263000,0.164332181244653000,0.150133450996291000,0.129331004325457000,0.121506832537216000,0.105677037558954000,0.095085989212879700,0.081748817013200600,0.068667855068933200,0.061002144116002600,0.047052137115563500,0.046351646898740100,0.045972404123319400,0.027667711453815200,0.027667711453815200,0.027667711453815200,0.027667711453815200,0.027667711453815200,0.027667711453815200,0.027667711453815200,0.027667711453815200,0.027667711453815200,0.027667711453815200,0.027667711453815200,0.027667711453815200,0.027667711453815200,0.027667711453815200,0.027667711453815200,0.027667711453815200,0.027667711453815200,0.027667711453815200,0.027667711453815200
2022,3,0,0.016886892888941200,0.054488381054011500,0.115215420923111000,0.220336134973333000,0.332639839496704000,0.480315658099950000,0.598388881661261000,0.704120613539160000,0.741351384850677000,0.750396255416958000,0.763663976288420000,0.772394924732613000,0.772721135656210000,0.756672229689125000,0.737956720005574000,0.729125723840402000,0.728346291181449000,0.727321473375991000,0.716425182550840000,0.714935420869780000,0.719405687973516000,0.728747260593784000,0.728758971716509000,0.734255880323919000,0.743417277900499000,0.757258986382383000,0.767067890585266000,0.777069280165817000,0.783246568425561000,0.786918387943206000,0.790344713905264000,0.790703898909379000,0.787777602254658000,0.781866502345664000,0.781436556530501000,0.777554595341030000,0.777335113916952000,0.768827175309288000,0.764677049646920000,0.751952623413780000,0.743067372948444000,0.734403943909266000,0.721557085126322000,0.710498921302207000,0.682669803556249000,0.655508318983696000,0.627350475380371000,0.607524771120111000,0.581951288417825000,0.531152602375143000,0.476658657123279000,0.423587922483442000,0.394284349975684000,0.361688543891024000,0.332558396542781000,0.300190345037422000,0.273825440011182000,0.248242737536094000,0.224762931572776000,0.198962888162007000,0.178074179842536000,0.153850835645671000,0.135672778264048000,0.115993255445414000,0.104274362796690000,0.093139658142914700,0.079184949245184000,0.066335692833890100,0.052183305665216400,0.043336353736272700,0.033213241826349700,0.026803815322650100,0.033221936442954800,0.033221936442954800,0.033221936442954800,0.033221936442954800,0.033221936442954800,0.033221936442954800,0.033221936442954800,0.033221936442954800,0.033221936442954800,0.033221936442954800,0.033221936442954800,0.033221936442954800,0.033221936442954800,0.033221936442954800,0.033221936442954800,0.033221936442954800,0.033221936442954800,0.033221936442954800,0.033221936442954800
2023,3,0,0.016889811110567900,0.062307131670325200,0.130611118333747000,0.224196515022413000,0.347146214637189000,0.474414163529455000,0.599491076306002000,0.687118545523423000,0.737768884220200000,0.756964493886416000,0.766658520913372000,0.773445825835978000,0.770641230768197000,0.758868233008161000,0.744224303089844000,0.734671077179429000,0.731015767603717000,0.726723763185269000,0.722246797187185000,0.719653698372138000,0.723807719806360000,0.728462318664945000,0.733497412717274000,0.738510660264292000,0.748172925805599000,0.759272771597186000,0.770652663109729000,0.779315332957933000,0.785769980966979000,0.789870588930088000,0.792031493999448000,0.791992646938171000,0.788921955772398000,0.785669344595947000,0.782179292577440000,0.780586774576506000,0.776301126992466000,0.772046364909502000,0.763742856670121000,0.755433845182976000,0.745620139255784000,0.735765615426140000,0.725004302101217000,0.707670961991962000,0.685382895507935000,0.657393950766405000,0.632073271543034000,0.607291923560155000,0.574972229720148000,0.531104364354569000,0.478069164411038000,0.432200240501681000,0.393702084907129000,0.363255631320572000,0.331857635398354000,0.302536965415993000,0.274398981402502000,0.249226790291942000,0.224245451321181000,0.200831579855208000,0.177169819481139000,0.156049160168237000,0.135334249438186000,0.118790826617877000,0.104598210856634000,0.092314196170459700,0.079653328450760200,0.065987635493465900,0.054026065178496500,0.042974609494673100,0.034504586719161900,0.026847212828209300,0.033257712343888400,0.033257712343888400,0.033257712343888400,0.033257712343888400,0.033257712343888400,0.033257712343888400,0.033257712343888400,0.033257712343888400,0.033257712343888400,0.033257712343888400,0.033257712343888400,0.033257712343888400,0.033257712343888400,0.033257712343888400,0.033257712343888400,0.033257712343888400,0.033257712343888400,0.033257712343888400,0.033257712343888400
2024,3,0,0.016886857396116200,0.062395703055685600,0.131163514691957000,0.225584617430250000,0.349741190149250000,0.478215256964096000,0.604498670834770000,0.692711234398475000,0.743325178094909000,0.761861937648641000,0.770898776213549000,0.777029401005846000,0.773751769114873000,0.761689268800658000,0.746938304262760000,0.737277153463127000,0.733512887562110000,0.729163884774223000,0.724681799362801000,0.722135098290773000,0.726334337521922000,0.731034066635735000,0.736152439938648000,0.741287186093700000,0.751108352752994000,0.762366848256465000,0.773905340506096000,0.782565141181336000,0.788855361057772000,0.792630007464499000,0.794465290195507000,0.794101205491694000,0.790786961753958000,0.787371984677297000,0.783800763139892000,0.782126743776584000,0.777760065808544000,0.773544536009811000,0.765401236174742000,0.757372702123859000,0.747839736776056000,0.738265960664094000,0.727603225653460000,0.710187285199946000,0.687635156877289000,0.659383147274915000,0.633798936560590000,0.608763866845001000,0.576201673666311000,0.532103232600158000,0.478839060152703000,0.432739910490767000,0.394080355056734000,0.363541208461131000,0.332120800860618000,0.302777355914215000,0.274616390106860000,0.249423230494195000,0.224423421598718000,0.200993338040945000,0.177315408926245000,0.156178136481303000,0.135449158299817000,0.118893555150766000,0.104690964586762000,0.092396641318925200,0.079725530922164100,0.066051013558225000,0.054081563362327700,0.043023311180555600,0.034546040462397000,0.026881276511591700,0.033281925757489600,0.033281925757489600,0.033281925757489600,0.033281925757489600,0.033281925757489600,0.033281925757489600,0.033281925757489600,0.033281925757489600,0.033281925757489600,0.033281925757489600,0.033281925757489600,0.033281925757489600,0.033281925757489600,0.033281925757489600,0.033281925757489600,0.033281925757489600,0.033281925757489600,0.033281925757489600,0.033281925757489600
2025,3,0,0.016888185562559200,0.062500086102917400,0.131749113881089000,0.227029782338207000,0.352424591419978000,0.482137234172369000,0.609659051683773000,0.698479019232092000,0.749069404398372000,0.766952077173040000,0.775334081781598000,0.780809644041233000,0.777058189823423000,0.764703156418244000,0.749841427512898000,0.740069912664221000,0.736195746509432000,0.731788648165233000,0.727300307417972000,0.724799353917351000,0.729044871294149000,0.733790917917588000,0.738993860199455000,0.744251395163790000,0.754233937766120000,0.765653922259828000,0.777353925521688000,0.786013052958685000,0.792140455388417000,0.795590128657529000,0.797100285718234000,0.796410902361901000,0.792852289179218000,0.789274095975062000,0.785620807261617000,0.783864869938917000,0.779416062231476000,0.775238692110005000,0.767253520558295000,0.759503401345925000,0.750248732511768000,0.740953249703649000,0.730386380024965000,0.712883431433447000,0.690061548682713000,0.661539336351501000,0.635685132733107000,0.610390018160111000,0.577577092965250000,0.533236917402938000,0.479730289566351000,0.433389248050735000,0.394558506332026000,0.363918932567427000,0.332468148924214000,0.303094491290081000,0.274903405798038000,0.249682892074325000,0.224658276428033000,0.201206041732774000,0.177505941987314000,0.156346698736532000,0.135598398706214000,0.119026418792311000,0.104810253374298000,0.092502505339383800,0.079817940540899900,0.066131132499244200,0.054150768373550400,0.043082916571382800,0.034596249229330100,0.026922152559014900,0.033314575342735100,0.033314575342735100,0.033314575342735100,0.033314575342735100,0.033314575342735100,0.033314575342735100,0.033314575342735100,0.033314575342735100,0.033314575342735100,0.033314575342735100,0.033314575342735100,0.033314575342735100,0.033314575342735100,0.033314575342735100,0.033314575342735100,0.033314575342735100,0.033314575342735100,0.033314575342735100,0.033314575342735100
2026,3,0,0.016906846770079600,0.062273593436364500,0.131371565316826000,0.226597921756271000,0.352039673805427000,0.481804030670681000,0.609375141463870000,0.698242539268516000,0.748879013514699000,0.766812535781524000,0.775234891777539000,0.780747593846713000,0.777023018599517000,0.764685292215461000,0.749838035352473000,0.740086617161095000,0.736239064150969000,0.731850339740117000,0.727372632825750000,0.724876858864240000,0.729135010535580000,0.733894244531341000,0.739113140698618000,0.744388951522324000,0.754397252700823000,0.765844584123772000,0.777572243731675000,0.786254165750374000,0.792400063601963000,0.795863771800549000,0.797385820652597000,0.796705898626382000,0.793156687337472000,0.789590985413701000,0.785953216023418000,0.784214894570481000,0.779780727148902000,0.775616841052468000,0.767639489763228000,0.759895994347317000,0.750646286803448000,0.741355720186749000,0.730790231765434000,0.713278870092198000,0.690440566842867000,0.661895635229045000,0.636021660440144000,0.610722018433036000,0.577910884679928000,0.533574389060704000,0.480061312366365000,0.433721739865099000,0.394885519623282000,0.364234272147856000,0.332755672105203000,0.303356493266656000,0.275141193295785000,0.249899118174243000,0.224852528235719000,0.201379427348041000,0.177658187522767000,0.156480611802862000,0.135713782851009000,0.119127238251673000,0.104898460751222000,0.092580209408236000,0.079884724924456900,0.066185580798043200,0.054194457249342600,0.043116545402676300,0.034622670188649900,0.026942263525524700,0.033343919622591300,0.033343919622591300,0.033343919622591300,0.033343919622591300,0.033343919622591300,0.033343919622591300,0.033343919622591300,0.033343919622591300,0.033343919622591300,0.033343919622591300,0.033343919622591300,0.033343919622591300,0.033343919622591300,0.033343919622591300,0.033343919622591300,0.033343919622591300,0.033343919622591300,0.033343919622591300,0.033343919622591300
2027,3,0,0.016904706234775200,0.061970192162890300,0.130831869428215000,0.225886593876964000,0.351220859113202000,0.480877181890913000,0.608340536278182000,0.697145974657069000,0.747766226598920000,0.765728563799621000,0.774180938915452000,0.779724028488746000,0.776030945147937000,0.763725736053418000,0.748911249098352000,0.739191955642987000,0.735375779894669000,0.731010851901888000,0.726549303311302000,0.724061787385647000,0.728327341994523000,0.733093915486988000,0.738322354317717000,0.743609961962517000,0.753631722156334000,0.765092330402433000,0.776833231341808000,0.785527278856305000,0.791684121834426000,0.795157613295937000,0.796689691239741000,0.796020077091532000,0.792484647582838000,0.788935840155502000,0.785318085014324000,0.783599537325945000,0.779185484983515000,0.775040223735383000,0.767080524096950000,0.759353194712739000,0.750119843898472000,0.740845639184447000,0.730294544280836000,0.712796325725892000,0.689969710226388000,0.661437188864917000,0.635575286164931000,0.610302267630953000,0.577533332462029000,0.533255118724511000,0.479801485736790000,0.433520448721988000,0.394726569602403000,0.364101382586639000,0.332633703369967000,0.303245182086873000,0.275040389783390000,0.249807816617030000,0.224770074604437000,0.201304993147674000,0.177591804169590000,0.156421957249666000,0.135662154637606000,0.119081456665764000,0.104857576825045000,0.092543981254659300,0.079853200304062700,0.066158577886108900,0.054171450901819200,0.043097111104359500,0.034606480780861500,0.026929216016963300,0.033332231117078300,0.033332231117078300,0.033332231117078300,0.033332231117078300,0.033332231117078300,0.033332231117078300,0.033332231117078300,0.033332231117078300,0.033332231117078300,0.033332231117078300,0.033332231117078300,0.033332231117078300,0.033332231117078300,0.033332231117078300,0.033332231117078300,0.033332231117078300,0.033332231117078300,0.033332231117078300,0.033332231117078300
2028,3,0,0.016901572630698200,0.061663242642899300,0.130284650999210000,0.225162209243700000,0.350381653472268000,0.479922354067952000,0.607270492780979000,0.696008770669701000,0.746609829676179000,0.764599916912914000,0.773081804914458000,0.778654946664057000,0.774993562502099000,0.762721583910142000,0.747940727504129000,0.738254120108224000,0.734469536165880000,0.730128653758387000,0.725683520721329000,0.723204406483057000,0.727477110971149000,0.732250741469590000,0.737488412635186000,0.742787502591089000,0.752822128476406000,0.764295335696557000,0.776048783652481000,0.784754441804023000,0.790921864566714000,0.794404932051402000,0.795946945895758000,0.795287675772988000,0.791766231574079000,0.788234521988143000,0.784636987520882000,0.782938308452731000,0.778544624392825000,0.774418225860477000,0.766476640274184000,0.758765926126657000,0.749549469718368000,0.740292166983355000,0.729756081349320000,0.712272030438544000,0.689458440896468000,0.660940003189000000,0.635091689093804000,0.609846771392157000,0.577121947952436000,0.532904600792833000,0.479513535218922000,0.433293736042861000,0.394544465320026000,0.363947130923885000,0.332492218941578000,0.303116079481965000,0.274923449575616000,0.249701858687183000,0.224674433674218000,0.201218748532286000,0.177515001860411000,0.156354125790587000,0.135602567683277000,0.119028689204877000,0.104810541641244000,0.092502324240956600,0.079816991378837200,0.066127694291785300,0.054145267283720100,0.043075149421872700,0.034588262095020100,0.026914589555219300,0.033318586835709200,0.033318586835709200,0.033318586835709200,0.033318586835709200,0.033318586835709200,0.033318586835709200,0.033318586835709200,0.033318586835709200,0.033318586835709200,0.033318586835709200,0.033318586835709200,0.033318586835709200,0.033318586835709200,0.033318586835709200,0.033318586835709200,0.033318586835709200,0.033318586835709200,0.033318586835709200,0.033318586835709200
2029,3,0,0.016895030355873700,0.061344026167660100,0.129711456447758000,0.224392805135258000,0.349472226815923000,0.478871232188189000,0.606078524376479000,0.694731774265084000,0.745303440845429000,0.763317632125675000,0.771827304612417000,0.777429356767138000,0.773800392448307000,0.761564101625564000,0.746819839057298000,0.737167853612986000,0.733415607062076000,0.729099632396665000,0.724671802473282000,0.722201585358665000,0.726480573470789000,0.731260293694404000,0.736506135033043000,0.741815631457071000,0.751861090844433000,0.763344574719367000,0.775108190854256000,0.783823696335976000,0.790000448341310000,0.793492383541313000,0.795044016445646000,0.794395217457686000,0.790888461134240000,0.787374552245227000,0.783797952802364000,0.782119473748080000,0.777747032886822000,0.773640318914228000,0.765718439495689000,0.758025886972219000,0.748828175031957000,0.739589632575802000,0.729070673632267000,0.711604310255473000,0.688808342628929000,0.660309735074375000,0.634480217578420000,0.609268478641433000,0.576594345023120000,0.532446751949186000,0.479128991431516000,0.432979721451919000,0.394282852569908000,0.363719528899023000,0.332283723936561000,0.302925886843791000,0.274751101190420000,0.249545575603549000,0.224533511815101000,0.201091950588149000,0.177402423851119000,0.156254783419666000,0.135515652427371000,0.118951933880053000,0.104742384304995000,0.092442025595923300,0.079764697399187000,0.066083484873970500,0.054108173012190700,0.043044508440387100,0.034563074484549100,0.026894540535905200,0.033298227211381600,0.033298227211381600,0.033298227211381600,0.033298227211381600,0.033298227211381600,0.033298227211381600,0.033298227211381600,0.033298227211381600,0.033298227211381600,0.033298227211381600,0.033298227211381600,0.033298227211381600,0.033298227211381600,0.033298227211381600,0.033298227211381600,0.033298227211381600,0.033298227211381600,0.033298227211381600,0.033298227211381600
2030,3,0,0.016891079790571100,0.061034403338050900,0.129158484392932000,0.223658246758245000,0.348616890021802000,0.477894106928613000,0.604980123139789000,0.693561975973879000,0.744112013947212000,0.762153053365657000,0.770691796432428000,0.776323599056101000,0.772726478640230000,0.760523979317015000,0.745814029632595000,0.736195166344863000,0.732474662414464000,0.728182918991919000,0.723771703272321000,0.721309999418644000,0.725595922624908000,0.730382460856464000,0.735637270750578000,0.740957980386255000,0.751015805115594000,0.762511318079209000,0.774286897799445000,0.783013579367369000,0.789200600856761000,0.792701933092670000,0.794263416733835000,0.793624983009743000,0.790132368347372000,0.786635710912902000,0.783079485704500000,0.781420937047145000,0.777069056511962000,0.772981385892997000,0.765077987090781000,0.757402406722599000,0.748222018889083000,0.739000810087073000,0.728497356114516000,0.711045994137442000,0.688264146049108000,0.659780991481179000,0.633966302858464000,0.608783860650547000,0.576155381004211000,0.532070737052520000,0.478818069917540000,0.432732217112340000,0.394081790714916000,0.363547775566865000,0.332126251044852000,0.302782208501261000,0.274620940764126000,0.249427610019251000,0.224427067063526000,0.200996030666554000,0.177317086741284000,0.156179434752263000,0.135449546748419000,0.118893444920562000,0.104690311657375000,0.092395922834034700,0.079724652669812500,0.066049424268734600,0.054079388993636300,0.043020479191340200,0.034543196201970800,0.026878623139369500,0.033282980193244900,0.033282980193244900,0.033282980193244900,0.033282980193244900,0.033282980193244900,0.033282980193244900,0.033282980193244900,0.033282980193244900,0.033282980193244900,0.033282980193244900,0.033282980193244900,0.033282980193244900,0.033282980193244900,0.033282980193244900,0.033282980193244900,0.033282980193244900,0.033282980193244900,0.033282980193244900,0.033282980193244900
2031,3,0,0.016912818314428300,0.060100066245023700,0.127540711476741000,0.221632760037599000,0.346464666521767000,0.475620704577831000,0.602582721901342000,0.691148190386855000,0.741790066454967000,0.760038274179406000,0.768771956263190000,0.774594956722438000,0.771140393966517000,0.759032614618004000,0.744377395150275000,0.734819814218261000,0.731168183728768000,0.726919594029769000,0.722526393732823000,0.720060229747286000,0.724350376899538000,0.729141783359851000,0.734393246819278000,0.739701877511208000,0.749744902560085000,0.761227466122816000,0.772990456883179000,0.781745515666711000,0.788002535927675000,0.791615300554130000,0.793285720034674000,0.792753390894841000,0.789357877730929000,0.785952986787018000,0.782483121601570000,0.780913375243656000,0.776646830736957000,0.772627793133502000,0.764771073524942000,0.757125422502241000,0.747973027353353000,0.738779758700101000,0.728299914379561000,0.710860539948928000,0.688081138895106000,0.659593093880103000,0.633776949079251000,0.608632021376209000,0.576069630307927000,0.532074488044426000,0.478899523512368000,0.432900596874613000,0.394303897448872000,0.363791286492308000,0.332347255493438000,0.302983380155910000,0.274803801835299000,0.249594353096620000,0.224576313168342000,0.201128172633013000,0.177431805516739000,0.156280000934928000,0.135534803273455000,0.118967081527731000,0.104753674726063000,0.092451468884905500,0.079771896663181300,0.066086275433277000,0.054107243188383300,0.043039710324160500,0.034557126781357400,0.026888299108764400,0.033306508019302300,0.033306508019302300,0.033306508019302300,0.033306508019302300,0.033306508019302300,0.033306508019302300,0.033306508019302300,0.033306508019302300,0.033306508019302300,0.033306508019302300,0.033306508019302300,0.033306508019302300,0.033306508019302300,0.033306508019302300,0.033306508019302300,0.033306508019302300,0.033306508019302300,0.033306508019302300,0.033306508019302300
2032,3,0,0.016905660854928000,0.059062173407686900,0.125703493948102000,0.219226613674454000,0.343718256957853000,0.472532201852227000,0.599153054517757000,0.687550709871720000,0.738197924180820000,0.756622281269700000,0.765536139239743000,0.771540547377932000,0.768234571385476000,0.756242293663129000,0.741666906735988000,0.732187001037559000,0.728610546399211000,0.724412411214151000,0.720044752661215000,0.717578340934325000,0.721865381092410000,0.726653468426958000,0.731892604476321000,0.737180069975760000,0.747191112659704000,0.758641084648651000,0.770371365159190000,0.779139857698323000,0.785456239934768000,0.789174356635273000,0.790950950185141000,0.790525727311960000,0.787233204557162000,0.783925980441653000,0.780548482032171000,0.779070298325012000,0.774896457746838000,0.770952983493708000,0.763156415498301000,0.755553790931153000,0.746445059887905000,0.737295472637849000,0.726857175060511000,0.709459613492239000,0.686721606050391000,0.658277370530227000,0.632503904483184000,0.607439512321684000,0.574998936690626000,0.531168589019106000,0.478162303955275000,0.432329019905692000,0.393852080105530000,0.363413057250088000,0.332000258166987000,0.302666734428913000,0.274517006516425000,0.249334524830294000,0.224341744546192000,0.200916572873138000,0.177243279667964000,0.156113472145190000,0.135388418329601000,0.118837391394928000,0.104638001926329000,0.092349004603103300,0.079682800599754100,0.066010174988823900,0.054042617782356000,0.042985375855806100,0.034511989307033000,0.026852014249161000,0.033273114178194500,0.033273114178194500,0.033273114178194500,0.033273114178194500,0.033273114178194500,0.033273114178194500,0.033273114178194500,0.033273114178194500,0.033273114178194500,0.033273114178194500,0.033273114178194500,0.033273114178194500,0.033273114178194500,0.033273114178194500,0.033273114178194500,0.033273114178194500,0.033273114178194500,0.033273114178194500,0.033273114178194500
2033,3,0,0.016899023838465900,0.058026924941005600,0.123871601287081000,0.216829103036927000,0.340984550148959000,0.469460601973678000,0.595744422558623000,0.683977092461820000,0.734631182349944000,0.753232105965962000,0.762326264202969000,0.768512114833002000,0.765354503779986000,0.753477268435315000,0.738981205263403000,0.729578622878276000,0.726077173909323000,0.721929324295889000,0.717587053703806000,0.715120319360500000,0.719404385555279000,0.724189302219726000,0.729416280391890000,0.734682758911139000,0.744662150050013000,0.756079905582670000,0.767777859590215000,0.776560041839400000,0.782935929903890000,0.786759425929717000,0.788642161030130000,0.788323944121608000,0.785134227550828000,0.781924489933151000,0.778639180152769000,0.777252439420160000,0.773171100108144000,0.769303007535526000,0.761566304766143000,0.754006440138687000,0.744941060319527000,0.735834840333353000,0.725437737872869000,0.708081425484823000,0.685384085752560000,0.656982758157847000,0.631251151515225000,0.606266466253109000,0.573946619218613000,0.530279597541050000,0.477440240864956000,0.431771069144855000,0.393412620060545000,0.363046198727772000,0.331663649887074000,0.302359560085859000,0.274238801362211000,0.249082498183512000,0.224114196165548000,0.200711261562866000,0.177060302838435000,0.155951831245889000,0.135246273979527000,0.118711424428981000,0.104525608633756000,0.092249434980444500,0.079596202735095300,0.065936145951373500,0.053979690133758900,0.042932394170920500,0.034467939186550700,0.026816576354754900,0.033240760401422400,0.033240760401422400,0.033240760401422400,0.033240760401422400,0.033240760401422400,0.033240760401422400,0.033240760401422400,0.033240760401422400,0.033240760401422400,0.033240760401422400,0.033240760401422400,0.033240760401422400,0.033240760401422400,0.033240760401422400,0.033240760401422400,0.033240760401422400,0.033240760401422400,0.033240760401422400,0.033240760401422400
2034,3,0,0.016889672656587200,0.056983314237571900,0.122021499978311000,0.214398954169506000,0.338198536242569000,0.466316332194335000,0.592243109991369000,0.680296746585157000,0.730949551142403000,0.749723879883381000,0.758996703874185000,0.765362829588451000,0.762353951480847000,0.750593561738395000,0.736179080911142000,0.726855262360819000,0.723429311797116000,0.719332367928719000,0.715016160315649000,0.712549500761387000,0.716829906146974000,0.721610884853448000,0.726824875195978000,0.732069538773699000,0.742015701796869000,0.753399433285774000,0.765063208199966000,0.773857653437298000,0.780291964648793000,0.784220124824655000,0.786208598007454000,0.785997337092053000,0.782910842965983000,0.779799016360852000,0.776606336900412000,0.775311175902538000,0.771322907398449000,0.767530747909691000,0.759855099221493000,0.752339171098085000,0.743318560869339000,0.734257133072746000,0.723902860518196000,0.706590552357338000,0.683937495741933000,0.655583607601893000,0.629897963106943000,0.604996931452877000,0.572802901758715000,0.529306081226500000,0.476642001265424000,0.431144138593079000,0.392910243192341000,0.362621243174454000,0.331273967999728000,0.302004001736009000,0.273916711746111000,0.248790612034375000,0.223850784585207000,0.200473833478811000,0.176848995496385000,0.155765237744486000,0.135082491815288000,0.118566466166086000,0.104396494871210000,0.092135109005673400,0.079496873195858700,0.065851572378785300,0.053908132227812500,0.042872551240630200,0.034418382000501400,0.026776854983253900,0.033203086051450700,0.033203086051450700,0.033203086051450700,0.033203086051450700,0.033203086051450700,0.033203086051450700,0.033203086051450700,0.033203086051450700,0.033203086051450700,0.033203086051450700,0.033203086051450700,0.033203086051450700,0.033203086051450700,0.033203086051450700,0.033203086051450700,0.033203086051450700,0.033203086051450700,0.033203086051450700,0.033203086051450700
2035,3,0,0.016885191104811700,0.055956961387154600,0.120208039010306000,0.212032512842298000,0.335512158957492000,0.463308873144750000,0.588915150548004000,0.676815248097276000,0.727481349635468000,0.746434346065804000,0.755888358901133000,0.762436444731166000,0.759575311667239000,0.747928286457257000,0.733591171745082000,0.724343368539633000,0.720991868364438000,0.716944609198030000,0.712653200737277000,0.710185905841499000,0.714463885600970000,0.719242305857838000,0.724444819936558000,0.729669196193833000,0.739585021470164000,0.750938033763895000,0.762571015175428000,0.771380244991637000,0.777874783752186000,0.781908653191828000,0.784003350320242000,0.783898897033895000,0.780914652360449000,0.777899760831082000,0.774798716801477000,0.773594687741716000,0.769698265772226000,0.765980885575395000,0.758364031428161000,0.750889840258454000,0.741911366239860000,0.732892085484064000,0.722577627125841000,0.705304303534017000,0.682688972724977000,0.654374323065475000,0.628727209052023000,0.603902594351375000,0.571825011417838000,0.528485731422805000,0.475981624464514000,0.430641833291326000,0.392521383352133000,0.362301022078857000,0.330979967857617000,0.301735671348577000,0.273673737298811000,0.248570583361521000,0.223652027825420000,0.200294309498835000,0.176688770071200000,0.155623636616938000,0.134957729477173000,0.118455757905858000,0.104297539077779000,0.092047399249780500,0.079420509471895000,0.065786024514140800,0.053852151256156000,0.042825098878153000,0.034378773288374900,0.026744874292775800,0.033175000605349000,0.033175000605349000,0.033175000605349000,0.033175000605349000,0.033175000605349000,0.033175000605349000,0.033175000605349000,0.033175000605349000,0.033175000605349000,0.033175000605349000,0.033175000605349000,0.033175000605349000,0.033175000605349000,0.033175000605349000,0.033175000605349000,0.033175000605349000,0.033175000605349000,0.033175000605349000,0.033175000605349000
2036,3,0,0.016900950747587300,0.055751292332972600,0.119867400441352000,0.211645598442286000,0.335171472099491000,0.463018443125807000,0.588672932943450000,0.676628226907980000,0.727356949570884000,0.746385144709754000,0.755905490461856000,0.762517196987566000,0.759696514274848000,0.748067350848078000,0.733731198814240000,0.724489108350708000,0.721148824179365000,0.717105904850879000,0.712812381568009000,0.710338447584797000,0.714616083898875000,0.719394627792033000,0.724592446122089000,0.729806931826422000,0.739712030062835000,0.751055656702355000,0.762679513766359000,0.771496703971394000,0.778016762984246000,0.782093576292154000,0.784229407379622000,0.784164035494871000,0.781211884394341000,0.778224757832893000,0.775147098360508000,0.773968224419999000,0.770094444648811000,0.766393935300425000,0.758784374005439000,0.751311670384299000,0.742333279905269000,0.733314044602431000,0.722998319655590000,0.705717131281152000,0.683088846575532000,0.654755923610947000,0.629093026013055000,0.604261482785945000,0.572178289218189000,0.528830974969824000,0.476310279848556000,0.430960587262740000,0.392827421032253000,0.362592163958573000,0.331245633628440000,0.301977799333827000,0.273893431045961000,0.248770263521590000,0.223831525791627000,0.200454741164638000,0.176829904134981000,0.155747844143992000,0.135065030709439000,0.118549686843132000,0.104379930868428000,0.092120034782348700,0.079483037110171800,0.065837336489816400,0.053893667481698100,0.042857498388435700,0.034404464781767800,0.026764616040406900,0.033201919140016600,0.033201919140016600,0.033201919140016600,0.033201919140016600,0.033201919140016600,0.033201919140016600,0.033201919140016600,0.033201919140016600,0.033201919140016600,0.033201919140016600,0.033201919140016600,0.033201919140016600,0.033201919140016600,0.033201919140016600,0.033201919140016600,0.033201919140016600,0.033201919140016600,0.033201919140016600,0.033201919140016600
2037,3,0,0.016897304097179400,0.055481422759382600,0.119388801167006000,0.211015245644521000,0.334445460425177000,0.462195840229083000,0.587754211887199000,0.675663689524407000,0.726396795715888000,0.745478381906915000,0.755054170181732000,0.761721946815584000,0.758944984170555000,0.747347056152780000,0.733028338374740000,0.723802583041759000,0.720477360591876000,0.716443429147679000,0.712152722378968000,0.709674986862484000,0.713947364884024000,0.718720542405825000,0.723907689815475000,0.729106286919269000,0.738989270396593000,0.750310471891516000,0.761911843346727000,0.770726869531032000,0.777264976170747000,0.781380080279654000,0.783554620966076000,0.783528433625022000,0.780611790863737000,0.777655881114815000,0.774605158915644000,0.773452812555005000,0.769606141832717000,0.765926766971779000,0.758333246429130000,0.750870616855508000,0.741902625300015000,0.732893797733638000,0.722588657084807000,0.705319452741681000,0.682704202612094000,0.654385545090475000,0.628736336834878000,0.603926389212644000,0.571874441549880000,0.528568889261265000,0.476091935403373000,0.430784436822457000,0.392682356590583000,0.362466930489993000,0.331130919982609000,0.301873156998833000,0.273798604670087000,0.248684273351915000,0.223753991207974000,0.200384984324145000,0.176767978558920000,0.155693201187554000,0.135017231932434000,0.118507480750995000,0.104342459066699000,0.092086885188215100,0.079454291089331100,0.065813044383846800,0.053873294747845800,0.042840681916866800,0.034390647219691000,0.026753621930182800,0.033190711111010300,0.033190711111010300,0.033190711111010300,0.033190711111010300,0.033190711111010300,0.033190711111010300,0.033190711111010300,0.033190711111010300,0.033190711111010300,0.033190711111010300,0.033190711111010300,0.033190711111010300,0.033190711111010300,0.033190711111010300,0.033190711111010300,0.033190711111010300,0.033190711111010300,0.033190711111010300,0.033190711111010300
2038,3,0,0.016891925376307600,0.055206003742620400,0.118898205676881000,0.210363574874598000,0.333685515332973000,0.461326245627074000,0.586775665531660000,0.674630329951816000,0.725362611050147000,0.744495601610685000,0.754125820124309000,0.760848952670249000,0.758115971720327000,0.746550452622038000,0.732250629190422000,0.723042147020790000,0.719732319486744000,0.715707785093148000,0.711420333651048000,0.708939052899005000,0.713205737000417000,0.717973061188452000,0.723149011066007000,0.728331194568916000,0.738191060895370000,0.749488687428330000,0.761066394738356000,0.769878353450964000,0.776433827132945000,0.780586779298969000,0.782799785759328000,0.782812764724186000,0.779931910648864000,0.777007504380544000,0.773984018137752000,0.772858303445748000,0.769039122044808000,0.765381247966213000,0.757804538864374000,0.750352743780899000,0.741396065899798000,0.732398565006664000,0.722105060527250000,0.704849605998375000,0.682249704283186000,0.653948210674828000,0.628315316597978000,0.603529499069262000,0.571512069827829000,0.528252701255454000,0.475824850538625000,0.430564172930059000,0.392497072169036000,0.362304567187993000,0.330982286617581000,0.301737592026588000,0.273675731453037000,0.248572808879574000,0.223653536176116000,0.200294701032298000,0.176687945949662000,0.155622610023101000,0.134955603080652000,0.118453135844273000,0.104294299550547000,0.092044303250480200,0.079417406742443600,0.065782011451416300,0.053847404363283300,0.042819478072980700,0.034373307834637300,0.026739888208200600,0.033176103004109900,0.033176103004109900,0.033176103004109900,0.033176103004109900,0.033176103004109900,0.033176103004109900,0.033176103004109900,0.033176103004109900,0.033176103004109900,0.033176103004109900,0.033176103004109900,0.033176103004109900,0.033176103004109900,0.033176103004109900,0.033176103004109900,0.033176103004109900,0.033176103004109900,0.033176103004109900,0.033176103004109900
2039,3,0,0.016886487558976000,0.054930556639820300,0.118407484032636000,0.209711542424901000,0.332924821291965000,0.460455499697930000,0.585795573136963000,0.673595134160495000,0.724326402865960000,0.743510694053592000,0.753195272309086000,0.759973700440627000,0.757284683150046000,0.745751595044616000,0.731470706807244000,0.722279520836705000,0.718985090617777000,0.714969962159583000,0.710685779833830000,0.708200965302186000,0.712461943331649000,0.717223400282606000,0.722388140632888000,0.727553901855636000,0.737390629324769000,0.748664654159304000,0.760218669607822000,0.769027530187505000,0.775600335523962000,0.779791096143655000,0.782042535561414000,0.782094655712446000,0.779249578079421000,0.776356665952387000,0.773360409425270000,0.772261313521840000,0.768469617985287000,0.764833244468327000,0.757273364097237000,0.749832424157424000,0.740887085869069000,0.731900937710347000,0.721619100061643000,0.704377450430763000,0.681792970977331000,0.653508735076634000,0.627892239636825000,0.603130628520526000,0.571147814143250000,0.527934759884011000,0.475556174981108000,0.430342455943376000,0.392310453198807000,0.362140966447483000,0.330832522990610000,0.301600996700524000,0.273551923652146000,0.248460495459690000,0.223552317408686000,0.200203733975828000,0.176607310414080000,0.155551487879458000,0.134893514028778000,0.118398387172416000,0.104245784730531000,0.092001407792070900,0.079380251976657500,0.065750754837195400,0.053821331190920900,0.042798129270355200,0.034355852287622100,0.026726064277624100,0.033161381419317100,0.033161381419317100,0.033161381419317100,0.033161381419317100,0.033161381419317100,0.033161381419317100,0.033161381419317100,0.033161381419317100,0.033161381419317100,0.033161381419317100,0.033161381419317100,0.033161381419317100,0.033161381419317100,0.033161381419317100,0.033161381419317100,0.033161381419317100,0.033161381419317100,0.033161381419317100,0.033161381419317100
2040,3,0,0.016884659104945200,0.054666961419959200,0.117942265810724000,0.209104585714976000,0.332235568603005000,0.459683483545706000,0.584941030718256000,0.672704266400917000,0.723445359559546000,0.742685027151262000,0.752426010431408000,0.759261158262981000,0.756615511334921000,0.745112376756046000,0.730847365110431000,0.721671504623163000,0.718391761391975000,0.714385177174922000,0.710103347440056000,0.707614469882165000,0.711870654456892000,0.716627263761694000,0.721781902616695000,0.726932352051667000,0.736748051782951000,0.748000893250341000,0.759533695014575000,0.768341340403386000,0.774932873917518000,0.779162321891050000,0.781452658650641000,0.781543914283864000,0.778733989983008000,0.775871940511571000,0.772902261974041000,0.771829538637314000,0.768064507219786000,0.764448848271180000,0.756904174569783000,0.749472495688358000,0.740536581353322000,0.731559861566777000,0.721287489486754000,0.704055955927268000,0.681482067962531000,0.653209040715147000,0.627603465068060000,0.602860760768105000,0.570905714702459000,0.527729724345097000,0.475389195779676000,0.430212757274046000,0.392207713653710000,0.362054790902356000,0.330753490992743000,0.301528883363153000,0.273486600940272000,0.248401302550682000,0.223498893888936000,0.200155570402356000,0.176564433622798000,0.155513622776321000,0.134860265502358000,0.118368952440579000,0.104219558114072000,0.091978182670008800,0.079360069146278500,0.065733556303796900,0.053806765695024700,0.042785931510054700,0.034345742802633300,0.026717955092355300,0.033153749576544800,0.033153749576544800,0.033153749576544800,0.033153749576544800,0.033153749576544800,0.033153749576544800,0.033153749576544800,0.033153749576544800,0.033153749576544800,0.033153749576544800,0.033153749576544800,0.033153749576544800,0.033153749576544800,0.033153749576544800,0.033153749576544800,0.033153749576544800,0.033153749576544800,0.033153749576544800,0.033153749576544800
女性無配偶,,,,,,,,,,,,,,,,,,,,,,,,,,,,,,,,,,,,,,,,,,,,,,,,,,,,,,,,,,,,,,,,,,,,,,,,,,,,,,,,,,,,,,,,,,,,,
年度,性,合計,15.000000000000000000,16.000000000000000000,17.000000000000000000,18.000000000000000000,19.000000000000000000,20.000000000000000000,21.000000000000000000,22.000000000000000000,23.000000000000000000,24.000000000000000000,25.000000000000000000,26.000000000000000000,27.000000000000000000,28.000000000000000000,29.000000000000000000,30.000000000000000000,31.000000000000000000,32.000000000000000000,33.000000000000000000,34.000000000000000000,35.000000000000000000,36.000000000000000000,37.000000000000000000,38.000000000000000000,39.000000000000000000,40.000000000000000000,41.000000000000000000,42.000000000000000000,43.000000000000000000,44.000000000000000000,45.000000000000000000,46.000000000000000000,47.000000000000000000,48.000000000000000000,49.000000000000000000,50.000000000000000000,51.000000000000000000,52.000000000000000000,53.000000000000000000,54.000000000000000000,55.000000000000000000,56.000000000000000000,57.000000000000000000,58.000000000000000000,59.000000000000000000,60.000000000000000000,61.000000000000000000,62.000000000000000000,63.000000000000000000,64.000000000000000000,65.000000000000000000,66.000000000000000000,67.000000000000000000,68.000000000000000000,69.000000000000000000,70.000000000000000000,71.000000000000000000,72.000000000000000000,73.000000000000000000,74.000000000000000000,75.000000000000000000,76.000000000000000000,77.000000000000000000,78.000000000000000000,79.000000000000000000,80.000000000000000000,81.000000000000000000,82.000000000000000000,83.000000000000000000,84.000000000000000000,85.000000000000000000,86.000000000000000000,87.000000000000000000,88.000000000000000000,89.000000000000000000,90.000000000000000000,91.000000000000000000,92.000000000000000000,93.000000000000000000,94.000000000000000000,95.000000000000000000,96.000000000000000000,97.000000000000000000,98.000000000000000000,99.000000000000000000,100.000000000000000000,101.000000000000000000,102.000000000000000000,103.000000000000000000,104.000000000000000000,105.000000000000000000
2020,4,0,0.015860073278811800,0.068366923134560800,0.149435999948843000,0.288198680317444000,0.446403978970958000,0.573989171648365000,0.647060373105038000,0.732656379784943000,0.807551898975045000,0.863609079346125000,0.877934931747481000,0.880777854234413000,0.879341035677504000,0.877095996948542000,0.868473501082616000,0.861903320709454000,0.863736348570150000,0.855769180428693000,0.847609052783598000,0.838512238165954000,0.851133846220789000,0.853770047700197000,0.842243866241145000,0.830802400822246000,0.833992567280963000,0.842154871904975000,0.846012915016530000,0.839558035018267000,0.847552649624476000,0.850612218745433000,0.844873257794915000,0.832669096452800000,0.829890687761692000,0.838744738320333000,0.826390241732587000,0.824028185057687000,0.815588315562269000,0.825265882572434000,0.820648441601226000,0.809594830411434000,0.801292762474546000,0.798070657651631000,0.789950785820448000,0.771935857570613000,0.740385678955463000,0.720789382699549000,0.697948712638195000,0.671055681191267000,0.648370732172763000,0.601062683461853000,0.554155131765934000,0.483642059675333000,0.444561580868699000,0.405506126745462000,0.378040848100294000,0.332301912735831000,0.300632927354929000,0.267276409554071000,0.240223827880183000,0.208795062920030000,0.181686346375355000,0.161757888586816000,0.135564949111213000,0.113925408963377000,0.091821908269119100,0.075350871362153300,0.062210395821351000,0.053354024071289200,0.045112705663262500,0.036388527836719900,0.030947573823834100,0.029890156026477000,0.012954037937762800,0.012954037937762800,0.012954037937762800,0.012954037937762800,0.012954037937762800,0.012954037937762800,0.012954037937762800,0.012954037937762800,0.012954037937762800,0.012954037937762800,0.012954037937762800,0.012954037937762800,0.012954037937762800,0.012954037937762800,0.012954037937762800,0.012954037937762800,0.012954037937762800,0.012954037937762800,0.012954037937762800
2021,4,0,0.016737384186023500,0.063731066346958000,0.145307200983440000,0.295362977744305000,0.451608223322876000,0.580423489335916000,0.659094120891128000,0.747987833402070000,0.822414637607455000,0.864487058117400000,0.881326812545675000,0.888437160810403000,0.895615650306987000,0.881834410118475000,0.876109101508036000,0.862644157510578000,0.870581249089748000,0.872352811241285000,0.868919473856130000,0.854469265094426000,0.838182994111519000,0.841877713262880000,0.839903194828468000,0.837289150292091000,0.831414141830163000,0.840641424976125000,0.846499486009917000,0.843551202524193000,0.835583433884812000,0.844116348117652000,0.850370744294455000,0.852574847942490000,0.838865022137853000,0.840317760398352000,0.842079760620852000,0.839405336442354000,0.828449445470837000,0.818842152697155000,0.825075877523131000,0.816612187426085000,0.811646962353302000,0.793254107037772000,0.792094079423369000,0.779173901045403000,0.765621799710564000,0.728763901431196000,0.709021620725328000,0.681063627722654000,0.644668138329836000,0.590583376085626000,0.538733946877413000,0.496423766751056000,0.451073012913475000,0.417848852114673000,0.386421472187726000,0.351426305849766000,0.309504679429213000,0.280869007558695000,0.257754208369171000,0.228620405016370000,0.189034402658588000,0.152059815307507000,0.128899255896741000,0.107116669124528000,0.098640788493578000,0.080752236090566900,0.071942912972602400,0.056128904214894800,0.046077785248962500,0.037425249998100500,0.031294537386935500,0.029041425264802400,0.013044965010149700,0.013044965010149700,0.013044965010149700,0.013044965010149700,0.013044965010149700,0.013044965010149700,0.013044965010149700,0.013044965010149700,0.013044965010149700,0.013044965010149700,0.013044965010149700,0.013044965010149700,0.013044965010149700,0.013044965010149700,0.013044965010149700,0.013044965010149700,0.013044965010149700,0.013044965010149700,0.013044965010149700
2022,4,0,0.023438835836055300,0.075629319549587800,0.159917834178204000,0.305824317733010000,0.464024712959459000,0.583610783496402000,0.648651371999737000,0.733015576291599000,0.808696503508559000,0.863656985455129000,0.881458775716421000,0.885658497164279000,0.889977191035132000,0.888802963278776000,0.882382615225078000,0.875873433238162000,0.862801862180327000,0.868583621186472000,0.860178927564553000,0.858911558996293000,0.849339828337548000,0.843216226811457000,0.843633298419770000,0.840786936792996000,0.841452873301734000,0.844018643344002000,0.850049833057064000,0.847645925528378000,0.843448308620678000,0.838681354881452000,0.849990015247377000,0.847138204476007000,0.850951948239329000,0.838251047103561000,0.846035747172077000,0.840109055373110000,0.842312283611149000,0.836052649607159000,0.834949649690087000,0.834669806415764000,0.822326386524451000,0.804013796171402000,0.789109391497780000,0.774657005859257000,0.756618761909104000,0.730886886193301000,0.703133963651818000,0.687291919141924000,0.663495976312683000,0.608609053072490000,0.551132137651788000,0.496632558874149000,0.469703651224018000,0.433328108199382000,0.393238999189402000,0.351523233730434000,0.320765157267832000,0.285692232406297000,0.259877521520243000,0.226654017290783000,0.193759638003072000,0.164186900842464000,0.137279167094701000,0.124284898305962000,0.101227526925416000,0.090405122720018500,0.066676456404812800,0.059950067486121100,0.044035728955272700,0.041039359018455000,0.032359591076922500,0.025498460642226600,0.014720459449880900,0.014720459449880900,0.014720459449880900,0.014720459449880900,0.014720459449880900,0.014720459449880900,0.014720459449880900,0.014720459449880900,0.014720459449880900,0.014720459449880900,0.014720459449880900,0.014720459449880900,0.014720459449880900,0.014720459449880900,0.014720459449880900,0.014720459449880900,0.014720459449880900,0.014720459449880900,0.014720459449880900
2023,4,0,0.023442886298037200,0.086391476577998800,0.180994251640063000,0.311349890211170000,0.453883533825656000,0.569457220948269000,0.660414591218702000,0.736118707902426000,0.807846531687155000,0.856767373181706000,0.881857028534126000,0.890063170727841000,0.892097500101827000,0.890745814158219000,0.885938832141283000,0.877165383697770000,0.872460007155683000,0.867167012802780000,0.865853761162490000,0.859466123810980000,0.853838981889816000,0.848773417056801000,0.845990336615770000,0.845511133930686000,0.845788595140310000,0.849025751506019000,0.851239449692812000,0.851021810415882000,0.847027682425884000,0.847428714735998000,0.848278426614414000,0.851988865270061000,0.847795107909546000,0.847247841041051000,0.843553575418088000,0.844828211446574000,0.841420593784413000,0.839753609068712000,0.837391248607793000,0.833133066863684000,0.823137363645268000,0.808265964204274000,0.792486720243944000,0.776594206434260000,0.756887177459019000,0.732745870028143000,0.709336755585660000,0.686581131146223000,0.654787344324340000,0.609120936418185000,0.553218214565536000,0.506636441716511000,0.467168565069790000,0.432583898331251000,0.393148317113348000,0.355585548333996000,0.319695129886156000,0.289108001032325000,0.257700943022822000,0.227022214479337000,0.195090594036334000,0.165264594229704000,0.142077735523306000,0.121067665338874000,0.105424922858548000,0.086203429532815400,0.072426537745975100,0.056954620839191200,0.048397243274323300,0.039191206481484700,0.033003427215243700,0.025527171826800600,0.014739686068591000,0.014739686068591000,0.014739686068591000,0.014739686068591000,0.014739686068591000,0.014739686068591000,0.014739686068591000,0.014739686068591000,0.014739686068591000,0.014739686068591000,0.014739686068591000,0.014739686068591000,0.014739686068591000,0.014739686068591000,0.014739686068591000,0.014739686068591000,0.014739686068591000,0.014739686068591000,0.014739686068591000
2024,4,0,0.023438786572374600,0.086424254882115400,0.181468420340951000,0.312669244892994000,0.456455992877724000,0.573287499166537000,0.665506993540054000,0.741860332775415000,0.813622505429234000,0.861966115248365000,0.886482706557461000,0.894118737320909000,0.895738627160536000,0.894127686394203000,0.889216646382095000,0.880339833604761000,0.875530381298590000,0.870177734781357000,0.868848455829915000,0.862489999419428000,0.856891905442753000,0.851855290344818000,0.849141060737009000,0.848770606241990000,0.849196983577501000,0.852582538473354000,0.854944814174128000,0.854699722917272000,0.850502348695427000,0.850522911452042000,0.850992075311231000,0.854321465659640000,0.849848398916205000,0.849121541588445000,0.845348592485039000,0.846543676064416000,0.843057324792406000,0.841443736690037000,0.839267329078336000,0.835327866354972000,0.825651885543306000,0.811101061177828000,0.795437852408851000,0.779456694949997000,0.759456990764166000,0.735023783595691000,0.711322641368646000,0.688282940975277000,0.656214724920195000,0.610284379958663000,0.554119511191937000,0.507273961367871000,0.467619939756535000,0.432927150169432000,0.393463170536685000,0.355871675822356000,0.319952238976509000,0.289337186040822000,0.257904369102912000,0.227201776022776000,0.195246510150659000,0.165396496680951000,0.142189087062297000,0.121162709099068000,0.105507344007324000,0.086273853927266800,0.072484013226356400,0.057002023016831600,0.048435942107539900,0.039223894591635200,0.033029576765112000,0.025547008146943700,0.014753788231736800,0.014753788231736800,0.014753788231736800,0.014753788231736800,0.014753788231736800,0.014753788231736800,0.014753788231736800,0.014753788231736800,0.014753788231736800,0.014753788231736800,0.014753788231736800,0.014753788231736800,0.014753788231736800,0.014753788231736800,0.014753788231736800,0.014753788231736800,0.014753788231736800,0.014753788231736800,0.014753788231736800
2025,4,0,0.023440630053909300,0.086478942563163900,0.181988554013718000,0.314067748658055000,0.459143936976210000,0.577262763544570000,0.670767642440877000,0.747789500834307000,0.819604214069413000,0.867382905101486000,0.891332703607201000,0.898400613896078000,0.899606514805518000,0.897735935720531000,0.892719602553260000,0.883737184709188000,0.878822447237818000,0.873408797154856000,0.872063155401322000,0.865732264961616000,0.860161796758907000,0.855152851595756000,0.852506778012373000,0.852244967313735000,0.852820354549112000,0.856355152086792000,0.858866589947570000,0.858593987210957000,0.854192322090744000,0.853832457125492000,0.853921228545692000,0.856870451414484000,0.852116968041494000,0.851210353247196000,0.847357771619702000,0.848473613415206000,0.844907652160283000,0.843347046413177000,0.841356021934159000,0.837734248721293000,0.828375506237844000,0.814141536789777000,0.798590380699133000,0.782516536162614000,0.762219114087772000,0.737487840331310000,0.713488689093842000,0.690159098461348000,0.657808348814614000,0.611602446740896000,0.555161215907530000,0.508040036989598000,0.468189834207020000,0.433380135956510000,0.393877754704486000,0.356248005643495000,0.320290445959832000,0.289639709302944000,0.258173166248036000,0.227438926405735000,0.195451915247617000,0.165570322071893000,0.142336479370992000,0.121288464042638000,0.105616508197769000,0.086366145941855000,0.072559861212981900,0.057063873272175900,0.048486917959811400,0.039266524620736400,0.033064098318182900,0.025573319901907000,0.014771629802906000,0.014771629802906000,0.014771629802906000,0.014771629802906000,0.014771629802906000,0.014771629802906000,0.014771629802906000,0.014771629802906000,0.014771629802906000,0.014771629802906000,0.014771629802906000,0.014771629802906000,0.014771629802906000,0.014771629802906000,0.014771629802906000,0.014771629802906000,0.014771629802906000,0.014771629802906000,0.014771629802906000
2026,4,0,0.023466531620434900,0.086428612594210300,0.181894419404099000,0.313966764849046000,0.459047012029202000,0.577140109953975000,0.670592062140705000,0.747595548816702000,0.819438905010184000,0.867272448032129000,0.891250767936620000,0.898328545375231000,0.899546904921099000,0.897694453930028000,0.892701841767267000,0.883738762459919000,0.878847858254876000,0.873453471757952000,0.872127570293579000,0.865806893124484000,0.860247478448262000,0.855250207286659000,0.852620959200144000,0.852381149130784000,0.852982002642838000,0.856545536563956000,0.859084580010122000,0.858833414193843000,0.854445531098756000,0.854100821951606000,0.854205244926803000,0.857173280109212000,0.852430979788169000,0.851540680901885000,0.847702042050879000,0.848837316660874000,0.845285614893920000,0.843740955951130000,0.841764874096495000,0.838155712980314000,0.828803243323194000,0.814570159644227000,0.799015653578370000,0.782935101231656000,0.762623524081242000,0.737873195905461000,0.713855799233760000,0.690525952089836000,0.658182226745592000,0.611985288293551000,0.555541711187540000,0.508428484523245000,0.468577186236387000,0.433754880083927000,0.394217623496953000,0.356555068333246000,0.320566550292610000,0.289890216658877000,0.258396672587850000,0.227635738329504000,0.195620648460656000,0.165713303031461000,0.142459903886019000,0.121393597559783000,0.105708141325303000,0.086440324591022500,0.072622601012881700,0.057112666216005100,0.048528768572792100,0.039300081004380100,0.033092695283618500,0.025595533838169000,0.014783802199151700,0.014783802199151700,0.014783802199151700,0.014783802199151700,0.014783802199151700,0.014783802199151700,0.014783802199151700,0.014783802199151700,0.014783802199151700,0.014783802199151700,0.014783802199151700,0.014783802199151700,0.014783802199151700,0.014783802199151700,0.014783802199151700,0.014783802199151700,0.014783802199151700,0.014783802199151700,0.014783802199151700
2027,4,0,0.023463560579170500,0.086271800561277300,0.181576198164170000,0.313479046739506000,0.458384697154237000,0.576306615091802000,0.669590507047662000,0.746480777810621000,0.818264333219886000,0.866093877099532000,0.890071218114286000,0.897150156400291000,0.898379486416811000,0.896547462460763000,0.891584742677715000,0.882652058441397000,0.877791033739065000,0.872422572609429000,0.871118063531106000,0.864815393244519000,0.859273889069189000,0.854294457236835000,0.851685288903652000,0.851467796300414000,0.852093401077992000,0.855681311166777000,0.858244860488891000,0.858015461862425000,0.853646777749164000,0.853317663739452000,0.853437624988546000,0.856420835889782000,0.851695569483353000,0.850822698827731000,0.847002743498346000,0.848156071894712000,0.844623017320962000,0.843096222958136000,0.841137531798521000,0.837545439631242000,0.828210766069540000,0.813996096408821000,0.798457391743733000,0.782389927479649000,0.762089194172168000,0.737350271818936000,0.713344188175086000,0.690042813893905000,0.657745949521784000,0.611614872847828000,0.555238454822236000,0.508191205945078000,0.468387886108465000,0.433595841776061000,0.394072364036142000,0.356423350368041000,0.320448161877188000,0.289783982709268000,0.258302194048062000,0.227552419924518000,0.195548648976105000,0.165652355610878000,0.142408016372967000,0.121349343335423000,0.105669689416850000,0.086408128552545500,0.072595970821162000,0.057091175290470300,0.048510899197121300,0.039285273986503900,0.033080568103759100,0.025586249791736300,0.014777780935925100,0.014777780935925100,0.014777780935925100,0.014777780935925100,0.014777780935925100,0.014777780935925100,0.014777780935925100,0.014777780935925100,0.014777780935925100,0.014777780935925100,0.014777780935925100,0.014777780935925100,0.014777780935925100,0.014777780935925100,0.014777780935925100,0.014777780935925100,0.014777780935925100,0.014777780935925100,0.014777780935925100
2028,4,0,0.023459211168534800,0.086109965992385000,0.181247402308752000,0.312973053032350000,0.457695642925852000,0.575439502282650000,0.668549902777549000,0.745322472981124000,0.817042026493077000,0.864864760837009000,0.888839713768816000,0.895919396407478000,0.897159621206698000,0.895348125608210000,0.890415580611394000,0.881513807068613000,0.876682938301424000,0.871340710034463000,0.870057663353827000,0.863773364832449000,0.858250091325924000,0.853288785971735000,0.850699844506884000,0.850504675192986000,0.851154986738930000,0.854767054477281000,0.857354951333424000,0.857147326591541000,0.852798092282309000,0.852484587891925000,0.852620075515833000,0.855618282034905000,0.850910322002241000,0.850054925451854000,0.846253872370285000,0.847425181123135000,0.843910975614770000,0.842402130011007000,0.840460939262226000,0.836886121878870000,0.827569787596161000,0.813374361813160000,0.797852367056202000,0.781798931311462000,0.761510231834782000,0.736784166013858000,0.712790803056928000,0.689519262518438000,0.657271143058516000,0.611208619414104000,0.554902653584062000,0.507924127566134000,0.468171111035280000,0.433411364319336000,0.393903984500242000,0.356270721285925000,0.320310972973993000,0.289660747062000000,0.258192560788064000,0.227455750931285000,0.195465176701447000,0.165581689394334000,0.142347773647045000,0.121297969442793000,0.105625037752378000,0.086370863089804400,0.072565081411165700,0.057066334986767700,0.048490183701691000,0.039268162218312700,0.033066500078800700,0.025575464563840400,0.014770892844998700,0.014770892844998700,0.014770892844998700,0.014770892844998700,0.014770892844998700,0.014770892844998700,0.014770892844998700,0.014770892844998700,0.014770892844998700,0.014770892844998700,0.014770892844998700,0.014770892844998700,0.014770892844998700,0.014770892844998700,0.014770892844998700,0.014770892844998700,0.014770892844998700,0.014770892844998700,0.014770892844998700
2029,4,0,0.023450130557518000,0.085930848453770800,0.180882221850616000,0.312404196037987000,0.456914627509045000,0.574456771392906000,0.667374991554661000,0.744014437103448000,0.815655553503912000,0.863461832354428000,0.887429560811929000,0.894508558811595000,0.895759421900252000,0.893968808439899000,0.889067416265844000,0.880198331958119000,0.875398576656771000,0.870083644212749000,0.868822306543296000,0.862557637341469000,0.857053698576298000,0.852111510436362000,0.849543306669002000,0.849370487249104000,0.850045360199442000,0.853680842903130000,0.856292551161530000,0.856106729736660000,0.851777811704053000,0.851479971258519000,0.851630949031074000,0.854643537595176000,0.849953824020783000,0.849116064179048000,0.845334669517182000,0.846523711983772000,0.843029053861913000,0.841538451204414000,0.839615142550557000,0.836058311403826000,0.826762185788890000,0.812588857276467000,0.797086694951080000,0.781050519020099000,0.760777940418162000,0.736069713091446000,0.712093905013488000,0.688856876962500000,0.656663981663888000,0.610679266484029000,0.554455074158681000,0.507554711172269000,0.467859990671301000,0.433139537040805000,0.393656217879545000,0.356046289888444000,0.320109229014184000,0.289479133092092000,0.258030891191421000,0.227313240372699000,0.195342310489076000,0.165477651915216000,0.142258841921284000,0.121222148984480000,0.105559098219026000,0.086316190711927900,0.072519567220266600,0.057029993836471800,0.048459695527521200,0.039243136563664400,0.033045767820461000,0.025559524793530400,0.014761028169074700,0.014761028169074700,0.014761028169074700,0.014761028169074700,0.014761028169074700,0.014761028169074700,0.014761028169074700,0.014761028169074700,0.014761028169074700,0.014761028169074700,0.014761028169074700,0.014761028169074700,0.014761028169074700,0.014761028169074700,0.014761028169074700,0.014761028169074700,0.014761028169074700,0.014761028169074700,0.014761028169074700
2030,4,0,0.023444647212997700,0.085765003309632800,0.180544972079587000,0.311883540122500000,0.456204078144643000,0.573562634574842000,0.666303025095537000,0.742821166756623000,0.814394867315947000,0.862192022913038000,0.886156202285852000,0.893235600293030000,0.894497286649224000,0.892727268112052000,0.887856258721748000,0.879018484963309000,0.874249088679961000,0.868960621076419000,0.867720785753896000,0.861474774186715000,0.855989315174577000,0.851065475433512000,0.848517603142394000,0.848367093272154000,0.849066615742410000,0.852726055686576000,0.855361960574653000,0.855197900470390000,0.850888623083259000,0.850606391240746000,0.850772872669150000,0.853800295758589000,0.849128099036748000,0.848307836642887000,0.844545509036831000,0.845752456321813000,0.842276798208152000,0.840804198870173000,0.838898466635138000,0.835359065793479000,0.826081712502962000,0.811928296751413000,0.796443580229363000,0.780422197291356000,0.760162624601743000,0.735468440375185000,0.711506504135776000,0.688300408156013000,0.656157772060876000,0.610243774007647000,0.554092693106086000,0.507263261352249000,0.467620721034442000,0.432934218300299000,0.393468897582457000,0.355876529979676000,0.319956638327185000,0.289341968583157000,0.257908842051665000,0.227205633652015000,0.195249439241735000,0.165399023631753000,0.142191753813279000,0.121164942017947000,0.105509367085595000,0.086274772489576700,0.072485188404289200,0.057002409978556500,0.048436648382611700,0.039224136936082600,0.033030109732894300,0.025547509623479700,0.014753430420868100,0.014753430420868100,0.014753430420868100,0.014753430420868100,0.014753430420868100,0.014753430420868100,0.014753430420868100,0.014753430420868100,0.014753430420868100,0.014753430420868100,0.014753430420868100,0.014753430420868100,0.014753430420868100,0.014753430420868100,0.014753430420868100,0.014753430420868100,0.014753430420868100,0.014753430420868100,0.014753430420868100
2031,4,0,0.023474820063347300,0.085375412172454500,0.179774563536836000,0.310776536080094000,0.454774357799526000,0.571775498328920000,0.664126789800452000,0.740438934501308000,0.812004254530399000,0.859966409439414000,0.884064915501166000,0.891256909779386000,0.892611077670576000,0.890917011474256000,0.886105336060844000,0.877321791123029000,0.872611859590861000,0.867367441926155000,0.866162120284658000,0.859929432760710000,0.854458276609622000,0.849549462523773000,0.847010657527742000,0.846863284127410000,0.847558020855684000,0.851216484419817000,0.853850095656170000,0.853726410712731000,0.849498445982834000,0.849348981853095000,0.849648808480393000,0.852813258750538000,0.848253984378580000,0.847537406151641000,0.843860780771129000,0.845159825651407000,0.841770238701907000,0.840370589082414000,0.838521549784177000,0.835021040029197000,0.825775193181052000,0.811647008464888000,0.796181785043043000,0.780175179950560000,0.759920906056084000,0.735226313357283000,0.711264911035967000,0.688105464966982000,0.656043120851521000,0.610236834515832000,0.554180290385478000,0.507457392202042000,0.467882595516130000,0.433222175405540000,0.393728747714293000,0.356110683595964000,0.320167247875179000,0.289534562449288000,0.258081067555133000,0.227357130843424000,0.195378595550033000,0.165508549157376000,0.142287225409902000,0.121246193138250000,0.105580337658741000,0.086330856379941100,0.072533393245034700,0.057038899705847300,0.048468668123587100,0.039249197382637800,0.033052095621384200,0.025564762583142100,0.014761688636108100,0.014761688636108100,0.014761688636108100,0.014761688636108100,0.014761688636108100,0.014761688636108100,0.014761688636108100,0.014761688636108100,0.014761688636108100,0.014761688636108100,0.014761688636108100,0.014761688636108100,0.014761688636108100,0.014761688636108100,0.014761688636108100,0.014761688636108100,0.014761688636108100,0.014761688636108100,0.014761688636108100
2032,4,0,0.023464885582248000,0.084839523917535500,0.178696141030600000,0.309137261932370000,0.452565905027589000,0.569009291856084000,0.660813261376945000,0.736788765366542000,0.808223347043261000,0.856268645911661000,0.880460394965200000,0.887752787025800000,0.889197201152748000,0.887582049097558000,0.882837985090020000,0.874123732442644000,0.869481369258611000,0.864290005599293000,0.863121288092695000,0.856912591735597000,0.851465104473318000,0.846579721294620000,0.844054331851230000,0.843910349583082000,0.844599108691787000,0.848250340395077000,0.850877153485352000,0.850794090012339000,0.846654736409235000,0.846638410131871000,0.847071184472896000,0.850367370155700000,0.845928910308565000,0.845317330840257000,0.841732767354962000,0.843121768440103000,0.839824121911922000,0.838499877874277000,0.836710741635085000,0.833255141133717000,0.824056634950485000,0.809977857091568000,0.794558583486961000,0.778594134451776000,0.758379791345466000,0.733727008565880000,0.709807105879571000,0.686733944194861000,0.654806776281342000,0.609186606682215000,0.553320517170122000,0.506784123630931000,0.467344787520029000,0.432769729221630000,0.393315689646672000,0.355736219995781000,0.319830670044174000,0.289232324100760000,0.257812217262085000,0.227120061067410000,0.195173837233821000,0.165335209994098000,0.142139520177365000,0.121120227642384000,0.105470865638552000,0.086239394416288100,0.072457634058413100,0.056977905223830900,0.048417851765868700,0.039207177654336900,0.033017593464027800,0.025538324019157800,0.014744716878184900,0.014744716878184900,0.014744716878184900,0.014744716878184900,0.014744716878184900,0.014744716878184900,0.014744716878184900,0.014744716878184900,0.014744716878184900,0.014744716878184900,0.014744716878184900,0.014744716878184900,0.014744716878184900,0.014744716878184900,0.014744716878184900,0.014744716878184900,0.014744716878184900,0.014744716878184900,0.014744716878184900
2033,4,0,0.023455673470800400,0.084306655244893800,0.177624037588226000,0.307508734895835000,0.450373029543664000,0.566262662103348000,0.657522550577857000,0.733164001108524000,0.804470125521739000,0.852599963025627000,0.876885615412323000,0.884278545347701000,0.885813176071246000,0.884276824628099000,0.879600172472599000,0.870954890339036000,0.866379899080176000,0.861241388130034000,0.860109209327626000,0.853924295578051000,0.848500292079177000,0.843638171986675000,0.841126110281501000,0.840985511996860000,0.841668319327179000,0.845312436210925000,0.847932536659558000,0.847890058996748000,0.843839118246031000,0.843955820733838000,0.844521447527009000,0.847949361511394000,0.843631482544119000,0.843124797578718000,0.839632111787419000,0.841111037988056000,0.837905156512752000,0.836656216244712000,0.834926879745295000,0.831516046680688000,0.822364562549393000,0.808334722694930000,0.792960892069960000,0.777038078753708000,0.756863018546172000,0.732251261158447000,0.708372096141603000,0.685384446122820000,0.653591372301279000,0.608155778968012000,0.552478288181457000,0.506126830609732000,0.466821644062897000,0.432330825495160000,0.392914940936841000,0.355372890362625000,0.319504102321274000,0.288939136444176000,0.257551434006570000,0.226890098144352000,0.194975186979345000,0.165167044983981000,0.141996262117781000,0.120998051764597000,0.105364693420248000,0.086150632162612800,0.072384142259942300,0.056918694887399000,0.048368550685750900,0.039166385657656500,0.032984124496970600,0.025512684401017400,0.014728207789319900,0.014728207789319900,0.014728207789319900,0.014728207789319900,0.014728207789319900,0.014728207789319900,0.014728207789319900,0.014728207789319900,0.014728207789319900,0.014728207789319900,0.014728207789319900,0.014728207789319900,0.014728207789319900,0.014728207789319900,0.014728207789319900,0.014728207789319900,0.014728207789319900,0.014728207789319900,0.014728207789319900
2034,4,0,0.023442694125318200,0.083760718650502200,0.176524353756181000,0.305832244570436000,0.448109725882163000,0.563427471705867000,0.654129102469290000,0.729424638537500000,0.800590948155491000,0.848797496296381000,0.873173053650941000,0.880665236249149000,0.882289751200459000,0.880832373170470000,0.876223821971377000,0.867648836860757000,0.863141890303603000,0.858057009287081000,0.856961516893748000,0.850801358920857000,0.845401690144161000,0.840563593852095000,0.838065251677941000,0.837928056810293000,0.838604808071171000,0.842241230226076000,0.844854202591849000,0.844852279194153000,0.840890319810501000,0.841139906467099000,0.841838169013954000,0.845397134887275000,0.841200417864559000,0.840798609767407000,0.837398277038856000,0.838966805229256000,0.835853118111716000,0.834679611453381000,0.833010296531721000,0.829644737649398000,0.820541704326016000,0.806563014748505000,0.791237059039630000,0.775358405355858000,0.755225838721890000,0.730659029982219000,0.706824408228801000,0.683925889607715000,0.652271901180650000,0.607028023876183000,0.551547916537256000,0.505388681793609000,0.466223845377402000,0.431822739280530000,0.392451318910789000,0.354952695627247000,0.319126408966149000,0.288599712002651000,0.257249436182067000,0.226623827434261000,0.194745337057499000,0.164972450056317000,0.141830280669278000,0.120856512898188000,0.105241659770787000,0.086048085134737800,0.072299067405539100,0.056850377650554900,0.048311509754865600,0.039119327147794500,0.032945377325198800,0.025482961942665400,0.014709343334128200,0.014709343334128200,0.014709343334128200,0.014709343334128200,0.014709343334128200,0.014709343334128200,0.014709343334128200,0.014709343334128200,0.014709343334128200,0.014709343334128200,0.014709343334128200,0.014709343334128200,0.014709343334128200,0.014709343334128200,0.014709343334128200,0.014709343334128200,0.014709343334128200,0.014709343334128200,0.014709343334128200
2035,4,0,0.023436473776965800,0.083239340862043500,0.175476385569986000,0.304245165483205000,0.445977270756517000,0.560756794111499000,0.650926734113262000,0.725898313951538000,0.796945409636368000,0.845242482686354000,0.869714888330058000,0.877308399098083000,0.879023192346110000,0.877644303554696000,0.873102470919028000,0.864595256836219000,0.860155001882439000,0.855122243132314000,0.854063091762445000,0.847925895997507000,0.842548987638488000,0.837733502754925000,0.835248149691922000,0.835114315961547000,0.835785210924399000,0.839414991454135000,0.842021593759696000,0.842060190877647000,0.838185999508675000,0.838568433409139000,0.839399424146976000,0.843090359144462000,0.839013496793512000,0.838716364050210000,0.835407329945772000,0.837065838309184000,0.834043373756429000,0.832944901147868000,0.831335078132857000,0.828013787540939000,0.818956544905069000,0.805024939734988000,0.789742407920577000,0.773903306785423000,0.753807403444695000,0.729278434592152000,0.705481458445370000,0.682665406540470000,0.651141277527516000,0.606075935113021000,0.550777078773242000,0.504796621803005000,0.465760746378189000,0.431439376382220000,0.392101050080815000,0.354635023932526000,0.318840890664324000,0.288343643667381000,0.257021739125246000,0.226423012151985000,0.194571735992796000,0.164825504502648000,0.141705263311373000,0.120749880463868000,0.105149022408449000,0.085970392432100200,0.072234874689033300,0.056798481670057800,0.048268422793681100,0.039083568312497800,0.032916145749676700,0.025460599511881300,0.014694728651770700,0.014694728651770700,0.014694728651770700,0.014694728651770700,0.014694728651770700,0.014694728651770700,0.014694728651770700,0.014694728651770700,0.014694728651770700,0.014694728651770700,0.014694728651770700,0.014694728651770700,0.014694728651770700,0.014694728651770700,0.014694728651770700,0.014694728651770700,0.014694728651770700,0.014694728651770700,0.014694728651770700
2036,4,0,0.023458348001092300,0.083189732058427400,0.175386275828646000,0.304149361313045000,0.445888581300960000,0.560650063418192000,0.650778993046700000,0.725750346327185000,0.796848521641479000,0.845230409859464000,0.869765394129971000,0.877405729758554000,0.879152610688821000,0.877793671789397000,0.873259586610581000,0.864756418931158000,0.860324006240854000,0.855294585350257000,0.854238529175179000,0.848095737661701000,0.842713943161623000,0.837894096136603000,0.835401044500276000,0.835256195726551000,0.835911315492756000,0.839528082475346000,0.842120716259474000,0.842164146068954000,0.838312333462955000,0.838742317047426000,0.839621276125800000,0.843362848767334000,0.839322562379300000,0.839058721699251000,0.835773356850109000,0.837460170880351000,0.834461643050031000,0.833383057384054000,0.831786798526676000,0.828471629188765000,0.819415154207132000,0.805479767248418000,0.790191861803680000,0.774346536602840000,0.754240105181653000,0.729696470686424000,0.705885512095832000,0.683065984823366000,0.651539844375950000,0.606469443495369000,0.551155977330399000,0.505169607780054000,0.466123551373615000,0.431785650572820000,0.392415360870224000,0.354919118815421000,0.319096330087037000,0.288575099200382000,0.257228168850585000,0.226604818809837000,0.194727750527530000,0.164957691638963000,0.141819184521509000,0.120846933462275000,0.105233581956358000,0.086039119247944100,0.072292849053150900,0.056843768929673600,0.048307121758294100,0.039114720678479700,0.032942567810241900,0.025481089008266900,0.014706195921964900,0.014706195921964900,0.014706195921964900,0.014706195921964900,0.014706195921964900,0.014706195921964900,0.014706195921964900,0.014706195921964900,0.014706195921964900,0.014706195921964900,0.014706195921964900,0.014706195921964900,0.014706195921964900,0.014706195921964900,0.014706195921964900,0.014706195921964900,0.014706195921964900,0.014706195921964900,0.014706195921964900
2037,4,0,0.023453286487359500,0.083044510508983700,0.175094599152033000,0.303704049479047000,0.445287544286981000,0.559899122102612000,0.649883462296649000,0.724768453841304000,0.795836060329000000,0.844247238331753000,0.868816657737921000,0.876495073792793000,0.878272058422693000,0.876934645019442000,0.872413522091631000,0.863924173056235000,0.859504700679470000,0.854484398373249000,0.853432652922335000,0.847291319134291000,0.841910818162371000,0.837092143416354000,0.834594251965195000,0.834438546663800000,0.835077127245811000,0.838676716021456000,0.841252392571756000,0.841300608642855000,0.837475616223243000,0.837952689592022000,0.838878641581060000,0.842666589478602000,0.838667547200201000,0.838437325594319000,0.835179421554595000,0.836892623567144000,0.833921494656568000,0.832864049392770000,0.831283198374503000,0.827977963498791000,0.818932661757865000,0.805009500743143000,0.789733782174963000,0.773900433227981000,0.753806566567536000,0.729276454230573000,0.705478859711704000,0.682682072063607000,0.651190139301401000,0.606166457966631000,0.550901921452618000,0.504962469082972000,0.465951084628312000,0.431636092174060000,0.392279048891023000,0.354795648900028000,0.318985341161136000,0.288475175195651000,0.257139215752455000,0.226526408321852000,0.194660153159450000,0.164900452769816000,0.141770250585525000,0.120805214352643000,0.105197298702377000,0.086009044531625800,0.072267807339831800,0.056823780546751400,0.048290348156737800,0.039100956266605700,0.032931160921198000,0.025472317834742600,0.014700775386080900,0.014700775386080900,0.014700775386080900,0.014700775386080900,0.014700775386080900,0.014700775386080900,0.014700775386080900,0.014700775386080900,0.014700775386080900,0.014700775386080900,0.014700775386080900,0.014700775386080900,0.014700775386080900,0.014700775386080900,0.014700775386080900,0.014700775386080900,0.014700775386080900,0.014700775386080900,0.014700775386080900
2038,4,0,0.023445820877412700,0.082890844401422400,0.174785109856720000,0.303227809042651000,0.444641132393907000,0.559091124407237000,0.648921718099031000,0.723712709255479000,0.794742470213691000,0.843177954357693000,0.867779269172833000,0.875494957351904000,0.877301847249696000,0.875986085094336000,0.871478381457530000,0.863003714872072000,0.858597629429083000,0.853586956026091000,0.852539626928494000,0.846400380317100000,0.841021724334832000,0.836204715738907000,0.833702243393511000,0.833535703340631000,0.834157688038868000,0.837739738387687000,0.840298202441144000,0.840351197269945000,0.836553403238776000,0.837077492287448000,0.838050317070107000,0.841884226735638000,0.837926816927493000,0.837730220068234000,0.834500096502718000,0.836239496595518000,0.833296056873382000,0.832259849238524000,0.830694560059816000,0.827399593527572000,0.818366387298360000,0.804456874507151000,0.789194903916690000,0.773375149661776000,0.753295903104495000,0.728781823008816000,0.705000027557414000,0.682228306818963000,0.650773795207395000,0.605801428843575000,0.550591467151976000,0.504703621259947000,0.465730893628035000,0.431442318724918000,0.392102553645825000,0.354635835443854000,0.318841676918128000,0.288345700947971000,0.257023922279472000,0.226424793345261000,0.194572615674584000,0.164826322221771000,0.141706794179593000,0.120751120372707000,0.105150239374792000,0.085970159543611400,0.072235362806281600,0.056797971526138200,0.048268627909904400,0.039083186626861700,0.032916380695748100,0.025460937351053700,0.014693849136934800,0.014693849136934800,0.014693849136934800,0.014693849136934800,0.014693849136934800,0.014693849136934800,0.014693849136934800,0.014693849136934800,0.014693849136934800,0.014693849136934800,0.014693849136934800,0.014693849136934800,0.014693849136934800,0.014693849136934800,0.014693849136934800,0.014693849136934800,0.014693849136934800,0.014693849136934800,0.014693849136934800
2039,4,0,0.023438273242179900,0.082736969771104800,0.174475171563036000,0.302750750813089000,0.443993488080739000,0.558281573996150000,0.647958187021135000,0.722654961060933000,0.793646637739922000,0.842106233141611000,0.866739331866086000,0.874492239744146000,0.876329009076739000,0.875034889180963000,0.870540612934047000,0.862080650775842000,0.857687960010002000,0.852686927897643000,0.851644016203866000,0.845506878162596000,0.840130085902525000,0.835314760224310000,0.832807719182054000,0.832630351929968000,0.833235749065224000,0.836800258952210000,0.839341512054838000,0.839399282386090000,0.835628683393458000,0.836199756085336000,0.837219420055026000,0.841099247872441000,0.837183458535849000,0.837020465626738000,0.833818116711203000,0.835583691674133000,0.832667934313246000,0.831652954548787000,0.830103223043200000,0.826818530480379000,0.817797445464085000,0.803901623657371000,0.788653448749004000,0.772847339053759000,0.752782777580911000,0.728284810223063000,0.704518891773775000,0.681772306207322000,0.650355308246972000,0.605434390508400000,0.550279173109775000,0.504443070552468000,0.465509119287843000,0.431247071972868000,0.391924719686333000,0.354474811309137000,0.318696924180874000,0.288215242028857000,0.256907751021167000,0.226322405115495000,0.194484413852486000,0.164751628884993000,0.141642853748280000,0.120696613959100000,0.105102820870099000,0.085930981156892700,0.072202671602088200,0.056771968741654000,0.048246742860322200,0.039065283663029200,0.032901488064163700,0.025449469887486800,0.014686872919968400,0.014686872919968400,0.014686872919968400,0.014686872919968400,0.014686872919968400,0.014686872919968400,0.014686872919968400,0.014686872919968400,0.014686872919968400,0.014686872919968400,0.014686872919968400,0.014686872919968400,0.014686872919968400,0.014686872919968400,0.014686872919968400,0.014686872919968400,0.014686872919968400,0.014686872919968400,0.014686872919968400
2040,4,0,0.023435735366553900,0.082600834293610400,0.174202635217332000,0.302338566618834000,0.443440961220238000,0.557591623095358000,0.647133476988706000,0.721752029982924000,0.792720802883275000,0.841214850342541000,0.865884981036711000,0.873676748656693000,0.875543776912668000,0.874271013537383000,0.869789198908251000,0.861342127768816000,0.856961887621174000,0.851969424410813000,0.850930705450369000,0.844794364153918000,0.839418286309094000,0.834603614251017000,0.832091470962762000,0.831903243282540000,0.832492189305513000,0.836039927670089000,0.838564520047652000,0.838627076167097000,0.834882855099050000,0.835501013207047000,0.836567714019785000,0.840494268984221000,0.836619245786689000,0.836489807556605000,0.833314537308359000,0.835106653016147000,0.832217943290668000,0.831223965461267000,0.829689453907363000,0.826414329270461000,0.817403433311619000,0.803518328394572000,0.788280686160174000,0.772484838904282000,0.752430670324897000,0.727943575905806000,0.704188451129663000,0.681462131157475000,0.650075919909613000,0.605196833369683000,0.550084555330672000,0.504290383067415000,0.465386875035604000,0.431144025381428000,0.391830678978705000,0.354389573738741000,0.318620308702719000,0.288146403205768000,0.256846506302247000,0.226268404338753000,0.194437792653260000,0.164712159313396000,0.141609196325922000,0.120667912292128000,0.105077873163863000,0.085910174839134900,0.072185417252148200,0.056758103871842400,0.048235172930320700,0.039055732907864300,0.032893629733873200,0.025443443469679300,0.014683036881205500,0.014683036881205500,0.014683036881205500,0.014683036881205500,0.014683036881205500,0.014683036881205500,0.014683036881205500,0.014683036881205500,0.014683036881205500,0.014683036881205500,0.014683036881205500,0.014683036881205500,0.014683036881205500,0.014683036881205500,0.014683036881205500,0.014683036881205500,0.014683036881205500,0.014683036881205500,0.014683036881205500
