年度別年齢別就業率,,,,,,,,,,,,,,,,,,,,,,,,,,,,,,,,,,,,,,,,,,,,,,,,,,,,,,,,,,,,,,,,,,,,,,,,,,,,,,,,,,,,,,,,,,,,,
男性,,,,,,,,,,,,,,,,,,,,,,,,,,,,,,,,,,,,,,,,,,,,,,,,,,,,,,,,,,,,,,,,,,,,,,,,,,,,,,,,,,,,,,,,,,,,,
年度,性,合計,15,16,17,18,19,20,21,22,23,24,25,26,27,28,29,30,31,32,33,34,35,36,37,38,39,40,41,42,43,44,45,46,47,48,49,50,51,52,53,54,55,56,57,58,59,60,61,62,63,64,65,66,67,68,69,70,71,72,73,74,75,76,77,78,79,80,81,82,83,84,85,86,87,88,89,90,91,92,93,94,95,96,97,98,99,100,101,102,103,104,105
2020,1,0,0.011589701489400400,0.053435901018435800,0.125492020265212000,0.267490758849042000,0.434098298247884000,0.575111891001552000,0.649950382857704000,0.715377867070022000,0.775304925624843000,0.831343412823308000,0.866909242488216000,0.891985196612404000,0.904435966759549000,0.911186675895784000,0.914987633404565000,0.915700207957281000,0.917192893559811000,0.917445079466820000,0.918566218365644000,0.921506053340911000,0.926023282587889000,0.928770685181643000,0.933933102168776000,0.935046846236300000,0.937722670451703000,0.937160381989919000,0.932644992669894000,0.934029211279407000,0.935815259425316000,0.940792318401186000,0.940204259991586000,0.935319909078866000,0.933825691988753000,0.934104050290719000,0.936064212033954000,0.936222200713453000,0.930910565850584000,0.928341118644377000,0.926672701397231000,0.924680498988420000,0.921614077642681000,0.916210297248815000,0.914442680463007000,0.910207305120647000,0.892107950793663000,0.873538350538225000,0.848157747975689000,0.830404224751937000,0.803652749307661000,0.753258467747194000,0.699071803758918000,0.638176753223115000,0.599501697046947000,0.565334315050120000,0.527405098512236000,0.483477931675948000,0.439541102610602000,0.404784178653405000,0.370966792780981000,0.334684693698431000,0.294151871041819000,0.267339101114217000,0.243071524994549000,0.218807591456780000,0.190841643188432000,0.162983231132092000,0.140547330902342000,0.125899871079115000,0.113432404267505000,0.106664067879828000,0.089583497074576800,0.071042696434682100,0.050574421344048200,0.050574421344048200,0.050574421344048200,0.050574421344048200,0.050574421344048200,0.050574421344048200,0.050574421344048200,0.050574421344048200,0.050574421344048200,0.050574421344048200,0.050574421344048200,0.050574421344048200,0.050574421344048200,0.050574421344048200,0.050574421344048200,0.050574421344048200,0.050574421344048200,0.050574421344048200,0.050574421344048200
2021,1,0,0.007607395325435480,0.048530639955595800,0.117781258200866000,0.269550343798792000,0.435850833463293000,0.574438400058073000,0.637612316071461000,0.702015327291891000,0.772574961137419000,0.835708501916832000,0.873211304889126000,0.892934961445252000,0.904075801837034000,0.916417708363618000,0.922101915984753000,0.922051044684540000,0.914592370512236000,0.917204068475178000,0.922159594423869000,0.928106783100037000,0.933080862021014000,0.933217446366934000,0.937479761519668000,0.939431271521690000,0.942808377593577000,0.943630736973030000,0.939470929754238000,0.940490598327710000,0.939666074267367000,0.941188393031692000,0.937018519446350000,0.936090113724732000,0.936592732094560000,0.936246381603084000,0.934437578687990000,0.933489924146937000,0.929330670664547000,0.927670352267817000,0.923945411191398000,0.924958776497652000,0.921349249081595000,0.914675933220014000,0.913582045276658000,0.909363786507657000,0.894425541694949000,0.873642075100596000,0.850854598460523000,0.832784778524839000,0.807079815541991000,0.754459463856680000,0.697930909420140000,0.639337705425836000,0.605833711377099000,0.572042656773522000,0.531208245067022000,0.488466828497054000,0.444313315396765000,0.407525008832173000,0.376478984373183000,0.340054612260630000,0.305824522218005000,0.263986075663462000,0.240177005119765000,0.220289587960071000,0.198804803447108000,0.178966307878202000,0.153486245517168000,0.134863495300251000,0.114709917089624000,0.106346805276745000,0.096345756788293300,0.078318421363869200,0.051607163994518200,0.051607163994518200,0.051607163994518200,0.051607163994518200,0.051607163994518200,0.051607163994518200,0.051607163994518200,0.051607163994518200,0.051607163994518200,0.051607163994518200,0.051607163994518200,0.051607163994518200,0.051607163994518200,0.051607163994518200,0.051607163994518200,0.051607163994518200,0.051607163994518200,0.051607163994518200,0.051607163994518200
2022,1,0,0.013970688582534700,0.052732717856229800,0.128991646976223000,0.277477737846928000,0.439713153398371000,0.567930715045829000,0.633261816250763000,0.695842921262112000,0.761959893323634000,0.826080794114465000,0.872077362327638000,0.896740454047608000,0.906070895741634000,0.907137552581064000,0.913045324656500000,0.916457452486806000,0.920150606941327000,0.921721535077351000,0.924793869295265000,0.928614825232417000,0.931343142584958000,0.930608073085482000,0.931934821624491000,0.937723220429494000,0.939367843767798000,0.940649561516289000,0.936509812882991000,0.937016556428170000,0.938749593608299000,0.940285481655036000,0.943715386484191000,0.939063935044008000,0.936610675675081000,0.934616802697433000,0.934442833956376000,0.932565790545087000,0.927487713536576000,0.923315125103194000,0.919033461408911000,0.917258113261091000,0.916059439748006000,0.916268869191342000,0.912133103834249000,0.909470179267350000,0.896342632181310000,0.877460283880209000,0.859590870513701000,0.839727847627696000,0.820013587738811000,0.758793189924489000,0.699339540014785000,0.644253002618314000,0.614863381301917000,0.581879070157013000,0.537148844242343000,0.493062833003999000,0.452466010743372000,0.418002483015720000,0.385838417836685000,0.353162639441585000,0.316964781316563000,0.279343170743463000,0.245213315565515000,0.218707563011456000,0.198012723973043000,0.177883565584374000,0.158834777003598000,0.137433480474776000,0.119080695140643000,0.100149788745830000,0.090141726615535300,0.083761405431460200,0.052844858979284100,0.052844858979284100,0.052844858979284100,0.052844858979284100,0.052844858979284100,0.052844858979284100,0.052844858979284100,0.052844858979284100,0.052844858979284100,0.052844858979284100,0.052844858979284100,0.052844858979284100,0.052844858979284100,0.052844858979284100,0.052844858979284100,0.052844858979284100,0.052844858979284100,0.052844858979284100,0.052844858979284100
2023,1,0,0.013972080150973200,0.065940273416312300,0.154988515676738000,0.285700371665562000,0.434235215692959000,0.555048968911800000,0.642641309885273000,0.708374868877077000,0.772548463966382000,0.830036805898303000,0.873705811360650000,0.899109511299302000,0.909790247530985000,0.914473753016747000,0.917439455899026000,0.921280745191563000,0.923676275845319000,0.926001642658070000,0.928412726186629000,0.931252756526762000,0.932823525880646000,0.933562809955570000,0.935598767739994000,0.938704580438699000,0.942071926336343000,0.942129560119247000,0.941807862857781000,0.941383501295926000,0.942598087974765000,0.944534039707657000,0.944341616588707000,0.942819345216479000,0.939740636701267000,0.938406239954316000,0.937515603198232000,0.935596796029822000,0.932344982868080000,0.928232649333023000,0.925162434635168000,0.923024723210403000,0.922384191945219000,0.920956776572811000,0.918904654542436000,0.912269856496201000,0.900582466827340000,0.883825742671305000,0.864823636283367000,0.846583636266180000,0.814931306610722000,0.771120224643447000,0.715517209073215000,0.670525509184128000,0.632666849932498000,0.596569687237708000,0.553882288829642000,0.508657133965009000,0.466854552705282000,0.429679737933709000,0.395798922747358000,0.361993328479930000,0.326368371212534000,0.290258673405791000,0.257044964292180000,0.229139039399018000,0.205565443326021000,0.184477749497621000,0.163154546383214000,0.142689768930558000,0.122530531784755000,0.106435660048656000,0.094332007206815000,0.086412299474291100,0.055163289942008900,0.055163289942008900,0.055163289942008900,0.055163289942008900,0.055163289942008900,0.055163289942008900,0.055163289942008900,0.055163289942008900,0.055163289942008900,0.055163289942008900,0.055163289942008900,0.055163289942008900,0.055163289942008900,0.055163289942008900,0.055163289942008900,0.055163289942008900,0.055163289942008900,0.055163289942008900,0.055163289942008900
2024,1,0,0.013968771300116000,0.066626582711992200,0.156857261778126000,0.289243287757661000,0.439949680868458000,0.562941548045371000,0.652719870430951000,0.719488337707980000,0.783540960814466000,0.839753664260228000,0.882150303914703000,0.906285963612698000,0.915957251034848000,0.919887832724840000,0.922356123376196000,0.925699793082512000,0.927598046532832000,0.929469254526857000,0.931469260705955000,0.933941213882564000,0.935144206657753000,0.935515911065303000,0.937460461572204000,0.940751093098184000,0.944579675353657000,0.945099329296348000,0.945239742027381000,0.945024455618525000,0.946194670164320000,0.947833019779049000,0.947343498581053000,0.945524444062810000,0.942400930268609000,0.941272924430396000,0.940840182765849000,0.939379514179029000,0.936586155279720000,0.932873593302653000,0.930144016877665000,0.928287836399668000,0.927928481520885000,0.926782428883805000,0.924875275517237000,0.918249989384726000,0.906436766164344000,0.889555408970355000,0.870429201293124000,0.853104111201709000,0.823409059459611000,0.782597326522640000,0.729996452533944000,0.688004381267648000,0.651453110728179000,0.614972368917392000,0.570212401412145000,0.522915278438698000,0.479039918540480000,0.440444463088534000,0.405795461040964000,0.371874895998684000,0.336135398815745000,0.299911275889119000,0.266247500211632000,0.237555296152147000,0.212859439316529000,0.190648896017191000,0.168202899204868000,0.146881304042732000,0.126131356109518000,0.109710990347731000,0.097280898284648100,0.089033760494140800,0.057462845720468200,0.057462845720468200,0.057462845720468200,0.057462845720468200,0.057462845720468200,0.057462845720468200,0.057462845720468200,0.057462845720468200,0.057462845720468200,0.057462845720468200,0.057462845720468200,0.057462845720468200,0.057462845720468200,0.057462845720468200,0.057462845720468200,0.057462845720468200,0.057462845720468200,0.057462845720468200,0.057462845720468200
2025,1,0,0.013971635448363800,0.067342312897932000,0.158795264677916000,0.292913909636178000,0.445858380881034000,0.571082643622709000,0.663086551488323000,0.730919399545389000,0.794879359803395000,0.849841306134883000,0.890984355837890000,0.913862681364356000,0.922528825912477000,0.925708244721146000,0.927680229727395000,0.930527773275784000,0.931929604200920000,0.933347494730531000,0.934937320460070000,0.937042300560996000,0.937878060073643000,0.937882360771798000,0.939736366220402000,0.943213264843410000,0.947504760652702000,0.948486649688592000,0.949089219753440000,0.949082906706641000,0.950209267657327000,0.951550748623648000,0.950763922479926000,0.948647290409264000,0.945477592460425000,0.944555472488601000,0.944580420110284000,0.943577230044193000,0.941241076411614000,0.937926632662575000,0.935536477450495000,0.933960998700102000,0.933882652457121000,0.933017447151820000,0.931254415051130000,0.924635712771190000,0.912691439661684000,0.895677993411508000,0.876419236395332000,0.860001371036394000,0.832250412468853000,0.794419898120370000,0.744797825481955000,0.705786730788304000,0.670526655097728000,0.633646225294826000,0.586793974927962000,0.537404048876106000,0.491436587495669000,0.451403480988619000,0.415971004903084000,0.381920483019879000,0.346050656043293000,0.309696103955655000,0.275567399790574000,0.246076262312870000,0.220247267169000000,0.196904095148565000,0.173325421337900000,0.151137613581027000,0.129787804120253000,0.113034698422748000,0.100272684587204000,0.091694482694597300,0.059787721525985500,0.059787721525985500,0.059787721525985500,0.059787721525985500,0.059787721525985500,0.059787721525985500,0.059787721525985500,0.059787721525985500,0.059787721525985500,0.059787721525985500,0.059787721525985500,0.059787721525985500,0.059787721525985500,0.059787721525985500,0.059787721525985500,0.059787721525985500,0.059787721525985500,0.059787721525985500,0.059787721525985500
2026,1,0,0.013983027865121600,0.067656075335452000,0.159355464070107000,0.293668350218707000,0.446735427955585000,0.572059694239966000,0.664136517901188000,0.731972222202689000,0.795881530203820000,0.850735136769376000,0.891758578832328000,0.914502403734266000,0.923065086181337000,0.926179196114420000,0.928127514788414000,0.930952105931549000,0.932329805623027000,0.933735146389645000,0.935324130927206000,0.937440258266733000,0.938286130100492000,0.938299865151500000,0.940168115695734000,0.943663885215878000,0.947978218642431000,0.948980246655198000,0.949602646401722000,0.949614526820767000,0.950758865080304000,0.952117359028564000,0.951345810453508000,0.949243371632974000,0.946080741783145000,0.945161256091267000,0.945183343742767000,0.944176455367054000,0.941835516531587000,0.938502413049540000,0.936081274929506000,0.934462400718955000,0.934341879771792000,0.933433858160515000,0.931901715237617000,0.925784380409262000,0.914611569869986000,0.898365452806139000,0.879872194158697000,0.864066746864400000,0.836763568645724000,0.799217219059836000,0.749869696393624000,0.711141803821984000,0.676055979865023000,0.639236471610764000,0.592325002854574000,0.542873789202589000,0.496847830886296000,0.456745637373384000,0.421232396698290000,0.387086808145862000,0.351120431045813000,0.314668933591759000,0.280505914437862000,0.251045058854965000,0.225310147132334000,0.202063085463564000,0.178580329977328000,0.156263111504686000,0.134558111481745000,0.117227100209372000,0.103890435119612000,0.094740993436644100,0.062243970461914400,0.062243970461914400,0.062243970461914400,0.062243970461914400,0.062243970461914400,0.062243970461914400,0.062243970461914400,0.062243970461914400,0.062243970461914400,0.062243970461914400,0.062243970461914400,0.062243970461914400,0.062243970461914400,0.062243970461914400,0.062243970461914400,0.062243970461914400,0.062243970461914400,0.062243970461914400,0.062243970461914400
2027,1,0,0.013980437061979500,0.067902343702678900,0.159756576925301000,0.294129442962073000,0.447166056686845000,0.572464999202263000,0.664522659246644000,0.732293350139257000,0.796088030987262000,0.850778347023285000,0.891641061037019000,0.914227544773470000,0.922678132747347000,0.925723776911649000,0.927646464999065000,0.930445263198122000,0.931797438028440000,0.933188815044820000,0.934775368038574000,0.936900532396546000,0.937755676604209000,0.937778838209075000,0.939659473587739000,0.943170628281250000,0.947503497104907000,0.948524674225296000,0.949166293417719000,0.949196366877139000,0.950357548829259000,0.951731707267154000,0.950976217840237000,0.948890084757827000,0.945737691756154000,0.944821761973968000,0.944840965754318000,0.943831384158174000,0.941487999277793000,0.938139559167772000,0.935689841035718000,0.934029163754807000,0.933866562119417000,0.932916605729600000,0.931617030386475000,0.926007499411225000,0.915617816133502000,0.900155766323505000,0.882446991284764000,0.867270161632354000,0.840442363414169000,0.803217923740089000,0.754194497530445000,0.715788733789242000,0.680912375651679000,0.644190666235941000,0.597266877975394000,0.547803815388025000,0.501765373498244000,0.461634172783948000,0.426075648596186000,0.391869097068791000,0.355842094353090000,0.319330061167444000,0.285166886430085000,0.255765808199461000,0.230150787640761000,0.207023156182128000,0.183659874575848000,0.161235492842770000,0.139196794938960000,0.121304854177021000,0.107406519517313000,0.097694632447336100,0.064639489971776000,0.064639489971776000,0.064639489971776000,0.064639489971776000,0.064639489971776000,0.064639489971776000,0.064639489971776000,0.064639489971776000,0.064639489971776000,0.064639489971776000,0.064639489971776000,0.064639489971776000,0.064639489971776000,0.064639489971776000,0.064639489971776000,0.064639489971776000,0.064639489971776000,0.064639489971776000,0.064639489971776000
2028,1,0,0.013977738389046400,0.068147990233249600,0.160156294204605000,0.294588071231081000,0.447593040944768000,0.572865693709644000,0.664903480637590000,0.732608655060832000,0.796288255419720000,0.850814916883902000,0.891516645496660000,0.913945671730995000,0.922284141839424000,0.925261322421076000,0.927158374647615000,0.929931367868431000,0.931258016965236000,0.932635424680483000,0.934219534697540000,0.936353716109199000,0.937218122525189000,0.937250706937719000,0.939143707823520000,0.942670214533134000,0.947021578007213000,0.948061889040781000,0.948722715413243000,0.948770974796857000,0.949948985029147000,0.951338791332124000,0.950599360860660000,0.948529543590624000,0.945387408108845000,0.944475040022535000,0.944491360873122000,0.943479094935804000,0.941133283181079000,0.937769538315109000,0.935291270055417000,0.933588818447153000,0.933384153307744000,0.932392285398637000,0.931325199778338000,0.926223324240079000,0.916616552876557000,0.901938394110255000,0.885013943805268000,0.870465612167121000,0.844113223001177000,0.807210861291939000,0.758511790630123000,0.720428332887211000,0.685761632875386000,0.649137971213369000,0.602202233451081000,0.552727711523391000,0.506677149231612000,0.466517264744955000,0.430913751028265000,0.396646525914565000,0.360559201018048000,0.323986939278031000,0.289823875006028000,0.260482780428111000,0.234987805116281000,0.211979738758612000,0.188736067741334000,0.166204737878628000,0.143832639915008000,0.125380121155248000,0.110920437603600000,0.100646393522971000,0.067033600034050800,0.067033600034050800,0.067033600034050800,0.067033600034050800,0.067033600034050800,0.067033600034050800,0.067033600034050800,0.067033600034050800,0.067033600034050800,0.067033600034050800,0.067033600034050800,0.067033600034050800,0.067033600034050800,0.067033600034050800,0.067033600034050800,0.067033600034050800,0.067033600034050800,0.067033600034050800,0.067033600034050800
2029,1,0,0.013972083589460300,0.068379069630147900,0.160521883006929000,0.294984089581117000,0.447925057795779000,0.573144928379808000,0.665143378542778000,0.732768748987861000,0.796319862789703000,0.850671429432101000,0.891203656204029000,0.913470572957225000,0.921695227742003000,0.924603355666790000,0.926474385927177000,0.929221002813301000,0.930521860704847000,0.931885016001410000,0.933466349298164000,0.935609090775342000,0.936482570953911000,0.936524565648892000,0.938429524087579000,0.941970627418931000,0.946339553728681000,0.947398767109181000,0.948078649351960000,0.948145073581612000,0.949339652767827000,0.950744803498150000,0.950021578852844000,0.947968505626989000,0.944837286423157000,0.943928670964900000,0.943942107154760000,0.942927372679263000,0.940579631882387000,0.937201303185611000,0.934695026267686000,0.932951185537526000,0.932704525335397000,0.931670980832395000,0.930836471818739000,0.926243027962492000,0.917420733541243000,0.903529103385272000,0.887392090444816000,0.873474959764816000,0.847603271847961000,0.811030604329208000,0.762666000305539000,0.724912714574428000,0.690462883012172000,0.653944960216234000,0.607007211861162000,0.557531706424988000,0.511478775436005000,0.471298722290218000,0.435657779756455000,0.401337168376289000,0.365197193548414000,0.328572478061899000,0.294416753215116000,0.265141815128916000,0.239772208162960000,0.216888504053373000,0.193769290599821000,0.171135844219739000,0.148435279422165000,0.129426422234986000,0.114408784924293000,0.103575093752572000,0.069412095039821900,0.069412095039821900,0.069412095039821900,0.069412095039821900,0.069412095039821900,0.069412095039821900,0.069412095039821900,0.069412095039821900,0.069412095039821900,0.069412095039821900,0.069412095039821900,0.069412095039821900,0.069412095039821900,0.069412095039821900,0.069412095039821900,0.069412095039821900,0.069412095039821900,0.069412095039821900,0.069412095039821900
2030,1,0,0.013971186809618200,0.068633313389087200,0.160941933737350000,0.295480319525564000,0.448409369376434000,0.573619100838928000,0.665609544153618000,0.733178164178435000,0.796622481134718000,0.850817533466304000,0.891194132903606000,0.913306594657121000,0.921420286709180000,0.924260384118356000,0.926106041410698000,0.928827229130398000,0.930102750649664000,0.931452124154907000,0.933031220236309000,0.935183247044326000,0.936066094019604000,0.936117508879099000,0.938035067614581000,0.941591965933080000,0.945979933801410000,0.947058401170069000,0.947757561747878000,0.947842164916774000,0.949053711863304000,0.950474678068902000,0.949767405505850000,0.947730369716833000,0.944608995970454000,0.943703822135977000,0.943714379590171000,0.942696832370794000,0.940346364387298000,0.936952308888315000,0.934417183434168000,0.932631379469301000,0.932342659937899000,0.931267106610760000,0.930664781168154000,0.926577967315272000,0.918536779490630000,0.905426581299925000,0.890071144441680000,0.876780182200151000,0.851380164845820000,0.815124589554406000,0.767077834608041000,0.729641716880700000,0.695396927190767000,0.658972264901296000,0.612016531731936000,0.562523204364081000,0.516452231769971000,0.476238344221860000,0.440547860094678000,0.406162206523130000,0.369957306277327000,0.333267696485327000,0.299107682794573000,0.269888906527948000,0.244635974653452000,0.221868786080915000,0.198866103280271000,0.176122885000528000,0.153086281236954000,0.133514876762122000,0.117934435992567000,0.106537672820895000,0.071813099469171000,0.071813099469171000,0.071813099469171000,0.071813099469171000,0.071813099469171000,0.071813099469171000,0.071813099469171000,0.071813099469171000,0.071813099469171000,0.071813099469171000,0.071813099469171000,0.071813099469171000,0.071813099469171000,0.071813099469171000,0.071813099469171000,0.071813099469171000,0.071813099469171000,0.071813099469171000,0.071813099469171000
2031,1,0,0.013983932360503600,0.067686696580482100,0.159260159523636000,0.293291774060838000,0.445920691021722000,0.570805001979954000,0.662439719696532000,0.729919788327846000,0.793561244995791000,0.848234452774876000,0.889076601443976000,0.911637950530812000,0.920145229416246000,0.923331572909458000,0.925480039298038000,0.928504834837647000,0.930082645333092000,0.931637410177306000,0.933325142157163000,0.935489362523000000,0.936383245216298000,0.936444937299887000,0.938344606057068000,0.941855240287205000,0.946167832593354000,0.947167905228475000,0.947788325041012000,0.947816754492235000,0.948996283494996000,0.950408550496939000,0.949690637193275000,0.947641747555190000,0.944494080669643000,0.943551185400879000,0.943511406741916000,0.942442585496188000,0.940039627497346000,0.936601549183145000,0.934032603731266000,0.932223082593118000,0.931912011639684000,0.930813389082474000,0.930284002799033000,0.926362525972759000,0.918578644377774000,0.905721128090214000,0.890616324862189000,0.877638902400117000,0.852602400831403000,0.816761460864686000,0.769118584456044000,0.732096025075195000,0.697982031863801000,0.661400504178068000,0.613992625156341000,0.564044836954834000,0.517522525652450000,0.477203463526358000,0.441752752268377000,0.407948882792774000,0.372324106991423000,0.336214179455944000,0.302403697337160000,0.273306502035702000,0.247946310693837000,0.225074130332989000,0.201966240908765000,0.179136151868908000,0.156030508857983000,0.136411325507838000,0.120786746715511000,0.109349662181486000,0.074563486112020600,0.074563486112020600,0.074563486112020600,0.074563486112020600,0.074563486112020600,0.074563486112020600,0.074563486112020600,0.074563486112020600,0.074563486112020600,0.074563486112020600,0.074563486112020600,0.074563486112020600,0.074563486112020600,0.074563486112020600,0.074563486112020600,0.074563486112020600,0.074563486112020600,0.074563486112020600,0.074563486112020600
2032,1,0,0.013978030064581000,0.066649324358537600,0.157365113925415000,0.290710915377838000,0.442835950660571000,0.567228090300132000,0.658384670585901000,0.725686128335759000,0.789439925740033000,0.844518590974887000,0.885772034871399000,0.908752395090304000,0.917642105172236000,0.921170613871220000,0.923619171694542000,0.926943688790533000,0.928821831581436000,0.930580014364388000,0.932374184076858000,0.934547716976772000,0.935451448384434000,0.935523340430885000,0.937402576353585000,0.940862240768101000,0.945093667740884000,0.946013973180936000,0.946554786041118000,0.946526976336188000,0.947672898260870000,0.949074577882079000,0.948346976297748000,0.946288960153468000,0.943119186130531000,0.942139808741259000,0.942049722377284000,0.940931027761730000,0.938478759501471000,0.935001223088580000,0.932401867959312000,0.930571031870526000,0.930238013505126000,0.929117775943353000,0.928662070728833000,0.924911243029820000,0.917395177129241000,0.904807618000491000,0.889973720459358000,0.877327302792079000,0.852687892904184000,0.817309601949351000,0.770134355878270000,0.733574944243657000,0.699637318482132000,0.662947647078218000,0.615150641234427000,0.564814798248050000,0.517902986345856000,0.477532482382358000,0.442368951479220000,0.409192244275533000,0.374195399308739000,0.338713607379195000,0.305297930069319000,0.276361189952857000,0.250927516238595000,0.227980803373190000,0.204798480931781000,0.181911933143072000,0.158768039209764000,0.139127224904358000,0.123479329126147000,0.112017160161312000,0.077215754775050300,0.077215754775050300,0.077215754775050300,0.077215754775050300,0.077215754775050300,0.077215754775050300,0.077215754775050300,0.077215754775050300,0.077215754775050300,0.077215754775050300,0.077215754775050300,0.077215754775050300,0.077215754775050300,0.077215754775050300,0.077215754775050300,0.077215754775050300,0.077215754775050300,0.077215754775050300,0.077215754775050300
2033,1,0,0.013972329885902400,0.065613753219537900,0.155473860957659000,0.288136299759548000,0.439760017811502000,0.563662149572152000,0.654342275292742000,0.721466219930582000,0.785333164382966000,0.840817727786331000,0.882482707715313000,0.905882055649185000,0.915154005051804000,0.919024444846702000,0.921772879666194000,0.925396916546046000,0.927575168945839000,0.929536625698294000,0.931437170146410000,0.933620038520797000,0.934533623222351000,0.934615707783095000,0.936474554339135000,0.939883340041121000,0.944033728725890000,0.944874346138605000,0.945335625726842000,0.945251623135034000,0.946363982033592000,0.947755102835128000,0.947017810742558000,0.944950646627197000,0.941758739085905000,0.940742896027034000,0.940602542427316000,0.939434000037903000,0.936932427829204000,0.933415416990449000,0.930785640739653000,0.928933481553451000,0.928578529287210000,0.927436678849093000,0.927054587140602000,0.923474214059673000,0.916225635600338000,0.903907632045283000,0.889344206124687000,0.877028340185386000,0.852785344866547000,0.817868819900882000,0.771160150564955000,0.735062986575286000,0.701301103095613000,0.664502860035123000,0.616316375846050000,0.565592089840919000,0.518290438615279000,0.477867965896464000,0.442990880941986000,0.410440347553566000,0.376070418646148000,0.341215740535201000,0.308194068992971000,0.279417242654856000,0.253909788685425000,0.230888281393245000,0.207631260605600000,0.184687977998904000,0.161505538336065000,0.141842833904628000,0.126171419705916000,0.114684025399747000,0.079866912309271500,0.079866912309271500,0.079866912309271500,0.079866912309271500,0.079866912309271500,0.079866912309271500,0.079866912309271500,0.079866912309271500,0.079866912309271500,0.079866912309271500,0.079866912309271500,0.079866912309271500,0.079866912309271500,0.079866912309271500,0.079866912309271500,0.079866912309271500,0.079866912309271500,0.079866912309271500,0.079866912309271500
2034,1,0,0.013966486033758200,0.064578340533079200,0.153582518842381000,0.285560750535280000,0.436681955190309000,0.560093167959035000,0.650296269613801000,0.717242134910396000,0.781221454722417000,0.837110991849397000,0.879186725468770000,0.903004466595791000,0.912658241174507000,0.916870288572139000,0.919918323541109000,0.923841594354568000,0.926319685379583000,0.928484227393780000,0.930491038542784000,0.932683211500490000,0.933606631656461000,0.933698899442103000,0.935537353730165000,0.938895266538741000,0.942964639786936000,0.943725626057186000,0.944107433158973000,0.943967284980364000,0.945046096758633000,0.946426652687508000,0.945679685919571000,0.943603403340693000,0.940389414457345000,0.939337146632651000,0.939146568801878000,0.937928232215865000,0.935377423343149000,0.931821008028639000,0.929160863707464000,0.927287418703204000,0.926910554420129000,0.925747121081124000,0.925438586141176000,0.922028564927297000,0.915047329976718000,0.902998790190314000,0.888705767174250000,0.876720310760309000,0.852873660075571000,0.818418890541375000,0.772176908638145000,0.736541993875894000,0.702956066076800000,0.666049731809749000,0.617474602656705000,0.566362733109621000,0.518672066843362000,0.478198097560631000,0.443607592369776000,0.411683061333518000,0.377939895730693000,0.343712183668098000,0.311084543174269000,0.282467804146012000,0.256886901734185000,0.233790906265725000,0.210459495804059000,0.187459768884270000,0.164239061514740000,0.144554693846445000,0.128859947075110000,0.117347470252407000,0.082515032175333500,0.082515032175333500,0.082515032175333500,0.082515032175333500,0.082515032175333500,0.082515032175333500,0.082515032175333500,0.082515032175333500,0.082515032175333500,0.082515032175333500,0.082515032175333500,0.082515032175333500,0.082515032175333500,0.082515032175333500,0.082515032175333500,0.082515032175333500,0.082515032175333500,0.082515032175333500,0.082515032175333500
2035,1,0,0.013962400314135900,0.063551773736109000,0.151711808470572000,0.283022893763847000,0.433660920676961000,0.556597061912974000,0.646334806649775000,0.713111126547678000,0.777210776694167000,0.833512018627308000,0.876003498107113000,0.900242326240363000,0.910278867015573000,0.914832808218667000,0.918180613210483000,0.922403398007562000,0.925181425785346000,0.927549180570532000,0.929662434926107000,0.931864181158527000,0.932797545746867000,0.932900001108040000,0.934718308502156000,0.938025806273727000,0.942014732711523000,0.942696239998325000,0.942998679040754000,0.942802407575257000,0.943847831556278000,0.945218003497476000,0.944461275121838000,0.942375619809861000,0.939139161648356000,0.938050362794518000,0.937809572491333000,0.936541324090790000,0.933940993201533000,0.930344754782435000,0.927653929898329000,0.925758978926610000,0.925360170870230000,0.924175023858794000,0.923939954666234000,0.920699736010079000,0.913984777840415000,0.902203997211148000,0.888179389947526000,0.876522603058056000,0.853069020562396000,0.819071351310449000,0.773289917890021000,0.738112448646644000,0.704698133598664000,0.667679150063402000,0.618709551838729000,0.567203955311477000,0.519118561235108000,0.478588049066248000,0.444279575933737000,0.412976593136462000,0.379855507791263000,0.346250017734260000,0.314012030728391000,0.285551671412535000,0.259894160180492000,0.236720828963581000,0.213312151621155000,0.190253132082929000,0.166991268032179000,0.147282780463179000,0.131562746677786000,0.120023759370613000,0.085171632770088200,0.085171632770088200,0.085171632770088200,0.085171632770088200,0.085171632770088200,0.085171632770088200,0.085171632770088200,0.085171632770088200,0.085171632770088200,0.085171632770088200,0.085171632770088200,0.085171632770088200,0.085171632770088200,0.085171632770088200,0.085171632770088200,0.085171632770088200,0.085171632770088200,0.085171632770088200,0.085171632770088200
2036,1,0,0.013977301110832300,0.063354628427971100,0.151373888660454000,0.282620359286385000,0.433244506067718000,0.556137203475356000,0.645796074762389000,0.712576857243932000,0.776785954076913000,0.833296160834961000,0.875981867239447000,0.900395442906961000,0.910577936819487000,0.915258342490619000,0.918717687160591000,0.923052945421988000,0.925941904806664000,0.928383637335191000,0.930534081812409000,0.932736596589187000,0.933669376093813000,0.933770359617620000,0.935580123898462000,0.938871765385534000,0.942836660317185000,0.943490606390970000,0.943765079675410000,0.943546115488133000,0.944575977160160000,0.945936738630709000,0.945168329937656000,0.943069576065722000,0.939808934069015000,0.938688386252621000,0.938406894860781000,0.937096848859244000,0.934453298758819000,0.930819171662597000,0.928097817742015000,0.926179580472815000,0.925759082815863000,0.924551407015989000,0.924413398382074000,0.921385608578226000,0.914997946403889000,0.903539055479563000,0.889833943289319000,0.878462562131746000,0.855245179423464000,0.821435840916303000,0.775830162503665000,0.740839764912124000,0.707579854988849000,0.670676881463478000,0.621775991266525000,0.570336396327247000,0.522320653909058000,0.481662025805099000,0.447026246722547000,0.415193335231163000,0.381540380896788000,0.347402504889629000,0.314921893950239000,0.286511244823757000,0.261194737610593000,0.238365061551370000,0.215299788203174000,0.192421088833595000,0.169175871490563000,0.149324365840515000,0.133465570487108000,0.121792283661581000,0.086780977554937800,0.086780977554937800,0.086780977554937800,0.086780977554937800,0.086780977554937800,0.086780977554937800,0.086780977554937800,0.086780977554937800,0.086780977554937800,0.086780977554937800,0.086780977554937800,0.086780977554937800,0.086780977554937800,0.086780977554937800,0.086780977554937800,0.086780977554937800,0.086780977554937800,0.086780977554937800,0.086780977554937800
2037,1,0,0.013974848156483000,0.063078588151164000,0.150847582942517000,0.281866305312785000,0.432289406511399000,0.554985925082681000,0.644454449922435000,0.711156722702656000,0.775395582896586000,0.832044725879490000,0.874871794647326000,0.899429939356089000,0.909745864604243000,0.914547032005738000,0.918113717499515000,0.922556162865767000,0.925552563174335000,0.928065305504887000,0.930250301295695000,0.932450848639759000,0.933381883544579000,0.933481268445086000,0.935280233333200000,0.938551914478683000,0.942487830029769000,0.943113377779827000,0.943359519336331000,0.943118114262868000,0.944131120130972000,0.945480771971812000,0.944701627308970000,0.942592370936925000,0.939311574947902000,0.938160642163739000,0.937838763155032000,0.936488510043400000,0.933804986856933000,0.930137452769871000,0.927388923924137000,0.925449763039705000,0.925008078920863000,0.923779354805371000,0.923738664740196000,0.920927255255065000,0.914875117648343000,0.903752641269786000,0.890384337827179000,0.879312745983539000,0.856360621635661000,0.822781790455908000,0.777408689576009000,0.742649006582507000,0.709584965446584000,0.672843957932292000,0.624072597209800000,0.572762977276406000,0.524876608993170000,0.484140269775676000,0.449219928488744000,0.416896168794593000,0.382752685666897000,0.348124365968020000,0.315441272503738000,0.287115678601611000,0.262171935614115000,0.239714587352723000,0.217021683148637000,0.194351891882763000,0.171152218668217000,0.151182233267806000,0.135204257461088000,0.123411055644069000,0.088283930264802400,0.088283930264802400,0.088283930264802400,0.088283930264802400,0.088283930264802400,0.088283930264802400,0.088283930264802400,0.088283930264802400,0.088283930264802400,0.088283930264802400,0.088283930264802400,0.088283930264802400,0.088283930264802400,0.088283930264802400,0.088283930264802400,0.088283930264802400,0.088283930264802400,0.088283930264802400,0.088283930264802400
2038,1,0,0.013973380204987500,0.062807068232799400,0.150332049773414000,0.281132316045081000,0.431365023069731000,0.553874059933646000,0.643158593414017000,0.709787076673449000,0.774060216526336000,0.830852246827250000,0.873823654816851000,0.898528057758884000,0.908978103512050000,0.913900336936848000,0.917574584361787000,0.922124499667289000,0.925228521811140000,0.927812431008426000,0.930032122320109000,0.932230857778335000,0.933160214149942000,0.933258007875742000,0.935046303110188000,0.938298259953348000,0.942205481478326000,0.942802682931233000,0.943020518044321000,0.942756661376476000,0.943752887519839000,0.945091527909811000,0.944301595409979000,0.942181690919062000,0.938880515509310000,0.937699125215307000,0.937336847247784000,0.935946303200213000,0.933222629127688000,0.929521439099300000,0.926745549359604000,0.924785334145138000,0.924322438397716000,0.923072585326211000,0.923129183664022000,0.920533895777818000,0.914816762336800000,0.904029822724467000,0.890997291955133000,0.880224625504013000,0.857536068479553000,0.824185314849265000,0.779041530417147000,0.744510049012611000,0.711639492861985000,0.675057818080949000,0.626412515299415000,0.575229219931801000,0.527468816627800000,0.486651918842924000,0.451444635571818000,0.418627888651896000,0.383991609446534000,0.348870544598385000,0.315982723384424000,0.287740165741250000,0.263167325505806000,0.241080618819615000,0.218758380934088000,0.196295842428337000,0.173140066503382000,0.153050228007824000,0.136951979775720000,0.125038065954637000,0.089792679622483400,0.089792679622483400,0.089792679622483400,0.089792679622483400,0.089792679622483400,0.089792679622483400,0.089792679622483400,0.089792679622483400,0.089792679622483400,0.089792679622483400,0.089792679622483400,0.089792679622483400,0.089792679622483400,0.089792679622483400,0.089792679622483400,0.089792679622483400,0.089792679622483400,0.089792679622483400,0.089792679622483400
2039,1,0,0.013970966144339300,0.062531369367068600,0.149806476747659000,0.280379487567647000,0.430411676971934000,0.552724985795399000,0.641819531146851000,0.708369732159705000,0.772672788469941000,0.829603819466635000,0.872716615821999000,0.897565562963057000,0.908148984108187000,0.913191916507827000,0.916973447101727000,0.921630494294584000,0.924841898120309000,0.927496779388555000,0.929751006227635000,0.931947781367269000,0.932875396719985000,0.932971593088816000,0.934749100499449000,0.937981118241132000,0.941859389046746000,0.942428211623973000,0.942617733401238000,0.942331449248640000,0.943310832846912000,0.944638374169156000,0.943837710336816000,0.941707304281207000,0.938385978724044000,0.937174219404869000,0.936771578240457000,0.935340848640680000,0.932577219329349000,0.928842633416832000,0.926039578414493000,0.924058447497971000,0.923574377369494000,0.922303485872779000,0.922457341754446000,0.920078291229091000,0.914696456156748000,0.904245690779871000,0.891549722197455000,0.881076627811379000,0.858653101753272000,0.825532621400730000,0.780621147626802000,0.746320143484186000,0.713645245129247000,0.677225336759454000,0.628709351995885000,0.577655813113374000,0.530024574950870000,0.489129905796888000,0.453638145090941000,0.420330770802876000,0.385204178574306000,0.349592884455193000,0.316502620089210000,0.288344988709025000,0.264144612688301000,0.242429940708931000,0.220479778220923000,0.198225956451757000,0.175115634128586000,0.154907336659723000,0.138689939861613000,0.126656154583077000,0.091294927571194200,0.091294927571194200,0.091294927571194200,0.091294927571194200,0.091294927571194200,0.091294927571194200,0.091294927571194200,0.091294927571194200,0.091294927571194200,0.091294927571194200,0.091294927571194200,0.091294927571194200,0.091294927571194200,0.091294927571194200,0.091294927571194200,0.091294927571194200,0.091294927571194200,0.091294927571194200,0.091294927571194200
2040,1,0,0.013969478367537000,0.062259890337777900,0.149290975515194000,0.279645445113603000,0.429487112878420000,0.551612851863107000,0.640523364862392000,0.706999714596916000,0.771336939241345000,0.828410703936458000,0.871667705502569000,0.896662802782943000,0.907380263253984000,0.912544195031531000,0.916433229372725000,0.921197687078574000,0.924516655364745000,0.927242664778366000,0.929531566849256000,0.931726527759267000,0.932652464035968000,0.932747069867104000,0.934513910230345000,0.937726208567084000,0.941575793682021000,0.942116282993753000,0.942277511897500000,0.941968787555649000,0.942931398198329000,0.944247931504849000,0.943436486290665000,0.941295440458281000,0.937953750334584000,0.936711550188351000,0.936268530421876000,0.934797531701808000,0.931993775211499000,0.928225555314900000,0.925395156926307000,0.923392984893457000,0.922887714225727000,0.921595705978851000,0.921846802440116000,0.919683771277112000,0.914636784387485000,0.904521406986839000,0.892161065473727000,0.881986765634676000,0.859826710925398000,0.826934245239908000,0.782252041763195000,0.748179178002340000,0.715697718019069000,0.679437117984288000,0.631047200829284000,0.580119999781043000,0.532614735009893000,0.491639606834022000,0.455861096715276000,0.422061025365902000,0.386441929805662000,0.350338183971083000,0.317043340673238000,0.288968746331681000,0.265139127188637000,0.243794947382791000,0.222215302145837000,0.200168664463870000,0.177102251936451000,0.156774189724205000,0.140436603189238000,0.128282182658474000,0.092802804548021400,0.092802804548021400,0.092802804548021400,0.092802804548021400,0.092802804548021400,0.092802804548021400,0.092802804548021400,0.092802804548021400,0.092802804548021400,0.092802804548021400,0.092802804548021400,0.092802804548021400,0.092802804548021400,0.092802804548021400,0.092802804548021400,0.092802804548021400,0.092802804548021400,0.092802804548021400,0.092802804548021400
女性有配偶,,,,,,,,,,,,,,,,,,,,,,,,,,,,,,,,,,,,,,,,,,,,,,,,,,,,,,,,,,,,,,,,,,,,,,,,,,,,,,,,,,,,,,,,,,,,,
年度,性,合計,15.000000000000000000,16.000000000000000000,17.000000000000000000,18.000000000000000000,19.000000000000000000,20.000000000000000000,21.000000000000000000,22.000000000000000000,23.000000000000000000,24.000000000000000000,25.000000000000000000,26.000000000000000000,27.000000000000000000,28.000000000000000000,29.000000000000000000,30.000000000000000000,31.000000000000000000,32.000000000000000000,33.000000000000000000,34.000000000000000000,35.000000000000000000,36.000000000000000000,37.000000000000000000,38.000000000000000000,39.000000000000000000,40.000000000000000000,41.000000000000000000,42.000000000000000000,43.000000000000000000,44.000000000000000000,45.000000000000000000,46.000000000000000000,47.000000000000000000,48.000000000000000000,49.000000000000000000,50.000000000000000000,51.000000000000000000,52.000000000000000000,53.000000000000000000,54.000000000000000000,55.000000000000000000,56.000000000000000000,57.000000000000000000,58.000000000000000000,59.000000000000000000,60.000000000000000000,61.000000000000000000,62.000000000000000000,63.000000000000000000,64.000000000000000000,65.000000000000000000,66.000000000000000000,67.000000000000000000,68.000000000000000000,69.000000000000000000,70.000000000000000000,71.000000000000000000,72.000000000000000000,73.000000000000000000,74.000000000000000000,75.000000000000000000,76.000000000000000000,77.000000000000000000,78.000000000000000000,79.000000000000000000,80.000000000000000000,81.000000000000000000,82.000000000000000000,83.000000000000000000,84.000000000000000000,85.000000000000000000,86.000000000000000000,87.000000000000000000,88.000000000000000000,89.000000000000000000,90.000000000000000000,91.000000000000000000,92.000000000000000000,93.000000000000000000,94.000000000000000000,95.000000000000000000,96.000000000000000000,97.000000000000000000,98.000000000000000000,99.000000000000000000,100.000000000000000000,101.000000000000000000,102.000000000000000000,103.000000000000000000,104.000000000000000000,105.000000000000000000
2020,3,0,0.017849251751366800,0.076941537472300100,0.168178339211556000,0.324344705662239000,0.435356099513540000,0.526528217317011000,0.553440993777152000,0.625099458472701000,0.680941795355252000,0.701605818855859000,0.723242530580292000,0.722982057778746000,0.730588387030497000,0.714568256630789000,0.703212257356628000,0.690330683632399000,0.687474716892117000,0.678681721878515000,0.681846849131949000,0.684582211217184000,0.690928667666517000,0.690376966476350000,0.697670065277497000,0.703538908065295000,0.705471265970188000,0.716675952114174000,0.729655015954120000,0.750596233804551000,0.760630786327932000,0.771419242260954000,0.774594182616176000,0.777447320720132000,0.773989923553905000,0.767970797705762000,0.764594859474001000,0.764906351385358000,0.768805469559782000,0.763536663206495000,0.760071708482234000,0.756461596297245000,0.743992889944750000,0.725106704065491000,0.703450347992689000,0.688631299808106000,0.666024422778403000,0.642358986208384000,0.606299168259644000,0.573953617414056000,0.535298888375489000,0.497193251410738000,0.456153349566279000,0.415802289695613000,0.378526457324532000,0.349796541925651000,0.317782629056534000,0.289459008384565000,0.256685301091719000,0.227610971403881000,0.200129061910648000,0.174776924904721000,0.153060716112063000,0.135304643079519000,0.121361212931369000,0.107245196352893000,0.100090562845624000,0.084809449907321800,0.072644044142609900,0.060298943134721200,0.054562091933910200,0.049257303442546800,0.037764407239129000,0.025301221817968100,0.027795263033932900,0.027795263033932900,0.027795263033932900,0.027795263033932900,0.027795263033932900,0.027795263033932900,0.027795263033932900,0.027795263033932900,0.027795263033932900,0.027795263033932900,0.027795263033932900,0.027795263033932900,0.027795263033932900,0.027795263033932900,0.027795263033932900,0.027795263033932900,0.027795263033932900,0.027795263033932900,0.027795263033932900
2021,3,0,0.014373618078755300,0.054730535981120100,0.124785939536058000,0.253649829000501000,0.397051248796061000,0.510498732539319000,0.590293210085420000,0.648267927614399000,0.695289725670777000,0.725689699140637000,0.735052788600324000,0.759038356288790000,0.747496802708170000,0.748269755939990000,0.723287809282051000,0.715979184144766000,0.705766304168550000,0.704509256273325000,0.699702450960463000,0.707015922930596000,0.712305391709315000,0.711504655932024000,0.714163281395484000,0.718429408259435000,0.729451960806886000,0.735873834681965000,0.745462945547907000,0.759282716372189000,0.768980974638411000,0.773250382930894000,0.772780854684341000,0.769560462159376000,0.769042446003364000,0.772391638604225000,0.768191232349466000,0.766693551146929000,0.762918648121655000,0.765520253120106000,0.760478828364345000,0.749306712176317000,0.740312374982952000,0.725368315214958000,0.714523877896510000,0.692853023071408000,0.673489222884151000,0.644792618702609000,0.617687203754988000,0.584729785827314000,0.551412741960052000,0.511479792626414000,0.472506798361187000,0.427720633917977000,0.391296929581729000,0.357382962424150000,0.324864448726053000,0.293324621688553000,0.259788706825635000,0.237092775018371000,0.207615156414245000,0.189178742408263000,0.164332181244653000,0.150133450996291000,0.129331004325457000,0.121506832537216000,0.105677037558954000,0.095085989212879700,0.081748817013200600,0.068667855068933200,0.061002144116002600,0.047052137115563500,0.046351646898740100,0.045972404123319400,0.027667711453815200,0.027667711453815200,0.027667711453815200,0.027667711453815200,0.027667711453815200,0.027667711453815200,0.027667711453815200,0.027667711453815200,0.027667711453815200,0.027667711453815200,0.027667711453815200,0.027667711453815200,0.027667711453815200,0.027667711453815200,0.027667711453815200,0.027667711453815200,0.027667711453815200,0.027667711453815200,0.027667711453815200
2022,3,0,0.016886892888941200,0.054488381054011500,0.115215420923111000,0.220336134973333000,0.332639839496704000,0.480315658099950000,0.598388881661261000,0.704120613539160000,0.741351384850677000,0.750396255416958000,0.763663976288420000,0.772394924732613000,0.772721135656210000,0.756672229689125000,0.737956720005574000,0.729125723840402000,0.728346291181449000,0.727321473375991000,0.716425182550840000,0.714935420869780000,0.719405687973516000,0.728747260593784000,0.728758971716509000,0.734255880323919000,0.743417277900499000,0.757258986382383000,0.767067890585266000,0.777069280165817000,0.783246568425561000,0.786918387943206000,0.790344713905264000,0.790703898909379000,0.787777602254658000,0.781866502345664000,0.781436556530501000,0.777554595341030000,0.777335113916952000,0.768827175309288000,0.764677049646920000,0.751952623413780000,0.743067372948444000,0.734403943909266000,0.721557085126322000,0.710498921302207000,0.682669803556249000,0.655508318983696000,0.627350475380371000,0.607524771120111000,0.581951288417825000,0.531152602375143000,0.476658657123279000,0.423587922483442000,0.394284349975684000,0.361688543891024000,0.332558396542781000,0.300190345037422000,0.273825440011182000,0.248242737536094000,0.224762931572776000,0.198962888162007000,0.178074179842536000,0.153850835645671000,0.135672778264048000,0.115993255445414000,0.104274362796690000,0.093139658142914700,0.079184949245184000,0.066335692833890100,0.052183305665216400,0.043336353736272700,0.033213241826349700,0.026803815322650100,0.033221936442954800,0.033221936442954800,0.033221936442954800,0.033221936442954800,0.033221936442954800,0.033221936442954800,0.033221936442954800,0.033221936442954800,0.033221936442954800,0.033221936442954800,0.033221936442954800,0.033221936442954800,0.033221936442954800,0.033221936442954800,0.033221936442954800,0.033221936442954800,0.033221936442954800,0.033221936442954800,0.033221936442954800
2023,3,0,0.016889583768511500,0.061926068066913700,0.129936101389018000,0.223314395422416000,0.346143788110976000,0.473291371952061000,0.598247949169448000,0.686395036500118000,0.738204940625076000,0.759199988701177000,0.770693582032247000,0.779280492384340000,0.777937589655803000,0.767288362752304000,0.753430200133984000,0.744662673001124000,0.741792982815198000,0.737645958072839000,0.732673325956677000,0.728943887382315000,0.731961478238906000,0.735479639781935000,0.739379177510463000,0.743257755141078000,0.751786174302109000,0.761752154363146000,0.771998176375639000,0.780062771938142000,0.786455134021850000,0.791029246385436000,0.793663681964271000,0.794098395021810000,0.791556184367023000,0.788886935732873000,0.786035129035310000,0.785080830813928000,0.781433439259792000,0.777795106232259000,0.770086254986931000,0.762350074009169000,0.753109218845009000,0.743827546327820000,0.733008273578447000,0.714986239563677000,0.691378722923707000,0.662070404761810000,0.635430316202397000,0.609407665539411000,0.575924884403251000,0.530972201098961000,0.476852306611864000,0.429898591698660000,0.390084421703448000,0.358090721153839000,0.324914366892618000,0.293815310609807000,0.263898924376550000,0.238655992261900000,0.215311610854281000,0.195242376989018000,0.174925257552320000,0.157149204972786000,0.138323594621635000,0.122214115137748000,0.107000110177373000,0.093694680601707800,0.080012403065075800,0.065588952122400800,0.053133239190330400,0.041851266945277700,0.033150692861655600,0.025262756724088200,0.031442504635246100,0.031442504635246100,0.031442504635246100,0.031442504635246100,0.031442504635246100,0.031442504635246100,0.031442504635246100,0.031442504635246100,0.031442504635246100,0.031442504635246100,0.031442504635246100,0.031442504635246100,0.031442504635246100,0.031442504635246100,0.031442504635246100,0.031442504635246100,0.031442504635246100,0.031442504635246100,0.031442504635246100
2024,3,0,0.016884993997866200,0.061628574728382200,0.129802889474896000,0.223801999158372000,0.347707632205125000,0.475930282929243000,0.601962522439119000,0.691206664250420000,0.744134886694074000,0.766268016225948000,0.778902273047889000,0.788630636786471000,0.788275881332526000,0.778461326157644000,0.765282702747174000,0.757193331434055000,0.755000194321512000,0.750941436472235000,0.745468662311291000,0.740650110554418000,0.742576754712762000,0.745003833526681000,0.747851282079031000,0.750716873421913000,0.758270139886050000,0.767260576590783000,0.776530979145137000,0.783994233870320000,0.790159395363547000,0.794880487063631000,0.797662429089145000,0.798245246371378000,0.795987959496133000,0.793739679735498000,0.791444902093090000,0.791047117275984000,0.787956970978425000,0.784974314916879000,0.778020680978270000,0.771138158905205000,0.762751371543291000,0.754323777920526000,0.743546042530510000,0.724754543856346000,0.699566121040248000,0.668678445903898000,0.640458275274490000,0.612943370424111000,0.578058358074923000,0.531794556193662000,0.476366034333483000,0.428101744626758000,0.386814105466700000,0.353183856338622000,0.318210320698023000,0.285313518526880000,0.253599065012866000,0.228266564339255000,0.206541867178788000,0.189801196274459000,0.172812707161985000,0.158364594367805000,0.141414919958041000,0.125728349239829000,0.109484720635610000,0.095149148757774200,0.080436831327990400,0.065248350977388800,0.052291882971728500,0.040773645757429400,0.031836105205597700,0.023710981764195400,0.029649719456509000,0.029649719456509000,0.029649719456509000,0.029649719456509000,0.029649719456509000,0.029649719456509000,0.029649719456509000,0.029649719456509000,0.029649719456509000,0.029649719456509000,0.029649719456509000,0.029649719456509000,0.029649719456509000,0.029649719456509000,0.029649719456509000,0.029649719456509000,0.029649719456509000,0.029649719456509000,0.029649719456509000
2025,3,0,0.016887199722689300,0.061355923910858700,0.129721931553233000,0.224379596312351000,0.349411179819911000,0.478760344946586000,0.605918812720665000,0.696295767723881000,0.750363449968881000,0.773643407109538000,0.787423250681109000,0.798296821565959000,0.798929931144432000,0.789945980313744000,0.777441496858388000,0.770026930320856000,0.768509368222262000,0.764537231484248000,0.758562183525981000,0.752652733241887000,0.753489360013155000,0.754826486812905000,0.756623140564792000,0.758477041777102000,0.765058332772093000,0.773076981748468000,0.781375633147032000,0.788240635274844000,0.794181109228066000,0.799051059376263000,0.801981606534398000,0.802712741672630000,0.800739429982747000,0.798911154922664000,0.797172404245254000,0.797330894201596000,0.794796670968236000,0.792468399042337000,0.786267077531343000,0.780235324205151000,0.772699109084547000,0.765122082372477000,0.754381541309803000,0.734813124527982000,0.708033882380571000,0.675554643406733000,0.645743257401962000,0.616725236474063000,0.580424152440985000,0.532830799606294000,0.476071529584659000,0.426477427596271000,0.383699912315433000,0.348419812153993000,0.311635274788784000,0.276927742181404000,0.243402712684024000,0.217970461807094000,0.197856477829975000,0.184437163274739000,0.170769998138307000,0.159643541175254000,0.144562717033266000,0.129292682806194000,0.112013039144669000,0.096641701463278400,0.080893569014818900,0.064934055106111800,0.051471688777955000,0.039712584783295000,0.030534514573324000,0.022168967601660600,0.027869118957591600,0.027869118957591600,0.027869118957591600,0.027869118957591600,0.027869118957591600,0.027869118957591600,0.027869118957591600,0.027869118957591600,0.027869118957591600,0.027869118957591600,0.027869118957591600,0.027869118957591600,0.027869118957591600,0.027869118957591600,0.027869118957591600,0.027869118957591600,0.027869118957591600,0.027869118957591600,0.027869118957591600
2026,3,0,0.016905744478171500,0.061321528554682200,0.129684484646017000,0.224391615807087000,0.349529666623838000,0.478990040431673000,0.606257311162612000,0.697352535031174000,0.752748470642534000,0.777972729163329000,0.793686441521946000,0.806490689657220000,0.809160609874819000,0.802320287662500000,0.792072945734580000,0.786921110239987000,0.787672755006684000,0.784439706435326000,0.777674123941331000,0.769446787961607000,0.767972937272567000,0.767000136238400000,0.766909072606505000,0.767297025120106000,0.772839264639577000,0.779820440581663000,0.787081926431876000,0.793306315706076000,0.799003288594082000,0.804026689139690000,0.807108556930987000,0.807988597408029000,0.806214837274161000,0.804639889160567000,0.803208179859093000,0.803675794654835000,0.801447739245591000,0.799641486524767000,0.794173556226353000,0.789091005539407000,0.782502340926460000,0.775872819904612000,0.765867911067375000,0.746817032701906000,0.720339010932992000,0.688154732860109000,0.658641237471213000,0.629691640245969000,0.593220643835839000,0.545214639816850000,0.488032653017106000,0.438023702712601000,0.394656021980931000,0.358611186888771000,0.320877459687725000,0.285223018116767000,0.250752378226997000,0.224059592498292000,0.202367102367297000,0.187052821858799000,0.171490418590858000,0.158471513586578000,0.142524516796460000,0.127418720038811000,0.111331724884405000,0.097155131325058600,0.082601329219749200,0.067267618732947900,0.053865503288985900,0.041600225832100800,0.031918816533940300,0.023050822750191500,0.028263973604879400,0.028263973604879400,0.028263973604879400,0.028263973604879400,0.028263973604879400,0.028263973604879400,0.028263973604879400,0.028263973604879400,0.028263973604879400,0.028263973604879400,0.028263973604879400,0.028263973604879400,0.028263973604879400,0.028263973604879400,0.028263973604879400,0.028263973604879400,0.028263973604879400,0.028263973604879400,0.028263973604879400
2027,3,0,0.016902391328514600,0.061207612351488300,0.129478896575823000,0.224112771625727000,0.349195171506682000,0.478599037072741000,0.605810234550308000,0.697506288466278000,0.754159863657086000,0.781297474921947000,0.798926426382526000,0.813646490693963000,0.818351592885513000,0.813665694661446000,0.805690808199671000,0.802810417509098000,0.805832336161087000,0.803343231572895000,0.795795173476919000,0.785258531583601000,0.781474035469009000,0.778190489629197000,0.776210128480283000,0.775130310642761000,0.779625379665998000,0.785559099707726000,0.791773074059850000,0.797348205634835000,0.802794073530593000,0.807964550780050000,0.811193880366187000,0.812221819356872000,0.810650089584967000,0.809330737883615000,0.808208202067265000,0.808984613628966000,0.807065889655162000,0.805784467154493000,0.801057675793956000,0.796931770053896000,0.791300049116197000,0.785627479873214000,0.776371834199779000,0.757863655107795000,0.731721447637916000,0.699874115664647000,0.670697036642169000,0.641853451473079000,0.605259666477466000,0.556902869305716000,0.499371909352535000,0.449012563167253000,0.405110402757410000,0.368346869003292000,0.329712011578842000,0.293156027371059000,0.257783610044738000,0.229863756835145000,0.206619460090459000,0.189428360534756000,0.171989187433221000,0.157093008108227000,0.140299731249055000,0.125377901058336000,0.110505480568279000,0.097543082756963200,0.084203551216662300,0.069516083910886000,0.056191646454063600,0.043435639425569800,0.033262988061563000,0.023903590876041100,0.028622545421173800,0.028622545421173800,0.028622545421173800,0.028622545421173800,0.028622545421173800,0.028622545421173800,0.028622545421173800,0.028622545421173800,0.028622545421173800,0.028622545421173800,0.028622545421173800,0.028622545421173800,0.028622545421173800,0.028622545421173800,0.028622545421173800,0.028622545421173800,0.028622545421173800,0.028622545421173800,0.028622545421173800
2028,3,0,0.016899084289397200,0.061093903220370600,0.129273732604377000,0.223834631172764000,0.348861733497176000,0.478209455989877000,0.605364939400788000,0.697661829645854000,0.755572699082221000,0.784622981218283000,0.804166463967878000,0.820801628706944000,0.827541123559972000,0.825008788149937000,0.819305440764929000,0.818695592387028000,0.823986898534746000,0.822241438249612000,0.813911192814273000,0.801066126860773000,0.794971885594219000,0.789378496588969000,0.785509576983129000,0.782962564176034000,0.786410887157882000,0.791297579678809000,0.796464471676945000,0.801390616107846000,0.806585492367673000,0.811903002079839000,0.815279743924131000,0.816455525886275000,0.815085742719514000,0.814021883239475000,0.813208396131632000,0.814293484863096000,0.812683965376075000,0.811927162937763000,0.807941206010441000,0.804771557404118000,0.800096388220584000,0.795380378723944000,0.786873676508049000,0.768907933842991000,0.743101339100655000,0.711590736091650000,0.682749863584821000,0.654012172274944000,0.617295550098028000,0.568587969831674000,0.510708021755652000,0.459998284284699000,0.415561738424313000,0.378079691727394000,0.338543956710645000,0.301086688168409000,0.264812754936735000,0.235666243677253000,0.210870690073858000,0.191803465308189000,0.172488215533543000,0.155715461985730000,0.138076193957693000,0.123338218317160000,0.109679854587170000,0.097931139830237600,0.085805365132458600,0.071763847493459200,0.058517022113412200,0.045270445039124000,0.034606718182603900,0.024756086387238600,0.028981051821169100,0.028981051821169100,0.028981051821169100,0.028981051821169100,0.028981051821169100,0.028981051821169100,0.028981051821169100,0.028981051821169100,0.028981051821169100,0.028981051821169100,0.028981051821169100,0.028981051821169100,0.028981051821169100,0.028981051821169100,0.028981051821169100,0.028981051821169100,0.028981051821169100,0.028981051821169100,0.028981051821169100
2029,3,0,0.016892045225270100,0.060966764282935100,0.129040129680423000,0.223507202106183000,0.348451414529352000,0.477714447430253000,0.604786154394195000,0.697663119119442000,0.756817717120102000,0.787773080366798000,0.809225604143988000,0.827771021327590000,0.836542174402556000,0.836162643140676000,0.832730704624230000,0.834390143493061000,0.841948278848695000,0.840946393355120000,0.831836280028850000,0.816687041288716000,0.808285815279149000,0.800385232908267000,0.794629765731637000,0.790617018830100000,0.793018474545990000,0.796857700669358000,0.800977009556978000,0.805253475605644000,0.810196365995394000,0.815659643204763000,0.819182960944467000,0.820506235579376000,0.819338578073983000,0.818530289498338000,0.818025841676994000,0.819419178871215000,0.818119030246231000,0.817886693969999000,0.814641998748139000,0.812428722312837000,0.808710552402699000,0.804951559190886000,0.797195221652436000,0.779775553124025000,0.754310067945054000,0.723142950419866000,0.694644451360018000,0.666018939018015000,0.629187667814353000,0.580140281677352000,0.521924348345110000,0.470875638972542000,0.425914853535457000,0.387723015798148000,0.347295690504854000,0.308945965931542000,0.271779083767933000,0.241413105567557000,0.215072723509538000,0.194134735051880000,0.172948824896402000,0.154304351928481000,0.135823508171743000,0.121272531069579000,0.108830498939142000,0.098297320345668900,0.087387238870102600,0.073994378143056600,0.060828044372927600,0.047094124520424600,0.035941979037554700,0.025602589933093400,0.029332935075660500,0.029332935075660500,0.029332935075660500,0.029332935075660500,0.029332935075660500,0.029332935075660500,0.029332935075660500,0.029332935075660500,0.029332935075660500,0.029332935075660500,0.029332935075660500,0.029332935075660500,0.029332935075660500,0.029332935075660500,0.029332935075660500,0.029332935075660500,0.029332935075660500,0.029332935075660500,0.029332935075660500
2030,3,0,0.016890167281593700,0.060858306540745100,0.128846047994292000,0.223248186063988000,0.348147699750428000,0.477365553777263000,0.604392325483980000,0.697877415399286000,0.758293146521766000,0.791162036797474000,0.814529144065287000,0.834989467932018000,0.845793885170227000,0.847565906226309000,0.846403130217223000,0.850331165568409000,0.860157241629102000,0.859898232679437000,0.850005881508629000,0.832549060506654000,0.821839502036695000,0.811630531547238000,0.803987755025286000,0.798508822287236000,0.799864696331515000,0.802658180941655000,0.805731717178333000,0.809360153327603000,0.814052699952611000,0.819663335767360000,0.823334227784054000,0.824805321281911000,0.823839326279676000,0.823286226970150000,0.823090501351132000,0.824792349764737000,0.823801011802729000,0.824092794011706000,0.821587978703219000,0.820329894049516000,0.817567083224885000,0.814763453637037000,0.807754716705529000,0.790875515673221000,0.765743185055180000,0.734909855959958000,0.706744848651071000,0.678222716266698000,0.641265611367789000,0.591863623727010000,0.533294108188237000,0.481891019805513000,0.436392544180542000,0.397479629365991000,0.356148841158487000,0.316895422697328000,0.278824715145429000,0.247230642261600000,0.219338204764973000,0.196524047050496000,0.173461995200461000,0.152941097998134000,0.133613480089086000,0.119244960211825000,0.108014819121300000,0.098693319354274100,0.088994958606675800,0.076246323469534200,0.063156418948851900,0.048931220289470500,0.037287508975458100,0.026456463683080900,0.029693588459558000,0.029693588459558000,0.029693588459558000,0.029693588459558000,0.029693588459558000,0.029693588459558000,0.029693588459558000,0.029693588459558000,0.029693588459558000,0.029693588459558000,0.029693588459558000,0.029693588459558000,0.029693588459558000,0.029693588459558000,0.029693588459558000,0.029693588459558000,0.029693588459558000,0.029693588459558000,0.029693588459558000
2031,3,0,0.016914732504028800,0.060515061889645000,0.128271890026494000,0.222583494348467000,0.347538792180255000,0.476818710988339000,0.603904360745015000,0.697930999200643000,0.759371636304938000,0.793756822007398000,0.818626405216977000,0.840584977371621000,0.852609700572021000,0.855324992104187000,0.854837319492132000,0.859447862365563000,0.869965024115877000,0.869745359209133000,0.859241267453624000,0.840524630227311000,0.828565068816813000,0.817106823446811000,0.808423042497576000,0.802110790603511000,0.802847824256748000,0.805024559350536000,0.807481753380655000,0.810728209383544000,0.815273878523115000,0.820972527138598000,0.824728610773912000,0.826281696482174000,0.825488321786721000,0.825202615924890000,0.825368976142745000,0.827435670243226000,0.826805260971814000,0.827578942727999000,0.825671064242518000,0.825130834343167000,0.823083689784612000,0.820995667095637000,0.814763624720981000,0.798713966153919000,0.774466378176456000,0.744509500134561000,0.717224824711980000,0.689127011148555000,0.652126463505899000,0.602207439504509000,0.543107554264003000,0.491184519100420000,0.445087674457713000,0.405498958765971000,0.363401843140153000,0.323385118607305000,0.284552825129887000,0.252403821426104000,0.224159072229329000,0.201197224139417000,0.177987121374321000,0.157321869136798000,0.137495619942637000,0.122279669573490000,0.109850650712652000,0.099333049121690200,0.088438038439905500,0.075076492431879600,0.061961356106661800,0.048297449871820500,0.037218785522477600,0.026953969144081400,0.030777783716970900,0.030777783716970900,0.030777783716970900,0.030777783716970900,0.030777783716970900,0.030777783716970900,0.030777783716970900,0.030777783716970900,0.030777783716970900,0.030777783716970900,0.030777783716970900,0.030777783716970900,0.030777783716970900,0.030777783716970900,0.030777783716970900,0.030777783716970900,0.030777783716970900,0.030777783716970900,0.030777783716970900
2032,3,0,0.016907344890889300,0.060057062578099700,0.127454646200368000,0.221497325729213000,0.346272232629609000,0.475369871701572000,0.602274200082589000,0.696665177609072000,0.759015607640737000,0.794853624625481000,0.821180195115082000,0.844597025951675000,0.857820563080979000,0.861474951070927000,0.861663990408395000,0.866949018554474000,0.878138085825424000,0.877958220258435000,0.866861624073409000,0.846919273741413000,0.833731048030935000,0.821043919408098000,0.811334492264357000,0.804200007218604000,0.804316177724140000,0.805871420871796000,0.807707000463622000,0.810564950315019000,0.814954998865597000,0.820730976323039000,0.824565237227478000,0.826197462377717000,0.825578383446172000,0.825560883111733000,0.826089382905308000,0.828517386599032000,0.828249464897301000,0.829504073632343000,0.828197345968142000,0.828376722215707000,0.827049841958286000,0.825682101424219000,0.820239325385612000,0.805050395313800000,0.781734290582657000,0.752711389354526000,0.726359523644831000,0.698739580217809000,0.661765496315706000,0.611423283559083000,0.551904219360786000,0.499558870706133000,0.452950195987349000,0.412759835793734000,0.369975199264524000,0.329270045204716000,0.289748804892813000,0.257105084668520000,0.228561063025904000,0.205494784432462000,0.182180359590589000,0.161409673797216000,0.141121768330954000,0.125086291836901000,0.111480673365205000,0.099785637340171300,0.087713357060049800,0.073763537250734100,0.060647938025905600,0.047571727092695400,0.037079628924738000,0.027401023274635400,0.031804895279861400,0.031804895279861400,0.031804895279861400,0.031804895279861400,0.031804895279861400,0.031804895279861400,0.031804895279861400,0.031804895279861400,0.031804895279861400,0.031804895279861400,0.031804895279861400,0.031804895279861400,0.031804895279861400,0.031804895279861400,0.031804895279861400,0.031804895279861400,0.031804895279861400,0.031804895279861400,0.031804895279861400
2033,3,0,0.016900963050264200,0.059602987372466600,0.126645604251503000,0.220425138801284000,0.345027179759540000,0.473950321232355000,0.600680979900528000,0.695441581398315000,0.758704750621240000,0.795996535369456000,0.823780463809873000,0.848655750906618000,0.863077907998347000,0.867670844063596000,0.868536055650795000,0.874495332516411000,0.886356419970307000,0.886216310708642000,0.874527036263221000,0.853358791395041000,0.838942121738808000,0.825026360026280000,0.814291547482158000,0.806335076750752000,0.805830896392162000,0.806765245483824000,0.807979825203958000,0.810449754162848000,0.814684568398184000,0.820538153290847000,0.824450754550174000,0.826162151234966000,0.825717189574561000,0.825967675399731000,0.826858051220014000,0.829647213954353000,0.829741468896314000,0.831476687298200000,0.830770543818973000,0.831668951024209000,0.831061670275522000,0.830413544673297000,0.825759070627599000,0.811429270228227000,0.789042511749655000,0.760951110859549000,0.735529737279725000,0.708385641766596000,0.671435813724893000,0.620667779893858000,0.560726358512359000,0.507955944886287000,0.460833100700934000,0.420039209253778000,0.376565081573522000,0.335169651441926000,0.294957688178556000,0.261817723882277000,0.232972985562714000,0.209800997531170000,0.186380956916392000,0.165503695191243000,0.144753309607971000,0.127898025921382000,0.113115961128635000,0.100243757614753000,0.086994452240270200,0.072456012639116900,0.059339175344928200,0.046849408081960900,0.036942778185925000,0.027849333747136200,0.032833051396472300,0.032833051396472300,0.032833051396472300,0.032833051396472300,0.032833051396472300,0.032833051396472300,0.032833051396472300,0.032833051396472300,0.032833051396472300,0.032833051396472300,0.032833051396472300,0.032833051396472300,0.032833051396472300,0.032833051396472300,0.032833051396472300,0.032833051396472300,0.032833051396472300,0.032833051396472300,0.032833051396472300
2034,3,0,0.016892818864343900,0.059143067859157200,0.125824010358008000,0.219330816740772000,0.343747106993803000,0.472482415522299000,0.599026297753262000,0.694146293769038000,0.758314800718067000,0.797055203524990000,0.826292331641697000,0.852622220022191000,0.868240458729240000,0.873770656093976000,0.875311368493776000,0.881943691458935000,0.894474981065400000,0.894374608607564000,0.882094387793618000,0.859703515805249000,0.844060965599800000,0.828919081962023000,0.817160887835794000,0.808383969872662000,0.807260024364263000,0.807573915111813000,0.808167901451132000,0.810249884534780000,0.814329154866732000,0.820259668237149000,0.824250133289663000,0.826040454477569000,0.825769507037278000,0.826287722579829000,0.827539570386638000,0.830689290125700000,0.831145400686554000,0.833360634334614000,0.833254632907664000,0.834871359338937000,0.834983123372731000,0.835054062235183000,0.831187699763508000,0.817717789797759000,0.796261920757906000,0.769104158242676000,0.744615136412891000,0.717949319239028000,0.681027591142977000,0.629839412382690000,0.569482266516708000,0.516292672862216000,0.468661029976247000,0.427268392813318000,0.383109913723376000,0.341029130505488000,0.300131243870324000,0.266498928268389000,0.237356748772434000,0.214081565896436000,0.190558449968048000,0.169576887622542000,0.148366589739317000,0.130693966251736000,0.114738012080530000,0.100690998869904000,0.086267065515403200,0.071142032548004400,0.058025330259666500,0.046122809241501500,0.036802180835699100,0.028294346031748800,0.033856889854830900,0.033856889854830900,0.033856889854830900,0.033856889854830900,0.033856889854830900,0.033856889854830900,0.033856889854830900,0.033856889854830900,0.033856889854830900,0.033856889854830900,0.033856889854830900,0.033856889854830900,0.033856889854830900,0.033856889854830900,0.033856889854830900,0.033856889854830900,0.033856889854830900,0.033856889854830900,0.033856889854830900
2035,3,0,0.016887783622912600,0.058694369413319600,0.125026166419739000,0.218277631093768000,0.342531166217411000,0.471102432247021000,0.597482925177393000,0.692979505522056000,0.758064429622064000,0.798259436047068000,0.828954000422332000,0.856742191622143000,0.873558447735899000,0.880026191215837000,0.882242160643029000,0.889548222979546000,0.902751493652762000,0.902690808577108000,0.889817846788695000,0.866201188703737000,0.849330840929860000,0.832961010490003000,0.820178073267377000,0.810579735860851000,0.808836302069849000,0.808530275959036000,0.808504261951917000,0.810198984066034000,0.814123581001176000,0.820132052078890000,0.824201053108779000,0.826070566070800000,0.825973447390607000,0.826759279051274000,0.828372546886253000,0.831883120954921000,0.832700888729295000,0.835396170163524000,0.835889823327487000,0.838224605770646000,0.839054874400372000,0.839844330027510000,0.836764754448302000,0.824151590440426000,0.803621944269377000,0.777392104185972000,0.753830209316647000,0.727637399982661000,0.690736968747361000,0.639119571290022000,0.578335939720423000,0.524717723930488000,0.476568930914309000,0.434570412624395000,0.389720005485055000,0.346946674919094000,0.305355888349948000,0.271225428351967000,0.241780687271614000,0.218398115222139000,0.194767684021663000,0.173678048843356000,0.152004301744546000,0.133511730005031000,0.116379871332408000,0.101156384622457000,0.085556090117192500,0.069842143295067100,0.056723166848326400,0.045405248080145600,0.036668452339762600,0.028744207931895100,0.034886148194208700,0.034886148194208700,0.034886148194208700,0.034886148194208700,0.034886148194208700,0.034886148194208700,0.034886148194208700,0.034886148194208700,0.034886148194208700,0.034886148194208700,0.034886148194208700,0.034886148194208700,0.034886148194208700,0.034886148194208700,0.034886148194208700,0.034886148194208700,0.034886148194208700,0.034886148194208700,0.034886148194208700
2036,3,0,0.016904473185066700,0.058597418609439500,0.124876974094698000,0.218139962443799000,0.342472820924061000,0.471127677361546000,0.597589595641037000,0.693512322052490000,0.759368579650160000,0.800685563930500000,0.832492717231111000,0.861390625096841000,0.878961295644329000,0.885828767430804000,0.888095804215047000,0.895457964256225000,0.908723160623570000,0.908616509926366000,0.895590137578146000,0.871714668295446000,0.854592176448877000,0.837970696578807000,0.824850621189362000,0.814829259307959000,0.812581530219819000,0.811772629347883000,0.811244017305083000,0.812613990659722000,0.816392191274237000,0.822432474183190000,0.826531370338928000,0.828428604755366000,0.828417582872729000,0.829350702808919000,0.831172395534823000,0.834893269530893000,0.835918676033365000,0.838899916386443000,0.839753817397270000,0.842527131920726000,0.843794445776265000,0.845020906295260000,0.842484115374047000,0.830513917721195000,0.810729017727572000,0.785238290534083000,0.762418145184705000,0.736682169798461000,0.699945675032146000,0.648195354280657000,0.587269740772070000,0.533516624354388000,0.485036848026599000,0.442511936601619000,0.396930830003666000,0.353428852675844000,0.311110588008647000,0.276376080969400000,0.246447981864054000,0.222704101099799000,0.198712116234655000,0.177263438364942000,0.155293423046402000,0.136571078650805000,0.119274143791251000,0.103887466866690000,0.088123609761828300,0.072094092266424000,0.058510213902779100,0.046577277379974400,0.037228014711894400,0.028692106390287900,0.034236283820766600,0.034236283820766600,0.034236283820766600,0.034236283820766600,0.034236283820766600,0.034236283820766600,0.034236283820766600,0.034236283820766600,0.034236283820766600,0.034236283820766600,0.034236283820766600,0.034236283820766600,0.034236283820766600,0.034236283820766600,0.034236283820766600,0.034236283820766600,0.034236283820766600,0.034236283820766600,0.034236283820766600
2037,3,0,0.016900677443334500,0.058429339655513700,0.124576244390352000,0.217737676266608000,0.341999154980239000,0.470581661186777000,0.596971721639123000,0.693204605385217000,0.759752929333762000,0.802142647901030000,0.835024670832389000,0.864998101572784000,0.883302456684558000,0.890561634602901000,0.892877028767934000,0.900286402127513000,0.913597486341527000,0.913444964250657000,0.900280859747893000,0.876175332610308000,0.858821266590777000,0.841968100050181000,0.828526538245724000,0.818093980625321000,0.815344296764689000,0.814033118044809000,0.813002165217824000,0.814045480663418000,0.817672591808705000,0.823737386503734000,0.827861230365830000,0.829783906851227000,0.829859060865967000,0.830938450048566000,0.832966517847420000,0.836893340473005000,0.838125300847069000,0.841389103452587000,0.842602491935147000,0.845811310489032000,0.847514466533399000,0.849176778414457000,0.847186262632226000,0.835874037075742000,0.816858442670907000,0.792138302256466000,0.770088144031900000,0.744840558345947000,0.708312671196962000,0.656492077130396000,0.595498250533113000,0.541675310509435000,0.492923083829634000,0.449922942276590000,0.403665849123986000,0.359487418392433000,0.316492434529871000,0.281195537669723000,0.250820001745900000,0.226743327791120000,0.202418605444911000,0.180636619018278000,0.158396749706782000,0.139467159586529000,0.122025996442412000,0.106494662302691000,0.090586232674959300,0.074260340659656600,0.060227676982073800,0.047693722793153500,0.037742862319099900,0.028605173560390100,0.033544409001879300,0.033544409001879300,0.033544409001879300,0.033544409001879300,0.033544409001879300,0.033544409001879300,0.033544409001879300,0.033544409001879300,0.033544409001879300,0.033544409001879300,0.033544409001879300,0.033544409001879300,0.033544409001879300,0.033544409001879300,0.033544409001879300,0.033544409001879300,0.033544409001879300,0.033544409001879300,0.033544409001879300
2038,3,0,0.016896528475818400,0.058260112348601100,0.124273039217139000,0.217331005433414000,0.341518527734269000,0.470026016753823000,0.596341598245316000,0.692882472125161000,0.760121139278773000,0.803582197549265000,0.837537894239418000,0.868585712772384000,0.887623023138907000,0.895273570612604000,0.897637250795226000,0.905093659645350000,0.918450330531854000,0.918251961809632000,0.904950466403787000,0.880615495885395000,0.863030329060794000,0.845945938748715000,0.832183323969109000,0.821339983004782000,0.818088638037621000,0.816275445070863000,0.814742409204011000,0.815459198346663000,0.818935214841435000,0.825024382407624000,0.829173075627220000,0.831121141837329000,0.831282429670120000,0.832507996682714000,0.834742299962154000,0.838874891940731000,0.840313283232744000,0.843859446734724000,0.845432128250254000,0.849076178754486000,0.851214936376090000,0.853312859861268000,0.851868404293484000,0.841214079222424000,0.822967828285537000,0.799018431754867000,0.777738361956951000,0.752979466781405000,0.716660856500990000,0.664771110671367000,0.603710384258852000,0.549818784030421000,0.500795259116088000,0.457321014027957000,0.410389223678912000,0.365535585457594000,0.321865103579481000,0.286006822642786000,0.255184698243223000,0.230775893249133000,0.206119100757312000,0.184004419965785000,0.161495290649317000,0.142358949833399000,0.124773992551605000,0.109098395428001000,0.093045795390008400,0.076424011079892400,0.061943067772236100,0.048808641665364600,0.038256675146594800,0.028517680716671900,0.032852154725992400,0.032852154725992400,0.032852154725992400,0.032852154725992400,0.032852154725992400,0.032852154725992400,0.032852154725992400,0.032852154725992400,0.032852154725992400,0.032852154725992400,0.032852154725992400,0.032852154725992400,0.032852154725992400,0.032852154725992400,0.032852154725992400,0.032852154725992400,0.032852154725992400,0.032852154725992400,0.032852154725992400
2039,3,0,0.016891985924099100,0.058089607614332900,0.123967079490003000,0.216919453831465000,0.341030149272565000,0.469459650029757000,0.595697832542853000,0.692544277172110000,0.760471357773316000,0.805002186927600000,0.840030209973023000,0.872151136630538000,0.891920579459412000,0.899962116042297000,0.902374002052878000,0.909877247574959000,0.923279168875894000,0.923034981745698000,0.909596477614823000,0.885032751638312000,0.867217014702812000,0.849901919648439000,0.835818739323160000,0.824565080220465000,0.820812408282994000,0.818497501705567000,0.816462676909134000,0.816853090884425000,0.820178009023646000,0.826291394318011000,0.830464826953127000,0.832438224206913000,0.832685597784303000,0.834057238749086000,0.836497619120753000,0.840835777845626000,0.842480460207037000,0.846308756344210000,0.848240509286602000,0.852319482570323000,0.854893567662284000,0.857426829595884000,0.856528187249158000,0.846531673849781000,0.829054798058711000,0.805876309937561000,0.785366430913306000,0.761096554784153000,0.724987964331821000,0.673030317563377000,0.611904155786770000,0.557945192808600000,0.508651657314832000,0.464704570678962000,0.417099529256173000,0.371572081259747000,0.327227471520541000,0.290808935014030000,0.259541173662328000,0.234800980090057000,0.209812865690319000,0.187366179556175000,0.164588455872607000,0.145245918861260000,0.127517653231813000,0.111698234438113000,0.095501914085474100,0.078584778932579300,0.063656125676541900,0.049921844065881800,0.038769327761284400,0.028429564981835100,0.032159487056240900,0.032159487056240900,0.032159487056240900,0.032159487056240900,0.032159487056240900,0.032159487056240900,0.032159487056240900,0.032159487056240900,0.032159487056240900,0.032159487056240900,0.032159487056240900,0.032159487056240900,0.032159487056240900,0.032159487056240900,0.032159487056240900,0.032159487056240900,0.032159487056240900,0.032159487056240900,0.032159487056240900
2040,3,0,0.016890840585946000,0.057930837647481700,0.123686143041817000,0.216551646656042000,0.340610490253352000,0.468987846336027000,0.595174032753963000,0.692345413669496000,0.760974330909746000,0.806583522568699000,0.842690552443647000,0.875890683042408000,0.896395985995952000,0.904829996606102000,0.907290557062601000,0.914842131817887000,0.928291982400331000,0.928001943198716000,0.914423775010389000,0.889626432698210000,0.871576621888814000,0.854027419015202000,0.839620950007690000,0.827954848643511000,0.823700264122905000,0.820883347476617000,0.818346493620759000,0.818410720778928000,0.821585259813281000,0.827724083616874000,0.831923086297072000,0.833922202766351000,0.834255682837114000,0.835773624313039000,0.838420502978616000,0.842965031321116000,0.844816265927660000,0.848927369302621000,0.851218461124956000,0.855733030748884000,0.858742814217951000,0.861711777296614000,0.861358583785334000,0.852017651084961000,0.835306378183478000,0.812893879541990000,0.793149809055984000,0.769363908541447000,0.733458008546544000,0.681422038994131000,0.620218176092255000,0.566181026026641000,0.516607661693295000,0.472179058289983000,0.423891422703244000,0.377681239674469000,0.332653814702173000,0.295667890247113000,0.263948356406717000,0.238871912454056000,0.213547564483862000,0.190764472461172000,0.167713665972202000,0.148161113874881000,0.130286024343576000,0.114319652221252000,0.097976404095286900,0.080760616783781200,0.065381403283666700,0.051044707187030200,0.039289601343367900,0.028347193917205200,0.031473517369033700,0.031473517369033700,0.031473517369033700,0.031473517369033700,0.031473517369033700,0.031473517369033700,0.031473517369033700,0.031473517369033700,0.031473517369033700,0.031473517369033700,0.031473517369033700,0.031473517369033700,0.031473517369033700,0.031473517369033700,0.031473517369033700,0.031473517369033700,0.031473517369033700,0.031473517369033700,0.031473517369033700
女性無配偶,,,,,,,,,,,,,,,,,,,,,,,,,,,,,,,,,,,,,,,,,,,,,,,,,,,,,,,,,,,,,,,,,,,,,,,,,,,,,,,,,,,,,,,,,,,,,
年度,性,合計,15.000000000000000000,16.000000000000000000,17.000000000000000000,18.000000000000000000,19.000000000000000000,20.000000000000000000,21.000000000000000000,22.000000000000000000,23.000000000000000000,24.000000000000000000,25.000000000000000000,26.000000000000000000,27.000000000000000000,28.000000000000000000,29.000000000000000000,30.000000000000000000,31.000000000000000000,32.000000000000000000,33.000000000000000000,34.000000000000000000,35.000000000000000000,36.000000000000000000,37.000000000000000000,38.000000000000000000,39.000000000000000000,40.000000000000000000,41.000000000000000000,42.000000000000000000,43.000000000000000000,44.000000000000000000,45.000000000000000000,46.000000000000000000,47.000000000000000000,48.000000000000000000,49.000000000000000000,50.000000000000000000,51.000000000000000000,52.000000000000000000,53.000000000000000000,54.000000000000000000,55.000000000000000000,56.000000000000000000,57.000000000000000000,58.000000000000000000,59.000000000000000000,60.000000000000000000,61.000000000000000000,62.000000000000000000,63.000000000000000000,64.000000000000000000,65.000000000000000000,66.000000000000000000,67.000000000000000000,68.000000000000000000,69.000000000000000000,70.000000000000000000,71.000000000000000000,72.000000000000000000,73.000000000000000000,74.000000000000000000,75.000000000000000000,76.000000000000000000,77.000000000000000000,78.000000000000000000,79.000000000000000000,80.000000000000000000,81.000000000000000000,82.000000000000000000,83.000000000000000000,84.000000000000000000,85.000000000000000000,86.000000000000000000,87.000000000000000000,88.000000000000000000,89.000000000000000000,90.000000000000000000,91.000000000000000000,92.000000000000000000,93.000000000000000000,94.000000000000000000,95.000000000000000000,96.000000000000000000,97.000000000000000000,98.000000000000000000,99.000000000000000000,100.000000000000000000,101.000000000000000000,102.000000000000000000,103.000000000000000000,104.000000000000000000,105.000000000000000000
2020,4,0,0.015860073278811800,0.068366923134560800,0.149435999948843000,0.288198680317444000,0.446403978970958000,0.573989171648365000,0.647060373105038000,0.732656379784943000,0.807551898975045000,0.863609079346125000,0.877934931747481000,0.880777854234413000,0.879341035677504000,0.877095996948542000,0.868473501082616000,0.861903320709454000,0.863736348570150000,0.855769180428693000,0.847609052783598000,0.838512238165954000,0.851133846220789000,0.853770047700197000,0.842243866241145000,0.830802400822246000,0.833992567280963000,0.842154871904975000,0.846012915016530000,0.839558035018267000,0.847552649624476000,0.850612218745433000,0.844873257794915000,0.832669096452800000,0.829890687761692000,0.838744738320333000,0.826390241732587000,0.824028185057687000,0.815588315562269000,0.825265882572434000,0.820648441601226000,0.809594830411434000,0.801292762474546000,0.798070657651631000,0.789950785820448000,0.771935857570613000,0.740385678955463000,0.720789382699549000,0.697948712638195000,0.671055681191267000,0.648370732172763000,0.601062683461853000,0.554155131765934000,0.483642059675333000,0.444561580868699000,0.405506126745462000,0.378040848100294000,0.332301912735831000,0.300632927354929000,0.267276409554071000,0.240223827880183000,0.208795062920030000,0.181686346375355000,0.161757888586816000,0.135564949111213000,0.113925408963377000,0.091821908269119100,0.075350871362153300,0.062210395821351000,0.053354024071289200,0.045112705663262500,0.036388527836719900,0.030947573823834100,0.029890156026477000,0.012954037937762800,0.012954037937762800,0.012954037937762800,0.012954037937762800,0.012954037937762800,0.012954037937762800,0.012954037937762800,0.012954037937762800,0.012954037937762800,0.012954037937762800,0.012954037937762800,0.012954037937762800,0.012954037937762800,0.012954037937762800,0.012954037937762800,0.012954037937762800,0.012954037937762800,0.012954037937762800,0.012954037937762800
2021,4,0,0.016737384186023500,0.063731066346958000,0.145307200983440000,0.295362977744305000,0.451608223322876000,0.580423489335916000,0.659094120891128000,0.747987833402070000,0.822414637607455000,0.864487058117400000,0.881326812545675000,0.888437160810403000,0.895615650306987000,0.881834410118475000,0.876109101508036000,0.862644157510578000,0.870581249089748000,0.872352811241285000,0.868919473856130000,0.854469265094426000,0.838182994111519000,0.841877713262880000,0.839903194828468000,0.837289150292091000,0.831414141830163000,0.840641424976125000,0.846499486009917000,0.843551202524193000,0.835583433884812000,0.844116348117652000,0.850370744294455000,0.852574847942490000,0.838865022137853000,0.840317760398352000,0.842079760620852000,0.839405336442354000,0.828449445470837000,0.818842152697155000,0.825075877523131000,0.816612187426085000,0.811646962353302000,0.793254107037772000,0.792094079423369000,0.779173901045403000,0.765621799710564000,0.728763901431196000,0.709021620725328000,0.681063627722654000,0.644668138329836000,0.590583376085626000,0.538733946877413000,0.496423766751056000,0.451073012913475000,0.417848852114673000,0.386421472187726000,0.351426305849766000,0.309504679429213000,0.280869007558695000,0.257754208369171000,0.228620405016370000,0.189034402658588000,0.152059815307507000,0.128899255896741000,0.107116669124528000,0.098640788493578000,0.080752236090566900,0.071942912972602400,0.056128904214894800,0.046077785248962500,0.037425249998100500,0.031294537386935500,0.029041425264802400,0.013044965010149700,0.013044965010149700,0.013044965010149700,0.013044965010149700,0.013044965010149700,0.013044965010149700,0.013044965010149700,0.013044965010149700,0.013044965010149700,0.013044965010149700,0.013044965010149700,0.013044965010149700,0.013044965010149700,0.013044965010149700,0.013044965010149700,0.013044965010149700,0.013044965010149700,0.013044965010149700,0.013044965010149700
2022,4,0,0.023438835836055300,0.075629319549587800,0.159917834178204000,0.305824317733010000,0.464024712959459000,0.583610783496402000,0.648651371999737000,0.733015576291599000,0.808696503508559000,0.863656985455129000,0.881458775716421000,0.885658497164279000,0.889977191035132000,0.888802963278776000,0.882382615225078000,0.875873433238162000,0.862801862180327000,0.868583621186472000,0.860178927564553000,0.858911558996293000,0.849339828337548000,0.843216226811457000,0.843633298419770000,0.840786936792996000,0.841452873301734000,0.844018643344002000,0.850049833057064000,0.847645925528378000,0.843448308620678000,0.838681354881452000,0.849990015247377000,0.847138204476007000,0.850951948239329000,0.838251047103561000,0.846035747172077000,0.840109055373110000,0.842312283611149000,0.836052649607159000,0.834949649690087000,0.834669806415764000,0.822326386524451000,0.804013796171402000,0.789109391497780000,0.774657005859257000,0.756618761909104000,0.730886886193301000,0.703133963651818000,0.687291919141924000,0.663495976312683000,0.608609053072490000,0.551132137651788000,0.496632558874149000,0.469703651224018000,0.433328108199382000,0.393238999189402000,0.351523233730434000,0.320765157267832000,0.285692232406297000,0.259877521520243000,0.226654017290783000,0.193759638003072000,0.164186900842464000,0.137279167094701000,0.124284898305962000,0.101227526925416000,0.090405122720018500,0.066676456404812800,0.059950067486121100,0.044035728955272700,0.041039359018455000,0.032359591076922500,0.025498460642226600,0.014720459449880900,0.014720459449880900,0.014720459449880900,0.014720459449880900,0.014720459449880900,0.014720459449880900,0.014720459449880900,0.014720459449880900,0.014720459449880900,0.014720459449880900,0.014720459449880900,0.014720459449880900,0.014720459449880900,0.014720459449880900,0.014720459449880900,0.014720459449880900,0.014720459449880900,0.014720459449880900,0.014720459449880900
2023,4,0,0.023442570749571700,0.086202631685027500,0.181550116297036000,0.313583648143061000,0.458728686082289000,0.576914130418957000,0.670483589246647000,0.747080502704895000,0.817981679690053000,0.864356684277813000,0.886900823498542000,0.892561676817850000,0.892916218264381000,0.890750207842577000,0.885994365729244000,0.877272110579193000,0.872617872573068000,0.867446487494546000,0.866325254388974000,0.860200166703879000,0.854835564212626000,0.850032531250522000,0.847273026385493000,0.846578442693541000,0.846401587139400000,0.849184386902937000,0.850943742263620000,0.850748730805260000,0.847254219384663000,0.848631747022098000,0.850457948188469000,0.855144837625809000,0.851205766229284000,0.850191265031283000,0.845307936227773000,0.845393442192765000,0.840796757491688000,0.838566449345305000,0.836266541851368000,0.832696605630271000,0.823389225163671000,0.809206214102865000,0.795257244582182000,0.782336880576384000,0.766743926589169000,0.746716753833071000,0.727421764209824000,0.707007701630008000,0.675783044160755000,0.628913398173541000,0.571807576023769000,0.524022577414778000,0.483662402706362000,0.448496395630122000,0.408790562822822000,0.370957517245441000,0.334796799489222000,0.304017445583192000,0.272496319198080000,0.241781658115538000,0.209814121997788000,0.179952178174110000,0.156103238135836000,0.133805009369339000,0.116247988111121000,0.095112264178583600,0.079421068498926100,0.062377344078107100,0.052590539490598400,0.042497557969494000,0.035422793348311800,0.027059569948212800,0.015385160748527300,0.015385160748527300,0.015385160748527300,0.015385160748527300,0.015385160748527300,0.015385160748527300,0.015385160748527300,0.015385160748527300,0.015385160748527300,0.015385160748527300,0.015385160748527300,0.015385160748527300,0.015385160748527300,0.015385160748527300,0.015385160748527300,0.015385160748527300,0.015385160748527300,0.015385160748527300,0.015385160748527300
2024,4,0,0.023436200194527200,0.086039456237300900,0.182564694367345000,0.317109424334798000,0.466105511417053000,0.588149331208220000,0.685583854922738000,0.763715914626448000,0.833819254725353000,0.877068556495381000,0.896493468973090000,0.899039683608568000,0.897300786565294000,0.894061780813098000,0.889253405355687000,0.880479694740467000,0.875772895779189000,0.870663849907230000,0.869718614999320000,0.863885644943342000,0.858812953418172000,0.854301678814759000,0.851634812148231000,0.850833740680991000,0.850351691829883000,0.852828494005519000,0.854282129900909000,0.854082303170369000,0.850884246212727000,0.852857277419821000,0.855278860228121000,0.860560353910906000,0.856596901390300000,0.854935894823926000,0.848785782524167000,0.847603154704337000,0.841739608611030000,0.838999813004372000,0.836948453962351000,0.834385428323913000,0.826086517599365000,0.812913301240805000,0.800910950293189000,0.790873812807284000,0.779101699092417000,0.762896571614512000,0.747423428297552000,0.729067508888587000,0.698139925140898000,0.649807597179947000,0.591241874753224000,0.541994442918994000,0.500559623605451000,0.464707366728505000,0.424706324152748000,0.386577559874070000,0.350120668958867000,0.319123825443721000,0.287465556971173000,0.256693680586855000,0.224669269638067000,0.194749878785371000,0.170220603157657000,0.146620362876226000,0.127138787155266000,0.104079481278003000,0.086463224094602400,0.067839765115623900,0.056816213284504900,0.045831527117643400,0.037864237645569400,0.028608839535254900,0.016043155445242300,0.016043155445242300,0.016043155445242300,0.016043155445242300,0.016043155445242300,0.016043155445242300,0.016043155445242300,0.016043155445242300,0.016043155445242300,0.016043155445242300,0.016043155445242300,0.016043155445242300,0.016043155445242300,0.016043155445242300,0.016043155445242300,0.016043155445242300,0.016043155445242300,0.016043155445242300,0.016043155445242300
2025,4,0,0.023439261718181500,0.085910927761011800,0.183652596783061000,0.320762313801403000,0.473668865334870000,0.599619628741825000,0.700957881304318000,0.780656312409626000,0.849990139178396000,0.890131583692740000,0.906445526681093000,0.905878566924872000,0.902045827124940000,0.897732674062341000,0.892869837693061000,0.884041148165303000,0.879279901561324000,0.874231130117745000,0.873461488183729000,0.867918247223288000,0.863135384110555000,0.858914011258735000,0.856338696515744000,0.855430829937850000,0.854643436883509000,0.856815281377291000,0.857963825932309000,0.857759104195153000,0.854856172894628000,0.857425417599046000,0.860443272499978000,0.866321411871997000,0.862331986699001000,0.860023897600478000,0.852604705693105000,0.850153647179355000,0.843021058913223000,0.839770745216238000,0.837967074035841000,0.836409785438796000,0.829115862464044000,0.816946997113749000,0.806886159986882000,0.799727802901685000,0.791771252803366000,0.779381109847430000,0.767723046673180000,0.751417593141891000,0.720774595325535000,0.670960341993457000,0.610911357384223000,0.560181880636785000,0.517655894238044000,0.481103056787443000,0.440790748921633000,0.402350963932835000,0.365583270708098000,0.334356494555220000,0.302548363455010000,0.271706896647929000,0.239612731654965000,0.209623861741613000,0.184404475502970000,0.159492910299417000,0.138079212013596000,0.113087316204517000,0.093539180127020100,0.073328715137523200,0.061064154545504500,0.049183469151471100,0.040320574621556400,0.030169403184866400,0.016707513338359800,0.016707513338359800,0.016707513338359800,0.016707513338359800,0.016707513338359800,0.016707513338359800,0.016707513338359800,0.016707513338359800,0.016707513338359800,0.016707513338359800,0.016707513338359800,0.016707513338359800,0.016707513338359800,0.016707513338359800,0.016707513338359800,0.016707513338359800,0.016707513338359800,0.016707513338359800,0.016707513338359800
2026,4,0,0.023465001650460800,0.085955034961749600,0.183836343578275000,0.321211472803958000,0.474483324321920000,0.600769786091559000,0.702416708675572000,0.782261806216182000,0.851592677765201000,0.891560869594451000,0.907675393618114000,0.906890477056776000,0.903080733467780000,0.899034588395419000,0.894682695726464000,0.886360594779278000,0.882110403436888000,0.877236731889289000,0.876311249377968000,0.870271286071761000,0.864992535625666000,0.860275892043579000,0.857442249039680000,0.856513020159825000,0.855939531945204000,0.858328530978930000,0.859693106332393000,0.859688502192736000,0.856968298333170000,0.859711852668224000,0.862904509843127000,0.868960592523570000,0.865034585797263000,0.862688072761642000,0.855121155385610000,0.852527827181572000,0.845247828181878000,0.841840995251318000,0.839869021636872000,0.838130329334379000,0.830648702942944000,0.818286780735737000,0.808644213661599000,0.802516325969666000,0.796198380694132000,0.785441973790739000,0.775418450605789000,0.760510311241545000,0.731016760483203000,0.682098778938045000,0.622934826798846000,0.573100616781556000,0.530887607544101000,0.494063008426329000,0.452883512144500000,0.413578595059231000,0.375947605953229000,0.344049254915661000,0.311754546726367000,0.280613200590203000,0.248217780611923000,0.217929967652660000,0.192404742870470000,0.167175544030534000,0.145435920178947000,0.120114169390154000,0.100242156422548000,0.079486898318662400,0.066466081558690000,0.053609372666244000,0.043773768638733300,0.032648472977280000,0.018208823225471600,0.018208823225471600,0.018208823225471600,0.018208823225471600,0.018208823225471600,0.018208823225471600,0.018208823225471600,0.018208823225471600,0.018208823225471600,0.018208823225471600,0.018208823225471600,0.018208823225471600,0.018208823225471600,0.018208823225471600,0.018208823225471600,0.018208823225471600,0.018208823225471600,0.018208823225471600,0.018208823225471600
2027,4,0,0.023460347512789700,0.085887760000408000,0.183781952192941000,0.321244655679869000,0.474683452482543000,0.601142211921729000,0.702966319275202000,0.782854713543684000,0.852092754953660000,0.891835728250951000,0.907729764969850000,0.906727713003067000,0.902945924808778000,0.899172272864350000,0.895337424810925000,0.887533155945477000,0.883799989046789000,0.879107892559470000,0.878027628962746000,0.871498325949850000,0.865730084815214000,0.860523839054173000,0.857435308595415000,0.856485902737552000,0.856127255191559000,0.858730507302926000,0.860309538922118000,0.860505238372596000,0.857971452481681000,0.860885916838944000,0.864249394959291000,0.870475730642472000,0.866618288619829000,0.864236358820432000,0.856531391930822000,0.853799027732614000,0.846380922310861000,0.842821845554415000,0.840683974333293000,0.838765968968884000,0.831106168590923000,0.818567040373622000,0.809355619097224000,0.804267071263226000,0.799597394717445000,0.790490136885166000,0.782115617408385000,0.768625374356363000,0.740320536606911000,0.692363044556824000,0.634161614137473000,0.585288075343494000,0.543443044722502000,0.506394174474540000,0.464400089840489000,0.424280212591829000,0.385833931309195000,0.353304750455160000,0.320564890457785000,0.289163763144726000,0.256508810727327000,0.225961047298153000,0.200162796694819000,0.174648382597448000,0.152610720631470000,0.126991642220967000,0.106821220709926000,0.085547584037144400,0.071786709418104300,0.057969764905152700,0.047173326039707400,0.035087451342663100,0.019687879936859400,0.019687879936859400,0.019687879936859400,0.019687879936859400,0.019687879936859400,0.019687879936859400,0.019687879936859400,0.019687879936859400,0.019687879936859400,0.019687879936859400,0.019687879936859400,0.019687879936859400,0.019687879936859400,0.019687879936859400,0.019687879936859400,0.019687879936859400,0.019687879936859400,0.019687879936859400,0.019687879936859400
2028,4,0,0.023455757376079200,0.085820739136110500,0.183728069238192000,0.321278676747090000,0.474884759661123000,0.601516083993659000,0.703517576135875000,0.783449461770760000,0.852594893086481000,0.892112841893565000,0.907786520288400000,0.906567415803527000,0.902813561969301000,0.899312285801611000,0.895994268506829000,0.888707607037463000,0.885491251002981000,0.880980645609060000,0.879745659041919000,0.872727191800700000,0.866469637532100000,0.860773968679832000,0.857430642997426000,0.856461065594656000,0.856317173128262000,0.859134600808445000,0.860928008390420000,0.861323933037994000,0.858976484960226000,0.862061799730988000,0.865596040413000000,0.871992578525155000,0.868203663972607000,0.865786325050367000,0.857943342615840000,0.855071989957623000,0.847515812865044000,0.843804542829532000,0.841500833693640000,0.839403580826997000,0.831565656358297000,0.818849358715649000,0.810068888973466000,0.806019258054863000,0.802997188512579000,0.795538405919220000,0.788812218317360000,0.776739277235283000,0.749622609184430000,0.702625101152644000,0.645385659030411000,0.597472283483953000,0.555994975625670000,0.518721824425844000,0.475913361075037000,0.434978738411383000,0.395717384266163000,0.362557535918582000,0.329372612728044000,0.297711723371874000,0.264797254228643000,0.233989561791360000,0.207918324565551000,0.182118739963704000,0.159783098901010000,0.133866742116194000,0.113397976173312000,0.091606108779242200,0.077105431389553800,0.062328592937189200,0.050571669154987300,0.037525561825886800,0.021166406129698100,0.021166406129698100,0.021166406129698100,0.021166406129698100,0.021166406129698100,0.021166406129698100,0.021166406129698100,0.021166406129698100,0.021166406129698100,0.021166406129698100,0.021166406129698100,0.021166406129698100,0.021166406129698100,0.021166406129698100,0.021166406129698100,0.021166406129698100,0.021166406129698100,0.021166406129698100,0.021166406129698100
2029,4,0,0.023445987226555500,0.085734796205126600,0.183633622411287000,0.321241686728332000,0.474981012305343000,0.601756815238392000,0.703913045174179000,0.783870733673959000,0.852908333095396000,0.892192663201213000,0.907642654873676000,0.906206900105798000,0.902481792990442000,0.899253499523570000,0.896452729785276000,0.889684968952550000,0.886985818129059000,0.882657589406969000,0.881268247461362000,0.873762466225560000,0.867017281015309000,0.860833747176313000,0.857236520979375000,0.856246998618286000,0.856317761572722000,0.859348611179538000,0.861355867228601000,0.861951807029500000,0.859791101401819000,0.863046480270838000,0.866750598057644000,0.873315821026847000,0.869596229202876000,0.867144036971187000,0.859164856470493000,0.856155234887108000,0.848462740263830000,0.844600190156396000,0.842131253647925000,0.839855326410450000,0.831841118762940000,0.818950569955823000,0.810602728105550000,0.807592272985173000,0.806217469692988000,0.800407801397063000,0.795330422941008000,0.784676583942592000,0.758753350044435000,0.712725623062409000,0.656460228116409000,0.609517015110806000,0.568416369822595000,0.530927310891651000,0.487314426340517000,0.445574601955855000,0.405507349114323000,0.371724546364621000,0.338102165002889000,0.306188668448098000,0.273022114266404000,0.241961459243916000,0.215623163236338000,0.189544283403771000,0.166915780959748000,0.140708054287885000,0.119945649344397000,0.097640683609273900,0.082403860382127200,0.066670980664290600,0.053956757715735300,0.039953888210659400,0.022639350339891300,0.022639350339891300,0.022639350339891300,0.022639350339891300,0.022639350339891300,0.022639350339891300,0.022639350339891300,0.022639350339891300,0.022639350339891300,0.022639350339891300,0.022639350339891300,0.022639350339891300,0.022639350339891300,0.022639350339891300,0.022639350339891300,0.022639350339891300,0.022639350339891300,0.022639350339891300,0.022639350339891300
2030,4,0,0.023443380659804000,0.085675074800216700,0.183595291643920000,0.321302796350472000,0.475222233309424000,0.602181145247034000,0.704523221225484000,0.784531111310658000,0.853482013997945000,0.892544842796043000,0.907775982901806000,0.906123253810648000,0.902425740912010000,0.899469300454707000,0.897184650222017000,0.890933449918214000,0.888750407303021000,0.884603137543413000,0.883059097478960000,0.875063967753073000,0.867829349494801000,0.861156320167172000,0.857304229139857000,0.856294470227961000,0.856579796942717000,0.859824881227380000,0.862046485750520000,0.862842517114073000,0.860867795702250000,0.864294142851330000,0.868169179030431000,0.874905002313548000,0.871253560989479000,0.868765785146387000,0.860648042277210000,0.857499305843293000,0.849668216979728000,0.845653287328049000,0.843018456826217000,0.840563254621358000,0.832370409949783000,0.819301766237327000,0.811383775270610000,0.809411028475542000,0.809682202484345000,0.805519004527794000,0.802088015000065000,0.792849276494746000,0.768110932249533000,0.723038421613909000,0.667729381169197000,0.621741486287558000,0.581004756147532000,0.543288457414457000,0.498858260428327000,0.456300915374472000,0.415415955918522000,0.381000213056931000,0.346930338914056000,0.314754624761145000,0.281325992287828000,0.250003024854050000,0.223389769486880000,0.197023779506308000,0.174095661376317000,0.147588716932500000,0.126526488842909000,0.103701885453640000,0.087724652784378900,0.071031432773094400,0.057356533937187900,0.042393131807795000,0.024118429481666400,0.024118429481666400,0.024118429481666400,0.024118429481666400,0.024118429481666400,0.024118429481666400,0.024118429481666400,0.024118429481666400,0.024118429481666400,0.024118429481666400,0.024118429481666400,0.024118429481666400,0.024118429481666400,0.024118429481666400,0.024118429481666400,0.024118429481666400,0.024118429481666400,0.024118429481666400,0.024118429481666400
2031,4,0,0.023477476939073400,0.085586562505241800,0.183395145041446000,0.321007950990883000,0.474815336518192000,0.601622985376157000,0.703777995310972000,0.783691840712598000,0.852658121742841000,0.891818363796319000,0.907112256119240000,0.905497723182800000,0.901983328784992000,0.899358980950866000,0.897555296698978000,0.891779293387241000,0.890077364531950000,0.886085174278494000,0.884376822419789000,0.875884820909717000,0.868154436962484000,0.860986458726259000,0.856877303395422000,0.855848395900451000,0.856350239422340000,0.859816145214133000,0.862257082685553000,0.863289989951121000,0.861567730952820000,0.865274012202814000,0.869429635060487000,0.876450205778574000,0.872923808093800000,0.870418171878621000,0.862129783901237000,0.858817629330067000,0.850816312270650000,0.846522492074294000,0.843496565649677000,0.840536316167522000,0.831830079336028000,0.818240952054433000,0.810099309555444000,0.808200898926417000,0.808839013559117000,0.805036306833045000,0.801966873466806000,0.793518061271660000,0.769983917555215000,0.726522850235246000,0.672810364998361000,0.628432582088689000,0.588894770263353000,0.551962951787585000,0.507888639298297000,0.465689902635223000,0.425165983903821000,0.390741693482607000,0.356284777639640000,0.323345779495949000,0.289152040775346000,0.257067029593852000,0.229835732195323000,0.202989211674195000,0.179722714943308000,0.152872186819036000,0.131474293897047000,0.108270762525977000,0.091883860823285200,0.074739230505920400,0.060617311239404900,0.045205014667767400,0.026476601912404500,0.026476601912404500,0.026476601912404500,0.026476601912404500,0.026476601912404500,0.026476601912404500,0.026476601912404500,0.026476601912404500,0.026476601912404500,0.026476601912404500,0.026476601912404500,0.026476601912404500,0.026476601912404500,0.026476601912404500,0.026476601912404500,0.026476601912404500,0.026476601912404500,0.026476601912404500,0.026476601912404500
2032,4,0,0.023467223007060200,0.085336156178980700,0.182848080758414000,0.320105930424114000,0.473510372997434000,0.599926871201958000,0.701701497674548000,0.781370123179891000,0.850221415330669000,0.889405136075922000,0.904732930865207000,0.903159685253543000,0.899835239661470000,0.897548283604602000,0.896229464404937000,0.890940061080128000,0.889722952834766000,0.885893547163868000,0.884023946094218000,0.875050621860703000,0.866838582548886000,0.859188703313935000,0.854829990724238000,0.853783860352803000,0.854501492132863000,0.858181891610455000,0.860837770428873000,0.862105841760823000,0.860639557918224000,0.864619051129237000,0.869047689695228000,0.876340024838087000,0.872945464726899000,0.870426686957166000,0.861983149773209000,0.858513672595015000,0.850357080949042000,0.845792204169557000,0.842380504676846000,0.838920290717205000,0.829716599003434000,0.815632149471906000,0.807282020006965000,0.805461610148546000,0.806465832215255000,0.803031172479150000,0.800329465841243000,0.792687356063509000,0.770403129587908000,0.728637308927249000,0.676624547719309000,0.633942411850100000,0.595679485103191000,0.559602765447286000,0.515968023230930000,0.474208037671545000,0.434122138556832000,0.399754372056307000,0.364975162737449000,0.331334376512071000,0.296439397725422000,0.263652225478200000,0.235853739088403000,0.208576953486062000,0.185015720040339000,0.157872020548917000,0.136178574787920000,0.112639597043708000,0.095873589605269600,0.078309502336979600,0.063766805931952600,0.047934295802004000,0.028787117822407100,0.028787117822407100,0.028787117822407100,0.028787117822407100,0.028787117822407100,0.028787117822407100,0.028787117822407100,0.028787117822407100,0.028787117822407100,0.028787117822407100,0.028787117822407100,0.028787117822407100,0.028787117822407100,0.028787117822407100,0.028787117822407100,0.028787117822407100,0.028787117822407100,0.028787117822407100,0.028787117822407100
2033,4,0,0.023458365077082800,0.085090999761017200,0.182312273916018000,0.319223572528895000,0.472234471216862000,0.598267612396293000,0.699668183156272000,0.779096499321364000,0.847836967487631000,0.887046464808526000,0.902409040823112000,0.900876955897685000,0.897742107903506000,0.895792133738398000,0.894957706902196000,0.890154194676179000,0.889421440402499000,0.885754460360274000,0.883723630792217000,0.874268845049311000,0.865575056873755000,0.857443216582316000,0.852834892148360000,0.851771491061382000,0.852704777871705000,0.856599714054279000,0.859470516292896000,0.860973635238808000,0.859763031471364000,0.864015749548809000,0.868717443446980000,0.876281752992086000,0.873018722406160000,0.870486664840369000,0.861887605469201000,0.858260728596804000,0.849948506453255000,0.845112523815965000,0.841315163554784000,0.837355187506163000,0.827653901634564000,0.813073700234385000,0.804514759765854000,0.802772179537668000,0.804142270389561000,0.801075154937448000,0.798740715923308000,0.791904199975832000,0.770867555542465000,0.730793131843533000,0.680475635403998000,0.639485242368543000,0.602493900329994000,0.567269450125238000,0.524071340156414000,0.482747279199555000,0.443096672787270000,0.408783351972522000,0.373680054990237000,0.339336062740372000,0.303738351336330000,0.270247650859780000,0.241880793430026000,0.214172480083760000,0.190315356640095000,0.162877119387141000,0.140887078613701000,0.117011535668993000,0.099865739705077600,0.081881498352325500,0.066917507409673600,0.050664189594747900,0.031097455083567900,0.031097455083567900,0.031097455083567900,0.031097455083567900,0.031097455083567900,0.031097455083567900,0.031097455083567900,0.031097455083567900,0.031097455083567900,0.031097455083567900,0.031097455083567900,0.031097455083567900,0.031097455083567900,0.031097455083567900,0.031097455083567900,0.031097455083567900,0.031097455083567900,0.031097455083567900,0.031097455083567900
2034,4,0,0.023447061029733300,0.084837153514479200,0.181757857685102000,0.318308582165185000,0.470910270255638000,0.596547200799286000,0.697563430793417000,0.776743335937826000,0.845365885132211000,0.884597035598145000,0.899992756041443000,0.898501956693805000,0.895556871306624000,0.893943793479527000,0.893593430119197000,0.889275893980141000,0.889027154188660000,0.885522843789759000,0.883331136666811000,0.873396292028104000,0.864222078249498000,0.855609541565229000,0.850752301769570000,0.849671756036237000,0.850820414974657000,0.854929296134517000,0.858014536857046000,0.859752344249499000,0.858797327516708000,0.863322590886951000,0.868296613726783000,0.876131872784818000,0.873000600030526000,0.870455538929433000,0.861701990443962000,0.857918228476716000,0.849451378998592000,0.844345029265619000,0.840162736779353000,0.835703842225329000,0.825506404453666000,0.810432402190761000,0.801665725378484000,0.800001090185437000,0.801736592174097000,0.799037026046557000,0.797069783297042000,0.791038884144548000,0.771250950304823000,0.732870662150994000,0.684252237158057000,0.644956421052291000,0.609239440501119000,0.574870211967661000,0.532112877602157000,0.491228689187442000,0.452017148917990000,0.417761816159823000,0.382338381734588000,0.347295379979355000,0.310999263208412000,0.276809142044787000,0.247877369046174000,0.219740796974279000,0.195590533185521000,0.167860881243970000,0.145576800421181000,0.121367478801788000,0.103844014047157000,0.085441860725738300,0.070058502425114900,0.053386438549224800,0.033402554636485200,0.033402554636485200,0.033402554636485200,0.033402554636485200,0.033402554636485200,0.033402554636485200,0.033402554636485200,0.033402554636485200,0.033402554636485200,0.033402554636485200,0.033402554636485200,0.033402554636485200,0.033402554636485200,0.033402554636485200,0.033402554636485200,0.033402554636485200,0.033402554636485200,0.033402554636485200,0.033402554636485200
2035,4,0,0.023440072165761800,0.084599086703562300,0.181237256067523000,0.317452766970763000,0.469673590922104000,0.594937694710186000,0.695588436639379000,0.774534666930487000,0.843051992561677000,0.882311984616438000,0.897743651273655000,0.896293831503803000,0.893537819841523000,0.892261079376088000,0.892394337668368000,0.888561605676857000,0.888796457247056000,0.885454046027363000,0.883101184265856000,0.872684830414898000,0.863028880702850000,0.853934440666083000,0.848827587516264000,0.847729712049255000,0.849093786134548000,0.853417200088033000,0.856717278720627000,0.858689910720514000,0.857990106313071000,0.862788533569929000,0.868035586534670000,0.876143022869118000,0.873142830100864000,0.870584308169931000,0.861674783334250000,0.857733563672845000,0.849110652388155000,0.843733208542781000,0.839165515868539000,0.834207272931408000,0.823512197263845000,0.807942010662305000,0.798966149381546000,0.797379092709175000,0.799480039634085000,0.797147240403264000,0.795546546266884000,0.790319528030881000,0.771775696715642000,0.735081173957705000,0.688151566041448000,0.650541788222931000,0.616091615503434000,0.582570629365004000,0.540245873924403000,0.499793706106097000,0.461013687866930000,0.426810006492999000,0.391060178278393000,0.355312275988653000,0.318311632199114000,0.283416356282918000,0.253914794528850000,0.225345130028622000,0.200897518965492000,0.172871586657565000,0.150289602307366000,0.125742315927148000,0.107838258468949000,0.089015139264790900,0.073209915269390300,0.056116369823111000,0.035711991493967300,0.035711991493967300,0.035711991493967300,0.035711991493967300,0.035711991493967300,0.035711991493967300,0.035711991493967300,0.035711991493967300,0.035711991493967300,0.035711991493967300,0.035711991493967300,0.035711991493967300,0.035711991493967300,0.035711991493967300,0.035711991493967300,0.035711991493967300,0.035711991493967300,0.035711991493967300,0.035711991493967300
2036,4,0,0.023463237108541800,0.084606205173438600,0.181271759624595000,0.317562137259108000,0.469882014235538000,0.595218530734819000,0.695917360914303000,0.774890669329348000,0.843425206216921000,0.882673935231516000,0.898070790209704000,0.896569475421951000,0.893881485523989000,0.892795036373627000,0.893240787072384000,0.889716628048138000,0.890264072425634000,0.887019707251900000,0.884554857984002000,0.873807536293426000,0.863821370220605000,0.854397268741984000,0.849120516222207000,0.848012524596854000,0.849524736865632000,0.853999213607024000,0.857449343703670000,0.859562327749514000,0.858991846767066000,0.863916643592274000,0.869290509485299000,0.877527585557464000,0.874576919096718000,0.871999223782360000,0.862995112928032000,0.858964217237346000,0.850247003183416000,0.844720094588318000,0.839945368056981000,0.834721335942567000,0.823754801601442000,0.807908338437339000,0.798549119461167000,0.796472409114567000,0.797973749023815000,0.795036961072564000,0.792833001727717000,0.787434220043799000,0.769140550294972000,0.733113336977372000,0.686840923551278000,0.649897550660904000,0.616288850690545000,0.583782200883412000,0.542635026641593000,0.503362290630071000,0.465763356720302000,0.432395090616714000,0.397128957992742000,0.361514561516089000,0.324646185502272000,0.289885258017779000,0.260273699097246000,0.231345282386349000,0.206293316779859000,0.177659493608109000,0.154474998443347000,0.129396601908938000,0.111041342444673000,0.091839455854788600,0.075658446946128000,0.058187843386895300,0.037403134973033700,0.037403134973033700,0.037403134973033700,0.037403134973033700,0.037403134973033700,0.037403134973033700,0.037403134973033700,0.037403134973033700,0.037403134973033700,0.037403134973033700,0.037403134973033700,0.037403134973033700,0.037403134973033700,0.037403134973033700,0.037403134973033700,0.037403134973033700,0.037403134973033700,0.037403134973033700,0.037403134973033700
2037,4,0,0.023457968657564900,0.084510737184546700,0.181086482797483000,0.317286521174471000,0.469520826583894000,0.594777830378002000,0.695402680014904000,0.774307325679016000,0.842775983272847000,0.881965848377056000,0.897309195160631000,0.895758166504622000,0.893141509711601000,0.892246814571517000,0.893004755755743000,0.889793678623154000,0.890653290651752000,0.887510980438332000,0.884937046991479000,0.873871536767608000,0.863567011251101000,0.853824424122433000,0.848384041005449000,0.847267269027881000,0.848925898903459000,0.853546128102804000,0.857142240664883000,0.859393121750724000,0.858952754686201000,0.863998045846867000,0.869492305241081000,0.877849131907303000,0.874951607490070000,0.872357849818287000,0.863269998944436000,0.859154246545164000,0.850353228051711000,0.844683442416026000,0.839707313700897000,0.834223624042325000,0.822998721582339000,0.806894986041862000,0.797163465489700000,0.794599245798281000,0.795498700395449000,0.791961023672319000,0.789156011005767000,0.783591881193736000,0.765570746569640000,0.730255038104566000,0.684696429995093000,0.648464767672328000,0.615738936193141000,0.584286814115353000,0.544368014445277000,0.506323232117883000,0.469951876055596000,0.437460124793915000,0.402720820111477000,0.367283216727163000,0.330591915375093000,0.296007589344440000,0.266321855694245000,0.237069490919639000,0.211443086887676000,0.182235629563148000,0.158476276649850000,0.132896774050861000,0.114112225330392000,0.094554566012602200,0.078017106066137900,0.060190341035548200,0.039050215301653600,0.039050215301653600,0.039050215301653600,0.039050215301653600,0.039050215301653600,0.039050215301653600,0.039050215301653600,0.039050215301653600,0.039050215301653600,0.039050215301653600,0.039050215301653600,0.039050215301653600,0.039050215301653600,0.039050215301653600,0.039050215301653600,0.039050215301653600,0.039050215301653600,0.039050215301653600,0.039050215301653600
2038,4,0,0.023452209932787200,0.084413538860527400,0.180897489207117000,0.317004369813764000,0.469149946092477000,0.594324843445909000,0.694873633619115000,0.773707991358917000,0.842109362392169000,0.881239568042120000,0.896529109481735000,0.894928422902197000,0.892383120653789000,0.891680108197710000,0.892750077224091000,0.889852002292710000,0.891023617204166000,0.887983379993866000,0.885300467702227000,0.873917150924494000,0.863294632039078000,0.853233913590574000,0.847630091057736000,0.846504566313033000,0.848309510141946000,0.853075326248065000,0.856817277128538000,0.859205943164757000,0.858895638117839000,0.864061261004814000,0.869675741907588000,0.878152087347307000,0.875307740862443000,0.872697982865732000,0.863526622224423000,0.859326139451294000,0.850441540775559000,0.844629064345699000,0.839451732627930000,0.833708622646667000,0.822225709281186000,0.805865160545781000,0.795761717807612000,0.792710271752528000,0.793008105016086000,0.788869896236020000,0.785464171649957000,0.779734888297743000,0.761986539258833000,0.727382743084918000,0.682538561808288000,0.647019036635291000,0.615176346146940000,0.584778916867219000,0.546088752981691000,0.509272146384085000,0.474128555240173000,0.442513589389122000,0.408301594772970000,0.373041445782205000,0.336527906595496000,0.302120825486314000,0.272361575534948000,0.242786029409589000,0.216585995224094000,0.186805786863091000,0.162472345451649000,0.136392509610324000,0.117179267971250000,0.097266413951784900,0.080373017871289700,0.062190633219716000,0.040695701265718600,0.040695701265718600,0.040695701265718600,0.040695701265718600,0.040695701265718600,0.040695701265718600,0.040695701265718600,0.040695701265718600,0.040695701265718600,0.040695701265718600,0.040695701265718600,0.040695701265718600,0.040695701265718600,0.040695701265718600,0.040695701265718600,0.040695701265718600,0.040695701265718600,0.040695701265718600,0.040695701265718600
2039,4,0,0.023445904917132400,0.084314413551671100,0.180704356178552000,0.316714939290354000,0.468768268808946000,0.593858170341650000,0.694328585306502000,0.773090844962751000,0.841423362073956000,0.880493022518554000,0.895728428202564000,0.894078146725293000,0.891604221937122000,0.891092810052907000,0.892474621395989000,0.889889455571149000,0.891372885472292000,0.888434739974552000,0.885642967716724000,0.873942274421738000,0.863002174482156000,0.852623723942098000,0.846856677287390000,0.845722430636712000,0.847673570902102000,0.852584787428200000,0.856472413989970000,0.858998738175108000,0.858818435526108000,0.864104207277085000,0.869838716370507000,0.878434320602138000,0.875643191316598000,0.873017502344170000,0.863762889675928000,0.859477818478874000,0.850509890681608000,0.844554932967843000,0.839176622973673000,0.833174360585971000,0.821433837933028000,0.804816991239347000,0.794342054207112000,0.790803703819573000,0.790500218170328000,0.785761883086369000,0.781755835271504000,0.775861617492917000,0.758386329421215000,0.724494889846356000,0.680365818247854000,0.645558895863320000,0.614599637950546000,0.585257070981485000,0.547795817155790000,0.512207616921008000,0.478291982357631000,0.447554091437112000,0.413869936954593000,0.378787976893012000,0.342452963603509000,0.308223842080248000,0.278391810598718000,0.248493941986616000,0.221721186255293000,0.191369218861345000,0.166462554079442000,0.139883253093994000,0.120241988975903000,0.099974589281358800,0.082725835758807400,0.064188440203654700,0.042339387908744400,0.042339387908744400,0.042339387908744400,0.042339387908744400,0.042339387908744400,0.042339387908744400,0.042339387908744400,0.042339387908744400,0.042339387908744400,0.042339387908744400,0.042339387908744400,0.042339387908744400,0.042339387908744400,0.042339387908744400,0.042339387908744400,0.042339387908744400,0.042339387908744400,0.042339387908744400,0.042339387908744400
2040,4,0,0.023444315199407300,0.084232270781320300,0.180547613968143000,0.316489273311329000,0.468480953399818000,0.593511033721016000,0.693923296765195000,0.772629315665364000,0.840906738467626000,0.879923728004132000,0.895108078829310000,0.893407887404279000,0.891004818731737000,0.890684840115000000,0.892378666575504000,0.890105784843581000,0.891901222972037000,0.889064544183664000,0.886163387393708000,0.874143072307020000,0.862883299004738000,0.852185137020105000,0.846253761878463000,0.845110568247754000,0.847208247960262000,0.852265803229527000,0.856299837937592000,0.858964281781965000,0.858913901523036000,0.864320844256017000,0.870176493905418000,0.878893044700360000,0.876154553617310000,0.873512411207103000,0.864172714143430000,0.859802221597939000,0.850749189966965000,0.844650601847033000,0.839070300065767000,0.832807765915099000,0.820807360574129000,0.803930961824947000,0.793082549847591000,0.789056747743316000,0.788152084595946000,0.782812872712802000,0.778205898447009000,0.772145616888352000,0.754939784921377000,0.721753649172151000,0.678330575548010000,0.644229019062178000,0.614146672799257000,0.585852714499330000,0.549612426456114000,0.515245065003956000,0.482550155817161000,0.452682865541574000,0.419519602202323000,0.384608718791257000,0.348444867113840000,0.314386764415536000,0.284475978968009000,0.254249886201670000,0.226899219769840000,0.195969584358969000,0.170484882348797000,0.143400941293126000,0.123327850427868000,0.102701950187648000,0.085094491444219300,0.066198478042811100,0.043991032444030600,0.043991032444030600,0.043991032444030600,0.043991032444030600,0.043991032444030600,0.043991032444030600,0.043991032444030600,0.043991032444030600,0.043991032444030600,0.043991032444030600,0.043991032444030600,0.043991032444030600,0.043991032444030600,0.043991032444030600,0.043991032444030600,0.043991032444030600,0.043991032444030600,0.043991032444030600,0.043991032444030600
