,,2020,2021,2022,2023,2024,2025,2026,2027,2028,2029,2030,2031,2032,2033,2034,2035,2036,2037,2038,2039,2040,2041,2042,2043,2044,2045,2046,2047,2048,2049,2050,2051,2052,2053,2054,2055,2056,2057,2058,2059,2060,2061,2062,2063,2064,2065,2066,2067,2068,2069,2070
0,20,0.01226372920628120,0.01294880282450480,0.01357543911745090,0.01420296672160030,0.01483251760172210,0.01546084155435590,0.01537746939743180,0.01529852360858350,0.01522060740848180,0.01514440476692620,0.01506842195012750,0.01510685679103530,0.01514646923123130,0.01518716430505000,0.01522849565574480,0.01527150619682070,0.01534464584980880,0.01541642433308470,0.01548966999928010,0.01556229304670190,0.01563823941103220,0.01558326635831940,0.01552586908841500,0.01546949384794920,0.01541211711742490,0.01535704815798570,0.01528144140973310,0.01520401507909700,0.01512601379213970,0.01504758866212000,0.01496958870702190,0.01498276714637010,0.01499410494206800,0.01500442755787460,0.01501525681019380,0.01502652097796350,0.01502897367238410,0.01502898968627750,0.01502852987438850,0.01502840217311920,0.01502862241611710,0.01503106059002810,0.01503102545065280,0.01503075425883200,0.01503072577567340,0.01503123027047550,0.01503271631433070,0.01503305686256100,0.01503297270785720,0.01503289394122070,0.01503342589244240
0,21,0.02073071446309180,0.02188876886291630,0.02294804030007600,0.02400881841744230,0.02507301669810150,0.02613514096986860,0.02599420795102150,0.02586075730324950,0.02572904708124560,0.02560023347350420,0.02547179145944310,0.02553676204864080,0.02560372326191280,0.02567251456847200,0.02574238144299410,0.02581508683553420,0.02593872274077330,0.02606005771289780,0.02618387282378410,0.02630663545448290,0.02643501584897450,0.02634208892276920,0.02624506407874890,0.02614976688217610,0.02605277675810230,0.02595968771033300,0.02583188140581150,0.02570099926341060,0.02556914520984610,0.02543657468828430,0.02530472288610620,0.02532699983454520,0.02534616534295630,0.02536361478245370,0.02538192064471640,0.02540096169183750,0.02540510774780830,0.02540513481783300,0.02540435754781840,0.02540414168048270,0.02540451398116100,0.02540863549153600,0.02540857609163060,0.02540811766661910,0.02540806951844010,0.02540892232083940,0.02541143434229090,0.02541201000797990,0.02541186775213700,0.02541173460432990,0.02541263381929950
0,22,0.03427137964744870,0.03618583956919630,0.03793699453480220,0.03969064029779270,0.04144994016956340,0.04320581135361290,0.04297282522077270,0.04275220871369890,0.04253446942498390,0.04232151872989220,0.04210918234204570,0.04221658972215690,0.04232728794077260,0.04244101161333260,0.04255651338177340,0.04267670770091250,0.04288109877745010,0.04308168602212020,0.04328637335592280,0.04348932076184500,0.04370155528211410,0.04354793134536460,0.04338753285690070,0.04322999046206930,0.04306964937155330,0.04291575742041950,0.04270447196803480,0.04248810163505480,0.04227012456842690,0.04205096305893850,0.04183298971423350,0.04186981728034070,0.04190150110947550,0.04193034798625430,0.04196061067481220,0.04199208874836990,0.04199894288060290,0.04199898763193520,0.04199770267304940,0.04199734580780830,0.04199796128384080,0.04200477483804960,0.04200467663995270,0.04200391878582100,0.04200383918873210,0.04200524901543350,0.04200940181204850,0.04201035348486290,0.04201011831187800,0.04200989819601780,0.04201138475055330
0,23,0.05323483411126720,0.05620862616152370,0.05892875138134660,0.06165274563670120,0.06438552260071980,0.06711297367404100,0.06675106883508900,0.06640837813290260,0.06607015670635100,0.06573937355598760,0.06540954462878730,0.06557638396007080,0.06574833505643870,0.06592498568753480,0.06610439829203910,0.06629109998617300,0.06660858720627420,0.06692016581223340,0.06723811321825420,0.06755335793844700,0.06788302863146950,0.06764439963921670,0.06739524751832420,0.06715053185935110,0.06690146889653360,0.06666242358893460,0.06633422711352190,0.06599813212985680,0.06565954135524060,0.06531911074750870,0.06498052575427480,0.06503773119486700,0.06508694670370720,0.06513175548338700,0.06517876348895070,0.06522765939104810,0.06523830613466200,0.06523837564834300,0.06523637968045880,0.06523582535022440,0.06523678138890240,0.06524736510136870,0.06524721256711260,0.06524603536796280,0.06524591172724970,0.06524810165632010,0.06525455232860620,0.06525603059253730,0.06525566529079090,0.06525532337775950,0.06525763249063760
0,24,0.08079696319685250,0.08531042455821350,0.08943888407059780,0.09357321579666840,0.09772087744478260,0.10186045574292800,0.10131117607592500,0.10079105859054700,0.10027772433094700,0.09977567948620840,0.09927508290997850,0.09952830265856140,0.09978928076879390,0.10005739157965000,0.10032969436494400,0.10061306013778000,0.10109492513588200,0.10156782235776500,0.10205038580126400,0.10252884725381900,0.10302920367073800,0.10266702544239200,0.10228887577632700,0.10191745953315100,0.10153944518640900,0.10117663509705900,0.10067851616820400,0.10016840930905500,0.09965451447286020,0.09913782723708320,0.09862394117555910,0.09871076451135710,0.09878546115919790,0.09885346951093080,0.09892481572922740,0.09899902729517280,0.09901518634903860,0.09901529185315860,0.09901226248063640,0.09901142114807100,0.09901287217207010,0.09902893556065580,0.09902870405237970,0.09902691736293160,0.09902672970771830,0.09903005346407940,0.09903984394694630,0.09904208757629970,0.09904153314098960,0.09904101420381110,0.09904451885093450
0,25,0.12077620191694400,0.13442021630112600,0.13867945738481200,0.14294752312719500,0.14723529922533700,0.15151021005277200,0.15216555194224000,0.15286442568876400,0.15357384546285300,0.15430108762603200,0.15503130291657100,0.15503868449432100,0.15505825240559600,0.15508894604580500,0.15512613591892000,0.15518037141667600,0.15559800350215900,0.15600189554866800,0.15642069386305300,0.15683324587602200,0.15727927499193500,0.15717830581481300,0.15705285881947600,0.15693768263354900,0.15681227852867500,0.15671032562748200,0.15615235546275800,0.15557581129529100,0.15499336941220700,0.15440655547260900,0.15382407492889600,0.15352871531870500,0.15321446638464800,0.15288989777241400,0.15257055980751700,0.15225568215823600,0.15234834623834300,0.15241632088535400,0.15247946794836600,0.15254598195489400,0.15261602819156200,0.15264078790725800,0.15264043106604300,0.15263767710647000,0.15263738785929800,0.15264251101635200,0.15265760182804600,0.15266106010365300,0.15266020551057800,0.15265940563345700,0.15266480761112400
0,26,0.17004938156331300,0.18353000804403800,0.18792003069902600,0.19232183045772200,0.19674972100589100,0.20115996436261600,0.20301992780855400,0.20493779278698000,0.20686996659475900,0.20882649576585700,0.21078752292316300,0.21054906633008100,0.21032722404239800,0.21012050051196000,0.20992257747289500,0.20974768269557300,0.21010108186843600,0.21043596873957200,0.21079100192484300,0.21113764449822400,0.21152934631313200,0.21168958618723400,0.21181684186262500,0.21195790573394800,0.21208511187094100,0.21224401615790600,0.21162619475731100,0.21098321328152700,0.21033222435155300,0.20967528370813400,0.20902420868223300,0.20834666612605300,0.20764347161009800,0.20692632603389800,0.20621630388580700,0.20551233702129900,0.20568150612764700,0.20581734991754900,0.20594667341609600,0.20608054276171600,0.20621918421105400,0.20625264025386100,0.20625215807970700,0.20624843685000900,0.20624804601087700,0.20625496856862400,0.20627535970914500,0.20628003263100600,0.20627887788016600,0.20627779706310400,0.20628509637131400
0,27,0.22705168063405800,0.23056245125232200,0.23413816281555100,0.23772829999948300,0.24135009754300500,0.24494961442346800,0.24755667599010000,0.25023427949267700,0.25292941274444400,0.25565444261349400,0.25838513995502400,0.25835873409759100,0.25835264581124000,0.25836509908990700,0.25838837441113700,0.25844003605351200,0.25870947732598200,0.25895615531542100,0.25922765530138100,0.25948885780957200,0.25980543077463400,0.26002227486049900,0.26019860267726600,0.26039188969330100,0.26056814940972900,0.26078335224613600,0.26021967582396800,0.25962507968871200,0.25902061682424700,0.25840879813000600,0.25780418166115800,0.25700708041028900,0.25617833859079200,0.25533237992029700,0.25449520487315700,0.25366549901650800,0.25366120841062000,0.25361578364959000,0.25356233062772300,0.25351448278407900,0.25347250413939600,0.25355843077381000,0.25360264233660300,0.25364287032228700,0.25368719310549000,0.25374051286008500,0.25376559859978600,0.25377134735627900,0.25376992675015900,0.25376859709940000,0.25377757690833000
0,28,0.28293703103207000,0.27759489446060700,0.28035629493207600,0.28313476954124400,0.28595047408011800,0.28873926448432000,0.29209342417164700,0.29553076619837400,0.29898885889412800,0.30248238946113200,0.30598275698688400,0.30616840186510100,0.30637806758008200,0.30660969766785400,0.30685417134938000,0.30713238941145200,0.30731787278352900,0.30747634189127000,0.30766430867792000,0.30784007112091900,0.30808151523613700,0.30835496353376400,0.30858036349190700,0.30882587365265500,0.30905118694851700,0.30932268833436500,0.30881315689062400,0.30826694609589700,0.30770900929694200,0.30714231255187800,0.30658415464008300,0.30566749469452500,0.30471320557148500,0.30373843380669700,0.30277410586050700,0.30181866101171600,0.30164091069359300,0.30141421738163200,0.30117798783934900,0.30094842280644300,0.30072582406773800,0.30086422129375900,0.30095312659349800,0.30103730379456500,0.30112634020010300,0.30122605715154600,0.30125583749042800,0.30126266208155100,0.30126097562015300,0.30125939713569600,0.30127005744534700
0,29,0.33854647378665400,0.32393488815734800,0.32556694664937000,0.32721862648675000,0.32891283553608400,0.33057554646217500,0.33452429645827000,0.33856829277323200,0.34263608004973800,0.34674451587804100,0.35086083969383400,0.35141116494319400,0.35198897272627000,0.35259197761639800,0.35320975341571100,0.35386642346240600,0.35396137393816600,0.35402523292876800,0.35412307715937500,0.35420688932864800,0.35436627074440700,0.35462812164064500,0.35483471689704600,0.35506444456499300,0.35527095921947800,0.35553057294186300,0.35511318521464800,0.35465363397673100,0.35418058094741900,0.35369742236920000,0.35322407402753800,0.35227539680439000,0.35128335980392600,0.35026769623473400,0.34926405915087700,0.34827065871763900,0.34783612710778800,0.34734511934695600,0.34684312896560800,0.34634882256731900,0.34586253196569600,0.34606799120482400,0.34621652993147100,0.34635962850975700,0.34650831694239400,0.34666929702273700,0.34670357005091600,0.34671142420613000,0.34670948332361500,0.34670766670754200,0.34671993524130600
0,30,0.38801061523714900,0.36958243234254700,0.36977011796743500,0.36997987083600100,0.37023718191090400,0.37045846035703200,0.37484929284997000,0.37934685921725000,0.38387107621127400,0.38844082186422200,0.39301938807587300,0.39408702333187000,0.39518536124980500,0.39631193893554000,0.39745512061013100,0.39864213820637500,0.39863998078989200,0.39860282842791400,0.39860396074574700,0.39858931243275900,0.39865969729944700,0.39884174918114000,0.39896166289268300,0.39910760243031600,0.39922746622261400,0.39940700606862900,0.39911976079603900,0.39878514333121500,0.39843533177567800,0.39807412758197000,0.39772393982352200,0.39683078673988500,0.39588880128811500,0.39492016720441100,0.39396506474426700,0.39302149213427700,0.39224685765320600,0.39140848954556200,0.39055775400649800,0.38971568206670900,0.38888262783327100,0.38916974050700400,0.38939285235052100,0.38960984446786100,0.38983312333236200,0.39007023247365700,0.39010879628125200,0.39011763373001500,0.39011544986054600,0.39011340581493800,0.39012721029620700
0,31,0.42972912301706100,0.41086751670455800,0.40983448751740800,0.40882575403760000,0.40786917644431100,0.40687246997705300,0.41139860958971500,0.41604194319684200,0.42071445518435500,0.42543676373761400,0.43016859506531600,0.43172257317854100,0.43331008591125900,0.43492852055578700,0.43656517839697400,0.43825004479023700,0.43824246986369500,0.43819642445776300,0.43819246754592100,0.43817116337121400,0.43824333634650000,0.43835465055995300,0.43839767577969000,0.43846931256855900,0.43851231508049100,0.43862087159849400,0.43843376050716900,0.43819462251339500,0.43793878028138600,0.43767039865385600,0.43741411188275700,0.43655549234756300,0.43564316020907100,0.43470148790998200,0.43377469054713200,0.43286057615528000,0.43185805633331000,0.43078534213273200,0.42969902073006500,0.42862223705956800,0.42755537043407200,0.42784131129023500,0.42805688684163300,0.42826573562517000,0.42848149549918300,0.42871245585570200,0.42877291789028100,0.42880070954977300,0.42881638735338100,0.42883221865598500,0.42886547199907500
0,32,0.46533366672869400,0.44779014124338000,0.44576005529929000,0.44375627609154900,0.44180881913630600,0.43981757532223600,0.44417224667750400,0.44865354471200800,0.45316621696898100,0.45773234149821900,0.46230846066216300,0.46431781448320700,0.46636314671063300,0.46844172247713800,0.47053992677624100,0.47269014321399300,0.47276884115957500,0.47280602101831400,0.47288859755989700,0.47295244214401500,0.47311718788556700,0.47316682577708400,0.47314275555806800,0.47314957497972200,0.47312550579311000,0.47317216953145600,0.47305518434803700,0.47288207152327300,0.47269092646454200,0.47248623558485900,0.47229459020524500,0.47144951362742400,0.47054643656679500,0.46961165835144900,0.46869293655947300,0.46778791078064800,0.46666972314809900,0.46547567710846800,0.46426692913630800,0.46306848754589500,0.46188075976809700,0.46208270355451600,0.46220863340480500,0.46232730198168300,0.46245343344285500,0.46259596716887300,0.46269593487800100,0.46276065166540200,0.46281229580212000,0.46286410523068400,0.46293472034990800
0,33,0.49580933951098800,0.48035030595901300,0.47754682131307900,0.47477143699784600,0.47205610998688900,0.46929377639258300,0.47317020411333700,0.47718166376274800,0.48122636156515200,0.48532755514603500,0.48943898486641300,0.49187274724586800,0.49434454364792500,0.49685154469959400,0.49937936574793100,0.50196243347764300,0.50221909467753100,0.50243161810956800,0.50269235078767500,0.50293314875116100,0.50328125191664800,0.50327827483253400,0.50319690222781700,0.50314838966380500,0.50306703836047000,0.50306089986751600,0.50298403231864300,0.50284749036084800,0.50269177032514600,0.50252163837497700,0.50236537479098400,0.50151285057946800,0.50059863036128700,0.49965067852881000,0.49871980278129000,0.49780349601038100,0.49668185809757400,0.49547949447276900,0.49426147922522600,0.49305443352569100,0.49185879583534800,0.49189391729984700,0.49184809204003900,0.49179454353739900,0.49174893716338000,0.49172076641316800,0.49187784724441500,0.49199746007690400,0.49210317520676400,0.49220906553903400,0.49233495534870800
0,34,0.52096901768734900,0.50854801085145700,0.50519478555877700,0.50187123675649200,0.49861104899606000,0.49530107318809200,0.49839248189721400,0.50162630034906200,0.50489488897286900,0.50822240468106400,0.51156016767806700,0.51438737146652400,0.51725427672313700,0.52015798722315400,0.52308349531204500,0.52606691558118700,0.52659323041756400,0.52707321573152400,0.52760372722925500,0.52811328319265200,0.52873552843974200,0.52868899772630100,0.52856011578893600,0.52846575662080800,0.52833691278257300,0.52828706260667400,0.52822030441898800,0.52809087902611900,0.52794131186319900,0.52777660702421300,0.52762646563997600,0.52674550320369600,0.52579974159254600,0.52481854844206700,0.52385528921258300,0.52290733184447800,0.52189446118173400,0.52079679422563600,0.51968267099682100,0.51858007499895600,0.51748947863582400,0.51727495252622800,0.51697526274733300,0.51666746029232000,0.51636800666075600,0.51608685358858800,0.51631865498952000,0.51651113478427700,0.51668902556731200,0.51686709958103600,0.51706617699547400
0,35,0.54564821897558300,0.53238325592071300,0.52870394803638200,0.52505567536748800,0.52147363616382000,0.51783946570876400,0.51983908002913500,0.52198745447095100,0.52417179919213000,0.52641689010330500,0.52867200909712400,0.53186168714517400,0.53509234593626800,0.53836105004782000,0.54165231546858200,0.54500358952462400,0.54589124837967300,0.54673081388418300,0.54762272688463800,0.54849284546848800,0.54948001745485100,0.54939899445838700,0.54923239624142600,0.54910167585073000,0.54893512905941700,0.54885065774893000,0.54876400064907100,0.54861223751908700,0.54843955107869900,0.54825114153256400,0.54807786275221900,0.54714747150010700,0.54614977026057300,0.54511526809121900,0.54409939585335100,0.54309941828294100,0.54230753240057900,0.54142757636706700,0.54053050445109100,0.53964541196569000,0.53877280816952400,0.53822580923366000,0.53759014552668900,0.53694605224644500,0.53631064193498400,0.53569422869513300,0.53601835811331800,0.53630167578752300,0.53656984688376500,0.53683820735669000,0.53712838529020700
0,36,0.56808301891762000,0.55350556411602900,0.54962631280109100,0.54577931774017200,0.54200115288502700,0.53816878537913700,0.53920059367623500,0.54038689183826300,0.54161024802336400,0.54289600308554000,0.54419159795236300,0.54751583188317700,0.55088224213306800,0.55428781591825700,0.55771661860042200,0.56120721584740700,0.56245134656691000,0.56364586140119600,0.56489428253175700,0.56612017976053600,0.56746690714094600,0.56741656233291700,0.56727783392670000,0.56717615718785800,0.56703746981854200,0.56698356240519800,0.56688051422565900,0.56671020943558100,0.56651829201001500,0.56631013499472000,0.56611760896947300,0.56517522670639600,0.56416331790794600,0.56311339204523500,0.56208270824760100,0.56106844266313800,0.56038315408388900,0.55960688174146400,0.55881291488897400,0.55803132743168200,0.55726265498085700,0.55650660982797700,0.55565885795625700,0.55480239707539600,0.55395491172569200,0.55312704238463300,0.55347468606819200,0.55378019048026400,0.55407005489580800,0.55436011472423800,0.55467270450528800
0,37,0.58420281646125900,0.57191493543740600,0.56796187985290300,0.56404216387454700,0.56019359915968200,0.55628903219920900,0.55647702283851400,0.55682461245099800,0.55721023546657200,0.55765974362777100,0.55811893424378500,0.56134980568053200,0.56462396531354000,0.56793828483446600,0.57127640470756700,0.57467779454953700,0.57627352497927400,0.57781835828256400,0.57941839417061200,0.58099528606879600,0.58269619749802900,0.58274170134989200,0.58269642884475900,0.58268920063219000,0.58264393505994900,0.58268577657547800,0.58256984514875300,0.58238479477559900,0.58217753465714700,0.58195358741068300,0.58174570429173900,0.58082876882256400,0.57984038453466500,0.57881292030411500,0.57780522639533100,0.57681440498507000,0.57612132623166200,0.57533471034882800,0.57452990231047000,0.57373782139693500,0.57295901906982300,0.57211735430917700,0.57118140003603500,0.57023649477917400,0.56930081603288000,0.56838529465708800,0.56868763885414200,0.56894667886249900,0.56918964960344300,0.56943282168368000,0.56969913464071900
0,38,0.59869646182495300,0.58761136988484300,0.58371064919181800,0.57984421377061100,0.57605097498778400,0.57220020616898200,0.57166836751597100,0.57130061630915700,0.57097176152175300,0.57070811172999700,0.57045401797138800,0.57336360853724000,0.57631751547768200,0.57931245679644600,0.58233167379001400,0.58541532563101400,0.58735778361676600,0.58924830452828600,0.59119506180120300,0.59311816439326800,0.59516788852609900,0.59537441150931100,0.59548818099560200,0.59564080618372600,0.59575452478363600,0.59595730025976900,0.59583199341835200,0.59563599353914300,0.59541727902009400,0.59518149878045000,0.59496214871901700,0.59410809784861000,0.59318097014072900,0.59221385286786000,0.59126695029654300,0.59033730524873600,0.58952204884389900,0.58861106218915800,0.58768146671557700,0.58676489386144700,0.58586190043642200,0.58505804267726200,0.58415777176602600,0.58324834535777800,0.58234835485654800,0.58146898551249800,0.58165721647116800,0.58180114093423000,0.58192863100666800,0.58205632823501700,0.58220767569649800
0,39,0.60953423440983200,0.60059486745834100,0.59687262081783700,0.59318546742836600,0.58957328036933500,0.58590230728845400,0.58477462770860700,0.58381490341274000,0.58289482618890600,0.58204110739221700,0.58119684913517300,0.58355724045330000,0.58596289262549400,0.58841033180419800,0.59088242584776600,0.59341980909183700,0.59570412247938600,0.59793570013836300,0.60022428542353100,0.60248881473395200,0.60488198022515600,0.60531469281117400,0.60565309037923000,0.60603097384246800,0.60636923898960500,0.60679813345807300,0.60666695903445700,0.60646380572621200,0.60623752509885600,0.60599386910402300,0.60576694225130600,0.60501321378453500,0.60418507472614000,0.60331618973646800,0.60246787995123500,0.60163714345413700,0.60058532192060000,0.59943593726245400,0.59826760810429700,0.59711254482521800,0.59597129908065300,0.59532867493223200,0.59458797314622700,0.59383794881121000,0.59309752819669500,0.59237811495086300,0.59238341891926900,0.59234357669545500,0.59228699910548500,0.59223063437824800,0.59219832767262700
0,40,0.61942993291363600,0.61086542815789900,0.60744779473095800,0.60406592484781000,0.60076051530433300,0.59739533555762700,0.59579580341642200,0.59436747376174600,0.59297942946803300,0.59165873061443300,0.59034742773514000,0.59193070142871300,0.59356009675697700,0.59523190985772200,0.59692866088082100,0.59869124493200600,0.60131254156713300,0.60388054511279400,0.60650606503759400,0.60910723709084700,0.61183847259520000,0.61256254525548100,0.61319115699564300,0.61385970360841400,0.61448807767785500,0.61520827617038800,0.61507474199706700,0.61486823133680600,0.61463827289343300,0.61439069838140100,0.61416008488860600,0.61354411663033700,0.61285269829089700,0.61211993090994100,0.61140801535940900,0.61071391960127300,0.60931114546176500,0.60780933556871600,0.60628832647662900,0.60478077428824800,0.60328721500251700,0.60292925107408600,0.60247200417664000,0.60200530513946700,0.60154833605332200,0.60111268297218200,0.60086624619844700,0.60057398614617500,0.60026475389989300,0.59995574011337400,0.59967109056910500
0,41,0.62784827850934100,0.61952475220625200,0.61644571960021500,0.61340303125854900,0.61043810997053300,0.60741259338024500,0.60545918016572400,0.60367980572878200,0.60194129077164100,0.60027102167940300,0.59861012420330600,0.59948594702975100,0.60040866979382200,0.60137437970177400,0.60236528238383800,0.60342250574304900,0.60618810044650900,0.60889994621049200,0.61166976380211700,0.61441501059129800,0.61729145973088600,0.61831549422018800,0.61924315424939200,0.62021109980834500,0.62113841374109600,0.62215852709261600,0.62207475061936200,0.62191717173764400,0.62173587282832700,0.62153674755936800,0.62135477365674200,0.62085622860985000,0.62028134245880000,0.61966459044724100,0.61906892743076000,0.61849129549910600,0.61687178434136800,0.61515197579663900,0.61341274201860800,0.61168713110675600,0.60997567165421700,0.60970917178587500,0.60934228778309300,0.60896584190535100,0.60859923657181000,0.60825420012494500,0.60786688636258500,0.60743319866823700,0.60698234258362200,0.60653170890091300,0.60610570234380700
0,42,0.63265917271321600,0.62657283960339900,0.62386639542560600,0.62119678666058200,0.61860606436793500,0.61595408075631000,0.61376475795651400,0.61175189931384800,0.60978041009973000,0.60787798058712700,0.60598493853967100,0.60622297725641300,0.60650861173603000,0.60683774133635400,0.60719229035681700,0.60761359152496700,0.61033079911751300,0.61299390343145700,0.61571538171709900,0.61841213523530400,0.62124094163221500,0.62257353970529400,0.62380908214047900,0.62508516244226200,0.62632024717932800,0.62764888622475500,0.62766698490134300,0.62761062692872400,0.62753032490353700,0.62743201663792300,0.62735100855571500,0.62694954972307300,0.62647100722985000,0.62595016834836800,0.62545061616528900,0.62496927114763600,0.62326723855941100,0.62146385794622200,0.61964085473023500,0.61783161528074000,0.61603666903575500,0.61566843706760000,0.61519882396558600,0.61471955910886100,0.61425022975215800,0.61380266640915100,0.61338533941168300,0.61292121426164100,0.61243976515667500,0.61195854074086700,0.61150216299673500
0,43,0.63646857980871600,0.63200969034934100,0.62970982220713300,0.62744719105391100,0.62526437849653800,0.62301979768582000,0.62071253678879200,0.61858375451694400,0.61649678745230100,0.61447960733760500,0.61247187074423300,0.61214179210870100,0.61185992258360000,0.61162199476146300,0.61140968479975800,0.61126450227775800,0.61374063758014700,0.61616241677568900,0.61864291878254000,0.62109861102286500,0.62368691829918500,0.62533668171080000,0.62688894066890300,0.62848189151016500,0.63003357799255100,0.63167935356680800,0.63185144484300900,0.63194859691004800,0.63202162911906300,0.63207650561706600,0.63214878958552400,0.63182407997000600,0.63142169260404600,0.63097666461332300,0.63055308156299500,0.63014784654686400,0.62849750811589200,0.62674498201746500,0.62497266461151000,0.62321422681020100,0.62147020714713000,0.62080704691925900,0.62004161272411800,0.61926645674999600,0.61850131559436600,0.61775808182480100,0.61742160534574100,0.61703803292638800,0.61663702161905000,0.61623623563323500,0.61586047252788800
0,44,0.63815545618298000,0.63583530444407700,0.63397599994479400,0.63215424443853500,0.63041305235634200,0.62860974416877600,0.62630251666255700,0.62417537133807000,0.62209042282935300,0.62007590193083800,0.61807092081699500,0.61724239158661400,0.61646260233653300,0.61572713997710000,0.61501746571266100,0.61437523800142400,0.61641761583441000,0.61840548624318800,0.62045237499844000,0.62247443795398100,0.62462938973179700,0.62660492023670500,0.62848272983466400,0.63040128701205200,0.63227840618076500,0.63424992911877200,0.63462813044436100,0.63493108168161500,0.63520978547490600,0.63547021449679800,0.63574811674616900,0.63547981935064900,0.63513339858138900,0.63474407924210600,0.63437632362387800,0.63402702169678900,0.63256259301081300,0.63099534801036800,0.62940817166243200,0.62783496569513900,0.62627628598834100,0.62512500134085400,0.62387065405869000,0.62260653482875800,0.62135249409843500,0.62012044637189400,0.61997568416476000,0.61978365466247600,0.61957411197074700,0.61936479357801600,0.61918063093726600
0,45,0.63856315836653200,0.63804968188760700,0.63666492863859100,0.63531794681445300,0.63405208594734800,0.63272392020517800,0.63053469757781000,0.62852674977722500,0.62656131623088600,0.62466686436682500,0.62278208875795500,0.62152477569015200,0.62031665099482800,0.61915317698326500,0.61801563309552500,0.61694579869596300,0.61836173388030200,0.61972311183395500,0.62114375036479900,0.62253961602865300,0.62406835593005200,0.62637825528300900,0.62859044963776300,0.63084334894792500,0.63305473174397000,0.63536061288064900,0.63599704170539900,0.63655808124342600,0.63709479397106500,0.63761314327711800,0.63814899003765100,0.63791676786500100,0.63760612516187800,0.63725241223471600,0.63692034234793900,0.63660679659741100,0.63546249324417200,0.63421495592493200,0.63294737588300200,0.63169383193555400,0.63045490555938900,0.62862230033238400,0.62668594796930200,0.62473979334514500,0.62280376526436400,0.62088976005043000,0.62104757586873900,0.62115807946990600,0.62125103621176700,0.62134421457521200,0.62146263822486800
0,46,0.64071749444756100,0.64030586159783100,0.63917546429669800,0.63808302138457400,0.63707213554755700,0.63599873937425100,0.63397289672166400,0.63212928554213700,0.63032846282374100,0.62859911141328000,0.62687958351473000,0.62529797743048600,0.62376594085291900,0.62227883819652500,0.62081779547100600,0.61942471983527400,0.62025904215661600,0.62103875290092500,0.62187795798434800,0.62269243569095800,0.62363979378623300,0.62610668946228400,0.62847591333360100,0.63088581136483300,0.63325416679684700,0.63571704029379600,0.63662638590365000,0.63746029208029400,0.63826981874625000,0.63906091174335300,0.63986950526808700,0.63970988311022400,0.63947162479174600,0.63919016107574100,0.63893039457607300,0.63868920364746200,0.63781601903475700,0.63683926335276100,0.63584237386514700,0.63485957386234300,0.63389146639282700,0.63161338616185600,0.62923099531335300,0.62683877132555600,0.62445671666689200,0.62209672936226400,0.62229518812874600,0.62244624453374900,0.62257971837830700,0.62271341388148500,0.62287241151683900
0,47,0.63975993327591500,0.64260384357474800,0.64150760691911700,0.64044946814889800,0.63947320115696900,0.63843420167599600,0.63661711409411900,0.63498297863280500,0.63339186260791800,0.63187264307020200,0.63036340508732100,0.62856199680761500,0.62681047191080600,0.62510412361688000,0.62342395283910200,0.62181200141935500,0.62210954066335400,0.62235240944410000,0.62265499785708700,0.62293289694089700,0.62334370330034000,0.62579022277453100,0.62813912092217800,0.63052867426277700,0.63287671133939500,0.63531921135821300,0.63651616303911600,0.63763771419221800,0.63873485980046100,0.63981351989550300,0.64090966243747800,0.64085916508631600,0.64072989747099500,0.64055732576518000,0.64040648030828000,0.64027424284694000,0.63962317038256700,0.63886827029385300,0.63809316560886600,0.63733219147550600,0.63658596848865300,0.63409825882927100,0.63150579609084300,0.62890346876999100,0.62631134830602100,0.62374135430739500,0.62371852094478200,0.62364814985400600,0.62356015847036800,0.62347239149683500,0.62340995081317800
0,48,0.64032021548097100,0.64494362781835800,0.64366135650584600,0.64241728710742400,0.64125528277558400,0.64003030711041100,0.63846734969517500,0.63708782904922900,0.63575151558341800,0.63448745933759100,0.63323355347572800,0.63131683382154100,0.62945024416848800,0.62762903324433000,0.62583410519981400,0.62410764344820800,0.62391322940051400,0.62366408146348000,0.62347486998301600,0.62326099977847000,0.62318008447237400,0.62542885521974800,0.62758007240349600,0.62977193764175700,0.63192236537161500,0.63416712607390100,0.63566637311179600,0.63709034757920000,0.63848991713369600,0.63987096773356800,0.64126946154582400,0.64136461379327800,0.64138094319962400,0.64135390630303400,0.64134859954456000,0.64136191419584600,0.64088394728760300,0.64030197674821000,0.63969975111416100,0.63911168477504300,0.63853841184686900,0.63607691833462800,0.63351035030177200,0.63093388567845000,0.62836766018174900,0.62582363488582300,0.62531757431684700,0.62476379543067600,0.62419235648795000,0.62362114742126300,0.62307525611388400
0,49,0.63988604802553300,0.64732521432866200,0.64563671305688600,0.64398647826015400,0.64241838040340200,0.64078705567749800,0.63952360352483200,0.63844383679141000,0.63740742175024000,0.63644356021544800,0.63549002867995000,0.63356248847226200,0.63168525762596500,0.62985356707887500,0.62804825255314300,0.62631164592183200,0.62567010836809800,0.62497376895906400,0.62433757436213500,0.62367674420367600,0.62314893730233500,0.62502258679793700,0.62679876777755400,0.62861560150177200,0.63039112889350600,0.63226078444085900,0.63407701612169000,0.63581819224123800,0.63753499074595800,0.63923325525754900,0.64094890259312500,0.64122622923111000,0.64142476197763300,0.64157990268930200,0.64175675228491200,0.64195221769418100,0.64159834974986500,0.64114038271583100,0.64066213038103000,0.64019805376095400,0.63974879646747400,0.63754936467792800,0.63524465794614000,0.63293002205093200,0.63062565229407600,0.62834357109755000,0.62709234824493900,0.62579318126375900,0.62447631243105200,0.62315968165476700,0.62186832741895800
0,50,0.64305534470252800,0.64974860310565800,0.64743367657223800,0.64515704160708600,0.64296249404042300,0.64070444737725600,0.63978587558309000,0.63905100185934600,0.63835958110838400,0.63774094570377300,0.63713283069998800,0.63529896075977900,0.63351551228323900,0.63177772512051400,0.63006639489908700,0.62842400884022700,0.62738017756610500,0.62628147193085200,0.62524311099444500,0.62418013021651600,0.62325026179022200,0.62457141750909700,0.62579520704435100,0.62705966584282300,0.62828300190506800,0.62960018645908700,0.63174809206879800,0.63382124817833400,0.63587008063724600,0.63790038246744400,0.63994798557938000,0.64044401139981100,0.64086135380502100,0.64123531492398500,0.64163093852933800,0.64204515334194300,0.64176637776935100,0.64138348819671700,0.64098030340947400,0.64059129843323900,0.64021712235046700,0.63851559785917000,0.63670871902394700,0.63489187788743800,0.63308532464300300,0.63130116294257300,0.62904284272906100,0.62673630735325500,0.62441202629967600,0.62208799419734900,0.61978916472840100
0,51,0.64957610965847200,0.65298279084582400,0.64999522556959200,0.64704601648177400,0.64417892273990400,0.64124797595380100,0.64047763238907900,0.63989115843587400,0.63934822051318800,0.63887823394098900,0.63841885957294200,0.63672006917159600,0.63507177675336100,0.63346924244089000,0.63189323638772600,0.63038639616715200,0.62903696127766700,0.62763256554425700,0.62628870070931000,0.62492021381324700,0.62368498325664600,0.62448766207759400,0.62519301784166500,0.62593908054583500,0.62664417064440400,0.62744289754758400,0.62975260903442000,0.63198782227116300,0.63419877096222900,0.63639121531314100,0.63860089747908400,0.63933842169458500,0.63999741421064000,0.64061305365393000,0.64125029615254700,0.64190609566530600,0.64172305149118900,0.64143591607049500,0.64112848094772700,0.64083522516727400,0.64055680451739400,0.63927616284702800,0.63789010896243900,0.63649406564718800,0.63510832770522900,0.63374506636840100,0.63081418805157100,0.62783487784521900,0.62483777945001100,0.62184093745031200,0.61886926776461000
0,52,0.65692696712121800,0.65702777754916000,0.65332136004894800,0.64965340288421800,0.64606766650184400,0.64241764140713200,0.64159887394280100,0.64096430652099300,0.64037333996465100,0.63985542492709500,0.63934811529881400,0.63782581370771300,0.63635405103633300,0.63492811904000100,0.63352877701906100,0.63219880790260800,0.63064045950278500,0.62902704979927900,0.62747434350673300,0.62589699499386700,0.62445310170160800,0.62477132050342700,0.62499220016949500,0.62525384561080700,0.62547463511151400,0.62578891770634900,0.62809056701855700,0.63031791451972500,0.63252106172090800,0.63470575379463900,0.63690763829223600,0.63790946011543100,0.63883294319449000,0.63971311887913700,0.64061482515453900,0.64153504466426900,0.64146837091537700,0.64129766633716400,0.64110666299579000,0.64092983396305700,0.64076784296825300,0.63983105964150400,0.63878882776161800,0.63773658533018300,0.63669466148075300,0.63567528137503400,0.63240638421247100,0.62908889273965100,0.62575357188206000,0.62241851141365500,0.61910863652758600
0,53,0.66395116070737300,0.66188356321566500,0.65741208001030800,0.65297920081441800,0.64862872532624300,0.64421344373725100,0.64314960024425400,0.64227044611470500,0.64143493946277300,0.64067251866209300,0.63992059787760200,0.63861619436813100,0.63736233513215400,0.63615435491784900,0.63497301679309000,0.63386124404659500,0.63219067224146000,0.63046492469591600,0.62880003938671200,0.62711047375837900,0.62555461712510800,0.62542239278659700,0.62519275402784100,0.62500396103773900,0.62477439530639800,0.62463824693538300,0.62676196602121000,0.62881152492402100,0.63083695291328300,0.63284399791193900,0.63486820801883600,0.63615712666235000,0.63736794075657000,0.63853551059960600,0.63972452553531500,0.64093200033883200,0.64100233604191600,0.64096873899672500,0.64091484955366100,0.64087512482058900,0.64085023770304500,0.64018028824259700,0.63940487542148200,0.63861943693642300,0.63784432596957600,0.63709180796247000,0.63381943121176100,0.63049835203655100,0.62715940359582000,0.62382071608737900,0.62050727101732900
0,54,0.66455256496769800,0.66755014784534000,0.66226738545367100,0.65702341027237300,0.65186209921310200,0.64663538294415600,0.64512981129344000,0.64380957721700800,0.64253301900755500,0.64132951514598200,0.64013630730930700,0.63909121115284800,0.63809662904082500,0.63714795007443400,0.63622595570981500,0.63537370459911200,0.63368759949369000,0.63194619023417000,0.63026578834924700,0.62856065010678000,0.62698952952714500,0.62644087892710300,0.62579467941670400,0.62518942682663200,0.62454345122905600,0.62399088523468600,0.62576680604237600,0.62746865348405000,0.62914644453935400,0.63080594766503900,0.63248260665888400,0.63408142133534000,0.63560240689688000,0.63708022881533700,0.63857939729487400,0.64009696268899600,0.64032494687080600,0.64044913404917900,0.64055304062134200,0.64067109773987100,0.64080398872177000,0.64032384865030600,0.63973825194203100,0.63914262046590700,0.63855732117169600,0.63799464613071100,0.63505332904944000,0.63206325573591900,0.62905527459129400,0.62604755147148400,0.62306517123383800
0,55,0.67587982078944100,0.67402753143818500,0.66788727637903600,0.66178603125808400,0.65576778816242100,0.64968345902784800,0.64753950709035700,0.64558169982790200,0.64366757859899600,0.64182641437876200,0.63999524359392900,0.63925086406186600,0.63855693276234500,0.63790890450975400,0.63728759376923400,0.63673618956016000,0.63513124125947700,0.63347084641404100,0.63187159039433800,0.63024752403907200,0.62875783890771900,0.62782677892494700,0.62679797633608300,0.62581024297748600,0.62478180287948800,0.62384683260425700,0.62510508708205800,0.62628930019981300,0.62744953659912000,0.62859160305394100,0.62975083421238000,0.63168234413440300,0.63353634161542200,0.63534727352633000,0.63717944043321700,0.63902993171476000,0.63943620340204600,0.63973885149452400,0.64002123619883200,0.64031775272090100,0.64062909602442700,0.64026174086463200,0.63978895732326700,0.63930613591863600,0.63883364708711600,0.63838379587975600,0.63610807772550900,0.63378360383775500,0.63144118486848000,0.62909901756596900,0.62678233717711500
0,56,0.68283739638658600,0.68057586965196300,0.67378896024943500,0.66704132791926400,0.66037716602175800,0.65364624241501700,0.65082200465775700,0.64818497665604000,0.64559169430546900,0.64307134713393300,0.64056068324922600,0.63993101254722000,0.63935181365550100,0.63881856221208800,0.63831206677882500,0.63787560822806900,0.63639107546883100,0.63485096233576400,0.63337209834757900,0.63186834918181500,0.63049933249590900,0.62927731138247900,0.62795733859392400,0.62667855395559700,0.62535904911272100,0.62413311910071600,0.62490377168072800,0.62560036299045200,0.62627303652676800,0.62692763914847000,0.62759942642745800,0.62970079156704800,0.63172489894856500,0.63370604197499000,0.63570833738988400,0.63772889817305100,0.63834480166650200,0.63885729298619600,0.63934954263173600,0.63985590104826400,0.64037707684538000,0.64012762216948200,0.63977278003625500,0.63940789789018400,0.63905334760902000,0.63872144647745800,0.63700818205872600,0.63524616165682900,0.63346616444677300,0.63168641353387500,0.62993227160375700
0,57,0.69356616433276900,0.68719516248667600,0.67997243706486700,0.67278930025591200,0.66569023279111500,0.65852373310566500,0.65497730399563900,0.65161940770142200,0.64830536612697400,0.64506431341149300,0.64183262627519800,0.64113165660891000,0.64048127172029300,0.63987692318143500,0.63929937473858700,0.63879196060283800,0.63746710212175200,0.63608653799934100,0.63476731220896800,0.63342312553500800,0.63221401029171400,0.63079247629969900,0.62927276619022700,0.62779435976096700,0.62627518992875500,0.62484974472406200,0.62516285983838600,0.62540184185596700,0.62561694432229600,0.62581405594862600,0.62602838330411600,0.62813676363327600,0.63016807889630900,0.63215653416131800,0.63416608816487600,0.63619386206386900,0.63705074166417500,0.63780445852419400,0.63853795992005600,0.63928554272196000,0.64004793118462900,0.63992149256485700,0.63968972008099500,0.63944790638055200,0.63921642273740900,0.63900759792381700,0.63775364204909000,0.63645092919314400,0.63513021332617200,0.63380973937520300,0.63251497451376500
0,58,0.70155493821398400,0.69388540994232300,0.68643770682533300,0.67902994826802800,0.67170698847049000,0.66431593109979200,0.66000540510400400,0.65588499296404600,0.65180859406351000,0.64780531321144300,0.64381107267184500,0.64285279624693700,0.64194530695672100,0.64108398741779500,0.64024951764852100,0.63948524668446700,0.63835932121824100,0.63717757340477100,0.63605723197850600,0.63491185309865100,0.63390187229513500,0.63237227367660800,0.63074425912499100,0.62915766039359500,0.62753022532759000,0.62599670947429500,0.62588235155503300,0.62569373679635800,0.62548125998570500,0.62525085345441000,0.62503770484235500,0.62699026033308600,0.62886588145865500,0.63069875008531300,0.63255269275819100,0.63442482338721400,0.63555402339506300,0.63658034810851800,0.63758648806379000,0.63860667774198900,0.63964165904217400,0.63964335205075500,0.63953977745748700,0.63942616138973900,0.63932287247228400,0.63924225021883300,0.63834445769660100,0.63739790644669700,0.63643333150667800,0.63546899508995100,0.63453044590713900
0,59,0.70686251952675600,0.70064661201890300,0.69318476953083200,0.68576327195561200,0.67842743305988500,0.67102283639739600,0.66590630798285200,0.66098173244391400,0.65610137811507800,0.65129434653378400,0.64649602243916700,0.64509443146130000,0.64374391936478500,0.64243975492116800,0.64116249550862600,0.63995546647295700,0.63906773275829800,0.63812406855205500,0.63724185765619200,0.63633453187274400,0.63556291850617200,0.63401670351320600,0.63237181739821700,0.63076845585348100,0.62912415530922700,0.62757401335141600,0.62706224683066800,0.62647604781162500,0.62586598351699500,0.62523803166582100,0.62462739104217500,0.62626128166647800,0.62781830663560200,0.62933268974697400,0.63086815116983100,0.63242178214308700,0.63385464685916700,0.63518496173916800,0.63649512706293900,0.63781930610835100,0.63915826041801400,0.63929320062717800,0.63932295216573200,0.63934266291774500,0.63937269681364300,0.63942540336250500,0.63878062900126100,0.63808709341749000,0.63737551898829200,0.63666418067812000,0.63597868578387800
0,60,0.71309232242922200,0.70747876871641800,0.70021362518136400,0.69298927131866500,0.68585156655929800,0.67864444899847800,0.67268001263218200,0.66690962614102600,0.66118371828167800,0.65553141337851400,0.64988747557716300,0.64785656225199900,0.64587710894448600,0.64394422569155400,0.64203830831890200,0.64020261996830800,0.63959233674192200,0.63892602344119200,0.63832118924202700,0.63769116185728800,0.63719714892482400,0.63572576580949200,0.63415544100990500,0.63262674614062500,0.63105697987366500,0.62958165635542500,0.62870254566529100,0.62774877490176900,0.62677111491616600,0.62577559058286000,0.62479744190357600,0.62594982763345300,0.62702535442715100,0.62805835314630300,0.62911246339979600,0.63018473833148600,0.63195261205648800,0.63361829941614500,0.63526387691750300,0.63692342782104600,0.63859773531215100,0.63887103829412500,0.63903924420572900,0.63919741096457100,0.63936589576148800,0.63955705735483400,0.63906215596306800,0.63851849010552200,0.63795677577101200,0.63739529613971000,0.63685969414398300
0,61,0.71920982819188000,0.71388493903699900,0.70688572075274300,0.69992772469804400,0.69305735333717200,0.68611695965021900,0.67951075563298500,0.67310067744454200,0.66673538903876100,0.66044411094304600,0.65416097165318200,0.65146248620105000,0.64881591820447400,0.64621620468698800,0.64364354991578500,0.64114119702666200,0.64062935745424200,0.64006137777761200,0.63955496807056800,0.63902330371246600,0.63862794247692900,0.63726923277191600,0.63581133441978300,0.63439515739703600,0.63293777682521200,0.63157511295310500,0.63041632197519800,0.62918264250551400,0.62792503784759900,0.62664957317728200,0.62539154602779500,0.62608807693009500,0.62670770202420400,0.62728487749288500,0.62788321062911300,0.62849971640643300,0.63044630966547500,0.63229099018152300,0.63411559757696600,0.63595414600187800,0.63780742967527700,0.63825905388596700,0.63860571025531500,0.63894233064349000,0.63928926139308300,0.63965887187294200,0.63930360059427400,0.63889956341662500,0.63847746937752600,0.63805560871508800,0.63765965672277400
0,62,0.72454112103446400,0.71986512298064500,0.71320105624497100,0.70657863209375000,0.70004479339350700,0.69344036835261800,0.68639853698526100,0.67955488635446200,0.67275639038632700,0.66603243922737900,0.65931651066722400,0.65591220330845300,0.65256034714475000,0.64925569190747100,0.64597822029927600,0.64277119764801800,0.64217879489525800,0.64153013156131500,0.64094319414181500,0.64033095743828000,0.63985529916248600,0.63864710440047600,0.63733949762785000,0.63607368962271400,0.63476654616386800,0.63355438314445600,0.63220357576038700,0.63077765062286200,0.62932775231129500,0.62785997944908900,0.62640970341483300,0.62667602955640500,0.62686534942676100,0.62701226278672200,0.62718039285778400,0.62736671636792800,0.62933573968613000,0.63120303403530200,0.63305028904132700,0.63491146065084800,0.63678734350739200,0.63745724740270400,0.63802235031448900,0.63857742195450200,0.63914279370842900,0.63973084691682900,0.63950496289487900,0.63923031335080000,0.63893759980783400,0.63864511840425500,0.63837857352025100
0,63,0.73075661615019200,0.72541932054735600,0.71915963165804500,0.71294199350578200,0.70681388672830300,0.70061467510567700,0.69334335668900900,0.68627225287078600,0.67924672232437600,0.67229639823151300,0.66535409261928700,0.66120571357420800,0.65711039576531500,0.65306268735300100,0.64904231946937400,0.64509262183237600,0.64424064906497000,0.64333228479230200,0.64248586745576700,0.64161412303472800,0.64087921898149700,0.63985938069517400,0.63873993063410800,0.63766234281765900,0.63654328788963400,0.63551946692947900,0.63406430702085800,0.63253379925381000,0.63097925830725200,0.62940680939827900,0.62785191406469000,0.62771368551238200,0.62749829663482200,0.62724050902781200,0.62700401008580800,0.62678573821597100,0.62862090211845200,0.63035443097748100,0.63206795131058800,0.63379537176795500,0.63553747680849600,0.63646561884433500,0.63728916438325200,0.63810268489760800,0.63892649270752700,0.63977298248649600,0.63966624286488300,0.63951073990804700,0.63933716706193700,0.63916382520720900,0.63901644453641400
0,64,0.73566191390925600,0.73054753173713300,0.72476144699196700,0.71901780893414100,0.71336463334156100,0.70763987990939400,0.70034521474423200,0.69325277699351400,0.68620638485290900,0.67923598795544800,0.67227371750937400,0.66734301699831400,0.66246606406616800,0.65763719102357900,0.65283584742607900,0.64810546957973800,0.64681491996337700,0.64546783747057300,0.64418298801242500,0.64287280050181100,0.64169970193396000,0.64090606165600900,0.64001263343855500,0.63916111698187000,0.63826800200250900,0.63747036430817400,0.63599851575661300,0.63445108839836100,0.63287955583547100,0.63129006302485300,0.62971817797736600,0.62920104479802700,0.62860654364838900,0.62796961621615600,0.62735406231318600,0.62675678195056100,0.62830179696244100,0.62974518100806200,0.63116858438474700,0.63260587935320000,0.63405782957858900,0.63528416821086200,0.63640615246160300,0.63751811947280700,0.63864035839037500,0.63978527858194100,0.63978744050428700,0.63974084308836500,0.63967617113983400,0.63961172912395100,0.63957326977126300
0,65,0.73739854861430500,0.73524975654997600,0.73000650224673600,0.72480607837882600,0.71969703323327900,0.71451598276377000,0.70740411115092700,0.70049645872264700,0.69363537797192400,0.68685120839918500,0.68007538533748300,0.67432411358077100,0.66862735204730800,0.66297920291920600,0.65735880416939200,0.65180974089010100,0.64990160759048100,0.64793678959612700,0.64603455581178900,0.64410698983952900,0.64231674801987600,0.64178714728298200,0.64115760604119300,0.64057001211534900,0.63994068850249300,0.63940707528054000,0.63800620196765100,0.63652951805651400,0.63502864489595300,0.63350974032881100,0.63200849515286000,0.63113810741333900,0.63019009046745900,0.62919958435175400,0.62823054953991700,0.62727984757169900,0.62837842421809800,0.62937528412704300,0.63035218826380500,0.63134298340658200,0.63234840181767100,0.63391289550228300,0.63537331454954200,0.63682372568009900,0.63828439075697400,0.63976773520316600,0.63986855581308900,0.63992062289175400,0.63995461204152500,0.63998883015448200,0.64004904922479800
0,66,0.74082459469400700,0.74017708742272000,0.73527535170061300,0.73041680521953000,0.72565046670965600,0.72081166190509800,0.71395476003943300,0.70730391023290200,0.70070014092475600,0.69417418271039800,0.68765682121798400,0.68128926622785700,0.67497692961705500,0.66871372893292000,0.66247851670544400,0.65631510691393200,0.65375698569946400,0.65114196674288200,0.64858995986699100,0.64601260295647900,0.64357294717330100,0.64313528884972400,0.64259747468697600,0.64210168821130800,0.64156405842683400,0.64112237582956300,0.63982974987176900,0.63846110671537400,0.63706819336991400,0.63565717561205000,0.63426386184839300,0.63312435875825200,0.63190696469507700,0.63064699904597000,0.62940859649244900,0.62818858678518800,0.62886212480222900,0.62943379781577900,0.62998552576012700,0.63055115322915700,0.63113138301558300,0.63288390113904700,0.63453254403418300,0.63617118838043000,0.63782007238357800,0.63949162525238300,0.63973967237084700,0.63993899367147700,0.64012023903573300,0.64030171182663300,0.64050920272504100
0,67,0.74393922735022000,0.74532952435536800,0.74056799535359600,0.73584998945625300,0.73122493377069300,0.72652691733337700,0.71999716140975000,0.71367513152428000,0.70740067371140400,0.70120491088908700,0.69501802515087800,0.68823847493956900,0.68151479677540700,0.67484076906472200,0.66819498503423600,0.66162156765123000,0.65838105429032600,0.65508336891084100,0.65184920017803300,0.64858963985266000,0.64546829939423500,0.64495048635623600,0.64433223937590500,0.64375614526974700,0.64313811177553300,0.64261626595524200,0.64146915946896700,0.64024585437494100,0.63899820125735500,0.63773236887457100,0.63648427806396600,0.63515979883276600,0.63375716633124400,0.63231186029880400,0.63088820317078300,0.62948299959102900,0.62975289871483600,0.62992072207426900,0.63006859687371300,0.63023038882092600,0.63040677317232300,0.63219718512115400,0.63388384091552500,0.63556050757379800,0.63724740327018700,0.63895694872959200,0.63940079017756000,0.63979595542753400,0.64017305212245800,0.64055037414040500,0.64095373027199300
0,68,0.74916759156492800,0.75070706734791800,0.74588443320568600,0.74110563108899500,0.73642043441638800,0.73166174904860900,0.72553131526187900,0.71961012259678000,0.71373697633186700,0.70794339293525100,0.70215899713616500,0.69517173971591000,0.68824095352236700,0.68136032331461100,0.67450820915576700,0.66772912310199400,0.66377381336306900,0.65976099610000100,0.65581227674491400,0.65183810052807200,0.64800280468267900,0.64723273980251700,0.64636190010797900,0.64553338329066600,0.64466284854859000,0.64388874565757800,0.64292443075924500,0.64188376103521500,0.64081866855827500,0.63973532011637400,0.63866974379957700,0.63724442763688200,0.63574069537595900,0.63419416811025700,0.63266936957491800,0.63116308598922200,0.63105074595591600,0.63083605690251400,0.63060140160456300,0.63038069018188700,0.63017457228789200,0.63185274744860500,0.63342720519356800,0.63499168326020400,0.63656638341680200,0.63816370563479400,0.63885190923322800,0.63949150815992500,0.64011305130169900,0.64073481709579700,0.64138263186565200
0,69,0.75344540796579200,0.75630971640037000,0.75122466525688400,0.74618373011775500,0.74123696864674200,0.73621615705079100,0.73055722159582000,0.72510888345040300,0.71970904878614600,0.71438962884889100,0.70907973717384500,0.70208906055687800,0.69515539985793200,0.68827239168258700,0.68141818907003800,0.67463777326622600,0.66993526291769000,0.66517484831036400,0.66047918956763400,0.65575798498271600,0.65117646303863200,0.64998204918856800,0.64868645688319800,0.64743340227406600,0.64613826874600500,0.64493981493657100,0.64419556374260500,0.64337482669619700,0.64252959527267600,0.64166602933745800,0.64082025905522700,0.63937824517059800,0.63785755182922200,0.63629392248032700,0.63475209570485500,0.63322884597976600,0.63275566652547200,0.63217980230051400,0.63158393995267700,0.63100205731204100,0.63043478036229000,0.63185058812139800,0.63316263686831200,0.63446471543964800,0.63577701282342100,0.63711189596798900,0.63809302953785000,0.63902565186865000,0.63994023657345700,0.64085504069281000,0.64179590750602000
0,70,0.75931731293780000,0.76213747151272400,0.75658869150718800,0.75108428654253400,0.74567453646175500,0.74019014133992600,0.73507488041157100,0.73017141408514800,0.72531689107424100,0.72054361863000600,0.71578024526391800,0.70899043746247400,0.70225813578210300,0.69557697416865200,0.68892492477704900,0.68234751814392400,0.67686540295419100,0.67132492554192800,0.66584993864619300,0.66034929321659200,0.65498927446209400,0.65319841451438800,0.65130590970156300,0.64945620221994700,0.64756437236777700,0.64576947379222100,0.64528255841904400,0.64471905135788700,0.64413098140055500,0.64352449653782400,0.64293582383091600,0.64156125143391600,0.64010773569103300,0.63861112340901500,0.63713638156059400,0.63568027956266200,0.63486766042350200,0.63395195826826800,0.63301621191805500,0.63209449021138800,0.63118739739551700,0.63219070713953500,0.63309013593975700,0.63397960411213000,0.63487929149004600,0.63580151972917600,0.63712415109142800,0.63839838655370900,0.63965460793773200,0.64091104493144400,0.64219355719309500
1,20,0.01919507909770270,0.01999016948944140,0.02063243229663090,0.02127838064996160,0.02193323783496960,0.02260322199622180,0.02270247546100490,0.02277122353629230,0.02284294114793390,0.02292155986531920,0.02301945199763680,0.02308021222254750,0.02310696890812160,0.02313439377250140,0.02316358371591810,0.02321084355063350,0.02332057487120150,0.02340220058960230,0.02348318050529870,0.02356192036996880,0.02365294015875440,0.02361952989603040,0.02356693693137970,0.02351236644420890,0.02345496672410120,0.02340222797991550,0.02333817349235670,0.02325767778366220,0.02317293660903620,0.02308736945928020,0.02300292022663380,0.02305859760630760,0.02309590070982930,0.02312938301641460,0.02316422361381220,0.02320100562776130,0.02321581279702600,0.02321355854706720,0.02320858608737140,0.02320504525439030,0.02320437939856040,0.02321394751148810,0.02321303275043820,0.02320919730066850,0.02320622325183990,0.02320640068484900,0.02321164504293550,0.02321289129571190,0.02321122293534750,0.02320919850410830,0.02320917735923500
1,21,0.03398987277945220,0.03539778681438820,0.03653507991936730,0.03767889924097840,0.03883849396282550,0.04002487492480530,0.04020062896175020,0.04032236528390620,0.04044935994140860,0.04058857479894630,0.04076191824320340,0.04086951000170850,0.04091688966261190,0.04096545250762650,0.04101714088349200,0.04110082669491170,0.04129513449677300,0.04143967403056970,0.04158307000295420,0.04172249938322320,0.04188367355841100,0.04182451201113430,0.04173138250807410,0.04163475128780110,0.04153311017582080,0.04143972253223290,0.04132629742614220,0.04118375886801010,0.04103370260983800,0.04088218374818060,0.04073264444910480,0.04083123571003030,0.04089729054296580,0.04095657966260970,0.04101827398890430,0.04108340609741690,0.04110962603623400,0.04110563430122100,0.04109682926991060,0.04109055930551250,0.04108938023483340,0.04110632306374780,0.04110470324173240,0.04109791158179390,0.04109264525593980,0.04109295944716430,0.04110224594519130,0.04110445275940170,0.04110149849407950,0.04109791371279660,0.04109787627030680
1,22,0.05544542985493440,0.05774206683773040,0.05959725780845810,0.06146309456444170,0.06335466468673970,0.06528992942972640,0.06557662535796310,0.06577520576321200,0.06598236374288990,0.06620945572609490,0.06649221941402420,0.06666772672874330,0.06674501403376540,0.06682423138871950,0.06690854721528830,0.06704505834073530,0.06736201979770430,0.06759779757287840,0.06783170993200710,0.06805915185194550,0.06832206461666190,0.06822555830017980,0.06807364230558770,0.06791601419146650,0.06775021377258160,0.06759787669043150,0.06741285382187460,0.06718034010586810,0.06693556326334330,0.06668840057255490,0.06644446701118910,0.06660529240990200,0.06671304328704890,0.06680975770389030,0.06691039557515310,0.06701664127301940,0.06705941212385240,0.06705290067071760,0.06703853760589950,0.06702830982795260,0.06702638648799040,0.06705402420344200,0.06705138189499580,0.06704030310964210,0.06703171250082670,0.06703222502017660,0.06704737346978380,0.06705097329974780,0.06704615420225480,0.06704030658580590,0.06704024550835040
1,23,0.08546565302206850,0.08900577490412150,0.09186543544257760,0.09474150579138590,0.09765724251057470,0.10064033174737400,0.10108225554144700,0.10138835478274400,0.10170767581710600,0.10205772386780100,0.10249358636004000,0.10276411987924700,0.10288325341308900,0.10300536199786400,0.10313532955689800,0.10334575289587500,0.10383432910447400,0.10419776575878600,0.10455832699124800,0.10490891444747200,0.10531417798647100,0.10516541955172800,0.10493125057303500,0.10468827672030700,0.10443270577228800,0.10419788771353200,0.10391268656482400,0.10355428125302400,0.10317697310074100,0.10279598731298200,0.10241997902572300,0.10266788129214000,0.10283397251197800,0.10298305172037500,0.10313817868771500,0.10330194976808500,0.10336787835239400,0.10335784135573400,0.10333570159205400,0.10331993611375500,0.10331697140582000,0.10335957321096900,0.10335550025820400,0.10333842300535500,0.10332518112060200,0.10332597113703800,0.10334932152211700,0.10335487043425300,0.10334744209768400,0.10333842836364400,0.10333833421657600
1,24,0.12864722122963600,0.13397599164016300,0.13828049723889000,0.14260970371367900,0.14699861801430400,0.15148891472911600,0.15215412076326500,0.15261487681462500,0.15309553497726900,0.15362244499815500,0.15427852725438300,0.15468574798300100,0.15486507380035700,0.15504887781476700,0.15524451155450200,0.15556125140126100,0.15629668100804000,0.15684374423188400,0.15738647922540700,0.15791420118676200,0.15852422435179200,0.15830030563605600,0.15794782265205300,0.15758208612656500,0.15719738781645900,0.15684392780433400,0.15641462861834000,0.15587513882557900,0.15530719552178300,0.15473371645516300,0.15416772977390800,0.15454088479681400,0.15479089369684900,0.15501529525730300,0.15524880021023200,0.15549531671905700,0.15559455575685800,0.15557944756211300,0.15554612167065500,0.15552239067577100,0.15551792804752100,0.15558205443815900,0.15557592362376900,0.15555021807952300,0.15553028572521300,0.15553147489788900,0.15556662307787400,0.15557497558092000,0.15556379407321200,0.15555022614509000,0.15555008443016500
1,25,0.18827586097711200,0.19850926755554000,0.20203815070633500,0.20560644360438700,0.20926229330507500,0.21306102331650300,0.21494809384211000,0.21654647293089500,0.21817208280330100,0.21986301251613200,0.22173929310791300,0.22216267645762700,0.22225869010294700,0.22236130111936700,0.22248103017934000,0.22277433104107400,0.22344189585157600,0.22383996978237300,0.22423213681884500,0.22460322819200100,0.22509152684189000,0.22524344502608700,0.22521271880376400,0.22516296092308900,0.22508587779345100,0.22505332798877600,0.22469766395421900,0.22418388257416400,0.22362912423252800,0.22306628236642600,0.22251413133408500,0.22253463945756500,0.22237754083637700,0.22218387157347700,0.22200352167431700,0.22184197497948900,0.22219044414484200,0.22237573628452100,0.22253492476342000,0.22270776449198400,0.22290815899677400,0.22300007313078900,0.22299128566450700,0.22295444119509000,0.22292587159890500,0.22292757607307900,0.22297795493415900,0.22298992680840200,0.22297390004332500,0.22295445275569000,0.22295424963175800
1,26,0.25635219765258900,0.26304254347091800,0.26579580417378000,0.26860318349509500,0.27152596859584600,0.27463313190389000,0.27774206692095600,0.28047806904716600,0.28324863062933300,0.28610358003411000,0.28920005896144400,0.28963960493225200,0.28965230640553600,0.28967372442396700,0.28971754880417800,0.28998741068088800,0.29058711069511100,0.29083619533286200,0.29107779441228300,0.29129225519723900,0.29165882933198900,0.29218658441611900,0.29247761495547600,0.29274383571961300,0.29297436777044300,0.29326272817321900,0.29298069929009800,0.29249262632275000,0.29195105294327400,0.29139884827768900,0.29086053289426300,0.29052839411831700,0.28996418797590500,0.28935244788965100,0.28875824313840100,0.28818863323992100,0.28878633253282600,0.28917202500692900,0.28952372785618500,0.28989313830819600,0.29029838994602600,0.29041809182341800,0.29040664770524500,0.29035866431065600,0.29032145747259700,0.29032367724826800,0.29038928679044300,0.29040487803588300,0.29038400601343800,0.29035867936629000,0.29035841483335100
1,27,0.32809633551605100,0.31841917352808300,0.32003081591960700,0.32170966845377900,0.32352767202882900,0.32556443780263500,0.32920897852322800,0.33241147436275600,0.33565497151485200,0.33899849481139800,0.34262818153711200,0.34346666704070800,0.34379910562215600,0.34414155509495500,0.34451032355133600,0.34514785012783100,0.34576842155813200,0.34597174820062100,0.34616623584245100,0.34632852551706000,0.34667170505044200,0.34730326032985300,0.34765343908138800,0.34797412649588600,0.34825238993744300,0.34859939095892500,0.34845404657912700,0.34806377444078600,0.34760979775915400,0.34714308137586800,0.34669283139717900,0.34632067594121300,0.34567190039572800,0.34496644867332200,0.34428189003352100,0.34362664629770200,0.34414505366723200,0.34441070880706100,0.34463594180120600,0.34488232405800200,0.34517138113620700,0.34543769530422100,0.34554806413241600,0.34561493036101700,0.34569458759282600,0.34582117635574900,0.34589932764285900,0.34591789926915400,0.34589303740661800,0.34586286938521200,0.34586255428486300
1,28,0.39449170163087200,0.37379580358524900,0.37426582766543300,0.37481615341246400,0.37552937546181200,0.37649574370137900,0.38067589012550000,0.38434487967834700,0.38806131240037100,0.39189340958868700,0.39605630411278000,0.39729372914916400,0.39794590483877600,0.39860938576594200,0.39930309829849400,0.40030828957477400,0.40094973242115200,0.40110730106837900,0.40125467727262000,0.40136479583688100,0.40168458076889600,0.40241993624358800,0.40282926320730100,0.40320441727215900,0.40353041210444400,0.40393605374463200,0.40392739386815600,0.40363492255882200,0.40326854257503400,0.40288731447404800,0.40252512990009600,0.40211295776410800,0.40137961281555200,0.40058044945699300,0.39980553692864100,0.39906465935548300,0.39950377480163700,0.39964939260719300,0.39974815574622700,0.39987150980780700,0.40004437232638800,0.40045729878502300,0.40068948055958700,0.40087119641137800,0.40106771771305600,0.40131867546323100,0.40140936849527400,0.40143092050242600,0.40140206879979800,0.40136705940413500,0.40136669373637500
1,29,0.45277711344198100,0.42612021835634400,0.42532662550405300,0.42462588672714000,0.42411042160886600,0.42388011537057600,0.42836711456891500,0.43227888806037800,0.43624425097238500,0.44033977345241300,0.44480687892916000,0.44657083580223000,0.44767709836007300,0.44879568555906000,0.44994795841975800,0.45145118229076000,0.45214307529066800,0.45228929637522700,0.45242404664836600,0.45251681392823000,0.45284598089680100,0.45359445766522400,0.45397539665794700,0.45431784670834900,0.45460494500144700,0.45498180406409200,0.45513084514156900,0.45496020546667500,0.45470622609262600,0.45443543663453300,0.45418606071725800,0.45383808197438500,0.45312768032880700,0.45234292506316300,0.45158549230077300,0.45086645734571300,0.45111677351818300,0.45103554143323300,0.45090150664199900,0.45079529953547800,0.45074495026354500,0.45134409719521700,0.45173958178223500,0.45207814344000400,0.45243336258213200,0.45284997388147600,0.45295231234639900,0.45297663173762800,0.45294407533400000,0.45290457055916400,0.45290415793786000
1,30,0.50532021682393100,0.47539241784136800,0.47321320943546800,0.47113886839780900,0.46927081046999000,0.46771755281022600,0.47228265185347200,0.47621349950884900,0.48020378723089500,0.48433758640257500,0.48887990598625200,0.49129798699990700,0.49299268618604700,0.49470045447430600,0.49644490391512900,0.49857652827579000,0.49934845016667900,0.49951773412116600,0.49967434396968900,0.49978457979110500,0.50015590543415800,0.50082682459476200,0.50109183943332700,0.50131441480445400,0.50147598862845300,0.50173664191730800,0.50206440039936500,0.50203962316434400,0.50192284831192800,0.50178744785732400,0.50167562384866700,0.50149604857204400,0.50091610293549400,0.50025387549183200,0.49962175614991700,0.49903204026839300,0.49898404981686900,0.49856915528518100,0.49809599448852400,0.49765369324101200,0.49727311494767800,0.49809809053480200,0.49869836780036200,0.49923577144689400,0.49979152220005400,0.50041507161048500,0.50052815919623500,0.50055503297476000,0.50051905700922500,0.50047540285030100,0.50047494688931700
1,31,0.54483472141570300,0.51897557034699000,0.51569528543237300,0.51253037121261400,0.50959036359481400,0.50699169589827200,0.51138191583811400,0.51508529729841900,0.51885355613558000,0.52277721918468800,0.52714154880625400,0.53008956345524800,0.53225721141698500,0.53443861250884700,0.53665932234897400,0.53929853980413200,0.54023305414394100,0.54051564136090800,0.54078444406536200,0.54100297561417200,0.54150409063872500,0.54213373102196800,0.54232393000111100,0.54246822481248800,0.54254655761888400,0.54273212430585000,0.54319609071417400,0.54327871407497500,0.54326176016046100,0.54322459981231900,0.54321291709934800,0.54315599825452000,0.54266552420084600,0.54208585236408800,0.54153873365564600,0.54103752310636200,0.54080659288726400,0.54017790957579400,0.53948615308107200,0.53882788621164100,0.53823648155807900,0.53917875807625700,0.53987782263675000,0.54050881178831200,0.54115965042648700,0.54188389355397400,0.54205401760173000,0.54213078852147800,0.54213948857400900,0.54213986437338300,0.54218703041010100
1,32,0.57765891196672200,0.55686967587320900,0.55277285349477000,0.54880039517155800,0.54506908098333700,0.54170254463471600,0.54566490652284100,0.54889428142908800,0.55219355768643900,0.55565867179875300,0.55959180738916400,0.56294556516825600,0.56547067405288700,0.56801015966268200,0.57059121372129300,0.57361721687578800,0.57479688722245300,0.57528301809445300,0.57575434693538600,0.57617200139742900,0.57689053651050200,0.57751517694684300,0.57767166836129900,0.57777927673245100,0.57781665197274200,0.57796825122971900,0.57852591608599500,0.57867747819856800,0.57872296163822300,0.57874689249951900,0.57879794046930100,0.57881793102181600,0.57837594412486200,0.57783885567993100,0.57733642481795700,0.57688290585962000,0.57658440272936700,0.57586180430507100,0.57507198241964400,0.57431787844736300,0.57363505009474700,0.57458609981958100,0.57527794629139900,0.57589726446425600,0.57653774726143200,0.57725643971194400,0.57752988756288600,0.57770389837778300,0.57780537002835100,0.57789795512841000,0.57804040850021100
1,33,0.60575229954253500,0.58907473442002500,0.58444591362265800,0.57994894027463800,0.57570696263556000,0.57185009901955800,0.57513162390765300,0.57764045190085700,0.58022379188347300,0.58298194424476700,0.58623068173498400,0.58986599213892800,0.59263307409375300,0.59541509593581200,0.59824057803208600,0.60153255949075700,0.60303994940221500,0.60381986432180300,0.60458405257976100,0.60529165714087600,0.60631524304948900,0.60697116236938700,0.60713505451389100,0.60724757056434200,0.60728627169002500,0.60744502268891500,0.60805387651482800,0.60823591553512200,0.60830645274521400,0.60835432591892200,0.60843069395852600,0.60848184687393000,0.60804736270754200,0.60751288543936100,0.60701482963685300,0.60656818852816600,0.60631747934317800,0.60562083947301400,0.60485348250424000,0.60412366994817900,0.60346882055768300,0.60432011576477400,0.60489873876431100,0.60540112947472700,0.60592581270488900,0.60653271008439400,0.60695576907970200,0.60727436254367600,0.60751670137225200,0.60774967511538100,0.60803508115964700
1,34,0.63107219087161200,0.61559074598743900,0.61071446581603700,0.60597600652185600,0.60150400855148300,0.59743435905279600,0.59978206799255000,0.60132380871372600,0.60294425872668100,0.60474703652273300,0.60705817184371300,0.61085084436726700,0.61374441153958300,0.61665342132823600,0.61960741528135300,0.62304456764903800,0.62496224068322800,0.62612618004295600,0.62727356099848700,0.62836194284451400,0.62977821025568600,0.63050168728960000,0.63071408845888600,0.63087310630816200,0.63095541677073400,0.63116243868343800,0.63177997200067400,0.63195402608463700,0.63201223348143400,0.63204690007053000,0.63211117756702300,0.63214774581086300,0.63167977994888600,0.63110794164237900,0.63057394811233200,0.63009337111200200,0.63000582272869800,0.62945501507962200,0.62883065333485900,0.62824526071409000,0.62773779294688600,0.62838080591183700,0.62874020005548400,0.62902040681972500,0.62932384675685800,0.62971270467132400,0.63033166215217900,0.63084218101915400,0.63127348260571100,0.63169502433429800,0.63217104838841000
1,35,0.65106457139564300,0.63641771057545000,0.63157851007490700,0.62688159391321100,0.62246021873110500,0.61845532473443100,0.61961623877753200,0.61994435186769300,0.62035495821606400,0.62095394863264900,0.62207427771535000,0.62590012185327000,0.62880468639037700,0.63172513583995500,0.63469172546909300,0.63815324135063300,0.64056376106549200,0.64220196525791400,0.64382287219156300,0.64538285850834200,0.64727943812909400,0.64810675170748200,0.64840877019628600,0.64865588396391000,0.64882408721486800,0.64912049921328800,0.64970420254353200,0.64983180984711400,0.64984030384688400,0.64982461495434300,0.64983939129479300,0.64981562783261500,0.64927319584889400,0.64862402428898300,0.64801378024439600,0.64745845361112600,0.64764943288592500,0.64736433112489400,0.64700349491150300,0.64668265074509400,0.64644196726235700,0.64676817026077000,0.64680233016491900,0.64675509649925000,0.64673184941733800,0.64679642347273400,0.64765756678031500,0.64840735380421900,0.64907571372873000,0.64973400278515900,0.65044831018649800
1,36,0.66743599049083100,0.65427243302589900,0.64954730517765700,0.64496820695663000,0.64067245991230200,0.63680552174074900,0.63697467076202500,0.63628754209161000,0.63568617452127300,0.63527849034988700,0.63540364768150300,0.63906501250198700,0.64178562498758300,0.64452270785718200,0.64730709551029200,0.65059626859310800,0.65340380597268000,0.65542373045057500,0.65742575587975800,0.65936528795838600,0.66164856971556000,0.66264276180727300,0.66309996806158300,0.66350098351887500,0.66382120994001600,0.66427254734590200,0.66485233487835700,0.66496538041793900,0.66495654232549900,0.66492296630859700,0.66492057069271600,0.66487243178072900,0.66429359344408800,0.66360555625891800,0.66295735828833500,0.66236535329908200,0.66270467720733100,0.66255693097054000,0.66233162807624600,0.66214721183858200,0.66204484710238200,0.66217856921270200,0.66201321510576000,0.66176459428249900,0.66154057546397800,0.66140641282023100,0.66241386665616000,0.66330746248886700,0.66411775776228400,0.66491772866412800,0.66577501588101000
1,37,0.68019509029897700,0.66915491333878500,0.66462085112428700,0.66023584565211500,0.65614073209507200,0.65248495007175000,0.65185736394602800,0.65035337938547600,0.64893790764230900,0.64772066167444700,0.64704628174217100,0.65034551631341800,0.65268722733120100,0.65504613737991800,0.65745352540494800,0.66037364937646300,0.66348237540479100,0.66579147562094000,0.66808221206307300,0.67030923119464700,0.67288560501508500,0.67410971758897400,0.67478768205477900,0.67540840497305600,0.67594678494617700,0.67661858308128200,0.67722436900515000,0.67735473779711400,0.67736094891728000,0.67734195413329200,0.67735471576079300,0.67731815765520600,0.67674097273446600,0.67605253755218200,0.67540468224414900,0.67481407017587000,0.67517155569291600,0.67503281461655900,0.67481505282908700,0.67463894399455400,0.67454643246696100,0.67461200276763300,0.67437285487800600,0.67404890016947300,0.67375002489677700,0.67354267271381400,0.67460056177971300,0.67554250707309800,0.67639961470637400,0.67724620197120300,0.67815116547194600
1,38,0.69020556000818900,0.68106515151411000,0.67679914791479700,0.67268450999966400,0.66886503527941600,0.66549360972743200,0.66426431832954100,0.66214186374929200,0.66011015757917100,0.65828046260632900,0.65700217989735400,0.65974163328756100,0.66150949342123100,0.66329542440816400,0.66513101515306100,0.66748538370069900,0.67079946936182500,0.67330520076900900,0.67579224074150700,0.67821468821712300,0.68099054402766900,0.68250761905258500,0.68347191217587200,0.68437814832645400,0.68520081223335100,0.68615860641942600,0.68682030492391000,0.68699988198463600,0.68705352362222500,0.68708157842843000,0.68714182649902200,0.68715280545604500,0.68661533372002900,0.68596496816877700,0.68535575211183900,0.68480460424149000,0.68505006834267800,0.68479198206295100,0.68445376917002800,0.68415784721300900,0.68394672335609400,0.68406847092556300,0.68388124948165700,0.68360801416017200,0.68336019771573600,0.68320520315348300,0.68421765215097500,0.68511248755691200,0.68592128456100000,0.68671942270638700,0.68757675895930500
1,39,0.69696949546561400,0.69000314755187200,0.68608219554918700,0.68231419999927700,0.67884536946533300,0.67583150070779800,0.67419553391256500,0.67165299518305600,0.66920292433186000,0.66695789314553400,0.66527134214705300,0.66725336342441800,0.66825242325767300,0.66927056894191800,0.67033956475463200,0.67193147156581400,0.67535508784378400,0.67796490589478200,0.68055584191506000,0.68308165902581600,0.68596338675331000,0.68783646619810500,0.68915265842486500,0.69041021357906800,0.69158329180153800,0.69289261736033400,0.69364014263463700,0.69390081298050800,0.69403426644033600,0.69414183919400900,0.69428190290740500,0.69437637518324700,0.69391667640077800,0.69334284810870100,0.69281056789140500,0.69233695549594200,0.69234021515661800,0.69183443330971600,0.69124777709906700,0.69070392149394800,0.69024571976978200,0.69054797368649300,0.69053839891671500,0.69044193625459500,0.69037109392085400,0.69039400413923800,0.69126513776994500,0.69201740394030900,0.69268276732616300,0.69333739086967800,0.69405179634308700
1,40,0.70216013238289200,0.69596890145207200,0.69246999402745600,0.68912491565095500,0.68608173465282500,0.68349862301284500,0.68165101069509900,0.67888677368676900,0.67621620790037500,0.67375295329206000,0.67185376849126600,0.67288070672398800,0.67291601684052700,0.67297157098118100,0.67307917420966100,0.67371191297181000,0.67714923085066600,0.67977059099825900,0.68237301558373300,0.68491014362072400,0.68780413319201100,0.69009625902553500,0.69182992080175500,0.69350460073089800,0.69509422365073800,0.69682061590400800,0.69768388213733200,0.69805753078472900,0.69830317737161300,0.69852273643003000,0.69877494498594200,0.69898886683681100,0.69864500077671200,0.69818617737195400,0.69776912958284600,0.69741112393922500,0.69704199613473700,0.69616016835685400,0.69519707661620500,0.69427716683737100,0.69344342170802400,0.69405051105042200,0.69434430318317700,0.69455066645274200,0.69478271351213100,0.69510907567108000,0.69574301863662400,0.69625725622328800,0.69668406300186100,0.69710010646107600,0.69757627762329300
1,41,0.70474525437259300,0.70057976783295200,0.69747408728942700,0.69452284407441900,0.69187563148472600,0.68969260844822300,0.68772105258629800,0.68482469425295500,0.68202294168482900,0.67943034866879600,0.67740652288360400,0.67762828564805000,0.67685110877911700,0.67609515243377600,0.67539225622398500,0.67521637363709200,0.67849355918447500,0.68095307918298700,0.68339374815303000,0.68576915928116900,0.68850194439677200,0.69113266554668300,0.69320428907387200,0.69521671868613900,0.69714371797034600,0.69920775236380900,0.70024130551446300,0.70078355974208400,0.70119727738708500,0.70158472793645300,0.70200490133575700,0.70234071848514500,0.70211613838464900,0.70177597877096600,0.70147774581614500,0.70123882248017200,0.70063081425148200,0.69950733812380200,0.69830228121397300,0.69714068630500400,0.69606565454740700,0.69678033265027600,0.69718052052241700,0.69749290088109500,0.69783104298701900,0.69826390133461900,0.69876851717033600,0.69915287013539200,0.69944943108356100,0.69973520697871200,0.70008134948385600
1,42,0.70596375633569800,0.70383574669451200,0.70109447533509800,0.69850798526966900,0.69622705996103900,0.69441345701393000,0.69240565958616000,0.68946675688161200,0.68662312568522100,0.68399007927574100,0.68192960532406600,0.68149610019660200,0.68005769907344100,0.67864131329970300,0.67727881079760300,0.67644485356165900,0.67938807284521100,0.68151237044896500,0.68361803962295200,0.68565870600714800,0.68805682036759400,0.69094568576155000,0.69327576324121700,0.69554656744478800,0.69773177476036000,0.70005402673973900,0.70131241276602900,0.70207889985257500,0.70271656648675500,0.70332781371327700,0.70397177195685300,0.70443193012824700,0.70433008922459100,0.70411225230573400,0.70393641659130200,0.70382005111878300,0.70310666950685200,0.70187594261055900,0.70056339089237000,0.69929447989684800,0.69811241828793100,0.69873743848605600,0.69904705093443300,0.69926863953965200,0.69951608234551700,0.69985848112985600,0.70034163337108000,0.70070424567662000,0.70097887157126300,0.70124269242258600,0.70156701192477600
1,43,0.70644139140875300,0.70573683803675300,0.70333115816447100,0.70108033923670400,0.69913602008176200,0.69766116870996700,0.69570483169468700,0.69281296157274000,0.69001675990155200,0.68743214511289500,0.68542301581265200,0.68448415036964600,0.68253578772350000,0.68061005357896200,0.67873883793051600,0.67739735274551200,0.67983277183287300,0.68144846479619300,0.68304588999350000,0.68457878379866200,0.68646876110447700,0.68953531967013500,0.69204434330378800,0.69449414700684700,0.69685839402078200,0.69935943903179800,0.70089720389203100,0.70194355111620200,0.70286104467062100,0.70375199376050300,0.70467555684922800,0.70526250176611900,0.70528685329653600,0.70519499797626100,0.70514514190831600,0.70515480985505800,0.70446956190084800,0.70326598181712600,0.70198040565139700,0.70073854761290100,0.69958371292959700,0.69992182855776100,0.69994389441922500,0.69987788242841300,0.69983783158762500,0.69989281505679100,0.70046236723885800,0.70091138284697200,0.70127238446496700,0.70162256279269700,0.70203326494605400
1,44,0.70534761864380300,0.70628304185967400,0.70418413577754400,0.70223990597552500,0.70060251184689500,0.69943574353633400,0.69761856891187800,0.69486330832634000,0.69220384433382200,0.68975654618025900,0.68788675434936200,0.68659243616718000,0.68428537472929400,0.68200137327155300,0.67977233762272400,0.67807387118865100,0.67982765614746200,0.68076136222467200,0.68167729926467200,0.68252939265571200,0.68373776660742100,0.68690156727243800,0.68951002926158700,0.69205945737231600,0.69452357575161000,0.69712398923998500,0.69899567889246900,0.70037751353296400,0.70163071193868300,0.70285726807813200,0.70411625601288200,0.70483243339875900,0.70498643060048600,0.70502421578254400,0.70510392176718900,0.70524309868899600,0.70471949143347000,0.70367745574350100,0.70255332549105300,0.70147288945316500,0.70047953847240300,0.70033350286539200,0.69987105097679500,0.69932062954738000,0.69879629071334200,0.69836690311542400,0.69913071877366900,0.69977428164644800,0.70032996976467400,0.70087481808904600,0.70148010854768800
1,45,0.70316113861810200,0.70547435816327400,0.70365340817431900,0.70198668548613200,0.70062653525643900,0.69973718149303100,0.69814687123773400,0.69561779714241200,0.69318437898203100,0.69096328247783100,0.68932082093419700,0.68782095758920600,0.68530646009082300,0.68281527237747700,0.68037930987422600,0.67847440889107600,0.67937272578897800,0.67945106273440100,0.67951226743646900,0.67951053257829700,0.67986383687642600,0.68304442856845900,0.68567282111461300,0.68824249854119400,0.69072731995284600,0.69334767736430000,0.69560783776734200,0.69738078710286100,0.69902556829094200,0.70064363666616200,0.70229386944781600,0.70314172502616900,0.70342882113643900,0.70359990572458600,0.70381275616791900,0.70408491762059800,0.70385645810471700,0.70311036438968600,0.70228215041133800,0.70149750541763900,0.70079989491635100,0.69997246140894800,0.69882852060714100,0.69759688089655100,0.69639145972267000,0.69528074530575500,0.69634668797551300,0.69729294207504700,0.69815162747038200,0.69899945831163300,0.69990754272968000
1,46,0.70131010566022400,0.70482066568594700,0.70312736986065500,0.70158803414252900,0.70035502709052100,0.69959270461087700,0.69822594971965000,0.69592035654129500,0.69371022113670600,0.69171242667892800,0.69029401037425100,0.68867261642831400,0.68603528561204400,0.68342141624584400,0.68086293530577000,0.67883590431100000,0.67901158819415600,0.67836734773235900,0.67770651237977300,0.67698349905687800,0.67661448831162600,0.67964776591983700,0.68213150988210700,0.68455687915532200,0.68689791074061500,0.68937378064157500,0.69194883821758500,0.69403946926747900,0.69600247863065000,0.69793875155885000,0.69990692911719900,0.70093268256110000,0.70139953597935600,0.70175063640892000,0.70214329785753300,0.70259506059983100,0.70263271889594700,0.70215378673061000,0.70159276317897800,0.70107516815229300,0.70064450690010900,0.69936501564911100,0.69776912292444800,0.69608575707586600,0.69442868626543200,0.69286611011313100,0.69397929620989100,0.69497321487254600,0.69587985522714600,0.69677566827482400,0.69773153874283800
1,47,0.69931785008588900,0.70432196442769200,0.70260602083655200,0.70104395194471800,0.69978798734914200,0.69900231288987200,0.69785580435762600,0.69577098652298900,0.69378137079784800,0.69200397878354800,0.69080632266952500,0.68914741268450500,0.68647185129295500,0.68381980487665400,0.68122321391735500,0.67915835744842400,0.67874424336299600,0.67751021721854700,0.67626003409458400,0.67494829209145400,0.67398972091302400,0.67671157932657100,0.67888609556406700,0.68100259921469900,0.68303534811491900,0.68520229907181100,0.68801868024319600,0.69035356002681700,0.69256144295780700,0.69474261275619800,0.69695543502103100,0.69820530600355200,0.69889857512923700,0.69947640783554800,0.70009554683603000,0.70077352762669500,0.70104827380715900,0.70080772276627000,0.70048516379397000,0.70020587765712700,0.70001337442368000,0.69851116558588200,0.69669285792871400,0.69478725808532400,0.69290797034162700,0.69112299753755200,0.69202854347680400,0.69281510003894300,0.69351465303496600,0.69420344797861900,0.69495209658716200
1,48,0.69823348974415100,0.70397825438850800,0.70208936110201200,0.70035443889269700,0.69892541603230100,0.69796600633001600,0.69703643515166200,0.69516968708749400,0.69339782796545600,0.69183793879169200,0.69085775782001800,0.68924534635777800,0.68661615713355600,0.68401043826990700,0.68146014570898100,0.67944176830334600,0.67857069129549800,0.67687967119296400,0.67517283258090200,0.67340491168202700,0.67198953468061700,0.67423586878866200,0.67593657816049500,0.67757965871932600,0.67913963207575700,0.68083323265500600,0.68381736384417600,0.68632305938087700,0.68870246127241300,0.69105522025820400,0.69343938715931100,0.69495959535352400,0.69592593858608200,0.69677722000446900,0.69766950310341100,0.69862031870118900,0.69910312283835400,0.69907217249666900,0.69895935225631700,0.69888963393214100,0.69890649748706200,0.69741091121926000,0.69559972561994000,0.69370138392492600,0.69182931195125600,0.69005140757901800,0.69049442977625200,0.69081859757423900,0.69105602089384100,0.69128279742301800,0.69156921626265300
1,49,0.69601549644873100,0.70378953556839600,0.70157739065703300,0.69951949498646800,0.69776731313999800,0.69648378493130800,0.69576784210175800,0.69411645823481000,0.69255959263953100,0.69121430670335900,0.69044831582573000,0.68896641744813300,0.68646820313384900,0.68399331642560400,0.68157373068064900,0.67968613687576900,0.67849093199166100,0.67647570965561000,0.67444490783872800,0.67235335782859500,0.67061392961440700,0.67222063430610900,0.67328295767139000,0.67428805766920200,0.67521076262312800,0.67626658139116200,0.67934488902052500,0.68194796732965700,0.68442553357446700,0.68687657406486900,0.68935878553204100,0.69119555061101800,0.69248162634989100,0.69365307291568200,0.69486516665967500,0.69613543382331400,0.69679726598953100,0.69694713592180600,0.69701532856601700,0.69712643697733400,0.69732387609025600,0.69606425254924600,0.69448972599812700,0.69282813459467300,0.69119271109431900,0.68965134023752900,0.68937695510823400,0.68898370747843300,0.68850395880377300,0.68801371660802100,0.68758289776931100
1,50,0.69712935812507800,0.70375580796735600,0.70107010950161600,0.69853912022602900,0.69631367867223500,0.69455564869375000,0.69405002520791400,0.69261129996493600,0.69126666482007300,0.69013308251855000,0.68957799668666200,0.68831062595557100,0.68602798929383300,0.68376843934374500,0.68156396883235800,0.67989146316569000,0.67850496545148700,0.67629833260648600,0.67407625986806000,0.67179363053115800,0.66986290571439300,0.67066587587891200,0.67092523409675300,0.67112779606432800,0.67124873975703400,0.67150234528027900,0.67460125577224300,0.67722828387315800,0.67973065986397100,0.68220667417619200,0.68471363013922000,0.68691317177603200,0.68856563842066400,0.69010396656919000,0.69168253750482300,0.69331887299307000,0.69413070326069100,0.69443261304168000,0.69465309272307100,0.69491628679270700,0.69526551023326100,0.69447118957583900,0.69336285906327300,0.69216751009456200,0.69099816777081500,0.68992279551308400,0.68867611947275200,0.68731042975152600,0.68585846676476000,0.68439620553362800,0.68299314110713400
1,51,0.69895166557805400,0.70442512857937200,0.70119660532445500,0.69812347146270100,0.69535600316949600,0.69305499987589500,0.69262726434654800,0.69126835081516000,0.69000326271427100,0.68894879317644100,0.68847186699326900,0.68741452870221100,0.68534332702586800,0.68329496817345500,0.68130145191850500,0.67983967658685500,0.67834227585291900,0.67602487806289500,0.67369212544858400,0.67129894291202600,0.66925744992082500,0.66938187927636400,0.66896332303195800,0.66848832871643500,0.66793236844799900,0.66750869407785500,0.67047096051505800,0.67296415385037500,0.67533350425820500,0.67767671349146100,0.68005070755196400,0.68254613492658500,0.68449813302657700,0.68633653646071100,0.68821480049442700,0.69015042172075100,0.69115005516979300,0.69164206126529700,0.69205290493346300,0.69250623298733300,0.69304525742352800,0.69265694216255300,0.69195558800394700,0.69116730918636700,0.69040488052689700,0.68973629234076000,0.68783721199375300,0.68581908004572800,0.68371487394950600,0.68160050627835100,0.67954515159374900
1,52,0.70300376362306700,0.70579749740444400,0.70195687812555100,0.69827254869648200,0.69489428663178300,0.69198183847774600,0.69149955951765800,0.69008761078548100,0.68876938632212700,0.68766143867703100,0.68712992674555200,0.68627812568805300,0.68441421632995400,0.68257290291473500,0.68078617993909000,0.67953077713926300,0.67800286319595700,0.67565534602483800,0.67329250458030100,0.67086929497119800,0.66879756223370300,0.66836864449846600,0.66739722447700600,0.66636965562552400,0.66526164869602500,0.66428562778389200,0.66695400324896900,0.66915557726130900,0.67123406675716900,0.67328669201067400,0.67537001777027300,0.67809444006267500,0.68027911016762800,0.68235078259024700,0.68446195562848800,0.68663008000635700,0.68785532171683600,0.68857548059265600,0.68921476519719500,0.68989627556121100,0.69066311766105600,0.69062151030938900,0.69026791282014700,0.68982753187008700,0.68941284936256400,0.68909183072055600,0.68686023267123700,0.68450965836103700,0.68207318035801000,0.67962661884218800,0.67723892922915400
1,53,0.70618341271100600,0.70787291444257200,0.70335092790490300,0.69898635192737400,0.69492852905909500,0.69133616449930100,0.69066691072124600,0.68906907987589800,0.68756503564364000,0.68627101902032100,0.68555217594350900,0.68490141691309700,0.68324065720609200,0.68160224356758600,0.68001815289411400,0.67896476482291400,0.67748672748060300,0.67518973649231600,0.67287739726321000,0.67050468670867400,0.66848324265302800,0.66762617154521700,0.66622693843189600,0.66477177679159300,0.66323658050111000,0.66183314639838900,0.66405038397397800,0.66580255410596000,0.66743234736086400,0.66903660973383300,0.67067156079414800,0.67355808718430300,0.67590856984381900,0.67814670495779800,0.68042400290700700,0.68275784784988900,0.68424650290182200,0.68523287102375800,0.68613867351426500,0.68708641451434100,0.68811909094584700,0.68836489401634600,0.68829983351187500,0.68814817814572200,0.68802207427781700,0.68798941065247200,0.68574518150520600,0.68338216469745600,0.68093338599027200,0.67847454322513900,0.67607447401335100
1,54,0.70443089222277400,0.71065137969375700,0.70537875466251200,0.70026488115537500,0.69545873045143200,0.69111797794056000,0.69012931795731100,0.68821275808641300,0.68639021067881000,0.68477753420631100,0.68373861458714200,0.68328440237734300,0.68182264965428000,0.68038299013200600,0.67899737078357600,0.67814163963780800,0.67679386870685400,0.67462804946532700,0.67244680349731200,0.67020511812445400,0.66831449117879800,0.66715446041661800,0.66545246489662900,0.66369469221464500,0.66185716386325400,0.66015124992134600,0.66176010269008300,0.66290508438432800,0.66392834606928900,0.66492646666093600,0.66595533662358800,0.66893707629146800,0.67138651205514900,0.67372430356336300,0.67610094232998200,0.67853372525134700,0.68032359872475000,0.68161423255860200,0.68282462988467500,0.68407664984672300,0.68541317727789900,0.68588709328342500,0.68605135007913000,0.68612924801327200,0.68623255527265500,0.68642903213650800,0.68449205849565800,0.68243659905498200,0.68029549084629200,0.67814427942720600,0.67605178594633800
1,55,0.71476317500947700,0.71413289315799700,0.70804035839837800,0.70210813638048600,0.69648489080879400,0.69132727880152400,0.68988678122585200,0.68751864541702400,0.68524491142763800,0.68318098423500100,0.68168924267645100,0.68142708208079000,0.68016019367452000,0.67891514260799700,0.67772383360747500,0.67706140158394500,0.67592428687471300,0.67397028494387100,0.67200072328260600,0.66997058921853900,0.66829130781101400,0.66695351111266900,0.66507380387120400,0.66313840189467800,0.66112339878245900,0.65923993835276400,0.66008315939728600,0.66046316809641300,0.66072206288244400,0.66095626279198500,0.66122134525859400,0.66423140738417200,0.66671293680161800,0.66908357840694300,0.67149277389741400,0.67395771221073000,0.67608660918561900,0.67771956519718800,0.67927263430842300,0.68086698155835800,0.68254537665721300,0.68318810811062500,0.68352246252191200,0.68377074147273700,0.68404429234707800,0.68441069517266500,0.68310086364259400,0.68167296143361700,0.68015949492607100,0.67863582744838700,0.67717086502811600
1,56,0.71783168456370900,0.71753984588063500,0.71078753484109800,0.70419692365327000,0.69791656129415800,0.69210242993728300,0.69015099390571000,0.68727149163610800,0.68448690410296500,0.68191221457426800,0.67990838395345700,0.67971595175373300,0.67852134149271900,0.67734844285950200,0.67622909660550400,0.67563745459856800,0.67470588449633500,0.67295900682728500,0.67119644862201900,0.66937322202086400,0.66790045455271700,0.66646346692212600,0.66448490559935900,0.66245072737234100,0.66033707989730300,0.65835486040928600,0.65855281132624000,0.65828818729781800,0.65790298158527300,0.65749346136847100,0.65711493044043100,0.66000209044480600,0.66236402689117900,0.66461584243711000,0.66690600868359800,0.66925157625748500,0.67165836853839400,0.67357262607617500,0.67540739486340000,0.67728310035493100,0.67924235877359600,0.68008306297724800,0.68061686660934400,0.68106491957682300,0.68153808557006600,0.68210373914926500,0.68133284773948400,0.68044434103205800,0.67947041448157800,0.67848621170766300,0.67756065353597700
1,57,0.72412477501457700,0.72087223786167000,0.71362028399067300,0.70653124297372600,0.69975374190752500,0.69344343134783600,0.69092195599688500,0.68747129674366300,0.68411618870479400,0.68097122522411100,0.67839603841816300,0.67815101139617300,0.67690609310887700,0.67568289088652000,0.67451315977766000,0.67386979868167500,0.67313866157172100,0.67159421511556700,0.67003397951554900,0.66841301653143200,0.66714193140390600,0.66568432784499100,0.66368577008109300,0.66163166864763500,0.65949820720778500,0.65749601609091200,0.65716905847694600,0.65638014198854400,0.65547110217777400,0.65453806239039500,0.65363609216910000,0.65624912547337000,0.65833978232383000,0.66032109565386500,0.66234064668853500,0.66441531739161400,0.66703887678307500,0.66917341519556200,0.67122891154960500,0.67332500623644200,0.67550412362704800,0.67657195788329400,0.67733456234142600,0.67801178232552900,0.67871393494161900,0.67950816406630800,0.67918801078632700,0.67875073785030400,0.67822824951281300,0.67769543220503400,0.67722115146992300
1,58,0.72806798169522200,0.72413006910110100,0.71653860584710300,0.70911109434185500,0.70199643264889400,0.69535028303318400,0.69219966749937700,0.68811806073969100,0.68413276523312300,0.68035801618453200,0.67715220607056800,0.67673226100810800,0.67531444852299400,0.67391848668905300,0.67257602312394500,0.67175843383326800,0.67122261810087100,0.66987590980871800,0.66851331596319700,0.66708997275024000,0.66601573836458200,0.66461609388126200,0.66267639731640700,0.66068122572056000,0.65860678071390700,0.65666340539764300,0.65593190084940400,0.65473903216859100,0.65342642465994800,0.65209006585775600,0.65078483044460100,0.65297251246986400,0.65464020309957300,0.65619933805720800,0.65779668791222400,0.65944893561311600,0.66222813391966100,0.66452193255534900,0.66673718436703800,0.66899269920289100,0.67133067121756800,0.67265479282876200,0.67367554971815800,0.67461132971885700,0.67557184046173700,0.67662396992379500,0.67666635278312300,0.67659215188835700,0.67643300001977700,0.67626348894049900,0.67615235882995200
1,59,0.73233147147403700,0.72731333959893000,0.71954250041038700,0.71193647775765600,0.70464463351826400,0.69782298499332600,0.69398412841318500,0.68921178362419000,0.68453663368795300,0.68007258745553000,0.67617688691067100,0.67545970058953900,0.67374640773507100,0.67205523026709900,0.67041768664435800,0.66930336005334600,0.66895775408378400,0.66780409090673700,0.66663445796496300,0.66540409067729000,0.66452187543474300,0.66325876503094100,0.66145678730530100,0.65959939859111500,0.65766280041566800,0.65585702832947800,0.65484133844361300,0.65336485783795900,0.65176894903179600,0.65014947177055400,0.64856114526693400,0.65017225143428900,0.65126528921840700,0.65225056964713900,0.65327413235466600,0.65435243092199100,0.65722613994815300,0.65961817815553700,0.66193221331569900,0.66428617925427800,0.66672200154515800,0.66833156781365300,0.66963982873954000,0.67086356175680500,0.67211180213041900,0.67345115672172600,0.67376787372987200,0.67396858314621600,0.67408466600246900,0.67419038191405800,0.67435427561606500
1,60,0.73661623181499300,0.73042204935515600,0.72263196768052600,0.71500739322112900,0.70769834451563700,0.70086153722826400,0.69627533873831000,0.69075246539716100,0.68532779406928400,0.68011493903710500,0.67547008093847200,0.67433333014046600,0.67220197074510700,0.67009312162066000,0.66803815033889900,0.66650457734191000,0.66634406952046100,0.66537875840962500,0.66439740552084700,0.66335537031258100,0.66266034261439100,0.66161234129402700,0.66002694004777400,0.65838618725930200,0.65666626631306700,0.65507688488641700,0.65389737125957500,0.65225761899664700,0.65049867529331600,0.64871628012879100,0.64696503663609800,0.64784834236664300,0.64821504068033300,0.64847479042365900,0.64877298001586000,0.64912580331823900,0.65203289486855000,0.65446215199612500,0.65681399839558900,0.65920544639060300,0.66167811460981600,0.66360228283796700,0.66522739940557100,0.66676847843937300,0.66833381994766700,0.66998972446010000,0.67049257362657500,0.67088003162388100,0.67118324746089000,0.67147611112571300,0.67182690182826100
1,61,0.73844942884650400,0.73226966867371200,0.72464914475770600,0.71719435997285800,0.71005595958796400,0.70339148249075100,0.69821536694146100,0.69209988443752800,0.68608341668388500,0.68027936768428500,0.67504315018518700,0.67343983356053400,0.67084304472631500,0.66826921664869800,0.66574956595289300,0.66374957003551500,0.66366052809152000,0.66276996130315900,0.66186336553794200,0.66089626043112100,0.66027484849039300,0.65943576119358900,0.65806116768447500,0.65663132902517900,0.65512243210448800,0.65374368226393000,0.65247873632282200,0.65075449053039000,0.64891134627515500,0.64704484563239200,0.64520945346933300,0.64548089973832000,0.64523729704996800,0.64488749370452300,0.64457623789749500,0.64431949495964600,0.64711584842687400,0.64943792281575800,0.65168320830870500,0.65396781838636500,0.65633301928484000,0.65851595221768400,0.66040222763759100,0.66220501923063100,0.66403182737537800,0.66594858286019500,0.66665762115043200,0.66725198673694100,0.66776256193467000,0.66826280448673600,0.66882067847078400
1,62,0.73993496738353900,0.73285619755459700,0.72559403164192600,0.71849737801284300,0.71171747873524500,0.70541282078078800,0.69980421302263800,0.69325404074529300,0.68680350153175700,0.68056587339706900,0.67489609465081400,0.67277921084974200,0.66966962967869600,0.66658351535121300,0.66355193348633900,0.66103833813416200,0.66090712979696000,0.65997769958733800,0.65903233801624700,0.65802676103291100,0.65736539306275000,0.65672902472962700,0.65555947021540400,0.65433482388874800,0.65303129778992900,0.65185742046201900,0.65058543363335600,0.64885547243918800,0.64700696197731400,0.64513516828135800,0.64329439576663900,0.64306992354931900,0.64233205832731400,0.64148867948973200,0.64068390599957100,0.63993350584621200,0.64247500062312400,0.64454549061443700,0.64653984305504700,0.64857329524156600,0.65068671557022900,0.65307257595280400,0.65516431343559900,0.65717318413057900,0.65920582441355200,0.66132773192201000,0.66226301630144400,0.66308444848539500,0.66382260942380800,0.66455046199712700,0.66533560554363200
1,63,0.74011180704356900,0.73218163599781200,0.72546662833318600,0.71891644734108400,0.71268290195748000,0.70692555209837600,0.70104187698184100,0.69421493432045300,0.68748804861290000,0.68097445617545900,0.67502891433535400,0.67235146200809100,0.66868172560224900,0.66503601772820700,0.66144525293923900,0.65837088163785100,0.65808387463678200,0.65700197326216300,0.65590432295576300,0.65474687211795000,0.65393197633146000,0.65349213190214200,0.65252184764056000,0.65149667185000700,0.65039286336939100,0.64941809948068200,0.64821746319117600,0.64656056472303900,0.64478552239979200,0.64298724807568800,0.64121986352801600,0.64061541379963900,0.63949932451237000,0.63827834777928600,0.63709598432208800,0.63596783597793800,0.63811035145730000,0.63978485539216000,0.64138390263461600,0.64302187695620400,0.64473920346598400,0.64727215404332700,0.64951365679959500,0.65167297313921600,0.65385581106218800,0.65612717164554600,0.65730875907961100,0.65837741686924400,0.65936338992830400,0.66033908365688700,0.66137168304680700
1,64,0.73812908245663400,0.73024598400335700,0.72426693483148800,0.71845156795758000,0.71295222925466900,0.70792967644351300,0.70192835881906900,0.69498256516301000,0.68813705792731300,0.68150511601945400,0.67544160923880700,0.67215658703558000,0.66787933249697500,0.66362672377967700,0.65942952431159100,0.65574720054658100,0.65519076261098500,0.65384278232763400,0.65247932035648900,0.65105659368623700,0.64997459829652500,0.64972508271113300,0.64894829995994400,0.64811687290895800,0.64720712884287400,0.64642571931991900,0.64537482499628200,0.64386976738194500,0.64224702754258900,0.64060108501538300,0.63898585675346300,0.63811737048928200,0.63673909560513600,0.63525649857318500,0.63381247286504600,0.63242248535482300,0.63402190092940300,0.63515601714892700,0.63621538704741200,0.63731356353028000,0.63849048297210400,0.64111468648925400,0.64345025772957800,0.64570438625654200,0.64798178732128800,0.65034690203080300,0.65179484948493200,0.65313089188848800,0.65438490344815900,0.65562866946601600,0.65692891098030900
1,65,0.73413631059627800,0.72704924157123100,0.72199495113682900,0.71710273986233200,0.71252546062681300,0.70842519381620100,0.70246365853432400,0.69555693327296400,0.68875052947499700,0.68215785292905400,0.67613417936117200,0.67219458593220900,0.66726245036287300,0.66235563350562600,0.65750474760339600,0.65316729486035400,0.65222779371956900,0.65050012678375000,0.64875733021842600,0.64695592573777400,0.64549325895794400,0.64542787715660000,0.64483882717355500,0.64419542706560000,0.64347409421037700,0.64288027997973100,0.64205751904867500,0.64078308041590600,0.63939147740570500,0.63797667910044300,0.63659237544298100,0.63557579361824600,0.63405137160561200,0.63242313187142900,0.63083337162844400,0.62929745397686800,0.63020964903943300,0.63065897588474000,0.63103429629343400,0.63144835496379400,0.63194055408858900,0.63460017329058400,0.63697411622555000,0.63926742348255800,0.64158375319085100,0.64398692307778100,0.64572128751740800,0.64734487354312700,0.64888714998337200,0.65041921942451300,0.65200728934413600
1,66,0.72827397364467900,0.72224844800413700,0.71806448170289100,0.71404069854740100,0.71033003550974200,0.70709539014903200,0.70135765794253600,0.69467625447771600,0.68809481423288400,0.68172676017451900,0.67592746264885500,0.67148804106219200,0.66605692520441100,0.66065161859387800,0.65530258352381600,0.65046530856360400,0.64911277545482800,0.64697562094708900,0.64482371447709200,0.64261390097605400,0.64074071718648300,0.64075401773535800,0.64024749011317000,0.63968697712586100,0.63904903843423300,0.63853770903026100,0.63793361550854200,0.63688089017877500,0.63571166961296800,0.63451929555809000,0.63335716113456000,0.63226948189092300,0.63067656294170700,0.62898041115449500,0.62732256983056400,0.62571830089565300,0.62605486702811700,0.62593130830315700,0.62573447520449100,0.62557626369369500,0.62549556900725300,0.62805572780428100,0.63033312956755100,0.63253075103746500,0.63475117332532700,0.63705751956686600,0.63902723070167500,0.64088738269212300,0.64266703159205200,0.64443653122140900,0.64626149405910100
1,67,0.72070239414631800,0.71584360330207300,0.71247552652967100,0.70926544401278700,0.70636595390345700,0.70394026544200800,0.69861035704370700,0.69234052877726600,0.68616991220097400,0.68021183775585100,0.67482145910185700,0.67003695242552900,0.66426275702159000,0.65851467904443300,0.65282303207285200,0.64764124165633300,0.64584570781676300,0.64326926481765000,0.64067847313248600,0.63803051940107800,0.63571697298214200,0.63570350444740900,0.63517428877878900,0.63459152308974000,0.63393196151444100,0.63339800647150900,0.63300311437588300,0.63216319667055300,0.63120760416437600,0.63022893438832400,0.62928021382819800,0.62819843530731200,0.62661466961342100,0.62492833642238400,0.62328006747140600,0.62168502611117800,0.62155755489545800,0.62097301440417800,0.62031592378058400,0.61969728971998400,0.61915552772809500,0.62148135003034300,0.62352729775558100,0.62549436892126300,0.62748404772471700,0.62955869149805900,0.63171267903773400,0.63375841933547700,0.63572454827419800,0.63768060485670300,0.63969152512520200
1,68,0.71204112810981700,0.70783470746504100,0.70522808561717000,0.70277697625849100,0.70063321580795700,0.69895981969512800,0.69422175583783500,0.68854975617161400,0.68297582337926800,0.67761308567304800,0.67281616872017700,0.66784132002221900,0.66187994581440800,0.65594481485729300,0.65006609325050200,0.64469509413854100,0.64242659080537300,0.63938105839543400,0.63632160618460900,0.63320578101284600,0.63042202634492100,0.63027633729275000,0.62961922317041300,0.62890906495723700,0.62812286345100200,0.62746117230347500,0.62726601565069900,0.62662999989124000,0.62587928105992900,0.62510559559114600,0.62436153352389700,0.62336265386741200,0.62186569162075500,0.62026690767509600,0.61870586455096800,0.61719762962344500,0.61671771264145400,0.61578409418780300,0.61477864202171400,0.61381143304266000,0.61292043025111500,0.61487703996877200,0.61655662078964000,0.61815827713395200,0.61978237638902100,0.62149043887136000,0.62377763252558400,0.62595798347318900,0.62805970002980900,0.63015144033039500,0.63229738254244000
1,69,0.69979535678982700,0.69822176049304000,0.69632215896538900,0.69457529528451200,0.69313182122324300,0.69215405290839200,0.68819185432492000,0.68330393666076100,0.67851254776776400,0.67393050392611100,0.66991159150381500,0.66490114385226300,0.65890849158286700,0.65294202603245500,0.64703176705676900,0.64162686601022600,0.63885542442065700,0.63531100168044100,0.63175311363346100,0.62813968581135700,0.62485587727482000,0.62447251627138400,0.62358229328804000,0.62263960272835300,0.62162174424391600,0.62072720652615800,0.62072231933299000,0.62028129984083500,0.61972670029962800,0.61914927916655500,0.61860112022165700,0.61776213757122400,0.61642962896370700,0.61499612491263000,0.61359996106925200,0.61225611143245200,0.61153534026610500,0.61036454765403200,0.60912262992787800,0.60791869366172400,0.60679027657631400,0.60824279761956700,0.60942109866972800,0.61052247567553200,0.61164615931823800,0.61285276168676900,0.61522209116522500,0.61748607510525900,0.61967248685888700,0.62184903764248500,0.62407906631081500
1,70,0.68580036083920000,0.68700476238606900,0.68575774657432600,0.68466040109085000,0.68386177014931500,0.68352296508180000,0.68052065250496400,0.67660307024470600,0.67278008536646300,0.66916409251504000,0.66610772745277200,0.66121642391566000,0.65534839432696600,0.64950631256992100,0.64372005349165000,0.63843655727139000,0.63513220866261700,0.63105909467267000,0.62697299547904200,0.62283223379661200,0.61901852577184000,0.61829204138330900,0.61706349913167100,0.61578313640308800,0.61442860389318200,0.61319610913955900,0.61337202542275600,0.61311709651934000,0.61274986188347300,0.61235998511455200,0.61199897392147700,0.61139688641874900,0.61030648164227800,0.60911598813498600,0.60796235702625800,0.60686047153819900,0.60601043776941200,0.60471437480286500,0.60334788749907900,0.60201907157717500,0.60076506670369200,0.60157862298272800,0.60212073139584600,0.60258696454600300,0.60307539651236800,0.60364565994428500,0.60604605495665700,0.60834269423168700,0.61056290876143100,0.61277339679297300,0.61503657643032600
